time,B2C_reference,B2C_state,C2F_reference,C2F_state,F2T_reference,F2T_state,T2E_reference,T2E_state,wristH_reference,wristH_state,wristV_reference,wristV_state,driving_reference,driving_state,
14130.8,0,-0.158,0,0.0720971,0,1.85035,0,-0.538794,0,0.420311,0,0.081301,0,-1.29621,
14150.7,0,-0.158,0,0.0720971,0,1.85035,0,-0.538794,0,0.420311,0,0.081301,0,-1.29621,
14170.8,0,-0.158,0,0.0720971,0,1.85035,0,-0.538794,0,0.420311,0,0.081301,0,-1.29621,
14190.8,0,-0.158,0,0.0720971,0,1.85035,0,-0.538794,0,0.420311,0,0.081301,0,-1.29621,
14210.8,0,-0.158,0,0.0720971,0,1.84881,0,-0.538794,0,0.420311,0,0.081301,0,-1.29621,
14230.8,0,-0.158,0,0.0720971,0,1.84881,0,-0.538794,0,0.420311,0,0.081301,0,-1.29621,
14250.8,0,-0.158,0,0.0720971,0,1.84881,0,-0.538794,0,0.420311,0,0.081301,0,-1.29621,
14270.8,0,-0.158,0,0.0720971,0,1.84881,0,-0.538794,0,0.420311,0,0.081301,0,-1.29621,
14290.8,0,-0.158,0,0.0720971,0,1.84881,0,-0.538794,0,0.420311,0,0.081301,0,-1.29621,
14310.8,0,-0.158,0,0.0720971,0,1.84881,0,-0.538794,0,0.420311,0,0.081301,0,-1.29621,
14330.7,0,-0.159534,0,0.0720971,0,1.84881,0,-0.538794,0,0.420311,0,0.081301,0,-1.29621,
14350.8,0,-0.159534,0,0.0720971,0,1.84881,0,-0.538794,0,0.420311,0,0.081301,0,-1.29621,
14370.8,0,-0.159534,0,0.0720971,0,1.84881,0,-0.538794,0,0.420311,0,0.081301,0,-1.29621,
14390.8,0,-0.159534,0,0.0720971,0,1.84881,0,-0.538794,0,0.420311,0,0.081301,0,-1.29621,
14410.8,0,-0.159534,0,0.0720971,0,1.84881,0,-0.538794,0,0.420311,0,0.081301,0,-1.29621,
14430.8,0,-0.159534,0,0.0720971,0,1.84881,0,-0.538794,0,0.418777,0,0.081301,0,-1.29621,
14450.8,0,-0.159534,0,0.0720971,0,1.84881,0,-0.538794,0,0.418777,0,0.081301,0,-1.29621,
14470.8,0,-0.159534,0,0.0720971,0,1.84881,0,-0.538794,0,0.418777,0,0.081301,0,-1.29621,
14490.8,0,-0.159534,0,0.0720971,0,1.84881,0,-0.538794,0,0.418777,0,0.081301,0,-1.29621,
14510.8,0,-0.159534,0,0.0720971,0,1.85035,0,-0.538794,0,0.420311,0,0.081301,0,-1.29621,
14530.8,0,-0.159534,0,0.0720971,0,1.85035,0,-0.538794,0,0.420311,0,0.081301,0,-1.29621,
14550.8,0,-0.159534,0,0.0720971,0,1.85035,0,-0.538794,0,0.420311,0,0.081301,0,-1.29621,
14570.8,0,-0.159534,0,0.0720971,0,1.85035,0,-0.538794,0,0.420311,0,0.081301,0,-1.29621,
14590.7,0,-0.159534,0,0.0720971,0,1.85035,0,-0.538794,0,0.420311,0,0.081301,0,-1.29621,
14610.7,0,-0.159534,0,0.0720971,0,1.85035,0,-0.538794,0,0.420311,0,0.081301,0,-1.29621,
14630.7,0,-0.159534,0,0.0720971,0,1.85035,0,-0.538794,0,0.420311,0,0.081301,0,-1.29621,
14650.8,0,-0.159534,0,0.0720971,0,1.85035,0,-0.538794,0,0.420311,0,0.081301,0,-1.29621,
14670.8,0,-0.159534,0,0.0720971,0,1.85035,0,-0.538794,0,0.420311,0,0.081301,0,-1.29621,
14690.8,0,-0.159534,0,0.0720971,0,1.85035,0,-0.538794,0,0.420311,0,0.081301,0,-1.29621,
14710.8,0,-0.159534,0,0.0705631,0,1.84881,0,-0.53726,0,0.420311,0,0.081301,0,-1.29621,
14730.8,0,-0.159534,0,0.0705631,0,1.84881,0,-0.53726,0,0.420311,0,0.081301,0,-1.29621,
14750.7,0,-0.159534,0,0.0705631,0,1.84881,0,-0.53726,0,0.420311,0,0.081301,0,-1.29621,
14770.7,0,-0.159534,0,0.0705631,0,1.84881,0,-0.53726,0,0.420311,0,0.081301,0,-1.29621,
14790.7,0,-0.159534,0,0.0705631,0,1.84881,0,-0.53726,0,0.420311,0,0.081301,0,-1.29621,
14810.7,0,-0.159534,0,0.0705631,0,1.84881,0,-0.53726,0,0.420311,0,0.081301,0,-1.29621,
14830.8,0,-0.156466,0,0.0705631,0,1.85035,0,-0.535726,0,0.418777,0,0.081301,0,-1.29621,
14850.8,0,-0.156466,0,0.0705631,0,1.85035,0,-0.535726,0,0.418777,0,0.081301,0,-1.29621,
14870.8,0,-0.156466,0,0.0705631,0,1.85035,0,-0.535726,0,0.418777,0,0.081301,0,-1.29621,
14890.8,0,-0.156466,0,0.0705631,0,1.85035,0,-0.535726,0,0.418777,0,0.081301,0,-1.29621,
14910.8,0,-0.156466,0,0.0705631,0,1.85188,0,-0.538794,0,0.418777,0,0.081301,0,-1.29621,
14930.8,0,-0.156466,0,0.0705631,0,1.85188,0,-0.538794,0,0.418777,0,0.081301,0,-1.29621,
14950.7,0,-0.156466,0,0.0705631,0,1.85188,0,-0.538794,0,0.418777,0,0.081301,0,-1.29621,
14970.9,0,-0.156466,0,0.0705631,0,1.85188,0,-0.538794,0,0.418777,0,0.081301,0,-1.29621,
14990.8,0,-0.156466,0,0.0705631,0,1.85188,0,-0.538794,0,0.418777,0,0.081301,0,-1.29621,
15010.8,0,-0.158,0,0.0705631,0,1.85188,0,-0.541862,0,0.418777,0,0.081301,0,-1.29621,
15030.8,0,-0.158,0,0.0705631,0,1.85188,0,-0.541862,0,0.418777,0,0.081301,0,-1.29621,
15050.8,0,-0.158,0,0.0705631,0,1.85188,0,-0.541862,0,0.418777,0,0.081301,0,-1.29621,
15070.8,0,-0.158,0,0.0705631,0,1.85188,0,-0.541862,0,0.418777,0,0.081301,0,-1.29621,
15090.7,0,-0.158,0,0.0705631,0,1.85188,0,-0.541862,0,0.418777,0,0.081301,0,-1.29621,
15110.7,0,-0.158,0,0.0705631,0,1.85188,0,-0.540328,0,0.418777,0,0.081301,0,-1.29621,
15130.6,0,-0.158,0,0.0705631,0,1.85188,0,-0.540328,0,0.418777,0,0.081301,0,-1.29621,
15150.7,0,-0.158,0,0.0705631,0,1.85188,0,-0.540328,0,0.418777,0,0.081301,0,-1.29621,
15170.8,0,-0.158,0,0.0705631,0,1.85188,0,-0.540328,0,0.418777,0,0.081301,0,-1.29621,
15190.7,0,-0.158,0,0.0705631,0,1.85188,0,-0.540328,0,0.418777,0,0.081301,0,-1.29621,
15211.2,0,-0.158,0,0.0705631,0,1.85188,0,-0.540328,0,0.418777,0,0.081301,0,-1.29621,
15230.7,0,-0.158,0,0.0705631,0,1.85188,0,-0.538794,0,0.418777,0,0.081301,0,-1.29621,
15250.7,0,-0.158,0,0.0705631,0,1.85188,0,-0.538794,0,0.418777,0,0.081301,0,-1.29621,
15270.7,0,-0.158,0,0.0705631,0,1.85188,0,-0.538794,0,0.418777,0,0.081301,0,-1.29621,
15290.6,0,-0.158,0,0.0705631,0,1.85188,0,-0.538794,0,0.418777,0,0.081301,0,-1.29621,
15310.6,0,-0.158,0,0.0705631,0,1.85188,0,-0.538794,0,0.418777,0,0.081301,0,-1.29621,
15330.7,0,-0.158,0,0.0705631,0,1.85188,0,-0.538794,0,0.418777,0,0.081301,0,-1.29621,
15350.6,0,-0.158,0,0.0705631,0,1.85188,0,-0.538794,0,0.418777,0,0.081301,0,-1.29621,
15370.7,0,-0.158,0,0.0705631,0,1.85188,0,-0.538794,0,0.418777,0,0.081301,0,-1.29621,
15390.6,0,-0.158,0,0.0705631,0,1.85188,0,-0.538794,0,0.418777,0,0.081301,0,-1.29621,
15410.7,0,-0.158,0,0.0705631,0,1.85188,0,-0.538794,0,0.418777,0,0.081301,0,-1.29621,
15430.6,0,-0.158,0,0.0705631,0,1.85188,0,-0.538794,0,0.418777,0,0.081301,0,-1.29621,
15450.7,0,-0.158,0,0.0705631,0,1.85188,0,-0.538794,0,0.418777,0,0.081301,0,-1.29621,
15470.7,0,-0.158,0,0.0705631,0,1.85188,0,-0.538794,0,0.418777,0,0.081301,0,-1.29621,
15490.7,0,-0.158,0,0.0705631,0,1.85188,0,-0.538794,0,0.418777,0,0.081301,0,-1.29621,
15510.7,0,-0.158,0,0.0705631,0,1.85188,0,-0.538794,0,0.418777,0,0.081301,0,-1.29621,
15530.7,0,-0.158,0,0.0705631,0,1.85188,0,-0.538794,0,0.418777,0,0.081301,0,-1.29621,
15550.8,0,-0.158,0,0.0705631,0,1.85188,0,-0.538794,0,0.418777,0,0.081301,0,-1.29621,
15570.8,0,-0.159534,0,0.0705631,0,1.85035,0,-0.538794,0,0.418777,0,0.081301,0,-1.29621,
15590.8,0,-0.159534,0,0.0705631,0,1.85035,0,-0.538794,0,0.418777,0,0.081301,0,-1.29621,
15610.7,0,-0.159534,0,0.0705631,0,1.85035,0,-0.538794,0,0.418777,0,0.081301,0,-1.29621,
15630.7,0,-0.158,0,0.0705631,0,1.85188,0,-0.538794,0,0.418777,0,0.081301,0,-1.29621,
15650.7,0,-0.158,0,0.0705631,0,1.85188,0,-0.538794,0,0.418777,0,0.081301,0,-1.29621,
15670.7,0,-0.158,0,0.0705631,0,1.85188,0,-0.538794,0,0.418777,0,0.081301,0,-1.29621,
15690.7,0,-0.158,0,0.0705631,0,1.85188,0,-0.538794,0,0.418777,0,0.081301,0,-1.29621,
15710.8,0,-0.158,0,0.0705631,0,1.85188,0,-0.540328,0,0.418777,0,0.081301,0,-1.29621,
15730.8,0,-0.158,0,0.0705631,0,1.85188,0,-0.540328,0,0.418777,0,0.081301,0,-1.29621,
15750.8,0,-0.158,0,0.0705631,0,1.85188,0,-0.540328,0,0.418777,0,0.081301,0,-1.29621,
15770.7,0,-0.158,0,0.0705631,0,1.85188,0,-0.540328,0,0.418777,0,0.081301,0,-1.29621,
15790.7,0,-0.158,0,0.0705631,0,1.85188,0,-0.540328,0,0.418777,0,0.081301,0,-1.29621,
15810.6,0,-0.159534,0,0.0705631,0,1.85188,0,-0.540328,0,0.418777,0,0.081301,0,-1.29621,
15830.7,0,-0.159534,0,0.0705631,0,1.85188,0,-0.540328,0,0.418777,0,0.081301,0,-1.29621,
15850.7,0,-0.159534,0,0.0705631,0,1.85188,0,-0.540328,0,0.418777,0,0.081301,0,-1.29621,
15870.7,0,-0.159534,0,0.0705631,0,1.85188,0,-0.540328,0,0.418777,0,0.081301,0,-1.29621,
15890.7,0,-0.159534,0,0.0705631,0,1.85188,0,-0.540328,0,0.418777,0,0.081301,0,-1.29621,
15910.8,0,-0.158,0,0.0705631,0,1.85188,0,-0.540328,0,0.418777,0,0.081301,0,-1.29621,
15930.7,0,-0.158,0,0.0705631,0,1.85188,0,-0.540328,0,0.418777,0,0.081301,0,-1.29621,
15950.6,0,-0.158,0,0.0705631,0,1.85188,0,-0.540328,0,0.418777,0,0.081301,0,-1.29621,
15970.7,0,-0.158,0,0.0705631,0,1.85188,0,-0.540328,0,0.418777,0,0.081301,0,-1.29621,
15990.7,0,-0.158,0,0.0705631,0,1.85188,0,-0.540328,0,0.418777,0,0.081301,0,-1.29621,
16010.6,0,-0.158,0,0.0705631,0,1.85188,0,-0.540328,0,0.418777,0,0.081301,0,-1.29621,
16030.7,0,-0.159534,0,0.0705631,0,1.85188,0,-0.538794,0,0.418777,0,0.081301,0,-1.29621,
16050.7,0,-0.159534,0,0.0705631,0,1.85188,0,-0.538794,0,0.418777,0,0.081301,0,-1.29621,
16070.7,0,-0.159534,0,0.0705631,0,1.85188,0,-0.538794,0,0.418777,0,0.081301,0,-1.29621,
16090.7,0,-0.159534,0,0.0705631,0,1.85188,0,-0.538794,0,0.418777,0,0.081301,0,-1.29621,
16110.6,0,-0.158,0,0.0705631,0,1.85188,0,-0.540328,0,0.418777,0,0.081301,0,-1.29621,
16130.6,0,-0.158,0,0.0705631,0,1.85188,0,-0.540328,0,0.418777,0,0.081301,0,-1.29621,
16150.7,0,-0.158,0,0.0705631,0,1.85188,0,-0.540328,0,0.418777,0,0.081301,0,-1.29621,
16170.7,0,-0.158,0,0.0705631,0,1.85188,0,-0.540328,0,0.418777,0,0.081301,0,-1.29621,
16190.6,0,-0.158,0,0.0705631,0,1.85188,0,-0.540328,0,0.418777,0,0.081301,0,-1.29621,
16210.7,0,-0.158,0,0.0705631,0,1.85188,0,-0.540328,0,0.418777,0,0.081301,0,-1.29621,
16230.7,0,-0.158,0,0.0720971,0,1.85188,0,-0.540328,0,0.418777,0,0.081301,0,-1.29621,
16250.7,0,-0.158,0,0.0720971,0,1.85188,0,-0.540328,0,0.418777,0,0.081301,0,-1.29621,
16270.7,0,-0.158,0,0.0720971,0,1.85188,0,-0.540328,0,0.418777,0,0.081301,0,-1.29621,
16290.6,0,-0.158,0,0.0720971,0,1.85188,0,-0.540328,0,0.418777,0,0.081301,0,-1.29621,
16310.7,0,-0.158,0,0.0720971,0,1.85188,0,-0.540328,0,0.418777,0,0.081301,0,-1.29621,
16330.7,0,-0.158,0,0.0720971,0,1.85188,0,-0.538794,0,0.418777,0,0.079767,0,-1.29621,
16350.6,0,-0.158,0,0.0720971,0,1.85188,0,-0.538794,0,0.418777,0,0.079767,0,-1.29621,
16370.7,0,-0.158,0,0.0720971,0,1.85188,0,-0.538794,0,0.418777,0,0.079767,0,-1.29621,
16390.7,0,-0.158,0,0.0720971,0,1.85188,0,-0.538794,0,0.418777,0,0.079767,0,-1.29621,
16410.7,0,-0.158,0,0.0720971,0,1.85188,0,-0.538794,0,0.418777,0,0.079767,0,-1.29621,
16430.7,0,-0.158,0,0.0705631,0,1.85188,0,-0.540328,0,0.418777,0,0.081301,0,-1.29621,
16450.7,0,-0.158,0,0.0705631,0,1.85188,0,-0.540328,0,0.418777,0,0.081301,0,-1.29621,
16470.7,0,-0.158,0,0.0705631,0,1.85188,0,-0.540328,0,0.418777,0,0.081301,0,-1.29621,
16490.7,0,-0.158,0,0.0705631,0,1.85188,0,-0.540328,0,0.418777,0,0.081301,0,-1.29621,
16510.6,0,-0.158,0,0.0720971,0,1.85188,0,-0.540328,0,0.418777,0,0.081301,0,-1.29621,
16530.7,0,-0.158,0,0.0720971,0,1.85188,0,-0.540328,0,0.418777,0,0.081301,0,-1.29621,
16550.6,0,-0.158,0,0.0720971,0,1.85188,0,-0.540328,0,0.418777,0,0.081301,0,-1.29621,
16570.6,0,-0.158,0,0.0720971,0,1.85188,0,-0.540328,0,0.418777,0,0.081301,0,-1.29621,
16590.6,0,-0.158,0,0.0720971,0,1.85188,0,-0.540328,0,0.418777,0,0.081301,0,-1.29621,
16611.9,0,-0.158,0,0.0720971,0,1.85188,0,-0.538794,0,0.418777,0,0.079767,0,-1.29621,
16630.6,0,-0.158,0,0.0720971,0,1.85188,0,-0.538794,0,0.418777,0,0.079767,0,-1.29621,
16650.9,0,-0.158,0,0.0720971,0,1.85188,0,-0.538794,0,0.418777,0,0.079767,0,-1.29621,
16670.6,0,-0.158,0,0.0720971,0,1.85188,0,-0.538794,0,0.418777,0,0.079767,0,-1.29621,
16690.7,0,-0.158,0,0.0720971,0,1.85188,0,-0.538794,0,0.418777,0,0.079767,0,-1.29621,
16710.7,0,-0.158,0,0.0720971,0,1.85188,0,-0.540328,0,0.418777,0,0.081301,0,-1.29621,
16730.7,0,-0.158,0,0.0720971,0,1.85188,0,-0.540328,0,0.418777,0,0.081301,0,-1.29621,
16750.7,0,-0.158,0,0.0720971,0,1.85188,0,-0.540328,0,0.418777,0,0.081301,0,-1.29621,
16770.7,0,-0.158,0,0.0720971,0,1.85188,0,-0.540328,0,0.418777,0,0.081301,0,-1.29621,
16790.7,0,-0.158,0,0.0720971,0,1.85188,0,-0.540328,0,0.418777,0,0.081301,0,-1.29621,
16810.6,0,-0.158,0,0.0720971,0,1.85188,0,-0.540328,0,0.418777,0,0.081301,0,-1.29621,
16830.7,0,-0.159534,0,0.0720971,0,1.85188,0,-0.540328,0,0.418777,0,0.079767,0,-1.29621,
16850.7,0,-0.159534,0,0.0720971,0,1.85188,0,-0.540328,0,0.418777,0,0.079767,0,-1.29621,
16870.7,0,-0.159534,0,0.0720971,0,1.85188,0,-0.540328,0,0.418777,0,0.079767,0,-1.29621,
16890.8,0,-0.159534,0,0.0720971,0,1.85188,0,-0.540328,0,0.418777,0,0.079767,0,-1.29621,
16910.8,0,-0.159534,0,0.0720971,0,1.85188,0,-0.540328,0,0.418777,0,0.079767,0,-1.29621,
16930.8,0,-0.158,0,0.0720971,0,1.85035,0,-0.538794,0,0.418777,0,0.079767,0,-1.29621,
16950.7,0,-0.158,0,0.0720971,0,1.85035,0,-0.538794,0,0.418777,0,0.079767,0,-1.29621,
16970.6,0,-0.158,0,0.0720971,0,1.85035,0,-0.538794,0,0.418777,0,0.079767,0,-1.29621,
16990.7,0,-0.158,0,0.0720971,0,1.85035,0,-0.538794,0,0.418777,0,0.079767,0,-1.29621,
17010.7,0,-0.159534,0,0.0720971,0,1.85188,0,-0.540328,0,0.418777,0,0.079767,0,-1.29621,
17030.7,0,-0.159534,0,0.0720971,0,1.85188,0,-0.540328,0,0.418777,0,0.079767,0,-1.29621,
17050.7,0,-0.159534,0,0.0720971,0,1.85188,0,-0.540328,0,0.418777,0,0.079767,0,-1.29621,
17070.8,0,-0.159534,0,0.0720971,0,1.85188,0,-0.540328,0,0.418777,0,0.079767,0,-1.29621,
17090.8,0,-0.159534,0,0.0720971,0,1.85188,0,-0.540328,0,0.418777,0,0.079767,0,-1.29621,
17110.7,0,-0.158,0,0.0720971,0,1.85188,0,-0.540328,0,0.418777,0,0.079767,0,-1.29621,
17130.8,0,-0.158,0,0.0720971,0,1.85188,0,-0.540328,0,0.418777,0,0.079767,0,-1.29621,
17150.8,0,-0.158,0,0.0720971,0,1.85188,0,-0.540328,0,0.418777,0,0.079767,0,-1.29621,
17170.8,0,-0.158,0,0.0720971,0,1.85188,0,-0.540328,0,0.418777,0,0.079767,0,-1.29621,
17190.7,0,-0.158,0,0.0720971,0,1.85188,0,-0.540328,0,0.418777,0,0.079767,0,-1.29621,
17210.7,0,-0.158,0,0.0720971,0,1.85188,0,-0.540328,0,0.418777,0,0.079767,0,-1.29621,
17230.7,0,-0.159534,0,0.0720971,0,1.85188,0,-0.540328,0,0.418777,0,0.079767,0,-1.29621,
17250.7,0,-0.159534,0,0.0720971,0,1.85188,0,-0.540328,0,0.418777,0,0.079767,0,-1.29621,
17270.7,0,-0.159534,0,0.0720971,0,1.85188,0,-0.540328,0,0.418777,0,0.079767,0,-1.29621,
17290.7,0,-0.159534,0,0.0720971,0,1.85188,0,-0.540328,0,0.418777,0,0.079767,0,-1.29621,
17310.6,0,-0.159534,0,0.0720971,0,1.85188,0,-0.540328,0,0.418777,0,0.079767,0,-1.29621,
17330.7,0,-0.159534,0,0.0720971,0,1.85188,0,-0.540328,0,0.418777,0,0.079767,0,-1.29621,
17350.8,0,-0.159534,0,0.0720971,0,1.85188,0,-0.540328,0,0.418777,0,0.079767,0,-1.29621,
17370.7,0,-0.159534,0,0.0720971,0,1.85188,0,-0.540328,0,0.418777,0,0.079767,0,-1.29621,
17390.8,0,-0.159534,0,0.0720971,0,1.85188,0,-0.540328,0,0.418777,0,0.079767,0,-1.29621,
17410.6,0,-0.158,0,0.0720971,0,1.85035,0,-0.540328,0,0.418777,0,0.079767,0,-1.29468,
17430.7,0,-0.158,0,0.0720971,0,1.85035,0,-0.540328,0,0.418777,0,0.079767,0,-1.29468,
17450.6,0,-0.158,0,0.0720971,0,1.85035,0,-0.540328,0,0.418777,0,0.079767,0,-1.29468,
17470.8,0,-0.158,0,0.0720971,0,1.85035,0,-0.540328,0,0.418777,0,0.079767,0,-1.29468,
17490.7,0,-0.158,0,0.0720971,0,1.85035,0,-0.540328,0,0.418777,0,0.079767,0,-1.29468,
17510.7,0,-0.158,0,0.0720971,0,1.85188,0,-0.538794,0,0.418777,0,0.079767,0,-1.29621,
17530.8,0,-0.158,0,0.0720971,0,1.85188,0,-0.538794,0,0.418777,0,0.079767,0,-1.29621,
17550.7,0,-0.158,0,0.0720971,0,1.85188,0,-0.538794,0,0.418777,0,0.079767,0,-1.29621,
17570.8,0,-0.158,0,0.0720971,0,1.85188,0,-0.538794,0,0.418777,0,0.079767,0,-1.29621,
17590.7,0,-0.158,0,0.0720971,0,1.85188,0,-0.538794,0,0.418777,0,0.079767,0,-1.29621,
17610.8,0,-0.158,0,0.0720971,0,1.85188,0,-0.538794,0,0.418777,0,0.079767,0,-1.29621,
17630.7,0,-0.159534,0,0.0720971,0,1.85188,0,-0.540328,0,0.418777,0,0.079767,0,-1.29621,
17650.8,0,-0.159534,0,0.0720971,0,1.85188,0,-0.540328,0,0.418777,0,0.079767,0,-1.29621,
17670.8,0,-0.159534,0,0.0720971,0,1.85188,0,-0.540328,0,0.418777,0,0.079767,0,-1.29621,
17690.7,0,-0.159534,0,0.0720971,0,1.85188,0,-0.540328,0,0.418777,0,0.079767,0,-1.29621,
17710.7,0,-0.159534,0,0.0720971,0,1.85035,0,-0.540328,0,0.418777,0,0.079767,0,-1.29621,
17730.7,0,-0.159534,0,0.0720971,0,1.85035,0,-0.540328,0,0.418777,0,0.079767,0,-1.29621,
17750.8,0,-0.159534,0,0.0720971,0,1.85035,0,-0.540328,0,0.418777,0,0.079767,0,-1.29621,
17770.8,0,-0.159534,0,0.0720971,0,1.85035,0,-0.540328,0,0.418777,0,0.079767,0,-1.29621,
17790.7,0,-0.159534,0,0.0720971,0,1.85035,0,-0.540328,0,0.418777,0,0.079767,0,-1.29621,
17810.7,0,-0.158,0,0.0720971,0,1.85035,0,-0.540328,0,0.418777,0,0.079767,0,-1.29621,
17830.8,0,-0.158,0,0.0720971,0,1.85035,0,-0.540328,0,0.418777,0,0.079767,0,-1.29621,
17850.7,0,-0.158,0,0.0720971,0,1.85035,0,-0.540328,0,0.418777,0,0.079767,0,-1.29621,
17870.7,0,-0.158,0,0.0720971,0,1.85035,0,-0.540328,0,0.418777,0,0.079767,0,-1.29621,
17890.7,0,-0.158,0,0.0720971,0,1.85035,0,-0.540328,0,0.418777,0,0.079767,0,-1.29621,
17910.6,0,-0.158,0,0.0720971,0,1.85188,0,-0.540328,0,0.418777,0,0.079767,0,-1.29621,
17930.8,0,-0.158,0,0.0720971,0,1.85188,0,-0.540328,0,0.418777,0,0.079767,0,-1.29621,
17950.7,0,-0.158,0,0.0720971,0,1.85188,0,-0.540328,0,0.418777,0,0.079767,0,-1.29621,
17970.7,0,-0.158,0,0.0720971,0,1.85188,0,-0.540328,0,0.418777,0,0.079767,0,-1.29621,
17990.7,0,-0.158,0,0.0720971,0,1.85188,0,-0.540328,0,0.418777,0,0.079767,0,-1.29621,
18010.7,0,-0.158,0,0.0720971,0,1.85188,0,-0.540328,0,0.418777,0,0.079767,0,-1.29621,
18030.7,0,-0.159534,0,0.0720971,0,1.85188,0,-0.540328,0,0.418777,0,0.079767,0,-1.29621,
18050.7,0,-0.159534,0,0.0720971,0,1.85188,0,-0.540328,0,0.418777,0,0.079767,0,-1.29621,
18070.7,0,-0.159534,0,0.0720971,0,1.85188,0,-0.540328,0,0.418777,0,0.079767,0,-1.29621,
18090.8,0,-0.159534,0,0.0720971,0,1.85188,0,-0.540328,0,0.418777,0,0.079767,0,-1.29621,
18110.7,0,-0.159534,0,0.0720971,0,1.85188,0,-0.538794,0,0.418777,0,0.079767,0,-1.29621,
18130.7,0,-0.159534,0,0.0720971,0,1.85188,0,-0.538794,0,0.418777,0,0.079767,0,-1.29621,
18150.7,0,-0.159534,0,0.0720971,0,1.85188,0,-0.538794,0,0.418777,0,0.079767,0,-1.29621,
18170.7,0,-0.159534,0,0.0720971,0,1.85188,0,-0.538794,0,0.418777,0,0.079767,0,-1.29621,
18190.8,0,-0.159534,0,0.0720971,0,1.85188,0,-0.538794,0,0.418777,0,0.079767,0,-1.29621,
18210.7,0,-0.159534,0,0.0720971,0,1.85035,0,-0.538794,0,0.418777,0,0.079767,0,-1.29621,
18230.7,0,-0.159534,0,0.0720971,0,1.85035,0,-0.538794,0,0.418777,0,0.079767,0,-1.29621,
18250.7,0,-0.159534,0,0.0720971,0,1.85035,0,-0.538794,0,0.418777,0,0.079767,0,-1.29621,
18270.7,0,-0.159534,0,0.0720971,0,1.85035,0,-0.538794,0,0.418777,0,0.079767,0,-1.29621,
18290.7,0,-0.159534,0,0.0720971,0,1.85035,0,-0.538794,0,0.418777,0,0.079767,0,-1.29621,
18310.6,0,-0.158,0,0.0720971,0,1.85035,0,-0.540328,0,0.418777,0,0.079767,0,-1.29621,
18330.7,0,-0.158,0,0.0720971,0,1.85035,0,-0.540328,0,0.418777,0,0.079767,0,-1.29621,
18350.7,0,-0.158,0,0.0720971,0,1.85035,0,-0.540328,0,0.418777,0,0.079767,0,-1.29621,
18370.7,0,-0.158,0,0.0720971,0,1.85035,0,-0.540328,0,0.418777,0,0.079767,0,-1.29621,
18390.7,0,-0.158,0,0.0720971,0,1.85035,0,-0.540328,0,0.418777,0,0.079767,0,-1.29621,
18410.6,0,-0.158,0,0.0720971,0,1.85035,0,-0.540328,0,0.418777,0,0.079767,0,-1.29621,
18430.8,0,-0.159534,0,0.0720971,0,1.85188,0,-0.540328,0,0.418777,0,0.079767,0,-1.29621,
18450.8,0,-0.159534,0,0.0720971,0,1.85188,0,-0.540328,0,0.418777,0,0.079767,0,-1.29621,
18470.7,0,-0.159534,0,0.0720971,0,1.85188,0,-0.540328,0,0.418777,0,0.079767,0,-1.29621,
18490.7,0,-0.159534,0,0.0720971,0,1.85188,0,-0.540328,0,0.418777,0,0.079767,0,-1.29621,
18510.8,0,-0.159534,0,0.0720971,0,1.85188,0,-0.538794,0,0.418777,0,0.079767,0,-1.29621,
18530.8,0,-0.159534,0,0.0720971,0,1.85188,0,-0.538794,0,0.418777,0,0.079767,0,-1.29621,
18550.8,0,-0.159534,0,0.0720971,0,1.85188,0,-0.538794,0,0.418777,0,0.079767,0,-1.29621,
18570.7,0,-0.159534,0,0.0720971,0,1.85188,0,-0.538794,0,0.418777,0,0.079767,0,-1.29621,
18590.8,0,-0.159534,0,0.0720971,0,1.85188,0,-0.538794,0,0.418777,0,0.079767,0,-1.29621,
18610.7,0,-0.159534,0,0.0720971,0,1.85188,0,-0.540328,0,0.418777,0,0.079767,0,-1.29621,
18630.8,0,-0.159534,0,0.0720971,0,1.85188,0,-0.540328,0,0.418777,0,0.079767,0,-1.29621,
18650.8,0,-0.159534,0,0.0720971,0,1.85188,0,-0.540328,0,0.418777,0,0.079767,0,-1.29621,
18670.8,0,-0.159534,0,0.0720971,0,1.85188,0,-0.540328,0,0.418777,0,0.079767,0,-1.29621,
18690.8,0,-0.159534,0,0.0720971,0,1.85188,0,-0.540328,0,0.418777,0,0.079767,0,-1.29621,
18710.8,0,-0.159534,0,0.0720971,0,1.85188,0,-0.540328,0,0.418777,0,0.079767,0,-1.29621,
18730.8,0,-0.159534,0,0.0720971,0,1.85035,0,-0.540328,0,0.418777,0,0.079767,0,-1.29621,
18750.8,0,-0.159534,0,0.0720971,0,1.85035,0,-0.540328,0,0.418777,0,0.079767,0,-1.29621,
18770.8,0,-0.159534,0,0.0720971,0,1.85035,0,-0.540328,0,0.418777,0,0.079767,0,-1.29621,
18790.8,0,-0.159534,0,0.0720971,0,1.85035,0,-0.540328,0,0.418777,0,0.079767,0,-1.29621,
18810.9,0,-0.159534,0,0.0720971,0,1.85035,0,-0.540328,0,0.418777,0,0.079767,0,-1.29621,
18830.8,0,-0.158,0,0.0720971,0,1.85035,0,-0.538794,0,0.418777,0,0.079767,0,-1.29621,
18850.8,0,-0.158,0,0.0720971,0,1.85035,0,-0.538794,0,0.418777,0,0.079767,0,-1.29621,
18870.8,0,-0.158,0,0.0720971,0,1.85035,0,-0.538794,0,0.418777,0,0.079767,0,-1.29621,
18890.8,0,-0.158,0,0.0720971,0,1.85035,0,-0.538794,0,0.418777,0,0.079767,0,-1.29621,
18910.8,0,-0.159534,0,0.0720971,0,1.85035,0,-0.540328,0,0.418777,0,0.079767,0,-1.29621,
18930.8,0,-0.159534,0,0.0720971,0,1.85035,0,-0.540328,0,0.418777,0,0.079767,0,-1.29621,
18950.7,0,-0.159534,0,0.0720971,0,1.85035,0,-0.540328,0,0.418777,0,0.079767,0,-1.29621,
18970.8,0,-0.159534,0,0.0720971,0,1.85035,0,-0.540328,0,0.418777,0,0.079767,0,-1.29621,
18990.7,0,-0.159534,0,0.0720971,0,1.85035,0,-0.540328,0,0.418777,0,0.079767,0,-1.29621,
19010.8,0,-0.159534,0,0.0720971,0,1.85035,0,-0.540328,0,0.418777,0,0.079767,0,-1.29621,
19030.8,0,-0.159534,0,0.0720971,0,1.85035,0,-0.540328,0,0.418777,0,0.079767,0,-1.29621,
19050.8,0,-0.159534,0,0.0720971,0,1.85035,0,-0.540328,0,0.418777,0,0.079767,0,-1.29621,
19070.7,0,-0.159534,0,0.0720971,0,1.85035,0,-0.540328,0,0.418777,0,0.079767,0,-1.29621,
19090.8,0,-0.159534,0,0.0720971,0,1.85035,0,-0.540328,0,0.418777,0,0.079767,0,-1.29621,
19110.8,0,-0.159534,0,0.0720971,0,1.85035,0,-0.540328,0,0.418777,0,0.079767,0,-1.29621,
19130.8,0,-0.159534,0,0.0720971,0,1.85035,0,-0.540328,0,0.418777,0,0.079767,0,-1.29621,
19150.8,0,-0.159534,0,0.0720971,0,1.85035,0,-0.540328,0,0.418777,0,0.079767,0,-1.29621,
19170.8,0,-0.159534,0,0.0720971,0,1.85035,0,-0.540328,0,0.418777,0,0.079767,0,-1.29621,
19190.8,0,-0.159534,0,0.0720971,0,1.85035,0,-0.540328,0,0.418777,0,0.079767,0,-1.29621,
19210.7,0,-0.159534,0,0.0720971,0,1.85035,0,-0.540328,0,0.418777,0,0.079767,0,-1.29621,
19230.7,0,-0.159534,0,0.0720971,0,1.85035,0,-0.540328,0,0.418777,0,0.079767,0,-1.29621,
19250.7,0,-0.159534,0,0.0720971,0,1.85035,0,-0.540328,0,0.418777,0,0.079767,0,-1.29621,
19270.7,0,-0.159534,0,0.0720971,0,1.85035,0,-0.540328,0,0.418777,0,0.079767,0,-1.29621,
19290.7,0,-0.159534,0,0.0720971,0,1.85035,0,-0.540328,0,0.418777,0,0.079767,0,-1.29621,
19310.6,0,-0.158,0,0.0720971,0,1.85035,0,-0.538794,0,0.418777,0,0.079767,0,-1.29621,
19330.7,0,-0.158,0,0.0720971,0,1.85035,0,-0.538794,0,0.418777,0,0.079767,0,-1.29621,
19350.7,0,-0.158,0,0.0720971,0,1.85035,0,-0.538794,0,0.418777,0,0.079767,0,-1.29621,
19370.7,0,-0.158,0,0.0720971,0,1.85035,0,-0.538794,0,0.418777,0,0.079767,0,-1.29621,
19390.7,0,-0.158,0,0.0720971,0,1.85035,0,-0.538794,0,0.418777,0,0.079767,0,-1.29621,
19410.6,0,-0.159534,0,0.0720971,0,1.85035,0,-0.540328,0,0.418777,0,0.079767,0,-1.29621,
19430.7,0,-0.159534,0,0.0720971,0,1.85035,0,-0.540328,0,0.418777,0,0.079767,0,-1.29621,
19450.6,0,-0.159534,0,0.0720971,0,1.85035,0,-0.540328,0,0.418777,0,0.079767,0,-1.29621,
19470.7,0,-0.159534,0,0.0720971,0,1.85035,0,-0.540328,0,0.418777,0,0.079767,0,-1.29621,
19490.7,0,-0.159534,0,0.0720971,0,1.85035,0,-0.540328,0,0.418777,0,0.079767,0,-1.29621,
19510.7,0,-0.159534,0,0.0720971,0,1.85035,0,-0.538794,0,0.418777,0,0.079767,0,-1.29621,
19530.6,0,-0.159534,0,0.0720971,0,1.85035,0,-0.538794,0,0.418777,0,0.079767,0,-1.29621,
19550.7,0,-0.159534,0,0.0720971,0,1.85035,0,-0.538794,0,0.418777,0,0.079767,0,-1.29621,
19570.7,0,-0.159534,0,0.0720971,0,1.85035,0,-0.538794,0,0.418777,0,0.079767,0,-1.29621,
19590.7,0,-0.159534,0,0.0720971,0,1.85035,0,-0.538794,0,0.418777,0,0.079767,0,-1.29621,
19610.7,0,-0.159534,0,0.0720971,0,1.85035,0,-0.538794,0,0.418777,0,0.079767,0,-1.29621,
19630.7,0,-0.159534,0,0.0720971,0,1.85035,0,-0.538794,0,0.418777,0,0.079767,0,-1.29621,
19650.7,0,-0.159534,0,0.0720971,0,1.85035,0,-0.538794,0,0.418777,0,0.079767,0,-1.29621,
19670.7,0,-0.159534,0,0.0720971,0,1.85035,0,-0.538794,0,0.418777,0,0.079767,0,-1.29621,
19690.6,0,-0.159534,0,0.0720971,0,1.85035,0,-0.538794,0,0.418777,0,0.079767,0,-1.29621,
19710.7,0,-0.159534,0,0.0720971,0,1.85035,0,-0.538794,0,0.418777,0,0.079767,0,-1.29621,
19730.7,0,-0.159534,0,0.0720971,0,1.85035,0,-0.538794,0,0.418777,0,0.079767,0,-1.29621,
19750.7,0,-0.159534,0,0.0720971,0,1.85035,0,-0.538794,0,0.418777,0,0.079767,0,-1.29621,
19770.7,0,-0.159534,0,0.0720971,0,1.85035,0,-0.538794,0,0.418777,0,0.079767,0,-1.29621,
19790.7,0,-0.159534,0,0.0720971,0,1.85035,0,-0.538794,0,0.418777,0,0.079767,0,-1.29621,
19810.7,0,-0.159534,0,0.0720971,0,1.85035,0,-0.538794,0,0.418777,0,0.079767,0,-1.29621,
19830.6,0,-0.159534,0,0.0720971,0,1.85035,0,-0.538794,0,0.418777,0,0.079767,0,-1.29621,
19850.7,0,-0.159534,0,0.0720971,0,1.85035,0,-0.538794,0,0.418777,0,0.079767,0,-1.29621,
19870.7,0,-0.159534,0,0.0720971,0,1.85035,0,-0.538794,0,0.418777,0,0.079767,0,-1.29621,
19890.6,0,-0.159534,0,0.0720971,0,1.85035,0,-0.538794,0,0.418777,0,0.079767,0,-1.29621,
19910.7,0,-0.159534,0,0.0720971,0,1.85035,0,-0.538794,0,0.418777,0,0.079767,0,-1.29621,
19930.6,0,-0.159534,0,0.0720971,0,1.85035,0,-0.538794,0,0.418777,0,0.079767,0,-1.29621,
19950.7,0,-0.159534,0,0.0720971,0,1.85035,0,-0.538794,0,0.418777,0,0.079767,0,-1.29621,
19970.7,0,-0.159534,0,0.0720971,0,1.85035,0,-0.538794,0,0.418777,0,0.079767,0,-1.29621,
19990.6,0,-0.159534,0,0.0720971,0,1.85035,0,-0.538794,0,0.418777,0,0.079767,0,-1.29621,
20010.7,0,-0.159534,0,0.0720971,0,1.85035,0,-0.538794,0,0.418777,0,0.079767,0,-1.29621,
20030.7,0,-0.159534,0,0.0720971,0,1.85035,0,-0.538794,0,0.418777,0,0.079767,0,-1.29621,
20050.7,0,-0.159534,0,0.0720971,0,1.85035,0,-0.538794,0,0.418777,0,0.079767,0,-1.29621,
20070.7,0,-0.159534,0,0.0720971,0,1.85035,0,-0.538794,0,0.418777,0,0.079767,0,-1.29621,
20090.8,0,-0.159534,0,0.0720971,0,1.85035,0,-0.538794,0,0.418777,0,0.079767,0,-1.29621,
20110.7,0,-0.159534,0,0.0720971,0,1.85035,0,-0.538794,0,0.418777,0,0.079767,0,-1.29621,
20130.7,0,-0.159534,0,0.0720971,0,1.85035,0,-0.538794,0,0.418777,0,0.079767,0,-1.29621,
20150.7,0,-0.159534,0,0.0720971,0,1.85035,0,-0.538794,0,0.418777,0,0.079767,0,-1.29621,
20170.8,0,-0.159534,0,0.0720971,0,1.85035,0,-0.538794,0,0.418777,0,0.079767,0,-1.29621,
20190.8,0,-0.159534,0,0.0720971,0,1.85035,0,-0.538794,0,0.418777,0,0.079767,0,-1.29621,
20210.8,0,-0.159534,0,0.0720971,0,1.85035,0,-0.540328,0,0.418777,0,0.079767,0,-1.29621,
20230.7,0,-0.159534,0,0.0720971,0,1.85035,0,-0.540328,0,0.418777,0,0.079767,0,-1.29621,
20250.8,0,-0.159534,0,0.0720971,0,1.85035,0,-0.540328,0,0.418777,0,0.079767,0,-1.29621,
20270.7,0,-0.159534,0,0.0720971,0,1.85035,0,-0.540328,0,0.418777,0,0.079767,0,-1.29621,
20290.7,0,-0.159534,0,0.0720971,0,1.85035,0,-0.540328,0,0.418777,0,0.079767,0,-1.29621,
20310.7,0,-0.159534,0,0.0720971,0,1.85035,0,-0.538794,0,0.418777,0,0.079767,0,-1.29621,
20330.7,0,-0.159534,0,0.0720971,0,1.85035,0,-0.538794,0,0.418777,0,0.079767,0,-1.29621,
20350.7,0,-0.159534,0,0.0720971,0,1.85035,0,-0.538794,0,0.418777,0,0.079767,0,-1.29621,
20370.7,0,-0.159534,0,0.0720971,0,1.85035,0,-0.538794,0,0.418777,0,0.079767,0,-1.29621,
20390.6,0,-0.159534,0,0.0720971,0,1.85035,0,-0.538794,0,0.418777,0,0.079767,0,-1.29621,
20410.7,0,-0.159534,0,0.0720971,0,1.85035,0,-0.538794,0,0.418777,0,0.079767,0,-1.29621,
20430.6,0,-0.159534,0,0.0720971,0,1.85035,0,-0.538794,0,0.418777,0,0.079767,0,-1.29621,
20450.7,0,-0.159534,0,0.0720971,0,1.85035,0,-0.538794,0,0.418777,0,0.079767,0,-1.29621,
20470.7,0,-0.159534,0,0.0720971,0,1.85035,0,-0.538794,0,0.418777,0,0.079767,0,-1.29621,
20490.7,0,-0.159534,0,0.0720971,0,1.85035,0,-0.538794,0,0.418777,0,0.079767,0,-1.29621,
20510.7,0,-0.159534,0,0.0720971,0,1.85035,0,-0.538794,0,0.418777,0,0.079767,0,-1.29621,
20530.8,0,-0.159534,0,0.0720971,0,1.85035,0,-0.538794,0,0.418777,0,0.079767,0,-1.29621,
20550.7,0,-0.159534,0,0.0720971,0,1.85035,0,-0.538794,0,0.418777,0,0.079767,0,-1.29621,
20570.7,0,-0.159534,0,0.0720971,0,1.85035,0,-0.538794,0,0.418777,0,0.079767,0,-1.29621,
20590.7,0,-0.159534,0,0.0720971,0,1.85035,0,-0.538794,0,0.418777,0,0.079767,0,-1.29621,
20610.8,0,-0.159534,0,0.0720971,0,1.85035,0,-0.538794,0,0.418777,0,0.079767,0,-1.29621,
20630.8,0,-0.159534,0,0.0720971,0,1.85035,0,-0.538794,0,0.418777,0,0.079767,0,-1.29621,
20650.7,0,-0.159534,0,0.0720971,0,1.85035,0,-0.538794,0,0.418777,0,0.079767,0,-1.29621,
20670.6,0,-0.159534,0,0.0720971,0,1.85035,0,-0.538794,0,0.418777,0,0.079767,0,-1.29621,
20690.7,0,-0.159534,0,0.0720971,0,1.85035,0,-0.538794,0,0.418777,0,0.079767,0,-1.29621,
20710.8,0,-0.159534,0,0.0720971,0,1.85035,0,-0.538794,0,0.418777,0,0.079767,0,-1.29621,
20730.7,0,-0.159534,0,0.0720971,0,1.85035,0,-0.538794,0,0.418777,0,0.079767,0,-1.29621,
20750.7,0,-0.159534,0,0.0720971,0,1.85035,0,-0.538794,0,0.418777,0,0.079767,0,-1.29621,
20770.7,0,-0.159534,0,0.0720971,0,1.85035,0,-0.538794,0,0.418777,0,0.079767,0,-1.29621,
20790.7,0,-0.159534,0,0.0720971,0,1.85035,0,-0.538794,0,0.418777,0,0.079767,0,-1.29621,
20810.8,0,-0.159534,0,0.0720971,0,1.85035,0,-0.538794,0,0.418777,0,0.079767,0,-1.29621,
20830.7,0,-0.159534,0,0.0720971,0,1.85035,0,-0.540328,0,0.418777,0,0.079767,0,-1.29621,
20850.7,0,-0.159534,0,0.0720971,0,1.85035,0,-0.540328,0,0.418777,0,0.079767,0,-1.29621,
20870.6,0,-0.159534,0,0.0720971,0,1.85035,0,-0.540328,0,0.418777,0,0.079767,0,-1.29621,
20890.7,0,-0.159534,0,0.0720971,0,1.85035,0,-0.540328,0,0.418777,0,0.079767,0,-1.29621,
20910.7,0,-0.159534,0,0.0720971,0,1.85035,0,-0.538794,0,0.418777,0,0.079767,0,-1.29621,
20930.8,0,-0.159534,0,0.0720971,0,1.85035,0,-0.538794,0,0.418777,0,0.079767,0,-1.29621,
20950.7,0,-0.159534,0,0.0720971,0,1.85035,0,-0.538794,0,0.418777,0,0.079767,0,-1.29621,
20970.7,0,-0.159534,0,0.0720971,0,1.85035,0,-0.538794,0,0.418777,0,0.079767,0,-1.29621,
20990.7,0,-0.159534,0,0.0720971,0,1.85035,0,-0.538794,0,0.418777,0,0.079767,0,-1.29621,
21010.7,0,-0.159534,0,0.0720971,0,1.85035,0,-0.538794,0,0.418777,0,0.079767,0,-1.29621,
21030.7,0,-0.159534,0,0.0720971,0,1.85035,0,-0.538794,0,0.418777,0,0.079767,0,-1.29621,
21050.7,0,-0.159534,0,0.0720971,0,1.85035,0,-0.538794,0,0.418777,0,0.079767,0,-1.29621,
21070.8,0,-0.159534,0,0.0720971,0,1.85035,0,-0.538794,0,0.418777,0,0.079767,0,-1.29621,
21090.7,0,-0.159534,0,0.0720971,0,1.85035,0,-0.538794,0,0.418777,0,0.079767,0,-1.29621,
21110.7,0,-0.159534,0,0.0720971,0,1.85035,0,-0.538794,0,0.418777,0,0.079767,0,-1.29621,
21130.8,0,-0.159534,0,0.0720971,0,1.85035,0,-0.538794,0,0.418777,0,0.079767,0,-1.29621,
21150.7,0,-0.159534,0,0.0720971,0,1.85035,0,-0.538794,0,0.418777,0,0.079767,0,-1.29621,
21170.8,0,-0.159534,0,0.0720971,0,1.85035,0,-0.538794,0,0.418777,0,0.079767,0,-1.29621,
21190.8,0,-0.159534,0,0.0720971,0,1.85035,0,-0.538794,0,0.418777,0,0.079767,0,-1.29621,
21210.7,0,-0.159534,0,0.0720971,0,1.85035,0,-0.538794,0,0.418777,0,0.079767,0,-1.29621,
21230.8,0,-0.159534,0,0.0720971,0,1.85035,0,-0.538794,0,0.418777,0,0.079767,0,-1.29621,
21250.8,0,-0.159534,0,0.0720971,0,1.85035,0,-0.538794,0,0.418777,0,0.079767,0,-1.29621,
21270.8,0,-0.159534,0,0.0720971,0,1.85035,0,-0.538794,0,0.418777,0,0.079767,0,-1.29621,
21290.8,0,-0.159534,0,0.0720971,0,1.85035,0,-0.538794,0,0.418777,0,0.079767,0,-1.29621,
21310.8,0,-0.159534,0,0.0720971,0,1.85035,0,-0.538794,0,0.418777,0,0.079767,0,-1.29621,
21330.7,0,-0.159534,0,0.0720971,0,1.85035,0,-0.538794,0,0.418777,0,0.079767,0,-1.29621,
21350.8,0,-0.159534,0,0.0720971,0,1.85035,0,-0.538794,0,0.418777,0,0.079767,0,-1.29621,
21370.8,0,-0.159534,0,0.0720971,0,1.85035,0,-0.538794,0,0.418777,0,0.079767,0,-1.29621,
21390.8,0,-0.159534,0,0.0720971,0,1.85035,0,-0.538794,0,0.418777,0,0.079767,0,-1.29621,
21410.7,0,-0.159534,0,0.0720971,0,1.85035,0,-0.538794,0,0.418777,0,0.079767,0,-1.29621,
21430.8,0,-0.159534,0,0.0720971,0,1.85035,0,-0.538794,0,0.418777,0,0.079767,0,-1.29621,
21450.7,0,-0.159534,0,0.0720971,0,1.85035,0,-0.538794,0,0.418777,0,0.079767,0,-1.29621,
21470.8,0,-0.159534,0,0.0720971,0,1.85035,0,-0.538794,0,0.418777,0,0.079767,0,-1.29621,
21490.8,0,-0.159534,0,0.0720971,0,1.85035,0,-0.538794,0,0.418777,0,0.079767,0,-1.29621,
21510.8,0,-0.158,0,0.0720971,0,1.85035,0,-0.538794,0,0.418777,0,0.079767,0,-1.29621,
21530.8,0,-0.158,0,0.0720971,0,1.85035,0,-0.538794,0,0.418777,0,0.079767,0,-1.29621,
21550.8,0,-0.158,0,0.0720971,0,1.85035,0,-0.538794,0,0.418777,0,0.079767,0,-1.29621,
21570.9,0,-0.158,0,0.0720971,0,1.85035,0,-0.538794,0,0.418777,0,0.079767,0,-1.29621,
21590.8,0,-0.158,0,0.0720971,0,1.85035,0,-0.538794,0,0.418777,0,0.079767,0,-1.29621,
21610.7,0,-0.158,0,0.0720971,0,1.85035,0,-0.538794,0,0.418777,0,0.079767,0,-1.29621,
21630.8,0,-0.159534,0,0.0720971,0,1.85035,0,-0.538794,0,0.418777,0,0.079767,0,-1.29621,
21650.7,0,-0.159534,0,0.0720971,0,1.85035,0,-0.538794,0,0.418777,0,0.079767,0,-1.29621,
21670.8,0,-0.159534,0,0.0720971,0,1.85035,0,-0.538794,0,0.418777,0,0.079767,0,-1.29621,
21690.8,0,-0.159534,0,0.0720971,0,1.85035,0,-0.538794,0,0.418777,0,0.079767,0,-1.29621,
21710.7,0,-0.158,0,0.0720971,0,1.85035,0,-0.538794,0,0.418777,0,0.079767,0,-1.29621,
21730.8,0,-0.158,0,0.0720971,0,1.85035,0,-0.538794,0,0.418777,0,0.079767,0,-1.29621,
21750.9,0,-0.158,0,0.0720971,0,1.85035,0,-0.538794,0,0.418777,0,0.079767,0,-1.29621,
21770.8,0,-0.158,0,0.0720971,0,1.85035,0,-0.538794,0,0.418777,0,0.079767,0,-1.29621,
21790.7,0,-0.158,0,0.0720971,0,1.85035,0,-0.538794,0,0.418777,0,0.079767,0,-1.29621,
21810.7,0,-0.159534,0,0.0720971,0,1.85035,0,-0.538794,0,0.418777,0,0.079767,0,-1.29621,
21830.7,0,-0.159534,0,0.0720971,0,1.85035,0,-0.538794,0,0.418777,0,0.079767,0,-1.29621,
21850.7,0,-0.159534,0,0.0720971,0,1.85035,0,-0.538794,0,0.418777,0,0.079767,0,-1.29621,
21870.8,0,-0.159534,0,0.0720971,0,1.85035,0,-0.538794,0,0.418777,0,0.079767,0,-1.29621,
21890.7,0,-0.159534,0,0.0720971,0,1.85035,0,-0.538794,0,0.418777,0,0.079767,0,-1.29621,
21910.7,0,-0.159534,0,0.0720971,0,1.85035,0,-0.538794,0,0.418777,0,0.079767,0,-1.29621,
21930.7,0,-0.159534,0,0.0720971,0,1.85035,0,-0.538794,0,0.418777,0,0.079767,0,-1.29621,
21950.8,0,-0.159534,0,0.0720971,0,1.85035,0,-0.538794,0,0.418777,0,0.079767,0,-1.29621,
21970.8,0,-0.159534,0,0.0720971,0,1.85035,0,-0.538794,0,0.418777,0,0.079767,0,-1.29621,
21990.8,0,-0.159534,0,0.0720971,0,1.85035,0,-0.538794,0,0.418777,0,0.079767,0,-1.29621,
22010.8,0,-0.159534,0,0.0720971,0,1.85035,0,-0.538794,0,0.418777,0,0.079767,0,-1.29621,
22030.7,0,-0.159534,0,0.0720971,0,1.85035,0,-0.538794,0,0.418777,0,0.079767,0,-1.29621,
22050.8,0,-0.159534,0,0.0720971,0,1.85035,0,-0.538794,0,0.418777,0,0.079767,0,-1.29621,
22070.8,0,-0.159534,0,0.0720971,0,1.85035,0,-0.538794,0,0.418777,0,0.079767,0,-1.29621,
22090.8,0,-0.159534,0,0.0720971,0,1.85035,0,-0.538794,0,0.418777,0,0.079767,0,-1.29621,
22110.7,0,-0.159534,0,0.0720971,0,1.85035,0,-0.538794,0,0.418777,0,0.079767,0,-1.29621,
22130.8,0,-0.159534,0,0.0720971,0,1.85035,0,-0.538794,0,0.418777,0,0.079767,0,-1.29621,
22150.8,0,-0.159534,0,0.0720971,0,1.85035,0,-0.538794,0,0.418777,0,0.079767,0,-1.29621,
22170.7,0,-0.159534,0,0.0720971,0,1.85035,0,-0.538794,0,0.418777,0,0.079767,0,-1.29621,
22190.7,0,-0.159534,0,0.0720971,0,1.85035,0,-0.538794,0,0.418777,0,0.079767,0,-1.29621,
22210.7,0,-0.159534,0,0.0720971,0,1.85035,0,-0.538794,0,0.418777,0,0.079767,0,-1.29621,
22230.7,0,-0.159534,0,0.0720971,0,1.85035,0,-0.538794,0,0.418777,0,0.079767,0,-1.29621,
22250.7,0,-0.159534,0,0.0720971,0,1.85035,0,-0.538794,0,0.418777,0,0.079767,0,-1.29621,
22270.7,0,-0.159534,0,0.0720971,0,1.85035,0,-0.538794,0,0.418777,0,0.079767,0,-1.29621,
22290.9,0,-0.159534,0,0.0720971,0,1.85035,0,-0.538794,0,0.418777,0,0.079767,0,-1.29621,
22310.8,0,-0.159534,0,0.0720971,0,1.85035,0,-0.538794,0,0.418777,0,0.079767,0,-1.29621,
22330.8,0,-0.159534,0,0.0720971,0,1.85035,0,-0.538794,0,0.418777,0,0.079767,0,-1.29621,
22350.8,0,-0.159534,0,0.0720971,0,1.85035,0,-0.538794,0,0.418777,0,0.079767,0,-1.29621,
22370.8,0,-0.159534,0,0.0720971,0,1.85035,0,-0.538794,0,0.418777,0,0.079767,0,-1.29621,
22390.8,0,-0.159534,0,0.0720971,0,1.85035,0,-0.538794,0,0.418777,0,0.079767,0,-1.29621,
22410.8,0,-0.159534,0,0.0720971,0,1.85035,0,-0.538794,0,0.418777,0,0.079767,0,-1.29621,
22430.7,0,-0.159534,0,0.0720971,0,1.85035,0,-0.538794,0,0.418777,0,0.079767,0,-1.29621,
22450.8,0,-0.159534,0,0.0720971,0,1.85035,0,-0.538794,0,0.418777,0,0.079767,0,-1.29621,
22470.8,0,-0.159534,0,0.0720971,0,1.85035,0,-0.538794,0,0.418777,0,0.079767,0,-1.29621,
22490.8,0,-0.159534,0,0.0720971,0,1.85035,0,-0.538794,0,0.418777,0,0.079767,0,-1.29621,
22510.8,0,-0.159534,0,0.0720971,0,1.85035,0,-0.538794,0,0.418777,0,0.079767,0,-1.29621,
22530.8,0,-0.159534,0,0.0720971,0,1.85035,0,-0.538794,0,0.418777,0,0.079767,0,-1.29621,
22550.8,0,-0.159534,0,0.0720971,0,1.85035,0,-0.538794,0,0.418777,0,0.079767,0,-1.29621,
22570.8,0,-0.159534,0,0.0720971,0,1.85035,0,-0.538794,0,0.418777,0,0.079767,0,-1.29621,
22590.7,0,-0.159534,0,0.0720971,0,1.85035,0,-0.538794,0,0.418777,0,0.079767,0,-1.29621,
22610.8,0,-0.159534,0,0.0720971,0,1.85035,0,-0.538794,0,0.418777,0,0.079767,0,-1.29621,
22630.8,0,-0.159534,0,0.0720971,0,1.85035,0,-0.538794,0,0.418777,0,0.079767,0,-1.29621,
22650.8,0,-0.159534,0,0.0720971,0,1.85035,0,-0.538794,0,0.418777,0,0.079767,0,-1.29621,
22670.8,0,-0.159534,0,0.0720971,0,1.85035,0,-0.538794,0,0.418777,0,0.079767,0,-1.29621,
22690.8,0,-0.159534,0,0.0720971,0,1.85035,0,-0.538794,0,0.418777,0,0.079767,0,-1.29621,
22710.8,0,-0.159534,0,0.0720971,0,1.85035,0,-0.538794,0,0.418777,0,0.079767,0,-1.29621,
22730.9,0,-0.159534,0,0.0720971,0,1.85035,0,-0.538794,0,0.418777,0,0.079767,0,-1.29621,
22750.8,0,-0.159534,0,0.0720971,0,1.85035,0,-0.538794,0,0.418777,0,0.079767,0,-1.29621,
22770.8,0,-0.159534,0,0.0720971,0,1.85035,0,-0.538794,0,0.418777,0,0.079767,0,-1.29621,
22790.8,0,-0.159534,0,0.0720971,0,1.85035,0,-0.538794,0,0.418777,0,0.079767,0,-1.29621,
22810.8,0,-0.159534,0,0.0720971,0,1.85035,0,-0.538794,0,0.418777,0,0.079767,0,-1.29621,
22830.8,0,-0.159534,0,0.0720971,0,1.85035,0,-0.538794,0,0.418777,0,0.079767,0,-1.29621,
22850.8,0,-0.159534,0,0.0720971,0,1.85035,0,-0.538794,0,0.418777,0,0.079767,0,-1.29621,
22870.8,0,-0.159534,0,0.0720971,0,1.85035,0,-0.538794,0,0.418777,0,0.079767,0,-1.29621,
22890.8,0,-0.159534,0,0.0720971,0,1.85035,0,-0.538794,0,0.418777,0,0.079767,0,-1.29621,
22910.8,0,-0.159534,0,0.0720971,0,1.85035,0,-0.538794,0,0.418777,0,0.079767,0,-1.29621,
22930.8,0,-0.159534,0,0.0720971,0,1.85035,0,-0.538794,0,0.418777,0,0.079767,0,-1.29621,
22950.9,0,-0.159534,0,0.0720971,0,1.85035,0,-0.538794,0,0.418777,0,0.079767,0,-1.29621,
22970.8,0,-0.159534,0,0.0720971,0,1.85035,0,-0.538794,0,0.418777,0,0.079767,0,-1.29621,
22990.8,0,-0.159534,0,0.0720971,0,1.85035,0,-0.538794,0,0.418777,0,0.079767,0,-1.29621,
23010.8,0,-0.159534,0,0.0720971,0,1.85035,0,-0.538794,0,0.418777,0,0.079767,0,-1.29621,
23030.8,0,-0.159534,0,0.0720971,0,1.85035,0,-0.538794,0,0.418777,0,0.079767,0,-1.29621,
23050.8,0,-0.159534,0,0.0720971,0,1.85035,0,-0.538794,0,0.418777,0,0.079767,0,-1.29621,
23070.8,0,-0.159534,0,0.0720971,0,1.85035,0,-0.538794,0,0.418777,0,0.079767,0,-1.29621,
23090.9,0,-0.159534,0,0.0720971,0,1.85035,0,-0.538794,0,0.418777,0,0.079767,0,-1.29621,
23110.7,0,-0.159534,0,0.0720971,0,1.85035,0,-0.538794,0,0.418777,0,0.079767,0,-1.29621,
23130.8,0,-0.159534,0,0.0720971,0,1.85035,0,-0.538794,0,0.418777,0,0.079767,0,-1.29621,
23150.8,0,-0.159534,0,0.0720971,0,1.85035,0,-0.538794,0,0.418777,0,0.079767,0,-1.29621,
23170.8,0,-0.159534,0,0.0720971,0,1.85035,0,-0.538794,0,0.418777,0,0.079767,0,-1.29621,
23190.8,0,-0.159534,0,0.0720971,0,1.85035,0,-0.538794,0,0.418777,0,0.079767,0,-1.29621,
23210.8,0,-0.159534,0,0.0720971,0,1.85035,0,-0.538794,0,0.418777,0,0.079767,0,-1.29621,
23230.8,0,-0.159534,0,0.0720971,0,1.85035,0,-0.538794,0,0.418777,0,0.079767,0,-1.29621,
23250.8,0,-0.159534,0,0.0720971,0,1.85035,0,-0.538794,0,0.418777,0,0.079767,0,-1.29621,
23270.8,0,-0.159534,0,0.0720971,0,1.85035,0,-0.538794,0,0.418777,0,0.079767,0,-1.29621,
23290.8,0,-0.159534,0,0.0720971,0,1.85035,0,-0.538794,0,0.418777,0,0.079767,0,-1.29621,
23310.7,0,-0.159534,0,0.0720971,0,1.85035,0,-0.538794,0,0.418777,0,0.079767,0,-1.29621,
23330.8,0,-0.159534,0,0.0720971,0,1.85035,0,-0.538794,0,0.418777,0,0.079767,0,-1.29621,
23350.8,0,-0.159534,0,0.0720971,0,1.85035,0,-0.538794,0,0.418777,0,0.079767,0,-1.29621,
23370.8,0,-0.159534,0,0.0720971,0,1.85035,0,-0.538794,0,0.418777,0,0.079767,0,-1.29621,
23390.8,0,-0.159534,0,0.0720971,0,1.85035,0,-0.538794,0,0.418777,0,0.079767,0,-1.29621,
23410.7,0,-0.159534,0,0.0720971,0,1.85035,0,-0.538794,0,0.418777,0,0.079767,0,-1.29621,
23430.7,0,-0.159534,0,0.0720971,0,1.85035,0,-0.538794,0,0.418777,0,0.079767,0,-1.29621,
23450.7,0,-0.159534,0,0.0720971,0,1.85035,0,-0.538794,0,0.418777,0,0.079767,0,-1.29621,
23470.7,0,-0.159534,0,0.0720971,0,1.85035,0,-0.538794,0,0.418777,0,0.079767,0,-1.29621,
23490.7,0,-0.159534,0,0.0720971,0,1.85035,0,-0.538794,0,0.418777,0,0.079767,0,-1.29621,
23510.7,0,-0.159534,0,0.0720971,0,1.85035,0,-0.538794,0,0.418777,0,0.079767,0,-1.29621,
23530.6,0,-0.159534,0,0.0720971,0,1.85035,0,-0.538794,0,0.418777,0,0.079767,0,-1.29621,
23550.7,0,-0.159534,0,0.0720971,0,1.85035,0,-0.538794,0,0.418777,0,0.079767,0,-1.29621,
23570.7,0,-0.159534,0,0.0720971,0,1.85035,0,-0.538794,0,0.418777,0,0.079767,0,-1.29621,
23590.7,0,-0.159534,0,0.0720971,0,1.85035,0,-0.538794,0,0.418777,0,0.079767,0,-1.29621,
23610.6,0,-0.159534,0,0.0720971,0,1.85035,0,-0.538794,0,0.418777,0,0.079767,0,-1.29621,
23630.7,0,-0.159534,0,0.0720971,0,1.85035,0,-0.538794,0,0.418777,0,0.079767,0,-1.29621,
23650.7,0,-0.159534,0,0.0720971,0,1.85035,0,-0.538794,0,0.418777,0,0.079767,0,-1.29621,
23670.7,0,-0.159534,0,0.0720971,0,1.85035,0,-0.538794,0,0.418777,0,0.079767,0,-1.29621,
23690.7,0,-0.159534,0,0.0720971,0,1.85035,0,-0.538794,0,0.418777,0,0.079767,0,-1.29621,
23710.7,0,-0.159534,0,0.0720971,0,1.85035,0,-0.538794,0,0.418777,0,0.079767,0,-1.29621,
23730.7,0,-0.159534,0,0.0720971,0,1.85035,0,-0.538794,0,0.418777,0,0.079767,0,-1.29621,
23750.8,0,-0.159534,0,0.0720971,0,1.85035,0,-0.538794,0,0.418777,0,0.079767,0,-1.29621,
23770.8,0,-0.159534,0,0.0720971,0,1.85035,0,-0.538794,0,0.418777,0,0.079767,0,-1.29621,
23790.7,0,-0.159534,0,0.0720971,0,1.85035,0,-0.538794,0,0.418777,0,0.079767,0,-1.29621,
23810.7,0,-0.159534,0,0.0720971,0,1.85035,0,-0.538794,0,0.418777,0,0.079767,0,-1.29621,
23830.7,0,-0.159534,0,0.0720971,0,1.85035,0,-0.538794,0,0.418777,0,0.079767,0,-1.29621,
23850.6,0,-0.159534,0,0.0720971,0,1.85035,0,-0.538794,0,0.418777,0,0.079767,0,-1.29621,
23870.7,0,-0.159534,0,0.0720971,0,1.85035,0,-0.538794,0,0.418777,0,0.079767,0,-1.29621,
23890.7,0,-0.159534,0,0.0720971,0,1.85035,0,-0.538794,0,0.418777,0,0.079767,0,-1.29621,
23910.7,0,-0.159534,0,0.0720971,0,1.85035,0,-0.538794,0,0.418777,0,0.079767,0,-1.29621,
23930.7,0,-0.159534,0,0.0720971,0,1.85035,0,-0.538794,0,0.418777,0,0.079767,0,-1.29621,
23950.7,0,-0.159534,0,0.0720971,0,1.85035,0,-0.538794,0,0.418777,0,0.079767,0,-1.29621,
23970.7,0,-0.159534,0,0.0720971,0,1.85035,0,-0.538794,0,0.418777,0,0.079767,0,-1.29621,
23990.6,0,-0.159534,0,0.0720971,0,1.85035,0,-0.538794,0,0.418777,0,0.079767,0,-1.29621,
24010.7,0,-0.159534,0,0.0720971,0,1.85035,0,-0.538794,0,0.418777,0,0.079767,0,-1.29621,
24030.7,0,-0.159534,0,0.0720971,0,1.85035,0,-0.538794,0,0.418777,0,0.079767,0,-1.29621,
24050.7,0,-0.159534,0,0.0720971,0,1.85035,0,-0.538794,0,0.418777,0,0.079767,0,-1.29621,
24070.7,0,-0.159534,0,0.0720971,0,1.85035,0,-0.538794,0,0.418777,0,0.079767,0,-1.29621,
24090.7,0,-0.159534,0,0.0720971,0,1.85035,0,-0.538794,0,0.418777,0,0.079767,0,-1.29621,
24110.7,0,-0.159534,0,0.0720971,0,1.85035,0,-0.538794,0,0.418777,0,0.079767,0,-1.29621,
24130.8,0,-0.159534,0,0.0720971,0,1.85035,0,-0.538794,0,0.418777,0,0.079767,0,-1.29621,
24150.8,0,-0.159534,0,0.0720971,0,1.85035,0,-0.538794,0,0.418777,0,0.079767,0,-1.29621,
24170.8,0,-0.159534,0,0.0720971,0,1.85035,0,-0.538794,0,0.418777,0,0.079767,0,-1.29621,
24190.7,0,-0.159534,0,0.0720971,0,1.85035,0,-0.538794,0,0.418777,0,0.079767,0,-1.29621,
24210.7,0,-0.159534,0,0.0720971,0,1.85035,0,-0.538794,0,0.418777,0,0.079767,0,-1.29621,
24230.8,0,-0.159534,0,0.0720971,0,1.85035,0,-0.538794,0,0.418777,0,0.079767,0,-1.29621,
24250.8,0,-0.159534,0,0.0720971,0,1.85035,0,-0.538794,0,0.418777,0,0.079767,0,-1.29621,
24270.8,0,-0.159534,0,0.0720971,0,1.85035,0,-0.538794,0,0.418777,0,0.079767,0,-1.29621,
24290.8,0,-0.159534,0,0.0720971,0,1.85035,0,-0.538794,0,0.418777,0,0.079767,0,-1.29621,
24310.7,0,-0.159534,0,0.0720971,0,1.85035,0,-0.538794,0,0.418777,0,0.079767,0,-1.29621,
24330.8,0,-0.159534,0,0.0720971,0,1.85035,0,-0.538794,0,0.418777,0,0.079767,0,-1.29621,
24350.8,0,-0.159534,0,0.0720971,0,1.85035,0,-0.538794,0,0.418777,0,0.079767,0,-1.29621,
24370.8,0,-0.159534,0,0.0720971,0,1.85035,0,-0.538794,0,0.418777,0,0.079767,0,-1.29621,
24390.8,0,-0.159534,0,0.0720971,0,1.85035,0,-0.538794,0,0.418777,0,0.079767,0,-1.29621,
24410.7,0,-0.159534,0,0.0720971,0,1.85035,0,-0.538794,0,0.418777,0,0.079767,0,-1.29621,
24430.7,0,-0.159534,0,0.0720971,0,1.85035,0,-0.538794,0,0.418777,0,0.079767,0,-1.29621,
24450.7,0,-0.159534,0,0.0720971,0,1.85035,0,-0.538794,0,0.418777,0,0.079767,0,-1.29621,
24470.8,0,-0.159534,0,0.0720971,0,1.85035,0,-0.538794,0,0.418777,0,0.079767,0,-1.29621,
24490.9,0,-0.159534,0,0.0720971,0,1.85035,0,-0.538794,0,0.418777,0,0.079767,0,-1.29621,
24510.7,0,-0.159534,0,0.0720971,0,1.85035,0,-0.538794,0,0.418777,0,0.079767,0,-1.29621,
24530.7,0,-0.159534,0,0.0720971,0,1.85035,0,-0.538794,0,0.418777,0,0.079767,0,-1.29621,
24550.8,0,-0.159534,0,0.0720971,0,1.85035,0,-0.538794,0,0.418777,0,0.079767,0,-1.29621,
24570.8,0,-0.159534,0,0.0720971,0,1.85035,0,-0.538794,0,0.418777,0,0.079767,0,-1.29621,
24590.8,0,-0.159534,0,0.0720971,0,1.85035,0,-0.538794,0,0.418777,0,0.079767,0,-1.29621,
24610.9,0,-0.159534,0,0.0720971,0,1.85035,0,-0.538794,0,0.418777,0,0.079767,0,-1.29621,
24630.8,0,-0.159534,0,0.0720971,0,1.85035,0,-0.538794,0,0.418777,0,0.079767,0,-1.29621,
24650.8,0,-0.159534,0,0.0720971,0,1.85035,0,-0.538794,0,0.418777,0,0.079767,0,-1.29621,
24670.8,0,-0.159534,0,0.0720971,0,1.85035,0,-0.538794,0,0.418777,0,0.079767,0,-1.29621,
24690.8,0,-0.159534,0,0.0720971,0,1.85035,0,-0.538794,0,0.418777,0,0.079767,0,-1.29621,
24710.8,0,-0.159534,0,0.0720971,0,1.85035,0,-0.538794,0,0.418777,0,0.079767,0,-1.29621,
24730.8,0,-0.159534,0,0.0720971,0,1.85035,0,-0.538794,0,0.418777,0,0.079767,0,-1.29621,
24750.8,0,-0.159534,0,0.0720971,0,1.85035,0,-0.538794,0,0.418777,0,0.079767,0,-1.29621,
24770.8,0,-0.159534,0,0.0720971,0,1.85035,0,-0.538794,0,0.418777,0,0.079767,0,-1.29621,
24790.8,0,-0.159534,0,0.0720971,0,1.85035,0,-0.538794,0,0.418777,0,0.079767,0,-1.29621,
24810.8,0,-0.159534,0,0.0720971,0,1.85035,0,-0.538794,0,0.418777,0,0.079767,0,-1.29621,
24830.8,0,-0.159534,0,0.0720971,0,1.85035,0,-0.538794,0,0.418777,0,0.079767,0,-1.29621,
24850.8,0,-0.159534,0,0.0720971,0,1.85035,0,-0.538794,0,0.418777,0,0.079767,0,-1.29621,
24870.8,0,-0.159534,0,0.0720971,0,1.85035,0,-0.538794,0,0.418777,0,0.079767,0,-1.29621,
24890.8,0,-0.159534,0,0.0720971,0,1.85035,0,-0.538794,0,0.418777,0,0.079767,0,-1.29621,
24910.7,0,-0.159534,0,0.0720971,0,1.85035,0,-0.538794,0,0.418777,0,0.079767,0,-1.29621,
24930.7,0,-0.159534,0,0.0720971,0,1.85035,0,-0.538794,0,0.418777,0,0.079767,0,-1.29621,
24950.8,0,-0.159534,0,0.0720971,0,1.85035,0,-0.538794,0,0.418777,0,0.079767,0,-1.29621,
24970.8,0,-0.159534,0,0.0720971,0,1.85035,0,-0.538794,0,0.418777,0,0.079767,0,-1.29621,
24990.8,0,-0.159534,0,0.0720971,0,1.85035,0,-0.538794,0,0.418777,0,0.079767,0,-1.29621,
25010.8,0,-0.159534,0,0.0720971,0,1.85035,0,-0.538794,0,0.418777,0,0.079767,0,-1.29621,
25030.8,0,-0.159534,0,0.0720971,0,1.85035,0,-0.538794,0,0.418777,0,0.079767,0,-1.29621,
25050.8,0,-0.159534,0,0.0720971,0,1.85035,0,-0.538794,0,0.418777,0,0.079767,0,-1.29621,
25070.8,0,-0.159534,0,0.0720971,0,1.85035,0,-0.538794,0,0.418777,0,0.079767,0,-1.29621,
25090.8,0,-0.159534,0,0.0720971,0,1.85035,0,-0.538794,0,0.418777,0,0.079767,0,-1.29621,
25110.8,0,-0.159534,0,0.0720971,0,1.85035,0,-0.538794,0,0.418777,0,0.079767,0,-1.29621,
25130.7,0,-0.159534,0,0.0720971,0,1.85035,0,-0.538794,0,0.418777,0,0.079767,0,-1.29621,
25150.9,0,-0.159534,0,0.0720971,0,1.85035,0,-0.538794,0,0.418777,0,0.079767,0,-1.29621,
25170.8,0,-0.159534,0,0.0720971,0,1.85035,0,-0.538794,0,0.418777,0,0.079767,0,-1.29621,
25190.8,0,-0.159534,0,0.0720971,0,1.85035,0,-0.538794,0,0.418777,0,0.079767,0,-1.29621,
25210.7,0,-0.159534,0,0.0720971,0,1.85035,0,-0.538794,0,0.418777,0,0.079767,0,-1.29621,
25230.8,0,-0.159534,0,0.0720971,0,1.85035,0,-0.538794,0,0.418777,0,0.079767,0,-1.29621,
25250.8,0,-0.159534,0,0.0720971,0,1.85035,0,-0.538794,0,0.418777,0,0.079767,0,-1.29621,
25270.8,0,-0.159534,0,0.0720971,0,1.85035,0,-0.538794,0,0.418777,0,0.079767,0,-1.29621,
25290.8,0,-0.159534,0,0.0720971,0,1.85035,0,-0.538794,0,0.418777,0,0.079767,0,-1.29621,
25310.8,0,-0.159534,0,0.0720971,0,1.85035,0,-0.538794,0,0.418777,0,0.079767,0,-1.29621,
25330.8,0,-0.159534,0,0.0720971,0,1.85035,0,-0.538794,0,0.418777,0,0.079767,0,-1.29621,
25350.9,0,-0.159534,0,0.0720971,0,1.85035,0,-0.538794,0,0.418777,0,0.079767,0,-1.29621,
25370.8,0,-0.159534,0,0.0720971,0,1.85035,0,-0.538794,0,0.418777,0,0.079767,0,-1.29621,
25390.8,0,-0.159534,0,0.0720971,0,1.85035,0,-0.538794,0,0.418777,0,0.079767,0,-1.29621,
25410.8,0,-0.159534,0,0.0720971,0,1.85035,0,-0.538794,0,0.418777,0,0.079767,0,-1.29621,
25430.9,0,-0.159534,0,0.0720971,0,1.85035,0,-0.538794,0,0.418777,0,0.079767,0,-1.29621,
25450.8,0,-0.159534,0,0.0720971,0,1.85035,0,-0.538794,0,0.418777,0,0.079767,0,-1.29621,
25470.8,0,-0.159534,0,0.0720971,0,1.85035,0,-0.538794,0,0.418777,0,0.079767,0,-1.29621,
25490.7,0,-0.159534,0,0.0720971,0,1.85035,0,-0.538794,0,0.418777,0,0.079767,0,-1.29621,
25510.7,0,-0.159534,0,0.0720971,0,1.85035,0,-0.538794,0,0.418777,0,0.079767,0,-1.29621,
25530.8,0,-0.159534,0,0.0720971,0,1.85035,0,-0.538794,0,0.418777,0,0.079767,0,-1.29621,
25550.8,0,-0.159534,0,0.0720971,0,1.85035,0,-0.538794,0,0.418777,0,0.079767,0,-1.29621,
25570.7,0,-0.159534,0,0.0720971,0,1.85035,0,-0.538794,0,0.418777,0,0.079767,0,-1.29621,
25590.8,0,-0.159534,0,0.0720971,0,1.85035,0,-0.538794,0,0.418777,0,0.079767,0,-1.29621,
25610.7,0,-0.159534,0,0.0720971,0,1.85035,0,-0.538794,0,0.418777,0,0.079767,0,-1.29621,
25630.8,0,-0.159534,0,0.0720971,0,1.85035,0,-0.538794,0,0.418777,0,0.079767,0,-1.29621,
25650.8,0,-0.159534,0,0.0720971,0,1.85035,0,-0.538794,0,0.418777,0,0.079767,0,-1.29621,
25670.8,0,-0.159534,0,0.0720971,0,1.85035,0,-0.538794,0,0.418777,0,0.079767,0,-1.29621,
25690.8,0,-0.159534,0,0.0720971,0,1.85035,0,-0.538794,0,0.418777,0,0.079767,0,-1.29621,
25710.7,0,-0.159534,0,0.0720971,0,1.85035,0,-0.538794,0,0.418777,0,0.079767,0,-1.29621,
25730.8,0,-0.159534,0,0.0720971,0,1.85035,0,-0.538794,0,0.418777,0,0.079767,0,-1.29621,
25750.7,0,-0.159534,0,0.0720971,0,1.85035,0,-0.538794,0,0.418777,0,0.079767,0,-1.29621,
25770.8,0,-0.159534,0,0.0720971,0,1.85035,0,-0.538794,0,0.418777,0,0.079767,0,-1.29621,
25790.8,0,-0.159534,0,0.0720971,0,1.85035,0,-0.538794,0,0.418777,0,0.079767,0,-1.29621,
25810.8,0,-0.159534,0,0.0720971,0,1.85035,0,-0.538794,0,0.418777,0,0.079767,0,-1.29621,
25830.8,0,-0.159534,0,0.0720971,0,1.85035,0,-0.538794,0,0.418777,0,0.079767,0,-1.29621,
25850.7,0,-0.159534,0,0.0720971,0,1.85035,0,-0.538794,0,0.418777,0,0.079767,0,-1.29621,
25870.7,0,-0.159534,0,0.0720971,0,1.85035,0,-0.538794,0,0.418777,0,0.079767,0,-1.29621,
25890.7,0,-0.159534,0,0.0720971,0,1.85035,0,-0.538794,0,0.418777,0,0.079767,0,-1.29621,
25910.7,0,-0.159534,0,0.0720971,0,1.85035,0,-0.538794,0,0.418777,0,0.079767,0,-1.29621,
25930.7,0,-0.159534,0,0.0720971,0,1.85035,0,-0.538794,0,0.418777,0,0.079767,0,-1.29621,
25950.8,0,-0.159534,0,0.0720971,0,1.85035,0,-0.538794,0,0.418777,0,0.079767,0,-1.29621,
25970.9,0,-0.159534,0,0.0720971,0,1.85035,0,-0.538794,0,0.418777,0,0.079767,0,-1.29621,
25990.8,0,-0.159534,0,0.0720971,0,1.85035,0,-0.538794,0,0.418777,0,0.079767,0,-1.29621,
26010.8,0,-0.159534,0,0.0720971,0,1.85035,0,-0.538794,0,0.418777,0,0.079767,0,-1.29621,
26030.8,0,-0.159534,0,0.0720971,0,1.85035,0,-0.538794,0,0.418777,0,0.079767,0,-1.29621,
26050.8,0,-0.159534,0,0.0720971,0,1.85035,0,-0.538794,0,0.418777,0,0.079767,0,-1.29621,
26070.7,0,-0.159534,0,0.0720971,0,1.85035,0,-0.538794,0,0.418777,0,0.079767,0,-1.29621,
26090.8,0,-0.159534,0,0.0720971,0,1.85035,0,-0.538794,0,0.418777,0,0.079767,0,-1.29621,
26110.7,0,-0.159534,0,0.0720971,0,1.85035,0,-0.538794,0,0.418777,0,0.079767,0,-1.29621,
26130.8,0,-0.159534,0,0.0720971,0,1.85035,0,-0.538794,0,0.418777,0,0.079767,0,-1.29621,
26150.9,0,-0.159534,0,0.0720971,0,1.85035,0,-0.538794,0,0.418777,0,0.079767,0,-1.29621,
26170.7,0,-0.159534,0,0.0720971,0,1.85035,0,-0.538794,0,0.418777,0,0.079767,0,-1.29621,
26190.7,0,-0.159534,0,0.0720971,0,1.85035,0,-0.538794,0,0.418777,0,0.079767,0,-1.29621,
26210.8,0,-0.159534,0,0.0720971,0,1.85035,0,-0.538794,0,0.418777,0,0.079767,0,-1.29621,
26230.8,0,-0.159534,0,0.0720971,0,1.85035,0,-0.538794,0,0.418777,0,0.079767,0,-1.29621,
26250.8,0,-0.159534,0,0.0720971,0,1.85035,0,-0.538794,0,0.418777,0,0.079767,0,-1.29621,
26270.9,0,-0.159534,0,0.0720971,0,1.85035,0,-0.538794,0,0.418777,0,0.079767,0,-1.29621,
26290.8,0,-0.159534,0,0.0720971,0,1.85035,0,-0.538794,0,0.418777,0,0.079767,0,-1.29621,
26310.8,0,-0.159534,0,0.0720971,0,1.85035,0,-0.538794,0,0.418777,0,0.079767,0,-1.29621,
26330.8,0,-0.159534,0,0.0720971,0,1.85035,0,-0.538794,0,0.418777,0,0.079767,0,-1.29621,
26350.8,0,-0.159534,0,0.0720971,0,1.85035,0,-0.538794,0,0.418777,0,0.079767,0,-1.29621,
26370.8,0,-0.159534,0,0.0720971,0,1.85035,0,-0.538794,0,0.418777,0,0.079767,0,-1.29621,
26390.8,0,-0.159534,0,0.0720971,0,1.85035,0,-0.538794,0,0.418777,0,0.079767,0,-1.29621,
26410.9,0,-0.159534,0,0.0720971,0,1.85035,0,-0.538794,0,0.418777,0,0.079767,0,-1.29621,
26430.8,0,-0.159534,0,0.0720971,0,1.85035,0,-0.538794,0,0.418777,0,0.079767,0,-1.29621,
26450.8,0,-0.159534,0,0.0720971,0,1.85035,0,-0.538794,0,0.418777,0,0.079767,0,-1.29621,
26470.8,0,-0.159534,0,0.0720971,0,1.85035,0,-0.538794,0,0.418777,0,0.079767,0,-1.29621,
26490.8,0,-0.159534,0,0.0720971,0,1.85035,0,-0.538794,0,0.418777,0,0.079767,0,-1.29621,
26510.7,0,-0.159534,0,0.0720971,0,1.85035,0,-0.538794,0,0.418777,0,0.079767,0,-1.29621,
26530.7,0,-0.159534,0,0.0720971,0,1.85035,0,-0.538794,0,0.418777,0,0.079767,0,-1.29621,
26550.8,0,-0.159534,0,0.0720971,0,1.85035,0,-0.538794,0,0.418777,0,0.079767,0,-1.29621,
26570.8,0,-0.159534,0,0.0720971,0,1.85035,0,-0.538794,0,0.418777,0,0.079767,0,-1.29621,
26590.8,0,-0.159534,0,0.0720971,0,1.85035,0,-0.538794,0,0.418777,0,0.079767,0,-1.29621,
26610.8,0,-0.159534,0,0.0720971,0,1.85035,0,-0.538794,0,0.418777,0,0.079767,0,-1.29621,
26630.8,0,-0.159534,0,0.0720971,0,1.85035,0,-0.538794,0,0.418777,0,0.079767,0,-1.29621,
26650.9,0,-0.159534,0,0.0720971,0,1.85035,0,-0.538794,0,0.418777,0,0.079767,0,-1.29621,
26670.8,0,-0.159534,0,0.0720971,0,1.85035,0,-0.538794,0,0.418777,0,0.079767,0,-1.29621,
26690.8,0,-0.159534,0,0.0720971,0,1.85035,0,-0.538794,0,0.418777,0,0.079767,0,-1.29621,
26710.8,0,-0.159534,0,0.0720971,0,1.85035,0,-0.538794,0,0.418777,0,0.079767,0,-1.29621,
26730.8,0,-0.159534,0,0.0720971,0,1.85035,0,-0.538794,0,0.418777,0,0.079767,0,-1.29621,
26750.8,0,-0.159534,0,0.0720971,0,1.85035,0,-0.538794,0,0.418777,0,0.079767,0,-1.29621,
26770.8,0,-0.159534,0,0.0720971,0,1.85035,0,-0.538794,0,0.418777,0,0.079767,0,-1.29621,
26790.8,0,-0.159534,0,0.0720971,0,1.85035,0,-0.538794,0,0.418777,0,0.079767,0,-1.29621,
26810.8,0,-0.159534,0,0.0720971,0,1.85035,0,-0.538794,0,0.418777,0,0.079767,0,-1.29621,
26830.8,0,-0.159534,0,0.0720971,0,1.85035,0,-0.538794,0,0.418777,0,0.079767,0,-1.29621,
26850.8,0,-0.159534,0,0.0720971,0,1.85035,0,-0.538794,0,0.418777,0,0.079767,0,-1.29621,
26870.8,0,-0.159534,0,0.0720971,0,1.85035,0,-0.538794,0,0.418777,0,0.079767,0,-1.29621,
26890.8,0,-0.159534,0,0.0720971,0,1.85035,0,-0.538794,0,0.418777,0,0.079767,0,-1.29621,
26910.8,0,-0.159534,0,0.0720971,0,1.85035,0,-0.538794,0,0.418777,0,0.079767,0,-1.29621,
26930.8,0,-0.159534,0,0.0720971,0,1.85035,0,-0.538794,0,0.418777,0,0.079767,0,-1.29621,
26950.8,0,-0.159534,0,0.0720971,0,1.85035,0,-0.538794,0,0.418777,0,0.079767,0,-1.29621,
26970.8,0,-0.159534,0,0.0720971,0,1.85035,0,-0.538794,0,0.418777,0,0.079767,0,-1.29621,
26990.8,0,-0.159534,0,0.0720971,0,1.85035,0,-0.538794,0,0.418777,0,0.079767,0,-1.29621,
27010.7,0,-0.159534,0,0.0720971,0,1.85035,0,-0.538794,0,0.418777,0,0.079767,0,-1.29621,
27030.7,0,-0.159534,0,0.0720971,0,1.85035,0,-0.538794,0,0.418777,0,0.079767,0,-1.29621,
27050.7,0,-0.159534,0,0.0720971,0,1.85035,0,-0.538794,0,0.418777,0,0.079767,0,-1.29621,
27070.9,0,-0.159534,0,0.0720971,0,1.85035,0,-0.538794,0,0.418777,0,0.079767,0,-1.29621,
27090.8,0,-0.159534,0,0.0720971,0,1.85035,0,-0.538794,0,0.418777,0,0.079767,0,-1.29621,
27110.8,0,-0.159534,0,0.0720971,0,1.85035,0,-0.538794,0,0.418777,0,0.079767,0,-1.29621,
27130.8,0,-0.159534,0,0.0720971,0,1.85035,0,-0.538794,0,0.418777,0,0.079767,0,-1.29621,
27150.8,0,-0.159534,0,0.0720971,0,1.85035,0,-0.538794,0,0.418777,0,0.079767,0,-1.29621,
27170.7,0,-0.159534,0,0.0720971,0,1.85035,0,-0.538794,0,0.418777,0,0.079767,0,-1.29621,
27190.8,0,-0.159534,0,0.0720971,0,1.85035,0,-0.538794,0,0.418777,0,0.079767,0,-1.29621,
27210.8,0,-0.159534,0,0.0720971,0,1.85035,0,-0.538794,0,0.418777,0,0.079767,0,-1.29621,
27230.7,0,-0.159534,0,0.0720971,0,1.85035,0,-0.540328,0,0.418777,0,0.079767,0,-1.29621,
27250.8,0,-0.159534,0,0.0720971,0,1.85035,0,-0.540328,0,0.418777,0,0.079767,0,-1.29621,
27270.9,0,-0.159534,0,0.0720971,0,1.85035,0,-0.540328,0,0.418777,0,0.079767,0,-1.29621,
27290.7,0,-0.159534,0,0.0720971,0,1.85035,0,-0.540328,0,0.418777,0,0.079767,0,-1.29621,
27310.8,0,-0.159534,0,0.0720971,0,1.85035,0,-0.538794,0,0.418777,0,0.079767,0,-1.29621,
27330.8,0,-0.159534,0,0.0720971,0,1.85035,0,-0.538794,0,0.418777,0,0.079767,0,-1.29621,
27350.7,0,-0.159534,0,0.0720971,0,1.85035,0,-0.538794,0,0.418777,0,0.079767,0,-1.29621,
27370.7,0,-0.159534,0,0.0720971,0,1.85035,0,-0.538794,0,0.418777,0,0.079767,0,-1.29621,
27390.8,0,-0.159534,0,0.0720971,0,1.85035,0,-0.538794,0,0.418777,0,0.079767,0,-1.29621,
27410.7,0,-0.159534,0,0.0720971,0,1.85035,0,-0.538794,0,0.418777,0,0.079767,0,-1.29621,
27430.7,0,-0.159534,0,0.0720971,0,1.85035,0,-0.538794,0,0.418777,0,0.079767,0,-1.29621,
27450.7,0,-0.159534,0,0.0720971,0,1.85035,0,-0.538794,0,0.418777,0,0.079767,0,-1.29621,
27470.8,0,-0.159534,0,0.0720971,0,1.85035,0,-0.538794,0,0.418777,0,0.079767,0,-1.29621,
27490.8,0,-0.159534,0,0.0720971,0,1.85035,0,-0.538794,0,0.418777,0,0.079767,0,-1.29621,
27510.7,0,-0.159534,0,0.0720971,0,1.85035,0,-0.538794,0,0.418777,0,0.079767,0,-1.29621,
27530.7,0,-0.159534,0,0.0720971,0,1.85188,0,-0.538794,0,0.418777,0,0.079767,0,-1.29621,
27550.8,0,-0.159534,0,0.0720971,0,1.85188,0,-0.538794,0,0.418777,0,0.079767,0,-1.29621,
27570.8,0,-0.159534,0,0.0720971,0,1.85188,0,-0.538794,0,0.418777,0,0.079767,0,-1.29621,
27590.8,0,-0.159534,0,0.0720971,0,1.85188,0,-0.538794,0,0.418777,0,0.079767,0,-1.29621,
27610.7,0,-0.159534,0,0.0720971,0,1.85188,0,-0.538794,0,0.418777,0,0.079767,0,-1.29621,
27630.8,0,-0.159534,0,0.0720971,0,1.85035,0,-0.538794,0,0.418777,0,0.079767,0,-1.29621,
27650.8,0,-0.159534,0,0.0720971,0,1.85035,0,-0.538794,0,0.418777,0,0.079767,0,-1.29621,
27670.8,0,-0.159534,0,0.0720971,0,1.85035,0,-0.538794,0,0.418777,0,0.079767,0,-1.29621,
27690.8,0,-0.159534,0,0.0720971,0,1.85035,0,-0.538794,0,0.418777,0,0.079767,0,-1.29621,
27710.8,0,-0.159534,0,0.0720971,0,1.85035,0,-0.538794,0,0.418777,0,0.079767,0,-1.29621,
27731.2,0,-0.159534,0,0.0720971,0,1.85035,0,-0.538794,0,0.418777,0,0.079767,0,-1.29621,
27750.7,0,-0.159534,0,0.0720971,0,1.85035,0,-0.538794,0,0.418777,0,0.079767,0,-1.29621,
27771.2,0,-0.159534,0,0.0720971,0,1.85035,0,-0.538794,0,0.418777,0,0.079767,0,-1.29621,
27790.6,0,-0.159534,0,0.0720971,0,1.85035,0,-0.538794,0,0.418777,0,0.079767,0,-1.29621,
27810.7,0,-0.159534,0,0.0720971,0,1.85035,0,-0.538794,0,0.418777,0,0.079767,0,-1.29621,
27830.7,0,-0.158,0,0.0720971,0,1.85035,0,-0.538794,0,0.418777,0,0.079767,0,-1.29621,
27850.7,0,-0.158,0,0.0720971,0,1.85035,0,-0.538794,0,0.418777,0,0.079767,0,-1.29621,
27870.7,0,-0.158,0,0.0720971,0,1.85035,0,-0.538794,0,0.418777,0,0.079767,0,-1.29621,
27890.7,0,-0.158,0,0.0720971,0,1.85035,0,-0.538794,0,0.418777,0,0.079767,0,-1.29621,
27910.7,0,-0.159534,0,0.0720971,0,1.85035,0,-0.538794,0,0.418777,0,0.079767,0,-1.29621,
27930.8,0,-0.159534,0,0.0720971,0,1.85035,0,-0.538794,0,0.418777,0,0.079767,0,-1.29621,
27950.8,0,-0.159534,0,0.0720971,0,1.85035,0,-0.538794,0,0.418777,0,0.079767,0,-1.29621,
27970.7,0,-0.159534,0,0.0720971,0,1.85035,0,-0.538794,0,0.418777,0,0.079767,0,-1.29621,
27990.7,0,-0.159534,0,0.0720971,0,1.85035,0,-0.538794,0,0.418777,0,0.079767,0,-1.29621,
28010.7,0,-0.159534,0,0.0720971,0,1.85035,0,-0.538794,0,0.418777,0,0.079767,0,-1.29621,
28030.7,0,-0.159534,0,0.0720971,0,1.85188,0,-0.538794,0,0.418777,0,0.079767,0,-1.29621,
28050.8,0,-0.159534,0,0.0720971,0,1.85188,0,-0.538794,0,0.418777,0,0.079767,0,-1.29621,
28070.8,0,-0.159534,0,0.0720971,0,1.85188,0,-0.538794,0,0.418777,0,0.079767,0,-1.29621,
28090.8,0,-0.159534,0,0.0720971,0,1.85188,0,-0.538794,0,0.418777,0,0.079767,0,-1.29621,
28110.8,0,-0.159534,0,0.0720971,0,1.85188,0,-0.538794,0,0.418777,0,0.079767,0,-1.29621,
28130.8,0,-0.159534,0,0.0720971,0,1.85188,0,-0.538794,0,0.418777,0,0.079767,0,-1.29621,
28150.8,0,-0.159534,0,0.0720971,0,1.85188,0,-0.538794,0,0.418777,0,0.079767,0,-1.29621,
28170.7,0,-0.159534,0,0.0720971,0,1.85188,0,-0.538794,0,0.418777,0,0.079767,0,-1.29621,
28190.8,0,-0.159534,0,0.0720971,0,1.85188,0,-0.538794,0,0.418777,0,0.079767,0,-1.29621,
28210.7,0,-0.159534,0,0.0720971,0,1.85035,0,-0.538794,0,0.418777,0,0.079767,0,-1.29621,
28230.8,0,-0.159534,0,0.0720971,0,1.85035,0,-0.538794,0,0.418777,0,0.079767,0,-1.29621,
28250.9,0,-0.159534,0,0.0720971,0,1.85035,0,-0.538794,0,0.418777,0,0.079767,0,-1.29621,
28270.8,0,-0.159534,0,0.0720971,0,1.85035,0,-0.538794,0,0.418777,0,0.079767,0,-1.29621,
28290.8,0,-0.159534,0,0.0720971,0,1.85035,0,-0.538794,0,0.418777,0,0.079767,0,-1.29621,
28310.8,0,-0.159534,0,0.0720971,0,1.85035,0,-0.538794,0,0.418777,0,0.079767,0,-1.29621,
28330.8,0,-0.159534,0,0.0720971,0,1.85035,0,-0.538794,0,0.418777,0,0.079767,0,-1.29621,
28350.7,0,-0.159534,0,0.0720971,0,1.85035,0,-0.538794,0,0.418777,0,0.079767,0,-1.29621,
28370.8,0,-0.159534,0,0.0720971,0,1.85035,0,-0.538794,0,0.418777,0,0.079767,0,-1.29621,
28390.8,0,-0.159534,0,0.0720971,0,1.85035,0,-0.538794,0,0.418777,0,0.079767,0,-1.29621,
28410.8,0,-0.159534,0,0.0720971,0,1.85035,0,-0.538794,0,0.418777,0,0.079767,0,-1.29621,
28430.8,0,-0.159534,0,0.0720971,0,1.85035,0,-0.538794,0,0.418777,0,0.079767,0,-1.29621,
28450.8,0,-0.159534,0,0.0720971,0,1.85035,0,-0.538794,0,0.418777,0,0.079767,0,-1.29621,
28470.8,0,-0.159534,0,0.0720971,0,1.85035,0,-0.538794,0,0.418777,0,0.079767,0,-1.29621,
28490.8,0,-0.159534,0,0.0720971,0,1.85035,0,-0.538794,0,0.418777,0,0.079767,0,-1.29621,
28510.8,0,-0.159534,0,0.0720971,0,1.85035,0,-0.538794,0,0.418777,0,0.079767,0,-1.29621,
28530.8,0,-0.159534,0,0.0720971,0,1.85035,0,-0.538794,0,0.418777,0,0.079767,0,-1.29468,
28550.8,0,-0.159534,0,0.0720971,0,1.85035,0,-0.538794,0,0.418777,0,0.079767,0,-1.29468,
28570.8,0,-0.159534,0,0.0720971,0,1.85035,0,-0.538794,0,0.418777,0,0.079767,0,-1.29468,
28590.8,0,-0.159534,0,0.0720971,0,1.85035,0,-0.538794,0,0.418777,0,0.079767,0,-1.29468,
28610.8,0,-0.159534,0,0.0720971,0,1.85035,0,-0.538794,0,0.418777,0,0.079767,0,-1.29468,
28630.8,0,-0.159534,0,0.0720971,0,1.85035,0,-0.538794,0,0.418777,0,0.079767,0,-1.29621,
28650.8,0,-0.159534,0,0.0720971,0,1.85035,0,-0.538794,0,0.418777,0,0.079767,0,-1.29621,
28670.9,0,-0.159534,0,0.0720971,0,1.85035,0,-0.538794,0,0.418777,0,0.079767,0,-1.29621,
28690.8,0,-0.159534,0,0.0720971,0,1.85035,0,-0.538794,0,0.418777,0,0.079767,0,-1.29621,
28710.7,0,-0.159534,0,0.0720971,0,1.85035,0,-0.538794,0,0.418777,0,0.079767,0,-1.29621,
28730.7,0,-0.159534,0,0.0720971,0,1.85035,0,-0.538794,0,0.418777,0,0.079767,0,-1.29621,
28750.7,0,-0.159534,0,0.0720971,0,1.85035,0,-0.538794,0,0.418777,0,0.079767,0,-1.29621,
28770.8,0,-0.159534,0,0.0720971,0,1.85035,0,-0.538794,0,0.418777,0,0.079767,0,-1.29621,
28790.8,0,-0.159534,0,0.0720971,0,1.85035,0,-0.538794,0,0.418777,0,0.079767,0,-1.29621,
28810.7,0,-0.159534,0,0.0720971,0,1.85035,0,-0.538794,0,0.418777,0,0.079767,0,-1.29621,
28830.8,0,-0.159534,0,0.0720971,0,1.85035,0,-0.538794,0,0.418777,0,0.079767,0,-1.29621,
28850.8,0,-0.159534,0,0.0720971,0,1.85035,0,-0.538794,0,0.418777,0,0.079767,0,-1.29621,
28870.8,0,-0.159534,0,0.0720971,0,1.85035,0,-0.538794,0,0.418777,0,0.079767,0,-1.29621,
28890.7,0,-0.159534,0,0.0720971,0,1.85035,0,-0.538794,0,0.418777,0,0.079767,0,-1.29621,
28910.6,0,-0.159534,0,0.0720971,0,1.85035,0,-0.538794,0,0.418777,0,0.079767,0,-1.29621,
28930.8,0,-0.159534,0,0.0720971,0,1.85035,0,-0.538794,0,0.418777,0,0.079767,0,-1.29621,
28950.8,0,-0.159534,0,0.0720971,0,1.85035,0,-0.538794,0,0.418777,0,0.079767,0,-1.29621,
28970.8,0,-0.159534,0,0.0720971,0,1.85035,0,-0.538794,0,0.418777,0,0.079767,0,-1.29621,
28990.7,0,-0.159534,0,0.0720971,0,1.85035,0,-0.538794,0,0.418777,0,0.079767,0,-1.29621,
29010.7,0,-0.159534,0,0.0720971,0,1.85035,0,-0.538794,0,0.418777,0,0.079767,0,-1.29621,
29030.7,0,-0.159534,0,0.0720971,0,1.85035,0,-0.538794,0,0.418777,0,0.079767,0,-1.29621,
29050.8,0,-0.159534,0,0.0720971,0,1.85035,0,-0.538794,0,0.418777,0,0.079767,0,-1.29621,
29070.7,0,-0.159534,0,0.0720971,0,1.85035,0,-0.538794,0,0.418777,0,0.079767,0,-1.29621,
29090.8,0,-0.159534,0,0.0720971,0,1.85035,0,-0.538794,0,0.418777,0,0.079767,0,-1.29621,
29110.8,0,-0.159534,0,0.0720971,0,1.85035,0,-0.538794,0,0.418777,0,0.079767,0,-1.29621,
29130.8,0,-0.159534,0,0.0720971,0,1.85035,0,-0.538794,0,0.418777,0,0.079767,0,-1.29621,
29150.8,0,-0.159534,0,0.0720971,0,1.85035,0,-0.538794,0,0.418777,0,0.079767,0,-1.29621,
29170.8,0,-0.159534,0,0.0720971,0,1.85035,0,-0.538794,0,0.418777,0,0.079767,0,-1.29621,
29190.8,0,-0.159534,0,0.0720971,0,1.85035,0,-0.538794,0,0.418777,0,0.079767,0,-1.29621,
29210.7,0,-0.159534,0,0.0720971,0,1.85035,0,-0.538794,0,0.418777,0,0.079767,0,-1.29621,
29230.7,0,-0.159534,0,0.0720971,0,1.85035,0,-0.538794,0,0.418777,0,0.079767,0,-1.29621,
29250.8,0,-0.159534,0,0.0720971,0,1.85035,0,-0.538794,0,0.418777,0,0.079767,0,-1.29621,
29270.8,0,-0.159534,0,0.0720971,0,1.85035,0,-0.538794,0,0.418777,0,0.079767,0,-1.29621,
29290.7,0,-0.159534,0,0.0720971,0,1.85035,0,-0.538794,0,0.418777,0,0.079767,0,-1.29621,
29310.7,0,-0.159534,0,0.0720971,0,1.85035,0,-0.538794,0,0.418777,0,0.079767,0,-1.29621,
29330.7,0,-0.159534,0,0.0720971,0,1.85035,0,-0.538794,0,0.418777,0,0.079767,0,-1.29621,
29350.7,0,-0.159534,0,0.0720971,0,1.85035,0,-0.538794,0,0.418777,0,0.079767,0,-1.29621,
29370.7,0,-0.159534,0,0.0720971,0,1.85035,0,-0.538794,0,0.418777,0,0.079767,0,-1.29621,
29390.8,0,-0.159534,0,0.0720971,0,1.85035,0,-0.538794,0,0.418777,0,0.079767,0,-1.29621,
29410.7,0,-0.159534,0,0.0720971,0,1.85035,0,-0.538794,0,0.418777,0,0.079767,0,-1.29621,
29430.8,0,-0.159534,0,0.0720971,0,1.85035,0,-0.538794,0,0.418777,0,0.079767,0,-1.29621,
29450.8,0,-0.159534,0,0.0720971,0,1.85035,0,-0.538794,0,0.418777,0,0.079767,0,-1.29621,
29470.8,0,-0.159534,0,0.0720971,0,1.85035,0,-0.538794,0,0.418777,0,0.079767,0,-1.29621,
29490.9,0,-0.159534,0,0.0720971,0,1.85035,0,-0.538794,0,0.418777,0,0.079767,0,-1.29621,
29510.7,0,-0.159534,0,0.0720971,0,1.85035,0,-0.538794,0,0.418777,0,0.079767,0,-1.29621,
29530.8,0,-0.159534,0,0.0720971,0,1.85035,0,-0.538794,0,0.418777,0,0.079767,0,-1.29621,
29550.8,0,-0.159534,0,0.0720971,0,1.85035,0,-0.538794,0,0.418777,0,0.079767,0,-1.29621,
29570.8,0,-0.159534,0,0.0720971,0,1.85035,0,-0.538794,0,0.418777,0,0.079767,0,-1.29621,
29590.7,0,-0.159534,0,0.0720971,0,1.85035,0,-0.538794,0,0.418777,0,0.079767,0,-1.29621,
29610.7,0,-0.159534,0,0.0720971,0,1.85035,0,-0.538794,0,0.418777,0,0.079767,0,-1.29621,
29630.6,0,-0.159534,0,0.0720971,0,1.85035,0,-0.538794,0,0.418777,0,0.079767,0,-1.29468,
29650.6,0,-0.159534,0,0.0720971,0,1.85035,0,-0.538794,0,0.418777,0,0.079767,0,-1.29468,
29670.7,0,-0.159534,0,0.0720971,0,1.85035,0,-0.538794,0,0.418777,0,0.079767,0,-1.29468,
29690.7,0,-0.159534,0,0.0720971,0,1.85035,0,-0.538794,0,0.418777,0,0.079767,0,-1.29468,
29710.8,0,-0.159534,0,0.0720971,0,1.85035,0,-0.538794,0,0.418777,0,0.079767,0,-1.29468,
29730.8,0,-0.159534,0,0.0720971,0,1.85035,0,-0.538794,0,0.418777,0,0.079767,0,-1.29621,
29750.8,0,-0.159534,0,0.0720971,0,1.85035,0,-0.538794,0,0.418777,0,0.079767,0,-1.29621,
29770.8,0,-0.159534,0,0.0720971,0,1.85035,0,-0.538794,0,0.418777,0,0.079767,0,-1.29621,
29790.8,0,-0.159534,0,0.0720971,0,1.85035,0,-0.538794,0,0.418777,0,0.079767,0,-1.29621,
29810.7,0,-0.159534,0,0.0720971,0,1.85035,0,-0.538794,0,0.418777,0,0.079767,0,-1.29621,
29830.7,0,-0.159534,0,0.0720971,0,1.85035,0,-0.538794,0,0.418777,0,0.079767,0,-1.29621,
29850.7,0,-0.159534,0,0.0720971,0,1.85035,0,-0.538794,0,0.418777,0,0.079767,0,-1.29621,
29870.8,0,-0.159534,0,0.0720971,0,1.85035,0,-0.538794,0,0.418777,0,0.079767,0,-1.29621,
29890.8,0,-0.159534,0,0.0720971,0,1.85035,0,-0.538794,0,0.418777,0,0.079767,0,-1.29621,
29910.8,0,-0.159534,0,0.0720971,0,1.85035,0,-0.538794,0,0.418777,0,0.079767,0,-1.29621,
29930.8,0,-0.159534,0,0.0720971,0,1.85035,0,-0.538794,0,0.418777,0,0.079767,0,-1.29621,
29950.8,0,-0.159534,0,0.0720971,0,1.85035,0,-0.538794,0,0.418777,0,0.079767,0,-1.29621,
29970.8,0,-0.159534,0,0.0720971,0,1.85035,0,-0.538794,0,0.418777,0,0.079767,0,-1.29621,
29990.8,0,-0.159534,0,0.0720971,0,1.85035,0,-0.538794,0,0.418777,0,0.079767,0,-1.29621,
30010.8,0,-0.159534,0,0.0720971,0,1.85035,0,-0.538794,0,0.418777,0,0.079767,0,-1.29621,
30030.7,0,-0.159534,0,0.0720971,0,1.85035,0,-0.538794,0,0.418777,0,0.079767,0,-1.29621,
30050.8,0,-0.159534,0,0.0720971,0,1.85035,0,-0.538794,0,0.418777,0,0.079767,0,-1.29621,
30070.8,0,-0.159534,0,0.0720971,0,1.85035,0,-0.538794,0,0.418777,0,0.079767,0,-1.29621,
30090.8,0,-0.159534,0,0.0720971,0,1.85035,0,-0.538794,0,0.418777,0,0.079767,0,-1.29621,
30110.7,0,-0.159534,0,0.0720971,0,1.85035,0,-0.538794,0,0.418777,0,0.079767,0,-1.29621,
30130.9,0,-0.159534,0,0.0720971,0,1.85035,0,-0.538794,0,0.418777,0,0.079767,0,-1.29621,
30150.8,0,-0.159534,0,0.0720971,0,1.85035,0,-0.538794,0,0.418777,0,0.079767,0,-1.29621,
30170.8,0,-0.159534,0,0.0720971,0,1.85035,0,-0.538794,0,0.418777,0,0.079767,0,-1.29621,
30190.9,0,-0.159534,0,0.0720971,0,1.85035,0,-0.538794,0,0.418777,0,0.079767,0,-1.29621,
30210.8,0,-0.159534,0,0.0720971,0,1.85035,0,-0.538794,0,0.418777,0,0.079767,0,-1.29621,
30230.8,0,-0.159534,0,0.0720971,0,1.85035,0,-0.538794,0,0.418777,0,0.079767,0,-1.29621,
30250.8,0,-0.159534,0,0.0720971,0,1.85035,0,-0.538794,0,0.418777,0,0.079767,0,-1.29621,
30270.8,0,-0.159534,0,0.0720971,0,1.85035,0,-0.538794,0,0.418777,0,0.079767,0,-1.29621,
30290.8,0,-0.159534,0,0.0720971,0,1.85035,0,-0.538794,0,0.418777,0,0.079767,0,-1.29621,
30310.7,0,-0.159534,0,0.0720971,0,1.85035,0,-0.538794,0,0.418777,0,0.079767,0,-1.29621,
30330.8,0,-0.159534,0,0.0720971,0,1.85035,0,-0.538794,0,0.418777,0,0.079767,0,-1.29621,
30350.7,0,-0.159534,0,0.0720971,0,1.85035,0,-0.538794,0,0.418777,0,0.079767,0,-1.29621,
30370.7,0,-0.159534,0,0.0720971,0,1.85035,0,-0.538794,0,0.418777,0,0.079767,0,-1.29621,
30390.7,0,-0.159534,0,0.0720971,0,1.85035,0,-0.538794,0,0.418777,0,0.079767,0,-1.29621,
30410.7,0,-0.159534,0,0.0720971,0,1.85035,0,-0.538794,0,0.418777,0,0.079767,0,-1.29621,
30430.7,0,-0.159534,0,0.0720971,0,1.85035,0,-0.538794,0,0.418777,0,0.079767,0,-1.29621,
30450.7,0,-0.159534,0,0.0720971,0,1.85035,0,-0.538794,0,0.418777,0,0.079767,0,-1.29621,
30470.8,0,-0.159534,0,0.0720971,0,1.85035,0,-0.538794,0,0.418777,0,0.079767,0,-1.29621,
30490.8,0,-0.159534,0,0.0720971,0,1.85035,0,-0.538794,0,0.418777,0,0.079767,0,-1.29621,
30510.8,0,-0.159534,0,0.0720971,0,1.85188,0,-0.538794,0,0.418777,0,0.079767,0,-1.29621,
30530.8,0,-0.159534,0,0.0720971,0,1.85188,0,-0.538794,0,0.418777,0,0.079767,0,-1.29621,
30550.8,0,-0.159534,0,0.0720971,0,1.85188,0,-0.538794,0,0.418777,0,0.079767,0,-1.29621,
30570.8,0,-0.159534,0,0.0720971,0,1.85188,0,-0.538794,0,0.418777,0,0.079767,0,-1.29621,
30590.8,0,-0.159534,0,0.0720971,0,1.85188,0,-0.538794,0,0.418777,0,0.079767,0,-1.29621,
30610.7,0,-0.159534,0,0.0720971,0,1.85035,0,-0.538794,0,0.418777,0,0.079767,0,-1.29621,
30630.6,0,-0.159534,0,0.0720971,0,1.85035,0,-0.538794,0,0.418777,0,0.079767,0,-1.29621,
30650.7,0,-0.159534,0.0747741,0.0720971,1.8582,1.85035,-0.549326,-0.538794,0,0.418777,0,0.079767,0,-1.29621,
30670.7,0,-0.159534,0.0703389,0.0720971,1.86298,1.85035,-0.54967,-0.538794,0,0.418777,0,0.079767,0,-1.29621,
30690.8,0,-0.159534,0.0663915,0.0720971,1.86722,1.85035,-0.549958,-0.538794,0,0.418777,0,0.079767,0,-1.29621,
30710.7,0,-0.159534,0.0639221,0.0720971,1.86986,1.85035,-0.55013,-0.538794,0,0.418777,0,0.079767,0,-1.29621,
30730.7,0,-0.159534,0.0609563,0.0720971,1.87302,1.85035,-0.550328,-0.538794,0,0.418777,0,0.079767,0,-1.29621,
30750.7,0,-0.133456,0.0495621,0.0736311,1.88509,1.85188,-0.551002,-0.540328,0,0.403437,0,0.0690291,0,-1.29315,
30770.7,0,-0.133456,0.0450922,0.0736311,1.88979,1.85188,-0.551228,-0.540328,0,0.403437,0,0.0690291,0,-1.29315,
30790.8,0,-0.133456,0.0416111,0.0736311,1.89343,1.85188,-0.551389,-0.540328,0,0.403437,0,0.0690291,0,-1.29315,
30810.6,0,-0.133456,0.03314,0.0736311,1.90224,1.85188,-0.551728,-0.540328,0,0.403437,0,0.0690291,0,-1.29315,
30830.8,0,-0.133456,0.0281456,0.0736311,1.9074,1.85188,-0.551892,-0.540328,0,0.403437,0,0.0690291,0,-1.29315,
30850.7,0,-0.0690291,0.0276457,0.076699,1.90791,1.85955,-0.551907,-0.53726,0,0.0905049,0,0.0337476,0,-1.29468,
30870.7,0,-0.0690291,0.0261454,0.076699,1.90946,1.85955,-0.55195,-0.53726,0,0.0905049,0,0.0337476,0,-1.29468,
30890.7,0,-0.0690291,0.0236431,0.076699,1.91202,1.85955,-0.552017,-0.53726,0,0.0905049,0,0.0337476,0,-1.29468,
30910.7,0,-0.0690291,0.0221407,0.076699,1.91356,1.85955,-0.552054,-0.53726,0,0.0905049,0,0.0337476,0,-1.29468,
30930.7,0,-0.0874369,0.0201363,0.0690291,1.91561,1.86415,-0.552099,-0.541862,0,0.305262,0,0.0598252,0,-1.29928,
30950.7,0,-0.0874369,0.0196349,0.0690291,1.91613,1.86415,-0.55211,-0.541862,0,0.305262,0,0.0598252,0,-1.29928,
30970.6,0,-0.0874369,0.018632,0.0690291,1.91715,1.86415,-0.55213,-0.541862,0,0.305262,0,0.0598252,0,-1.29928,
30990.6,0,-0.0874369,0.0176287,0.0690291,1.91817,1.86415,-0.55215,-0.541862,0,0.305262,0,0.0598252,0,-1.29928,
31010.6,0,-0.0874369,0.016625,0.0690291,1.91919,1.86415,-0.552168,-0.541862,0,0.305262,0,0.0598252,0,-1.29928,
31030.6,0,-0.0276117,0.0156209,0.0429515,1.92022,1.90097,-0.552185,-0.547997,0,0.0322136,0,0.0153398,0,-1.29315,
31050.7,0,-0.0276117,0.0146165,0.0429515,1.92124,1.90097,-0.552202,-0.547997,0,0.0322136,0,0.0153398,0,-1.29315,
31070.7,0,-0.0276117,0.0126066,0.0429515,1.92327,1.90097,-0.552231,-0.547997,0,0.0322136,0,0.0153398,0,-1.29315,
31090.7,0,-0.0276117,0.0116011,0.0429515,1.92429,1.90097,-0.552244,-0.547997,0,0.0322136,0,0.0153398,0,-1.29315,
31110.6,0,-0.0276117,0.00958891,0.0429515,1.92633,1.90097,-0.552267,-0.547997,0,0.0322136,0,0.0153398,0,-1.29315,
31130.6,0,-0.00920388,0.00707158,0.0291456,1.92887,1.91017,-0.552289,-0.547997,0,-0.0107379,0,0.0138058,0,-1.29315,
31150.6,0,-0.00920388,0.00505602,0.0291456,1.9309,1.91017,-0.552302,-0.547997,0,-0.0107379,0,0.0138058,0,-1.29315,
31170.6,0,-0.00920388,0.000515378,0.0291456,1.93545,1.91017,-0.552316,-0.547997,0,-0.0107379,0,0.0138058,0,-1.29315,
31190.7,0,-0.00920388,-0.00251609,0.0291456,1.93848,1.91017,-0.552313,-0.547997,0,-0.0107379,0,0.0138058,0,-1.29315,
31210.6,0,-0.00920388,-0.00403315,0.0291456,1.93999,1.91017,-0.552307,-0.547997,0,-0.0107379,0,0.0138058,0,-1.29315,
31230.7,0,-0.00153398,-0.00504501,0.0230097,1.941,1.91938,-0.552302,-0.551065,0,-0.0107379,0,0.0138058,0,-1.29161,
31250.7,0,-0.00153398,-0.00808301,0.0230097,1.94401,1.91938,-0.552281,-0.551065,0,-0.0107379,0,0.0138058,0,-1.29161,
31270.7,0,-0.00153398,-0.00960336,0.0230097,1.94552,1.91938,-0.552267,-0.551065,0,-0.0107379,0,0.0138058,0,-1.29161,
31290.7,0,-0.00153398,-0.0101103,0.0230097,1.94602,1.91938,-0.552261,-0.551065,0,-0.0107379,0,0.0138058,0,-1.29161,
31310.7,0,-0.00153398,-0.0121393,0.0230097,1.94803,1.91938,-0.552237,-0.551065,0,-0.0107379,0,0.0138058,0,-1.29161,
31330.6,0,0,-0.018236,0.0214757,1.95402,1.91938,-0.552138,-0.546463,0,-0.0122718,0,0.0122718,0,-1.29315,
31350.6,0,0,-0.0217993,0.0214757,1.95751,1.91938,-0.552062,-0.546463,0,-0.0122718,0,0.0122718,0,-1.29315,
31370.7,0,0,-0.0243477,0.0214757,1.96,1.91938,-0.551999,-0.546463,0,-0.0122718,0,0.0122718,0,-1.29315,
31390.7,0,0,-0.0243477,0.0214757,1.96,1.91938,-0.551999,-0.546463,0,-0.0122718,0,0.0122718,0,-1.29315,
31410.6,0,0,-0.0243477,0.0214757,1.96,1.91938,-0.551999,-0.546463,0,-0.0122718,0,0.0122718,0,-1.29315,
31430.6,0,0,0.0107379,0.0107379,1.93011,1.93011,-0.551999,-0.546463,-0.0107379,-0.0107379,0.0122718,0.0122718,-1.29315,-1.29315,
31450.7,0,0,0.0107379,0.0107379,1.93011,1.93011,-0.551999,-0.546463,-0.0107379,-0.0107379,0.0122718,0.0122718,-1.29315,-1.29315,
31470.6,0,0,0.0107379,0.0107379,1.93011,1.93011,-0.551999,-0.546463,-0.0107379,-0.0107379,0.0122718,0.0122718,-1.29315,-1.29315,
31490.6,0,0,0.0107379,0.0107379,1.93011,1.93011,-0.551999,-0.546463,-0.0107379,-0.0107379,0.0122718,0.0122718,-1.29315,-1.29315,
31510.6,0,0,0.0107379,0.0107379,1.93011,1.93011,-0.551999,-0.546463,-0.0107379,-0.0107379,0.0122718,0.0122718,-1.29315,-1.29315,
31530.6,0,0.00153398,-0.00920388,-0.00920388,1.95006,1.95006,-0.551999,-0.547997,-0.0107379,-0.00920388,0.0122718,0.0122718,-1.29315,-1.29315,
31550.7,0,0.00153398,-0.00920388,-0.00920388,1.95006,1.95006,-0.551999,-0.547997,-0.0107379,-0.00920388,0.0122718,0.0122718,-1.29315,-1.29315,
31570.7,0,0.00153398,-0.00920388,-0.00920388,1.95006,1.95006,-0.551999,-0.547997,-0.0107379,-0.00920388,0.0122718,0.0122718,-1.29315,-1.29315,
31590.7,0,0.00153398,-0.00920388,-0.00920388,1.95006,1.95006,-0.551999,-0.547997,-0.0107379,-0.00920388,0.0122718,0.0122718,-1.29315,-1.29315,
31610.7,0,0.00153398,-0.00920388,-0.00920388,1.95006,1.95006,-0.551999,-0.547997,-0.0107379,-0.00920388,0.0122718,0.0122718,-1.29315,-1.29315,
31630.7,0,0.00153398,-0.00920388,-0.0168738,1.95006,1.95926,-0.551999,-0.547997,-0.0107379,-0.00920388,0.0122718,0.0122718,-1.29315,-1.29315,
31650.7,0,0.00153398,-0.00920388,-0.0168738,1.95006,1.95926,-0.551999,-0.547997,-0.0107379,-0.00920388,0.0122718,0.0122718,-1.29315,-1.29315,
31670.8,0,0.00153398,-0.00920388,-0.0168738,1.95006,1.95926,-0.551999,-0.547997,-0.0107379,-0.00920388,0.0122718,0.0122718,-1.29315,-1.29315,
31690.8,0,0.00153398,-0.00920388,-0.0168738,1.95006,1.95926,-0.551999,-0.547997,-0.0107379,-0.00920388,0.0122718,0.0122718,-1.29315,-1.29315,
31710.7,0,0.00153398,-0.0199418,-0.0199418,1.96079,1.96079,-0.551999,-0.547997,-0.0107379,-0.00920388,0.0122718,0.0122718,-1.29315,-1.29161,
31730.8,0,0.00153398,-0.0199418,-0.0199418,1.96079,1.96079,-0.551999,-0.547997,-0.0107379,-0.00920388,0.0122718,0.0122718,-1.29315,-1.29161,
31750.7,0,0.00153398,-0.0199418,-0.0199418,1.96079,1.96079,-0.551999,-0.547997,-0.0107379,-0.00920388,0.0122718,0.0122718,-1.29315,-1.29161,
31770.7,0,0.00153398,-0.0199418,-0.0199418,1.96079,1.96079,-0.551999,-0.547997,-0.0107379,-0.00920388,0.0122718,0.0122718,-1.29315,-1.29161,
31790.7,0,0.00153398,-0.0199418,-0.0199418,1.96079,1.96079,-0.551999,-0.547997,-0.0107379,-0.00920388,0.0122718,0.0122718,-1.29315,-1.29161,
31810.7,0,0.00153398,-0.0199418,-0.0199418,1.96079,1.96079,-0.551999,-0.547997,-0.0107379,-0.00920388,0.0122718,0.0122718,-1.29315,-1.29161,
31830.8,0,0.00306796,-0.0199418,-0.0214757,1.96079,1.96079,-0.551999,-0.547997,-0.0107379,-0.00920388,0.0122718,0.0122718,-1.29315,-1.29315,
31850.7,0,0.00306796,-0.0199418,-0.0214757,1.96079,1.96079,-0.551999,-0.547997,-0.0107379,-0.00920388,0.0122718,0.0122718,-1.29315,-1.29315,
31870.8,0,0.00306796,-0.0199418,-0.0214757,1.96079,1.96079,-0.551999,-0.547997,-0.0107379,-0.00920388,0.0122718,0.0122718,-1.29315,-1.29315,
31890.7,0,0.00306796,-0.0199418,-0.0214757,1.96079,1.96079,-0.551999,-0.547997,-0.0107379,-0.00920388,0.0122718,0.0122718,-1.29315,-1.29315,
31910.7,0,0.00306796,-0.0199418,-0.0214757,1.96079,1.96079,-0.551999,-0.547997,-0.0107379,-0.00920388,0.0122718,0.0122718,-1.29315,-1.29315,
31930.8,0,0.00153398,-0.0199418,-0.0199418,1.96079,1.95773,-0.551999,-0.547997,-0.0107379,-0.00613592,0.0122718,0.0138058,-1.29315,-1.29315,
31950.8,0,0.00153398,-0.0199418,-0.0199418,1.96079,1.95773,-0.551999,-0.547997,-0.0107379,-0.00613592,0.0122718,0.0138058,-1.29315,-1.29315,
31970.8,0,0.00153398,-0.0199418,-0.0199418,1.96079,1.95773,-0.551999,-0.547997,-0.0107379,-0.00613592,0.0122718,0.0138058,-1.29315,-1.29315,
31990.7,0,0.00153398,-0.0199418,-0.0199418,1.96079,1.95773,-0.551999,-0.547997,-0.0107379,-0.00613592,0.0122718,0.0138058,-1.29315,-1.29315,
32010.7,0,0.00153398,-0.0199418,-0.0199418,1.96079,1.95773,-0.551999,-0.547997,-0.0107379,-0.00613592,0.0122718,0.0138058,-1.29315,-1.29315,
32030.7,0,0.00153398,-0.0199418,-0.0107379,1.96079,1.95159,-0.551999,-0.549531,-0.0107379,-0.00460194,0.0122718,0.0138058,-1.29315,-1.29315,
32050.7,0,0.00153398,-0.0199418,-0.0107379,1.96079,1.95159,-0.551999,-0.549531,-0.0107379,-0.00460194,0.0122718,0.0138058,-1.29315,-1.29315,
32070.7,0,0.00153398,-0.0199418,-0.0107379,1.96079,1.95159,-0.551999,-0.549531,-0.0107379,-0.00460194,0.0122718,0.0138058,-1.29315,-1.29315,
32090.7,0,0.00153398,-0.0199418,-0.0107379,1.96079,1.95159,-0.551999,-0.549531,-0.0107379,-0.00460194,0.0122718,0.0138058,-1.29315,-1.29315,
32110.7,0,0.00153398,-0.0199418,-0.0184078,1.96079,1.95773,-0.551999,-0.551065,-0.0107379,-0.00460194,0.0122718,0.0138058,-1.29315,-1.29315,
32130.6,0,0.00153398,-0.0199418,-0.0184078,1.96079,1.95773,-0.551999,-0.551065,-0.0107379,-0.00460194,0.0122718,0.0138058,-1.29315,-1.29315,
32150.7,0,0.00153398,-0.0199418,-0.0184078,1.96079,1.95773,-0.551999,-0.551065,-0.0107379,-0.00460194,0.0122718,0.0138058,-1.29315,-1.29315,
32170.6,0,0.00153398,-0.0199418,-0.0184078,1.96079,1.95773,-0.551999,-0.551065,-0.0107379,-0.00460194,0.0122718,0.0138058,-1.29315,-1.29315,
32190.6,0,0.00153398,-0.0199418,-0.0184078,1.96079,1.95773,-0.551999,-0.551065,-0.0107379,-0.00460194,0.0122718,0.0138058,-1.29315,-1.29315,
32210.7,0,0.00153398,-0.0199418,-0.0199418,1.96079,1.96079,-0.551999,-0.549531,-0.0107379,-0.00460194,0.0122718,0.0138058,-1.29315,-1.29315,
32230.7,0,0.00153398,-0.0199418,-0.0199418,1.96079,1.96079,-0.551999,-0.549531,-0.0107379,-0.00460194,0.0122718,0.0138058,-1.29315,-1.29315,
32250.7,0,0.00153398,-0.0199418,-0.0199418,1.96079,1.96079,-0.551999,-0.549531,-0.0107379,-0.00460194,0.0122718,0.0138058,-1.29315,-1.29315,
32270.7,0,0.00153398,-0.0199418,-0.0199418,1.96079,1.96079,-0.551999,-0.549531,-0.0107379,-0.00460194,0.0122718,0.0138058,-1.29315,-1.29315,
32290.7,0,0.00153398,-0.0199418,-0.0199418,1.96079,1.96079,-0.551999,-0.549531,-0.0107379,-0.00460194,0.0122718,0.0138058,-1.29315,-1.29315,
32310.7,0,0.00153398,-0.0199418,-0.0214757,1.96079,1.95926,-0.551999,-0.549531,-0.0107379,-0.00460194,0.0122718,0.0138058,-1.29315,-1.29161,
32330.7,0,0.00153398,-0.0199418,-0.0214757,1.96079,1.95926,-0.551999,-0.549531,-0.0107379,-0.00460194,0.0122718,0.0138058,-1.29315,-1.29161,
32350.7,0,0.00153398,-0.0199418,-0.0214757,1.96079,1.95926,-0.551999,-0.549531,-0.0107379,-0.00460194,0.0122718,0.0138058,-1.29315,-1.29161,
32370.7,0,0.00153398,-0.0199418,-0.0214757,1.96079,1.95926,-0.551999,-0.549531,-0.0107379,-0.00460194,0.0122718,0.0138058,-1.29315,-1.29161,
32390.7,0,0.00153398,-0.0199418,-0.0214757,1.96079,1.95926,-0.551999,-0.549531,-0.0107379,-0.00460194,0.0122718,0.0138058,-1.29315,-1.29161,
32410.7,0,0.00153398,-0.0199418,-0.0214757,1.96079,1.95926,-0.551999,-0.549531,-0.0107379,-0.00460194,0.0122718,0.0138058,-1.29315,-1.29161,
32430.7,0,0.00153398,-0.0199418,-0.0214757,1.96079,1.95926,-0.551999,-0.551065,-0.0107379,-0.00460194,0.0122718,0.0138058,-1.29315,-1.29315,
32450.7,0,0.00153398,-0.0199418,-0.0214757,1.96079,1.95926,-0.551999,-0.551065,-0.0107379,-0.00460194,0.0122718,0.0138058,-1.29315,-1.29315,
32470.6,0,0.00153398,-0.0199418,-0.0214757,1.96079,1.95926,-0.551999,-0.551065,-0.0107379,-0.00460194,0.0122718,0.0138058,-1.29315,-1.29315,
32490.7,0,0.00153398,-0.0199418,-0.0214757,1.96079,1.95926,-0.551999,-0.551065,-0.0107379,-0.00460194,0.0122718,0.0138058,-1.29315,-1.29315,
32510.6,0,0.00153398,-0.0199418,-0.0214757,1.96079,1.96079,-0.551999,-0.551065,-0.0107379,-0.00460194,0.0122718,0.0122718,-1.29315,-1.29315,
32530.7,0,0.00153398,-0.0199418,-0.0214757,1.96079,1.96079,-0.551999,-0.551065,-0.0107379,-0.00460194,0.0122718,0.0122718,-1.29315,-1.29315,
32550.7,0,0.00153398,-0.0199418,-0.0214757,1.96079,1.96079,-0.551999,-0.551065,-0.0107379,-0.00460194,0.0122718,0.0122718,-1.29315,-1.29315,
32570.7,0,0.00153398,-0.0199418,-0.0214757,1.96079,1.96079,-0.551999,-0.551065,-0.0107379,-0.00460194,0.0122718,0.0122718,-1.29315,-1.29315,
32590.7,0,0.00153398,-0.025878,-0.0214757,1.96149,1.96079,-0.551957,-0.551065,0,-0.00460194,0,0.0122718,0,-1.29315,
32610.7,0,0.00153398,-0.0330323,-0.0214757,1.96841,1.95926,-0.551732,-0.551065,0,-0.00460194,0,0.0122718,0,-1.29315,
32630.7,0,0.00153398,-0.0350803,-0.0214757,1.97039,1.95926,-0.551657,-0.551065,0,-0.00460194,0,0.0122718,0,-1.29315,
32650.6,0,0.00153398,-0.0376428,-0.0214757,1.97285,1.95926,-0.551558,-0.551065,0,-0.00460194,0,0.0122718,0,-1.29315,
32673.2,0,0.00153398,-0.0396948,-0.0214757,1.97482,1.95926,-0.551473,-0.551065,0,-0.00460194,0,0.0122718,0,-1.29315,
32690.6,0,0.00153398,-0.0417486,-0.0214757,1.97678,1.95926,-0.551383,-0.551065,0,-0.00460194,0,0.0122718,0,-1.29315,
32712.9,0,0.00153398,-0.045347,-0.0214757,1.98021,1.95926,-0.551216,-0.551065,0,-0.00460194,0,0.0122718,0,-1.29315,
32730.7,0,0.00153398,-0.0484359,-0.0214757,1.98315,1.95926,-0.551061,-0.551065,0,-0.00460194,0,0.0122718,0,-1.29315,
32750.6,0,0.00153398,-0.0515289,-0.0214757,1.98607,1.95926,-0.550895,-0.551065,0,-0.00460194,0,0.0122718,0,-1.29315,
32770.6,0,0.00153398,-0.053077,-0.0214757,1.98754,1.95926,-0.550809,-0.551065,0,-0.00460194,0,0.0122718,0,-1.29315,
32790.6,0,0.00153398,-0.0561763,-0.0245437,1.99045,1.96233,-0.550628,-0.551065,0,-0.00460194,0,0.0122718,0,-1.29315,
32810.7,0,0.00153398,-0.0577275,-0.0245437,1.99191,1.96233,-0.550533,-0.551065,0,-0.00460194,0,0.0122718,0,-1.29315,
32830.6,0,0.00153398,-0.0597975,-0.0245437,1.99385,1.96233,-0.550403,-0.551065,0,-0.00460194,0,0.0122718,0,-1.29315,
32850.6,0,0.00153398,-0.0665383,-0.0245437,2.00014,1.96233,-0.549948,-0.551065,0,-0.00460194,0,0.0122718,0,-1.29315,
32870.6,0,0.00153398,-0.0764273,-0.0245437,2.00927,1.96233,-0.549193,-0.551065,0,-0.00460194,0,0.0122718,0,-1.29315,
32890.8,0,0.00153398,-0.0774709,-0.0245437,2.01023,1.96233,-0.549107,-0.551065,0,-0.00460194,0,0.0122718,0,-1.29315,
32910.6,0,0.00153398,-0.0995046,-0.0245437,2.03018,1.96233,-0.547026,-0.551065,0,-0.00460194,0,0.0122718,0,-1.29315,
32930.6,0,0.00153398,-0.110079,-0.0245437,2.03957,1.96233,-0.545844,-0.551065,0,-0.00460194,0,0.0122718,0,-1.29315,
32950.6,0,0.00153398,-0.122308,-0.0245437,2.05029,1.96233,-0.54433,-0.551065,0,-0.00460194,0,0.0122718,0,-1.29315,
32970.7,0,0.00153398,-0.133003,-0.0245437,2.05953,1.96233,-0.542877,-0.551065,0,-0.00460194,0,0.0122718,0,-1.29315,
32990.7,0,0.00153398,-0.135149,-0.0245437,2.06137,1.96233,-0.542571,-0.551065,0,-0.00460194,0,0.0122718,0,-1.29315,
33010.7,0,0.00153398,-0.137835,-0.0245437,2.06367,1.96233,-0.542182,-0.551065,0,-0.00460194,0,0.0122718,0,-1.29315,
33030.7,0,0.00153398,-0.139986,-0.0245437,2.0655,1.96233,-0.541864,-0.551065,0,-0.00460194,0,0.0122718,0,-1.29315,
33050.6,0,0.00153398,-0.143218,-0.0245437,2.06825,1.96233,-0.541378,-0.551065,0,-0.00460194,0,0.0122718,0,-1.29315,
33070.7,0,0.00153398,-0.152403,-0.0245437,2.07599,1.96233,-0.539936,-0.551065,0,-0.00460194,0,0.0122718,0,-1.29315,
33090.6,0,0.00153398,-0.154029,-0.0245437,2.07735,1.96233,-0.539671,-0.551065,0,-0.00460194,0,0.0122718,0,-1.29315,
33110.7,0,0.00153398,-0.158913,-0.0245437,2.08142,1.96233,-0.53886,-0.551065,0,-0.00460194,0,0.0122718,0,-1.29315,
33130.7,0,0.00153398,-0.166537,-0.0245437,2.08773,1.96233,-0.537545,-0.551065,0,-0.00460194,0,0.0122718,0,-1.29315,
33150.7,0,0.00153398,-0.173096,-0.0245437,2.09311,1.96233,-0.536365,-0.551065,0,-0.00460194,0,0.0122718,0,-1.29315,
33170.7,0,0.00153398,-0.17913,-0.0245437,2.09802,1.96233,-0.53524,-0.551065,0,-0.00460194,0,0.0122718,0,-1.29315,
33190.7,0,0,-0.182979,-0.130388,2.10113,2.0605,-0.534503,-0.54493,0,-0.00153398,0,0.0122718,0,-1.29315,
33210.7,0,0,-0.182979,-0.130388,2.10113,2.0605,-0.534503,-0.54493,0,-0.00153398,0,0.0122718,0,-1.29315,
33230.7,0,0,-0.16567,-0.16567,2.10113,2.09425,-0.534503,-0.53726,0,-0.00153398,0.0122718,0.0122718,-1.29161,-1.29161,
33250.7,0,0,-0.16567,-0.16567,2.10113,2.09425,-0.534503,-0.53726,0,-0.00153398,0.0122718,0.0122718,-1.29161,-1.29161,
33270.7,0,0,-0.16567,-0.16567,2.10113,2.09425,-0.534503,-0.53726,0,-0.00153398,0.0122718,0.0122718,-1.29161,-1.29161,
33290.7,0,0,-0.16567,-0.16567,2.10113,2.09425,-0.534503,-0.53726,0,-0.00153398,0.0122718,0.0122718,-1.29161,-1.29161,
33310.6,0,0.00153398,-0.16567,-0.184078,2.10113,2.10652,-0.534503,-0.531124,0,-0.00306796,0.0122718,0.0122718,-1.29161,-1.29315,
33330.6,0,0.00153398,-0.184078,-0.184078,2.10113,2.10652,-0.534503,-0.531124,0,-0.00306796,0.0122718,0.0122718,-1.29161,-1.29315,
33350.7,0,0.00153398,-0.184078,-0.184078,2.10113,2.10652,-0.534503,-0.531124,0,-0.00306796,0.0122718,0.0122718,-1.29161,-1.29315,
33370.6,0,0.00153398,-0.184078,-0.184078,2.10113,2.10652,-0.534503,-0.531124,0,-0.00306796,0.0122718,0.0122718,-1.29161,-1.29315,
33390.7,0,0.00153398,-0.184078,-0.184078,2.10113,2.10652,-0.534503,-0.531124,0,-0.00306796,0.0122718,0.0122718,-1.29161,-1.29315,
33410.7,0,0.00153398,-0.184078,-0.184078,2.10113,2.10652,-0.534503,-0.531124,0,-0.00306796,0.0122718,0.0122718,-1.29161,-1.29315,
33430.7,0,0,-0.184078,-0.190214,2.10113,2.10806,-0.534503,-0.531124,0,-0.00306796,0.0122718,0.0122718,-1.29161,-1.29161,
33450.6,0,0,-0.184078,-0.190214,2.10113,2.10806,-0.534503,-0.531124,0,-0.00306796,0.0122718,0.0122718,-1.29161,-1.29161,
33470.7,0,0,-0.184078,-0.190214,2.10113,2.10806,-0.534503,-0.531124,0,-0.00306796,0.0122718,0.0122718,-1.29161,-1.29161,
33490.7,0,0,-0.184078,-0.190214,2.10113,2.10806,-0.534503,-0.531124,0,-0.00306796,0.0122718,0.0122718,-1.29161,-1.29161,
33510.7,0,0,-0.184078,-0.190214,2.10113,2.10806,-0.534503,-0.531124,0,-0.00306796,0.0122718,0.0122718,-1.29161,-1.29161,
33530.8,0,0,-0.184078,-0.190214,2.10113,2.10652,-0.534503,-0.531124,0,-0.00306796,0.0122718,0.0122718,-1.29161,-1.29315,
33550.7,0,0,-0.184078,-0.190214,2.10113,2.10652,-0.534503,-0.531124,0,-0.00306796,0.0122718,0.0122718,-1.29161,-1.29315,
33570.8,0,0,-0.184078,-0.190214,2.10113,2.10652,-0.534503,-0.531124,0,-0.00306796,0.0122718,0.0122718,-1.29161,-1.29315,
33590.8,0,0,-0.184078,-0.190214,2.10113,2.10652,-0.534503,-0.531124,0,-0.00306796,0.0122718,0.0122718,-1.29161,-1.29315,
33610.7,0,0,-0.184078,-0.190214,2.10113,2.10652,-0.534503,-0.531124,0,-0.00306796,0.0122718,0.0122718,-1.29161,-1.29315,
33630.7,0,0.00153398,-0.184078,-0.191748,2.10113,2.10806,-0.534503,-0.532658,0,-0.00306796,0.0122718,0.0122718,-1.29161,-1.29315,
33650.7,0,0.00153398,-0.184078,-0.191748,2.10113,2.10806,-0.534503,-0.532658,0,-0.00306796,0.0122718,0.0122718,-1.29161,-1.29315,
33670.6,0,0.00153398,-0.184078,-0.191748,2.10113,2.10806,-0.534503,-0.532658,0,-0.00306796,0.0122718,0.0122718,-1.29161,-1.29315,
33690.7,0,0.00153398,-0.184078,-0.191748,2.10113,2.10806,-0.534503,-0.532658,0,-0.00306796,0.0122718,0.0122718,-1.29161,-1.29315,
33710.8,0,0.00153398,-0.182429,-0.191748,2.10069,2.10806,-0.534609,-0.532658,0,-0.00306796,0,0.0122718,0,-1.29315,
33730.6,0,0.00153398,-0.180778,-0.191748,2.09936,2.10806,-0.534927,-0.532658,0,-0.00306796,0,0.0122718,0,-1.29315,
33750.7,0,0.00153398,-0.17858,-0.190214,2.09758,2.10652,-0.535344,-0.532658,0,-0.00306796,0,0.0122718,0,-1.29315,
33770.7,0,0.00153398,-0.175836,-0.190214,2.09535,2.10652,-0.535859,-0.532658,0,-0.00306796,0,0.0122718,0,-1.29315,
33790.7,0,0.00153398,-0.172549,-0.190214,2.09267,2.10652,-0.536465,-0.532658,0,-0.00306796,0,0.0122718,0,-1.29315,
33810.6,0,0.00153398,-0.170361,-0.190214,2.09087,2.10652,-0.536863,-0.532658,0,-0.00306796,0,0.0122718,0,-1.29315,
33830.7,0,0.00153398,-0.165446,-0.185612,2.08683,2.10499,-0.537737,-0.534192,0,-0.00153398,0,0.0122718,0,-1.29315,
33850.6,0,0.00153398,-0.160544,-0.185612,2.08278,2.10499,-0.538584,-0.534192,0,-0.00153398,0,0.0122718,0,-1.29315,
33870.6,0,0.00153398,-0.154029,-0.185612,2.07735,2.10499,-0.539671,-0.534192,0,-0.00153398,0,0.0122718,0,-1.29315,
33890.6,0,0.00153398,-0.150779,-0.185612,2.07463,2.10499,-0.540197,-0.534192,0,-0.00153398,0,0.0122718,0,-1.29315,
33910.6,0,0.00153398,-0.146455,-0.185612,2.07098,2.10499,-0.54088,-0.534192,0,-0.00153398,0,0.0122718,0,-1.29315,
33930.6,0,0,-0.145375,-0.184078,2.07007,2.10345,-0.541047,-0.534192,0,-0.00153398,0,0.0122718,0,-1.29315,
33950.6,0,0,-0.143757,-0.184078,2.0687,2.10345,-0.541295,-0.534192,0,-0.00153398,0,0.0122718,0,-1.29315,
33970.7,0,0,-0.14214,-0.184078,2.06733,2.10345,-0.541541,-0.534192,0,-0.00153398,0,0.0122718,0,-1.29315,
33990.6,0,0,-0.139986,-0.184078,2.0655,2.10345,-0.541864,-0.534192,0,-0.00153398,0,0.0122718,0,-1.29315,
34010.6,0,0,-0.138373,-0.184078,2.06413,2.10345,-0.542103,-0.534192,0,-0.00153398,0,0.0122718,0,-1.29315,
34030.6,0,0,-0.135149,-0.17334,2.06137,2.09425,-0.542571,-0.53726,0,0,0,0.0107379,0,-1.29315,
34050.7,0,0,-0.131931,-0.17334,2.05861,2.09425,-0.543029,-0.53726,0,0,0,0.0107379,0,-1.29315,
34070.7,0,0,-0.129789,-0.17334,2.05677,2.09425,-0.543327,-0.53726,0,0,0,0.0107379,0,-1.29315,
34090.6,0,0,-0.127648,-0.17334,2.05492,2.09425,-0.54362,-0.53726,0,0,0,0.0107379,0,-1.29315,
34110.7,0,0,-0.125511,-0.17334,2.05307,2.09425,-0.543908,-0.53726,0,0,0,0.0107379,0,-1.29315,
34130.7,0,0,-0.122842,-0.159534,2.05075,2.08198,-0.544261,-0.540328,0,0,0,0.0122718,0,-1.29315,
34150.6,0,0,-0.119643,-0.159534,2.04797,2.08198,-0.544674,-0.540328,0,0,0,0.0122718,0,-1.29315,
34170.6,0,0,-0.117514,-0.159534,2.04611,2.08198,-0.544943,-0.540328,0,0,0,0.0122718,0,-1.29315,
34190.7,0,0,-0.114856,-0.159534,2.04378,2.08198,-0.545272,-0.540328,0,0,0,0.0122718,0,-1.29315,
34210.7,0,0,-0.114856,-0.145728,2.04378,2.07124,-0.545272,-0.543396,0,0,0,0.0122718,0,-1.29315,
34230.6,0,0,-0.106372,-0.145728,2.03629,2.07124,-0.546272,-0.543396,0,0,0,0.0122718,0,-1.29315,
34250.7,0,0,-0.0984502,-0.145728,2.02924,2.07124,-0.547137,-0.543396,0,0,0,0.0122718,0,-1.29315,
34270.6,0,0,-0.0952899,-0.145728,2.0264,2.07124,-0.547463,-0.543396,0,0,0,0.0122718,0,-1.29315,
34290.6,0,0,-0.0905585,-0.145728,2.02214,2.07124,-0.547933,-0.543396,0,0,0,0.0122718,0,-1.29315,
34310.6,0,0,-0.0879346,-0.145728,2.01977,2.07124,-0.548183,-0.543396,0,0,0,0.0122718,0,-1.29315,
34330.7,0,0,-0.0842665,-0.145728,2.01644,2.07124,-0.54852,-0.543396,0,0,0,0.0122718,0,-1.29315,
34350.8,0,0,-0.0811274,-0.145728,2.01358,2.07124,-0.548797,-0.543396,0,0,0,0.0122718,0,-1.29315,
34370.7,0,0,-0.0759058,-0.12732,2.00879,2.05437,-0.549235,-0.54493,0,0,0,0.0122718,0,-1.29315,
34390.8,0,0,-0.0759058,-0.12732,2.00879,2.05437,-0.549235,-0.54493,0,0,0,0.0122718,0,-1.29315,
34410.7,0,0,-0.0759058,-0.12732,2.00879,2.05437,-0.549235,-0.54493,0,0,0,0.0122718,0,-1.29315,
34430.8,0,0,-0.104311,-0.104311,2.03442,2.03442,-0.549235,-0.547997,0,0,0.0122718,0.0122718,-1.29161,-1.29161,
34450.8,0,0,-0.104311,-0.104311,2.03442,2.03442,-0.549235,-0.547997,0,0,0.0122718,0.0122718,-1.29161,-1.29161,
34470.8,0,0,-0.104311,-0.104311,2.03442,2.03442,-0.549235,-0.547997,0,0,0.0122718,0.0122718,-1.29161,-1.29161,
34490.7,0,0,-0.104311,-0.104311,2.03442,2.03442,-0.549235,-0.547997,0,0,0.0122718,0.0122718,-1.29161,-1.29161,
34510.6,0,0,-0.0920388,-0.0920388,2.02369,2.02369,-0.549235,-0.547997,0,-0.00153398,0.0122718,0.0107379,-1.29161,-1.29315,
34530.6,0,0,-0.0920388,-0.0920388,2.02369,2.02369,-0.549235,-0.547997,0,-0.00153398,0.0122718,0.0107379,-1.29161,-1.29315,
34550.6,0,0,-0.0920388,-0.0920388,2.02369,2.02369,-0.549235,-0.547997,0,-0.00153398,0.0122718,0.0107379,-1.29161,-1.29315,
34570.7,0,0,-0.0920388,-0.0920388,2.02369,2.02369,-0.549235,-0.547997,0,-0.00153398,0.0122718,0.0107379,-1.29161,-1.29315,
34590.7,0,0,-0.0920388,-0.0920388,2.02369,2.02369,-0.549235,-0.547997,0,-0.00153398,0.0122718,0.0107379,-1.29161,-1.29315,
34610.6,0,0,-0.0920388,-0.0920388,2.02369,2.02369,-0.549235,-0.547997,0,-0.00153398,0.0122718,0.0107379,-1.29161,-1.29315,
34630.6,0,0,-0.081301,-0.081301,2.02369,2.01448,-0.549235,-0.547997,0,0,0.0122718,0.0107379,-1.29161,-1.29315,
34650.6,0,0,-0.081301,-0.081301,2.02369,2.01448,-0.549235,-0.547997,0,0,0.0122718,0.0107379,-1.29161,-1.29315,
34670.7,0,0,-0.081301,-0.081301,2.02369,2.01448,-0.549235,-0.547997,0,0,0.0122718,0.0107379,-1.29161,-1.29315,
34690.6,0,0,-0.081301,-0.081301,2.02369,2.01448,-0.549235,-0.547997,0,0,0.0122718,0.0107379,-1.29161,-1.29315,
34710.7,0,0,-0.081301,-0.081301,2.02369,2.01448,-0.549235,-0.547997,0,0,0.0122718,0.0107379,-1.29161,-1.29315,
34730.6,0,0.00153398,-0.081301,-0.078233,2.01142,2.01142,-0.549235,-0.547997,0,0,0.0122718,0.0107379,-1.29161,-1.29315,
34750.7,0,0.00153398,-0.081301,-0.078233,2.01142,2.01142,-0.549235,-0.547997,0,0,0.0122718,0.0107379,-1.29161,-1.29315,
34770.7,0,0.00153398,-0.081301,-0.078233,2.01142,2.01142,-0.549235,-0.547997,0,0,0.0122718,0.0107379,-1.29161,-1.29315,
34790.7,0,0.00153398,-0.081301,-0.078233,2.01142,2.01142,-0.549235,-0.547997,0,0,0.0122718,0.0107379,-1.29161,-1.29315,
34810.8,0,0.00153398,-0.081301,-0.078233,2.01142,2.01142,-0.549235,-0.547997,0,0,0.0122718,0.0107379,-1.29161,-1.29315,
34830.8,0,0,-0.081301,-0.076699,2.01142,2.01142,-0.549235,-0.549531,0,0,0.0122718,0.0107379,-1.29161,-1.29315,
34850.7,0,0,-0.081301,-0.076699,2.01142,2.01142,-0.549235,-0.549531,0,0,0.0122718,0.0107379,-1.29161,-1.29315,
34870.7,0,0,-0.081301,-0.076699,2.01142,2.01142,-0.549235,-0.549531,0,0,0.0122718,0.0107379,-1.29161,-1.29315,
34890.7,0,0,-0.081301,-0.076699,2.01142,2.01142,-0.549235,-0.549531,0,0,0.0122718,0.0107379,-1.29161,-1.29315,
34910.7,0,0.00153398,-0.081301,-0.078233,2.01142,2.01448,-0.549235,-0.549531,0,-0.00153398,0.0122718,0.0107379,-1.29161,-1.29315,
34930.8,0,0.00153398,-0.081301,-0.078233,2.01142,2.01448,-0.549235,-0.549531,0,-0.00153398,0.0122718,0.0107379,-1.29161,-1.29315,
34950.8,0,0.00153398,-0.081301,-0.078233,2.01142,2.01448,-0.549235,-0.549531,0,-0.00153398,0.0122718,0.0107379,-1.29161,-1.29315,
34970.8,0,0.00153398,-0.081301,-0.078233,2.01142,2.01448,-0.549235,-0.549531,0,-0.00153398,0.0122718,0.0107379,-1.29161,-1.29315,
34990.8,0,0.00153398,-0.081301,-0.078233,2.01142,2.01448,-0.549235,-0.549531,0,-0.00153398,0.0122718,0.0107379,-1.29161,-1.29315,
35010.8,0,0.00153398,-0.081301,-0.078233,2.01142,2.01448,-0.549235,-0.549531,0,-0.00153398,0.0122718,0.0107379,-1.29161,-1.29315,
35030.7,0,0.00153398,-0.081301,-0.0859029,2.01142,2.01755,-0.549235,-0.547997,0,0,0.0122718,0.0107379,-1.29161,-1.29315,
35050.7,0,0.00153398,-0.081301,-0.0859029,2.01142,2.01755,-0.549235,-0.547997,0,0,0.0122718,0.0107379,-1.29161,-1.29315,
35070.7,0,0.00153398,-0.081301,-0.0859029,2.01142,2.01755,-0.549235,-0.547997,0,0,0.0122718,0.0107379,-1.29161,-1.29315,
35090.7,0,0.00153398,-0.081301,-0.0859029,2.01142,2.01755,-0.549235,-0.547997,0,0,0.0122718,0.0107379,-1.29161,-1.29315,
35110.6,0,0,-0.081301,-0.082835,2.01142,2.01448,-0.549235,-0.547997,0,0,0.0122718,0.0107379,-1.29161,-1.29315,
35130.6,0,0,-0.081301,-0.082835,2.01142,2.01448,-0.549235,-0.547997,0,0,0.0122718,0.0107379,-1.29161,-1.29315,
35150.6,0,0,-0.081301,-0.082835,2.01142,2.01448,-0.549235,-0.547997,0,0,0.0122718,0.0107379,-1.29161,-1.29315,
35170.6,0,0,-0.081301,-0.082835,2.01142,2.01448,-0.549235,-0.547997,0,0,0.0122718,0.0107379,-1.29161,-1.29315,
35190.6,0,0,-0.081301,-0.082835,2.01142,2.01448,-0.549235,-0.547997,0,0,0.0122718,0.0107379,-1.29161,-1.29315,
35210.6,0,0,-0.081301,-0.082835,2.01142,2.01448,-0.549235,-0.547997,0,0,0.0122718,0.0107379,-1.29161,-1.29315,
35230.7,0,0,-0.081301,-0.081301,2.01142,2.01295,-0.549235,-0.547997,0,0,0.0122718,0.0107379,-1.29161,-1.29315,
35250.8,0,0,-0.081301,-0.081301,2.01142,2.01295,-0.549235,-0.547997,0,0,0.0122718,0.0107379,-1.29161,-1.29315,
35270.7,0,0,-0.081301,-0.081301,2.01142,2.01295,-0.549235,-0.547997,0,0,0.0122718,0.0107379,-1.29161,-1.29315,
35290.7,0,0,-0.081301,-0.081301,2.01142,2.01295,-0.549235,-0.547997,0,0,0.0122718,0.0107379,-1.29161,-1.29315,
35310.6,0,0,-0.081301,-0.081301,2.01142,2.01448,-0.549235,-0.547997,0,0,0.0122718,0.0107379,-1.29161,-1.29161,
35330.7,0,0,-0.081301,-0.081301,2.01142,2.01448,-0.549235,-0.547997,0,0,0.0122718,0.0107379,-1.29161,-1.29161,
35350.7,0,0,-0.081301,-0.081301,2.01142,2.01448,-0.549235,-0.547997,0,0,0.0122718,0.0107379,-1.29161,-1.29161,
35370.7,0,0,-0.081301,-0.081301,2.01142,2.01448,-0.549235,-0.547997,0,0,0.0122718,0.0107379,-1.29161,-1.29161,
35390.7,0,0,-0.081301,-0.081301,2.01142,2.01448,-0.549235,-0.547997,0,0,0.0122718,0.0107379,-1.29161,-1.29161,
35410.8,0,0,-0.081301,-0.079767,2.01142,2.01295,-0.549235,-0.547997,0,0,0.0122718,0.0107379,-1.29161,-1.29161,
35430.8,0,0,-0.081301,-0.079767,2.01142,2.01295,-0.549235,-0.547997,0,0,0.0122718,0.0107379,-1.29161,-1.29161,
35450.8,0,0,-0.081301,-0.079767,2.01142,2.01295,-0.549235,-0.547997,0,0,0.0122718,0.0107379,-1.29161,-1.29161,
35470.7,0,0,-0.081301,-0.079767,2.01142,2.01295,-0.549235,-0.547997,0,0,0.0122718,0.0107379,-1.29161,-1.29161,
35490.7,0,0,-0.081301,-0.079767,2.01142,2.01295,-0.549235,-0.547997,0,0,0.0122718,0.0107379,-1.29161,-1.29161,
35510.7,0,0,-0.081301,-0.079767,2.01142,2.01295,-0.549235,-0.547997,0,0,0.0122718,0.0107379,-1.29161,-1.29315,
35530.8,0,0,-0.081301,-0.079767,2.01142,2.01295,-0.549235,-0.547997,0,0,0.0122718,0.0107379,-1.29161,-1.29315,
35550.7,0,0,-0.081301,-0.079767,2.01142,2.01295,-0.549235,-0.547997,0,0,0.0122718,0.0107379,-1.29161,-1.29315,
35570.7,0,0,-0.081301,-0.079767,2.01142,2.01295,-0.549235,-0.547997,0,0,0.0122718,0.0107379,-1.29161,-1.29315,
35590.7,0,0,-0.081301,-0.079767,2.01142,2.01295,-0.549235,-0.547997,0,0,0.0122718,0.0107379,-1.29161,-1.29315,
35610.7,0,0,-0.081301,-0.079767,2.01142,2.01295,-0.549235,-0.547997,0,0,0.0122718,0.0107379,-1.29161,-1.29315,
35630.7,0,0,-0.081301,-0.079767,2.01142,2.01295,-0.549235,-0.547997,0,0,0.0122718,0.0107379,-1.29161,-1.29315,
35650.7,0,0,-0.081301,-0.079767,2.01142,2.01295,-0.549235,-0.547997,0,0,0.0122718,0.0107379,-1.29161,-1.29315,
35670.6,0,0,-0.081301,-0.079767,2.01142,2.01295,-0.549235,-0.547997,0,0,0.0122718,0.0107379,-1.29161,-1.29315,
35690.7,0,0,-0.081301,-0.079767,2.01142,2.01295,-0.549235,-0.547997,0,0,0.0122718,0.0107379,-1.29161,-1.29315,
35710.6,0,0,-0.081301,-0.079767,2.01142,2.01295,-0.549235,-0.547997,0,-0.00153398,0.0122718,0.0107379,-1.29161,-1.29315,
35730.7,0,0,-0.081301,-0.079767,2.01142,2.01295,-0.549235,-0.547997,0,-0.00153398,0.0122718,0.0107379,-1.29161,-1.29315,
35750.7,0,0,-0.081301,-0.079767,2.01142,2.01295,-0.549235,-0.547997,0,-0.00153398,0.0122718,0.0107379,-1.29161,-1.29315,
35770.7,0,0,-0.081301,-0.079767,2.01142,2.01295,-0.549235,-0.547997,0,-0.00153398,0.0122718,0.0107379,-1.29161,-1.29315,
35790.8,0,0,-0.081301,-0.079767,2.01142,2.01295,-0.549235,-0.547997,0,-0.00153398,0.0122718,0.0107379,-1.29161,-1.29315,
35810.6,0,0,-0.081301,-0.079767,2.01142,2.01295,-0.549235,-0.547997,0,0,0.0122718,0.0107379,-1.29161,-1.29315,
35830.6,0,0,-0.081301,-0.079767,2.01142,2.01295,-0.549235,-0.547997,0,0,0.0122718,0.0107379,-1.29161,-1.29315,
35850.7,0,0,-0.081301,-0.079767,2.01142,2.01295,-0.549235,-0.547997,0,0,0.0122718,0.0107379,-1.29161,-1.29315,
35870.7,0,0,-0.081301,-0.079767,2.01142,2.01295,-0.549235,-0.547997,0,0,0.0122718,0.0107379,-1.29161,-1.29315,
35890.7,0,0,-0.081301,-0.079767,2.01142,2.01295,-0.549235,-0.547997,0,0,0.0122718,0.0107379,-1.29161,-1.29315,
35910.6,0,0,-0.081301,-0.079767,2.01142,2.01295,-0.549235,-0.547997,0,0,0.0122718,0.0107379,-1.29161,-1.29315,
35930.6,0,0,-0.081301,-0.079767,2.01142,2.01295,-0.549235,-0.547997,0,0,0.0122718,0.0107379,-1.29161,-1.29161,
35950.8,0,0,-0.081301,-0.079767,2.01142,2.01295,-0.549235,-0.547997,0,0,0.0122718,0.0107379,-1.29161,-1.29161,
35970.8,0,0,-0.081301,-0.079767,2.01142,2.01295,-0.549235,-0.547997,0,0,0.0122718,0.0107379,-1.29161,-1.29161,
35990.8,0,0,-0.081301,-0.079767,2.01142,2.01295,-0.549235,-0.547997,0,0,0.0122718,0.0107379,-1.29161,-1.29161,
36010.8,0,0,-0.081301,-0.079767,2.01142,2.01295,-0.549235,-0.547997,0,0,0.0122718,0.0107379,-1.29161,-1.29161,
36030.7,0,0,-0.081301,-0.079767,2.01142,2.01295,-0.549235,-0.547997,0,0,0.0122718,0.0107379,-1.29161,-1.29161,
36050.8,0,0,-0.081301,-0.079767,2.01142,2.01295,-0.549235,-0.547997,0,0,0.0122718,0.0107379,-1.29161,-1.29161,
36070.8,0,0,-0.081301,-0.079767,2.01142,2.01295,-0.549235,-0.547997,0,0,0.0122718,0.0107379,-1.29161,-1.29161,
36090.8,0,0,-0.081301,-0.079767,2.01142,2.01295,-0.549235,-0.547997,0,0,0.0122718,0.0107379,-1.29161,-1.29161,
36110.8,0,0,-0.081301,-0.079767,2.01142,2.01295,-0.549235,-0.547997,0,0,0.0122718,0.0107379,-1.29161,-1.29161,
36130.7,0,0,-0.081301,-0.079767,2.01142,2.01295,-0.549235,-0.547997,0,0,0.0122718,0.0107379,-1.29161,-1.29315,
36150.7,0,0,-0.081301,-0.079767,2.01142,2.01295,-0.549235,-0.547997,0,0,0.0122718,0.0107379,-1.29161,-1.29315,
36170.8,0,0,-0.081301,-0.079767,2.01142,2.01295,-0.549235,-0.547997,0,0,0.0122718,0.0107379,-1.29161,-1.29315,
36190.7,0,0,-0.0753843,-0.079767,2.00831,2.01295,-0.549277,-0.547997,0,0,0,0.0107379,0,-1.29315,
36210.6,0,0,-0.0722581,-0.079767,2.00543,2.01295,-0.549524,-0.547997,0,0,0.0107379,0.0107379,-1.29315,-1.29315,
36230.7,0,0,-0.0691363,-0.079767,2.00255,2.01295,-0.54976,-0.547997,0,0,0,0.0107379,0,-1.29315,
36250.6,0,0,-0.0670577,-0.079767,2.00062,2.01295,-0.549911,-0.547997,0,0,0,0.0107379,0,-1.29315,
36270.6,0,0,-0.0639433,-0.079767,1.99772,2.01295,-0.550129,-0.547997,0,0,0,0.0107379,0,-1.29315,
36290.6,0,0,-0.0608332,-0.079767,1.99482,2.01295,-0.550336,-0.547997,0,0,0,0.0107379,0,-1.29315,
36310.6,0,0,-0.0566933,-0.079767,1.99094,2.01295,-0.550596,-0.547997,0,0,0,0.0107379,0,-1.29315,
36330.7,0,0,-0.0499819,-0.079767,1.98461,2.01295,-0.550979,-0.547997,0,0,0,0.0107379,0,-1.29315,
36350.7,0,0,-0.078233,-0.078233,2.01142,2.01142,-0.551139,-0.547997,0,-0.00153398,0.0107379,0.0107379,-1.29315,-1.29315,
36370.7,0,0,-0.0427761,-0.078233,1.97776,2.01142,-0.551337,-0.547997,0,-0.00153398,0,0.0107379,0,-1.29315,
36390.6,0,0,-0.036105,-0.078233,1.97137,2.01142,-0.551618,-0.547997,0,-0.00153398,0,0.0107379,0,-1.29315,
36410.6,0,0,-0.0325206,-0.078233,1.96792,2.01142,-0.55175,-0.547997,0,-0.00153398,0,0.0107379,0,-1.29315,
36430.8,0,0,-0.0736311,-0.0736311,2.00528,2.00528,-0.551868,-0.549531,0,0,0.0107379,0.0107379,-1.29315,-1.29315,
36450.7,0,0,-0.0243477,-0.0736311,1.96,2.00528,-0.551999,-0.549531,0,0,0,0.0107379,0,-1.29315,
36470.8,0,0,-0.0243477,-0.0736311,1.96,2.00528,-0.551999,-0.549531,0,0,0,0.0107379,0,-1.29315,
36490.7,0,0,-0.0243477,-0.0736311,1.96,2.00528,-0.551999,-0.549531,0,0,0,0.0107379,0,-1.29315,
36510.7,0,0,-0.0243477,-0.0552233,1.96,1.98687,-0.551999,-0.549531,0,0,0,0.0107379,0,-1.29315,
36530.7,0,0,-0.0552233,-0.0552233,1.98687,1.98687,-0.551999,-0.549531,0,0,0.0107379,0.0107379,-1.29315,-1.29315,
36550.6,0,0,-0.0552233,-0.0552233,1.98687,1.98687,-0.551999,-0.549531,0,0,0.0107379,0.0107379,-1.29315,-1.29315,
36570.6,0,0,-0.0552233,-0.0552233,1.98687,1.98687,-0.551999,-0.549531,0,0,0.0107379,0.0107379,-1.29315,-1.29315,
36592.2,0,0,-0.0552233,-0.0552233,1.98687,1.98687,-0.551999,-0.549531,0,0,0.0107379,0.0107379,-1.29315,-1.29315,
36610.6,0,0,-0.0552233,-0.0552233,1.98687,1.98687,-0.551999,-0.549531,0,0,0.0107379,0.0107379,-1.29315,-1.29315,
36630.7,0,0,-0.0552233,-0.0552233,1.98687,1.98687,-0.551999,-0.549531,0,0,0.0107379,0.0107379,-1.29315,-1.29315,
36650.7,0,0,-0.0552233,-0.0460194,1.97307,1.97307,-0.551999,-0.551065,0,-0.00153398,0.0107379,0.0107379,-1.29315,-1.29161,
36670.7,0,0,-0.0552233,-0.0460194,1.97307,1.97307,-0.551999,-0.551065,0,-0.00153398,0.0107379,0.0107379,-1.29315,-1.29161,
36690.6,0,0,-0.0552233,-0.0460194,1.97307,1.97307,-0.551999,-0.551065,0,-0.00153398,0.0107379,0.0107379,-1.29315,-1.29161,
36710.7,0,0,-0.0552233,-0.0460194,1.97307,1.97307,-0.551999,-0.551065,0,-0.00153398,0.0107379,0.0107379,-1.29315,-1.29161,
36730.8,0,0,-0.0306796,-0.0306796,1.96079,1.96079,-0.551999,-0.551065,0,0,0.0107379,0.0107379,-1.29315,-1.29161,
36750.8,0,0,-0.0306796,-0.0306796,1.96079,1.96079,-0.551999,-0.551065,0,0,0.0107379,0.0107379,-1.29315,-1.29161,
36770.7,0,0,-0.0306796,-0.0306796,1.96079,1.96079,-0.551999,-0.551065,0,0,0.0107379,0.0107379,-1.29315,-1.29161,
36790.7,0,0,-0.0306796,-0.0306796,1.96079,1.96079,-0.551999,-0.551065,0,0,0.0107379,0.0107379,-1.29315,-1.29161,
36810.6,0,0,-0.0306796,-0.0306796,1.96079,1.96079,-0.551999,-0.551065,0,0,0.0107379,0.0107379,-1.29315,-1.29161,
36830.7,0,0,-0.0306796,-0.0276117,1.96079,1.95926,-0.551999,-0.551065,0,0,0.0107379,0.0107379,-1.29315,-1.29315,
36850.6,0,0,-0.0306796,-0.0276117,1.96079,1.95926,-0.551999,-0.551065,0,0,0.0107379,0.0107379,-1.29315,-1.29315,
36870.7,0,0,-0.0306796,-0.0276117,1.96079,1.95926,-0.551999,-0.551065,0,0,0.0107379,0.0107379,-1.29315,-1.29315,
36890.6,0,0,-0.0306796,-0.0276117,1.96079,1.95926,-0.551999,-0.551065,0,0,0.0107379,0.0107379,-1.29315,-1.29315,
36910.6,0,0,-0.0306796,-0.0276117,1.96079,1.95926,-0.551999,-0.551065,0,0,0.0107379,0.0107379,-1.29315,-1.29315,
36930.7,0,0,-0.0306796,-0.0276117,1.96079,1.95926,-0.551999,-0.551065,0,0,0.0107379,0.0107379,-1.29315,-1.29315,
36950.7,0,0,-0.0306796,-0.0245437,1.96079,1.95619,-0.551999,-0.549531,0,-0.00153398,0.0107379,0.0107379,-1.29315,-1.29315,
36970.7,0,0,-0.0306796,-0.0245437,1.96079,1.95619,-0.551999,-0.549531,0,-0.00153398,0.0107379,0.0107379,-1.29315,-1.29315,
36990.7,0,0,-0.0306796,-0.0245437,1.96079,1.95619,-0.551999,-0.549531,0,-0.00153398,0.0107379,0.0107379,-1.29315,-1.29315,
37010.7,0,0,-0.0306796,-0.0245437,1.96079,1.95619,-0.551999,-0.549531,0,-0.00153398,0.0107379,0.0107379,-1.29315,-1.29315,
37030.7,0,0,-0.0306796,-0.0230097,1.96079,1.95619,-0.551999,-0.551065,0,0,0.0107379,0.0107379,-1.29315,-1.29161,
37050.7,0,0,-0.0306796,-0.0230097,1.96079,1.95619,-0.551999,-0.551065,0,0,0.0107379,0.0107379,-1.29315,-1.29161,
37070.7,0,0,-0.0306796,-0.0230097,1.96079,1.95619,-0.551999,-0.551065,0,0,0.0107379,0.0107379,-1.29315,-1.29161,
37090.7,0,0,-0.0306796,-0.0230097,1.96079,1.95619,-0.551999,-0.551065,0,0,0.0107379,0.0107379,-1.29315,-1.29161,
37110.7,0,0,-0.0306796,-0.0230097,1.96079,1.95619,-0.551999,-0.551065,0,0,0.0107379,0.0107379,-1.29315,-1.29161,
37130.7,0,0,-0.0306796,-0.0291456,1.96079,1.96079,-0.551999,-0.551065,0,0,0.0107379,0.0107379,-1.29315,-1.29315,
37150.7,0,0,-0.0306796,-0.0291456,1.96079,1.96079,-0.551999,-0.551065,0,0,0.0107379,0.0107379,-1.29315,-1.29315,
37170.7,0,0,-0.0306796,-0.0291456,1.96079,1.96079,-0.551999,-0.551065,0,0,0.0107379,0.0107379,-1.29315,-1.29315,
37190.7,0,0,-0.0306796,-0.0291456,1.96079,1.96079,-0.551999,-0.551065,0,0,0.0107379,0.0107379,-1.29315,-1.29315,
37210.7,0,0,-0.0306796,-0.0291456,1.96079,1.96079,-0.551999,-0.551065,0,0,0.0107379,0.0107379,-1.29315,-1.29315,
37230.7,0,0.00153398,-0.0306796,-0.0352816,1.96079,1.96079,-0.551999,-0.549531,0,-0.00153398,0.0107379,0.0107379,-1.29315,-1.29315,
37250.8,0,0.00153398,-0.0306796,-0.0352816,1.96079,1.96079,-0.551999,-0.549531,0,-0.00153398,0.0107379,0.0107379,-1.29315,-1.29315,
37270.8,0,0.00153398,-0.0306796,-0.0352816,1.96079,1.96079,-0.551999,-0.549531,0,-0.00153398,0.0107379,0.0107379,-1.29315,-1.29315,
37290.8,0,0.00153398,-0.0306796,-0.0352816,1.96079,1.96079,-0.551999,-0.549531,0,-0.00153398,0.0107379,0.0107379,-1.29315,-1.29315,
37310.8,0,0.00153398,-0.0306796,-0.0352816,1.96079,1.96079,-0.551999,-0.549531,0,-0.00153398,0.0107379,0.0107379,-1.29315,-1.29315,
37330.8,0,0.00153398,-0.0306796,-0.0322136,1.96079,1.96079,-0.551999,-0.549531,0,-0.00153398,0.0107379,0.0107379,-1.29315,-1.29315,
37350.8,0,0.00153398,-0.0306796,-0.0322136,1.96079,1.96079,-0.551999,-0.549531,0,-0.00153398,0.0107379,0.0107379,-1.29315,-1.29315,
37371.3,0,0.00153398,-0.0306796,-0.0322136,1.96079,1.96079,-0.551999,-0.549531,0,-0.00153398,0.0107379,0.0107379,-1.29315,-1.29315,
37390.8,0,0.00153398,-0.0306796,-0.0322136,1.96079,1.96079,-0.551999,-0.549531,0,-0.00153398,0.0107379,0.0107379,-1.29315,-1.29315,
37412.9,0,0.00153398,-0.0306796,-0.0306796,1.96079,1.96079,-0.551999,-0.551065,0,-0.00153398,0.0107379,0.0107379,-1.29315,-1.29315,
37430.6,0,0.00153398,-0.0306796,-0.0306796,1.96079,1.96079,-0.551999,-0.551065,0,-0.00153398,0.0107379,0.0107379,-1.29315,-1.29315,
37450.6,0,0.00153398,-0.0306796,-0.0306796,1.96079,1.96079,-0.551999,-0.551065,0,-0.00153398,0.0107379,0.0107379,-1.29315,-1.29315,
37470.6,0,0.00153398,-0.0306796,-0.0306796,1.96079,1.96079,-0.551999,-0.551065,0,-0.00153398,0.0107379,0.0107379,-1.29315,-1.29315,
37490.6,0,0.00153398,-0.0306796,-0.0306796,1.96079,1.96079,-0.551999,-0.551065,0,-0.00153398,0.0107379,0.0107379,-1.29315,-1.29315,
37510.6,0,0.00153398,-0.0306796,-0.0291456,1.96079,1.96079,-0.551999,-0.551065,0,0,0.0107379,0.0107379,-1.29315,-1.29161,
37530.6,0,0.00153398,-0.0306796,-0.0291456,1.96079,1.96079,-0.551999,-0.551065,0,0,0.0107379,0.0107379,-1.29315,-1.29161,
37550.6,0,0.00153398,-0.0306796,-0.0291456,1.96079,1.96079,-0.551999,-0.551065,0,0,0.0107379,0.0107379,-1.29315,-1.29161,
37570.6,0,0.00153398,-0.0306796,-0.0291456,1.96079,1.96079,-0.551999,-0.551065,0,0,0.0107379,0.0107379,-1.29315,-1.29161,
37590.6,0,0.00153398,-0.0306796,-0.0291456,1.96079,1.96079,-0.551999,-0.551065,0,0,0.0107379,0.0107379,-1.29315,-1.29161,
37610.6,0,0.00153398,-0.0306796,-0.0291456,1.96079,1.96079,-0.551999,-0.551065,0,0,0.0107379,0.0107379,-1.29315,-1.29161,
37630.6,0,0,-0.0306796,-0.0291456,1.96079,1.96079,-0.551999,-0.551065,0,0,0.0107379,0.0107379,-1.29315,-1.29315,
37650.7,0,0,-0.0306796,-0.0291456,1.96079,1.96079,-0.551999,-0.551065,0,0,0.0107379,0.0107379,-1.29315,-1.29315,
37670.7,0,0,-0.0306796,-0.0291456,1.96079,1.96079,-0.551999,-0.551065,0,0,0.0107379,0.0107379,-1.29315,-1.29315,
37690.6,0,0,-0.0306796,-0.0291456,1.96079,1.96079,-0.551999,-0.551065,0,0,0.0107379,0.0107379,-1.29315,-1.29315,
37710.7,0,0.00153398,-0.0306796,-0.0291456,1.96079,1.96079,-0.551999,-0.552599,0,-0.00153398,0.0107379,0.0107379,-1.29315,-1.29161,
37730.7,0,0.00153398,-0.0306796,-0.0291456,1.96079,1.96079,-0.551999,-0.552599,0,-0.00153398,0.0107379,0.0107379,-1.29315,-1.29161,
37750.7,0,0.00153398,-0.0306796,-0.0291456,1.96079,1.96079,-0.551999,-0.552599,0,-0.00153398,0.0107379,0.0107379,-1.29315,-1.29161,
37770.7,0,0.00153398,-0.0306796,-0.0291456,1.96079,1.96079,-0.551999,-0.552599,0,-0.00153398,0.0107379,0.0107379,-1.29315,-1.29161,
37790.7,0,0.00153398,-0.0306796,-0.0291456,1.96079,1.96079,-0.551999,-0.552599,0,-0.00153398,0.0107379,0.0107379,-1.29315,-1.29161,
37810.6,0,0,-0.0306796,-0.0291456,1.96079,1.96079,-0.551999,-0.551065,0,0,0.0107379,0.0107379,-1.29315,-1.29315,
37830.6,0,0,-0.0306796,-0.0291456,1.96079,1.96079,-0.551999,-0.551065,0,0,0.0107379,0.0107379,-1.29315,-1.29315,
37850.7,0,0,-0.0306796,-0.0291456,1.96079,1.96079,-0.551999,-0.551065,0,0,0.0107379,0.0107379,-1.29315,-1.29315,
37870.7,0,0,-0.0306796,-0.0291456,1.96079,1.96079,-0.551999,-0.551065,0,0,0.0107379,0.0107379,-1.29315,-1.29315,
37890.7,0,0,-0.0306796,-0.0291456,1.96079,1.96079,-0.551999,-0.551065,0,0,0.0107379,0.0107379,-1.29315,-1.29315,
37910.7,0,0,-0.0306796,-0.0291456,1.96079,1.96079,-0.551999,-0.551065,0,0,0.0107379,0.0107379,-1.29315,-1.29315,
37930.7,0,0,-0.0306796,-0.0291456,1.96079,1.96079,-0.551999,-0.551065,0,0,0.0107379,0.0107379,-1.29315,-1.29315,
37950.6,0,0,-0.0306796,-0.0291456,1.96079,1.96079,-0.551999,-0.551065,0,0,0.0107379,0.0107379,-1.29315,-1.29315,
37970.6,0,0,-0.0306796,-0.0291456,1.96079,1.96079,-0.551999,-0.551065,0,0,0.0107379,0.0107379,-1.29315,-1.29315,
37990.6,0,0,-0.0306796,-0.0291456,1.96079,1.96079,-0.551999,-0.551065,0,0,0.0107379,0.0107379,-1.29315,-1.29315,
38010.6,0,0,-0.0306796,-0.0291456,1.96079,1.96079,-0.551999,-0.551065,0,0,0.0107379,0.0107379,-1.29315,-1.29315,
38030.7,0,0,-0.0306796,-0.0291456,1.96079,1.96079,-0.551999,-0.551065,0,0,0.0107379,0.0107379,-1.29315,-1.29315,
38050.7,0,0,-0.0306796,-0.0291456,1.96079,1.96079,-0.551999,-0.551065,0,0,0.0107379,0.0107379,-1.29315,-1.29315,
38070.7,0,0,-0.0306796,-0.0291456,1.96079,1.96079,-0.551999,-0.551065,0,0,0.0107379,0.0107379,-1.29315,-1.29315,
38090.7,0,0,-0.0306796,-0.0291456,1.96079,1.96079,-0.551999,-0.551065,0,0,0.0107379,0.0107379,-1.29315,-1.29315,
38110.6,0,0,-0.0306796,-0.0291456,1.96079,1.96079,-0.551999,-0.551065,0,0,0.0107379,0.0107379,-1.29315,-1.29315,
38130.7,0,0,-0.0306796,-0.0291456,1.96079,1.96079,-0.551999,-0.551065,0,0,0.0107379,0.0107379,-1.29315,-1.29161,
38150.7,0,0,-0.0306796,-0.0291456,1.96079,1.96079,-0.551999,-0.551065,0,0,0.0107379,0.0107379,-1.29315,-1.29161,
38170.7,0,0,-0.0306796,-0.0291456,1.96079,1.96079,-0.551999,-0.551065,0,0,0.0107379,0.0107379,-1.29315,-1.29161,
38190.7,0,0,-0.0306796,-0.0291456,1.96079,1.96079,-0.551999,-0.551065,0,0,0.0107379,0.0107379,-1.29315,-1.29161,
38210.8,0,0,-0.0306796,-0.0291456,1.96079,1.96079,-0.551999,-0.551065,0,0,0.0107379,0.0107379,-1.29315,-1.29161,
38230.7,0,0,-0.0306796,-0.0291456,1.96079,1.96079,-0.551999,-0.551065,0,0,0.0107379,0.0107379,-1.29315,-1.29161,
38250.7,0,0,-0.0306796,-0.0291456,1.96079,1.96079,-0.551999,-0.551065,0,0,0.0107379,0.0107379,-1.29315,-1.29161,
38270.7,0,0,-0.0306796,-0.0291456,1.96079,1.96079,-0.551999,-0.551065,0,0,0.0107379,0.0107379,-1.29315,-1.29161,
38290.6,0,0,-0.0306796,-0.0291456,1.96079,1.96079,-0.551999,-0.551065,0,0,0.0107379,0.0107379,-1.29315,-1.29161,
38310.6,0,0,-0.0306796,-0.0291456,1.96079,1.96079,-0.551999,-0.551065,0,0,0.0107379,0.0107379,-1.29315,-1.29315,
38330.6,0,0,-0.0306796,-0.0291456,1.96079,1.96079,-0.551999,-0.551065,0,0,0.0107379,0.0107379,-1.29315,-1.29315,
38350.6,0,0,-0.0306796,-0.0291456,1.96079,1.96079,-0.551999,-0.551065,0,0,0.0107379,0.0107379,-1.29315,-1.29315,
38370.6,0,0,-0.0306796,-0.0291456,1.96079,1.96079,-0.551999,-0.551065,0,0,0.0107379,0.0107379,-1.29315,-1.29315,
38390.7,0,0,-0.0306796,-0.0291456,1.96079,1.96079,-0.551999,-0.551065,0,0,0.0107379,0.0107379,-1.29315,-1.29315,
38410.6,0,0,-0.0306796,-0.0291456,1.96079,1.96079,-0.551999,-0.551065,0,0,0.0107379,0.0107379,-1.29315,-1.29315,
38430.6,0,0,-0.0306796,-0.0291456,1.96079,1.96079,-0.551999,-0.551065,0,0,0.0107379,0.0107379,-1.29315,-1.29315,
38450.6,0,0,-0.0306796,-0.0291456,1.96079,1.96079,-0.551999,-0.551065,0,0,0.0107379,0.0107379,-1.29315,-1.29315,
38470.7,0,0,-0.0306796,-0.0291456,1.96079,1.96079,-0.551999,-0.551065,0,0,0.0107379,0.0107379,-1.29315,-1.29315,
38490.7,0,0,-0.0306796,-0.0291456,1.96079,1.96079,-0.551999,-0.551065,0,0,0.0107379,0.0107379,-1.29315,-1.29315,
38510.7,0,0.00153398,-0.0306796,-0.0291456,1.96079,1.96079,-0.551999,-0.551065,0,0,0.0107379,0.0107379,-1.29315,-1.29315,
38530.7,0,0.00153398,-0.0306796,-0.0291456,1.96079,1.96079,-0.551999,-0.551065,0,0,0.0107379,0.0107379,-1.29315,-1.29315,
38550.8,0,0.00153398,-0.0306796,-0.0291456,1.96079,1.96079,-0.551999,-0.551065,0,0,0.0107379,0.0107379,-1.29315,-1.29315,
38570.8,0,0.00153398,-0.0306796,-0.0291456,1.96079,1.96079,-0.551999,-0.551065,0,0,0.0107379,0.0107379,-1.29315,-1.29315,
38590.7,0,0.00153398,-0.0306796,-0.0291456,1.96079,1.96079,-0.551999,-0.551065,0,0,0.0107379,0.0107379,-1.29315,-1.29315,
38610.8,0,0.00153398,-0.0306796,-0.0291456,1.96079,1.95926,-0.551999,-0.551065,0,0,0.0107379,0.0107379,-1.29315,-1.29315,
38630.7,0,0.00153398,-0.0306796,-0.0291456,1.96079,1.95926,-0.551999,-0.551065,0,0,0.0107379,0.0107379,-1.29315,-1.29315,
38650.6,0,0.00153398,-0.0306796,-0.0291456,1.96079,1.95926,-0.551999,-0.551065,0,0,0.0107379,0.0107379,-1.29315,-1.29315,
38670.6,0,0.00153398,-0.0306796,-0.0291456,1.96079,1.95926,-0.551999,-0.551065,0,0,0.0107379,0.0107379,-1.29315,-1.29315,
38690.6,0,0.00153398,-0.0306796,-0.0291456,1.96079,1.95926,-0.551999,-0.551065,0,0,0.0107379,0.0107379,-1.29315,-1.29315,
38710.6,0,0.00153398,-0.0306796,-0.0291456,1.96079,1.95926,-0.551999,-0.551065,0,0,0.0107379,0.0107379,-1.29315,-1.29315,
38730.6,0,0,-0.0306796,-0.0291456,1.96079,1.95926,-0.551999,-0.551065,0,0,0.0107379,0.0107379,-1.29315,-1.29315,
38750.6,0,0,-0.0306796,-0.0291456,1.96079,1.95926,-0.551999,-0.551065,0,0,0.0107379,0.0107379,-1.29315,-1.29315,
38770.7,0,0,-0.0306796,-0.0291456,1.96079,1.95926,-0.551999,-0.551065,0,0,0.0107379,0.0107379,-1.29315,-1.29315,
38790.7,0,0,-0.0306796,-0.0291456,1.96079,1.95926,-0.551999,-0.551065,0,0,0.0107379,0.0107379,-1.29315,-1.29315,
38810.6,0,0,-0.0306796,-0.0291456,1.96079,1.95926,-0.551999,-0.551065,0,0,0.0107379,0.0107379,-1.29315,-1.29315,
38830.7,0,0,-0.0306796,-0.0291456,1.96079,1.96079,-0.551999,-0.551065,0,0,0.0107379,0.0107379,-1.29315,-1.29315,
38850.7,0,0,-0.0306796,-0.0291456,1.96079,1.96079,-0.551999,-0.551065,0,0,0.0107379,0.0107379,-1.29315,-1.29315,
38870.6,0,0,-0.0306796,-0.0291456,1.96079,1.96079,-0.551999,-0.551065,0,0,0.0107379,0.0107379,-1.29315,-1.29315,
38890.7,0,0,-0.0306796,-0.0291456,1.96079,1.96079,-0.551999,-0.551065,0,0,0.0107379,0.0107379,-1.29315,-1.29315,
38910.7,0,0,-0.0306796,-0.0291456,1.96079,1.96079,-0.551999,-0.551065,0,0,0.0107379,0.0107379,-1.29315,-1.29315,
38930.7,0,0,-0.0306796,-0.0291456,1.96079,1.96079,-0.551999,-0.551065,0,0,0.0107379,0.0107379,-1.29315,-1.29315,
38950.6,0,0,-0.0306796,-0.0291456,1.96079,1.96079,-0.551999,-0.551065,0,0,0.0107379,0.0107379,-1.29315,-1.29315,
38970.6,0,0,-0.0306796,-0.0291456,1.96079,1.96079,-0.551999,-0.551065,0,0,0.0107379,0.0107379,-1.29315,-1.29315,
38990.7,0,0,-0.0306796,-0.0291456,1.96079,1.96079,-0.551999,-0.551065,0,0,0.0107379,0.0107379,-1.29315,-1.29315,
39010.7,0,0,-0.0306796,-0.0291456,1.96079,1.95926,-0.551999,-0.551065,0,0,0.0107379,0.0107379,-1.29315,-1.29161,
39030.7,0,0,-0.0306796,-0.0291456,1.96079,1.95926,-0.551999,-0.551065,0,0,0.0107379,0.0107379,-1.29315,-1.29161,
39050.7,0,0,-0.0306796,-0.0291456,1.96079,1.95926,-0.551999,-0.551065,0,0,0.0107379,0.0107379,-1.29315,-1.29161,
39070.7,0,0,-0.0306796,-0.0291456,1.96079,1.95926,-0.551999,-0.551065,0,0,0.0107379,0.0107379,-1.29315,-1.29161,
39090.7,0,0,-0.0306796,-0.0291456,1.96079,1.95926,-0.551999,-0.551065,0,0,0.0107379,0.0107379,-1.29315,-1.29161,
39110.7,0,0.00153398,-0.0306796,-0.0291456,1.96079,1.96079,-0.551999,-0.551065,0,0,0.0107379,0.0107379,-1.29315,-1.29161,
39130.8,0,0.00153398,-0.0306796,-0.0291456,1.96079,1.96079,-0.551999,-0.551065,0,0,0.0107379,0.0107379,-1.29315,-1.29161,
39150.7,0,0.00153398,-0.0306796,-0.0291456,1.96079,1.96079,-0.551999,-0.551065,0,0,0.0107379,0.0107379,-1.29315,-1.29161,
39170.7,0,0.00153398,-0.0306796,-0.0291456,1.96079,1.96079,-0.551999,-0.551065,0,0,0.0107379,0.0107379,-1.29315,-1.29161,
39190.7,0,0.00153398,-0.0306796,-0.0291456,1.96079,1.96079,-0.551999,-0.551065,0,0,0.0107379,0.0107379,-1.29315,-1.29161,
39210.7,0,0.00153398,-0.0306796,-0.0291456,1.96079,1.96079,-0.551999,-0.551065,0,0,0.0107379,0.0107379,-1.29315,-1.29161,
39230.6,0,0,-0.0306796,-0.0291456,1.96079,1.96079,-0.551999,-0.551065,0,0,0.0107379,0.0107379,-1.29315,-1.29315,
39250.6,0,0,-0.0306796,-0.0291456,1.96079,1.96079,-0.551999,-0.551065,0,0,0.0107379,0.0107379,-1.29315,-1.29315,
39270.7,0,0,-0.0306796,-0.0291456,1.96079,1.96079,-0.551999,-0.551065,0,0,0.0107379,0.0107379,-1.29315,-1.29315,
39290.7,0,0,-0.0306796,-0.0291456,1.96079,1.96079,-0.551999,-0.551065,0,0,0.0107379,0.0107379,-1.29315,-1.29315,
39310.7,0,0,-0.0306796,-0.0291456,1.96079,1.95926,-0.551999,-0.551065,0,0,0.0107379,0.0107379,-1.29315,-1.29315,
39330.7,0,0,-0.0306796,-0.0291456,1.96079,1.95926,-0.551999,-0.551065,0,0,0.0107379,0.0107379,-1.29315,-1.29315,
39350.6,0,0,-0.0306796,-0.0291456,1.96079,1.95926,-0.551999,-0.551065,0,0,0.0107379,0.0107379,-1.29315,-1.29315,
39370.7,0,0,-0.0306796,-0.0291456,1.96079,1.95926,-0.551999,-0.551065,0,0,0.0107379,0.0107379,-1.29315,-1.29315,
39390.7,0,0,-0.0306796,-0.0291456,1.96079,1.95926,-0.551999,-0.551065,0,0,0.0107379,0.0107379,-1.29315,-1.29315,
39410.6,0,0,-0.0306796,-0.0291456,1.96079,1.96079,-0.551999,-0.551065,0,0,0.0107379,0.0107379,-1.29315,-1.29315,
39430.7,0,0,-0.0306796,-0.0291456,1.96079,1.96079,-0.551999,-0.551065,0,0,0.0107379,0.0107379,-1.29315,-1.29315,
39450.7,0,0,-0.0306796,-0.0291456,1.96079,1.96079,-0.551999,-0.551065,0,0,0.0107379,0.0107379,-1.29315,-1.29315,
39470.7,0,0,-0.0306796,-0.0291456,1.96079,1.96079,-0.551999,-0.551065,0,0,0.0107379,0.0107379,-1.29315,-1.29315,
39490.8,0,0,-0.0306796,-0.0291456,1.96079,1.96079,-0.551999,-0.551065,0,0,0.0107379,0.0107379,-1.29315,-1.29315,
39510.7,0,0,-0.0306796,-0.0291456,1.96079,1.96079,-0.551999,-0.551065,0,0,0.0107379,0.0107379,-1.29315,-1.29315,
39530.8,0,0,-0.0306796,-0.0291456,1.96079,1.96079,-0.551999,-0.551065,0,0,0.0107379,0.0107379,-1.29315,-1.29315,
39550.7,0,0,-0.0306796,-0.0291456,1.96079,1.96079,-0.551999,-0.551065,0,0,0.0107379,0.0107379,-1.29315,-1.29315,
39570.7,0,0,-0.0306796,-0.0291456,1.96079,1.96079,-0.551999,-0.551065,0,0,0.0107379,0.0107379,-1.29315,-1.29315,
39590.7,0,0,-0.0306796,-0.0291456,1.96079,1.96079,-0.551999,-0.551065,0,0,0.0107379,0.0107379,-1.29315,-1.29315,
39610.7,0,0,-0.0306796,-0.0291456,1.96079,1.96079,-0.551999,-0.551065,0,0,0.0107379,0.0107379,-1.29315,-1.29315,
39630.6,0,0,-0.0306796,-0.0291456,1.96079,1.96079,-0.551999,-0.551065,0,0,0.0107379,0.0107379,-1.29315,-1.29315,
39650.6,0,0,-0.0306796,-0.0291456,1.96079,1.96079,-0.551999,-0.551065,0,0,0.0107379,0.0107379,-1.29315,-1.29315,
39670.6,0,0,-0.0306796,-0.0291456,1.96079,1.96079,-0.551999,-0.551065,0,0,0.0107379,0.0107379,-1.29315,-1.29315,
39691.2,0,0,-0.0306796,-0.0291456,1.96079,1.96079,-0.551999,-0.551065,0,0,0.0107379,0.0107379,-1.29315,-1.29315,
39710.6,0,0,-0.0306796,-0.0291456,1.96079,1.96079,-0.551999,-0.551065,0,0,0.0107379,0.0107379,-1.29315,-1.29315,
39730.6,0,0,-0.0306796,-0.0291456,1.96079,1.96079,-0.551999,-0.551065,0,0,0.0107379,0.0107379,-1.29315,-1.29161,
39750.7,0,0,-0.0306796,-0.0291456,1.96079,1.96079,-0.551999,-0.551065,0,0,0.0107379,0.0107379,-1.29315,-1.29161,
39770.6,0,0,-0.0306796,-0.0291456,1.96079,1.96079,-0.551999,-0.551065,0,0,0.0107379,0.0107379,-1.29315,-1.29161,
39790.7,0,0,-0.0306796,-0.0291456,1.96079,1.96079,-0.551999,-0.551065,0,0,0.0107379,0.0107379,-1.29315,-1.29161,
39810.6,0,0,-0.0306796,-0.0291456,1.96079,1.96079,-0.551999,-0.551065,0,0,0.0107379,0.0107379,-1.29315,-1.29161,
39830.7,0,0,-0.0306796,-0.0291456,1.96079,1.96079,-0.551999,-0.551065,0,0,0.0107379,0.0107379,-1.29315,-1.29161,
39850.7,0,0,-0.0306796,-0.0291456,1.96079,1.96079,-0.551999,-0.551065,0,0,0.0107379,0.0107379,-1.29315,-1.29161,
39870.7,0,0,-0.0306796,-0.0291456,1.96079,1.96079,-0.551999,-0.551065,0,0,0.0107379,0.0107379,-1.29315,-1.29161,
39890.7,-0.000703265,0,-0.0248691,-0.0291456,1.95905,1.96079,-0.550535,-0.551065,0,0,0,0.0107379,0,-1.29161,
39910.8,-0.000703265,0,-0.0248691,-0.0291456,1.95905,1.96079,-0.550535,-0.551065,0,0,0,0.0107379,0,-1.29161,
39930.7,-0.00140415,0,-0.0253884,-0.0291456,1.95811,1.96079,-0.549072,-0.551065,0,0,0,0.0107379,0,-1.29315,
39950.7,-0.00140415,0,-0.0253884,-0.0291456,1.95811,1.96079,-0.549072,-0.551065,0,0,0,0.0107379,0,-1.29315,
39970.7,-0.00210266,0,-0.0259056,-0.0291456,1.95716,1.96079,-0.547609,-0.551065,0,0,0,0.0107379,0,-1.29315,
39990.6,-0.00279882,0,-0.0264208,-0.0291456,1.95622,1.96079,-0.546146,-0.551065,0,0,0,0.0107379,0,-1.29315,
40010.6,-0.00279882,0,-0.0264208,-0.0291456,1.95622,1.96079,-0.546146,-0.551065,0,0,0,0.0107379,0,-1.29315,
40030.7,-0.00349264,0,-0.026934,-0.0291456,1.95527,1.95926,-0.544683,-0.551065,0,0,0.0107379,0.0107379,-1.29315,-1.29315,
40050.6,-0.00418411,0,-0.0274451,-0.0291456,1.95432,1.95926,-0.54322,-0.551065,0,0,0,0.0107379,0,-1.29315,
40070.7,-0.00418411,0,-0.0274451,-0.0291456,1.95432,1.95926,-0.54322,-0.551065,0,0,0,0.0107379,0,-1.29315,
40090.7,-0.00487327,0,-0.0279541,-0.0291456,1.95336,1.95926,-0.541757,-0.551065,0,0,0,0.0107379,0,-1.29315,
40110.7,-0.00487327,0,-0.0279541,-0.0291456,1.95336,1.95926,-0.541757,-0.551065,0,0,0,0.0107379,0,-1.29315,
40130.7,-0.00556011,0,-0.0284611,-0.0291456,1.95241,1.95773,-0.540295,-0.549531,0,0,0.0107379,0.0107379,-1.29315,-1.29315,
40150.8,-0.00624464,0,-0.028966,-0.0291456,1.95145,1.95773,-0.538833,-0.549531,0,0,0,0.0107379,0,-1.29315,
40170.7,-0.00624464,0,-0.028966,-0.0291456,1.95145,1.95773,-0.538833,-0.549531,0,0,0,0.0107379,0,-1.29315,
40190.7,-0.00692689,0,-0.0294688,-0.0291456,1.95049,1.95773,-0.537371,-0.549531,0,0,0,0.0107379,0,-1.29315,
40210.7,-0.00760686,-0.00153398,-0.0299696,-0.0291456,1.94953,1.95619,-0.546463,-0.546463,0,0,0.0107379,0.0107379,-1.29315,-1.29315,
40230.7,-0.00760686,-0.00153398,-0.0299696,-0.0291456,1.94953,1.95619,-0.546463,-0.546463,0,0,0.0107379,0.0107379,-1.29315,-1.29315,
40250.8,-0.00828456,-0.00153398,-0.0304683,-0.0291456,1.94857,1.95619,-0.534447,-0.546463,0,0,0,0.0107379,0,-1.29315,
40270.8,-0.00896,-0.00153398,-0.030965,-0.0291456,1.9476,1.95619,-0.532986,-0.546463,0,0,0,0.0107379,0,-1.29315,
40290.9,-0.00896,-0.00153398,-0.030965,-0.0291456,1.9476,1.95619,-0.532986,-0.546463,0,0,0,0.0107379,0,-1.29315,
40310.8,-0.00963319,-0.00153398,-0.0314596,-0.0291456,1.94663,1.95619,-0.531525,-0.546463,0,0,0,0.0107379,0,-1.29315,
40330.7,-0.00963319,-0.00153398,-0.0314596,-0.0291456,1.94663,1.95466,-0.543396,-0.543396,0,0,0,0.00920388,-1.29315,-1.29315,
40350.7,-0.0103041,-0.00153398,-0.0319521,-0.0291456,1.94567,1.95466,-0.530063,-0.543396,0,0,0,0.00920388,0,-1.29315,
40370.8,-0.0103041,-0.00153398,-0.0319521,-0.0291456,1.94567,1.95466,-0.530063,-0.543396,0,0,0,0.00920388,0,-1.29315,
40390.7,-0.0109729,-0.00153398,-0.0324426,-0.0291456,1.9447,1.95466,-0.528602,-0.543396,0,0,0,0.00920388,0,-1.29315,
40410.8,-0.0116394,-0.00153398,-0.032931,-0.0291456,1.94372,1.95466,-0.527142,-0.543396,0,0,0,0.00920388,0,-1.29315,
40430.8,-0.0116394,-0.00306796,-0.032931,-0.0291456,1.94372,1.95312,-0.540328,-0.540328,0,0,0,0.00920388,-1.29161,-1.29161,
40450.7,-0.0123037,-0.00306796,-0.0334173,-0.0291456,1.94275,1.95312,-0.525681,-0.540328,0,0,0,0.00920388,0,-1.29161,
40470.7,-0.0129658,-0.00306796,-0.0339016,-0.0291456,1.94177,1.95312,-0.524221,-0.540328,0,0,0,0.00920388,0,-1.29161,
40490.7,-0.0129658,-0.00306796,-0.0339016,-0.0291456,1.94177,1.95312,-0.524221,-0.540328,0,0,0,0.00920388,0,-1.29161,
40510.7,-0.0136257,-0.00460194,-0.0343838,-0.0291456,1.95312,1.95312,-0.540328,-0.540328,0,0,0,0.00920388,-1.29315,-1.29315,
40530.7,-0.0136257,-0.00460194,-0.0343838,-0.0291456,1.95312,1.95312,-0.540328,-0.540328,0,0,0,0.00920388,-1.29315,-1.29315,
40550.7,-0.0142835,-0.00460194,-0.0348639,-0.0291456,1.93982,1.95312,-0.521301,-0.540328,0,0,0,0.00920388,0,-1.29315,
40570.8,-0.0149391,-0.00460194,-0.035342,-0.0291456,1.93883,1.95312,-0.519841,-0.540328,0,0,0,0.00920388,0,-1.29315,
40590.8,-0.0149391,-0.00460194,-0.035342,-0.0291456,1.93883,1.95312,-0.519841,-0.540328,0,0,0,0.00920388,0,-1.29315,
40610.7,-0.0155925,-0.00460194,-0.0358179,-0.0291456,1.93785,1.95312,-0.518381,-0.540328,0,0,0,0.00920388,0,-1.29315,
40630.7,-0.0155925,-0.0076699,-0.0358179,-0.0291456,1.95006,1.95006,-0.53726,-0.53726,0,0,0,0.00920388,-1.29315,-1.29315,
40650.8,-0.0162438,-0.0076699,-0.0362918,-0.0291456,1.93686,1.95006,-0.516922,-0.53726,0,0,0,0.00920388,0,-1.29315,
40670.8,-0.0168929,-0.0076699,-0.0367637,-0.0291456,1.93588,1.95006,-0.515463,-0.53726,0,0,0,0.00920388,0,-1.29315,
40690.8,-0.0168929,-0.0076699,-0.0367637,-0.0291456,1.93588,1.95006,-0.515463,-0.53726,0,0,0,0.00920388,0,-1.29315,
40710.7,-0.0175399,-0.0076699,-0.0372334,-0.0291456,1.93489,1.95006,-0.514004,-0.53726,0,0,0,0.00920388,0,-1.29315,
40730.7,-0.0175399,-0.0076699,-0.0372334,-0.0291456,1.93489,1.95006,-0.514004,-0.53726,0,0,0,0.00920388,0,-1.29315,
40750.7,-0.0181848,-0.00920388,-0.0377011,-0.0291456,1.9339,1.94545,-0.512545,-0.52959,0,-0.00153398,0,0.00920388,0,-1.29315,
40770.7,-0.0181848,-0.00920388,-0.0377011,-0.0291456,1.9339,1.94545,-0.512545,-0.52959,0,-0.00153398,0,0.00920388,0,-1.29315,
40790.7,-0.0188277,-0.00920388,-0.0381667,-0.0291456,1.9329,1.94545,-0.511086,-0.52959,0,-0.00153398,0,0.00920388,0,-1.29315,
40810.7,-0.0188277,-0.00920388,-0.0381667,-0.0291456,1.9329,1.94545,-0.511086,-0.52959,0,-0.00153398,0,0.00920388,0,-1.29315,
40830.7,-0.0194684,-0.0107379,-0.0386303,-0.0322136,1.93191,1.94392,-0.509628,-0.528056,0,0,0,0.00920388,0,-1.29315,
40850.7,-0.0194684,-0.0107379,-0.0386303,-0.0322136,1.93191,1.94392,-0.509628,-0.528056,0,0,0,0.00920388,0,-1.29315,
40870.7,-0.020107,-0.0107379,-0.0390917,-0.0322136,1.93091,1.94392,-0.50817,-0.528056,0,0,0,0.00920388,0,-1.29315,
40890.7,-0.0207435,-0.0107379,-0.0395511,-0.0322136,1.92991,1.94392,-0.506712,-0.528056,0,0,0,0.00920388,0,-1.29315,
40910.7,-0.0207435,-0.0122718,-0.0395511,-0.0337476,1.94239,1.94239,-0.531124,-0.531124,0,0,0,0.00920388,-1.29315,-1.29315,
40930.8,-0.021378,-0.0122718,-0.0400084,-0.0337476,1.92891,1.94239,-0.505254,-0.531124,0,0,0,0.00920388,0,-1.29315,
40950.7,-0.0220104,-0.0122718,-0.0404637,-0.0337476,1.92791,1.94239,-0.503797,-0.531124,0,0,0,0.00920388,0,-1.29315,
40970.8,-0.0220104,-0.0122718,-0.0404637,-0.0337476,1.92791,1.94239,-0.503797,-0.531124,0,0,0,0.00920388,0,-1.29315,
40990.8,-0.0226408,-0.0122718,-0.0409168,-0.0337476,1.92691,1.94239,-0.502339,-0.531124,0,0,0,0.00920388,0,-1.29315,
41010.7,-0.0226408,-0.0153398,-0.0409168,-0.0352816,1.93932,1.93932,-0.526522,-0.526522,0,0,0,0.00920388,-1.29315,-1.29315,
41030.8,-0.0232692,-0.0153398,-0.0413679,-0.0352816,1.9259,1.93932,-0.500882,-0.526522,0,0,0,0.00920388,0,-1.29315,
41050.7,-0.0238955,-0.0153398,-0.0418169,-0.0352816,1.92489,1.93932,-0.499425,-0.526522,0,0,0,0.00920388,0,-1.29315,
41070.8,-0.0238955,-0.0153398,-0.0418169,-0.0352816,1.92489,1.93932,-0.499425,-0.526522,0,0,0,0.00920388,0,-1.29315,
41090.8,-0.0245198,-0.0153398,-0.0422638,-0.0352816,1.92388,1.93932,-0.497969,-0.526522,0,0,0,0.00920388,0,-1.29315,
41110.8,-0.0245198,-0.0153398,-0.0422638,-0.0352816,1.92388,1.93932,-0.497969,-0.526522,0,0,0,0.00920388,0,-1.29315,
41130.7,-0.025142,-0.0168738,-0.0427086,-0.0368155,1.93472,1.93472,-0.517318,-0.517318,0,0,0,0.00920388,-1.29315,-1.29315,
41150.7,-0.0257623,-0.0168738,-0.0431514,-0.0368155,1.92186,1.93472,-0.495056,-0.517318,0,0,0,0.00920388,0,-1.29315,
41170.7,-0.0257623,-0.0168738,-0.0431514,-0.0368155,1.92186,1.93472,-0.495056,-0.517318,0,0,0,0.00920388,0,-1.29315,
41190.8,-0.0263806,-0.0168738,-0.043592,-0.0368155,1.92084,1.93472,-0.4936,-0.517318,0,0,0,0.00920388,0,-1.29315,
41210.7,-0.0269969,-0.0168738,-0.0440306,-0.0368155,1.91983,1.93472,-0.492144,-0.517318,0,0,0,0.00920388,0,-1.29315,
41230.7,-0.0269969,-0.0199418,-0.0440306,-0.0383495,1.91983,1.92858,-0.512716,-0.512716,0,0,0,0.00920388,-1.29315,-1.29315,
41250.8,-0.0276113,-0.0199418,-0.0444671,-0.0383495,1.91881,1.92858,-0.490689,-0.512716,0,0,0,0.00920388,0,-1.29315,
41270.8,-0.0276113,-0.0199418,-0.0444671,-0.0383495,1.91881,1.92858,-0.490689,-0.512716,0,0,0,0.00920388,0,-1.29315,
41290.8,-0.0282236,-0.0199418,-0.0449016,-0.0383495,1.91779,1.92858,-0.489234,-0.512716,0,0,0,0.00920388,0,-1.29315,
41310.7,-0.0282236,-0.0214757,-0.0449016,-0.0414175,1.91779,1.92551,-0.489234,-0.50658,0,0,0,0.00920388,0,-1.29315,
41330.8,-0.028834,-0.0214757,-0.0453339,-0.0414175,1.91676,1.92551,-0.50658,-0.50658,0,0,0,0.00920388,-1.29315,-1.29315,
41350.8,-0.0294425,-0.0214757,-0.0457642,-0.0414175,1.91574,1.92551,-0.486324,-0.50658,0,0,0,0.00920388,0,-1.29315,
41370.7,-0.030049,-0.0214757,-0.0461923,-0.0414175,1.91471,1.92551,-0.484869,-0.50658,0,0,0,0.00920388,0,-1.29315,
41390.8,-0.030049,-0.0214757,-0.0461923,-0.0414175,1.91471,1.92551,-0.484869,-0.50658,0,0,0,0.00920388,0,-1.29315,
41410.8,-0.0306536,-0.0214757,-0.0466184,-0.0414175,1.91368,1.92551,-0.483415,-0.50658,0,0,0,0.00920388,0,-1.29315,
41430.8,-0.0306536,-0.0214757,-0.0466184,-0.0414175,1.91368,1.92551,-0.483415,-0.50658,0,0,0,0.00920388,0,-1.29315,
41450.8,-0.0312563,-0.0230097,-0.0470424,-0.0429515,1.91265,1.92091,-0.501978,-0.501978,0,0,0,0.00920388,-1.29315,-1.29315,
41470.7,-0.0318571,-0.0230097,-0.0474644,-0.0429515,1.91162,1.92091,-0.480506,-0.501978,0,0,0,0.00920388,0,-1.29315,
41490.7,-0.0318571,-0.0230097,-0.0474644,-0.0429515,1.91162,1.92091,-0.480506,-0.501978,0,0,0,0.00920388,0,-1.29315,
41510.8,-0.0324559,-0.0230097,-0.0478842,-0.0429515,1.91059,1.92091,-0.479053,-0.501978,0,0,0,0.00920388,0,-1.29315,
41530.7,-0.0330529,-0.0230097,-0.0483019,-0.0444854,1.90955,1.91938,-0.477599,-0.497376,0,0,0,0.00920388,0,-1.29315,
41550.8,-0.0330529,-0.0230097,-0.0483019,-0.0444854,1.90955,1.91938,-0.477599,-0.497376,0,0,0,0.00920388,0,-1.29315,
41570.8,-0.033648,-0.0230097,-0.0487176,-0.0444854,1.90851,1.91938,-0.476146,-0.497376,0,0,0,0.00920388,0,-1.29315,
41590.8,-0.033648,-0.0230097,-0.0487176,-0.0444854,1.90851,1.91938,-0.476146,-0.497376,0,0,0,0.00920388,0,-1.29315,
41610.8,-0.0342412,-0.0230097,-0.0491312,-0.0444854,1.90747,1.91938,-0.474693,-0.497376,0,0,0,0.00920388,0,-1.29315,
41630.6,-0.0342412,-0.0245437,-0.0491312,-0.0444854,1.91784,1.91784,-0.501978,-0.501978,0,0,0,0.00920388,-1.29315,-1.29315,
41650.8,-0.0348325,-0.0245437,-0.0495427,-0.0444854,1.90643,1.91784,-0.47324,-0.501978,0,0,0,0.00920388,0,-1.29315,
41670.8,-0.035422,-0.0245437,-0.0499521,-0.0444854,1.90539,1.91784,-0.471788,-0.501978,0,0,0,0.00920388,0,-1.29315,
41690.8,-0.035422,-0.0245437,-0.0499521,-0.0444854,1.90539,1.91784,-0.471788,-0.501978,0,0,0,0.00920388,0,-1.29315,
41710.7,-0.0360096,-0.0291456,-0.0503594,-0.0460194,1.90435,1.91017,-0.470335,-0.48357,0,0,0,0.00920388,0,-1.29315,
41730.7,-0.0365954,-0.0291456,-0.0507647,-0.0460194,1.9033,1.91017,-0.468883,-0.48357,0,0,0,0.00920388,0,-1.29315,
41750.8,-0.0365954,-0.0291456,-0.0507647,-0.0460194,1.9033,1.91017,-0.468883,-0.48357,0,0,0,0.00920388,0,-1.29315,
41770.8,-0.0371794,-0.0291456,-0.0511678,-0.0460194,1.90225,1.91017,-0.467431,-0.48357,0,0,0,0.00920388,0,-1.29315,
41790.8,-0.0377615,-0.0291456,-0.0515689,-0.0460194,1.9012,1.91017,-0.46598,-0.48357,0,0,0,0.00920388,0,-1.29315,
41810.8,-0.0377615,-0.0291456,-0.0515689,-0.0460194,1.9012,1.91017,-0.46598,-0.48357,0,0,0,0.00920388,0,-1.29315,
41830.8,-0.0383418,-0.0322136,-0.0519679,-0.0490874,1.90015,1.9071,-0.478968,-0.478968,0,0,0,0.00920388,-1.29161,-1.29161,
41850.8,-0.0383418,-0.0322136,-0.0519679,-0.0490874,1.90015,1.9071,-0.478968,-0.478968,0,0,0,0.00920388,-1.29161,-1.29161,
41870.8,-0.0389203,-0.0322136,-0.0523648,-0.0490874,1.89909,1.9071,-0.463077,-0.478968,0,0,0,0.00920388,0,-1.29161,
41890.8,-0.039497,-0.0322136,-0.0527596,-0.0490874,1.89804,1.9071,-0.461626,-0.478968,0,0,0,0.00920388,0,-1.29161,
41910.8,-0.039497,-0.0322136,-0.0527596,-0.0490874,1.89804,1.9071,-0.461626,-0.478968,0,0,0,0.00920388,0,-1.29161,
41930.8,-0.0400719,-0.0337476,-0.0531523,-0.0490874,1.89698,1.90404,-0.460176,-0.478968,0,0,0,0.00920388,0,-1.29315,
41950.8,-0.0400719,-0.0337476,-0.0531523,-0.0490874,1.89698,1.90404,-0.460176,-0.478968,0,0,0,0.00920388,0,-1.29315,
41970.8,-0.040645,-0.0337476,-0.053543,-0.0490874,1.89592,1.90404,-0.458725,-0.478968,0,0,0,0.00920388,0,-1.29315,
41990.8,-0.040645,-0.0337476,-0.053543,-0.0490874,1.89592,1.90404,-0.458725,-0.478968,0,0,0,0.00920388,0,-1.29315,
42010.8,-0.0412163,-0.0337476,-0.0539315,-0.0490874,1.89486,1.90404,-0.457275,-0.478968,0,0,0,0.00920388,0,-1.29315,
42030.8,-0.0412163,-0.0352816,-0.0539315,-0.0506214,1.89486,1.9025,-0.472832,-0.472832,0,0,0,0.00920388,-1.29315,-1.29315,
42050.8,-0.0417859,-0.0352816,-0.054318,-0.0506214,1.89379,1.9025,-0.455825,-0.472832,0,0,0,0.00920388,0,-1.29315,
42070.8,-0.0423537,-0.0352816,-0.0547024,-0.0506214,1.89273,1.9025,-0.454376,-0.472832,0,0,0,0.00920388,0,-1.29315,
42090.8,-0.0423537,-0.0352816,-0.0547024,-0.0506214,1.89273,1.9025,-0.454376,-0.472832,0,0,0,0.00920388,0,-1.29315,
42110.7,-0.0429197,-0.0352816,-0.0550847,-0.0506214,1.89166,1.9025,-0.452926,-0.472832,0,0,0,0.00920388,0,-1.29315,
42130.7,-0.0429197,-0.0368155,-0.0550847,-0.0536893,1.89166,1.8979,-0.465162,-0.465162,0,0,0,0.00920388,-1.29315,-1.29315,
42150.7,-0.043484,-0.0368155,-0.0554649,-0.0536893,1.89059,1.8979,-0.451477,-0.465162,0,0,0,0.00920388,0,-1.29315,
42170.7,-0.0440465,-0.0368155,-0.055843,-0.0536893,1.88952,1.8979,-0.450028,-0.465162,0,0,0,0.00920388,0,-1.29315,
42190.7,-0.0446073,-0.0368155,-0.056219,-0.0536893,1.88845,1.8979,-0.44858,-0.465162,0,0,0,0.00920388,0,-1.29315,
42210.7,-0.0446073,-0.0368155,-0.056219,-0.0536893,1.88845,1.8979,-0.44858,-0.465162,0,0,0,0.00920388,0,-1.29315,
42230.7,-0.0451664,-0.0398835,-0.056593,-0.0536893,1.88737,1.89637,-0.463629,-0.463629,0,0,0,0.00920388,-1.29315,-1.29315,
42250.7,-0.0451664,-0.0398835,-0.056593,-0.0536893,1.88737,1.89637,-0.463629,-0.463629,0,0,0,0.00920388,-1.29315,-1.29315,
42270.7,-0.0457238,-0.0398835,-0.0569649,-0.0536893,1.8863,1.89637,-0.445683,-0.463629,0,0,0,0.00920388,0,-1.29315,
42290.8,-0.0462795,-0.0398835,-0.0573346,-0.0536893,1.88522,1.89637,-0.444235,-0.463629,0,0,0,0.00920388,0,-1.29315,
42310.7,-0.0468334,-0.0398835,-0.0577023,-0.0536893,1.88414,1.89637,-0.442787,-0.463629,0,0,0,0.00920388,0,-1.29315,
42330.7,-0.0468334,-0.0414175,-0.0577023,-0.0536893,1.88414,1.8933,-0.460561,-0.460561,0,0,0,0.00920388,-1.29315,-1.29315,
42350.8,-0.0473857,-0.0414175,-0.0580679,-0.0536893,1.88306,1.8933,-0.44134,-0.460561,0,0,0,0.00920388,0,-1.29315,
42370.8,-0.0473857,-0.0414175,-0.0580679,-0.0536893,1.88306,1.8933,-0.44134,-0.460561,0,0,0,0.00920388,0,-1.29315,
42390.7,-0.0479363,-0.0414175,-0.0584315,-0.0536893,1.88197,1.8933,-0.439893,-0.460561,0,0,0,0.00920388,0,-1.29315,
42410.7,-0.0484852,-0.0414175,-0.0587929,-0.0536893,1.88089,1.8933,-0.438446,-0.460561,0,0,0,0.00920388,0,-1.29315,
42430.8,-0.0484852,-0.0414175,-0.0587929,-0.0552233,1.88089,1.8887,-0.455959,-0.455959,0,0,0,0.00920388,-1.29315,-1.29315,
42450.8,-0.0490324,-0.0414175,-0.0591522,-0.0552233,1.8798,1.8887,-0.436999,-0.455959,0,0,0,0.00920388,0,-1.29315,
42470.7,-0.049578,-0.0414175,-0.0595095,-0.0552233,1.87871,1.8887,-0.435553,-0.455959,0,0,0,0.00920388,0,-1.29315,
42490.7,-0.049578,-0.0414175,-0.0595095,-0.0552233,1.87871,1.8887,-0.435553,-0.455959,0,0,0,0.00920388,0,-1.29315,
42510.7,-0.0501219,-0.0460194,-0.0598647,-0.0582913,1.87762,1.88409,-0.434106,-0.451357,0,-0.00153398,0,0.00920388,0,-1.29315,
42530.7,-0.0501219,-0.0460194,-0.0598647,-0.0582913,1.87762,1.88409,-0.451357,-0.451357,0,-0.00153398,0,0.00920388,-1.29315,-1.29315,
42550.6,-0.0506642,-0.0460194,-0.0602178,-0.0582913,1.87653,1.88409,-0.432661,-0.451357,0,-0.00153398,0,0.00920388,0,-1.29315,
42570.7,-0.0512048,-0.0460194,-0.0605688,-0.0582913,1.87543,1.88409,-0.431215,-0.451357,0,-0.00153398,0,0.00920388,0,-1.29315,
42590.7,-0.0512048,-0.0460194,-0.0605688,-0.0582913,1.87543,1.88409,-0.431215,-0.451357,0,-0.00153398,0,0.00920388,0,-1.29315,
42610.7,-0.0517438,-0.0460194,-0.0609177,-0.0582913,1.87434,1.88409,-0.429769,-0.451357,0,-0.00153398,0,0.00920388,0,-1.29315,
42630.7,-0.0522811,-0.0444854,-0.0612645,-0.0582913,1.87324,1.88103,-0.428324,-0.449823,0,-0.00153398,0,0.00920388,0,-1.29315,
42650.8,-0.0522811,-0.0444854,-0.0612645,-0.0582913,1.87324,1.88103,-0.449823,-0.449823,0,-0.00153398,0,0.00920388,-1.29315,-1.29315,
42670.7,-0.0528169,-0.0444854,-0.0616093,-0.0582913,1.87214,1.88103,-0.426879,-0.449823,0,-0.00153398,0,0.00920388,0,-1.29315,
42690.8,-0.0528169,-0.0444854,-0.0616093,-0.0582913,1.87214,1.88103,-0.426879,-0.449823,0,-0.00153398,0,0.00920388,0,-1.29315,
42710.8,-0.053351,-0.0444854,-0.061952,-0.0582913,1.87104,1.88103,-0.425435,-0.449823,0,-0.00153398,0,0.00920388,0,-1.29315,
42730.7,-0.0538835,-0.0460194,-0.0622926,-0.0598252,1.86993,1.87949,-0.42399,-0.442153,0,-0.00153398,0,0.00920388,0,-1.29315,
42750.8,-0.0538835,-0.0460194,-0.0622926,-0.0598252,1.86993,1.87949,-0.42399,-0.442153,0,-0.00153398,0,0.00920388,0,-1.29315,
42770.8,-0.0544144,-0.0460194,-0.0626311,-0.0598252,1.86883,1.87949,-0.422546,-0.442153,0,-0.00153398,0,0.00920388,0,-1.29315,
42790.8,-0.0544144,-0.0460194,-0.0626311,-0.0598252,1.86883,1.87949,-0.422546,-0.442153,0,-0.00153398,0,0.00920388,0,-1.29315,
42810.8,-0.0549437,-0.0460194,-0.0629675,-0.0598252,1.86772,1.87949,-0.421102,-0.442153,0,-0.00153398,0,0.00920388,0,-1.29315,
42830.7,-0.0554714,-0.0475534,-0.0633018,-0.0613592,1.86661,1.87489,-0.419658,-0.436017,0,-0.00306796,0,0.00920388,0,-1.29315,
42850.8,-0.0554714,-0.0475534,-0.0633018,-0.0613592,1.86661,1.87489,-0.419658,-0.436017,0,-0.00306796,0,0.00920388,0,-1.29315,
42870.8,-0.0559976,-0.0475534,-0.0636341,-0.0613592,1.8655,1.87489,-0.418215,-0.436017,0,-0.00306796,0,0.00920388,0,-1.29315,
42890.7,-0.0559976,-0.0475534,-0.0636341,-0.0613592,1.8655,1.87489,-0.418215,-0.436017,0,-0.00306796,0,0.00920388,0,-1.29315,
42910.8,-0.0565221,-0.0475534,-0.0639642,-0.0613592,1.86439,1.87489,-0.416772,-0.436017,0,-0.00306796,0,0.00920388,0,-1.29315,
42930.7,-0.0570451,-0.0506214,-0.0642923,-0.0628932,1.86327,1.86875,-0.434483,-0.434483,0,-0.00306796,0,0.00920388,-1.29315,-1.29315,
42950.8,-0.0570451,-0.0506214,-0.0642923,-0.0628932,1.86327,1.86875,-0.434483,-0.434483,0,-0.00306796,0,0.00920388,-1.29315,-1.29315,
42970.7,-0.0575666,-0.0506214,-0.0646183,-0.0628932,1.86216,1.86875,-0.413886,-0.434483,0,-0.00306796,0,0.00920388,0,-1.29315,
42990.7,-0.0575666,-0.0506214,-0.0646183,-0.0628932,1.86216,1.86875,-0.413886,-0.434483,0,-0.00306796,0,0.00920388,0,-1.29315,
43010.7,-0.0580865,-0.0506214,-0.0649423,-0.0628932,1.86104,1.86875,-0.412444,-0.434483,0,-0.00306796,0,0.00920388,0,-1.29315,
43030.7,-0.0586048,-0.0506214,-0.0652641,-0.0628932,1.85992,1.86875,-0.411002,-0.434483,0,-0.00306796,0,0.00920388,0,-1.29315,
43050.7,-0.0586048,-0.0521553,-0.0652641,-0.0628932,1.85992,1.86722,-0.411002,-0.437551,0,-0.00460194,0,0.00920388,0,-1.29315,
43070.7,-0.0586048,-0.0521553,-0.0652641,-0.0628932,1.85992,1.86722,-0.437551,-0.437551,0,-0.00460194,0,0.00920388,-1.29315,-1.29315,
43090.6,-0.0591216,-0.0521553,-0.0655839,-0.0628932,1.85879,1.86722,-0.40956,-0.437551,0,-0.00460194,0,0.00920388,0,-1.29315,
43110.6,-0.0591216,-0.0521553,-0.0655839,-0.0628932,1.85879,1.86722,-0.40956,-0.437551,0,-0.00460194,0,0.00920388,0,-1.29315,
43130.7,-0.0591216,-0.0521553,-0.0655839,-0.0628932,1.85879,1.86722,-0.40956,-0.437551,0,-0.00460194,0,0.00920388,0,-1.29315,
43150.7,-0.0596369,-0.0536893,-0.0659016,-0.0644272,1.85767,1.86262,-0.422211,-0.422211,0,-0.00460194,0,0.00920388,-1.29315,-1.29315,
43170.7,-0.0601506,-0.0536893,-0.0662172,-0.0644272,1.85654,1.86262,-0.406677,-0.422211,0,-0.00460194,0,0.00920388,0,-1.29315,
43190.7,-0.0601506,-0.0536893,-0.0662172,-0.0644272,1.85654,1.86262,-0.406677,-0.422211,0,-0.00460194,0,0.00920388,0,-1.29315,
43210.6,-0.0601506,-0.0536893,-0.0662172,-0.0644272,1.85654,1.86262,-0.406677,-0.422211,0,-0.00460194,0,0.00920388,0,-1.29315,
43230.6,-0.0601506,-0.0552233,-0.0662543,-0.0644272,1.85658,1.86108,-0.406674,-0.419143,0,-0.00460194,0,0.00920388,0,-1.29315,
43250.7,-0.0601506,-0.0552233,-0.0662543,-0.0644272,1.85658,1.86108,-0.406674,-0.419143,0,-0.00460194,0,0.00920388,0,-1.29315,
43270.7,-0.0601506,-0.0552233,-0.066502,-0.0644272,1.85681,1.86108,-0.406657,-0.419143,0,-0.00460194,0,0.00920388,0,-1.29315,
43290.7,-0.0601506,-0.0552233,-0.066502,-0.0644272,1.85681,1.86108,-0.406657,-0.419143,0,-0.00460194,0,0.00920388,0,-1.29315,
43310.7,-0.0601506,-0.0582913,-0.0671395,-0.0659612,1.8574,1.85802,-0.406614,-0.413007,0,-0.00460194,0,0.00920388,0,-1.29315,
43330.7,-0.0601506,-0.0582913,-0.0671395,-0.0659612,1.8574,1.85802,-0.406614,-0.413007,0,-0.00460194,0,0.00920388,-1.29315,-1.29315,
43350.7,-0.0601506,-0.0582913,-0.0683142,-0.0659612,1.8585,1.85802,-0.406532,-0.413007,0,-0.00460194,0,0.00920388,0,-1.29315,
43370.7,-0.0601506,-0.0582913,-0.0683142,-0.0659612,1.8585,1.85802,-0.406532,-0.413007,0,-0.00460194,0,0.00920388,0,-1.29315,
43390.8,-0.0601506,-0.0582913,-0.0701448,-0.0659612,1.8602,1.85802,-0.406402,-0.413007,0,-0.00460194,0,0.00920388,0,-1.29315,
43410.7,-0.0601506,-0.0582913,-0.0727244,-0.0659612,1.86259,1.85342,-0.406214,-0.408405,0,-0.00460194,0,0.00920388,0,-1.29315,
43430.7,-0.0601506,-0.0582913,-0.0727244,-0.0659612,1.86259,1.85342,-0.406214,-0.408405,0,-0.00460194,0,0.00920388,0,-1.29315,
43450.8,-0.0601506,-0.0582913,-0.0727244,-0.0659612,1.86259,1.85342,-0.406214,-0.408405,0,-0.00460194,0,0.00920388,0,-1.29315,
43470.7,-0.0601506,-0.0582913,-0.0761226,-0.0659612,1.86573,1.85342,-0.405955,-0.408405,0,-0.00460194,0,0.00920388,0,-1.29315,
43490.7,-0.0601506,-0.0582913,-0.0803887,-0.0659612,1.86965,1.85342,-0.405613,-0.408405,0,-0.00460194,0,0.00920388,0,-1.29315,
43510.7,-0.0601506,-0.0582913,-0.0803887,-0.0659612,1.86965,1.85342,-0.405613,-0.408405,0,-0.00460194,0,0.00920388,0,-1.29315,
43530.7,-0.0601506,-0.0598252,-0.0855535,-0.0674952,1.87438,1.85188,-0.405175,-0.406871,0,-0.00460194,0,0.00920388,0,-1.29315,
43550.7,-0.0601506,-0.0598252,-0.0855535,-0.0674952,1.87438,1.85188,-0.405175,-0.406871,0,-0.00460194,0,0.00920388,0,-1.29315,
43570.8,-0.0601506,-0.0598252,-0.0916315,-0.0674952,1.87991,1.85188,-0.404624,-0.406871,0,-0.00460194,0,0.00920388,0,-1.29315,
43590.8,-0.0601506,-0.0598252,-0.0916315,-0.0674952,1.87991,1.85188,-0.404624,-0.406871,0,-0.00460194,0,0.00920388,0,-1.29315,
43610.6,-0.0601506,-0.0598252,-0.0986233,-0.0674952,1.88622,1.85188,-0.403944,-0.406871,0,-0.00460194,0,0.00920388,0,-1.29315,
43630.7,-0.0601506,-0.0598252,-0.0690291,-0.0690291,1.84881,1.84881,-0.403944,-0.405337,0,-0.00460194,0,0.00920388,-1.29315,-1.29315,
43650.6,-0.0601506,-0.0598252,-0.106517,-0.0690291,1.89328,1.84881,-0.403117,-0.405337,0,-0.00460194,0,0.00920388,0,-1.29315,
43670.7,-0.0601506,-0.0598252,-0.106517,-0.0690291,1.89328,1.84881,-0.403117,-0.405337,0,-0.00460194,0,0.00920388,0,-1.29315,
43690.7,-0.0601506,-0.0598252,-0.115291,-0.0690291,1.90106,1.84881,-0.402123,-0.405337,0,-0.00460194,0,0.00920388,0,-1.29315,
43710.6,-0.0601506,-0.0613592,-0.115291,-0.0705631,1.90106,1.84881,-0.402123,-0.405337,0,-0.00460194,0,0.00920388,0,-1.29315,
43730.7,-0.0601506,-0.0613592,-0.0705631,-0.0705631,1.84881,1.84881,-0.400943,-0.405337,0,-0.00460194,0,0.00920388,-1.29315,-1.29315,
43750.6,-0.0601506,-0.0613592,-0.135343,-0.0705631,1.91855,1.84881,-0.399558,-0.405337,0,-0.00460194,0,0.00920388,0,-1.29315,
43770.7,-0.0601506,-0.0613592,-0.135343,-0.0705631,1.91855,1.84881,-0.399558,-0.405337,0,-0.00460194,0,0.00920388,0,-1.29315,
43790.7,-0.0601506,-0.0613592,-0.146538,-0.0705631,1.92814,1.84881,-0.397949,-0.405337,0,-0.00460194,0,0.00920388,0,-1.29315,
43810.7,-0.0601506,-0.0613592,-0.146538,-0.0705631,1.92814,1.84881,-0.397949,-0.405337,0,-0.00460194,0,0.00920388,0,-1.29315,
43830.7,-0.0601506,-0.0613592,-0.0751651,-0.0751651,1.85342,1.85342,-0.3961,-0.403803,0,-0.00460194,0,0.00920388,-1.29315,-1.29315,
43850.7,-0.0601506,-0.0613592,-0.0751651,-0.0751651,1.85342,1.85342,-0.3961,-0.403803,0,-0.00460194,0,0.00920388,-1.29315,-1.29315,
43870.7,-0.0601506,-0.0613592,-0.171015,-0.0751651,1.94866,1.85342,-0.393993,-0.403803,0,-0.00460194,0,0.00920388,0,-1.29315,
43890.7,-0.0601506,-0.0613592,-0.171015,-0.0751651,1.94866,1.85342,-0.393993,-0.403803,0,-0.00460194,0,0.00920388,0,-1.29315,
43910.8,-0.0601506,-0.0613592,-0.184185,-0.0751651,1.95945,1.85342,-0.391617,-0.403803,0,-0.00460194,0,0.00920388,0,-1.29315,
43930.6,-0.0601506,-0.0613592,-0.197896,-0.082835,1.97051,1.85648,-0.388959,-0.403803,0,-0.00460194,0,0.00920388,0,-1.29315,
43950.7,-0.0601506,-0.0613592,-0.197896,-0.082835,1.97051,1.85648,-0.388959,-0.403803,0,-0.00460194,0,0.00920388,0,-1.29315,
43970.6,-0.0601506,-0.0613592,-0.212088,-0.082835,1.98175,1.85648,-0.386011,-0.403803,0,-0.00460194,0,0.00920388,0,-1.29315,
43990.7,-0.0601506,-0.0613592,-0.212088,-0.082835,1.98175,1.85648,-0.386011,-0.403803,0,-0.00460194,0,0.00920388,0,-1.29315,
44010.7,-0.0601506,-0.0613592,-0.226698,-0.082835,1.99312,1.85648,-0.382768,-0.403803,0,-0.00460194,0,0.00920388,0,-1.29315,
44030.7,-0.0601506,-0.0628932,-0.0843689,-0.0843689,1.85495,1.85495,-0.400735,-0.400735,0,-0.00460194,0,0.0076699,-1.29315,-1.29315,
44050.8,-0.0601506,-0.0628932,-0.241665,-0.0843689,2.00454,1.85495,-0.379229,-0.400735,0,-0.00460194,0,0.0076699,0,-1.29315,
44070.8,-0.0601506,-0.0628932,-0.241665,-0.0843689,2.00454,1.85495,-0.379229,-0.400735,0,-0.00460194,0,0.0076699,0,-1.29315,
44090.8,-0.0601506,-0.0628932,-0.256927,-0.0843689,2.01597,1.85495,-0.375394,-0.400735,0,-0.00460194,0,0.0076699,0,-1.29315,
44110.7,-0.0601506,-0.0628932,-0.256927,-0.0843689,2.01597,1.85495,-0.375394,-0.400735,0,-0.00460194,0,0.0076699,0,-1.29315,
44130.8,-0.0601506,-0.0613592,-0.0905049,-0.0905049,1.86108,1.86108,-0.397667,-0.397667,0,-0.00460194,0,0.0076699,-1.29468,-1.29468,
44150.7,-0.0601506,-0.0613592,-0.0905049,-0.0905049,1.86108,1.86108,-0.397667,-0.397667,0,-0.00460194,0,0.0076699,-1.29468,-1.29468,
44170.7,-0.0601506,-0.0613592,-0.288098,-0.0905049,2.03861,1.86108,-0.366861,-0.397667,0,-0.00460194,0,0.0076699,0,-1.29468,
44190.6,-0.0601506,-0.0613592,-0.303891,-0.0905049,2.04972,1.86108,-0.362181,-0.397667,0,-0.00460194,0,0.0076699,0,-1.29468,
44210.7,-0.0601506,-0.0613592,-0.303891,-0.0905049,2.04972,1.86108,-0.362181,-0.397667,0,-0.00460194,0,0.0076699,0,-1.29468,
44230.7,-0.0601506,-0.0628932,-0.319751,-0.130388,2.06064,1.89943,-0.357242,-0.394599,0,-0.00613592,0,-0.00306796,0,-1.29468,
44250.7,-0.0601506,-0.0628932,-0.319751,-0.130388,2.06064,1.89943,-0.357242,-0.394599,0,-0.00613592,0,-0.00306796,0,-1.29468,
44270.7,-0.0601506,-0.0628932,-0.335626,-0.130388,2.07134,1.89943,-0.35206,-0.394599,0,-0.00613592,0,-0.00306796,0,-1.29468,
44290.7,-0.0601506,-0.0628932,-0.335626,-0.130388,2.07134,1.89943,-0.35206,-0.394599,0,-0.00613592,0,-0.00306796,0,-1.29468,
44310.6,-0.0601506,-0.0628932,-0.35147,-0.130388,2.08177,1.89943,-0.346652,-0.394599,0,-0.00613592,0,-0.00306796,0,-1.29468,
44330.7,-0.0601506,-0.0628932,-0.113515,-0.113515,1.88409,1.88409,-0.393065,-0.393065,0,-0.00613592,0,-0.00306796,-1.29468,-1.29468,
44350.7,-0.0601506,-0.0628932,-0.367239,-0.113515,2.09193,1.88409,-0.341038,-0.393065,0,-0.00613592,0,-0.00306796,0,-1.29468,
44370.7,-0.0601506,-0.0628932,-0.367239,-0.113515,2.09193,1.88409,-0.341038,-0.393065,0,-0.00613592,0,-0.00306796,0,-1.29468,
44390.7,-0.0601506,-0.0628932,-0.382895,-0.113515,2.10178,1.88409,-0.335237,-0.393065,0,-0.00613592,0,-0.00306796,0,-1.29468,
44410.8,-0.0601506,-0.0628932,-0.398403,-0.113515,2.11132,1.88409,-0.329269,-0.393065,0,-0.00613592,0,-0.00306796,0,-1.29468,
44430.6,-0.0601506,-0.0644272,-0.118117,-0.118117,1.88256,1.88256,-0.391531,-0.391531,0,-0.00613592,0,-0.00306796,-1.29315,-1.29315,
44450.8,-0.0601506,-0.0644272,-0.413734,-0.118117,2.12054,1.88256,-0.323154,-0.391531,0,-0.00613592,0,-0.00306796,0,-1.29315,
44470.8,-0.0601506,-0.0644272,-0.413734,-0.118117,2.12054,1.88256,-0.323154,-0.391531,0,-0.00613592,0,-0.00306796,0,-1.29315,
44490.7,-0.0601506,-0.0644272,-0.428863,-0.118117,2.12943,1.88256,-0.316912,-0.391531,0,-0.00613592,0,-0.00306796,0,-1.29315,
44510.6,-0.0601506,-0.0628932,-0.428863,-0.204019,2.12943,1.97613,-0.316912,-0.368522,0,-0.00613592,0,-0.00306796,0,-1.29621,
44530.6,-0.0601506,-0.0628932,-0.443771,-0.204019,2.13798,1.97613,-0.310561,-0.368522,0,-0.00613592,0,-0.00306796,0,-1.29621,
44550.6,-0.0601506,-0.0628932,-0.458444,-0.204019,2.14621,1.97613,-0.304118,-0.368522,0,-0.00613592,0,-0.00306796,0,-1.29621,
44570.7,-0.0601506,-0.0628932,-0.458444,-0.204019,2.14621,1.97613,-0.304118,-0.368522,0,-0.00613592,0,-0.00306796,0,-1.29621,
44590.7,-0.0601506,-0.0628932,-0.472875,-0.204019,2.15412,1.97613,-0.297596,-0.368522,0,-0.00613592,0,-0.00306796,0,-1.29621,
44610.7,-0.0601506,-0.0628932,-0.472875,-0.204019,2.15412,1.97613,-0.297596,-0.368522,0,-0.00613592,0,-0.00306796,0,-1.29621,
44630.7,-0.0601506,-0.0644272,-0.199418,-0.199418,1.95773,1.95773,-0.368522,-0.368522,0,0.00153398,0,-0.00306796,-1.29315,-1.29315,
44650.8,-0.0601506,-0.0644272,-0.199418,-0.199418,1.95773,1.95773,-0.368522,-0.368522,0,0.00153398,0,-0.00306796,-1.29315,-1.29315,
44670.8,-0.0601506,-0.0644272,-0.500998,-0.199418,2.16901,1.95773,-0.284366,-0.368522,0,0.00153398,0,-0.00306796,0,-1.29315,
44690.7,-0.0601506,-0.0644272,-0.500998,-0.199418,2.16901,1.95773,-0.284366,-0.368522,0,0.00153398,0,-0.00306796,0,-1.29315,
44710.7,-0.0601506,-0.0644272,-0.514701,-0.199418,2.17602,1.95773,-0.277673,-0.368522,0,0.00153398,0,-0.00306796,0,-1.29315,
44730.6,-0.0601506,-0.0659612,-0.528179,-0.294524,2.18276,2.05283,-0.270933,-0.337842,0,0.00153398,0,-0.00306796,0,-1.29315,
44750.6,-0.0601506,-0.0659612,-0.528179,-0.294524,2.18276,2.05283,-0.270933,-0.337842,0,0.00153398,0,-0.00306796,0,-1.29315,
44770.6,-0.0601506,-0.0659612,-0.54145,-0.294524,2.18925,2.05283,-0.264147,-0.337842,0,0.00153398,0,-0.00306796,0,-1.29315,
44790.7,-0.0601506,-0.0659612,-0.54145,-0.294524,2.18925,2.05283,-0.264147,-0.337842,0,0.00153398,0,-0.00306796,0,-1.29315,
44810.7,-0.0601506,-0.0659612,-0.554535,-0.294524,2.1955,2.05283,-0.257312,-0.337842,0,0.00153398,0,-0.00306796,0,-1.29315,
44830.7,-0.0601506,-0.0659612,-0.227029,-0.227029,1.98841,1.98841,-0.351648,-0.351648,0,0.00153398,0,-0.00306796,-1.29775,-1.29775,
44850.7,-0.0601506,-0.0659612,-0.56746,-0.227029,2.20153,1.98841,-0.25042,-0.351648,0,0.00153398,0,-0.00306796,0,-1.29775,
44870.7,-0.0601506,-0.0659612,-0.56746,-0.227029,2.20153,1.98841,-0.25042,-0.351648,0,0.00153398,0,-0.00306796,0,-1.29775,
44890.7,-0.0601506,-0.0659612,-0.580253,-0.227029,2.20737,1.98841,-0.243463,-0.351648,0,0.00153398,0,-0.00306796,0,-1.29775,
44910.6,-0.0601506,-0.0644272,-0.580253,-0.383495,2.20737,2.12493,-0.243463,-0.299493,0,0.00153398,0,-0.00306796,0,-1.29468,
44930.7,-0.0601506,-0.0644272,-0.383495,-0.383495,2.12493,2.12493,-0.299493,-0.299493,0,0.00153398,0,-0.00306796,-1.29468,-1.29468,
44950.7,-0.0601506,-0.0644272,-0.605578,-0.383495,2.21852,2.12493,-0.229295,-0.299493,0,0.00153398,0,-0.00306796,0,-1.29468,
44970.7,-0.0601506,-0.0644272,-0.605578,-0.383495,2.21852,2.12493,-0.229295,-0.299493,0,0.00153398,0,-0.00306796,0,-1.29468,
44990.7,-0.0601506,-0.0644272,-0.618182,-0.383495,2.22388,2.12493,-0.22205,-0.299493,0,0.00153398,0,-0.00306796,0,-1.29468,
45010.8,-0.0601506,-0.0644272,-0.618182,-0.383495,2.22388,2.12493,-0.22205,-0.299493,0,0.00153398,0,-0.00306796,0,-1.29468,
45030.7,-0.0601506,-0.0644272,-0.630799,-0.383495,2.22912,2.12493,-0.214669,-0.299493,0,0.00153398,0,-0.00306796,0,-1.29468,
45050.7,-0.0601506,-0.0598252,-0.455592,-0.455592,2.18015,2.18015,-0.274949,-0.274949,0,0.00153398,0,-0.00306796,-1.29468,-1.29468,
45070.7,-0.0601506,-0.0598252,-0.64347,-0.455592,2.23425,2.18015,-0.207129,-0.274949,0,0.00153398,0,-0.00306796,0,-1.29468,
45090.7,-0.0601506,-0.0598252,-0.64347,-0.455592,2.23425,2.18015,-0.207129,-0.274949,0,0.00153398,0,-0.00306796,0,-1.29468,
45110.7,-0.0601506,-0.0598252,-0.656235,-0.455592,2.23929,2.18015,-0.199405,-0.274949,0,0.00153398,0,-0.00306796,0,-1.29468,
45130.7,-0.0601506,-0.0598252,-0.669135,-0.520019,2.24425,2.19396,-0.191468,-0.261143,0,0.00153398,0,-0.00306796,0,-1.29775,
45150.6,-0.0601506,-0.0598252,-0.669135,-0.520019,2.24425,2.19396,-0.191468,-0.261143,0,0.00153398,0,-0.00306796,0,-1.29775,
45170.7,-0.0601506,-0.0598252,-0.68221,-0.520019,2.24915,2.19396,-0.18329,-0.261143,0,0.00153398,0,-0.00306796,0,-1.29775,
45190.7,-0.0601506,-0.0598252,-0.68221,-0.520019,2.24915,2.19396,-0.18329,-0.261143,0,0.00153398,0,-0.00306796,0,-1.29775,
45210.7,-0.0601506,-0.0598252,-0.6955,-0.520019,2.25399,2.19396,-0.174842,-0.261143,0,0.00153398,0,-0.00306796,0,-1.29775,
45230.7,-0.0601506,-0.0598252,-0.544563,-0.544563,2.20163,2.20163,-0.251939,-0.251939,0,0.00153398,0,-0.00306796,-1.29621,-1.29621,
45250.7,-0.0601506,-0.0598252,-0.709043,-0.544563,2.25879,2.20163,-0.166093,-0.251939,0,0.00153398,0,-0.00306796,0,-1.29621,
45270.7,-0.0601506,-0.0598252,-0.709043,-0.544563,2.25879,2.20163,-0.166093,-0.251939,0,0.00153398,0,-0.00306796,0,-1.29621,
45290.7,-0.0601506,-0.0598252,-0.722873,-0.544563,2.26354,2.20163,-0.157013,-0.251939,0,0.00153398,0,-0.00306796,0,-1.29621,
45310.6,-0.0601506,-0.0598252,-0.737021,-0.544563,2.26824,2.20163,-0.147572,-0.251939,0,0.00153398,0,-0.00306796,0,-1.29621,
45330.7,-0.0601506,-0.0598252,-0.483204,-0.483204,2.15561,2.15561,-0.270347,-0.270347,0,0.00153398,0,-0.00306796,-1.29621,-1.29621,
45350.7,-0.0601506,-0.0598252,-0.751518,-0.483204,2.27291,2.15561,-0.137742,-0.270347,0,0.00153398,0,-0.00306796,0,-1.29621,
45370.7,-0.0601506,-0.0598252,-0.751518,-0.483204,2.27291,2.15561,-0.137742,-0.270347,0,0.00153398,0,-0.00306796,0,-1.29621,
45390.7,-0.0601506,-0.0598252,-0.766386,-0.483204,2.27753,2.15561,-0.127496,-0.270347,0,0.00153398,0,-0.00306796,0,-1.29621,
45410.8,-0.0601506,-0.0598252,-0.766386,-0.483204,2.27753,2.15561,-0.127496,-0.270347,0,0.00153398,0,-0.00306796,0,-1.29621,
45430.7,-0.0601506,-0.0644272,-0.590583,-0.590583,2.23077,2.23077,-0.208988,-0.208988,0,0.00153398,0,-0.00306796,-1.29315,-1.29315,
45450.8,-0.0601506,-0.0644272,-0.590583,-0.590583,2.23077,2.23077,-0.208988,-0.208988,0,0.00153398,0,-0.00306796,-1.29315,-1.29315,
45470.8,-0.0601506,-0.0644272,-0.797309,-0.590583,2.28661,2.23077,-0.105653,-0.208988,0,0.00153398,0,-0.00306796,0,-1.29315,
45490.7,-0.0601506,-0.0644272,-0.797309,-0.590583,2.28661,2.23077,-0.105653,-0.208988,0,0.00153398,0,-0.00306796,0,-1.29315,
45510.6,-0.0601506,-0.0644272,-0.813386,-0.590583,2.29105,2.23077,-0.0940165,-0.208988,0,0.00153398,0,-0.00306796,0,-1.29315,
45530.6,-0.0601506,-0.0598252,-0.648874,-0.648874,2.26145,2.26145,-0.185978,-0.185978,0,0.00153398,0,-0.00153398,-1.29468,-1.29468,
45550.7,-0.0601506,-0.0598252,-0.829878,-0.648874,2.29541,2.26145,-0.0818809,-0.185978,0,0.00153398,0,-0.00153398,0,-1.29468,
45570.6,-0.0601506,-0.0598252,-0.829878,-0.648874,2.29541,2.26145,-0.0818809,-0.185978,0,0.00153398,0,-0.00153398,0,-1.29468,
45590.7,-0.0601506,-0.0598252,-0.846778,-0.648874,2.29967,2.26145,-0.0692362,-0.185978,0,0.00153398,0,-0.00153398,0,-1.29468,
45610.7,-0.0601506,-0.0598252,-0.864076,-0.648874,2.3038,2.26145,-0.0560775,-0.185978,0,0.00153398,0,-0.00153398,0,-1.29468,
45630.6,-0.0601506,-0.0598252,-0.64734,-0.64734,2.23384,2.23384,-0.19825,-0.19825,0,0,0,-0.00306796,-1.29621,-1.29621,
45650.7,-0.0601506,-0.0598252,-0.881749,-0.64734,2.30781,2.23384,-0.042406,-0.19825,0,0,0,-0.00306796,0,-1.29621,
45670.7,-0.0601506,-0.0598252,-0.881749,-0.64734,2.30781,2.23384,-0.042406,-0.19825,0,0,0,-0.00306796,0,-1.29621,
45690.8,-0.0601506,-0.0598252,-0.899772,-0.64734,2.31165,2.23384,-0.0282299,-0.19825,0,0,0,-0.00306796,0,-1.29621,
45710.7,-0.0601506,-0.0613592,-0.899772,-0.731709,2.31165,2.27986,-0.0282299,-0.133823,0,0,0,-0.00306796,0,-1.29315,
45730.7,-0.0601506,-0.0613592,-0.918106,-0.731709,2.31532,2.27986,-0.0135646,-0.133823,0,0,0,-0.00306796,0,-1.29315,
45750.7,-0.0601506,-0.0613592,-0.918106,-0.731709,2.31532,2.27986,-0.0135646,-0.133823,0,0,0,-0.00306796,0,-1.29315,
45770.7,-0.0601506,-0.0613592,-0.936709,-0.731709,2.31879,2.27986,0.00156627,-0.133823,0,0,0,-0.00306796,0,-1.29315,
45790.7,-0.0601506,-0.0613592,-0.936709,-0.731709,2.31879,2.27986,0.00156627,-0.133823,0,0,0,-0.00306796,0,-1.29315,
45810.8,-0.0601506,-0.0613592,-0.955528,-0.731709,2.32205,2.27986,0.0171308,-0.133823,0,0,0,-0.00306796,0,-1.29315,
45830.6,-0.0601506,-0.0598252,-0.955528,-0.765456,2.32205,2.30287,0.0171308,-0.118483,0,0,0,-0.00306796,0,-1.29315,
45850.7,-0.0601506,-0.0598252,-0.974504,-0.765456,2.32507,2.30287,0.0330881,-0.118483,0,0,0,-0.00306796,0,-1.29315,
45870.8,-0.0601506,-0.0598252,-0.974504,-0.765456,2.32507,2.30287,0.0330881,-0.118483,0,0,0,-0.00306796,0,-1.29315,
45890.7,-0.0601506,-0.0598252,-0.99357,-0.765456,2.32783,2.30287,0.0493885,-0.118483,0,0,0,-0.00306796,0,-1.29315,
45910.8,-0.0601506,-0.0598252,-1.01265,-0.765456,2.33033,2.30287,0.0659733,-0.118483,0,0,0,-0.00306796,0,-1.29315,
45930.7,-0.0601506,-0.0598252,-1.01265,-0.765456,2.33033,2.30287,0.0659733,-0.118483,0,0,0,-0.00306796,0,-1.29315,
45950.7,-0.0601506,-0.0613592,-1.03168,-0.734777,2.33255,2.27219,0.0827749,-0.153764,0,0,0,-0.00306796,0,-1.29315,
45970.6,-0.0601506,-0.0613592,-1.03168,-0.734777,2.33255,2.27219,0.0827749,-0.153764,0,0,0,-0.00306796,0,-1.29315,
45990.7,-0.0601506,-0.0613592,-1.05055,-0.734777,2.33449,2.27219,0.0997175,-0.153764,0,0,0,-0.00306796,0,-1.29315,
46010.7,-0.0601506,-0.0613592,-1.05055,-0.734777,2.33449,2.27219,0.0997175,-0.153764,0,0,0,-0.00306796,0,-1.29315,
46030.6,-0.0601506,-0.0613592,-0.816078,-0.816078,2.31054,2.31054,-0.0647935,-0.0647935,0,0,0,-0.00153398,-1.29315,-1.29315,
46050.6,-0.0601506,-0.0613592,-1.08752,-0.816078,2.33749,2.31054,0.133685,-0.0647935,0,0,0,-0.00153398,0,-1.29315,
46070.8,-0.0601506,-0.0613592,-1.08752,-0.816078,2.33749,2.31054,0.133685,-0.0647935,0,0,0,-0.00153398,0,-1.29315,
46090.7,-0.0601506,-0.0613592,-1.10543,-0.816078,2.33856,2.31054,0.150523,-0.0647935,0,0,0,-0.00153398,0,-1.29315,
46110.6,-0.0601506,-0.0598252,-0.811476,-0.811476,2.31208,2.31208,-0.0770653,-0.0770653,0,-0.00153398,0,-0.00306796,-1.29621,-1.29621,
46130.7,-0.0601506,-0.0598252,-1.12284,-0.811476,2.33936,2.31208,0.167131,-0.0770653,0,-0.00153398,0,-0.00306796,0,-1.29621,
46150.6,-0.0601506,-0.0598252,-1.12284,-0.811476,2.33936,2.31208,0.167131,-0.0770653,0,-0.00153398,0,-0.00306796,0,-1.29621,
46170.7,-0.0601506,-0.0598252,-1.13966,-0.811476,2.3399,2.31208,0.183405,-0.0770653,0,-0.00153398,0,-0.00306796,0,-1.29621,
46190.7,-0.0601506,-0.0598252,-1.13966,-0.811476,2.3399,2.31208,0.183405,-0.0770653,0,-0.00153398,0,-0.00306796,0,-1.29621,
46210.7,-0.0601506,-0.0598252,-1.15579,-0.811476,2.3402,2.31208,0.199241,-0.0770653,0,-0.00153398,0,-0.00306796,0,-1.29621,
46230.7,-0.0601506,-0.0613592,-0.851359,-0.851359,2.31208,2.31208,-0.0448517,-0.0448517,0,-0.00153398,0,-0.00153398,-1.29775,-1.29775,
46250.7,-0.0601506,-0.0613592,-1.17117,-0.851359,2.34029,2.31208,0.214534,-0.0448517,0,-0.00153398,0,-0.00153398,0,-1.29775,
46270.6,-0.0601506,-0.0613592,-1.17117,-0.851359,2.34029,2.31208,0.214534,-0.0448517,0,-0.00153398,0,-0.00153398,0,-1.29775,
46290.6,-0.0601506,-0.0613592,-1.18572,-0.851359,2.34019,2.31208,0.229179,-0.0448517,0,-0.00153398,0,-0.00153398,0,-1.29775,
46310.8,-0.0601506,-0.0613592,-1.19935,-0.851359,2.33992,2.31208,0.24308,-0.0448517,0,-0.00153398,0,-0.00153398,0,-1.29775,
46330.8,-0.0601506,-0.0598252,-0.834486,-0.834486,2.31514,2.31514,-0.0601916,-0.0601916,0,-0.00153398,0,-0.00306796,-1.29315,-1.29315,
46350.7,-0.0601506,-0.0598252,-1.21202,-0.834486,2.33953,2.31514,0.256143,-0.0601916,0,-0.00153398,0,-0.00306796,0,-1.29315,
46370.8,-0.0601506,-0.0598252,-1.21202,-0.834486,2.33953,2.31514,0.256143,-0.0601916,0,-0.00153398,0,-0.00306796,0,-1.29315,
46390.7,-0.0601506,-0.0598252,-1.22368,-0.834486,2.33905,2.31514,0.268283,-0.0601916,0,-0.00153398,0,-0.00306796,0,-1.29315,
46410.8,-0.0601506,-0.0598252,-1.22368,-0.834486,2.33905,2.31514,0.268283,-0.0601916,0,-0.00153398,0,-0.00306796,0,-1.29315,
46430.7,-0.0601506,-0.0598252,-1.23427,-0.860563,2.3385,2.31668,0.279425,-0.0203081,0,-0.00153398,0,-0.00306796,0,-1.29468,
46450.7,-0.0601506,-0.0598252,-1.23427,-0.860563,2.3385,2.31668,0.279425,-0.0203081,0,-0.00153398,0,-0.00306796,0,-1.29468,
46470.7,-0.0601506,-0.0598252,-1.24377,-0.860563,2.33791,2.31668,0.289507,-0.0203081,0,-0.00153398,0,-0.00306796,0,-1.29468,
46490.6,-0.0601506,-0.0598252,-1.24377,-0.860563,2.33791,2.31668,0.289507,-0.0203081,0,-0.00153398,0,-0.00306796,0,-1.29468,
46510.6,-0.0601506,-0.0598252,-1.25216,-0.874369,2.33733,2.32742,0.29848,-0.00496824,0,-0.00153398,0,-0.00306796,0,-1.29315,
46530.6,-0.0601506,-0.0598252,-1.25943,-0.874369,2.33677,2.32742,0.306312,-0.00496824,0,-0.00153398,0,-0.00306796,0,-1.29315,
46550.7,-0.0601506,-0.0598252,-1.25943,-0.874369,2.33677,2.32742,0.306312,-0.00496824,0,-0.00153398,0,-0.00306796,0,-1.29315,
46570.7,-0.0601506,-0.0598252,-1.26559,-0.874369,2.33625,2.32742,0.31299,-0.00496824,0,-0.00153398,0,-0.00306796,0,-1.29315,
46590.7,-0.0601506,-0.0598252,-1.26559,-0.874369,2.33625,2.32742,0.31299,-0.00496824,0,-0.00153398,0,-0.00306796,0,-1.29315,
46610.7,-0.0601506,-0.0613592,-0.928058,-0.928058,2.33579,2.33048,0.0717308,0.0717308,0,-0.00153398,0,-0.00306796,-1.29315,-1.29315,
46630.6,-0.0601506,-0.0613592,-0.928058,-0.928058,2.33579,2.33048,0.0717308,0.0717308,0,-0.00153398,0,-0.00306796,-1.29315,-1.29315,
46650.7,-0.0601506,-0.0613592,-1.2747,-0.928058,2.33542,2.33048,0.322936,0.0717308,0,-0.00153398,0,-0.00306796,0,-1.29315,
46670.7,-0.0601506,-0.0613592,-1.2747,-0.928058,2.33542,2.33048,0.322936,0.0717308,0,-0.00153398,0,-0.00306796,0,-1.29315,
46690.7,-0.0601506,-0.0613592,-1.27776,-0.928058,2.33512,2.33048,0.326293,0.0717308,0,-0.00153398,0,-0.00306796,0,-1.29315,
46710.7,-0.0601506,-0.0613592,-1.27993,-0.928058,2.3349,2.33048,0.328678,0.0717308,0,-0.00153398,0,-0.00306796,0,-1.29315,
46730.7,-0.0601506,-0.0613592,-1.106,-1.106,2.35809,2.35809,0.229731,0.229731,0,-0.00153398,0,-0.00153398,-1.29775,-1.29775,
46750.8,-0.0601506,-0.0613592,-1.28132,-1.106,2.33476,2.35809,0.33021,0.229731,0,-0.00153398,0,-0.00153398,0,-1.29775,
46770.7,-0.0601506,-0.0613592,-1.28132,-1.106,2.33476,2.35809,0.33021,0.229731,0,-0.00153398,0,-0.00153398,0,-1.29775,
46790.7,-0.0601506,-0.0613592,-1.28207,-1.106,2.33468,2.35809,0.331041,0.229731,0,-0.00153398,0,-0.00153398,0,-1.29775,
46810.6,-0.0601506,-0.0613592,-1.28207,-1.106,2.33468,2.35809,0.331041,0.229731,0,-0.00153398,0,-0.00153398,0,-1.29775,
46830.6,-0.0601506,-0.0598252,-1.28236,-1.19804,2.33465,2.35656,0.331365,0.269614,0,-0.00153398,0,-0.00153398,0,-1.29315,
46850.6,-0.0601506,-0.0598252,-1.28236,-1.19804,2.33465,2.35656,0.331365,0.269614,0,-0.00153398,0,-0.00153398,0,-1.29315,
46870.7,-0.0601506,-0.0598252,-1.28236,-1.19804,2.33465,2.35656,0.331365,0.269614,0,-0.00153398,0,-0.00153398,0,-1.29315,
46890.7,-0.0601506,-0.0598252,-1.28236,-1.19804,2.33465,2.35656,0.331365,0.269614,0.0314159,-0.00153398,0.015708,-0.00153398,0,-1.29315,
46910.7,-0.0601506,-0.0598252,-1.28236,-1.06765,2.33465,2.34122,0.331365,0.100876,0.0628319,-0.00306796,0.0314159,-0.00613592,0,-1.29315,
46930.6,-0.0601506,-0.0598252,-1.28236,-1.06765,2.33465,2.34122,0.331365,0.100876,0.0628319,-0.00306796,0.0314159,-0.00613592,0,-1.29315,
46950.6,-0.0601506,-0.0598252,-1.28236,-1.06765,2.33465,2.34122,0.331365,0.100876,0.0942478,-0.00306796,0.0471239,-0.00613592,0,-1.29315,
46970.6,-0.0601506,-0.0598252,-1.28236,-1.06765,2.33465,2.34122,0.331365,0.100876,0.125664,-0.00306796,0.0628319,-0.00613592,0,-1.29315,
46990.6,-0.0601506,-0.0598252,-1.28236,-1.06765,2.33465,2.34122,0.331365,0.100876,0.15708,-0.00306796,0.0785398,-0.00613592,0,-1.29315,
47011.5,-0.0601506,-0.0598252,-1.28236,-1.06765,2.33465,2.34122,0.331365,0.100876,0.15708,-0.00306796,0.0785398,-0.00613592,0,-1.29315,
47030.6,-0.0601506,-0.0598252,-1.28236,-1.06765,2.33465,2.34122,0.331365,0.100876,0.188496,-0.00306796,0.0942478,-0.00613592,0,-1.29315,
47050.6,-0.0601506,-0.0628932,-1.28236,-1.09219,2.33465,2.33509,0.331365,0.212857,0.219911,-0.00306796,0.109956,-0.00613592,0,-1.29775,
47070.6,-0.0601506,-0.0628932,-1.28236,-1.09219,2.33465,2.33509,0.331365,0.212857,0.251327,-0.00306796,0.125664,-0.00613592,0,-1.29775,
47090.6,-0.0601506,-0.0628932,-1.28236,-1.09219,2.33465,2.33509,0.331365,0.212857,0.251327,-0.00306796,0.125664,-0.00613592,0,-1.29775,
47110.7,-0.0601506,-0.0628932,-1.28236,-1.09219,2.33465,2.33509,0.331365,0.212857,0.282743,-0.00306796,0.141372,-0.00613592,0,-1.29775,
47130.7,-0.0601506,-0.0613592,-1.28236,-1.22718,2.33465,2.3627,0.331365,0.338643,0.314159,-0.00460194,0.15708,-0.00306796,0,-1.29315,
47150.6,-0.0601506,-0.0613592,-1.28236,-1.22718,2.33465,2.3627,0.331365,0.338643,0.345575,-0.00460194,0.172788,-0.00306796,0,-1.29315,
47170.6,-0.0601506,-0.0613592,-1.28236,-1.22718,2.33465,2.3627,0.331365,0.338643,0.345575,-0.00460194,0.172788,-0.00306796,0,-1.29315,
47190.6,-0.0601506,-0.0613592,-1.28236,-1.22718,2.33465,2.3627,0.331365,0.338643,0.376991,-0.00460194,0.188496,-0.00306796,0,-1.29315,
47210.7,-0.0601506,-0.0613592,-1.28236,-1.22718,2.33465,2.3627,0.331365,0.338643,0.408407,-0.00460194,0.204204,-0.00306796,0,-1.29315,
47230.6,-0.0601506,-0.0598252,-1.28236,-1.29008,2.33465,2.35656,0.331365,0.347847,0.439823,0.00460194,0.219911,-0.00306796,0,-1.29775,
47250.7,-0.0601506,-0.0598252,-1.28236,-1.29008,2.33465,2.35656,0.331365,0.347847,0.439823,0.00460194,0.219911,-0.00306796,0,-1.29775,
47270.7,-0.0601506,-0.0598252,-1.28236,-1.29008,2.33465,2.35656,0.331365,0.347847,0.471239,0.00460194,0.235619,-0.00306796,0,-1.29775,
47290.7,-0.0601506,-0.0598252,-1.28236,-1.29008,2.33465,2.35656,0.331365,0.347847,0.502655,0.00460194,0.251327,-0.00306796,0,-1.29775,
47310.6,-0.0601506,-0.0598252,-1.28236,-1.31769,2.33465,2.34582,0.331365,0.346313,0.502655,0.0552233,0.251327,-0.00153398,0,-1.29775,
47330.7,-0.0601506,-0.0598252,-1.28236,-1.31769,2.33465,2.34582,0.331365,0.346313,0.534071,0.0552233,0.267035,-0.00153398,0,-1.29775,
47350.6,-0.0601506,-0.0598252,-1.28236,-1.31769,2.33465,2.34582,0.331365,0.346313,0.565487,0.0552233,0.282743,-0.00153398,0,-1.29775,
47370.7,-0.0601506,-0.0598252,-1.28236,-1.31769,2.33465,2.34582,0.331365,0.346313,0.565487,0.0552233,0.282743,-0.00153398,0,-1.29775,
47390.7,-0.0601506,-0.0598252,-1.28236,-1.31769,2.33465,2.34582,0.331365,0.346313,0.596903,0.0552233,0.298451,-0.00153398,0,-1.29775,
47410.6,-0.0601506,-0.0598252,-1.28236,-1.31769,2.33465,2.34582,0.331365,0.346313,0.628319,0.0552233,0.314159,-0.00153398,0,-1.29775,
47430.7,-0.0601506,-0.0598252,-1.28236,-1.32383,2.33465,2.34429,0.331365,0.346313,0.659735,0.197884,0.329867,0.0613592,0,-1.29928,
47450.6,-0.0601506,-0.0598252,-1.28236,-1.32383,2.33465,2.34429,0.331365,0.346313,0.691151,0.197884,0.345575,0.0613592,0,-1.29928,
47470.7,-0.0601506,-0.0598252,-1.28236,-1.32383,2.33465,2.34429,0.331365,0.346313,0.691151,0.197884,0.345575,0.0613592,0,-1.29928,
47490.7,-0.0601506,-0.0598252,-1.28236,-1.32383,2.33465,2.34429,0.331365,0.346313,0.722566,0.197884,0.361283,0.0613592,0,-1.29928,
47510.7,-0.0601506,-0.0598252,-1.28236,-1.32383,2.33465,2.34429,0.331365,0.346313,0.753982,0.197884,0.376991,0.0613592,0,-1.29928,
47530.7,-0.0601506,-0.0644272,-1.28236,-1.32229,2.33465,2.34736,0.331365,0.347847,0.785398,0.325204,0.392699,0.131922,0,-1.29315,
47550.7,-0.0601506,-0.0644272,-1.28236,-1.32229,2.33465,2.34736,0.331365,0.347847,0.785398,0.325204,0.392699,0.131922,0,-1.29315,
47570.8,-0.0601506,-0.0644272,-1.28236,-1.32229,2.33465,2.34736,0.331365,0.347847,0.816814,0.325204,0.408407,0.131922,0,-1.29315,
47590.7,-0.0601506,-0.0644272,-1.28236,-1.32229,2.33465,2.34736,0.331365,0.347847,0.84823,0.325204,0.424115,0.131922,0,-1.29315,
47610.6,-0.0601506,-0.0644272,-1.28236,-1.32229,2.33465,2.34736,0.331365,0.347847,0.879646,0.325204,0.439823,0.131922,0,-1.29315,
47630.6,-0.0601506,-0.0613592,-1.28236,-1.32383,2.33465,2.34736,0.331365,0.347847,0.879646,0.446388,0.439823,0.199418,0,-1.29775,
47650.7,-0.0601506,-0.0613592,-1.28236,-1.32383,2.33465,2.34736,0.331365,0.347847,0.911062,0.446388,0.455531,0.199418,0,-1.29775,
47670.7,-0.0601506,-0.0613592,-1.28236,-1.32383,2.33465,2.34736,0.331365,0.347847,0.942478,0.446388,0.471239,0.199418,0,-1.29775,
47690.8,-0.0601506,-0.0613592,-1.28236,-1.32383,2.33465,2.34736,0.331365,0.347847,0.942478,0.446388,0.471239,0.199418,0,-1.29775,
47710.6,-0.0601506,-0.0598252,-1.28236,-1.32076,2.33465,2.34582,0.331365,0.344779,0.973894,0.578311,0.486947,0.254641,0,-1.29775,
47730.6,-0.0601506,-0.0598252,-1.28236,-1.32076,2.33465,2.34582,0.331365,0.344779,1.00531,0.578311,0.502655,0.254641,0,-1.29775,
47750.6,-0.0601506,-0.0598252,-1.28236,-1.32076,2.33465,2.34582,0.331365,0.344779,1.03673,0.578311,0.518363,0.254641,0,-1.29775,
47770.7,-0.0601506,-0.0598252,-1.28236,-1.32076,2.33465,2.34582,0.331365,0.344779,1.03673,0.578311,0.518363,0.254641,0,-1.29775,
47790.7,-0.0601506,-0.0598252,-1.28236,-1.32076,2.33465,2.34582,0.331365,0.344779,1.06814,0.578311,0.534071,0.254641,0,-1.29775,
47810.7,-0.0601506,-0.0598252,-1.28236,-1.32076,2.33465,2.34582,0.331365,0.344779,1.09956,0.578311,0.549779,0.254641,0,-1.29775,
47830.7,-0.0601506,-0.0598252,-1.28236,-1.31462,2.33465,2.34582,0.331365,0.343245,1.13097,0.713301,0.565487,0.322136,0,-1.29775,
47850.7,-0.0601506,-0.0598252,-1.28236,-1.31462,2.33465,2.34582,0.331365,0.343245,1.13097,0.713301,0.565487,0.322136,0,-1.29775,
47870.7,-0.0601506,-0.0598252,-1.28236,-1.31462,2.33465,2.34582,0.331365,0.343245,1.16239,0.713301,0.581195,0.322136,0,-1.29775,
47890.8,-0.0601506,-0.0598252,-1.28236,-1.31462,2.33465,2.34582,0.331365,0.343245,1.19381,0.713301,0.596903,0.322136,0,-1.29775,
47910.6,-0.0601506,-0.0598252,-1.28236,-1.31462,2.33465,2.34582,0.331365,0.343245,1.22522,0.713301,0.61261,0.322136,0,-1.29775,
47930.8,-0.0601506,-0.0613592,-1.28236,-1.31155,2.33465,2.34582,0.331365,0.340177,1.22522,0.837554,0.61261,0.385029,0,-1.29468,
47950.8,-0.0601506,-0.0613592,-1.28236,-1.31155,2.33465,2.34582,0.331365,0.340177,1.25664,0.837554,0.628318,0.385029,0,-1.29468,
47970.8,-0.0601506,-0.0613592,-1.28236,-1.31155,2.33465,2.34582,0.331365,0.340177,1.28805,0.837554,0.644026,0.385029,0,-1.29468,
47990.8,-0.0601506,-0.0613592,-1.28236,-1.31155,2.33465,2.34582,0.331365,0.340177,1.31947,0.837554,0.659734,0.385029,0,-1.29468,
48010.7,-0.0601506,-0.0613592,-1.28236,-1.31155,2.33465,2.34582,0.331365,0.340177,1.31947,0.837554,0.659734,0.385029,0,-1.29468,
48030.7,-0.0601506,-0.0644272,-1.28236,-1.30695,2.33465,2.34582,0.331365,0.338643,1.35088,0.923456,0.675442,0.427981,0,-1.29468,
48050.7,-0.0601506,-0.0644272,-1.28236,-1.30695,2.33465,2.34582,0.331365,0.338643,1.3823,0.923456,0.69115,0.427981,0,-1.29468,
48070.6,-0.0601506,-0.0644272,-1.28236,-1.30695,2.33465,2.34582,0.331365,0.338643,1.41372,0.923456,0.706858,0.427981,0,-1.29468,
48090.7,-0.0601506,-0.0644272,-1.28236,-1.30695,2.33465,2.34582,0.331365,0.338643,1.41372,0.923456,0.706858,0.427981,0,-1.29468,
48110.6,-0.0601506,-0.0644272,-1.28236,-1.30695,2.33465,2.34582,0.331365,0.338643,1.44513,0.923456,0.722566,0.427981,0,-1.29468,
48130.7,-0.0601506,-0.0613592,-1.28236,-1.30235,2.33465,2.34582,0.331365,0.335575,1.47655,1.05384,0.738274,0.490874,0,-1.29621,
48150.6,-0.0601506,-0.0613592,-1.28236,-1.30235,2.33465,2.34582,0.331365,0.335575,1.50796,1.05384,0.753982,0.490874,0,-1.29621,
48170.7,-0.0601506,-0.0613592,-1.28236,-1.30235,2.33465,2.34582,0.331365,0.335575,1.50796,1.05384,0.753982,0.490874,0,-1.29621,
48190.7,-0.0601506,-0.0613592,-1.28236,-1.30235,2.33465,2.34582,0.331365,0.335575,1.53938,1.05384,0.76969,0.490874,0,-1.29621,
48210.7,-0.0601506,-0.0613592,-1.28236,-1.30235,2.33465,2.34582,0.331365,0.335575,1.5708,1.05384,0.785398,0.490874,0,-1.29621,
48230.7,-0.0601506,-0.0598252,-1.28236,-1.30082,2.33465,2.34429,0.331365,0.334042,1.5708,1.16276,0.785398,0.546097,0,-1.29468,
48250.7,-0.0601506,-0.0598252,-1.28236,-1.30082,2.33465,2.34429,0.331365,0.334042,1.60221,1.16276,0.801106,0.546097,0,-1.29468,
48270.7,-0.0601506,-0.0598252,-1.28236,-1.30082,2.33465,2.34429,0.331365,0.334042,1.63363,1.16276,0.816814,0.546097,0,-1.29468,
48290.7,-0.0601506,-0.0598252,-1.28236,-1.30082,2.33465,2.34429,0.331365,0.334042,1.66504,1.16276,0.832522,0.546097,0,-1.29468,
48310.7,-0.0601506,-0.0598252,-1.28236,-1.30082,2.33465,2.34429,0.331365,0.334042,1.69646,1.16276,0.84823,0.546097,0,-1.29468,
48330.7,-0.0601506,-0.0613592,-1.28236,-1.29928,2.33465,2.34122,0.331365,0.330974,1.69646,1.28241,0.84823,0.610524,0,-1.29468,
48350.7,-0.0601506,-0.0613592,-1.28236,-1.29928,2.33465,2.34122,0.331365,0.330974,1.72788,1.28241,0.863938,0.610524,0,-1.29468,
48370.8,-0.0601506,-0.0613592,-1.28236,-1.29928,2.33465,2.34122,0.331365,0.330974,1.75929,1.28241,0.879646,0.610524,0,-1.29468,
48390.8,-0.0601506,-0.0613592,-1.28236,-1.29928,2.33465,2.34122,0.331365,0.330974,1.75929,1.28241,0.879646,0.610524,0,-1.29468,
48410.7,-0.0601506,-0.0613592,-1.28236,-1.29928,2.33465,2.34122,0.331365,0.330974,1.79071,1.28241,0.895354,0.610524,0,-1.29468,
48430.6,-0.0601506,-0.0628932,-1.28236,-1.29621,2.33465,2.33969,0.331365,0.330974,1.82212,1.40666,0.911061,0.665748,0,-1.29468,
48450.6,-0.0601506,-0.0628932,-1.28236,-1.29621,2.33465,2.33969,0.331365,0.330974,1.85354,1.40666,0.926769,0.665748,0,-1.29468,
48470.7,-0.0601506,-0.0628932,-1.28236,-1.29621,2.33465,2.33969,0.331365,0.330974,1.85354,1.40666,0.926769,0.665748,0,-1.29468,
48490.7,-0.0601506,-0.0628932,-1.28236,-1.29621,2.33465,2.33969,0.331365,0.330974,1.88495,1.40666,0.942477,0.665748,0,-1.29468,
48510.6,-0.0601506,-0.0613592,-1.28236,-1.29468,2.33465,2.33969,0.331365,0.32944,1.91637,1.51711,0.958185,0.717903,0,-1.29468,
48530.7,-0.0601506,-0.0613592,-1.28236,-1.29468,2.33465,2.33969,0.331365,0.32944,1.94779,1.51711,0.973893,0.717903,0,-1.29468,
48550.7,-0.0601506,-0.0613592,-1.28236,-1.29468,2.33465,2.33969,0.331365,0.32944,1.94779,1.51711,0.973893,0.717903,0,-1.29468,
48570.8,-0.0601506,-0.0613592,-1.28236,-1.29468,2.33465,2.33969,0.331365,0.32944,1.9792,1.51711,0.989601,0.717903,0,-1.29468,
48590.7,-0.0601506,-0.0613592,-1.28236,-1.29468,2.33465,2.33969,0.331365,0.32944,2.01062,1.51711,1.00531,0.717903,0,-1.29468,
48610.8,-0.0601506,-0.0613592,-1.28236,-1.29468,2.33465,2.33969,0.331365,0.32944,2.01062,1.51711,1.00531,0.717903,0,-1.29468,
48630.7,-0.0601506,-0.0613592,-1.28236,-1.29315,2.33465,2.33815,0.331365,0.32944,2.04203,1.64443,1.02102,0.77466,0,-1.29468,
48650.7,-0.0601506,-0.0613592,-1.28236,-1.29315,2.33465,2.33815,0.331365,0.32944,2.07345,1.64443,1.03673,0.77466,0,-1.29468,
48670.7,-0.0601506,-0.0613592,-1.28236,-1.29315,2.33465,2.33815,0.331365,0.32944,2.10487,1.64443,1.05243,0.77466,0,-1.29468,
48690.8,-0.0601506,-0.0613592,-1.28236,-1.29315,2.33465,2.33815,0.331365,0.32944,2.13628,1.64443,1.06814,0.77466,0,-1.29468,
48710.8,-0.0601506,-0.0613592,-1.28236,-1.29315,2.33465,2.33815,0.331365,0.32944,2.13628,1.64443,1.06814,0.77466,0,-1.29468,
48730.7,-0.0601506,-0.0613592,-1.28236,-1.29161,2.33465,2.33815,0.331365,0.327906,2.1677,1.73033,1.08385,0.819146,0,-1.29468,
48750.8,-0.0601506,-0.0613592,-1.28236,-1.29161,2.33465,2.33815,0.331365,0.327906,2.19911,1.73033,1.09956,0.819146,0,-1.29468,
48770.8,-0.0601506,-0.0613592,-1.28236,-1.29161,2.33465,2.33815,0.331365,0.327906,2.19911,1.73033,1.09956,0.819146,0,-1.29468,
48790.8,-0.0601506,-0.0613592,-1.28236,-1.29161,2.33465,2.33815,0.331365,0.327906,2.23053,1.73033,1.11526,0.819146,0,-1.29468,
48810.7,-0.0601506,-0.0613592,-1.28236,-1.29161,2.33465,2.33815,0.331365,0.327906,2.26195,1.73033,1.13097,0.819146,0,-1.29468,
48830.8,-0.0601506,-0.0613592,-1.28236,-1.29008,2.33465,2.33662,0.331365,0.327906,2.29336,1.85305,1.14668,0.872835,0,-1.29315,
48850.8,-0.0601506,-0.0613592,-1.28236,-1.29008,2.33465,2.33662,0.331365,0.327906,2.29336,1.85305,1.14668,0.872835,0,-1.29315,
48870.8,-0.0601506,-0.0613592,-1.28236,-1.29008,2.33465,2.33662,0.331365,0.327906,2.32478,1.85305,1.16239,0.872835,0,-1.29315,
48890.8,-0.0601506,-0.0613592,-1.28236,-1.29008,2.33465,2.33662,0.331365,0.327906,2.35619,1.85305,1.1781,0.872835,0,-1.29315,
48910.8,-0.0601506,-0.0613592,-1.28236,-1.29008,2.33465,2.33662,0.331365,0.327906,2.38761,1.85305,1.1938,0.872835,0,-1.29315,
48930.8,-0.0601506,-0.0613592,-1.28236,-1.28854,2.33465,2.33509,0.331365,0.327906,2.38761,1.98957,1.1938,0.934194,0,-1.29468,
48950.7,-0.0601506,-0.0613592,-1.28236,-1.28854,2.33465,2.33509,0.331365,0.327906,2.41902,1.98957,1.20951,0.934194,0,-1.29468,
48970.7,-0.0601506,-0.0613592,-1.28236,-1.28854,2.33465,2.33509,0.331365,0.327906,2.45044,1.98957,1.22522,0.934194,0,-1.29468,
48990.8,-0.0601506,-0.0613592,-1.28236,-1.28854,2.33465,2.33509,0.331365,0.327906,2.48186,1.98957,1.24093,0.934194,0,-1.29468,
49010.8,-0.0601506,-0.0613592,-1.28236,-1.28854,2.33465,2.33509,0.331365,0.327906,2.48186,1.98957,1.24093,0.934194,0,-1.29468,
49030.7,-0.0601506,-0.0598252,-1.28236,-1.28854,2.33465,2.33509,0.331365,0.327906,2.51327,2.09235,1.25664,0.984816,0,-1.29315,
49050.7,-0.0601506,-0.0598252,-1.28236,-1.28854,2.33465,2.33509,0.331365,0.327906,2.54469,2.09235,1.27234,0.984816,0,-1.29315,
49070.7,-0.0601506,-0.0598252,-1.28236,-1.28854,2.33465,2.33509,0.331365,0.327906,2.5761,2.09235,1.28805,0.984816,0,-1.29315,
49090.8,-0.0601506,-0.0598252,-1.28236,-1.28854,2.33465,2.33509,0.331365,0.327906,2.5761,2.09235,1.28805,0.984816,0,-1.29315,
49110.7,-0.0601506,-0.0598252,-1.28236,-1.28854,2.33465,2.33509,0.331365,0.327906,2.60752,2.09235,1.30376,0.984816,0,-1.29315,
49130.7,-0.0601506,-0.0613592,-1.28236,-1.28701,2.33465,2.33355,0.331365,0.32944,2.63894,2.21967,1.31947,1.05231,0,-1.29775,
49150.6,-0.0601506,-0.0613592,-1.28236,-1.28701,2.33465,2.33355,0.331365,0.32944,2.67035,2.21967,1.33518,1.05231,0,-1.29775,
49170.7,-0.0601506,-0.0613592,-1.28236,-1.28701,2.33465,2.33355,0.331365,0.32944,2.67035,2.21967,1.33518,1.05231,0,-1.29775,
49190.7,-0.0601506,-0.0613592,-1.28236,-1.28701,2.33465,2.33355,0.331365,0.32944,2.70177,2.21967,1.35088,1.05231,0,-1.29775,
49210.6,-0.0601506,-0.0613592,-1.28236,-1.28701,2.33465,2.33355,0.331365,0.32944,2.73318,2.21967,1.36659,1.05231,0,-1.29775,
49230.8,-0.0601506,-0.0613592,-1.28236,-1.28701,2.33465,2.33202,0.331365,0.32944,2.73318,2.33779,1.36659,1.09986,0,-1.29315,
49250.7,-0.0601506,-0.0613592,-1.28236,-1.28701,2.33465,2.33202,0.331365,0.32944,2.7646,2.33779,1.3823,1.09986,0,-1.29315,
49270.8,-0.0601506,-0.0613592,-1.28236,-1.28701,2.33465,2.33202,0.331365,0.32944,2.79602,2.33779,1.39801,1.09986,0,-1.29315,
49290.8,-0.0601506,-0.0613592,-1.28236,-1.28701,2.33465,2.33202,0.331365,0.32944,2.79602,2.33779,1.39801,1.09986,0,-1.29315,
49310.8,-0.0601506,-0.0613592,-1.28236,-1.28701,2.33465,2.33202,0.331365,0.32944,2.82743,2.33779,1.41372,1.09986,0,-1.29315,
49330.7,-0.0601506,-0.0613592,-1.28236,-1.28701,2.33465,2.33202,0.331365,0.330974,2.85885,2.44823,1.42942,1.15355,0,-1.29315,
49350.7,-0.0601506,-0.0613592,-1.28236,-1.28701,2.33465,2.33202,0.331365,0.330974,2.89026,2.44823,1.44513,1.15355,0,-1.29315,
49370.6,-0.0601506,-0.0613592,-1.28236,-1.28701,2.33465,2.33202,0.331365,0.330974,2.92168,2.44823,1.46084,1.15355,0,-1.29315,
49390.7,-0.0601506,-0.0613592,-1.28236,-1.28701,2.33465,2.33202,0.331365,0.330974,2.92168,2.44823,1.46084,1.15355,0,-1.29315,
49410.7,-0.0601506,-0.0613592,-1.28236,-1.28701,2.33465,2.33202,0.331365,0.330974,2.9531,2.44823,1.47655,1.15355,0,-1.29315,
49430.7,-0.0601506,-0.0613592,-1.28236,-1.28548,2.33465,2.33202,0.331365,0.330974,2.98451,2.56788,1.49226,1.22105,0,-1.29468,
49450.7,-0.0601506,-0.0613592,-1.28236,-1.28548,2.33465,2.33202,0.331365,0.330974,2.98451,2.56788,1.49226,1.22105,0,-1.29468,
49470.7,-0.0601506,-0.0613592,-1.28236,-1.28548,2.33465,2.33202,0.331365,0.330974,3.01593,2.56788,1.50796,1.22105,0,-1.29468,
49490.7,-0.0601506,-0.0613592,-1.28236,-1.28548,2.33465,2.33202,0.331365,0.330974,3.04734,2.56788,1.52367,1.22105,0,-1.29468,
49510.7,-0.0601506,-0.0613592,-1.28236,-1.28548,2.33465,2.33202,0.331365,0.330974,3.07876,2.56788,1.53938,1.22105,0,-1.29468,
49530.7,-0.0601506,-0.0613592,-1.28236,-1.28394,2.33465,2.33202,0.331365,0.330974,3.07876,2.71054,1.53938,1.27781,0,-1.29315,
49550.7,-0.0601506,-0.0613592,-1.28236,-1.28394,2.33465,2.33202,0.331365,0.330974,3.11017,2.71054,1.55509,1.27781,0,-1.29315,
49570.6,-0.0601506,-0.0613592,-1.28236,-1.28394,2.33465,2.33202,0.331365,0.330974,2.71054,2.71054,1.27781,1.27781,-1.29315,-1.29315,
49590.7,-0.0601506,-0.0613592,-1.28236,-1.28394,2.33465,2.33202,0.331365,0.330974,2.71054,2.71054,1.27781,1.27781,-1.29315,-1.29315,
49610.7,-0.0601506,-0.0613592,-1.28236,-1.28394,2.33465,2.33202,0.331365,0.330974,2.71054,2.71054,1.27781,1.27781,-1.29315,-1.29315,
49630.7,-0.0601506,-0.0613592,-1.28236,-1.28394,2.33465,2.33202,0.331365,0.330974,2.79645,2.79645,1.3315,1.3315,-1.29315,-1.29621,
49650.6,-0.0601506,-0.0613592,-1.28236,-1.28394,2.33465,2.33202,0.331365,0.330974,2.79645,2.79645,1.3315,1.3315,-1.29315,-1.29621,
49670.7,-0.0601506,-0.0613592,-1.28236,-1.28394,2.33465,2.33202,0.331365,0.330974,2.79645,2.79645,1.3315,1.3315,-1.29315,-1.29621,
49690.7,-0.0601506,-0.0613592,-1.28236,-1.28394,2.33465,2.33202,0.331365,0.330974,2.79645,2.79645,1.3315,1.3315,-1.29315,-1.29621,
49710.7,-0.0601506,-0.0613592,-1.28236,-1.28394,2.33465,2.33202,0.331365,0.330974,2.79645,2.79645,1.3315,1.3315,-1.29315,-1.29621,
49730.7,-0.0601506,-0.0613592,-1.28236,-1.28394,2.33465,2.33202,0.331365,0.330974,2.79645,2.79645,1.3315,1.3315,-1.29315,-1.29621,
49750.7,-0.0601506,-0.0613592,-1.28236,-1.28394,2.33465,2.33202,0.331365,0.330974,2.79645,2.79645,1.3315,1.3315,-1.29315,-1.29621,
49770.8,-0.0601506,-0.0613592,-1.28236,-1.28394,2.33465,2.33202,0.331365,0.330974,2.79645,2.79645,1.3315,1.3315,-1.29315,-1.29621,
49790.8,-0.0601506,-0.0613592,-1.28236,-1.28394,2.33465,2.33202,0.331365,0.330974,2.79645,2.79645,1.3315,1.3315,-1.29315,-1.29621,
49810.7,-0.0601506,-0.0613592,-1.28236,-1.28394,2.33465,2.33202,0.331365,0.330974,2.79645,2.79645,1.3315,1.3315,-1.29315,-1.29621,
49830.7,-0.0601506,-0.0613592,-1.28236,-1.28394,2.33465,2.33202,0.331365,0.330974,2.79645,2.79645,1.3315,1.3315,-1.29315,-1.29621,
49850.7,-0.0601506,-0.0613592,-1.28236,-1.28394,2.33465,2.33202,0.331365,0.330974,2.79645,2.79645,1.3315,1.3315,-1.29315,-1.29621,
49870.7,-0.0601506,-0.0613592,-1.28236,-1.28394,2.33465,2.33202,0.331365,0.330974,2.79645,2.79645,1.3315,1.3315,-1.29315,-1.29621,
49890.7,-0.0601506,-0.0613592,-1.28236,-1.28394,2.33465,2.33202,0.331365,0.330974,2.79645,2.79645,1.3315,1.3315,-1.29315,-1.29621,
49910.8,-0.0601506,-0.0613592,-1.28236,-1.28394,2.33465,2.33202,0.331365,0.330974,2.79645,2.79645,1.3315,1.3315,-1.29315,-1.29621,
49930.7,-0.0601506,-0.0613592,-1.28236,-1.28394,2.33465,2.33202,0.331365,0.330974,2.79645,2.79645,1.3315,1.3315,-1.29315,-1.29621,
49950.7,-0.0601506,-0.0613592,-1.28236,-1.28394,2.33465,2.33202,0.331365,0.330974,2.79645,2.79645,1.3315,1.3315,-1.29315,-1.29621,
49970.7,-0.0601506,-0.0613592,-1.28236,-1.28394,2.33465,2.33202,0.331365,0.330974,2.79645,2.79645,1.3315,1.3315,-1.29315,-1.29621,
49990.7,-0.0601506,-0.0613592,-1.28236,-1.28394,2.33465,2.33202,0.331365,0.330974,2.79645,2.79645,1.3315,1.3315,-1.29315,-1.29621,
50010.7,-0.0601506,-0.0613592,-1.28236,-1.28394,2.33465,2.33202,0.331365,0.330974,2.79645,2.79645,1.3315,1.3315,-1.29315,-1.29621,
50030.7,-0.0601506,-0.0613592,-1.28236,-1.28394,2.33465,2.33202,0.331365,0.330974,2.79645,2.79645,1.3315,1.3315,-1.29315,-1.29621,
50050.7,-0.0601506,-0.0613592,-1.28236,-1.28394,2.33465,2.33202,0.331365,0.330974,2.79645,2.79645,1.3315,1.3315,-1.29315,-1.29621,
50070.7,-0.0601506,-0.0613592,-1.28236,-1.28394,2.33465,2.33202,0.331365,0.330974,2.79645,2.79645,1.3315,1.3315,-1.29315,-1.29621,
50090.7,-0.0601506,-0.0613592,-1.28236,-1.28394,2.33465,2.33202,0.331365,0.330974,2.79645,2.79645,1.3315,1.3315,-1.29315,-1.29621,
50110.7,-0.0601506,-0.0613592,-1.28236,-1.28394,2.33465,2.33202,0.331365,0.330974,2.79645,2.79645,1.3315,1.3315,-1.29315,-1.29621,
50130.7,-0.0601506,-0.0613592,-1.28236,-1.28394,2.33465,2.33202,0.331365,0.330974,2.79645,2.79645,1.3315,1.3315,-1.29315,-1.29621,
50150.6,-0.0601506,-0.0613592,-1.28236,-1.28394,2.33465,2.33202,0.331365,0.330974,2.79645,2.79645,1.3315,1.3315,-1.29315,-1.29621,
50170.7,-0.0601506,-0.0613592,-1.28236,-1.28394,2.33465,2.33202,0.331365,0.330974,2.79645,2.79645,1.3315,1.3315,-1.29315,-1.29621,
50190.7,-0.0601506,-0.0613592,-1.28236,-1.28394,2.33465,2.33202,0.331365,0.330974,2.79645,2.79645,1.3315,1.3315,-1.29315,-1.29621,
50210.7,-0.0601506,-0.0613592,-1.28236,-1.28394,2.33465,2.33202,0.331365,0.330974,2.79645,2.79645,1.3315,1.3315,-1.29315,-1.29621,
50230.7,-0.0601506,-0.0613592,-1.28236,-1.28394,2.33465,2.33202,0.331365,0.330974,2.79645,2.79645,1.3315,1.3315,-1.29315,-1.29621,
50250.7,-0.0601506,-0.0613592,-1.28236,-1.28394,2.33465,2.33202,0.331365,0.330974,2.79645,2.79645,1.3315,1.3315,-1.29315,-1.29621,
50270.8,-0.0601506,-0.0613592,-1.28236,-1.28394,2.33465,2.33202,0.331365,0.330974,2.79645,2.79645,1.3315,1.3315,-1.29315,-1.29621,
50290.7,-0.0601506,-0.0613592,-1.28236,-1.28394,2.33465,2.33202,0.331365,0.330974,2.79645,2.79645,1.3315,1.3315,-1.29315,-1.29621,
50310.7,-0.0601506,-0.0613592,-1.28236,-1.28394,2.33465,2.33202,0.331365,0.330974,2.79645,2.79645,1.3315,1.3315,-1.29315,-1.29621,
50330.7,-0.0601506,-0.0613592,-1.28236,-1.28394,2.33465,2.33202,0.331365,0.330974,2.79645,2.79645,1.3315,1.3315,-1.29315,-1.29621,
50350.7,-0.0601506,-0.0613592,-1.28236,-1.28394,2.33465,2.33202,0.331365,0.330974,2.79645,2.79645,1.3315,1.3315,-1.29315,-1.29621,
50370.7,-0.0601506,-0.0613592,-1.28236,-1.28394,2.33465,2.33202,0.331365,0.330974,2.79645,2.79645,1.3315,1.3315,-1.29315,-1.29621,
50390.8,-0.0601506,-0.0613592,-1.28236,-1.28394,2.33465,2.33202,0.331365,0.330974,2.79645,2.79645,1.3315,1.3315,-1.29315,-1.29621,
50410.7,-0.0601506,-0.0613592,-1.28236,-1.28394,2.33465,2.33202,0.331365,0.330974,2.79645,2.79645,1.3315,1.3315,-1.29315,-1.29621,
50430.7,-0.0601506,-0.0613592,-1.28236,-1.28394,2.33465,2.33202,0.331365,0.330974,2.79645,2.79645,1.3315,1.3315,-1.29315,-1.29621,
50450.8,-0.0601506,-0.0613592,-1.28236,-1.28394,2.33465,2.33202,0.331365,0.330974,2.79645,2.79645,1.3315,1.3315,-1.29315,-1.29621,
50470.7,-0.0601506,-0.0613592,-1.28236,-1.28394,2.33465,2.33202,0.331365,0.330974,2.79645,2.79645,1.3315,1.3315,-1.29315,-1.29621,
50490.7,-0.0601506,-0.0613592,-1.28236,-1.28394,2.33465,2.33202,0.331365,0.330974,2.79645,2.79645,1.3315,1.3315,-1.29315,-1.29621,
50510.7,-0.0601506,-0.0613592,-1.28236,-1.28394,2.33465,2.33202,0.331365,0.330974,2.79645,2.79645,1.3315,1.3315,-1.29315,-1.29621,
50530.8,-0.0601506,-0.0613592,-1.28236,-1.28394,2.33465,2.33202,0.331365,0.330974,2.79645,2.79645,1.3315,1.3315,-1.29315,-1.29621,
50550.7,-0.0601506,-0.0613592,-1.28236,-1.28394,2.33465,2.33202,0.331365,0.330974,2.79645,2.79645,1.3315,1.3315,-1.29315,-1.29621,
50570.7,-0.0601506,-0.0613592,-1.28236,-1.28394,2.33465,2.33202,0.331365,0.330974,2.79645,2.79645,1.3315,1.3315,-1.29315,-1.29621,
50590.7,-0.0601506,-0.0613592,-1.28236,-1.28394,2.33465,2.33202,0.331365,0.330974,2.79645,2.79645,1.3315,1.3315,-1.29315,-1.29621,
50610.8,-0.0601506,-0.0613592,-1.28236,-1.28394,2.33465,2.33202,0.331365,0.330974,2.79645,2.79645,1.3315,1.3315,-1.29315,-1.29621,
50630.7,-0.0601506,-0.0613592,-1.28236,-1.28394,2.33465,2.33202,0.331365,0.330974,2.79645,2.79645,1.3315,1.3315,-1.29315,-1.29621,
50650.7,-0.0601506,-0.0613592,-1.28236,-1.28394,2.33465,2.33202,0.331365,0.330974,2.79645,2.79645,1.3315,1.3315,-1.29315,-1.29621,
50670.7,-0.0601506,-0.0613592,-1.28236,-1.28394,2.33465,2.33202,0.331365,0.330974,2.79645,2.79645,1.3315,1.3315,-1.29315,-1.29621,
50690.8,-0.0601506,-0.0613592,-1.28236,-1.28394,2.33465,2.33202,0.331365,0.330974,2.79645,2.79645,1.3315,1.3315,-1.29315,-1.29621,
50710.7,-0.0601506,-0.0613592,-1.28236,-1.28394,2.33465,2.33202,0.331365,0.330974,2.79645,2.79645,1.3315,1.3315,-1.29315,-1.29621,
50730.8,-0.0601506,-0.0613592,-1.28236,-1.28394,2.33465,2.33202,0.331365,0.330974,2.79645,2.79645,1.3315,1.3315,-1.29315,-1.29621,
50750.7,-0.0601506,-0.0613592,-1.28236,-1.28241,2.33465,2.33202,0.331365,0.332508,2.95752,2.95752,1.4128,1.4128,-1.29315,-1.29315,
50770.7,-0.0601506,-0.0613592,-1.28236,-1.28241,2.33465,2.33202,0.331365,0.332508,2.95752,2.95752,1.4128,1.4128,-1.29315,-1.29315,
50790.7,-0.0601506,-0.0613592,-1.28236,-1.28241,2.33465,2.33202,0.331365,0.332508,2.95752,2.95752,1.4128,1.4128,-1.29315,-1.29315,
50810.7,-0.0601506,-0.0613592,-1.28236,-1.28241,2.33465,2.33202,0.331365,0.332508,2.95752,2.95752,1.4128,1.4128,-1.29315,-1.29315,
50830.7,-0.0601506,-0.0613592,-1.28236,-1.28241,2.33465,2.33202,0.331365,0.332508,2.95752,2.95291,1.4128,1.41433,-1.29315,-1.29315,
50850.9,-0.0601506,-0.0613592,-1.28236,-1.28241,2.33465,2.33202,0.331365,0.332508,2.95752,2.95291,1.4128,1.41433,-1.29315,-1.29315,
50870.6,-0.0601506,-0.0613592,-1.28236,-1.28241,2.33465,2.33202,0.331365,0.332508,2.95752,2.95291,1.4128,1.41433,-1.29315,-1.29315,
50890.7,-0.0601506,-0.0613592,-1.28236,-1.28241,2.33465,2.33202,0.331365,0.332508,2.95752,2.95291,1.4128,1.41433,-1.29315,-1.29315,
50910.6,-0.0601506,-0.0613592,-1.28236,-1.28241,2.33465,2.33202,0.331365,0.332508,2.95752,2.96058,1.44808,1.44808,-1.29315,-1.29315,
50930.7,-0.0601506,-0.0613592,-1.28236,-1.28241,2.33465,2.33202,0.331365,0.332508,2.95752,2.96058,1.44808,1.44808,-1.29315,-1.29315,
50950.7,-0.0601506,-0.0613592,-1.28236,-1.28241,2.33465,2.33202,0.331365,0.332508,2.95752,2.96058,1.44808,1.44808,-1.29315,-1.29315,
50970.8,-0.0601506,-0.0613592,-1.28236,-1.28241,2.33465,2.33202,0.331365,0.332508,2.95752,2.96058,1.44808,1.44808,-1.29315,-1.29315,
50990.8,-0.0601506,-0.0613592,-1.28236,-1.28241,2.33465,2.33202,0.331365,0.332508,2.95752,2.96058,1.44808,1.44808,-1.29315,-1.29315,
51010.8,-0.0601506,-0.0613592,-1.28236,-1.28241,2.33465,2.33202,0.331365,0.332508,2.95752,2.96058,1.44808,1.44808,-1.29315,-1.29315,
51030.7,-0.0601506,-0.0613592,-1.28236,-1.28241,2.33465,2.33202,0.331365,0.332508,3.05722,3.05722,1.5079,1.5079,-1.29315,-1.29315,
51050.8,-0.0601506,-0.0613592,-1.28236,-1.28241,2.33465,2.33202,0.331365,0.332508,3.05722,3.05722,1.5079,1.5079,-1.29315,-1.29315,
51070.7,-0.0601506,-0.0613592,-1.28236,-1.28241,2.33465,2.33202,0.331365,0.332508,3.05722,3.05722,1.5079,1.5079,-1.29315,-1.29315,
51090.7,-0.0601506,-0.0613592,-1.28236,-1.28241,2.33465,2.33202,0.331365,0.332508,3.05722,3.05722,1.5079,1.5079,-1.29315,-1.29315,
51110.7,-0.0601506,-0.0613592,-1.28236,-1.28241,2.33465,2.33202,0.331365,0.332508,3.05722,3.05722,1.5079,1.5079,-1.29315,-1.29315,
51130.7,-0.0601506,-0.0613592,-1.28236,-1.28241,2.33465,2.33202,0.331365,0.332508,3.12932,3.12932,1.53091,1.53091,-1.29315,-1.29315,
51150.7,-0.0601506,-0.0613592,-1.28236,-1.28241,2.33465,2.33202,0.331365,0.332508,3.12932,3.12932,1.53091,1.53091,-1.29315,-1.29315,
51170.8,-0.0601506,-0.0613592,-1.28236,-1.28241,2.33465,2.33202,0.331365,0.332508,3.12932,3.12932,1.53091,1.53091,-1.29315,-1.29315,
51190.7,-0.0601506,-0.0613592,-1.28236,-1.28241,2.33465,2.33202,0.331365,0.332508,3.12932,3.12932,1.53091,1.53091,-1.29315,-1.29315,
51210.8,-0.0601506,-0.0613592,-1.28236,-1.28241,2.33465,2.33202,0.331365,0.332508,3.12932,3.12932,1.53091,1.53091,-1.29315,-1.29315,
51230.7,-0.0601506,-0.0690291,-1.28236,-1.28241,2.32435,2.32435,0.331365,0.332508,2.83019,2.83019,1.36678,1.36678,-1.29315,-1.29315,
51250.8,-0.0601506,-0.0690291,-1.28236,-1.28241,2.32435,2.32435,0.331365,0.332508,2.83019,2.83019,1.36678,1.36678,-1.29315,-1.29315,
51270.7,-0.0601506,-0.0690291,-1.28236,-1.28241,2.32435,2.32435,0.331365,0.332508,2.83019,2.83019,1.36678,1.36678,-1.29315,-1.29315,
51290.8,-0.0601506,-0.0690291,-1.28236,-1.28241,2.32435,2.32435,0.331365,0.332508,2.83019,2.83019,1.36678,1.36678,-1.29315,-1.29315,
51310.7,-0.0601506,-0.0690291,-1.28236,-1.28241,2.32435,2.32435,0.331365,0.332508,2.83019,2.83019,1.36678,1.36678,-1.29315,-1.29315,
51330.7,-0.0601506,-0.0598252,-1.28236,-1.28087,2.32435,2.32895,0.331365,0.334042,2.9253,2.9253,1.38212,1.38212,-1.29315,-1.29468,
51350.7,-0.0601506,-0.0598252,-1.28236,-1.28087,2.32435,2.32895,0.331365,0.334042,2.9253,2.9253,1.38212,1.38212,-1.29315,-1.29468,
51370.7,-0.0601506,-0.0598252,-1.28236,-1.28087,2.32435,2.32895,0.331365,0.334042,2.9253,2.9253,1.38212,1.38212,-1.29315,-1.29468,
51390.7,-0.0601506,-0.0598252,-1.28236,-1.28087,2.32435,2.32895,0.331365,0.334042,2.9253,2.9253,1.38212,1.38212,-1.29315,-1.29468,
51410.7,-0.0601506,-0.0598252,-1.28236,-1.28087,2.32435,2.32895,0.331365,0.334042,2.9253,2.9253,1.38212,1.38212,-1.29315,-1.29468,
51430.7,-0.0601506,-0.0598252,-1.28236,-1.28087,2.32435,2.32895,0.331365,0.334042,3.08177,3.08177,1.47722,1.47722,-1.29315,-1.29315,
51450.7,-0.0601506,-0.0598252,-1.28236,-1.28087,2.32435,2.32895,0.331365,0.334042,3.08177,3.08177,1.47722,1.47722,-1.29315,-1.29315,
51470.6,-0.0601506,-0.0598252,-1.28236,-1.28087,2.32435,2.32895,0.331365,0.334042,3.08177,3.08177,1.47722,1.47722,-1.29315,-1.29315,
51490.7,-0.0601506,-0.0598252,-1.28236,-1.28087,2.32435,2.32895,0.331365,0.334042,3.08177,3.08177,1.47722,1.47722,-1.29315,-1.29315,
51510.7,-0.0601506,-0.0598252,-1.28236,-1.28087,2.32435,2.32895,0.331365,0.334042,3.08177,3.08177,1.47722,1.47722,-1.29315,-1.29315,
51530.7,-0.0601506,-0.0674952,-1.28236,-1.28087,2.32435,2.31668,0.331365,0.332508,2.88388,2.88388,1.44194,1.44194,-1.29315,-1.29621,
51550.7,-0.0601506,-0.0674952,-1.28236,-1.28087,2.32435,2.31668,0.331365,0.332508,2.88388,2.88388,1.44194,1.44194,-1.29315,-1.29621,
51570.7,-0.0601506,-0.0674952,-1.28236,-1.28087,2.32435,2.31668,0.331365,0.332508,2.88388,2.88388,1.44194,1.44194,-1.29315,-1.29621,
51590.8,-0.0601506,-0.0674952,-1.28236,-1.28087,2.32435,2.31668,0.331365,0.332508,2.88388,2.88388,1.44194,1.44194,-1.29315,-1.29621,
51610.8,-0.0601506,-0.0674952,-1.28236,-1.28087,2.32435,2.31668,0.331365,0.332508,2.88388,2.88388,1.44194,1.44194,-1.29315,-1.29621,
51630.7,-0.0601506,-0.0598252,-1.28236,-1.28087,2.32435,2.31975,0.331365,0.334042,3.04188,3.04188,1.45728,1.45728,-1.29315,-1.29468,
51650.7,-0.0601506,-0.0598252,-1.28236,-1.28087,2.32435,2.31975,0.331365,0.334042,3.04188,3.04188,1.45728,1.45728,-1.29315,-1.29468,
51670.6,-0.0601506,-0.0598252,-1.28236,-1.28087,2.32435,2.31975,0.331365,0.334042,3.04188,3.04188,1.45728,1.45728,-1.29315,-1.29468,
51690.6,-0.0601506,-0.0598252,-1.28236,-1.28087,2.32435,2.31975,0.331365,0.334042,3.04188,3.04188,1.45728,1.45728,-1.29315,-1.29468,
51710.6,-0.0601506,-0.0613592,-1.28236,-1.28087,2.32435,2.31821,0.331365,0.332508,3.04188,2.92223,1.45728,1.45882,-1.29315,-1.29621,
51730.7,-0.0601506,-0.0613592,-1.28236,-1.28087,2.32435,2.31821,0.331365,0.332508,2.92223,2.92223,1.45728,1.45882,-1.29315,-1.29621,
51750.7,-0.0601506,-0.0613592,-1.28236,-1.28087,2.32435,2.31821,0.331365,0.332508,2.92223,2.92223,1.45728,1.45882,-1.29315,-1.29621,
51770.7,-0.0601506,-0.0613592,-1.28236,-1.28087,2.32435,2.31821,0.331365,0.332508,2.92223,2.92223,1.45728,1.45882,-1.29315,-1.29621,
51790.7,-0.0601506,-0.0613592,-1.28236,-1.28087,2.32435,2.31821,0.331365,0.332508,2.92223,2.92223,1.45728,1.45882,-1.29315,-1.29621,
51810.7,-0.0601506,-0.0598252,-1.28236,-1.28087,2.32435,2.31821,0.331365,0.332508,3.01734,3.01734,1.45728,1.45728,-1.29315,-1.29315,
51830.7,-0.0601506,-0.0598252,-1.28236,-1.28087,2.32435,2.31821,0.331365,0.332508,3.01734,3.01734,1.45728,1.45728,-1.29315,-1.29315,
51850.7,-0.0601506,-0.0598252,-1.28236,-1.28087,2.32435,2.31821,0.331365,0.332508,3.01734,3.01734,1.45728,1.45728,-1.29315,-1.29315,
51870.7,-0.0601506,-0.0598252,-1.28236,-1.28087,2.32435,2.31821,0.331365,0.332508,3.01734,3.01734,1.45728,1.45728,-1.29315,-1.29315,
51890.7,-0.0601506,-0.0598252,-1.28236,-1.28087,2.32435,2.31821,0.331365,0.332508,3.01734,3.01734,1.45728,1.45728,-1.29315,-1.29315,
51910.7,-0.0601506,-0.0598252,-1.28236,-1.28087,2.32435,2.31821,0.331365,0.332508,3.01734,3.01734,1.45728,1.45728,-1.29315,-1.29315,
51930.7,-0.0601506,-0.0613592,-1.28236,-1.28087,2.32435,2.31821,0.331365,0.334042,2.96058,2.96058,1.45728,1.45882,-1.29315,-1.29928,
51950.7,-0.0601506,-0.0613592,-1.28236,-1.28087,2.32435,2.31821,0.331365,0.334042,2.96058,2.96058,1.45728,1.45882,-1.29315,-1.29928,
51970.7,-0.0601506,-0.0613592,-1.28236,-1.28087,2.32435,2.31821,0.331365,0.334042,2.96058,2.96058,1.45728,1.45882,-1.29315,-1.29928,
51990.8,-0.0601506,-0.0613592,-1.28236,-1.28087,2.32435,2.31821,0.331365,0.334042,2.96058,2.96058,1.45728,1.45882,-1.29315,-1.29928,
52010.8,-0.0601506,-0.0613592,-1.28236,-1.28087,2.32435,2.31821,0.331365,0.334042,2.96058,2.96058,1.45728,1.45882,-1.29315,-1.29928,
52030.8,-0.0601506,-0.0613592,-1.28236,-1.28087,2.32435,2.31975,0.331365,0.334042,3.0112,3.0112,1.45728,1.45728,-1.29315,-1.29468,
52050.8,-0.0601506,-0.0613592,-1.28236,-1.28087,2.32435,2.31975,0.331365,0.334042,3.0112,3.0112,1.45728,1.45728,-1.29315,-1.29468,
52070.8,-0.0601506,-0.0613592,-1.28236,-1.28087,2.32435,2.31975,0.331365,0.334042,3.0112,3.0112,1.45728,1.45728,-1.29315,-1.29468,
52090.8,-0.0601506,-0.0613592,-1.28236,-1.28087,2.32435,2.31975,0.331365,0.334042,3.0112,3.0112,1.45728,1.45728,-1.29315,-1.29468,
52110.7,-0.0601506,-0.0628932,-1.28236,-1.28087,2.32435,2.31975,0.331365,0.334042,3.0112,2.97592,1.45728,1.45728,-1.29315,-1.29621,
52130.8,-0.0601506,-0.0628932,-1.28236,-1.28087,2.32435,2.31975,0.331365,0.334042,2.97592,2.97592,1.45728,1.45728,-1.29315,-1.29621,
52150.7,-0.0601506,-0.0628932,-1.28236,-1.28087,2.32435,2.31975,0.331365,0.334042,2.97592,2.97592,1.45728,1.45728,-1.29315,-1.29621,
52170.8,-0.0601506,-0.0628932,-1.28236,-1.28087,2.32435,2.31975,0.331365,0.334042,2.97592,2.97592,1.45728,1.45728,-1.29315,-1.29621,
52190.7,-0.0601506,-0.0628932,-1.28236,-1.28087,2.32435,2.31975,0.331365,0.334042,2.97592,2.97592,1.45728,1.45728,-1.29315,-1.29621,
52210.8,-0.0601506,-0.0613592,-1.28236,-1.27934,2.32435,2.31975,0.331365,0.334042,2.97592,3.0066,1.45728,1.45728,-1.29315,-1.29468,
52230.8,-0.0601506,-0.0613592,-1.28236,-1.27934,2.32435,2.31975,0.331365,0.334042,3.0066,3.0066,1.45728,1.45728,-1.29315,-1.29468,
52250.8,-0.0601506,-0.0613592,-1.28236,-1.27934,2.32435,2.31975,0.331365,0.334042,3.0066,3.0066,1.45728,1.45728,-1.29315,-1.29468,
52270.8,-0.0601506,-0.0613592,-1.28236,-1.27934,2.32435,2.31975,0.331365,0.334042,3.0066,3.0066,1.45728,1.45728,-1.29315,-1.29468,
52290.8,-0.0601506,-0.0613592,-1.28236,-1.27934,2.32435,2.31975,0.331365,0.334042,3.0066,3.0066,1.45728,1.45728,-1.29315,-1.29468,
52310.8,-0.0601506,-0.0613592,-1.28236,-1.27934,2.32435,2.31975,0.331365,0.334042,3.0066,3.0066,1.45728,1.45728,-1.29315,-1.29468,
52330.8,-0.0601506,-0.0598252,-1.28236,-1.28087,2.32435,2.31821,0.331365,0.334042,2.98666,2.98666,1.45728,1.45882,-1.29315,-1.29468,
52350.8,-0.0601506,-0.0598252,-1.28236,-1.28087,2.32435,2.31821,0.331365,0.334042,2.98666,2.98666,1.45728,1.45882,-1.29315,-1.29468,
52370.8,-0.0601506,-0.0598252,-1.28236,-1.28087,2.32435,2.31821,0.331365,0.334042,2.98666,2.98666,1.45728,1.45882,-1.29315,-1.29468,
52390.8,-0.0601506,-0.0598252,-1.28236,-1.28087,2.32435,2.31821,0.331365,0.334042,2.98666,2.98666,1.45728,1.45882,-1.29315,-1.29468,
52410.8,-0.0601506,-0.0598252,-1.28236,-1.28087,2.32435,2.31821,0.331365,0.334042,2.98666,2.98666,1.45728,1.45882,-1.29315,-1.29468,
52430.7,-0.0601506,-0.0613592,-1.28236,-1.28087,2.32435,2.31975,0.331365,0.332508,3.00507,3.00507,1.45728,1.45882,-1.29315,-1.29468,
52450.8,-0.0601506,-0.0613592,-1.28236,-1.28087,2.32435,2.31975,0.331365,0.332508,3.00507,3.00507,1.45728,1.45882,-1.29315,-1.29468,
52470.8,-0.0601506,-0.0613592,-1.28236,-1.28087,2.32435,2.31975,0.331365,0.332508,3.00507,3.00507,1.45728,1.45882,-1.29315,-1.29468,
52490.8,-0.0601506,-0.0613592,-1.28236,-1.28087,2.32435,2.31975,0.331365,0.332508,3.00507,3.00507,1.45728,1.45882,-1.29315,-1.29468,
52510.6,-0.0601506,-0.0613592,-1.28236,-1.28087,2.32435,2.31821,0.331365,0.332508,3.00507,3.00047,1.45728,1.45882,-1.29315,-1.29468,
52530.7,-0.0601506,-0.0613592,-1.28236,-1.28087,2.32435,2.31821,0.331365,0.332508,3.00507,3.00047,1.45728,1.45882,-1.29315,-1.29468,
52550.8,-0.0601506,-0.0613592,-1.28236,-1.28087,2.32435,2.31821,0.331365,0.332508,3.00507,3.00047,1.45728,1.45882,-1.29315,-1.29468,
52570.7,-0.0601506,-0.0613592,-1.28236,-1.28087,2.32435,2.31821,0.331365,0.332508,3.00507,3.00047,1.45728,1.45882,-1.29315,-1.29468,
52590.8,-0.0601506,-0.0613592,-1.28236,-1.28087,2.32435,2.31821,0.331365,0.332508,3.00507,3.00047,1.45728,1.45882,-1.29315,-1.29468,
52610.7,-0.0601506,-0.0598252,-1.28236,-1.28087,2.32435,2.31821,0.331365,0.334042,3.00507,3.002,1.45728,1.45882,-1.29315,-1.29468,
52630.7,-0.0601506,-0.0598252,-1.28236,-1.28087,2.32435,2.31821,0.331365,0.334042,3.00507,3.002,1.45728,1.45882,-1.29315,-1.29468,
52650.8,-0.0601506,-0.0598252,-1.28236,-1.28087,2.32435,2.31821,0.331365,0.334042,3.00507,3.002,1.45728,1.45882,-1.29315,-1.29468,
52670.8,-0.0601506,-0.0598252,-1.28236,-1.28087,2.32435,2.31821,0.331365,0.334042,3.00507,3.002,1.45728,1.45882,-1.29315,-1.29468,
52690.8,-0.0601506,-0.0598252,-1.28236,-1.28087,2.32435,2.31821,0.331365,0.334042,3.00507,3.002,1.45728,1.45882,-1.29315,-1.29468,
52710.7,-0.0601506,-0.0613592,-1.28236,-1.27934,2.32435,2.31975,0.331365,0.334042,3.00507,3.00353,1.45728,1.45728,-1.29315,-1.29468,
52730.7,-0.0601506,-0.0613592,-1.28236,-1.27934,2.32435,2.31975,0.331365,0.334042,3.00507,3.00353,1.45728,1.45728,-1.29315,-1.29468,
52750.8,-0.0601506,-0.0613592,-1.28236,-1.27934,2.32435,2.31975,0.331365,0.334042,3.00507,3.00353,1.45728,1.45728,-1.29315,-1.29468,
52770.7,-0.0601506,-0.0613592,-1.28236,-1.27934,2.32435,2.31975,0.331365,0.334042,3.00507,3.00353,1.45728,1.45728,-1.29315,-1.29468,
52790.8,-0.0601506,-0.0613592,-1.28236,-1.27934,2.32435,2.31975,0.331365,0.334042,3.00507,3.00353,1.45728,1.45728,-1.29315,-1.29468,
52810.8,-0.0601506,-0.0613592,-1.28236,-1.27934,2.32435,2.31975,0.331365,0.334042,3.00507,3.00353,1.45728,1.45728,-1.29315,-1.29468,
52830.8,-0.0601506,-0.0598252,-1.28236,-1.27934,2.32435,2.31975,0.331365,0.332508,3.00507,3.002,1.45728,1.45728,-1.29315,-1.29468,
52850.8,-0.0601506,-0.0598252,-1.28236,-1.27934,2.32435,2.31975,0.331365,0.332508,3.00507,3.002,1.45728,1.45728,-1.29315,-1.29468,
52870.8,-0.0601506,-0.0598252,-1.28236,-1.27934,2.32435,2.31975,0.331365,0.332508,3.00507,3.002,1.45728,1.45728,-1.29315,-1.29468,
52890.8,-0.0601506,-0.0598252,-1.28236,-1.27934,2.32435,2.31975,0.331365,0.332508,3.00507,3.002,1.45728,1.45728,-1.29315,-1.29468,
52910.6,-0.0601506,-0.0598252,-1.28236,-1.27934,2.32435,2.31975,0.331365,0.332508,3.00507,3.002,1.45728,1.45728,-1.29315,-1.29468,
52930.8,-0.0601506,-0.0613592,-1.28236,-1.28087,2.32435,2.31821,0.331365,0.332508,3.00507,3.00353,1.45728,1.45728,-1.29315,-1.29468,
52950.8,-0.0601506,-0.0613592,-1.28236,-1.28087,2.32435,2.31821,0.331365,0.332508,3.00507,3.00353,1.45728,1.45728,-1.29315,-1.29468,
52970.8,-0.0601506,-0.0613592,-1.28236,-1.28087,2.32435,2.31821,0.331365,0.332508,3.00507,3.00353,1.45728,1.45728,-1.29315,-1.29468,
52990.8,-0.0601506,-0.0613592,-1.28236,-1.28087,2.32435,2.31821,0.331365,0.332508,3.00507,3.00353,1.45728,1.45728,-1.29315,-1.29468,
53010.8,-0.0601506,-0.0613592,-1.28236,-1.28087,2.32435,2.31975,0.331365,0.332508,3.00507,3.002,1.45728,1.45728,-1.29315,-1.29468,
53030.8,-0.0601506,-0.0613592,-1.28236,-1.28087,2.32435,2.31975,0.331365,0.332508,3.00507,3.002,1.45728,1.45728,-1.29315,-1.29468,
53050.8,-0.0601506,-0.0613592,-1.28236,-1.28087,2.32435,2.31975,0.331365,0.332508,3.00507,3.002,1.45728,1.45728,-1.29315,-1.29468,
53070.7,-0.0601506,-0.0613592,-1.28236,-1.28087,2.32435,2.31975,0.331365,0.332508,3.00507,3.002,1.45728,1.45728,-1.29315,-1.29468,
53090.8,-0.0601506,-0.0613592,-1.28236,-1.28087,2.32435,2.31975,0.331365,0.332508,3.00507,3.002,1.45728,1.45728,-1.29315,-1.29468,
53110.7,-0.0601506,-0.0598252,-1.28236,-1.28087,2.32435,2.31975,0.331365,0.332508,3.00507,3.00353,1.45728,1.45728,-1.29315,-1.29315,
53130.8,-0.0601506,-0.0598252,-1.28236,-1.28087,2.32435,2.31975,0.331365,0.332508,3.00507,3.00353,1.45728,1.45728,-1.29315,-1.29315,
53150.8,-0.0601506,-0.0598252,-1.28236,-1.28087,2.32435,2.31975,0.331365,0.332508,3.00507,3.00353,1.45728,1.45728,-1.29315,-1.29315,
53170.8,-0.0601506,-0.0598252,-1.28236,-1.28087,2.32435,2.31975,0.331365,0.332508,3.00507,3.00353,1.45728,1.45728,-1.29315,-1.29315,
53190.7,-0.0601506,-0.0598252,-1.28236,-1.28087,2.32435,2.31975,0.331365,0.332508,3.00507,3.00353,1.45728,1.45728,-1.29315,-1.29315,
53210.8,-0.0601506,-0.0598252,-1.28236,-1.28087,2.32435,2.31975,0.331365,0.332508,3.00507,3.00353,1.45728,1.45728,-1.29315,-1.29315,
53230.8,-0.0601506,-0.0598252,-1.28236,-1.28087,2.32435,2.31975,0.331365,0.334042,3.00507,3.00353,1.45728,1.45728,-1.29315,-1.29315,
53250.8,-0.0601506,-0.0598252,-1.28236,-1.28087,2.32435,2.31975,0.331365,0.334042,3.00507,3.00353,1.45728,1.45728,-1.29315,-1.29315,
53270.8,-0.0601506,-0.0598252,-1.28236,-1.28087,2.32435,2.31975,0.331365,0.334042,3.00507,3.00353,1.45728,1.45728,-1.29315,-1.29315,
53290.8,-0.0601506,-0.0598252,-1.28236,-1.28087,2.32435,2.31975,0.331365,0.334042,3.00507,3.00353,1.45728,1.45728,-1.29315,-1.29315,
53310.8,-0.0601506,-0.0598252,-1.28236,-1.28087,2.32435,2.31975,0.331365,0.332508,3.00507,3.00353,1.45728,1.45728,-1.29315,-1.29468,
53330.8,-0.0601506,-0.0598252,-1.28236,-1.28087,2.32435,2.31975,0.331365,0.332508,3.00507,3.00353,1.45728,1.45728,-1.29315,-1.29468,
53350.8,-0.0601506,-0.0598252,-1.28236,-1.28087,2.32435,2.31975,0.331365,0.332508,3.00507,3.00353,1.45728,1.45728,-1.29315,-1.29468,
53370.8,-0.0601506,-0.0598252,-1.28236,-1.28087,2.32435,2.31975,0.331365,0.332508,3.00507,3.00353,1.45728,1.45728,-1.29315,-1.29468,
53390.7,-0.0601506,-0.0598252,-1.28236,-1.28087,2.32435,2.31975,0.331365,0.332508,3.00507,3.00353,1.45728,1.45728,-1.29315,-1.29468,
53410.8,-0.0601506,-0.0613592,-1.28236,-1.28087,2.32435,2.31975,0.331365,0.332508,3.00507,3.00353,1.45728,1.45728,-1.29315,-1.29468,
53430.8,-0.0601506,-0.0613592,-1.28236,-1.28087,2.32435,2.31975,0.331365,0.332508,3.00507,3.00353,1.45728,1.45728,-1.29315,-1.29468,
53450.8,-0.0601506,-0.0613592,-1.28236,-1.28087,2.32435,2.31975,0.331365,0.332508,3.00507,3.00353,1.45728,1.45728,-1.29315,-1.29468,
53470.8,-0.0601506,-0.0613592,-1.28236,-1.28087,2.32435,2.31975,0.331365,0.332508,3.00507,3.00353,1.45728,1.45728,-1.29315,-1.29468,
53490.7,-0.0601506,-0.0613592,-1.28236,-1.28087,2.32435,2.31975,0.331365,0.332508,3.00507,3.00353,1.45728,1.45728,-1.29315,-1.29468,
53510.8,-0.0601506,-0.0613592,-1.28236,-1.28087,2.32435,2.31975,0.331365,0.332508,3.00507,3.00353,1.45728,1.45728,-1.29315,-1.29468,
53530.8,-0.0601506,-0.0613592,-1.28236,-1.28087,2.32435,2.31975,0.331365,0.334042,3.00507,3.00353,1.45728,1.45728,-1.29315,-1.29468,
53550.8,-0.0601506,-0.0613592,-1.28236,-1.28087,2.32435,2.31975,0.331365,0.334042,3.00507,3.00353,1.45728,1.45728,-1.29315,-1.29468,
53570.7,-0.0601506,-0.0613592,-1.28236,-1.28087,2.32435,2.31975,0.331365,0.334042,3.00507,3.00353,1.45728,1.45728,-1.29315,-1.29468,
53590.7,-0.0601506,-0.0613592,-1.28236,-1.28087,2.32435,2.31975,0.331365,0.334042,3.00507,3.00353,1.45728,1.45728,-1.29315,-1.29468,
53610.7,-0.0601506,-0.0613592,-1.28236,-1.28087,2.32435,2.31975,0.331365,0.334042,3.00507,3.00353,1.45728,1.45728,-1.29315,-1.29468,
53630.7,-0.0601506,-0.0613592,-1.28236,-1.28087,2.32435,2.31975,0.331365,0.334042,3.00507,3.00353,1.45728,1.45728,-1.29315,-1.29468,
53650.8,-0.0601506,-0.0613592,-1.28236,-1.28087,2.32435,2.31975,0.331365,0.334042,3.00507,3.00353,1.45728,1.45728,-1.29315,-1.29468,
53670.8,-0.0601506,-0.0613592,-1.28236,-1.28087,2.32435,2.31975,0.331365,0.334042,3.00507,3.00353,1.45728,1.45728,-1.29315,-1.29468,
53690.8,-0.0601506,-0.0613592,-1.28236,-1.28087,2.32435,2.31975,0.331365,0.334042,3.00507,3.00353,1.45728,1.45728,-1.29315,-1.29468,
53710.8,-0.0601506,-0.0613592,-1.28236,-1.27934,2.32435,2.31975,0.331365,0.332508,3.00507,3.00353,1.45728,1.45728,-1.29315,-1.29468,
53730.8,-0.0601506,-0.0613592,-1.28236,-1.27934,2.32435,2.31975,0.331365,0.332508,3.00507,3.00353,1.45728,1.45728,-1.29315,-1.29468,
53750.8,-0.0601506,-0.0613592,-1.28236,-1.27934,2.32435,2.31975,0.331365,0.332508,3.00507,3.00353,1.45728,1.45728,-1.29315,-1.29468,
53770.8,-0.0601506,-0.0613592,-1.28236,-1.27934,2.32435,2.31975,0.331365,0.332508,3.00507,3.00353,1.45728,1.45728,-1.29315,-1.29468,
53790.8,-0.0601506,-0.0613592,-1.28236,-1.27934,2.32435,2.31975,0.331365,0.332508,3.00507,3.00353,1.45728,1.45728,-1.29315,-1.29468,
53810.7,-0.0601506,-0.0613592,-1.28236,-1.28087,2.32435,2.31975,0.331365,0.334042,3.00507,3.00353,1.45728,1.45728,-1.29315,-1.29315,
53830.8,-0.0601506,-0.0613592,-1.28236,-1.28087,2.32435,2.31975,0.331365,0.334042,3.00507,3.00353,1.45728,1.45728,-1.29315,-1.29315,
53850.8,-0.0601506,-0.0613592,-1.28236,-1.28087,2.32435,2.31975,0.331365,0.334042,3.00507,3.00353,1.45728,1.45728,-1.29315,-1.29315,
53870.7,-0.0601506,-0.0613592,-1.28236,-1.28087,2.32435,2.31975,0.331365,0.334042,3.00507,3.00353,1.45728,1.45728,-1.29315,-1.29315,
53890.8,-0.0601506,-0.0613592,-1.28236,-1.28087,2.32435,2.31975,0.331365,0.334042,3.00507,3.00353,1.45728,1.45728,-1.29315,-1.29315,
53910.8,-0.0601506,-0.0613592,-1.28236,-1.28087,2.32435,2.31975,0.331365,0.334042,3.00507,3.00353,1.45728,1.45728,-1.29315,-1.29315,
53930.8,-0.0601506,-0.0613592,-1.28236,-1.28087,2.32435,2.32128,0.331365,0.332508,3.00507,3.00353,1.45728,1.45728,-1.29315,-1.29468,
53950.8,-0.0601506,-0.0613592,-1.28236,-1.28087,2.32435,2.32128,0.331365,0.332508,3.00507,3.00353,1.45728,1.45728,-1.29315,-1.29468,
53970.7,-0.0601506,-0.0613592,-1.28236,-1.28087,2.32435,2.32128,0.331365,0.332508,3.00507,3.00353,1.45728,1.45728,-1.29315,-1.29468,
53990.7,-0.0601506,-0.0613592,-1.28236,-1.28087,2.32435,2.32128,0.331365,0.332508,3.00507,3.00353,1.45728,1.45728,-1.29315,-1.29468,
54010.7,-0.0601506,-0.0613592,-1.28236,-1.28087,2.32435,2.32128,0.331365,0.332508,3.00507,3.00353,1.45728,1.45728,-1.29315,-1.29468,
54030.7,-0.0601506,-0.0613592,-1.28236,-1.28087,2.32435,2.32128,0.331365,0.334042,3.00507,3.00353,1.45728,1.45728,-1.29315,-1.29468,
54050.7,-0.0601506,-0.0613592,-1.28236,-1.28087,2.32435,2.32128,0.331365,0.334042,3.00507,3.00353,1.45728,1.45728,-1.29315,-1.29468,
54070.7,-0.0601506,-0.0613592,-1.28236,-1.28087,2.32435,2.32128,0.331365,0.334042,3.00507,3.00353,1.45728,1.45728,-1.29315,-1.29468,
54090.6,-0.0601506,-0.0613592,-1.28236,-1.28087,2.32435,2.32128,0.331365,0.334042,3.00507,3.00353,1.45728,1.45728,-1.29315,-1.29468,
54110.6,-0.0601506,-0.0613592,-1.28236,-1.28087,2.32435,2.32128,0.331365,0.334042,3.00507,3.00353,1.45728,1.45728,-1.29315,-1.29468,
54130.7,-0.0601506,-0.0613592,-1.28236,-1.28087,2.32435,2.32128,0.331365,0.334042,3.00507,3.00353,1.45728,1.45728,-1.29315,-1.29468,
54150.7,-0.0601506,-0.0613592,-1.28236,-1.28087,2.32435,2.32128,0.331365,0.334042,3.00507,3.00353,1.45728,1.45728,-1.29315,-1.29468,
54170.7,-0.0601506,-0.0613592,-1.28236,-1.28087,2.32435,2.32128,0.331365,0.334042,3.00507,3.00353,1.45728,1.45728,-1.29315,-1.29468,
54190.7,-0.0601506,-0.0613592,-1.28236,-1.28087,2.32435,2.32128,0.331365,0.334042,3.00507,3.00353,1.45728,1.45728,-1.29315,-1.29468,
54210.8,-0.0601506,-0.0613592,-1.28236,-1.28087,2.32435,2.32128,0.331365,0.332508,3.00507,3.00353,1.45728,1.45728,-1.29315,-1.29468,
54230.8,-0.0601506,-0.0613592,-1.28236,-1.28087,2.32435,2.32128,0.331365,0.332508,3.00507,3.00353,1.45728,1.45728,-1.29315,-1.29468,
54250.7,-0.0601506,-0.0613592,-1.28236,-1.28087,2.32435,2.32128,0.331365,0.332508,3.00507,3.00353,1.45728,1.45728,-1.29315,-1.29468,
54270.8,-0.0601506,-0.0613592,-1.28236,-1.28087,2.32435,2.32128,0.331365,0.332508,3.00507,3.00353,1.45728,1.45728,-1.29315,-1.29468,
54290.7,-0.0601506,-0.0613592,-1.28236,-1.28087,2.32435,2.32128,0.331365,0.332508,3.00507,3.00353,1.45728,1.45728,-1.29315,-1.29468,
54310.7,-0.0601506,-0.0613592,-1.28236,-1.28087,2.32435,2.32128,0.331365,0.332508,3.00507,3.00353,1.45728,1.45728,-1.29315,-1.29468,
54330.7,-0.0601506,-0.0613592,-1.28236,-1.28087,2.32435,2.32128,0.331365,0.334042,3.00507,3.00353,1.45728,1.45728,-1.29315,-1.29315,
54350.7,-0.0601506,-0.0613592,-1.28236,-1.28087,2.32435,2.32128,0.331365,0.334042,3.00507,3.00353,1.45728,1.45728,-1.29315,-1.29315,
54370.8,-0.0601506,-0.0613592,-1.28236,-1.28087,2.32435,2.32128,0.331365,0.334042,3.00507,3.00353,1.45728,1.45728,-1.29315,-1.29315,
54390.8,-0.0601506,-0.0613592,-1.28236,-1.28087,2.32435,2.32128,0.331365,0.334042,3.00507,3.00353,1.45728,1.45728,-1.29315,-1.29315,
54410.8,-0.0601506,-0.0613592,-1.28236,-1.28087,2.32435,2.32128,0.331365,0.334042,3.00507,3.00353,1.45728,1.45728,-1.29315,-1.29315,
54430.7,-0.0601506,-0.0613592,-1.28236,-1.28087,2.32435,2.32128,0.331365,0.334042,3.00507,3.00353,1.45728,1.45728,-1.29315,-1.29468,
54450.7,-0.0601506,-0.0613592,-1.28236,-1.28087,2.32435,2.32128,0.331365,0.334042,3.00507,3.00353,1.45728,1.45728,-1.29315,-1.29468,
54470.7,-0.0601506,-0.0613592,-1.28236,-1.28087,2.32435,2.32128,0.331365,0.334042,3.00507,3.00353,1.45728,1.45728,-1.29315,-1.29468,
54490.7,-0.0601506,-0.0613592,-1.28236,-1.28087,2.32435,2.32128,0.331365,0.334042,3.00507,3.00353,1.45728,1.45728,-1.29315,-1.29468,
54510.8,-0.0601506,-0.0613592,-1.28236,-1.28087,2.32435,2.32128,0.331365,0.334042,3.00507,3.00353,1.45728,1.45728,-1.29315,-1.29468,
54530.8,-0.0601506,-0.0613592,-1.28236,-1.28087,2.32435,2.32128,0.331365,0.334042,3.00507,3.00353,1.45728,1.45728,-1.29315,-1.29468,
54550.7,-0.0601506,-0.0613592,-1.28236,-1.28087,2.32435,2.32128,0.331365,0.334042,3.00507,3.00353,1.45728,1.45728,-1.29315,-1.29468,
54570.7,-0.0601506,-0.0613592,-1.28236,-1.28087,2.32435,2.32128,0.331365,0.334042,3.00507,3.00353,1.45728,1.45728,-1.29315,-1.29468,
54590.7,-0.0601506,-0.0613592,-1.28236,-1.28087,2.32435,2.32128,0.331365,0.334042,3.00507,3.00353,1.45728,1.45728,-1.29315,-1.29468,
54610.8,-0.0601506,-0.0613592,-1.28236,-1.27934,2.32435,2.32128,0.331365,0.332508,3.00507,3.00353,1.45728,1.45728,-1.29315,-1.29468,
54630.7,-0.0601506,-0.0613592,-1.28236,-1.27934,2.32435,2.32128,0.331365,0.332508,3.00507,3.00353,1.45728,1.45728,-1.29315,-1.29468,
54650.7,-0.0601506,-0.0613592,-1.28236,-1.27934,2.32435,2.32128,0.331365,0.332508,3.00507,3.00353,1.45728,1.45728,-1.29315,-1.29468,
54670.7,-0.0601506,-0.0613592,-1.28236,-1.27934,2.32435,2.32128,0.331365,0.332508,3.00507,3.00353,1.45728,1.45728,-1.29315,-1.29468,
54690.6,-0.0601506,-0.0613592,-1.28236,-1.27934,2.32435,2.32128,0.331365,0.332508,3.00507,3.00353,1.45728,1.45728,-1.29315,-1.29468,
54710.6,-0.0601506,-0.0613592,-1.28236,-1.27934,2.32435,2.32128,0.331365,0.332508,3.00507,3.00353,1.45728,1.45728,-1.29315,-1.29468,
54730.7,-0.0601506,-0.0613592,-1.28236,-1.28087,2.32435,2.32281,0.331365,0.332508,3.00507,3.00353,1.45728,1.45728,-1.29315,-1.29468,
54750.7,-0.0601506,-0.0613592,-1.28236,-1.28087,2.32435,2.32281,0.331365,0.332508,3.00507,3.00353,1.45728,1.45728,-1.29315,-1.29468,
54770.9,-0.0601506,-0.0613592,-1.28236,-1.28087,2.32435,2.32281,0.331365,0.332508,3.00507,3.00353,1.45728,1.45728,-1.29315,-1.29468,
54790.8,-0.0601506,-0.0613592,-1.28236,-1.28087,2.32435,2.32281,0.331365,0.332508,3.00507,3.00353,1.45728,1.45728,-1.29315,-1.29468,
54810.8,-0.0601506,-0.0613592,-1.28236,-1.28087,2.32435,2.32281,0.331365,0.332508,3.00507,3.00353,1.45728,1.45728,-1.29315,-1.29468,
54830.7,-0.0601506,-0.0613592,-1.28236,-1.28087,2.32435,2.32281,0.331365,0.332508,3.00507,3.00353,1.45728,1.45728,-1.29315,-1.29468,
54850.7,-0.0601506,-0.0613592,-1.28236,-1.27934,2.32435,2.32281,0.331365,0.334042,3.00507,3.00353,1.45728,1.45728,-1.29315,-1.29468,
54870.7,-0.0601506,-0.0613592,-1.28236,-1.27934,2.32435,2.32281,0.331365,0.334042,3.00507,3.00353,1.45728,1.45728,-1.29315,-1.29468,
54890.8,-0.0601506,-0.0613592,-1.28236,-1.27934,2.32435,2.32281,0.331365,0.334042,3.00507,3.00353,1.45728,1.45728,-1.29315,-1.29468,
54910.8,-0.0601506,-0.0613592,-1.28236,-1.27934,2.32435,2.32281,0.331365,0.334042,3.00507,3.00353,1.45728,1.45728,-1.29315,-1.29468,
54930.8,-0.0601506,-0.0613592,-1.28236,-1.28087,2.32435,2.32281,0.331365,0.332508,3.00507,3.00353,1.45728,1.45728,-1.29315,-1.29468,
54950.8,-0.0601506,-0.0613592,-1.28236,-1.28087,2.32435,2.32281,0.331365,0.332508,3.00507,3.00353,1.45728,1.45728,-1.29315,-1.29468,
54970.8,-0.0601506,-0.0613592,-1.28236,-1.28087,2.32435,2.32281,0.331365,0.332508,3.00507,3.00353,1.45728,1.45728,-1.29315,-1.29468,
54990.8,-0.0601506,-0.0613592,-1.28236,-1.28087,2.32435,2.32281,0.331365,0.332508,3.00507,3.00353,1.45728,1.45728,-1.29315,-1.29468,
55010.8,-0.0601506,-0.0613592,-1.28236,-1.28087,2.32435,2.32281,0.331365,0.332508,3.00507,3.00353,1.45728,1.45728,-1.29315,-1.29468,
55030.8,-0.0601506,-0.0613592,-1.28236,-1.28087,2.32435,2.32281,0.331365,0.332508,3.00507,3.00353,1.45728,1.45728,-1.29315,-1.29468,
55050.8,-0.0601506,-0.0613592,-1.28236,-1.28087,2.32435,2.32281,0.331365,0.332508,3.00507,3.00353,1.45728,1.45728,-1.29315,-1.29468,
55070.7,-0.0601506,-0.0613592,-1.28236,-1.28087,2.32435,2.32281,0.331365,0.332508,3.00507,3.00353,1.45728,1.45728,-1.29315,-1.29468,
55090.7,-0.0601506,-0.0613592,-1.28236,-1.28087,2.32435,2.32281,0.331365,0.332508,3.00507,3.00353,1.45728,1.45728,-1.29315,-1.29468,
55110.8,-0.0601506,-0.0613592,-1.28236,-1.28087,2.32435,2.32281,0.331365,0.332508,3.00507,3.00353,1.45728,1.45728,-1.29315,-1.29468,
55130.8,-0.0601506,-0.0613592,-1.28236,-1.27934,2.32435,2.32281,0.331365,0.332508,3.00507,3.00353,1.45728,1.45728,-1.29315,-1.29468,
55150.9,-0.0601506,-0.0613592,-1.28236,-1.27934,2.32435,2.32281,0.331365,0.332508,3.00507,3.00353,1.45728,1.45728,-1.29315,-1.29468,
55170.8,-0.0601506,-0.0613592,-1.28236,-1.27934,2.32435,2.32281,0.331365,0.332508,3.00507,3.00353,1.45728,1.45728,-1.29315,-1.29468,
55190.8,-0.0601506,-0.0613592,-1.28236,-1.27934,2.32435,2.32281,0.331365,0.332508,3.00507,3.00353,1.45728,1.45728,-1.29315,-1.29468,
55210.7,-0.0601506,-0.0613592,-1.28236,-1.27934,2.32435,2.32281,0.331365,0.332508,3.00507,3.00353,1.45728,1.45728,-1.29315,-1.29468,
55230.8,-0.0601506,-0.0613592,-1.28236,-1.28087,2.32435,2.32128,0.331365,0.334042,3.00507,3.00353,1.45728,1.45728,-1.29315,-1.29468,
55250.8,-0.0601506,-0.0613592,-1.28236,-1.28087,2.32435,2.32128,0.331365,0.334042,3.00507,3.00353,1.45728,1.45728,-1.29315,-1.29468,
55270.8,-0.0601506,-0.0613592,-1.28236,-1.28087,2.32435,2.32128,0.331365,0.334042,3.00507,3.00353,1.45728,1.45728,-1.29315,-1.29468,
55290.8,-0.0601506,-0.0613592,-1.28236,-1.28087,2.32435,2.32128,0.331365,0.334042,3.00507,3.00353,1.45728,1.45728,-1.29315,-1.29468,
55310.7,-0.0601506,-0.0613592,-1.28236,-1.28087,2.32435,2.32281,0.331365,0.334042,3.00507,3.00353,1.45728,1.45728,-1.29315,-1.29468,
55330.8,-0.0601506,-0.0613592,-1.28236,-1.28087,2.32435,2.32281,0.331365,0.334042,3.00507,3.00353,1.45728,1.45728,-1.29315,-1.29468,
55350.8,-0.0601506,-0.0613592,-1.28236,-1.28087,2.32435,2.32281,0.331365,0.334042,3.00507,3.00353,1.45728,1.45728,-1.29315,-1.29468,
55370.8,-0.0601506,-0.0613592,-1.28236,-1.28087,2.32435,2.32281,0.331365,0.334042,3.00507,3.00353,1.45728,1.45728,-1.29315,-1.29468,
55390.8,-0.0601506,-0.0613592,-1.28236,-1.28087,2.32435,2.32281,0.331365,0.334042,3.00507,3.00353,1.45728,1.45728,-1.29315,-1.29468,
55410.8,-0.0601506,-0.0613592,-1.28236,-1.27934,2.32435,2.32128,0.331365,0.334042,3.00507,3.00353,1.45728,1.45728,-1.29315,-1.29468,
55430.8,-0.0601506,-0.0613592,-1.28236,-1.27934,2.32435,2.32128,0.331365,0.334042,3.00507,3.00353,1.45728,1.45728,-1.29315,-1.29468,
55450.8,-0.0601506,-0.0613592,-1.28236,-1.27934,2.32435,2.32128,0.331365,0.334042,3.00507,3.00353,1.45728,1.45728,-1.29315,-1.29468,
55470.8,-0.0601506,-0.0613592,-1.28236,-1.27934,2.32435,2.32128,0.331365,0.334042,3.00507,3.00353,1.45728,1.45728,-1.29315,-1.29468,
55490.8,-0.0601506,-0.0613592,-1.28236,-1.27934,2.32435,2.32128,0.331365,0.334042,3.00507,3.00353,1.45728,1.45728,-1.29315,-1.29468,
55510.8,-0.0601506,-0.0613592,-1.28236,-1.27934,2.32435,2.32128,0.331365,0.334042,3.00507,3.00353,1.45728,1.45728,-1.29315,-1.29468,
55530.8,-0.0601506,-0.0613592,-1.28236,-1.28087,2.32435,2.32281,0.331365,0.334042,3.00507,3.00353,1.45728,1.45728,-1.29315,-1.29468,
55550.8,-0.0601506,-0.0613592,-1.28236,-1.28087,2.32435,2.32281,0.331365,0.334042,3.00507,3.00353,1.45728,1.45728,-1.29315,-1.29468,
55570.7,-0.0601506,-0.0613592,-1.28236,-1.28087,2.32435,2.32281,0.331365,0.334042,3.00507,3.00353,1.45728,1.45728,-1.29315,-1.29468,
55590.8,-0.0601506,-0.0613592,-1.28236,-1.28087,2.32435,2.32281,0.331365,0.334042,3.00507,3.00353,1.45728,1.45728,-1.29315,-1.29468,
55610.7,-0.0601506,-0.0613592,-1.28236,-1.28087,2.32435,2.32281,0.331365,0.334042,3.00507,3.00353,1.45728,1.45728,-1.29315,-1.29468,
55630.7,-0.0601506,-0.0598252,-1.28236,-1.28087,2.32435,2.32281,0.331365,0.332508,3.00507,3.00353,1.45728,1.45728,-1.29315,-1.29468,
55650.8,-0.0601506,-0.0598252,-1.28236,-1.28087,2.32435,2.32281,0.331365,0.332508,3.00507,3.00353,1.45728,1.45728,-1.29315,-1.29468,
55670.8,-0.0601506,-0.0598252,-1.28236,-1.28087,2.32435,2.32281,0.331365,0.332508,3.00507,3.00353,1.45728,1.45728,-1.29315,-1.29468,
55690.8,-0.0601506,-0.0598252,-1.28236,-1.28087,2.32435,2.32281,0.331365,0.332508,3.00507,3.00353,1.45728,1.45728,-1.29315,-1.29468,
55710.8,-0.0601506,-0.0598252,-1.28236,-1.28087,2.32435,2.32281,0.331365,0.332508,3.00507,3.00353,1.45728,1.45728,-1.29315,-1.29468,
55730.7,-0.0601506,-0.0613592,-1.28236,-1.28087,2.32435,2.32281,0.331365,0.334042,3.00507,3.00353,1.45728,1.45728,-1.29315,-1.29468,
55750.7,-0.0601506,-0.0613592,-1.28236,-1.28087,2.32435,2.32281,0.331365,0.334042,3.00507,3.00353,1.45728,1.45728,-1.29315,-1.29468,
55770.7,-0.0601506,-0.0613592,-1.28236,-1.28087,2.32435,2.32281,0.331365,0.334042,3.00507,3.00353,1.45728,1.45728,-1.29315,-1.29468,
55790.7,-0.0601506,-0.0613592,-1.28236,-1.28087,2.32435,2.32281,0.331365,0.334042,3.00507,3.00353,1.45728,1.45728,-1.29315,-1.29468,
55810.7,-0.0601506,-0.0613592,-1.28236,-1.28087,2.32435,2.32281,0.331365,0.334042,3.00507,3.00353,1.45728,1.45882,-1.29315,-1.29315,
55831.1,-0.0601506,-0.0613592,-1.28236,-1.28087,2.32435,2.32281,0.331365,0.334042,3.00507,3.00353,1.45728,1.45882,-1.29315,-1.29315,
55851.5,-0.0601506,-0.0613592,-1.28236,-1.28087,2.32435,2.32281,0.331365,0.334042,3.00507,3.00353,1.45728,1.45882,-1.29315,-1.29315,
55870.6,-0.0601506,-0.0613592,-1.28236,-1.28087,2.32435,2.32281,0.331365,0.334042,3.00507,3.00353,1.45728,1.45882,-1.29315,-1.29315,
55890.6,-0.0601506,-0.0613592,-1.28236,-1.28087,2.32435,2.32281,0.331365,0.334042,3.00507,3.00353,1.45728,1.45882,-1.29315,-1.29315,
55910.6,-0.0601506,-0.0613592,-1.28236,-1.28087,2.32435,2.32281,0.331365,0.334042,3.00507,3.00353,1.45728,1.45882,-1.29315,-1.29315,
55930.6,-0.0601506,-0.0613592,-1.28236,-1.28087,2.32435,2.32281,0.331365,0.332508,3.00507,3.00353,1.45728,1.45728,-1.29315,-1.29468,
55950.7,-0.0601506,-0.0613592,-1.28236,-1.28087,2.32435,2.32281,0.331365,0.332508,3.00507,3.00353,1.45728,1.45728,-1.29315,-1.29468,
55970.6,-0.0601506,-0.0613592,-1.28236,-1.28087,2.32435,2.32281,0.331365,0.332508,3.00507,3.00353,1.45728,1.45728,-1.29315,-1.29468,
55990.7,-0.0601506,-0.0613592,-1.28236,-1.28087,2.32435,2.32281,0.331365,0.332508,3.00507,3.00353,1.45728,1.45728,-1.29315,-1.29468,
56010.7,-0.0601506,-0.0613592,-1.28236,-1.28087,2.32435,2.32281,0.331365,0.332508,3.00507,3.00353,1.45728,1.45728,-1.29315,-1.29468,
56030.7,-0.0601506,-0.0613592,-1.28236,-1.28087,2.32435,2.32281,0.331365,0.332508,3.00507,3.00353,1.45728,1.45728,-1.29315,-1.29468,
56050.9,-0.0601506,-0.0613592,-1.28236,-1.28087,2.32435,2.32281,0.331365,0.332508,3.00507,3.00353,1.45728,1.45728,-1.29315,-1.29468,
56070.7,-0.0601506,-0.0613592,-1.28236,-1.28087,2.32435,2.32281,0.331365,0.332508,3.00507,3.00353,1.45728,1.45728,-1.29315,-1.29468,
56090.7,-0.0601506,-0.0613592,-1.28236,-1.28087,2.32435,2.32281,0.331365,0.332508,3.00507,3.00353,1.45728,1.45728,-1.29315,-1.29468,
56110.7,-0.0601506,-0.0613592,-1.28236,-1.28087,2.32435,2.32281,0.331365,0.332508,3.00507,3.00353,1.45728,1.45728,-1.29315,-1.29315,
56130.7,-0.0601506,-0.0613592,-1.28236,-1.28087,2.32435,2.32281,0.331365,0.332508,3.00507,3.00353,1.45728,1.45728,-1.29315,-1.29315,
56150.8,-0.0601506,-0.0613592,-1.28236,-1.28087,2.32435,2.32281,0.331365,0.332508,3.00507,3.00353,1.45728,1.45728,-1.29315,-1.29315,
56170.7,-0.0601506,-0.0613592,-1.28236,-1.28087,2.32435,2.32281,0.331365,0.332508,3.00507,3.00353,1.45728,1.45728,-1.29315,-1.29315,
56190.7,-0.0601506,-0.0613592,-1.28236,-1.28087,2.32435,2.32281,0.331365,0.332508,3.00507,3.00353,1.45728,1.45728,-1.29315,-1.29315,
56210.8,-0.0601506,-0.0613592,-1.28236,-1.28087,2.32435,2.32742,0.331365,0.332508,3.00507,3.00353,1.45728,1.45728,-1.29315,-1.29315,
56230.8,-0.0601506,-0.0613592,-1.28236,-1.28087,2.32435,2.32742,0.331365,0.332508,3.00507,3.00353,1.45728,1.45728,-1.29315,-1.29315,
56250.8,-0.0601506,-0.0613592,-1.28236,-1.28087,2.32435,2.32742,0.331365,0.332508,3.00507,3.00353,1.45728,1.45728,-1.29315,-1.29315,
56270.7,-0.0601506,-0.0613592,-1.28236,-1.28087,2.32435,2.32742,0.331365,0.332508,3.00507,3.00353,1.45728,1.45728,-1.29315,-1.29315,
56290.7,-0.0601506,-0.0613592,-1.28236,-1.28087,2.32435,2.32742,0.331365,0.332508,3.00507,3.00353,1.45728,1.45728,-1.29315,-1.29315,
56310.7,-0.0601506,-0.0613592,-1.28236,-1.28087,2.32435,2.32742,0.331365,0.332508,3.00507,3.00353,1.45728,1.45728,-1.29315,-1.29315,
56330.8,-0.0601506,-0.0613592,-1.28236,-1.28087,2.32435,2.32895,0.331365,0.332508,3.00507,3.00353,1.45728,1.45728,-1.29315,-1.29468,
56350.8,-0.0601506,-0.0613592,-1.28236,-1.28087,2.32435,2.32895,0.331365,0.332508,3.00507,3.00353,1.45728,1.45728,-1.29315,-1.29468,
56370.8,-0.0601506,-0.0613592,-1.28236,-1.28087,2.32435,2.32895,0.331365,0.332508,3.00507,3.00353,1.45728,1.45728,-1.29315,-1.29468,
56390.8,-0.0601506,-0.0613592,-1.28236,-1.28087,2.32435,2.32895,0.331365,0.332508,3.00507,3.00353,1.45728,1.45728,-1.29315,-1.29468,
56410.8,-0.0601506,-0.0613592,-1.28236,-1.28087,2.32435,2.32895,0.331365,0.332508,3.00507,3.00353,1.45728,1.45728,-1.29315,-1.29468,
56430.8,-0.0601506,-0.0613592,-1.28236,-1.28087,2.32435,2.32895,0.331365,0.332508,3.00507,3.00353,1.45728,1.45728,-1.29315,-1.29468,
56450.8,-0.0601506,-0.0613592,-1.28236,-1.28087,2.32435,2.32895,0.331365,0.332508,3.00507,3.00353,1.45728,1.45728,-1.29315,-1.29468,
56470.8,-0.0601506,-0.0613592,-1.28236,-1.28087,2.32435,2.32895,0.331365,0.332508,3.00507,3.00353,1.45728,1.45728,-1.29315,-1.29468,
56490.7,-0.0601506,-0.0613592,-1.28236,-1.28087,2.32435,2.32895,0.331365,0.332508,3.00507,3.00353,1.45728,1.45728,-1.29315,-1.29468,
56510.8,-0.0601506,-0.0613592,-1.28236,-1.28087,2.32435,2.32895,0.331365,0.332508,3.00507,3.00353,1.45728,1.45728,-1.29315,-1.29468,
56530.8,-0.0601506,-0.0613592,-1.28236,-1.28087,2.32435,2.32895,0.331365,0.332508,3.00507,3.00353,1.45728,1.45728,-1.29315,-1.29468,
56550.8,-0.0601506,-0.0613592,-1.28236,-1.28087,2.32435,2.32895,0.331365,0.332508,3.00507,3.00353,1.45728,1.45728,-1.29315,-1.29468,
56570.7,-0.0601506,-0.0613592,-1.28236,-1.28087,2.32435,2.32895,0.331365,0.332508,3.00507,3.00353,1.45728,1.45728,-1.29315,-1.29468,
56590.8,-0.0601506,-0.0613592,-1.28236,-1.28087,2.32435,2.32895,0.331365,0.332508,3.00507,3.00353,1.45728,1.45728,-1.29315,-1.29468,
56610.7,-0.0601506,-0.0613592,-1.28236,-1.28087,2.32435,2.33048,0.331365,0.332508,3.00507,3.00353,1.45728,1.45728,-1.29315,-1.29468,
56630.8,-0.0601506,-0.0613592,-1.28236,-1.28087,2.32435,2.33048,0.331365,0.332508,3.00507,3.00353,1.45728,1.45728,-1.29315,-1.29468,
56650.8,-0.0601506,-0.0613592,-1.28236,-1.28087,2.32435,2.33048,0.331365,0.332508,3.00507,3.00353,1.45728,1.45728,-1.29315,-1.29468,
56670.8,-0.0601506,-0.0613592,-1.28236,-1.28087,2.32435,2.33048,0.331365,0.332508,3.00507,3.00353,1.45728,1.45728,-1.29315,-1.29468,
56690.8,-0.0601506,-0.0613592,-1.28236,-1.28087,2.32435,2.33048,0.331365,0.332508,3.00507,3.00353,1.45728,1.45728,-1.29315,-1.29468,
56710.7,-0.0601506,-0.0613592,-1.28236,-1.28087,2.32435,2.33048,0.331365,0.332508,3.00507,3.00353,1.45728,1.45728,-1.29315,-1.29468,
56730.8,-0.0601506,-0.0613592,-1.28236,-1.28087,2.32435,2.32895,0.331365,0.334042,3.00507,3.00353,1.45728,1.45728,-1.29315,-1.29315,
56750.8,-0.0601506,-0.0613592,-1.28236,-1.28087,2.32435,2.32895,0.331365,0.334042,3.00507,3.00353,1.45728,1.45728,-1.29315,-1.29315,
56770.8,-0.0601506,-0.0613592,-1.28236,-1.28087,2.32435,2.32895,0.331365,0.334042,3.00507,3.00353,1.45728,1.45728,-1.29315,-1.29315,
56790.8,-0.0601506,-0.0613592,-1.28236,-1.28087,2.32435,2.32895,0.331365,0.334042,3.00507,3.00353,1.45728,1.45728,-1.29315,-1.29315,
56810.7,-0.0601506,-0.0613592,-1.28236,-1.28087,2.32435,2.32895,0.331365,0.334042,3.00507,3.00353,1.45728,1.45728,-1.29315,-1.29315,
56831.9,-0.0601506,-0.0613592,-1.28236,-1.28087,2.32435,2.33048,0.331365,0.332508,3.00507,3.00353,1.45728,1.45728,-1.29315,-1.29468,
56850.7,-0.0601506,-0.0613592,-1.28236,-1.28087,2.32435,2.33048,0.331365,0.332508,3.00507,3.00353,1.45728,1.45728,-1.29315,-1.29468,
56870.7,-0.0601506,-0.0613592,-1.28236,-1.28087,2.32435,2.33048,0.331365,0.332508,3.00507,3.00353,1.45728,1.45728,-1.29315,-1.29468,
56890.7,-0.0601506,-0.0613592,-1.28236,-1.28087,2.32435,2.33048,0.331365,0.332508,3.00507,3.00353,1.45728,1.45728,-1.29315,-1.29468,
56910.6,-0.0601506,-0.0613592,-1.28236,-1.28087,2.32435,2.33048,0.331365,0.332508,3.00507,3.00353,1.45728,1.45728,-1.29315,-1.29468,
56930.8,-0.0601506,-0.0613592,-1.28236,-1.28087,2.32435,2.32895,0.331365,0.332508,3.00507,3.00353,1.45728,1.45728,-1.29315,-1.29468,
56950.9,-0.0601506,-0.0613592,-1.28236,-1.28087,2.32435,2.32895,0.331365,0.332508,3.00507,3.00353,1.45728,1.45728,-1.29315,-1.29468,
56970.7,-0.0601506,-0.0613592,-1.28236,-1.28087,2.32435,2.32895,0.331365,0.332508,3.00507,3.00353,1.45728,1.45728,-1.29315,-1.29468,
56990.8,-0.0601506,-0.0613592,-1.28236,-1.28087,2.32435,2.32895,0.331365,0.332508,3.00507,3.00353,1.45728,1.45728,-1.29315,-1.29468,
57010.7,-0.0601506,-0.0613592,-1.28236,-1.28087,2.32435,2.32895,0.331365,0.334042,3.00507,3.00353,1.45728,1.45728,-1.29315,-1.29468,
57030.8,-0.0601506,-0.0613592,-1.28236,-1.28087,2.32435,2.32895,0.331365,0.334042,3.00507,3.00353,1.45728,1.45728,-1.29315,-1.29468,
57050.7,-0.0601506,-0.0613592,-1.28236,-1.28087,2.32435,2.32895,0.331365,0.334042,3.00507,3.00353,1.45728,1.45728,-1.29315,-1.29468,
57070.8,-0.0601506,-0.0613592,-1.28236,-1.28087,2.32435,2.32895,0.331365,0.334042,3.00507,3.00353,1.45728,1.45728,-1.29315,-1.29468,
57090.8,-0.0601506,-0.0613592,-1.28236,-1.28087,2.32435,2.32895,0.331365,0.334042,3.00507,3.00353,1.45728,1.45728,-1.29315,-1.29468,
57110.8,-0.0601506,-0.0613592,-1.28236,-1.28087,2.32435,2.32895,0.331365,0.334042,3.00507,3.00353,1.45728,1.45728,-1.29315,-1.29468,
57130.8,-0.0601506,-0.0613592,-1.28236,-1.28087,2.32435,2.32895,0.331365,0.334042,3.00507,3.00353,1.45728,1.45728,-1.29315,-1.29468,
57150.8,-0.0601506,-0.0613592,-1.28236,-1.28087,2.32435,2.32895,0.331365,0.334042,3.00507,3.00353,1.45728,1.45728,-1.29315,-1.29468,
57170.8,-0.0601506,-0.0613592,-1.28236,-1.28087,2.32435,2.32895,0.331365,0.334042,3.00507,3.00353,1.45728,1.45728,-1.29315,-1.29468,
57190.8,-0.0601506,-0.0613592,-1.28236,-1.28087,2.32435,2.32895,0.331365,0.334042,3.00507,3.00353,1.45728,1.45728,-1.29315,-1.29468,
57210.8,-0.0601506,-0.0613592,-1.28236,-1.28087,2.32435,2.32895,0.331365,0.334042,3.00507,3.00353,1.45728,1.45728,-1.29315,-1.29468,
57230.8,-0.0601506,-0.0613592,-1.28236,-1.28087,2.32435,2.32895,0.331365,0.332508,3.00507,3.00353,1.45728,1.45728,-1.29315,-1.29468,
57250.8,-0.0601506,-0.0613592,-1.28236,-1.28087,2.32435,2.32895,0.331365,0.332508,3.00507,3.00353,1.45728,1.45728,-1.29315,-1.29468,
57270.8,-0.0601506,-0.0613592,-1.28236,-1.28087,2.32435,2.32895,0.331365,0.332508,3.00507,3.00353,1.45728,1.45728,-1.29315,-1.29468,
57290.8,-0.0601506,-0.0613592,-1.28236,-1.28087,2.32435,2.32895,0.331365,0.332508,3.00507,3.00353,1.45728,1.45728,-1.29315,-1.29468,
57310.7,-0.0601506,-0.0598252,-1.28236,-1.28087,2.32435,2.32895,0.331365,0.332508,3.00507,3.00353,1.45728,1.45728,-1.29315,-1.29468,
57331,-0.0601506,-0.0598252,-1.28236,-1.28087,2.32435,2.32895,0.331365,0.332508,3.00507,3.00353,1.45728,1.45728,-1.29315,-1.29468,
57350.8,-0.0601506,-0.0598252,-1.28236,-1.28087,2.32435,2.32895,0.331365,0.332508,3.00507,3.00353,1.45728,1.45728,-1.29315,-1.29468,
57370.7,-0.0601506,-0.0598252,-1.28236,-1.28087,2.32435,2.32895,0.331365,0.332508,3.00507,3.00353,1.45728,1.45728,-1.29315,-1.29468,
57390.8,-0.0601506,-0.0598252,-1.28236,-1.28087,2.32435,2.32895,0.331365,0.332508,3.00507,3.00353,1.45728,1.45728,-1.29315,-1.29468,
57410.7,-0.0601506,-0.0598252,-1.28236,-1.28087,2.32435,2.32895,0.331365,0.332508,3.00507,3.00353,1.45728,1.45728,-1.29315,-1.29468,
57430.8,-0.0601506,-0.0613592,-1.28236,-1.28087,2.32435,2.32895,0.331365,0.332508,3.00507,3.00353,1.45728,1.45728,-1.29315,-1.29468,
57450.8,-0.0601506,-0.0613592,-1.28236,-1.28087,2.32435,2.32895,0.331365,0.332508,3.00507,3.00353,1.45728,1.45728,-1.29315,-1.29468,
57470.7,-0.0601506,-0.0613592,-1.28236,-1.28087,2.32435,2.32895,0.331365,0.332508,3.00507,3.00353,1.45728,1.45728,-1.29315,-1.29468,
57490.7,-0.0601506,-0.0613592,-1.28236,-1.28087,2.32435,2.32895,0.331365,0.332508,3.00507,3.00353,1.45728,1.45728,-1.29315,-1.29468,
57510.8,-0.0601506,-0.0613592,-1.28236,-1.28087,2.32435,2.32895,0.331365,0.334042,3.00507,3.00353,1.45728,1.45728,-1.29315,-1.29468,
57530.7,-0.0601506,-0.0613592,-1.28236,-1.28087,2.32435,2.32895,0.331365,0.334042,3.00507,3.00353,1.45728,1.45728,-1.29315,-1.29468,
57550.8,-0.0601506,-0.0613592,-1.28236,-1.28087,2.32435,2.32895,0.331365,0.334042,3.00507,3.00353,1.45728,1.45728,-1.29315,-1.29468,
57570.8,-0.0601506,-0.0613592,-1.28236,-1.28087,2.32435,2.32895,0.331365,0.334042,3.00507,3.00353,1.45728,1.45728,-1.29315,-1.29468,
57590.8,-0.0601506,-0.0613592,-1.28236,-1.28087,2.32435,2.32895,0.331365,0.334042,3.00507,3.00353,1.45728,1.45728,-1.29315,-1.29468,
57610.7,-0.0601506,-0.0613592,-1.28236,-1.28087,2.32435,2.32895,0.331365,0.334042,3.00507,3.00353,1.45728,1.45728,-1.29315,-1.29468,
57630.7,-0.0601506,-0.0613592,-1.28236,-1.28087,2.32435,2.32895,0.331365,0.332508,3.00507,3.00353,1.45728,1.45728,-1.29315,-1.29468,
57650.8,-0.0601506,-0.0613592,-1.28236,-1.28087,2.32435,2.32895,0.331365,0.332508,3.00507,3.00353,1.45728,1.45728,-1.29315,-1.29468,
57670.8,-0.0601506,-0.0613592,-1.28236,-1.28087,2.32435,2.32895,0.331365,0.332508,3.00507,3.00353,1.45728,1.45728,-1.29315,-1.29468,
57690.8,-0.0601506,-0.0613592,-1.28236,-1.28087,2.32435,2.32895,0.331365,0.332508,3.00507,3.00353,1.45728,1.45728,-1.29315,-1.29468,
57710.8,-0.0601506,-0.0613592,-1.28236,-1.28087,2.32435,2.32895,0.331365,0.332508,3.00507,3.00353,1.45728,1.45728,-1.29315,-1.29315,
57730.7,-0.0601506,-0.0613592,-1.28236,-1.28087,2.32435,2.32895,0.331365,0.332508,3.00507,3.00353,1.45728,1.45728,-1.29315,-1.29315,
57750.7,-0.0601506,-0.0613592,-1.28236,-1.28087,2.32435,2.32895,0.331365,0.332508,3.00507,3.00353,1.45728,1.45728,-1.29315,-1.29315,
57770.8,-0.0601506,-0.0613592,-1.28236,-1.28087,2.32435,2.32895,0.331365,0.332508,3.00507,3.00353,1.45728,1.45728,-1.29315,-1.29315,
57790.8,-0.0601506,-0.0613592,-1.28236,-1.28087,2.32435,2.32895,0.331365,0.332508,3.00507,3.00353,1.45728,1.45728,-1.29315,-1.29315,
57810.8,-0.0601506,-0.0613592,-1.28236,-1.28087,2.32435,2.33048,0.331365,0.334042,3.00507,3.00353,1.45728,1.45728,-1.29315,-1.29468,
57830.8,-0.0601506,-0.0613592,-1.28236,-1.28087,2.32435,2.33048,0.331365,0.334042,3.00507,3.00353,1.45728,1.45728,-1.29315,-1.29468,
57850.8,-0.0601506,-0.0613592,-1.28236,-1.28087,2.32435,2.33048,0.331365,0.334042,3.00507,3.00353,1.45728,1.45728,-1.29315,-1.29468,
57870.8,-0.0601506,-0.0613592,-1.28236,-1.28087,2.32435,2.33048,0.331365,0.334042,3.00507,3.00353,1.45728,1.45728,-1.29315,-1.29468,
57890.8,-0.0601506,-0.0613592,-1.28236,-1.28087,2.32435,2.33048,0.331365,0.334042,3.00507,3.00353,1.45728,1.45728,-1.29315,-1.29468,
57910.8,-0.0601506,-0.0613592,-1.28236,-1.28087,2.32435,2.33048,0.331365,0.334042,3.00507,3.00353,1.45728,1.45728,-1.29315,-1.29468,
57930.7,-0.0601506,-0.0613592,-1.28236,-1.28087,2.32435,2.32895,0.331365,0.332508,3.00507,3.00353,1.45728,1.45728,-1.29315,-1.29468,
57950.7,-0.0601506,-0.0613592,-1.28236,-1.28087,2.32435,2.32895,0.331365,0.332508,3.00507,3.00353,1.45728,1.45728,-1.29315,-1.29468,
57970.7,-0.0601506,-0.0613592,-1.28236,-1.28087,2.32435,2.32895,0.331365,0.332508,3.00507,3.00353,1.45728,1.45728,-1.29315,-1.29468,
57990.8,-0.0601506,-0.0613592,-1.28236,-1.28087,2.32435,2.32895,0.331365,0.332508,3.00507,3.00353,1.45728,1.45728,-1.29315,-1.29468,
58010.8,-0.0601506,-0.0613592,-1.28236,-1.28087,2.32435,2.32895,0.331365,0.332508,3.00507,3.00353,1.45728,1.45728,-1.29315,-1.29468,
58030.8,-0.0601506,-0.0613592,-1.28236,-1.28087,2.32435,2.32895,0.331365,0.332508,3.00507,3.00353,1.45728,1.45728,-1.29315,-1.29468,
58050.8,-0.0601506,-0.0613592,-1.28236,-1.28087,2.32435,2.32895,0.331365,0.332508,3.00507,3.00353,1.45728,1.45728,-1.29315,-1.29468,
58070.7,-0.0601506,-0.0613592,-1.28236,-1.28087,2.32435,2.32895,0.331365,0.332508,3.00507,3.00353,1.45728,1.45728,-1.29315,-1.29468,
58090.7,-0.0601506,-0.0613592,-1.28236,-1.28087,2.32435,2.32895,0.331365,0.332508,3.00507,3.00353,1.45728,1.45728,-1.29315,-1.29468,
58110.7,-0.0601506,-0.0613592,-1.28236,-1.28087,2.32435,2.33048,0.331365,0.332508,3.00507,3.00353,1.45728,1.45728,-1.29315,-1.29468,
58130.7,-0.0601506,-0.0613592,-1.28236,-1.28087,2.32435,2.33048,0.331365,0.332508,3.00507,3.00353,1.45728,1.45728,-1.29315,-1.29468,
58150.8,-0.0601506,-0.0613592,-1.28236,-1.28087,2.32435,2.33048,0.331365,0.332508,3.00507,3.00353,1.45728,1.45728,-1.29315,-1.29468,
58170.8,-0.0601506,-0.0613592,-1.28236,-1.28087,2.32435,2.33048,0.331365,0.332508,3.00507,3.00353,1.45728,1.45728,-1.29315,-1.29468,
58190.8,-0.0601506,-0.0613592,-1.28236,-1.28087,2.32435,2.33048,0.331365,0.332508,3.00507,3.00353,1.45728,1.45728,-1.29315,-1.29468,
58210.8,-0.0601506,-0.0613592,-1.28236,-1.28087,2.32435,2.33048,0.331365,0.332508,3.00507,3.00353,1.45728,1.45728,-1.29315,-1.29468,
58230.9,-0.0601506,-0.0613592,-1.28236,-1.28087,2.32435,2.33048,0.331365,0.332508,3.00507,3.00353,1.45728,1.45728,-1.29315,-1.29468,
58250.8,-0.0601506,-0.0613592,-1.28236,-1.28087,2.32435,2.33048,0.331365,0.332508,3.00507,3.00353,1.45728,1.45728,-1.29315,-1.29468,
58270.8,-0.0601506,-0.0613592,-1.28236,-1.28087,2.32435,2.33048,0.331365,0.332508,3.00507,3.00353,1.45728,1.45728,-1.29315,-1.29468,
58290.8,-0.0601506,-0.0613592,-1.28236,-1.28087,2.32435,2.33048,0.331365,0.332508,3.00507,3.00353,1.45728,1.45728,-1.29315,-1.29468,
58310.8,-0.0601506,-0.0613592,-1.28236,-1.28087,2.32435,2.33048,0.331365,0.332508,3.00507,3.00353,1.45728,1.45728,-1.29315,-1.29468,
58330.8,-0.0601506,-0.0613592,-1.28236,-1.28087,2.32435,2.33048,0.331365,0.332508,3.00507,3.00353,1.45728,1.45728,-1.29315,-1.29468,
58350.8,-0.0601506,-0.0613592,-1.28236,-1.28241,2.32435,2.32895,0.331365,0.332508,3.00507,3.00353,1.45728,1.45728,-1.29315,-1.29468,
58370.7,-0.0601506,-0.0613592,-1.28236,-1.28241,2.32435,2.32895,0.331365,0.332508,3.00507,3.00353,1.45728,1.45728,-1.29315,-1.29468,
58390.8,-0.0601506,-0.0613592,-1.28236,-1.28241,2.32435,2.32895,0.331365,0.332508,3.00507,3.00353,1.45728,1.45728,-1.29315,-1.29468,
58410.8,-0.0601506,-0.0613592,-1.28236,-1.28241,2.32435,2.32895,0.331365,0.332508,3.00507,3.00353,1.45728,1.45728,-1.29315,-1.29468,
58430.8,-0.0601506,-0.0613592,-1.28236,-1.28087,2.32435,2.32895,0.331365,0.332508,3.00507,3.00353,1.45728,1.45728,-1.29315,-1.29468,
58450.8,-0.0601506,-0.0613592,-1.28236,-1.28087,2.32435,2.32895,0.331365,0.332508,3.00507,3.00353,1.45728,1.45728,-1.29315,-1.29468,
58470.7,-0.0601506,-0.0613592,-1.28236,-1.28087,2.32435,2.32895,0.331365,0.332508,3.00507,3.00353,1.45728,1.45728,-1.29315,-1.29468,
58490.9,-0.0601506,-0.0613592,-1.28236,-1.28087,2.32435,2.32895,0.331365,0.332508,3.00507,3.00353,1.45728,1.45728,-1.29315,-1.29468,
58510.8,-0.0601506,-0.0613592,-1.28236,-1.28241,2.32435,2.32895,0.331365,0.332508,3.00507,3.00353,1.45728,1.45728,-1.29315,-1.29315,
58530.8,-0.0601506,-0.0613592,-1.28236,-1.28241,2.32435,2.32895,0.331365,0.332508,3.00507,3.00353,1.45728,1.45728,-1.29315,-1.29315,
58550.8,-0.0601506,-0.0613592,-1.28236,-1.28241,2.32435,2.32895,0.331365,0.332508,3.00507,3.00353,1.45728,1.45728,-1.29315,-1.29315,
58570.7,-0.0601506,-0.0613592,-1.28236,-1.28241,2.32435,2.32895,0.331365,0.332508,3.00507,3.00353,1.45728,1.45728,-1.29315,-1.29315,
58590.8,-0.0601506,-0.0613592,-1.28236,-1.28241,2.32435,2.32895,0.331365,0.332508,3.00507,3.00353,1.45728,1.45728,-1.29315,-1.29315,
58610.7,-0.0601506,-0.0613592,-1.28236,-1.28241,2.32435,2.32895,0.331365,0.332508,3.00507,3.00353,1.45728,1.45728,-1.29315,-1.29468,
58630.7,-0.0601506,-0.0613592,-1.28236,-1.28241,2.32435,2.32895,0.331365,0.332508,3.00507,3.00353,1.45728,1.45728,-1.29315,-1.29468,
58650.7,-0.0601506,-0.0613592,-1.28236,-1.28241,2.32435,2.32895,0.331365,0.332508,3.00507,3.00353,1.45728,1.45728,-1.29315,-1.29468,
58670.8,-0.0601506,-0.0613592,-1.28236,-1.28241,2.32435,2.32895,0.331365,0.332508,3.00507,3.00353,1.45728,1.45728,-1.29315,-1.29468,
58690.8,-0.0601506,-0.0613592,-1.28236,-1.28241,2.32435,2.32895,0.331365,0.332508,3.00507,3.00353,1.45728,1.45728,-1.29315,-1.29468,
58710.7,-0.0601506,-0.0613592,-1.28236,-1.28241,2.32435,2.32895,0.331365,0.332508,3.00507,3.00353,1.45728,1.45728,-1.29315,-1.29468,
58730.8,-0.0601506,-0.0613592,-1.28236,-1.28241,2.32435,2.32895,0.331365,0.332508,3.00507,3.00353,1.45728,1.45728,-1.29315,-1.29468,
58750.8,-0.0601506,-0.0613592,-1.28236,-1.28241,2.32435,2.32895,0.331365,0.332508,3.00507,3.00353,1.45728,1.45728,-1.29315,-1.29468,
58770.7,-0.0601506,-0.0613592,-1.28236,-1.28241,2.32435,2.32895,0.331365,0.332508,3.00507,3.00353,1.45728,1.45728,-1.29315,-1.29468,
58790.8,-0.0601506,-0.0613592,-1.28236,-1.28241,2.32435,2.32895,0.331365,0.332508,3.00507,3.00353,1.45728,1.45728,-1.29315,-1.29468,
58810.8,-0.0601506,-0.0613592,-1.28236,-1.28241,2.32435,2.32895,0.331365,0.332508,3.00507,3.00353,1.45728,1.45728,-1.29315,-1.29468,
58830.8,-0.0601506,-0.0613592,-1.28236,-1.28087,2.32435,2.32895,0.331365,0.332508,3.00507,3.00353,1.45728,1.45728,-1.29315,-1.29468,
58850.8,-0.0601506,-0.0613592,-1.28236,-1.28087,2.32435,2.32895,0.331365,0.332508,3.00507,3.00353,1.45728,1.45728,-1.29315,-1.29468,
58870.8,-0.0601506,-0.0613592,-1.28236,-1.28087,2.32435,2.32895,0.331365,0.332508,3.00507,3.00353,1.45728,1.45728,-1.29315,-1.29468,
58890.8,-0.0601506,-0.0613592,-1.28236,-1.28087,2.32435,2.32895,0.331365,0.332508,3.00507,3.00353,1.45728,1.45728,-1.29315,-1.29468,
58910.8,-0.0601506,-0.0613592,-1.28236,-1.28241,2.32435,2.32895,0.331365,0.332508,3.00507,3.00353,1.45728,1.45728,-1.29315,-1.29468,
58930.8,-0.0601506,-0.0613592,-1.28236,-1.28241,2.32435,2.32895,0.331365,0.332508,3.00507,3.00353,1.45728,1.45728,-1.29315,-1.29468,
58950.8,-0.0601506,-0.0613592,-1.28236,-1.28241,2.32435,2.32895,0.331365,0.332508,3.00507,3.00353,1.45728,1.45728,-1.29315,-1.29468,
58970.8,-0.0601506,-0.0613592,-1.28236,-1.28241,2.32435,2.32895,0.331365,0.332508,3.00507,3.00353,1.45728,1.45728,-1.29315,-1.29468,
58990.8,-0.0601506,-0.0613592,-1.28236,-1.28241,2.32435,2.32895,0.331365,0.332508,3.00507,3.00353,1.45728,1.45728,-1.29315,-1.29468,
59010.8,-0.0601506,-0.0613592,-1.28236,-1.28241,2.32435,2.32895,0.331365,0.332508,3.00507,3.00353,1.45728,1.45728,-1.29315,-1.29468,
59030.8,-0.0601506,-0.0613592,-1.28236,-1.28087,2.32435,2.33048,0.331365,0.332508,3.00507,3.00353,1.45728,1.45728,-1.29315,-1.29468,
59050.8,-0.0601506,-0.0613592,-1.28236,-1.28087,2.32435,2.33048,0.331365,0.332508,3.00507,3.00353,1.45728,1.45728,-1.29315,-1.29468,
59070.8,-0.0601506,-0.0613592,-1.28236,-1.28087,2.32435,2.33048,0.331365,0.332508,3.00507,3.00353,1.45728,1.45728,-1.29315,-1.29468,
59090.8,-0.0601506,-0.0613592,-1.28236,-1.28087,2.32435,2.33048,0.331365,0.332508,3.00507,3.00353,1.45728,1.45728,-1.29315,-1.29468,
59110.7,-0.0601506,-0.0613592,-1.28236,-1.28087,2.32435,2.33048,0.331365,0.332508,3.00507,3.00353,1.45728,1.45728,-1.29315,-1.29468,
59130.7,-0.0601506,-0.0613592,-1.28236,-1.28241,2.32435,2.32895,0.331365,0.332508,3.00507,3.00353,1.45728,1.45728,-1.29315,-1.29468,
59150.7,-0.0601506,-0.0613592,-1.28236,-1.28241,2.32435,2.32895,0.331365,0.332508,3.00507,3.00353,1.45728,1.45728,-1.29315,-1.29468,
59170.8,-0.0601506,-0.0613592,-1.28236,-1.28241,2.32435,2.32895,0.331365,0.332508,3.00507,3.00353,1.45728,1.45728,-1.29315,-1.29468,
59190.7,-0.0601506,-0.0613592,-1.28236,-1.28241,2.32435,2.32895,0.331365,0.332508,3.00507,3.00353,1.45728,1.45728,-1.29315,-1.29468,
59210.7,-0.0601506,-0.0613592,-1.28236,-1.28241,2.32435,2.32895,0.331365,0.332508,3.00507,3.00353,1.45728,1.45728,-1.29315,-1.29468,
59230.8,-0.0601506,-0.0613592,-1.28236,-1.28087,2.32435,2.32895,0.331365,0.332508,3.00507,3.00353,1.45728,1.45728,-1.29315,-1.29468,
59250.8,-0.0601506,-0.0613592,-1.28236,-1.28087,2.32435,2.32895,0.331365,0.332508,3.00507,3.00353,1.45728,1.45728,-1.29315,-1.29468,
59270.8,-0.0601506,-0.0613592,-1.28236,-1.28087,2.32435,2.32895,0.331365,0.332508,3.00507,3.00353,1.45728,1.45728,-1.29315,-1.29468,
59290.8,-0.0601506,-0.0613592,-1.28236,-1.28087,2.32435,2.32895,0.331365,0.332508,3.00507,3.00353,1.45728,1.45728,-1.29315,-1.29468,
59310.7,-0.0601506,-0.0613592,-1.28236,-1.28087,2.32435,2.32895,0.331365,0.332508,3.00507,3.00353,1.45728,1.45728,-1.29315,-1.29468,
59330.8,-0.0601506,-0.0613592,-1.28236,-1.28087,2.32435,2.32895,0.331365,0.332508,3.00507,3.00353,1.45728,1.45728,-1.29315,-1.29468,
59350.8,-0.0601506,-0.0613592,-1.28236,-1.28087,2.32435,2.32895,0.331365,0.332508,3.00507,3.00353,1.45728,1.45728,-1.29315,-1.29468,
59370.8,-0.0601506,-0.0613592,-1.28236,-1.28087,2.32435,2.32895,0.331365,0.332508,3.00507,3.00353,1.45728,1.45728,-1.29315,-1.29468,
59390.8,-0.0601506,-0.0613592,-1.28236,-1.28087,2.32435,2.32895,0.331365,0.332508,3.00507,3.00353,1.45728,1.45728,-1.29315,-1.29468,
59410.8,-0.0601506,-0.0613592,-1.28236,-1.28241,2.32435,2.32895,0.331365,0.334042,3.00507,3.00353,1.45728,1.45728,-1.29315,-1.29315,
59430.8,-0.0601506,-0.0613592,-1.28236,-1.28241,2.32435,2.32895,0.331365,0.334042,3.00507,3.00353,1.45728,1.45728,-1.29315,-1.29315,
59450.8,-0.0601506,-0.0613592,-1.28236,-1.28241,2.32435,2.32895,0.331365,0.334042,3.00507,3.00353,1.45728,1.45728,-1.29315,-1.29315,
59470.8,-0.0601506,-0.0613592,-1.28236,-1.28241,2.32435,2.32895,0.331365,0.334042,3.00507,3.00353,1.45728,1.45728,-1.29315,-1.29315,
59490.8,-0.0601506,-0.0613592,-1.28236,-1.28241,2.32435,2.32895,0.331365,0.334042,3.00507,3.00353,1.45728,1.45728,-1.29315,-1.29315,
59510.9,-0.0601506,-0.0613592,-1.28236,-1.28241,2.32435,2.32895,0.331365,0.334042,3.00507,3.00353,1.45728,1.45728,-1.29315,-1.29315,
59530.8,-0.0601506,-0.0613592,-1.28236,-1.28241,2.32435,2.32895,0.331365,0.332508,3.00507,3.00353,1.45728,1.45728,-1.29315,-1.29468,
59550.8,-0.0601506,-0.0613592,-1.28236,-1.28241,2.32435,2.32895,0.331365,0.332508,3.00507,3.00353,1.45728,1.45728,-1.29315,-1.29468,
59570.8,-0.0601506,-0.0613592,-1.28236,-1.28241,2.32435,2.32895,0.331365,0.332508,3.00507,3.00353,1.45728,1.45728,-1.29315,-1.29468,
59590.8,-0.0601506,-0.0613592,-1.28236,-1.28241,2.32435,2.32895,0.331365,0.332508,3.00507,3.00353,1.45728,1.45728,-1.29315,-1.29468,
59610.7,-0.0601506,-0.0613592,-1.28236,-1.28241,2.32435,2.32895,0.331365,0.332508,3.00507,3.00353,1.45728,1.45728,-1.29315,-1.29468,
59630.8,-0.0601506,-0.0613592,-1.28236,-1.28241,2.32435,2.32895,0.331365,0.332508,3.00507,3.00353,1.45728,1.45882,-1.29315,-1.29468,
59651,-0.0601506,-0.0613592,-1.28236,-1.28241,2.32435,2.32895,0.331365,0.332508,3.00507,3.00353,1.45728,1.45882,-1.29315,-1.29468,
59670.8,-0.0601506,-0.0613592,-1.28236,-1.28241,2.32435,2.32895,0.331365,0.332508,3.00507,3.00353,1.45728,1.45882,-1.29315,-1.29468,
59690.8,-0.0601506,-0.0613592,-1.28236,-1.28241,2.32435,2.32895,0.331365,0.332508,3.00507,3.00353,1.45728,1.45882,-1.29315,-1.29468,
59710.8,-0.0601506,-0.0613592,-1.28236,-1.28241,2.32435,2.32895,0.331365,0.332508,3.00507,3.00353,1.45728,1.45882,-1.29315,-1.29468,
59730.7,-0.0601506,-0.0613592,-1.28236,-1.28241,2.32435,2.33048,0.331365,0.334042,3.00507,3.00353,1.45728,1.45728,-1.29315,-1.29468,
59750.8,-0.0601506,-0.0613592,-1.28236,-1.28241,2.32435,2.33048,0.331365,0.334042,3.00507,3.00353,1.45728,1.45728,-1.29315,-1.29468,
59770.7,-0.0601506,-0.0613592,-1.28236,-1.28241,2.32435,2.33048,0.331365,0.334042,3.00507,3.00353,1.45728,1.45728,-1.29315,-1.29468,
59790.7,-0.0601506,-0.0613592,-1.28236,-1.28241,2.32435,2.33048,0.331365,0.334042,3.00507,3.00353,1.45728,1.45728,-1.29315,-1.29468,
59810.7,-0.0601506,-0.0613592,-1.28236,-1.28241,2.32435,2.33048,0.331365,0.334042,3.00507,3.00353,1.45728,1.45728,-1.29315,-1.29468,
59830.7,-0.0601506,-0.0613592,-1.28236,-1.28241,2.32435,2.33048,0.331365,0.334042,3.00507,3.00353,1.45728,1.45728,-1.29315,-1.29468,
59850.8,-0.0601506,-0.0613592,-1.28236,-1.28241,2.32435,2.32895,0.331365,0.332508,3.00507,3.00353,1.45728,1.45728,-1.29315,-1.29468,
59870.7,-0.0601506,-0.0613592,-1.28236,-1.28241,2.32435,2.32895,0.331365,0.332508,3.00507,3.00353,1.45728,1.45728,-1.29315,-1.29468,
59890.6,-0.0601506,-0.0613592,-1.28236,-1.28241,2.32435,2.32895,0.331365,0.332508,3.00507,3.00353,1.45728,1.45728,-1.29315,-1.29468,
59910.7,-0.0601506,-0.0613592,-1.28236,-1.28241,2.32435,2.32895,0.331365,0.332508,3.00507,3.00353,1.45728,1.45728,-1.29315,-1.29468,
59930.7,-0.0601506,-0.0613592,-1.28236,-1.28241,2.32435,2.32895,0.331365,0.332508,3.00507,3.00353,1.45728,1.45728,-1.29315,-1.29468,
59950.7,-0.0601506,-0.0613592,-1.28236,-1.28241,2.32435,2.32895,0.331365,0.332508,3.00507,3.00353,1.45728,1.45728,-1.29315,-1.29468,
59970.8,-0.0601506,-0.0613592,-1.28236,-1.28241,2.32435,2.32895,0.331365,0.332508,3.00507,3.00353,1.45728,1.45728,-1.29315,-1.29468,
59990.8,-0.0601506,-0.0613592,-1.28236,-1.28241,2.32435,2.32895,0.331365,0.332508,3.00507,3.00353,1.45728,1.45728,-1.29315,-1.29468,
60010.7,-0.0601506,-0.0613592,-1.28236,-1.28241,2.32435,2.32895,0.331365,0.332508,3.00507,3.00353,1.45728,1.45728,-1.29315,-1.29468,
60030.8,-0.0601506,-0.0613592,-1.28236,-1.28241,2.32435,2.32895,0.331365,0.332508,3.00507,3.00353,1.45728,1.45728,-1.29315,-1.29468,
60050.8,-0.0601506,-0.0613592,-1.28236,-1.28241,2.32435,2.32895,0.331365,0.332508,3.00507,3.00353,1.45728,1.45728,-1.29315,-1.29468,
60070.8,-0.0601506,-0.0613592,-1.28236,-1.28241,2.32435,2.32895,0.331365,0.332508,3.00507,3.00353,1.45728,1.45728,-1.29315,-1.29468,
60090.8,-0.0601506,-0.0613592,-1.28236,-1.28241,2.32435,2.32895,0.331365,0.332508,3.00507,3.00353,1.45728,1.45728,-1.29315,-1.29468,
60110.6,-0.0601506,-0.0613592,-1.28236,-1.28241,2.32435,2.32895,0.331365,0.332508,3.00507,3.00353,1.45728,1.45728,-1.29315,-1.29315,
60130.8,-0.0601506,-0.0613592,-1.28236,-1.28241,2.32435,2.32895,0.331365,0.332508,3.00507,3.00353,1.45728,1.45728,-1.29315,-1.29315,
60150.8,-0.0601506,-0.0613592,-1.28236,-1.28241,2.32435,2.32895,0.331365,0.332508,3.00507,3.00353,1.45728,1.45728,-1.29315,-1.29315,
60170.8,-0.0601506,-0.0613592,-1.28236,-1.28241,2.32435,2.32895,0.331365,0.332508,3.00507,3.00353,1.45728,1.45728,-1.29315,-1.29315,
60190.8,-0.0601506,-0.0613592,-1.28236,-1.28241,2.32435,2.32895,0.331365,0.332508,3.00507,3.00353,1.45728,1.45728,-1.29315,-1.29315,
60210.7,-0.0601506,-0.0613592,-1.28236,-1.28241,2.32435,2.32895,0.331365,0.332508,3.00507,3.00353,1.45728,1.45728,-1.29315,-1.29468,
60230.8,-0.0601506,-0.0613592,-1.28236,-1.28241,2.32435,2.32895,0.331365,0.332508,3.00507,3.00353,1.45728,1.45728,-1.29315,-1.29468,
60250.8,-0.0601506,-0.0613592,-1.28236,-1.28241,2.32435,2.32895,0.331365,0.332508,3.00507,3.00353,1.45728,1.45728,-1.29315,-1.29468,
60270.8,-0.0601506,-0.0613592,-1.28236,-1.28241,2.32435,2.32895,0.331365,0.332508,3.00507,3.00353,1.45728,1.45728,-1.29315,-1.29468,
60290.8,-0.0601506,-0.0613592,-1.28236,-1.28241,2.32435,2.32895,0.331365,0.332508,3.00507,3.00353,1.45728,1.45728,-1.29315,-1.29468,
60310.8,-0.0601506,-0.0613592,-1.28236,-1.28241,2.32435,2.32895,0.331365,0.332508,3.00507,3.00353,1.45728,1.45728,-1.29315,-1.29468,
60330.8,-0.0601506,-0.0613592,-1.28236,-1.28241,2.32435,2.32895,0.331365,0.332508,3.00507,3.00353,1.45728,1.45728,-1.29315,-1.29468,
60350.8,-0.0601506,-0.0613592,-1.28236,-1.28241,2.32435,2.32895,0.331365,0.332508,3.00507,3.00353,1.45728,1.45728,-1.29315,-1.29468,
60370.8,-0.0601506,-0.0613592,-1.28236,-1.28241,2.32435,2.32895,0.331365,0.332508,3.00507,3.00353,1.45728,1.45728,-1.29315,-1.29468,
60390.8,-0.0601506,-0.0613592,-1.28236,-1.28241,2.32435,2.32895,0.331365,0.332508,3.00507,3.00353,1.45728,1.45728,-1.29315,-1.29468,
60410.8,-0.0601506,-0.0613592,-1.28236,-1.28241,2.32435,2.32895,0.331365,0.332508,3.00507,3.00353,1.45728,1.45728,-1.29315,-1.29468,
60430.7,-0.0601506,-0.0613592,-1.28236,-1.28241,2.32435,2.32895,0.331365,0.332508,3.00507,3.00353,1.45728,1.45728,-1.29315,-1.29468,
60450.7,-0.0601506,-0.0613592,-1.28236,-1.28241,2.32435,2.32895,0.331365,0.332508,3.00507,3.00353,1.45728,1.45728,-1.29315,-1.29468,
60470.8,-0.0601506,-0.0613592,-1.28236,-1.28241,2.32435,2.32895,0.331365,0.332508,3.00507,3.00353,1.45728,1.45728,-1.29315,-1.29468,
60490.8,-0.0601506,-0.0613592,-1.28236,-1.28241,2.32435,2.32895,0.331365,0.332508,3.00507,3.00353,1.45728,1.45728,-1.29315,-1.29468,
60510.9,-0.0601506,-0.0613592,-1.28236,-1.28241,2.32435,2.32895,0.331365,0.332508,3.00507,3.00353,1.45728,1.45728,-1.29315,-1.29468,
60530.8,-0.0601506,-0.0613592,-1.28236,-1.28241,2.32435,2.32895,0.331365,0.332508,3.00507,3.00353,1.45728,1.45728,-1.29315,-1.29468,
60550.8,-0.0601506,-0.0613592,-1.28236,-1.28241,2.32435,2.32895,0.331365,0.332508,3.00507,3.00353,1.45728,1.45728,-1.29315,-1.29468,
60570.7,-0.0601506,-0.0613592,-1.28236,-1.28241,2.32435,2.32895,0.331365,0.332508,3.00507,3.00353,1.45728,1.45728,-1.29315,-1.29468,
60590.7,-0.0601506,-0.0613592,-1.28236,-1.28241,2.32435,2.32895,0.331365,0.332508,3.00507,3.00353,1.45728,1.45728,-1.29315,-1.29468,
60610.7,-0.0601506,-0.0613592,-1.28236,-1.28241,2.32435,2.32895,0.331365,0.332508,3.00507,3.00353,1.45728,1.45728,-1.29315,-1.29468,
60630.8,-0.0601506,-0.0613592,-1.28236,-1.28241,2.32435,2.32895,0.331365,0.332508,3.00507,3.00353,1.45728,1.45728,-1.29315,-1.29468,
60650.8,-0.0601506,-0.0613592,-1.28236,-1.28241,2.32435,2.32895,0.331365,0.332508,3.00507,3.00353,1.45728,1.45728,-1.29315,-1.29468,
60670.8,-0.0601506,-0.0613592,-1.28236,-1.28241,2.32435,2.32895,0.331365,0.332508,3.00507,3.00353,1.45728,1.45728,-1.29315,-1.29468,
60690.8,-0.0601506,-0.0613592,-1.28236,-1.28241,2.32435,2.32895,0.331365,0.332508,3.00507,3.00353,1.45728,1.45728,-1.29315,-1.29468,
60710.7,-0.0601506,-0.0613592,-1.28236,-1.28241,2.32435,2.32895,0.331365,0.332508,3.00507,3.00353,1.45728,1.45728,-1.29315,-1.29468,
60730.7,-0.0601506,-0.0613592,-1.28236,-1.28087,2.32435,2.32895,0.331365,0.332508,3.00507,3.00353,1.45728,1.45728,-1.29315,-1.29468,
60750.7,-0.0601506,-0.0613592,-1.28236,-1.28087,2.32435,2.32895,0.331365,0.332508,3.00507,3.00353,1.45728,1.45728,-1.29315,-1.29468,
60770.7,-0.0601506,-0.0613592,-1.28236,-1.28087,2.32435,2.32895,0.331365,0.332508,3.00507,3.00353,1.45728,1.45728,-1.29315,-1.29468,
60790.7,-0.0601506,-0.0613592,-1.28236,-1.28087,2.32435,2.32895,0.331365,0.332508,3.00507,3.00353,1.45728,1.45728,-1.29315,-1.29468,
60810.7,-0.0601506,-0.0613592,-1.28236,-1.28087,2.32435,2.32895,0.331365,0.332508,3.00507,3.00353,1.45728,1.45728,-1.29315,-1.29468,
60830.6,-0.0601506,-0.0613592,-1.28236,-1.28241,2.32435,2.32895,0.331365,0.332508,3.00507,3.00353,1.45728,1.45728,-1.29315,-1.29468,
60850.7,-0.0601506,-0.0613592,-1.28236,-1.28241,2.32435,2.32895,0.331365,0.332508,3.00507,3.00353,1.45728,1.45728,-1.29315,-1.29468,
60870.7,-0.0601506,-0.0613592,-1.28236,-1.28241,2.32435,2.32895,0.331365,0.332508,3.00507,3.00353,1.45728,1.45728,-1.29315,-1.29468,
60890.7,-0.0601506,-0.0613592,-1.28236,-1.28241,2.32435,2.32895,0.331365,0.332508,3.00507,3.00353,1.45728,1.45728,-1.29315,-1.29468,
60910.6,-0.0601506,-0.0613592,-1.28236,-1.28241,2.32435,2.32895,0.331365,0.332508,3.00507,3.00353,1.45728,1.45728,-1.29315,-1.29468,
60930.8,-0.0601506,-0.0613592,-1.28236,-1.28241,2.32435,2.32895,0.331365,0.332508,3.00507,3.00353,1.45728,1.45728,-1.29315,-1.29468,
60950.7,-0.0601506,-0.0613592,-1.28236,-1.28241,2.32435,2.32895,0.331365,0.332508,3.00507,3.00353,1.45728,1.45728,-1.29315,-1.29468,
60970.8,-0.0601506,-0.0613592,-1.28236,-1.28241,2.32435,2.32895,0.331365,0.332508,3.00507,3.00353,1.45728,1.45728,-1.29315,-1.29468,
60990.8,-0.0601506,-0.0613592,-1.28236,-1.28241,2.32435,2.32895,0.331365,0.332508,3.00507,3.00353,1.45728,1.45728,-1.29315,-1.29468,
61010.6,-0.0601506,-0.0613592,-1.28236,-1.28241,2.32435,2.32895,0.331365,0.332508,3.00507,3.00353,1.45728,1.45728,-1.29315,-1.29315,
61030.8,-0.0601506,-0.0613592,-1.28236,-1.28241,2.32435,2.32895,0.331365,0.332508,3.00507,3.00353,1.45728,1.45728,-1.29315,-1.29315,
61050.8,-0.0601506,-0.0613592,-1.28236,-1.28241,2.32435,2.32895,0.331365,0.332508,3.00507,3.00353,1.45728,1.45728,-1.29315,-1.29315,
61070.8,-0.0601506,-0.0613592,-1.28236,-1.28241,2.32435,2.32895,0.331365,0.332508,3.00507,3.00353,1.45728,1.45728,-1.29315,-1.29315,
61090.7,-0.0601506,-0.0613592,-1.28236,-1.28241,2.32435,2.32895,0.331365,0.332508,3.00507,3.00353,1.45728,1.45728,-1.29315,-1.29315,
61110.6,-0.0601506,-0.0613592,-1.28236,-1.28241,2.32435,2.32895,0.331365,0.332508,3.00507,3.00353,1.45728,1.45728,-1.29315,-1.29315,
61130.7,-0.0601506,-0.0613592,-1.28236,-1.28241,2.32435,2.32895,0.331365,0.332508,3.00507,3.00353,1.45728,1.45728,-1.29315,-1.29468,
61150.8,-0.0601506,-0.0613592,-1.28236,-1.28241,2.32435,2.32895,0.331365,0.332508,3.00507,3.00353,1.45728,1.45728,-1.29315,-1.29468,
61170.9,-0.0601506,-0.0613592,-1.28236,-1.28241,2.32435,2.32895,0.331365,0.332508,3.00507,3.00353,1.45728,1.45728,-1.29315,-1.29468,
61190.8,-0.0601506,-0.0613592,-1.28236,-1.28241,2.32435,2.32895,0.331365,0.332508,3.00507,3.00353,1.45728,1.45728,-1.29315,-1.29468,
61210.8,-0.0601506,-0.0613592,-1.28236,-1.28241,2.32435,2.32895,0.331365,0.332508,3.00507,3.00353,1.45728,1.45728,-1.29315,-1.29468,
61230.8,-0.0601506,-0.0613592,-1.28236,-1.28241,2.32435,2.32742,0.331365,0.332508,3.00507,3.00353,1.45728,1.45728,-1.29315,-1.29468,
61250.8,-0.0601506,-0.0613592,-1.28236,-1.28241,2.32435,2.32742,0.331365,0.332508,3.00507,3.00353,1.45728,1.45728,-1.29315,-1.29468,
61270.8,-0.0601506,-0.0613592,-1.28236,-1.28241,2.32435,2.32742,0.331365,0.332508,3.00507,3.00353,1.45728,1.45728,-1.29315,-1.29468,
61290.8,-0.0601506,-0.0613592,-1.28236,-1.28241,2.32435,2.32742,0.331365,0.332508,3.00507,3.00353,1.45728,1.45728,-1.29315,-1.29468,
61310.8,-0.0601506,-0.0613592,-1.28236,-1.28241,2.32435,2.32742,0.331365,0.332508,3.00507,3.00353,1.45728,1.45728,-1.29315,-1.29315,
61330.8,-0.0601506,-0.0613592,-1.28236,-1.28241,2.32435,2.32742,0.331365,0.332508,3.00507,3.00353,1.45728,1.45728,-1.29315,-1.29315,
61350.8,-0.0601506,-0.0613592,-1.28236,-1.28241,2.32435,2.32742,0.331365,0.332508,3.00507,3.00353,1.45728,1.45728,-1.29315,-1.29315,
61370.8,-0.0601506,-0.0613592,-1.28236,-1.28241,2.32435,2.32742,0.331365,0.332508,3.00507,3.00353,1.45728,1.45728,-1.29315,-1.29315,
61390.8,-0.0601506,-0.0613592,-1.28236,-1.28241,2.32435,2.32742,0.331365,0.332508,3.00507,3.00353,1.45728,1.45728,-1.29315,-1.29315,
61410.8,-0.0601506,-0.0613592,-1.28236,-1.28087,2.32435,2.32742,0.331365,0.332508,3.00507,3.00353,1.45728,1.45728,-1.29315,-1.29468,
61430.8,-0.0601506,-0.0613592,-1.28236,-1.28087,2.32435,2.32742,0.331365,0.332508,3.00507,3.00353,1.45728,1.45728,-1.29315,-1.29468,
61450.8,-0.0601506,-0.0613592,-1.28236,-1.28087,2.32435,2.32742,0.331365,0.332508,3.00507,3.00353,1.45728,1.45728,-1.29315,-1.29468,
61470.8,-0.0601506,-0.0613592,-1.28236,-1.28087,2.32435,2.32742,0.331365,0.332508,3.00507,3.00353,1.45728,1.45728,-1.29315,-1.29468,
61490.8,-0.0601506,-0.0613592,-1.28236,-1.28087,2.32435,2.32742,0.331365,0.332508,3.00507,3.00353,1.45728,1.45728,-1.29315,-1.29468,
61510.8,-0.0601506,-0.0613592,-1.28236,-1.28087,2.32435,2.32742,0.331365,0.332508,3.00507,3.00353,1.45728,1.45728,-1.29315,-1.29468,
61530.7,-0.0601506,-0.0613592,-1.28236,-1.28241,2.32435,2.32742,0.331365,0.332508,3.00507,3.00353,1.45728,1.45728,-1.29315,-1.29315,
61550.8,-0.0601506,-0.0613592,-1.28236,-1.28241,2.32435,2.32742,0.331365,0.332508,3.00507,3.00353,1.45728,1.45728,-1.29315,-1.29315,
61570.8,-0.0601506,-0.0613592,-1.28236,-1.28241,2.32435,2.32742,0.331365,0.332508,3.00507,3.00353,1.45728,1.45728,-1.29315,-1.29315,
61590.8,-0.0601506,-0.0613592,-1.28236,-1.28241,2.32435,2.32742,0.331365,0.332508,3.00507,3.00353,1.45728,1.45728,-1.29315,-1.29315,
61610.6,-0.0601506,-0.0613592,-1.28236,-1.28241,2.32435,2.32742,0.331365,0.332508,3.00507,3.00353,1.45728,1.45728,-1.29315,-1.29315,
61630.8,-0.0601506,-0.0613592,-1.28236,-1.28241,2.32435,2.32742,0.331365,0.332508,3.00507,3.00353,1.45728,1.45728,-1.29315,-1.29468,
61650.8,-0.0601506,-0.0613592,-1.28236,-1.28241,2.32435,2.32742,0.331365,0.332508,3.00507,3.00353,1.45728,1.45728,-1.29315,-1.29468,
61670.8,-0.0601506,-0.0613592,-1.28236,-1.28241,2.32435,2.32742,0.331365,0.332508,3.00507,3.00353,1.45728,1.45728,-1.29315,-1.29468,
61690.8,-0.0601506,-0.0613592,-1.28236,-1.28241,2.32435,2.32742,0.331365,0.332508,3.00507,3.00353,1.45728,1.45728,-1.29315,-1.29468,
61710.7,-0.0601506,-0.0613592,-1.28236,-1.28241,2.32435,2.32742,0.331365,0.332508,3.00507,3.00353,1.45728,1.45728,-1.29315,-1.29468,
61730.8,-0.0601506,-0.0613592,-1.28236,-1.28241,2.32435,2.32742,0.331365,0.332508,3.00507,3.00353,1.45728,1.45728,-1.29315,-1.29468,
61750.8,-0.0601506,-0.0613592,-1.28236,-1.28241,2.32435,2.32742,0.331365,0.332508,3.00507,3.00353,1.45728,1.45728,-1.29315,-1.29468,
61770.8,-0.0601506,-0.0613592,-1.28236,-1.28241,2.32435,2.32742,0.331365,0.332508,3.00507,3.00353,1.45728,1.45728,-1.29315,-1.29468,
61790.7,-0.0601506,-0.0613592,-1.28236,-1.28241,2.32435,2.32742,0.331365,0.332508,3.00507,3.00353,1.45728,1.45728,-1.29315,-1.29468,
61810.8,-0.0601506,-0.0613592,-1.28236,-1.28241,2.32435,2.32742,0.331365,0.332508,3.00507,3.00353,1.45728,1.45728,-1.29315,-1.29468,
61830.7,-0.0601506,-0.0613592,-1.28236,-1.28241,2.32435,2.32742,0.331365,0.332508,3.00507,3.00353,1.45728,1.45728,-1.29315,-1.29468,
61850.8,-0.0601506,-0.0613592,-1.28236,-1.28241,2.32435,2.32742,0.331365,0.332508,3.00507,3.00353,1.45728,1.45728,-1.29315,-1.29468,
61870.8,-0.0601506,-0.0613592,-1.28236,-1.28241,2.32435,2.32742,0.331365,0.332508,3.00507,3.00353,1.45728,1.45728,-1.29315,-1.29468,
61890.7,-0.0601506,-0.0613592,-1.28236,-1.28241,2.32435,2.32742,0.331365,0.332508,3.00507,3.00353,1.45728,1.45728,-1.29315,-1.29468,
61910.8,-0.0601506,-0.0613592,-1.28236,-1.28241,2.32435,2.32742,0.331365,0.332508,3.00507,3.00353,1.45728,1.45728,-1.29315,-1.29468,
61930.8,-0.0601506,-0.0613592,-1.28236,-1.28241,2.32435,2.32742,0.331365,0.332508,3.00507,3.00353,1.45728,1.45728,-1.29315,-1.29468,
61950.8,-0.0601506,-0.0613592,-1.28236,-1.28241,2.32435,2.32742,0.331365,0.332508,3.00507,3.00353,1.45728,1.45728,-1.29315,-1.29468,
61970.8,-0.0601506,-0.0613592,-1.28236,-1.28241,2.32435,2.32742,0.331365,0.332508,3.00507,3.00353,1.45728,1.45728,-1.29315,-1.29468,
61990.8,-0.0601506,-0.0613592,-1.28236,-1.28241,2.32435,2.32742,0.331365,0.332508,3.00507,3.00353,1.45728,1.45728,-1.29315,-1.29468,
62010.8,-0.0601506,-0.0613592,-1.28236,-1.28241,2.32435,2.32742,0.331365,0.332508,3.00507,3.00353,1.45728,1.45728,-1.29315,-1.29468,
62030.8,-0.0601506,-0.0613592,-1.28236,-1.28241,2.32435,2.32742,0.331365,0.332508,3.00507,3.00353,1.45728,1.45728,-1.29315,-1.29468,
62050.8,-0.0601506,-0.0613592,-1.28236,-1.28241,2.32435,2.32742,0.331365,0.332508,3.00507,3.00353,1.45728,1.45728,-1.29315,-1.29468,
62070.8,-0.0601506,-0.0613592,-1.28236,-1.28241,2.32435,2.32742,0.331365,0.332508,3.00507,3.00353,1.45728,1.45728,-1.29315,-1.29468,
62090.8,-0.0601506,-0.0613592,-1.28236,-1.28241,2.32435,2.32742,0.331365,0.332508,3.00507,3.00353,1.45728,1.45728,-1.29315,-1.29468,
62110.6,-0.0601506,-0.0613592,-1.28236,-1.28241,2.32435,2.32742,0.331365,0.332508,3.00507,3.00353,1.45728,1.45728,-1.29315,-1.29315,
62130.8,-0.0601506,-0.0613592,-1.28236,-1.28241,2.32435,2.32742,0.331365,0.332508,3.00507,3.00353,1.45728,1.45728,-1.29315,-1.29315,
62150.8,-0.0601506,-0.0613592,-1.28236,-1.28241,2.32435,2.32742,0.331365,0.332508,3.00507,3.00353,1.45728,1.45728,-1.29315,-1.29315,
62170.8,-0.0601506,-0.0613592,-1.28236,-1.28241,2.32435,2.32742,0.331365,0.332508,3.00507,3.00353,1.45728,1.45728,-1.29315,-1.29315,
62190.8,-0.0601506,-0.0613592,-1.28236,-1.28241,2.32435,2.32742,0.331365,0.332508,3.00507,3.00353,1.45728,1.45728,-1.29315,-1.29315,
62210.8,-0.0601506,-0.0613592,-1.28236,-1.28241,2.32435,2.32742,0.331365,0.332508,3.00507,3.00353,1.45728,1.45728,-1.29315,-1.29468,
62230.8,-0.0601506,-0.0613592,-1.28236,-1.28241,2.32435,2.32742,0.331365,0.332508,3.00507,3.00353,1.45728,1.45728,-1.29315,-1.29468,
62250.8,-0.0601506,-0.0613592,-1.28236,-1.28241,2.32435,2.32742,0.331365,0.332508,3.00507,3.00353,1.45728,1.45728,-1.29315,-1.29468,
62270.8,-0.0601506,-0.0613592,-1.28236,-1.28241,2.32435,2.32742,0.331365,0.332508,3.00507,3.00353,1.45728,1.45728,-1.29315,-1.29468,
62290.7,-0.0601506,-0.0613592,-1.28236,-1.28241,2.32435,2.32742,0.331365,0.332508,3.00507,3.00353,1.45728,1.45728,-1.29315,-1.29468,
62310.8,-0.0601506,-0.0613592,-1.28236,-1.28241,2.32435,2.32742,0.331365,0.332508,3.00507,3.00353,1.45728,1.45728,-1.29315,-1.29468,
62330.8,-0.0601506,-0.0613592,-1.28236,-1.28241,2.32435,2.32742,0.331365,0.334042,3.00507,3.00353,1.45728,1.45728,-1.29315,-1.29468,
62350.8,-0.0601506,-0.0613592,-1.28236,-1.28241,2.32435,2.32742,0.331365,0.334042,3.00507,3.00353,1.45728,1.45728,-1.29315,-1.29468,
62370.8,-0.0601506,-0.0613592,-1.28236,-1.28241,2.32435,2.32742,0.331365,0.334042,3.00507,3.00353,1.45728,1.45728,-1.29315,-1.29468,
62390.8,-0.0601506,-0.0613592,-1.28236,-1.28241,2.32435,2.32742,0.331365,0.334042,3.00507,3.00353,1.45728,1.45728,-1.29315,-1.29468,
62410.8,-0.0601506,-0.0613592,-1.28236,-1.28241,2.32435,2.32742,0.331365,0.334042,3.00507,3.00353,1.45728,1.45728,-1.29315,-1.29468,
62430.8,-0.0601506,-0.0613592,-1.28236,-1.28241,2.32435,2.32742,0.331365,0.332508,3.00507,3.00353,1.45728,1.45882,-1.29315,-1.29468,
62450.8,-0.0601506,-0.0613592,-1.28236,-1.28241,2.32435,2.32742,0.331365,0.332508,3.00507,3.00353,1.45728,1.45882,-1.29315,-1.29468,
62470.8,-0.0601506,-0.0613592,-1.28236,-1.28241,2.32435,2.32742,0.331365,0.332508,3.00507,3.00353,1.45728,1.45882,-1.29315,-1.29468,
62490.8,-0.0601506,-0.0613592,-1.28236,-1.28241,2.32435,2.32742,0.331365,0.332508,3.00507,3.00353,1.45728,1.45882,-1.29315,-1.29468,
62510.7,-0.0601506,-0.0613592,-1.28236,-1.28241,2.32435,2.32742,0.331365,0.332508,3.00507,3.00353,1.45728,1.45728,-1.29315,-1.29468,
62530.8,-0.0601506,-0.0613592,-1.28236,-1.28241,2.32435,2.32742,0.331365,0.332508,3.00507,3.00353,1.45728,1.45728,-1.29315,-1.29468,
62550.8,-0.0601506,-0.0613592,-1.28236,-1.28241,2.32435,2.32742,0.331365,0.332508,3.00507,3.00353,1.45728,1.45728,-1.29315,-1.29468,
62570.8,-0.0601506,-0.0613592,-1.28236,-1.28241,2.32435,2.32742,0.331365,0.332508,3.00507,3.00353,1.45728,1.45728,-1.29315,-1.29468,
62590.8,-0.0601506,-0.0613592,-1.28236,-1.28241,2.32435,2.32742,0.331365,0.332508,3.00507,3.00353,1.45728,1.45728,-1.29315,-1.29468,
62610.7,-0.0601506,-0.0613592,-1.28236,-1.28241,2.32435,2.32742,0.331365,0.332508,3.00507,3.00353,1.45728,1.45728,-1.29315,-1.29468,
62630.7,-0.0601506,-0.0613592,-1.28236,-1.28241,2.32435,2.32742,0.331365,0.332508,3.00507,3.00353,1.45728,1.45728,-1.29315,-1.29468,
62650.8,-0.0601506,-0.0613592,-1.28236,-1.28241,2.32435,2.32742,0.331365,0.332508,3.00507,3.00353,1.45728,1.45728,-1.29315,-1.29468,
62670.9,-0.0601506,-0.0613592,-1.28236,-1.28241,2.32435,2.32742,0.331365,0.332508,3.00507,3.00353,1.45728,1.45728,-1.29315,-1.29468,
62690.8,-0.0601506,-0.0613592,-1.28236,-1.28241,2.32435,2.32742,0.331365,0.332508,3.00507,3.00353,1.45728,1.45728,-1.29315,-1.29468,
62710.8,-0.0601506,-0.0613592,-1.28236,-1.28241,2.32435,2.32742,0.331365,0.332508,3.00507,3.00353,1.45728,1.45728,-1.29315,-1.29468,
62730.8,-0.0601506,-0.0613592,-1.28236,-1.28241,2.32435,2.32742,0.331365,0.332508,3.00507,3.00353,1.45728,1.45728,-1.29315,-1.29468,
62750.8,-0.0601506,-0.0613592,-1.28236,-1.28241,2.32435,2.32742,0.331365,0.332508,3.00507,3.00353,1.45728,1.45728,-1.29315,-1.29468,
62770.8,-0.0601506,-0.0613592,-1.28236,-1.28241,2.32435,2.32742,0.331365,0.332508,3.00507,3.00353,1.45728,1.45728,-1.29315,-1.29468,
62790.8,-0.0601506,-0.0613592,-1.28236,-1.28241,2.32435,2.32742,0.331365,0.332508,3.00507,3.00353,1.45728,1.45728,-1.29315,-1.29468,
62810.8,-0.0601506,-0.0613592,-1.28236,-1.28241,2.32435,2.32742,0.331365,0.332508,3.00507,3.00353,1.45728,1.45728,-1.29315,-1.29468,
62830.8,-0.0601506,-0.0613592,-1.28236,-1.28087,2.32435,2.32742,0.331365,0.332508,3.00507,3.00353,1.45728,1.45728,-1.29315,-1.29468,
62850.8,-0.0601506,-0.0613592,-1.28236,-1.28087,2.32435,2.32742,0.331365,0.332508,3.00507,3.00353,1.45728,1.45728,-1.29315,-1.29468,
62870.8,-0.0601506,-0.0613592,-1.28236,-1.28087,2.32435,2.32742,0.331365,0.332508,3.00507,3.00353,1.45728,1.45728,-1.29315,-1.29468,
62890.8,-0.0601506,-0.0613592,-1.28236,-1.28087,2.32435,2.32742,0.331365,0.332508,3.00507,3.00353,1.45728,1.45728,-1.29315,-1.29468,
62910.8,-0.0601506,-0.0613592,-1.28236,-1.28241,2.32435,2.32742,0.331365,0.334042,3.00507,3.00353,1.45728,1.45728,-1.29315,-1.29468,
62930.8,-0.0601506,-0.0613592,-1.28236,-1.28241,2.32435,2.32742,0.331365,0.334042,3.00507,3.00353,1.45728,1.45728,-1.29315,-1.29468,
62950.8,-0.0601506,-0.0613592,-1.28236,-1.28241,2.32435,2.32742,0.331365,0.334042,3.00507,3.00353,1.45728,1.45728,-1.29315,-1.29468,
62970.8,-0.0601506,-0.0613592,-1.28236,-1.28241,2.32435,2.32742,0.331365,0.334042,3.00507,3.00353,1.45728,1.45728,-1.29315,-1.29468,
62990.8,-0.0601506,-0.0613592,-1.28236,-1.28241,2.32435,2.32742,0.331365,0.334042,3.00507,3.00353,1.45728,1.45728,-1.29315,-1.29468,
63010.8,-0.0601506,-0.0613592,-1.28236,-1.28241,2.32435,2.32742,0.331365,0.332508,3.00507,3.00353,1.45728,1.45728,-1.29315,-1.29468,
63030.8,-0.0601506,-0.0613592,-1.28236,-1.28241,2.32435,2.32742,0.331365,0.332508,3.00507,3.00353,1.45728,1.45728,-1.29315,-1.29468,
63050.8,-0.0601506,-0.0613592,-1.28236,-1.28241,2.32435,2.32742,0.331365,0.332508,3.00507,3.00353,1.45728,1.45728,-1.29315,-1.29468,
63070.8,-0.0601506,-0.0613592,-1.28236,-1.28241,2.32435,2.32742,0.331365,0.332508,3.00507,3.00353,1.45728,1.45728,-1.29315,-1.29468,
63090.8,-0.0601506,-0.0613592,-1.28236,-1.28241,2.32435,2.32742,0.331365,0.332508,3.00507,3.00353,1.45728,1.45728,-1.29315,-1.29468,
63110.8,-0.0601506,-0.0613592,-1.28236,-1.28241,2.32435,2.32742,0.331365,0.332508,3.00507,3.00353,1.45728,1.45728,-1.29315,-1.29468,
63130.7,-0.0601506,-0.0613592,-1.28236,-1.28241,2.32435,2.32742,0.331365,0.332508,3.00507,3.00353,1.45728,1.45728,-1.29315,-1.29468,
63150.8,-0.0601506,-0.0613592,-1.28236,-1.28241,2.32435,2.32742,0.331365,0.332508,3.00507,3.00353,1.45728,1.45728,-1.29315,-1.29468,
63170.8,-0.0601506,-0.0613592,-1.28236,-1.28241,2.32435,2.32742,0.331365,0.332508,3.00507,3.00353,1.45728,1.45728,-1.29315,-1.29468,
63190.8,-0.0601506,-0.0613592,-1.28236,-1.28241,2.32435,2.32742,0.331365,0.332508,3.00507,3.00353,1.45728,1.45728,-1.29315,-1.29468,
63210.8,-0.0601506,-0.0613592,-1.28236,-1.28241,2.32435,2.32742,0.331365,0.332508,3.00507,3.00353,1.45728,1.45728,-1.29315,-1.29468,
63230.8,-0.0601506,-0.0613592,-1.28236,-1.28241,2.32435,2.32742,0.331365,0.332508,3.00507,3.00353,1.45728,1.45728,-1.29315,-1.29468,
63250.8,-0.0601506,-0.0613592,-1.28236,-1.28241,2.32435,2.32742,0.331365,0.332508,3.00507,3.00353,1.45728,1.45728,-1.29315,-1.29468,
63270.8,-0.0601506,-0.0613592,-1.28236,-1.28241,2.32435,2.32742,0.331365,0.332508,3.00507,3.00353,1.45728,1.45728,-1.29315,-1.29468,
63290.8,-0.0601506,-0.0613592,-1.28236,-1.28241,2.32435,2.32742,0.331365,0.332508,3.00507,3.00353,1.45728,1.45728,-1.29315,-1.29468,
63310.8,-0.0601506,-0.0613592,-1.28236,-1.28241,2.32435,2.32435,0.331365,0.332508,3.00507,3.00353,1.45728,1.45728,-1.29315,-1.29315,
63330.8,-0.0601506,-0.0613592,-1.28236,-1.28241,2.32435,2.32435,0.331365,0.332508,3.00507,3.00353,1.45728,1.45728,-1.29315,-1.29315,
63350.8,-0.0601506,-0.0613592,-1.28236,-1.28241,2.32435,2.32435,0.331365,0.332508,3.00507,3.00353,1.45728,1.45728,-1.29315,-1.29315,
63370.8,-0.0601506,-0.0613592,-1.28236,-1.28241,2.32435,2.32435,0.331365,0.332508,3.00507,3.00353,1.45728,1.45728,-1.29315,-1.29315,
63390.8,-0.0601506,-0.0613592,-1.28236,-1.28241,2.32435,2.32435,0.331365,0.332508,3.00507,3.00353,1.45728,1.45728,-1.29315,-1.29315,
63410.8,-0.0601506,-0.0613592,-1.28236,-1.28241,2.32435,2.31514,0.331365,0.332508,3.00507,3.00353,1.45728,1.45728,-1.29315,-1.29468,
63430.8,-0.0601506,-0.0613592,-1.28236,-1.28241,2.32435,2.31514,0.331365,0.332508,3.00507,3.00353,1.45728,1.45728,-1.29315,-1.29468,
63450.8,-0.0601506,-0.0613592,-1.28236,-1.28241,2.32435,2.31514,0.331365,0.332508,3.00507,3.00353,1.45728,1.45728,-1.29315,-1.29468,
63470.8,-0.0601506,-0.0613592,-1.28236,-1.28241,2.32435,2.31514,0.331365,0.332508,3.00507,3.00353,1.45728,1.45728,-1.29315,-1.29468,
63490.7,-0.0601506,-0.0613592,-1.28236,-1.28241,2.32435,2.31514,0.331365,0.332508,3.00507,3.00353,1.45728,1.45728,-1.29315,-1.29468,
63510.8,-0.0601506,-0.0613592,-1.28236,-1.28241,2.32435,2.31514,0.331365,0.332508,3.00507,3.00353,1.45728,1.45728,-1.29315,-1.29468,
63530.8,-0.0601506,-0.0613592,-1.28236,-1.28241,2.31361,2.31361,0.331365,0.332508,3.00507,3.00353,1.45728,1.45728,-1.29315,-1.29315,
63550.8,-0.0601506,-0.0613592,-1.28236,-1.28241,2.31361,2.31361,0.331365,0.332508,3.00507,3.00353,1.45728,1.45728,-1.29315,-1.29315,
63570.7,-0.0601506,-0.0613592,-1.28236,-1.28241,2.31361,2.31361,0.331365,0.332508,3.00507,3.00353,1.45728,1.45728,-1.29315,-1.29315,
63590.8,-0.0601506,-0.0613592,-1.28236,-1.28241,2.31361,2.31361,0.331365,0.332508,3.00507,3.00353,1.45728,1.45728,-1.29315,-1.29315,
63610.7,-0.0601506,-0.0613592,-1.28236,-1.28241,2.31361,2.31361,0.331365,0.332508,3.00507,3.00353,1.45728,1.45728,-1.29315,-1.29315,
63630.7,-0.0601506,-0.0613592,-1.28236,-1.28241,2.31361,2.31208,0.331365,0.332508,3.00507,3.00353,1.45728,1.45728,-1.29315,-1.29468,
63650.8,-0.0601506,-0.0613592,-1.28236,-1.28241,2.31361,2.31208,0.331365,0.332508,3.00507,3.00353,1.45728,1.45728,-1.29315,-1.29468,
63670.8,-0.0601506,-0.0613592,-1.28236,-1.28241,2.31361,2.31208,0.331365,0.332508,3.00507,3.00353,1.45728,1.45728,-1.29315,-1.29468,
63690.8,-0.0601506,-0.0613592,-1.28236,-1.28241,2.31361,2.31208,0.331365,0.332508,3.00507,3.00353,1.45728,1.45728,-1.29315,-1.29468,
63710.7,-0.0601506,-0.0613592,-1.28236,-1.28241,2.31361,2.31208,0.331365,0.332508,3.00507,3.00353,1.45728,1.45728,-1.29315,-1.29468,
63730.8,-0.0601506,-0.0613592,-1.28236,-1.28241,2.31361,2.31361,0.331365,0.332508,3.00507,3.00353,1.45728,1.45728,-1.29315,-1.29468,
63750.8,-0.0601506,-0.0613592,-1.28236,-1.28241,2.31361,2.31361,0.331365,0.332508,3.00507,3.00353,1.45728,1.45728,-1.29315,-1.29468,
63770.8,-0.0601506,-0.0613592,-1.28236,-1.28241,2.31361,2.31361,0.331365,0.332508,3.00507,3.00353,1.45728,1.45728,-1.29315,-1.29468,
63790.8,-0.0601506,-0.0613592,-1.28236,-1.28241,2.31361,2.31361,0.331365,0.332508,3.00507,3.00353,1.45728,1.45728,-1.29315,-1.29468,
63810.8,-0.0601506,-0.0613592,-1.28236,-1.28087,2.31361,2.31208,0.331365,0.332508,3.00507,3.00353,1.45728,1.45728,-1.29315,-1.29468,
63830.8,-0.0601506,-0.0613592,-1.28236,-1.28087,2.31361,2.31208,0.331365,0.332508,3.00507,3.00353,1.45728,1.45728,-1.29315,-1.29468,
63850.8,-0.0601506,-0.0613592,-1.28236,-1.28087,2.31361,2.31208,0.331365,0.332508,3.00507,3.00353,1.45728,1.45728,-1.29315,-1.29468,
63870.7,-0.0601506,-0.0613592,-1.28236,-1.28087,2.31361,2.31208,0.331365,0.332508,3.00507,3.00353,1.45728,1.45728,-1.29315,-1.29468,
63890.8,-0.0601506,-0.0613592,-1.28236,-1.28087,2.31361,2.31208,0.331365,0.332508,3.00507,3.00353,1.45728,1.45728,-1.29315,-1.29468,
63910.8,-0.0601506,-0.0613592,-1.28236,-1.28087,2.31361,2.31208,0.331365,0.332508,3.00507,3.00353,1.45728,1.45728,-1.29315,-1.29468,
63930.8,-0.0601506,-0.0613592,-1.28236,-1.28241,2.31361,2.31208,0.331365,0.332508,3.00507,3.00353,1.45728,1.45728,-1.29315,-1.29468,
63950.8,-0.0601506,-0.0613592,-1.28236,-1.28241,2.31361,2.31208,0.331365,0.332508,3.00507,3.00353,1.45728,1.45728,-1.29315,-1.29468,
63970.8,-0.0601506,-0.0613592,-1.28236,-1.28241,2.31361,2.31208,0.331365,0.332508,3.00507,3.00353,1.45728,1.45728,-1.29315,-1.29468,
63990.8,-0.0601506,-0.0613592,-1.28236,-1.28241,2.31361,2.31208,0.331365,0.332508,3.00507,3.00353,1.45728,1.45728,-1.29315,-1.29468,
64010.8,-0.0601506,-0.0613592,-1.28236,-1.28241,2.31361,2.31208,0.331365,0.332508,3.00507,3.00353,1.45728,1.45728,-1.29315,-1.29468,
64030.8,-0.0601506,-0.0613592,-1.28236,-1.28241,2.31361,2.31208,0.331365,0.332508,3.00507,3.00353,1.45728,1.45728,-1.29315,-1.29468,
64050.8,-0.0601506,-0.0613592,-1.28236,-1.28241,2.31361,2.31208,0.331365,0.332508,3.00507,3.00353,1.45728,1.45728,-1.29315,-1.29468,
64070.7,-0.0601506,-0.0613592,-1.28236,-1.28241,2.31361,2.31208,0.331365,0.332508,3.00507,3.00353,1.45728,1.45728,-1.29315,-1.29468,
64090.8,-0.0601506,-0.0613592,-1.28236,-1.28241,2.31361,2.31208,0.331365,0.332508,3.00507,3.00353,1.45728,1.45728,-1.29315,-1.29468,
64110.6,-0.0601506,-0.0613592,-1.28236,-1.28241,2.31361,2.31208,0.331365,0.332508,3.00507,3.00353,1.45728,1.45728,-1.29315,-1.29468,
64130.8,-0.0601506,-0.0613592,-1.28236,-1.28241,2.31361,2.31208,0.331365,0.332508,3.00507,3.00353,1.45728,1.45728,-1.29315,-1.29468,
64150.8,-0.0601506,-0.0613592,-1.28236,-1.28241,2.31361,2.31208,0.331365,0.332508,3.00507,3.00353,1.45728,1.45728,-1.29315,-1.29468,
64170.8,-0.0601506,-0.0613592,-1.28236,-1.28241,2.31361,2.31208,0.331365,0.332508,3.00507,3.00353,1.45728,1.45728,-1.29315,-1.29468,
64190.8,-0.0601506,-0.0613592,-1.28236,-1.28241,2.31361,2.31208,0.331365,0.332508,3.00507,3.00353,1.45728,1.45728,-1.29315,-1.29468,
64210.8,-0.0601506,-0.0613592,-1.28236,-1.28087,2.31361,2.31208,0.331365,0.332508,3.00507,3.00353,1.45728,1.45728,-1.29315,-1.29468,
64230.8,-0.0601506,-0.0613592,-1.28236,-1.28087,2.31361,2.31208,0.331365,0.332508,3.00507,3.00353,1.45728,1.45728,-1.29315,-1.29468,
64250.8,-0.0601506,-0.0613592,-1.28236,-1.28087,2.31361,2.31208,0.331365,0.332508,3.00507,3.00353,1.45728,1.45728,-1.29315,-1.29468,
64270.8,-0.0601506,-0.0613592,-1.28236,-1.28087,2.31361,2.31208,0.331365,0.332508,3.00507,3.00353,1.45728,1.45728,-1.29315,-1.29468,
64290.8,-0.0601506,-0.0613592,-1.28236,-1.28087,2.31361,2.31208,0.331365,0.332508,3.00507,3.00353,1.45728,1.45728,-1.29315,-1.29468,
64310.8,-0.0601506,-0.0613592,-1.28236,-1.28087,2.31361,2.31208,0.331365,0.332508,3.00507,3.00353,1.45728,1.45728,-1.29315,-1.29468,
64330.8,-0.0601506,-0.0613592,-1.28236,-1.28241,2.31361,2.31208,0.331365,0.332508,3.00507,3.00353,1.45728,1.45728,-1.29315,-1.29468,
64350.8,-0.0601506,-0.0613592,-1.28236,-1.28241,2.31361,2.31208,0.331365,0.332508,3.00507,3.00353,1.45728,1.45728,-1.29315,-1.29468,
64370.8,-0.0601506,-0.0613592,-1.28236,-1.28241,2.31361,2.31208,0.331365,0.332508,3.00507,3.00353,1.45728,1.45728,-1.29315,-1.29468,
64390.8,-0.0601506,-0.0613592,-1.28236,-1.28241,2.31361,2.31208,0.331365,0.332508,3.00507,3.00353,1.45728,1.45728,-1.29315,-1.29468,
64410.8,-0.0601506,-0.0613592,-1.28236,-1.28241,2.31361,2.31208,0.331365,0.332508,3.00507,3.00353,1.45728,1.45728,-1.29315,-1.29468,
64430.7,-0.0601506,-0.0613592,-1.28236,-1.28241,2.31361,2.31208,0.331365,0.334042,3.00507,3.00353,1.45728,1.45728,-1.29315,-1.29468,
64450.8,-0.0601506,-0.0613592,-1.28236,-1.28241,2.31361,2.31208,0.331365,0.334042,3.00507,3.00353,1.45728,1.45728,-1.29315,-1.29468,
64470.8,-0.0601506,-0.0613592,-1.28236,-1.28241,2.31361,2.31208,0.331365,0.334042,3.00507,3.00353,1.45728,1.45728,-1.29315,-1.29468,
64490.8,-0.0601506,-0.0613592,-1.28236,-1.28241,2.31361,2.31208,0.331365,0.334042,3.00507,3.00353,1.45728,1.45728,-1.29315,-1.29468,
64510.7,-0.0601506,-0.0613592,-1.28236,-1.28241,2.31361,2.31208,0.331365,0.334042,3.00507,3.00353,1.45728,1.45728,-1.29315,-1.29468,
64530.7,-0.0601506,-0.0613592,-1.28236,-1.28241,2.31361,2.31208,0.331365,0.332508,3.00507,3.00353,1.45728,1.45728,-1.29315,-1.29468,
64550.8,-0.0601506,-0.0613592,-1.28236,-1.28241,2.31361,2.31208,0.331365,0.332508,3.00507,3.00353,1.45728,1.45728,-1.29315,-1.29468,
64570.7,-0.0601506,-0.0613592,-1.28236,-1.28241,2.31361,2.31208,0.331365,0.332508,3.00507,3.00353,1.45728,1.45728,-1.29315,-1.29468,
64590.8,-0.0601506,-0.0613592,-1.28236,-1.28241,2.31361,2.31208,0.331365,0.332508,3.00507,3.00353,1.45728,1.45728,-1.29315,-1.29468,
64610.6,-0.0601506,-0.0613592,-1.28236,-1.28241,2.31361,2.31208,0.331365,0.332508,3.00507,3.00353,1.45728,1.45728,-1.29315,-1.29468,
64630.7,-0.0601506,-0.0613592,-1.28236,-1.28241,2.31361,2.31361,0.331365,0.332508,3.00507,3.00353,1.45728,1.45728,-1.29315,-1.29468,
64650.8,-0.0601506,-0.0613592,-1.28236,-1.28241,2.31361,2.31361,0.331365,0.332508,3.00507,3.00353,1.45728,1.45728,-1.29315,-1.29468,
64670.8,-0.0601506,-0.0613592,-1.28236,-1.28241,2.31361,2.31361,0.331365,0.332508,3.00507,3.00353,1.45728,1.45728,-1.29315,-1.29468,
64690.8,-0.0601506,-0.0613592,-1.28236,-1.28241,2.31361,2.31361,0.331365,0.332508,3.00507,3.00353,1.45728,1.45728,-1.29315,-1.29468,
64710.7,-0.0601506,-0.0613592,-1.28236,-1.28241,2.31361,2.31361,0.331365,0.332508,3.00507,3.00353,1.45728,1.45728,-1.29315,-1.29468,
64730.7,-0.0601506,-0.0613592,-1.28236,-1.28241,2.31361,2.31361,0.331365,0.332508,3.00507,3.00353,1.45728,1.45728,-1.29315,-1.29468,
64750.7,-0.0601506,-0.0613592,-1.28236,-1.28241,2.31361,2.31208,0.331365,0.334042,3.00507,3.00353,1.45728,1.45728,-1.29315,-1.29315,
64770.7,-0.0601506,-0.0613592,-1.28236,-1.28241,2.31361,2.31208,0.331365,0.334042,3.00507,3.00353,1.45728,1.45728,-1.29315,-1.29315,
64790.7,-0.0601506,-0.0613592,-1.28236,-1.28241,2.31361,2.31208,0.331365,0.334042,3.00507,3.00353,1.45728,1.45728,-1.29315,-1.29315,
64810.8,-0.0601506,-0.0613592,-1.28236,-1.28241,2.31361,2.31208,0.331365,0.334042,3.00507,3.00353,1.45728,1.45728,-1.29315,-1.29315,
64830.8,-0.0601506,-0.0613592,-1.28236,-1.28241,2.31361,2.31208,0.331365,0.332508,3.00507,3.00353,1.45728,1.45728,-1.29315,-1.29468,
64850.8,-0.0601506,-0.0613592,-1.28236,-1.28241,2.31361,2.31208,0.331365,0.332508,3.00507,3.00353,1.45728,1.45728,-1.29315,-1.29468,
64870.8,-0.0601506,-0.0613592,-1.28236,-1.28241,2.31361,2.31208,0.331365,0.332508,3.00507,3.00353,1.45728,1.45728,-1.29315,-1.29468,
64890.7,-0.0601506,-0.0613592,-1.28236,-1.28241,2.31361,2.31208,0.331365,0.332508,3.00507,3.00353,1.45728,1.45728,-1.29315,-1.29468,
64910.7,-0.0601506,-0.0613592,-1.28236,-1.28241,2.31361,2.31361,0.331365,0.334042,3.00507,3.00353,1.45728,1.45728,-1.29315,-1.29468,
64930.8,-0.0601506,-0.0613592,-1.28236,-1.28241,2.31361,2.31361,0.331365,0.334042,3.00507,3.00353,1.45728,1.45728,-1.29315,-1.29468,
64950.8,-0.0601506,-0.0613592,-1.28236,-1.28241,2.31361,2.31361,0.331365,0.334042,3.00507,3.00353,1.45728,1.45728,-1.29315,-1.29468,
64970.8,-0.0601506,-0.0613592,-1.28236,-1.28241,2.31361,2.31361,0.331365,0.334042,3.00507,3.00353,1.45728,1.45728,-1.29315,-1.29468,
64990.8,-0.0601506,-0.0613592,-1.28236,-1.28241,2.31361,2.31361,0.331365,0.334042,3.00507,3.00353,1.45728,1.45728,-1.29315,-1.29468,
65010.8,-0.0601506,-0.0613592,-1.28236,-1.28241,2.31361,2.31208,0.331365,0.332508,3.00507,3.00353,1.45728,1.45728,-1.29315,-1.29468,
65030.8,-0.0601506,-0.0613592,-1.28236,-1.28241,2.31361,2.31208,0.331365,0.332508,3.00507,3.00353,1.45728,1.45728,-1.29315,-1.29468,
65050.8,-0.0601506,-0.0613592,-1.28236,-1.28241,2.31361,2.31208,0.331365,0.332508,3.00507,3.00353,1.45728,1.45728,-1.29315,-1.29468,
65070.7,-0.0601506,-0.0613592,-1.28236,-1.28241,2.31361,2.31208,0.331365,0.332508,3.00507,3.00353,1.45728,1.45728,-1.29315,-1.29468,
65090.8,-0.0601506,-0.0613592,-1.28236,-1.28241,2.31361,2.31208,0.331365,0.332508,3.00507,3.00353,1.45728,1.45728,-1.29315,-1.29468,
65110.8,-0.0601506,-0.0613592,-1.28236,-1.28241,2.31361,2.31208,0.331365,0.332508,3.00507,3.00353,1.45728,1.45728,-1.29315,-1.29468,
65130.8,-0.0601506,-0.0613592,-1.28236,-1.28241,2.31361,2.31208,0.331365,0.332508,3.00507,3.00353,1.45728,1.45728,-1.29315,-1.29468,
65150.8,-0.0601506,-0.0613592,-1.28236,-1.28241,2.31361,2.31361,0.331365,0.332508,3.00507,3.00353,1.45728,1.45728,-1.29315,-1.29468,
65170.8,-0.0601506,-0.0613592,-1.28236,-1.28241,2.31361,2.31361,0.331365,0.332508,3.00507,3.00353,1.45728,1.45728,-1.29315,-1.29468,
65190.8,-0.0601506,-0.0613592,-1.28236,-1.28241,2.31361,2.31361,0.331365,0.332508,3.00507,3.00353,1.45728,1.45728,-1.29315,-1.29468,
65210.7,-0.0601506,-0.0613592,-1.28236,-1.28241,2.31361,2.31361,0.331365,0.332508,3.00507,3.00353,1.45728,1.45728,-1.29315,-1.29468,
65230.8,-0.0601506,-0.0613592,-1.28236,-1.28241,2.31361,2.31361,0.331365,0.334042,3.00507,3.00353,1.45728,1.45728,-1.29315,-1.29468,
65250.8,-0.0601506,-0.0613592,-1.28236,-1.28241,2.31361,2.31361,0.331365,0.334042,3.00507,3.00353,1.45728,1.45728,-1.29315,-1.29468,
65270.8,-0.0601506,-0.0613592,-1.28236,-1.28241,2.31361,2.31361,0.331365,0.334042,3.00507,3.00353,1.45728,1.45728,-1.29315,-1.29468,
65290.8,-0.0601506,-0.0613592,-1.28236,-1.28241,2.31361,2.31361,0.331365,0.334042,3.00507,3.00353,1.45728,1.45728,-1.29315,-1.29468,
65310.8,-0.0601506,-0.0613592,-1.28236,-1.28241,2.31361,2.31361,0.331365,0.332508,3.00507,3.00353,1.45728,1.45728,-1.29315,-1.29468,
65330.9,-0.0601506,-0.0613592,-1.28236,-1.28241,2.31361,2.31361,0.331365,0.332508,3.00507,3.00353,1.45728,1.45728,-1.29315,-1.29468,
65350.8,-0.0601506,-0.0613592,-1.28236,-1.28241,2.31361,2.31361,0.331365,0.332508,3.00507,3.00353,1.45728,1.45728,-1.29315,-1.29468,
65370.8,-0.0601506,-0.0613592,-1.28236,-1.28241,2.31361,2.31361,0.331365,0.332508,3.00507,3.00353,1.45728,1.45728,-1.29315,-1.29468,
65390.8,-0.0601506,-0.0613592,-1.28236,-1.28241,2.31361,2.31361,0.331365,0.332508,3.00507,3.00353,1.45728,1.45728,-1.29315,-1.29468,
65410.7,-0.0601506,-0.0613592,-1.28236,-1.28241,2.31361,2.31208,0.331365,0.332508,3.00507,3.00353,1.45728,1.45728,-1.29315,-1.29468,
65430.7,-0.0601506,-0.0613592,-1.28236,-1.28241,2.31361,2.31208,0.331365,0.332508,3.00507,3.00353,1.45728,1.45728,-1.29315,-1.29468,
65450.8,-0.0601506,-0.0613592,-1.28236,-1.28241,2.31361,2.31208,0.331365,0.332508,3.00507,3.00353,1.45728,1.45728,-1.29315,-1.29468,
65470.8,-0.0601506,-0.0613592,-1.28236,-1.28241,2.31361,2.31208,0.331365,0.332508,3.00507,3.00353,1.45728,1.45728,-1.29315,-1.29468,
65490.8,-0.0601506,-0.0613592,-1.28236,-1.28241,2.31361,2.31208,0.331365,0.332508,3.00507,3.00353,1.45728,1.45728,-1.29315,-1.29468,
65510.8,-0.0601506,-0.0613592,-1.28236,-1.28241,2.31361,2.31208,0.331365,0.332508,3.00507,3.00353,1.45728,1.45728,-1.29315,-1.29468,
65530.8,-0.0601506,-0.0613592,-1.28236,-1.28241,2.31361,2.31208,0.331365,0.332508,3.00507,3.00353,1.45728,1.45728,-1.29315,-1.29468,
65550.8,-0.0601506,-0.0613592,-1.28236,-1.28241,2.31361,2.31208,0.331365,0.332508,3.00507,3.00353,1.45728,1.45728,-1.29315,-1.29468,
65570.7,-0.0601506,-0.0613592,-1.28236,-1.28241,2.31361,2.31208,0.331365,0.332508,3.00507,3.00353,1.45728,1.45728,-1.29315,-1.29468,
65590.7,-0.0601506,-0.0613592,-1.28236,-1.28241,2.31361,2.31208,0.331365,0.332508,3.00507,3.00353,1.45728,1.45728,-1.29315,-1.29468,
65610.7,-0.0601506,-0.0613592,-1.28236,-1.28241,2.31361,2.31208,0.331365,0.332508,3.00507,3.00353,1.45728,1.45728,-1.29315,-1.29468,
65630.7,-0.0601506,-0.0613592,-1.28236,-1.28241,2.31361,2.31361,0.331365,0.332508,3.00507,3.00353,1.45728,1.45728,-1.29315,-1.29468,
65650.7,-0.0601506,-0.0613592,-1.28236,-1.28241,2.31361,2.31361,0.331365,0.332508,3.00507,3.00353,1.45728,1.45728,-1.29315,-1.29468,
65670.6,-0.0601506,-0.0613592,-1.28236,-1.28241,2.31361,2.31361,0.331365,0.332508,3.00507,3.00353,1.45728,1.45728,-1.29315,-1.29468,
65690.7,-0.0601506,-0.0613592,-1.28236,-1.28241,2.31361,2.31361,0.331365,0.332508,3.00507,3.00353,1.45728,1.45728,-1.29315,-1.29468,
65710.7,-0.0601506,-0.0613592,-1.28236,-1.28241,2.31361,2.31361,0.331365,0.332508,3.00507,3.00353,1.45728,1.45728,-1.29315,-1.29468,
65730.7,-0.0601506,-0.0613592,-1.28236,-1.28241,2.31361,2.31208,0.331365,0.332508,3.00507,3.00353,1.45728,1.45728,-1.29315,-1.29315,
65750.7,-0.0601506,-0.0613592,-1.28236,-1.28241,2.31361,2.31208,0.331365,0.332508,3.00507,3.00353,1.45728,1.45728,-1.29315,-1.29315,
65770.7,-0.0601506,-0.0613592,-1.28236,-1.28241,2.31361,2.31208,0.331365,0.332508,3.00507,3.00353,1.45728,1.45728,-1.29315,-1.29315,
65790.6,-0.0601506,-0.0613592,-1.28236,-1.28241,2.31361,2.31208,0.331365,0.332508,3.00507,3.00353,1.45728,1.45728,-1.29315,-1.29315,
65810.7,-0.0601506,-0.0613592,-1.28236,-1.28241,2.31361,2.31208,0.331365,0.332508,3.00507,3.00353,1.45728,1.45728,-1.29315,-1.29315,
65830.6,-0.0601506,-0.0613592,-1.28236,-1.28087,2.31361,2.31208,0.331365,0.332508,3.00507,3.00353,1.45728,1.45728,-1.29315,-1.29468,
65850.7,-0.0601506,-0.0613592,-1.28236,-1.28087,2.31361,2.31208,0.331365,0.332508,3.00507,3.00353,1.45728,1.45728,-1.29315,-1.29468,
65870.7,-0.0601506,-0.0613592,-1.28236,-1.28087,2.31361,2.31208,0.331365,0.332508,3.00507,3.00353,1.45728,1.45728,-1.29315,-1.29468,
65890.7,-0.0601506,-0.0613592,-1.28236,-1.28087,2.31361,2.31208,0.331365,0.332508,3.00507,3.00353,1.45728,1.45728,-1.29315,-1.29468,
65910.7,-0.0601506,-0.0613592,-1.28236,-1.28087,2.31361,2.31208,0.331365,0.332508,3.00507,3.00353,1.45728,1.45728,-1.29315,-1.29468,
65930.7,-0.0601506,-0.0613592,-1.28236,-1.28241,2.31361,2.31208,0.331365,0.332508,3.00507,3.00353,1.45728,1.45728,-1.29315,-1.29468,
65950.7,-0.0601506,-0.0613592,-1.28236,-1.28241,2.31361,2.31208,0.331365,0.332508,3.00507,3.00353,1.45728,1.45728,-1.29315,-1.29468,
65970.7,-0.0601506,-0.0613592,-1.28236,-1.28241,2.31361,2.31208,0.331365,0.332508,3.00507,3.00353,1.45728,1.45728,-1.29315,-1.29468,
65990.6,-0.0601506,-0.0613592,-1.28236,-1.28241,2.31361,2.31208,0.331365,0.332508,3.00507,3.00353,1.45728,1.45728,-1.29315,-1.29468,
66010.7,-0.0601506,-0.0613592,-1.28236,-1.28241,2.31361,2.31208,0.331365,0.332508,3.00507,3.00353,1.45728,1.45728,-1.29315,-1.29468,
66030.7,-0.0601506,-0.0613592,-1.28236,-1.28241,2.31361,2.31208,0.331365,0.334042,3.00507,3.00353,1.45728,1.45728,-1.29315,-1.29468,
66050.8,-0.0601506,-0.0613592,-1.28236,-1.28241,2.31361,2.31208,0.331365,0.334042,3.00507,3.00353,1.45728,1.45728,-1.29315,-1.29468,
66070.7,-0.0601506,-0.0613592,-1.28236,-1.28241,2.31361,2.31208,0.331365,0.334042,3.00507,3.00353,1.45728,1.45728,-1.29315,-1.29468,
66090.8,-0.0601506,-0.0613592,-1.28236,-1.28241,2.31361,2.31208,0.331365,0.334042,3.00507,3.00353,1.45728,1.45728,-1.29315,-1.29468,
66110.7,-0.0601506,-0.0613592,-1.28236,-1.28087,2.31361,2.31208,0.331365,0.332508,3.00507,3.00353,1.45728,1.45728,-1.29315,-1.29468,
66130.8,-0.0601506,-0.0613592,-1.28236,-1.28087,2.31361,2.31208,0.331365,0.332508,3.00507,3.00353,1.45728,1.45728,-1.29315,-1.29468,
66150.8,-0.0601506,-0.0613592,-1.28236,-1.28087,2.31361,2.31208,0.331365,0.332508,3.00507,3.00353,1.45728,1.45728,-1.29315,-1.29468,
66170.7,-0.0601506,-0.0613592,-1.28236,-1.28087,2.31361,2.31208,0.331365,0.332508,3.00507,3.00353,1.45728,1.45728,-1.29315,-1.29468,
66190.8,-0.0601506,-0.0613592,-1.28236,-1.28087,2.31361,2.31208,0.331365,0.332508,3.00507,3.00353,1.45728,1.45728,-1.29315,-1.29468,
66210.8,-0.0601506,-0.0613592,-1.28236,-1.28087,2.31361,2.31208,0.331365,0.332508,3.00507,3.00353,1.45728,1.45728,-1.29315,-1.29468,
66230.7,-0.0601506,-0.0613592,-1.28236,-1.28241,2.31361,2.31208,0.331365,0.332508,3.00507,3.00353,1.45728,1.45728,-1.29315,-1.29315,
66250.8,-0.0601506,-0.0613592,-1.28236,-1.28241,2.31361,2.31208,0.331365,0.332508,3.00507,3.00353,1.45728,1.45728,-1.29315,-1.29315,
66270.8,-0.0601506,-0.0613592,-1.28236,-1.28241,2.31361,2.31208,0.331365,0.332508,3.00507,3.00353,1.45728,1.45728,-1.29315,-1.29315,
66290.8,-0.0601506,-0.0613592,-1.28236,-1.28241,2.31361,2.31208,0.331365,0.332508,3.00507,3.00353,1.45728,1.45728,-1.29315,-1.29315,
66310.8,-0.0601506,-0.0613592,-1.28236,-1.28241,2.31361,2.31208,0.331365,0.332508,3.00507,3.00353,1.45728,1.45728,-1.29315,-1.29315,
66330.8,-0.0601506,-0.0613592,-1.28236,-1.28241,2.31361,2.31361,0.331365,0.334042,3.00507,3.00353,1.45728,1.45728,-1.29315,-1.29468,
66350.8,-0.0601506,-0.0613592,-1.28236,-1.28241,2.31361,2.31361,0.331365,0.334042,3.00507,3.00353,1.45728,1.45728,-1.29315,-1.29468,
66370.8,-0.0601506,-0.0613592,-1.28236,-1.28241,2.31361,2.31361,0.331365,0.334042,3.00507,3.00353,1.45728,1.45728,-1.29315,-1.29468,
66390.8,-0.0601506,-0.0613592,-1.28236,-1.28241,2.31361,2.31361,0.331365,0.334042,3.00507,3.00353,1.45728,1.45728,-1.29315,-1.29468,
66410.8,-0.0601506,-0.0613592,-1.28236,-1.28241,2.31361,2.31361,0.331365,0.334042,3.00507,3.00353,1.45728,1.45728,-1.29315,-1.29468,
66430.7,-0.0601506,-0.0613592,-1.28236,-1.28241,2.31361,2.31208,0.331365,0.332508,3.00507,3.00353,1.45728,1.45728,-1.29315,-1.29468,
66451.9,-0.0601506,-0.0613592,-1.28236,-1.28241,2.31361,2.31208,0.331365,0.332508,3.00507,3.00353,1.45728,1.45728,-1.29315,-1.29468,
66470.7,-0.0601506,-0.0613592,-1.28236,-1.28241,2.31361,2.31208,0.331365,0.332508,3.00507,3.00353,1.45728,1.45728,-1.29315,-1.29468,
66490.6,-0.0601506,-0.0613592,-1.28236,-1.28241,2.31361,2.31208,0.331365,0.332508,3.00507,3.00353,1.45728,1.45728,-1.29315,-1.29468,
66510.6,-0.0601506,-0.0613592,-1.28236,-1.28241,2.31361,2.31208,0.331365,0.332508,3.00507,3.00353,1.45728,1.45728,-1.29315,-1.29468,
66530.7,-0.0601506,-0.0613592,-1.28236,-1.28241,2.31361,2.31208,0.331365,0.332508,3.00507,3.00353,1.45728,1.45728,-1.29315,-1.29468,
66550.8,-0.0601506,-0.0613592,-1.28236,-1.28241,2.31361,2.31208,0.331365,0.332508,3.00507,3.00353,1.45728,1.45728,-1.29315,-1.29468,
66570.7,-0.0601506,-0.0613592,-1.28236,-1.28241,2.31361,2.31208,0.331365,0.332508,3.00507,3.00353,1.45728,1.45728,-1.29315,-1.29468,
66590.7,-0.0601506,-0.0613592,-1.28236,-1.28241,2.31361,2.31208,0.331365,0.332508,3.00507,3.00353,1.45728,1.45728,-1.29315,-1.29468,
66610.7,-0.0601506,-0.0613592,-1.28236,-1.28241,2.31361,2.31208,0.331365,0.332508,3.00507,3.00353,1.45728,1.45728,-1.29315,-1.29468,
66630.7,-0.0601506,-0.0613592,-1.28236,-1.28241,2.31361,2.31208,0.331365,0.332508,3.00507,3.00353,1.45728,1.45728,-1.29315,-1.29468,
66650.8,-0.0601506,-0.0613592,-1.28236,-1.28241,2.31361,2.31208,0.331365,0.332508,3.00507,3.00353,1.45728,1.45728,-1.29315,-1.29468,
66670.7,-0.0601506,-0.0613592,-1.28236,-1.28241,2.31361,2.31208,0.331365,0.332508,3.00507,3.00353,1.45728,1.45728,-1.29315,-1.29468,
66690.8,-0.0601506,-0.0613592,-1.28236,-1.28241,2.31361,2.31208,0.331365,0.332508,3.00507,3.00353,1.45728,1.45728,-1.29315,-1.29468,
66710.8,-0.0601506,-0.0613592,-1.28236,-1.28241,2.31361,2.31208,0.331365,0.332508,3.00507,3.00353,1.45728,1.45728,-1.29315,-1.29468,
66730.8,-0.0601506,-0.0613592,-1.28236,-1.28241,2.31361,2.31208,0.331365,0.334042,3.00507,3.00353,1.45728,1.45728,-1.29315,-1.29468,
66750.8,-0.0601506,-0.0613592,-1.28236,-1.28241,2.31361,2.31208,0.331365,0.334042,3.00507,3.00353,1.45728,1.45728,-1.29315,-1.29468,
66770.8,-0.0601506,-0.0613592,-1.28236,-1.28241,2.31361,2.31208,0.331365,0.334042,3.00507,3.00353,1.45728,1.45728,-1.29315,-1.29468,
66790.8,-0.0601506,-0.0613592,-1.28236,-1.28241,2.31361,2.31208,0.331365,0.334042,3.00507,3.00353,1.45728,1.45728,-1.29315,-1.29468,
66810.8,-0.0601506,-0.0613592,-1.28236,-1.28241,2.31361,2.31208,0.331365,0.334042,3.00507,3.00353,1.45728,1.45728,-1.29315,-1.29468,
66830.8,-0.0601506,-0.0613592,-1.28236,-1.28241,2.31361,2.31208,0.331365,0.332508,3.00507,3.00353,1.45728,1.45882,-1.29315,-1.29315,
66850.8,-0.0601506,-0.0613592,-1.28236,-1.28241,2.31361,2.31208,0.331365,0.332508,3.00507,3.00353,1.45728,1.45882,-1.29315,-1.29315,
66870.8,-0.0601506,-0.0613592,-1.28236,-1.28241,2.31361,2.31208,0.331365,0.332508,3.00507,3.00353,1.45728,1.45882,-1.29315,-1.29315,
66890.7,-0.0601506,-0.0613592,-1.28236,-1.28241,2.31361,2.31208,0.331365,0.332508,3.00507,3.00353,1.45728,1.45882,-1.29315,-1.29315,
66910.7,-0.0601506,-0.0613592,-1.28236,-1.28241,2.31361,2.31208,0.331365,0.332508,3.00507,3.00353,1.45728,1.45728,-1.29315,-1.29468,
66930.8,-0.0601506,-0.0613592,-1.28236,-1.28241,2.31361,2.31208,0.331365,0.332508,3.00507,3.00353,1.45728,1.45728,-1.29315,-1.29468,
66950.8,-0.0601506,-0.0613592,-1.28236,-1.28241,2.31361,2.31208,0.331365,0.332508,3.00507,3.00353,1.45728,1.45728,-1.29315,-1.29468,
66970.8,-0.0601506,-0.0613592,-1.28236,-1.28241,2.31361,2.31208,0.331365,0.332508,3.00507,3.00353,1.45728,1.45728,-1.29315,-1.29468,
66990.7,-0.0601506,-0.0613592,-1.28236,-1.28241,2.31361,2.31208,0.331365,0.332508,3.00507,3.00353,1.45728,1.45728,-1.29315,-1.29468,
67010.8,-0.0601506,-0.0613592,-1.28236,-1.28241,2.31361,2.31208,0.331365,0.332508,3.00507,3.00353,1.45728,1.45728,-1.29315,-1.29468,
67030.7,-0.0601506,-0.0613592,-1.28236,-1.28241,2.31361,2.31208,0.331365,0.332508,3.00507,3.00353,1.45728,1.45728,-1.29315,-1.29468,
67050.7,-0.0601506,-0.0613592,-1.28236,-1.28241,2.31361,2.31208,0.331365,0.332508,3.00507,3.00353,1.45728,1.45728,-1.29315,-1.29468,
67070.7,-0.0601506,-0.0613592,-1.28236,-1.28241,2.31361,2.31208,0.331365,0.332508,3.00507,3.00353,1.45728,1.45728,-1.29315,-1.29468,
67090.8,-0.0601506,-0.0613592,-1.28236,-1.28241,2.31361,2.31208,0.331365,0.332508,3.00507,3.00353,1.45728,1.45728,-1.29315,-1.29468,
67110.7,-0.0601506,-0.0613592,-1.28236,-1.28241,2.31361,2.31208,0.331365,0.332508,3.00507,3.00353,1.45728,1.45728,-1.29315,-1.29468,
67130.8,-0.0601506,-0.0613592,-1.28236,-1.28241,2.31361,2.31208,0.331365,0.332508,3.00507,3.00353,1.45728,1.45728,-1.29315,-1.29468,
67150.7,-0.0601506,-0.0613592,-1.28236,-1.28241,2.31361,2.31208,0.331365,0.332508,3.00507,3.00353,1.45728,1.45728,-1.29315,-1.29468,
67170.7,-0.0601506,-0.0613592,-1.28236,-1.28241,2.31361,2.31208,0.331365,0.332508,3.00507,3.00353,1.45728,1.45728,-1.29315,-1.29468,
67190.8,-0.0601506,-0.0613592,-1.28236,-1.28241,2.31361,2.31208,0.331365,0.332508,3.00507,3.00353,1.45728,1.45728,-1.29315,-1.29468,
67210.8,-0.0601506,-0.0613592,-1.28236,-1.28241,2.31361,2.31208,0.331365,0.332508,3.00507,3.00353,1.45728,1.45728,-1.29315,-1.29468,
67230.8,-0.0601506,-0.0613592,-1.28236,-1.28241,2.31361,2.31208,0.331365,0.332508,3.00507,3.00353,1.45728,1.45728,-1.29315,-1.29468,
67250.7,-0.0601506,-0.0613592,-1.28236,-1.28241,2.31361,2.31208,0.331365,0.332508,3.00507,3.00353,1.45728,1.45728,-1.29315,-1.29468,
67270.8,-0.0601506,-0.0613592,-1.28236,-1.28241,2.31361,2.31208,0.331365,0.332508,3.00507,3.00353,1.45728,1.45728,-1.29315,-1.29468,
67290.9,-0.0601506,-0.0613592,-1.28236,-1.28241,2.31361,2.31208,0.331365,0.332508,3.00507,3.00353,1.45728,1.45728,-1.29315,-1.29468,
67310.7,-0.0601506,-0.0613592,-1.28236,-1.28241,2.31361,2.31208,0.331365,0.332508,3.00507,3.00353,1.45728,1.45728,-1.29315,-1.29468,
67330.8,-0.0601506,-0.0613592,-1.28236,-1.28241,2.31361,2.31208,0.331365,0.332508,3.00507,3.00353,1.45728,1.45728,-1.29315,-1.29468,
67350.8,-0.0601506,-0.0613592,-1.28236,-1.28241,2.31361,2.31208,0.331365,0.332508,3.00507,3.00353,1.45728,1.45728,-1.29315,-1.29468,
67370.8,-0.0601506,-0.0613592,-1.28236,-1.28241,2.31361,2.31208,0.331365,0.332508,3.00507,3.00353,1.45728,1.45728,-1.29315,-1.29468,
67390.7,-0.0601506,-0.0613592,-1.28236,-1.28241,2.31361,2.31208,0.331365,0.332508,3.00507,3.00353,1.45728,1.45728,-1.29315,-1.29468,
67410.8,-0.0601506,-0.0613592,-1.28236,-1.28241,2.31361,2.31208,0.331365,0.332508,3.00507,3.00353,1.45728,1.45728,-1.29315,-1.29468,
67430.8,-0.0601506,-0.0613592,-1.28236,-1.28087,2.31361,2.31208,0.331365,0.334042,3.00507,3.00353,1.45728,1.45728,-1.29315,-1.29468,
67450.8,-0.0601506,-0.0613592,-1.28236,-1.28087,2.31361,2.31208,0.331365,0.334042,3.00507,3.00353,1.45728,1.45728,-1.29315,-1.29468,
67470.7,-0.0601506,-0.0613592,-1.28236,-1.28087,2.31361,2.31208,0.331365,0.334042,3.00507,3.00353,1.45728,1.45728,-1.29315,-1.29468,
67490.7,-0.0601506,-0.0613592,-1.28236,-1.28087,2.31361,2.31208,0.331365,0.334042,3.00507,3.00353,1.45728,1.45728,-1.29315,-1.29468,
67510.8,-0.0601506,-0.0613592,-1.28236,-1.28087,2.31361,2.31208,0.331365,0.334042,3.00507,3.00353,1.45728,1.45728,-1.29315,-1.29468,
67530.7,-0.0601506,-0.0613592,-1.28236,-1.28241,2.31361,2.31208,0.331365,0.332508,3.00507,3.00353,1.45728,1.45728,-1.29315,-1.29468,
67550.8,-0.0601506,-0.0613592,-1.28236,-1.28241,2.31361,2.31208,0.331365,0.332508,3.00507,3.00353,1.45728,1.45728,-1.29315,-1.29468,
67570.8,-0.0601506,-0.0613592,-1.28236,-1.28241,2.31361,2.31208,0.331365,0.332508,3.00507,3.00353,1.45728,1.45728,-1.29315,-1.29468,
67590.8,-0.0601506,-0.0613592,-1.28236,-1.28241,2.31361,2.31208,0.331365,0.332508,3.00507,3.00353,1.45728,1.45728,-1.29315,-1.29468,
67610.7,-0.0601506,-0.0613592,-1.28236,-1.28241,2.31361,2.31208,0.331365,0.332508,3.00507,3.00353,1.45728,1.45728,-1.29315,-1.29468,
67630.8,-0.0601506,-0.0613592,-1.28236,-1.28087,2.31361,2.31208,0.331365,0.334042,3.00507,3.00353,1.45728,1.45728,-1.29315,-1.29468,
67650.8,-0.0601506,-0.0613592,-1.28236,-1.28087,2.31361,2.31208,0.331365,0.334042,3.00507,3.00353,1.45728,1.45728,-1.29315,-1.29468,
67670.8,-0.0601506,-0.0613592,-1.28236,-1.28087,2.31361,2.31208,0.331365,0.334042,3.00507,3.00353,1.45728,1.45728,-1.29315,-1.29468,
67690.8,-0.0601506,-0.0613592,-1.28236,-1.28087,2.31361,2.31208,0.331365,0.334042,3.00507,3.00353,1.45728,1.45728,-1.29315,-1.29468,
67710.7,-0.0601506,-0.0613592,-1.28236,-1.28087,2.31361,2.31361,0.331365,0.332508,3.00507,3.00353,1.45728,1.45728,-1.29315,-1.29468,
67730.8,-0.0601506,-0.0613592,-1.28236,-1.28087,2.31361,2.31361,0.331365,0.332508,3.00507,3.00353,1.45728,1.45728,-1.29315,-1.29468,
67750.8,-0.0601506,-0.0613592,-1.28236,-1.28087,2.31361,2.31361,0.331365,0.332508,3.00507,3.00353,1.45728,1.45728,-1.29315,-1.29468,
67770.8,-0.0601506,-0.0613592,-1.28236,-1.28087,2.31361,2.31361,0.331365,0.332508,3.00507,3.00353,1.45728,1.45728,-1.29315,-1.29468,
67790.8,-0.0601506,-0.0613592,-1.28236,-1.28087,2.31361,2.31361,0.331365,0.332508,3.00507,3.00353,1.45728,1.45728,-1.29315,-1.29468,
67810.8,-0.0601506,-0.0613592,-1.28236,-1.28241,2.31361,2.31361,0.331365,0.332508,3.00507,3.00353,1.45728,1.45728,-1.29315,-1.29468,
67830.8,-0.0601506,-0.0613592,-1.28236,-1.28241,2.31361,2.31361,0.331365,0.332508,3.00507,3.00353,1.45728,1.45728,-1.29315,-1.29468,
67850.8,-0.0601506,-0.0613592,-1.28236,-1.28241,2.31361,2.31361,0.331365,0.332508,3.00507,3.00353,1.45728,1.45728,-1.29315,-1.29468,
67870.8,-0.0601506,-0.0613592,-1.28236,-1.28241,2.31361,2.31361,0.331365,0.332508,3.00507,3.00353,1.45728,1.45728,-1.29315,-1.29468,
67890.8,-0.0601506,-0.0613592,-1.28236,-1.28241,2.31361,2.31361,0.331365,0.332508,3.00507,3.00353,1.45728,1.45728,-1.29315,-1.29468,
67910.8,-0.0601506,-0.0613592,-1.28236,-1.28241,2.31361,2.31361,0.331365,0.332508,3.00507,3.00353,1.45728,1.45728,-1.29315,-1.29468,
67930.8,-0.0601506,-0.0613592,-1.28236,-1.28241,2.31361,2.31208,0.331365,0.332508,3.00507,3.00353,1.45728,1.45728,-1.29315,-1.29468,
67950.8,-0.0601506,-0.0613592,-1.28236,-1.28241,2.31361,2.31208,0.331365,0.332508,3.00507,3.00353,1.45728,1.45728,-1.29315,-1.29468,
67970.8,-0.0601506,-0.0613592,-1.28236,-1.28241,2.31361,2.31208,0.331365,0.332508,3.00507,3.00353,1.45728,1.45728,-1.29315,-1.29468,
67990.8,-0.0601506,-0.0613592,-1.28236,-1.28241,2.31361,2.31208,0.331365,0.332508,3.00507,3.00353,1.45728,1.45728,-1.29315,-1.29468,
68010.8,-0.0601506,-0.0613592,-1.28236,-1.28241,2.31361,2.31208,0.331365,0.332508,3.00507,3.00353,1.45728,1.45728,-1.29315,-1.29468,
68030.8,-0.0601506,-0.0613592,-1.28236,-1.28241,2.31361,2.31361,0.331365,0.332508,3.00507,3.00353,1.45728,1.45728,-1.29315,-1.29468,
68050.9,-0.0601506,-0.0613592,-1.28236,-1.28241,2.31361,2.31361,0.331365,0.332508,3.00507,3.00353,1.45728,1.45728,-1.29315,-1.29468,
68070.8,-0.0601506,-0.0613592,-1.28236,-1.28241,2.31361,2.31361,0.331365,0.332508,3.00507,3.00353,1.45728,1.45728,-1.29315,-1.29468,
68090.8,-0.0601506,-0.0613592,-1.28236,-1.28241,2.31361,2.31361,0.331365,0.332508,3.00507,3.00353,1.45728,1.45728,-1.29315,-1.29468,
68110.7,-0.0601506,-0.0613592,-1.28236,-1.28241,2.31361,2.31208,0.331365,0.332508,3.00507,3.00353,1.45728,1.45728,-1.29315,-1.29468,
68130.8,-0.0601506,-0.0613592,-1.28236,-1.28241,2.31361,2.31208,0.331365,0.332508,3.00507,3.00353,1.45728,1.45728,-1.29315,-1.29468,
68150.8,-0.0601506,-0.0613592,-1.28236,-1.28241,2.31361,2.31208,0.331365,0.332508,3.00507,3.00353,1.45728,1.45728,-1.29315,-1.29468,
68170.8,-0.0601506,-0.0613592,-1.28236,-1.28241,2.31361,2.31208,0.331365,0.332508,3.00507,3.00353,1.45728,1.45728,-1.29315,-1.29468,
68190.8,-0.0601506,-0.0613592,-1.28236,-1.28241,2.31361,2.31208,0.331365,0.332508,3.00507,3.00353,1.45728,1.45728,-1.29315,-1.29468,
68210.8,-0.0601506,-0.0613592,-1.28236,-1.28241,2.31361,2.31208,0.331365,0.332508,3.00507,3.00353,1.45728,1.45728,-1.29315,-1.29468,
68230.8,-0.0601506,-0.0613592,-1.28236,-1.28241,2.31361,2.31208,0.331365,0.332508,3.00507,3.00353,1.45728,1.45728,-1.29315,-1.29468,
68250.7,-0.0601506,-0.0613592,-1.28236,-1.28241,2.31361,2.31208,0.331365,0.332508,3.00507,3.00353,1.45728,1.45728,-1.29315,-1.29468,
68270.8,-0.0601506,-0.0613592,-1.28236,-1.28241,2.31361,2.31208,0.331365,0.332508,3.00507,3.00353,1.45728,1.45728,-1.29315,-1.29468,
68290.8,-0.0601506,-0.0613592,-1.28236,-1.28241,2.31361,2.31208,0.331365,0.332508,3.00507,3.00353,1.45728,1.45728,-1.29315,-1.29468,
68310.9,-0.0601506,-0.0613592,-1.28236,-1.28241,2.31361,2.31208,0.331365,0.332508,3.00507,3.00353,1.45728,1.45728,-1.29315,-1.29468,
68330.8,-0.0601506,-0.0613592,-1.28236,-1.28241,2.31361,2.31208,0.331365,0.332508,3.00507,3.00353,1.45728,1.45728,-1.29315,-1.29468,
68350.8,-0.0601506,-0.0613592,-1.28236,-1.28241,2.31361,2.31208,0.331365,0.332508,3.00507,3.00353,1.45728,1.45728,-1.29315,-1.29468,
68370.8,-0.0601506,-0.0613592,-1.28236,-1.28241,2.31361,2.31208,0.331365,0.332508,3.00507,3.00353,1.45728,1.45728,-1.29315,-1.29468,
68390.8,-0.0601506,-0.0613592,-1.28236,-1.28241,2.31361,2.31208,0.331365,0.332508,3.00507,3.00353,1.45728,1.45728,-1.29315,-1.29468,
68410.7,-0.0601506,-0.0613592,-1.28236,-1.28241,2.31361,2.31208,0.331365,0.332508,3.00507,3.00353,1.45728,1.45728,-1.29315,-1.29468,
68430.7,-0.0601506,-0.0613592,-1.28236,-1.28241,2.31361,2.31208,0.331365,0.332508,3.00507,3.00353,1.45728,1.45728,-1.29315,-1.29468,
68450.8,-0.0601506,-0.0613592,-1.28236,-1.28241,2.31361,2.31208,0.331365,0.332508,3.00507,3.00353,1.45728,1.45728,-1.29315,-1.29468,
68470.8,-0.0601506,-0.0613592,-1.28236,-1.28241,2.31361,2.31208,0.331365,0.332508,3.00507,3.00353,1.45728,1.45728,-1.29315,-1.29468,
68490.8,-0.0601506,-0.0613592,-1.28236,-1.28241,2.31361,2.31208,0.331365,0.332508,3.00507,3.00353,1.45728,1.45728,-1.29315,-1.29468,
68510.8,-0.0601506,-0.0613592,-1.28236,-1.28241,2.31361,2.31208,0.331365,0.332508,3.00507,3.00353,1.45728,1.45728,-1.29315,-1.29468,
68530.7,-0.0601506,-0.0613592,-1.28236,-1.28241,2.31361,2.31208,0.331365,0.332508,3.00507,3.00353,1.45728,1.45728,-1.29315,-1.29315,
68550.8,-0.0601506,-0.0613592,-1.28236,-1.28241,2.31361,2.31208,0.331365,0.332508,3.00507,3.00353,1.45728,1.45728,-1.29315,-1.29315,
68570.8,-0.0601506,-0.0613592,-1.28236,-1.28241,2.31361,2.31208,0.331365,0.332508,3.00507,3.00353,1.45728,1.45728,-1.29315,-1.29315,
68590.8,-0.0601506,-0.0613592,-1.28236,-1.28241,2.31361,2.31208,0.331365,0.332508,3.00507,3.00353,1.45728,1.45728,-1.29315,-1.29315,
68610.7,-0.0601506,-0.0613592,-1.28236,-1.28241,2.31361,2.31208,0.331365,0.332508,3.00507,3.00353,1.45728,1.45728,-1.29315,-1.29468,
68630.8,-0.0601506,-0.0613592,-1.28236,-1.28241,2.31361,2.31208,0.331365,0.332508,3.00507,3.00353,1.45728,1.45728,-1.29315,-1.29468,
68650.8,-0.0601506,-0.0613592,-1.28236,-1.28241,2.31361,2.31208,0.331365,0.332508,3.00507,3.00353,1.45728,1.45728,-1.29315,-1.29468,
68670.8,-0.0601506,-0.0613592,-1.28236,-1.28241,2.31361,2.31208,0.331365,0.332508,3.00507,3.00353,1.45728,1.45728,-1.29315,-1.29468,
68690.8,-0.0601506,-0.0613592,-1.28236,-1.28241,2.31361,2.31208,0.331365,0.332508,3.00507,3.00353,1.45728,1.45728,-1.29315,-1.29468,
68710.7,-0.0601506,-0.0613592,-1.28236,-1.28241,2.31361,2.31208,0.331365,0.332508,3.00507,3.00353,1.45728,1.45728,-1.29315,-1.29468,
68730.8,-0.0601506,-0.0613592,-1.28236,-1.28087,2.31361,2.31208,0.331365,0.332508,3.00507,3.00353,1.45728,1.45728,-1.29315,-1.29468,
68750.8,-0.0601506,-0.0613592,-1.28236,-1.28087,2.31361,2.31208,0.331365,0.332508,3.00507,3.00353,1.45728,1.45728,-1.29315,-1.29468,
68770.8,-0.0601506,-0.0613592,-1.28236,-1.28087,2.31361,2.31208,0.331365,0.332508,3.00507,3.00353,1.45728,1.45728,-1.29315,-1.29468,
68790.8,-0.0601506,-0.0613592,-1.28236,-1.28087,2.31361,2.31208,0.331365,0.332508,3.00507,3.00353,1.45728,1.45728,-1.29315,-1.29468,
68810.8,-0.0601506,-0.0613592,-1.28236,-1.28087,2.31361,2.31208,0.331365,0.332508,3.00507,3.00353,1.45728,1.45728,-1.29315,-1.29468,
68830.8,-0.0601506,-0.0613592,-1.28236,-1.28241,2.31361,2.31208,0.331365,0.332508,3.00507,3.00353,1.45728,1.45728,-1.29315,-1.29468,
68850.8,-0.0601506,-0.0613592,-1.28236,-1.28241,2.31361,2.31208,0.331365,0.332508,3.00507,3.00353,1.45728,1.45728,-1.29315,-1.29468,
68870.8,-0.0601506,-0.0613592,-1.28236,-1.28241,2.31361,2.31208,0.331365,0.332508,3.00507,3.00353,1.45728,1.45728,-1.29315,-1.29468,
68890.8,-0.0601506,-0.0613592,-1.28236,-1.28241,2.31361,2.31208,0.331365,0.332508,3.00507,3.00353,1.45728,1.45728,-1.29315,-1.29468,
68910.8,-0.0601506,-0.0613592,-1.28236,-1.28241,2.31361,2.31208,0.331365,0.332508,3.00507,3.00353,1.45728,1.45728,-1.29315,-1.29468,
68930.8,-0.0601506,-0.0613592,-1.28236,-1.28241,2.31361,2.31208,0.331365,0.334042,3.00507,3.00353,1.45728,1.45728,-1.29315,-1.29468,
68950.8,-0.0601506,-0.0613592,-1.28236,-1.28241,2.31361,2.31208,0.331365,0.334042,3.00507,3.00353,1.45728,1.45728,-1.29315,-1.29468,
68970.8,-0.0601506,-0.0613592,-1.28236,-1.28241,2.31361,2.31208,0.331365,0.334042,3.00507,3.00353,1.45728,1.45728,-1.29315,-1.29468,
68990.8,-0.0601506,-0.0613592,-1.28236,-1.28241,2.31361,2.31208,0.331365,0.334042,3.00507,3.00353,1.45728,1.45728,-1.29315,-1.29468,
69010.8,-0.0601506,-0.0613592,-1.28236,-1.28241,2.31361,2.31208,0.331365,0.334042,3.00507,3.00353,1.45728,1.45728,-1.29315,-1.29468,
69030.8,-0.0601506,-0.0613592,-1.28236,-1.28241,2.31361,2.31208,0.331365,0.334042,3.00507,3.00353,1.45728,1.45728,-1.29315,-1.29468,
69050.8,-0.0601506,-0.0613592,-1.28236,-1.28241,2.31361,2.31208,0.331365,0.332508,3.00507,3.00353,1.45728,1.45728,-1.29315,-1.29468,
69070.7,-0.0601506,-0.0613592,-1.28236,-1.28241,2.31361,2.31208,0.331365,0.332508,3.00507,3.00353,1.45728,1.45728,-1.29315,-1.29468,
69090.8,-0.0601506,-0.0613592,-1.28236,-1.28241,2.31361,2.31208,0.331365,0.332508,3.00507,3.00353,1.45728,1.45728,-1.29315,-1.29468,
69110.8,-0.0601506,-0.0613592,-1.28236,-1.28241,2.31361,2.31208,0.331365,0.332508,3.00507,3.00353,1.45728,1.45728,-1.29315,-1.29468,
69130.8,-0.0601506,-0.0613592,-1.28236,-1.28241,2.31361,2.31208,0.331365,0.332508,3.00507,3.00353,1.45728,1.45728,-1.29315,-1.29315,
69150.8,-0.0601506,-0.0613592,-1.28236,-1.28241,2.31361,2.31208,0.331365,0.332508,3.00507,3.00353,1.45728,1.45728,-1.29315,-1.29315,
69170.8,-0.0601506,-0.0613592,-1.28236,-1.28241,2.31361,2.31208,0.331365,0.332508,3.00507,3.00353,1.45728,1.45728,-1.29315,-1.29315,
69190.8,-0.0601506,-0.0613592,-1.28236,-1.28241,2.31361,2.31208,0.331365,0.332508,3.00507,3.00353,1.45728,1.45728,-1.29315,-1.29315,
69210.8,-0.0601506,-0.0613592,-1.28236,-1.28241,2.31361,2.31208,0.331365,0.332508,3.00507,3.00353,1.45728,1.45728,-1.29315,-1.29315,
69230.8,-0.0601506,-0.0613592,-1.28236,-1.28241,2.31361,2.31208,0.331365,0.334042,3.00507,3.00353,1.45728,1.45728,-1.29315,-1.29468,
69250.8,-0.0601506,-0.0613592,-1.28236,-1.28241,2.31361,2.31208,0.331365,0.334042,3.00507,3.00353,1.45728,1.45728,-1.29315,-1.29468,
69270.8,-0.0601506,-0.0613592,-1.28236,-1.28241,2.31361,2.31208,0.331365,0.334042,3.00507,3.00353,1.45728,1.45728,-1.29315,-1.29468,
69290.8,-0.0601506,-0.0613592,-1.28236,-1.28241,2.31361,2.31208,0.331365,0.334042,3.00507,3.00353,1.45728,1.45728,-1.29315,-1.29468,
69310.8,-0.0601506,-0.0613592,-1.28236,-1.28241,2.31361,2.31208,0.331365,0.334042,3.00507,3.00353,1.45728,1.45728,-1.29315,-1.29468,
69330.7,-0.0601506,-0.0613592,-1.28236,-1.28241,2.31361,2.31208,0.331365,0.334042,3.00507,3.00353,1.45728,1.45728,-1.29315,-1.29468,
69350.8,-0.0601506,-0.0613592,-1.28236,-1.28241,2.31361,2.31208,0.331365,0.334042,3.00507,3.00353,1.45728,1.45728,-1.29315,-1.29468,
69370.8,-0.0601506,-0.0613592,-1.28236,-1.28241,2.31361,2.31208,0.331365,0.334042,3.00507,3.00353,1.45728,1.45728,-1.29315,-1.29468,
69390.8,-0.0601506,-0.0613592,-1.28236,-1.28241,2.31361,2.31208,0.331365,0.334042,3.00507,3.00353,1.45728,1.45728,-1.29315,-1.29468,
69410.8,-0.0601506,-0.0613592,-1.28236,-1.28241,2.31361,2.31208,0.331365,0.334042,3.00507,3.00353,1.45728,1.45728,-1.29315,-1.29468,
69430.8,-0.0601506,-0.0613592,-1.28236,-1.28241,2.31361,2.31208,0.331365,0.332508,3.00507,3.00353,1.45728,1.45728,-1.29315,-1.29468,
69450.8,-0.0601506,-0.0613592,-1.28236,-1.28241,2.31361,2.31208,0.331365,0.332508,3.00507,3.00353,1.45728,1.45728,-1.29315,-1.29468,
69470.8,-0.0601506,-0.0613592,-1.28236,-1.28241,2.31361,2.31208,0.331365,0.332508,3.00507,3.00353,1.45728,1.45728,-1.29315,-1.29468,
69490.8,-0.0601506,-0.0613592,-1.28236,-1.28241,2.31361,2.31208,0.331365,0.332508,3.00507,3.00353,1.45728,1.45728,-1.29315,-1.29468,
69510.7,-0.0601506,-0.0613592,-1.28236,-1.28241,2.31361,2.31208,0.331365,0.332508,3.00507,3.00353,1.45728,1.45728,-1.29315,-1.29468,
69530.8,-0.0601506,-0.0613592,-1.28236,-1.28241,2.31361,2.31208,0.331365,0.332508,3.00507,3.00353,1.45728,1.45728,-1.29315,-1.29468,
69550.8,-0.0601506,-0.0613592,-1.28236,-1.28241,2.31361,2.31208,0.331365,0.332508,3.00507,3.00353,1.45728,1.45728,-1.29315,-1.29468,
69570.8,-0.0601506,-0.0613592,-1.28236,-1.28241,2.31361,2.31208,0.331365,0.332508,3.00507,3.00353,1.45728,1.45728,-1.29315,-1.29468,
69590.8,-0.0601506,-0.0613592,-1.28236,-1.28241,2.31361,2.31208,0.331365,0.332508,3.00507,3.00353,1.45728,1.45728,-1.29315,-1.29468,
69610.8,-0.0601506,-0.0613592,-1.28236,-1.28241,2.31361,2.31208,0.331365,0.332508,3.00507,3.00353,1.45728,1.45728,-1.29315,-1.29468,
69630.8,-0.0601506,-0.0613592,-1.28236,-1.28241,2.31361,2.31208,0.331365,0.332508,3.00507,3.00353,1.45728,1.45728,-1.29315,-1.29468,
69650.8,-0.0601506,-0.0613592,-1.28236,-1.28241,2.31361,2.31208,0.331365,0.332508,3.00507,3.00353,1.45728,1.45728,-1.29315,-1.29468,
69670.8,-0.0601506,-0.0613592,-1.28236,-1.28241,2.31361,2.31208,0.331365,0.332508,3.00507,3.00353,1.45728,1.45728,-1.29315,-1.29468,
69690.7,-0.0601506,-0.0613592,-1.28236,-1.28241,2.31361,2.31208,0.331365,0.332508,3.00507,3.00353,1.45728,1.45728,-1.29315,-1.29468,
69710.7,-0.0601506,-0.0613592,-1.28236,-1.28241,2.31361,2.31208,0.331365,0.334042,3.00507,3.00353,1.45728,1.45728,-1.29315,-1.29468,
69730.8,-0.0601506,-0.0613592,-1.28236,-1.28241,2.31361,2.31208,0.331365,0.334042,3.00507,3.00353,1.45728,1.45728,-1.29315,-1.29468,
69750.7,-0.0601506,-0.0613592,-1.28236,-1.28241,2.31361,2.31208,0.331365,0.334042,3.00507,3.00353,1.45728,1.45728,-1.29315,-1.29468,
69770.8,-0.0601506,-0.0613592,-1.28236,-1.28241,2.31361,2.31208,0.331365,0.334042,3.00507,3.00353,1.45728,1.45728,-1.29315,-1.29468,
69790.8,-0.0601506,-0.0613592,-1.28236,-1.28241,2.31361,2.31208,0.331365,0.334042,3.00507,3.00353,1.45728,1.45728,-1.29315,-1.29468,
69810.8,-0.0601506,-0.0613592,-1.28236,-1.28241,2.31361,2.31361,0.331365,0.332508,3.00507,3.00353,1.45728,1.45728,-1.29315,-1.29468,
69830.8,-0.0601506,-0.0613592,-1.28236,-1.28241,2.31361,2.31361,0.331365,0.332508,3.00507,3.00353,1.45728,1.45728,-1.29315,-1.29468,
69850.8,-0.0601506,-0.0613592,-1.28236,-1.28241,2.31361,2.31361,0.331365,0.332508,3.00507,3.00353,1.45728,1.45728,-1.29315,-1.29468,
69870.8,-0.0601506,-0.0613592,-1.28236,-1.28241,2.31361,2.31361,0.331365,0.332508,3.00507,3.00353,1.45728,1.45728,-1.29315,-1.29468,
69890.8,-0.0601506,-0.0613592,-1.28236,-1.28241,2.31361,2.31361,0.331365,0.332508,3.00507,3.00353,1.45728,1.45728,-1.29315,-1.29468,
69910.8,-0.0601506,-0.0613592,-1.28236,-1.28241,2.31361,2.31361,0.331365,0.332508,3.00507,3.00353,1.45728,1.45728,-1.29315,-1.29468,
69930.8,-0.0601506,-0.0613592,-1.28236,-1.28241,2.31361,2.31208,0.331365,0.332508,3.00507,3.00353,1.45728,1.45728,-1.29315,-1.29468,
69950.8,-0.0601506,-0.0613592,-1.28236,-1.28241,2.31361,2.31208,0.331365,0.332508,3.00507,3.00353,1.45728,1.45728,-1.29315,-1.29468,
69970.8,-0.0601506,-0.0613592,-1.28236,-1.28241,2.31361,2.31208,0.331365,0.332508,3.00507,3.00353,1.45728,1.45728,-1.29315,-1.29468,
69990.9,-0.0601506,-0.0613592,-1.28236,-1.28241,2.31361,2.31208,0.331365,0.332508,3.00507,3.00353,1.45728,1.45728,-1.29315,-1.29468,
70010.7,-0.0601506,-0.0613592,-1.28236,-1.28241,2.31361,2.31208,0.331365,0.332508,3.00507,3.00353,1.45728,1.45728,-1.29315,-1.29468,
70030.8,-0.0601506,-0.0613592,-1.28236,-1.28241,2.31361,2.31208,0.331365,0.332508,3.00507,3.00353,1.45728,1.45728,-1.29315,-1.29468,
70050.8,-0.0601506,-0.0613592,-1.28236,-1.28241,2.31361,2.31208,0.331365,0.332508,3.00507,3.00353,1.45728,1.45728,-1.29315,-1.29468,
70070.8,-0.0601506,-0.0613592,-1.28236,-1.28241,2.31361,2.31208,0.331365,0.332508,3.00507,3.00353,1.45728,1.45728,-1.29315,-1.29468,
70090.8,-0.0601506,-0.0613592,-1.28236,-1.28241,2.31361,2.31208,0.331365,0.332508,3.00507,3.00353,1.45728,1.45728,-1.29315,-1.29468,
70110.7,-0.0601506,-0.0613592,-1.28236,-1.28241,2.31361,2.31208,0.331365,0.332508,3.00507,3.00353,1.45728,1.45728,-1.29315,-1.29468,
70130.8,-0.0601506,-0.0613592,-1.28236,-1.28241,2.31361,2.31208,0.331365,0.332508,3.00507,3.00353,1.45728,1.45728,-1.29315,-1.29468,
70150.8,-0.0601506,-0.0613592,-1.28236,-1.28241,2.31361,2.31208,0.331365,0.332508,3.00507,3.00353,1.45728,1.45728,-1.29315,-1.29468,
70170.8,-0.0601506,-0.0613592,-1.28236,-1.28241,2.31361,2.31208,0.331365,0.332508,3.00507,3.00353,1.45728,1.45728,-1.29315,-1.29468,
70190.8,-0.0601506,-0.0613592,-1.28236,-1.28241,2.31361,2.31208,0.331365,0.332508,3.00507,3.00353,1.45728,1.45728,-1.29315,-1.29468,
70210.8,-0.0601506,-0.0613592,-1.28236,-1.28241,2.31361,2.31208,0.331365,0.332508,3.00507,3.00353,1.45728,1.45728,-1.29315,-1.29468,
70230.8,-0.0601506,-0.0613592,-1.28236,-1.28241,2.31361,2.31361,0.331365,0.332508,3.00507,3.00353,1.45728,1.45728,-1.29315,-1.29468,
70250.8,-0.0601506,-0.0613592,-1.28236,-1.28241,2.31361,2.31361,0.331365,0.332508,3.00507,3.00353,1.45728,1.45728,-1.29315,-1.29468,
70270.8,-0.0601506,-0.0613592,-1.28236,-1.28241,2.31361,2.31361,0.331365,0.332508,3.00507,3.00353,1.45728,1.45728,-1.29315,-1.29468,
70290.7,-0.0601506,-0.0613592,-1.28236,-1.28241,2.31361,2.31361,0.331365,0.332508,3.00507,3.00353,1.45728,1.45728,-1.29315,-1.29468,
70310.7,-0.0601506,-0.0613592,-1.28236,-1.28241,2.31361,2.31361,0.331365,0.332508,3.00507,3.00353,1.45728,1.45728,-1.29315,-1.29468,
70330.9,-0.0601506,-0.0613592,-1.28236,-1.28241,2.31361,2.31208,0.331365,0.332508,3.00507,3.00353,1.45728,1.45728,-1.29315,-1.29468,
70350.7,-0.0601506,-0.0613592,-1.28236,-1.28241,2.31361,2.31208,0.331365,0.332508,3.00507,3.00353,1.45728,1.45728,-1.29315,-1.29468,
70370.7,-0.0601506,-0.0613592,-1.28236,-1.28241,2.31361,2.31208,0.331365,0.332508,3.00507,3.00353,1.45728,1.45728,-1.29315,-1.29468,
70390.8,-0.0601506,-0.0613592,-1.28236,-1.28241,2.31361,2.31208,0.331365,0.332508,3.00507,3.00353,1.45728,1.45728,-1.29315,-1.29468,
70410.8,-0.0601506,-0.0613592,-1.28236,-1.28241,2.31361,2.31208,0.331365,0.332508,3.00507,3.00353,1.45728,1.45728,-1.29315,-1.29468,
70430.7,-0.0601506,-0.0613592,-1.28236,-1.28087,2.31361,2.31208,0.331365,0.332508,3.00507,3.00353,1.45728,1.45728,-1.29315,-1.29468,
70450.8,-0.0601506,-0.0613592,-1.28236,-1.28087,2.31361,2.31208,0.331365,0.332508,3.00507,3.00353,1.45728,1.45728,-1.29315,-1.29468,
70470.8,-0.0601506,-0.0613592,-1.28236,-1.28087,2.31361,2.31208,0.331365,0.332508,3.00507,3.00353,1.45728,1.45728,-1.29315,-1.29468,
70490.8,-0.0601506,-0.0613592,-1.28236,-1.28087,2.31361,2.31208,0.331365,0.332508,3.00507,3.00353,1.45728,1.45728,-1.29315,-1.29468,
70510.8,-0.0601506,-0.0613592,-1.28236,-1.28087,2.31361,2.31208,0.331365,0.332508,3.00507,3.00353,1.45728,1.45728,-1.29315,-1.29468,
70530.7,-0.0601506,-0.0613592,-1.28236,-1.28087,2.31361,2.31208,0.331365,0.332508,3.00507,3.00353,1.45728,1.45728,-1.29315,-1.29468,
70550.8,-0.0601506,-0.0613592,-1.28236,-1.28087,2.31361,2.31208,0.331365,0.332508,3.00507,3.00353,1.45728,1.45728,-1.29315,-1.29468,
70570.7,-0.0601506,-0.0613592,-1.28236,-1.28087,2.31361,2.31208,0.331365,0.332508,3.00507,3.00353,1.45728,1.45728,-1.29315,-1.29468,
70590.8,-0.0601506,-0.0613592,-1.28236,-1.28087,2.31361,2.31208,0.331365,0.332508,3.00507,3.00353,1.45728,1.45728,-1.29315,-1.29468,
70610.6,-0.0601506,-0.0613592,-1.28236,-1.28241,2.31361,2.31361,0.331365,0.332508,3.00507,3.00353,1.45728,1.45728,-1.29315,-1.29468,
70630.7,-0.0601506,-0.0613592,-1.28236,-1.28241,2.31361,2.31361,0.331365,0.332508,3.00507,3.00353,1.45728,1.45728,-1.29315,-1.29468,
70650.8,-0.0601506,-0.0613592,-1.28236,-1.28241,2.31361,2.31361,0.331365,0.332508,3.00507,3.00353,1.45728,1.45728,-1.29315,-1.29468,
70670.8,-0.0601506,-0.0613592,-1.28236,-1.28241,2.31361,2.31361,0.331365,0.332508,3.00507,3.00353,1.45728,1.45728,-1.29315,-1.29468,
70690.8,-0.0601506,-0.0613592,-1.28236,-1.28241,2.31361,2.31361,0.331365,0.332508,3.00507,3.00353,1.45728,1.45728,-1.29315,-1.29468,
70710.7,-0.0601506,-0.0613592,-1.28236,-1.28241,2.31361,2.31361,0.331365,0.332508,3.00507,3.00353,1.45728,1.45728,-1.29315,-1.29468,
70730.8,-0.0601506,-0.0613592,-1.28236,-1.28241,2.31361,2.31208,0.331365,0.332508,3.00507,3.00353,1.45728,1.45728,-1.29315,-1.29315,
70750.7,-0.0601506,-0.0613592,-1.28236,-1.28241,2.31361,2.31208,0.331365,0.332508,3.00507,3.00353,1.45728,1.45728,-1.29315,-1.29315,
70770.8,-0.0601506,-0.0613592,-1.28236,-1.28241,2.31361,2.31208,0.331365,0.332508,3.00507,3.00353,1.45728,1.45728,-1.29315,-1.29315,
70790.8,-0.0601506,-0.0613592,-1.28236,-1.28241,2.31361,2.31208,0.331365,0.332508,3.00507,3.00353,1.45728,1.45728,-1.29315,-1.29315,
70810.8,-0.0601506,-0.0613592,-1.28236,-1.28241,2.31361,2.31208,0.331365,0.332508,3.00507,3.00353,1.45728,1.45728,-1.29315,-1.29315,
70830.8,-0.0601506,-0.0613592,-1.28236,-1.28241,2.31361,2.31208,0.331365,0.332508,3.00507,3.00353,1.45728,1.45728,-1.29315,-1.29315,
70850.8,-0.0601506,-0.0613592,-1.28236,-1.28241,2.31361,2.31208,0.331365,0.332508,3.00507,3.00353,1.45728,1.45728,-1.29315,-1.29315,
70870.8,-0.0601506,-0.0613592,-1.28236,-1.28241,2.31361,2.31208,0.331365,0.332508,3.00507,3.00353,1.45728,1.45728,-1.29315,-1.29315,
70890.8,-0.0601506,-0.0613592,-1.28236,-1.28241,2.31361,2.31208,0.331365,0.332508,3.00507,3.00353,1.45728,1.45728,-1.29315,-1.29315,
70910.8,-0.0601506,-0.0613592,-1.28236,-1.28241,2.31361,2.31208,0.331365,0.332508,3.00507,3.00353,1.45728,1.45882,-1.29315,-1.29468,
70930.8,-0.0601506,-0.0613592,-1.28236,-1.28241,2.31361,2.31208,0.331365,0.332508,3.00507,3.00353,1.45728,1.45882,-1.29315,-1.29468,
70950.8,-0.0601506,-0.0613592,-1.28236,-1.28241,2.31361,2.31208,0.331365,0.332508,3.00507,3.00353,1.45728,1.45882,-1.29315,-1.29468,
70970.8,-0.0601506,-0.0613592,-1.28236,-1.28241,2.31361,2.31208,0.331365,0.332508,3.00507,3.00353,1.45728,1.45882,-1.29315,-1.29468,
70990.8,-0.0601506,-0.0613592,-1.28236,-1.28241,2.31361,2.31208,0.331365,0.332508,3.00507,3.00353,1.45728,1.45882,-1.29315,-1.29468,
71010.8,-0.0601506,-0.0613592,-1.28236,-1.28241,2.31361,2.31208,0.331365,0.332508,3.00507,3.00353,1.45728,1.45882,-1.29315,-1.29468,
71030.8,-0.0601506,-0.0613592,-1.28236,-1.28241,2.31361,2.31208,0.331365,0.332508,3.00507,3.00353,1.45728,1.45728,-1.29315,-1.29468,
71050.8,-0.0601506,-0.0613592,-1.28236,-1.28241,2.31361,2.31208,0.331365,0.332508,3.00507,3.00353,1.45728,1.45728,-1.29315,-1.29468,
71070.7,-0.0601506,-0.0613592,-1.28236,-1.28241,2.31361,2.31208,0.331365,0.332508,3.00507,3.00353,1.45728,1.45728,-1.29315,-1.29468,
71090.8,-0.0601506,-0.0613592,-1.28236,-1.28241,2.31361,2.31208,0.331365,0.332508,3.00507,3.00353,1.45728,1.45728,-1.29315,-1.29468,
71110.8,-0.0601506,-0.0613592,-1.28236,-1.28241,2.31361,2.31208,0.331365,0.332508,3.00507,3.00353,1.45728,1.45728,-1.29315,-1.29468,
71130.7,-0.0601506,-0.0613592,-1.28236,-1.28241,2.31361,2.31208,0.331365,0.332508,3.00507,3.00353,1.45728,1.45728,-1.29315,-1.29468,
71150.8,-0.0601506,-0.0613592,-1.28236,-1.28241,2.31361,2.31208,0.331365,0.332508,3.00507,3.00353,1.45728,1.45728,-1.29315,-1.29468,
71170.7,-0.0601506,-0.0613592,-1.28236,-1.28241,2.31361,2.31208,0.331365,0.332508,3.00507,3.00353,1.45728,1.45728,-1.29315,-1.29468,
71190.7,-0.0601506,-0.0613592,-1.28236,-1.28241,2.31361,2.31208,0.331365,0.332508,3.00507,3.00353,1.45728,1.45728,-1.29315,-1.29468,
71210.8,-0.0601506,-0.0613592,-1.28236,-1.28241,2.31361,2.31208,0.331365,0.332508,3.00507,3.00353,1.45728,1.45728,-1.29315,-1.29468,
71230.7,-0.0601506,-0.0613592,-1.28236,-1.28241,2.31361,2.31208,0.331365,0.334042,3.00507,3.00353,1.45728,1.45728,-1.29315,-1.29315,
71250.7,-0.0601506,-0.0613592,-1.28236,-1.28241,2.31361,2.31208,0.331365,0.334042,3.00507,3.00353,1.45728,1.45728,-1.29315,-1.29315,
71270.7,-0.0601506,-0.0613592,-1.28236,-1.28241,2.31361,2.31208,0.331365,0.334042,3.00507,3.00353,1.45728,1.45728,-1.29315,-1.29315,
71290.6,-0.0601506,-0.0613592,-1.28236,-1.28241,2.31361,2.31208,0.331365,0.334042,3.00507,3.00353,1.45728,1.45728,-1.29315,-1.29315,
71310.6,-0.0601506,-0.0613592,-1.28236,-1.28241,2.31361,2.31208,0.331365,0.334042,3.00507,3.00353,1.45728,1.45882,-1.29315,-1.29468,
71330.6,-0.0601506,-0.0613592,-1.28236,-1.28241,2.31361,2.31208,0.331365,0.334042,3.00507,3.00353,1.45728,1.45882,-1.29315,-1.29468,
71350.7,-0.0601506,-0.0613592,-1.28236,-1.28241,2.31361,2.31208,0.331365,0.334042,3.00507,3.00353,1.45728,1.45882,-1.29315,-1.29468,
71370.7,-0.0601506,-0.0613592,-1.28236,-1.28241,2.31361,2.31208,0.331365,0.334042,3.00507,3.00353,1.45728,1.45882,-1.29315,-1.29468,
71390.7,-0.0601506,-0.0613592,-1.28236,-1.28241,2.31361,2.31208,0.331365,0.334042,3.00507,3.00353,1.45728,1.45882,-1.29315,-1.29468,
71410.7,-0.0601506,-0.0613592,-1.28236,-1.28241,2.31361,2.31208,0.331365,0.334042,3.00507,3.00353,1.45728,1.45882,-1.29315,-1.29468,
71430.7,-0.0601506,-0.0613592,-1.28236,-1.28241,2.31361,2.31208,0.331365,0.332508,3.00507,3.00353,1.45728,1.45728,-1.29315,-1.29468,
71450.6,-0.0601506,-0.0613592,-1.28236,-1.28241,2.31361,2.31208,0.331365,0.332508,3.00507,3.00353,1.45728,1.45728,-1.29315,-1.29468,
71470.7,-0.0601506,-0.0613592,-1.28236,-1.28241,2.31361,2.31208,0.331365,0.332508,3.00507,3.00353,1.45728,1.45728,-1.29315,-1.29468,
71490.6,-0.0601506,-0.0613592,-1.28236,-1.28241,2.31361,2.31208,0.331365,0.332508,3.00507,3.00353,1.45728,1.45728,-1.29315,-1.29468,
71510.7,-0.0601506,-0.0613592,-1.28236,-1.28241,2.31361,2.31208,0.331365,0.332508,3.00507,3.00353,1.45728,1.45728,-1.29315,-1.29468,
71530.7,-0.0601506,-0.0613592,-1.28236,-1.28241,2.31361,2.31208,0.331365,0.332508,3.00507,3.00353,1.45728,1.45728,-1.29315,-1.29468,
71550.7,-0.0601506,-0.0613592,-1.28236,-1.28241,2.31361,2.31208,0.331365,0.332508,3.00507,3.00353,1.45728,1.45728,-1.29315,-1.29468,
71570.7,-0.0601506,-0.0613592,-1.28236,-1.28241,2.31361,2.31208,0.331365,0.332508,3.00507,3.00353,1.45728,1.45728,-1.29315,-1.29468,
71590.7,-0.0601506,-0.0613592,-1.28236,-1.28241,2.31361,2.31208,0.331365,0.332508,3.00507,3.00353,1.45728,1.45728,-1.29315,-1.29468,
71610.7,-0.0601506,-0.0613592,-1.28236,-1.28241,2.31361,2.31208,0.331365,0.332508,3.00507,3.00353,1.45728,1.45728,-1.29315,-1.29468,
71630.7,-0.0601506,-0.0613592,-1.28236,-1.28241,2.31361,2.31208,0.331365,0.332508,3.00507,3.00353,1.45728,1.45728,-1.29315,-1.29315,
71650.8,-0.0601506,-0.0613592,-1.28236,-1.28241,2.31361,2.31208,0.331365,0.332508,3.00507,3.00353,1.45728,1.45728,-1.29315,-1.29315,
71670.7,-0.0601506,-0.0613592,-1.28236,-1.28241,2.31361,2.31208,0.331365,0.332508,3.00507,3.00353,1.45728,1.45728,-1.29315,-1.29315,
71690.7,-0.0601506,-0.0613592,-1.28236,-1.28241,2.31361,2.31208,0.331365,0.332508,3.00507,3.00353,1.45728,1.45728,-1.29315,-1.29315,
71710.7,-0.0601506,-0.0613592,-1.28236,-1.28241,2.31361,2.31361,0.331365,0.332508,3.00507,3.00353,1.45728,1.45728,-1.29315,-1.29468,
71730.8,-0.0601506,-0.0613592,-1.28236,-1.28241,2.31361,2.31361,0.331365,0.332508,3.00507,3.00353,1.45728,1.45728,-1.29315,-1.29468,
71750.7,-0.0601506,-0.0613592,-1.28236,-1.28241,2.31361,2.31361,0.331365,0.332508,3.00507,3.00353,1.45728,1.45728,-1.29315,-1.29468,
71770.7,-0.0601506,-0.0613592,-1.28236,-1.28241,2.31361,2.31361,0.331365,0.332508,3.00507,3.00353,1.45728,1.45728,-1.29315,-1.29468,
71790.7,-0.0601506,-0.0613592,-1.28236,-1.28241,2.31361,2.31361,0.331365,0.332508,3.00507,3.00353,1.45728,1.45728,-1.29315,-1.29468,
71810.7,-0.0601506,-0.0613592,-1.28236,-1.28241,2.31361,2.31361,0.331365,0.332508,3.00507,3.00353,1.45728,1.45728,-1.29315,-1.29468,
71830.8,-0.0601506,-0.0613592,-1.28236,-1.28241,2.31361,2.31208,0.331365,0.332508,3.00507,3.00353,1.45728,1.45728,-1.29315,-1.29468,
71850.7,-0.0601506,-0.0613592,-1.28236,-1.28241,2.31361,2.31208,0.331365,0.332508,3.00507,3.00353,1.45728,1.45728,-1.29315,-1.29468,
71870.7,-0.0601506,-0.0613592,-1.28236,-1.28241,2.31361,2.31208,0.331365,0.332508,3.00507,3.00353,1.45728,1.45728,-1.29315,-1.29468,
71890.8,-0.0601506,-0.0613592,-1.28236,-1.28241,2.31361,2.31208,0.331365,0.332508,3.00507,3.00353,1.45728,1.45728,-1.29315,-1.29468,
71910.8,-0.0601506,-0.0613592,-1.28236,-1.28241,2.31361,2.31208,0.331365,0.332508,3.00507,3.00353,1.45728,1.45728,-1.29315,-1.29468,
71930.8,-0.0601506,-0.0613592,-1.28236,-1.28241,2.31361,2.31361,0.331365,0.332508,3.00507,3.00353,1.45728,1.45728,-1.29315,-1.29315,
71950.6,-0.0601506,-0.0613592,-1.28236,-1.28241,2.31361,2.31361,0.331365,0.332508,3.00507,3.00353,1.45728,1.45728,-1.29315,-1.29315,
71970.8,-0.0601506,-0.0613592,-1.28236,-1.28241,2.31361,2.31361,0.331365,0.332508,3.00507,3.00353,1.45728,1.45728,-1.29315,-1.29315,
71990.7,-0.0601506,-0.0613592,-1.28236,-1.28241,2.31361,2.31361,0.331365,0.332508,3.00507,3.00353,1.45728,1.45728,-1.29315,-1.29315,
72010.7,-0.0601506,-0.0613592,-1.28236,-1.28241,2.31361,2.31361,0.331365,0.332508,3.00507,3.00353,1.45728,1.45728,-1.29315,-1.29315,
72030.7,-0.0601506,-0.0613592,-1.28236,-1.28241,2.31361,2.31208,0.331365,0.334042,3.00507,3.00353,1.45728,1.45728,-1.29315,-1.29468,
72050.8,-0.0601506,-0.0613592,-1.28236,-1.28241,2.31361,2.31208,0.331365,0.334042,3.00507,3.00353,1.45728,1.45728,-1.29315,-1.29468,
72070.6,-0.0601506,-0.0613592,-1.28236,-1.28241,2.31361,2.31208,0.331365,0.334042,3.00507,3.00353,1.45728,1.45728,-1.29315,-1.29468,
72090.6,-0.0601506,-0.0613592,-1.28236,-1.28241,2.31361,2.31208,0.331365,0.334042,3.00507,3.00353,1.45728,1.45728,-1.29315,-1.29468,
72110.6,-0.0601506,-0.0613592,-1.28236,-1.28241,2.31361,2.31208,0.331365,0.332508,3.00507,3.00353,1.45728,1.45882,-1.29315,-1.29315,
72130.8,-0.0601506,-0.0613592,-1.28236,-1.28241,2.31361,2.31208,0.331365,0.332508,3.00507,3.00353,1.45728,1.45882,-1.29315,-1.29315,
72150.8,-0.0601506,-0.0613592,-1.28236,-1.28241,2.31361,2.31208,0.331365,0.332508,3.00507,3.00353,1.45728,1.45882,-1.29315,-1.29315,
72170.6,-0.0601506,-0.0613592,-1.28236,-1.28241,2.31361,2.31208,0.331365,0.332508,3.00507,3.00353,1.45728,1.45882,-1.29315,-1.29315,
72190.7,-0.0601506,-0.0613592,-1.28236,-1.28241,2.31361,2.31208,0.331365,0.332508,3.00507,3.00353,1.45728,1.45882,-1.29315,-1.29315,
72210.7,-0.0601506,-0.0613592,-1.28236,-1.28241,2.31361,2.31208,0.331365,0.332508,3.00507,3.00353,1.45728,1.45882,-1.29315,-1.29315,
72230.8,-0.0601506,-0.0613592,-1.28236,-1.28241,2.31361,2.31208,0.331365,0.332508,3.00507,3.00353,1.45728,1.45728,-1.29315,-1.29315,
72250.8,-0.0601506,-0.0613592,-1.28236,-1.28241,2.31361,2.31208,0.331365,0.332508,3.00507,3.00353,1.45728,1.45728,-1.29315,-1.29315,
72270.7,-0.0601506,-0.0613592,-1.28236,-1.28241,2.31361,2.31208,0.331365,0.332508,3.00507,3.00353,1.45728,1.45728,-1.29315,-1.29315,
72290.8,-0.0601506,-0.0613592,-1.28236,-1.28241,2.31361,2.31208,0.331365,0.332508,3.00507,3.00353,1.45728,1.45728,-1.29315,-1.29315,
72310.8,-0.0601506,-0.0613592,-1.28236,-1.28241,2.31361,2.31208,0.331365,0.332508,3.00507,3.00353,1.45728,1.45728,-1.29315,-1.29315,
72330.8,-0.0601506,-0.0613592,-1.28236,-1.28241,2.31361,2.31208,0.331365,0.332508,3.00507,3.00353,1.45728,1.45728,-1.29315,-1.29468,
72350.8,-0.0601506,-0.0613592,-1.28236,-1.28241,2.31361,2.31208,0.331365,0.332508,3.00507,3.00353,1.45728,1.45728,-1.29315,-1.29468,
72370.8,-0.0601506,-0.0613592,-1.28236,-1.28241,2.31361,2.31208,0.331365,0.332508,3.00507,3.00353,1.45728,1.45728,-1.29315,-1.29468,
72390.8,-0.0601506,-0.0613592,-1.28236,-1.28241,2.31361,2.31208,0.331365,0.332508,3.00507,3.00353,1.45728,1.45728,-1.29315,-1.29468,
72410.8,-0.0601506,-0.0613592,-1.28236,-1.28241,2.31361,2.31208,0.331365,0.332508,3.00507,3.00353,1.45728,1.45728,-1.29315,-1.29468,
72430.8,-0.0601506,-0.0613592,-1.28236,-1.28241,2.31361,2.31208,0.331365,0.332508,3.00507,3.00353,1.45728,1.45728,-1.29315,-1.29315,
72450.9,-0.0601506,-0.0613592,-1.28236,-1.28241,2.31361,2.31208,0.331365,0.332508,3.00507,3.00353,1.45728,1.45728,-1.29315,-1.29315,
72470.8,-0.0601506,-0.0613592,-1.28236,-1.28241,2.31361,2.31208,0.331365,0.332508,3.00507,3.00353,1.45728,1.45728,-1.29315,-1.29315,
72490.8,-0.0601506,-0.0613592,-1.28236,-1.28241,2.31361,2.31208,0.331365,0.332508,3.00507,3.00353,1.45728,1.45728,-1.29315,-1.29315,
72510.8,-0.0601506,-0.0613592,-1.28236,-1.28241,2.31361,2.31208,0.331365,0.332508,3.00507,3.00353,1.45728,1.45728,-1.29315,-1.29315,
72530.8,-0.0601506,-0.0613592,-1.28236,-1.28241,2.31361,2.31208,0.331365,0.332508,3.00507,3.00353,1.45728,1.45728,-1.29315,-1.29315,
72550.8,-0.0601506,-0.0613592,-1.28236,-1.28241,2.31361,2.31208,0.331365,0.332508,3.00507,3.00353,1.45728,1.45728,-1.29315,-1.29315,
72570.8,-0.0601506,-0.0613592,-1.28236,-1.28241,2.31361,2.31208,0.331365,0.332508,3.00507,3.00353,1.45728,1.45728,-1.29315,-1.29315,
72590.8,-0.0601506,-0.0613592,-1.28236,-1.28241,2.31361,2.31208,0.331365,0.332508,3.00507,3.00353,1.45728,1.45728,-1.29315,-1.29315,
72610.6,-0.0601506,-0.0613592,-1.28236,-1.28241,2.31361,2.31208,0.331365,0.332508,3.00507,3.00353,1.45728,1.45728,-1.29315,-1.29468,
72630.8,-0.0601506,-0.0613592,-1.28236,-1.28241,2.31361,2.31208,0.331365,0.332508,3.00507,3.00353,1.45728,1.45728,-1.29315,-1.29468,
72650.8,-0.0601506,-0.0613592,-1.28236,-1.28241,2.31361,2.31208,0.331365,0.332508,3.00507,3.00353,1.45728,1.45728,-1.29315,-1.29468,
72670.8,-0.0601506,-0.0613592,-1.28236,-1.28241,2.31361,2.31208,0.331365,0.332508,3.00507,3.00353,1.45728,1.45728,-1.29315,-1.29468,
72690.8,-0.0601506,-0.0613592,-1.28236,-1.28241,2.31361,2.31208,0.331365,0.332508,3.00507,3.00353,1.45728,1.45728,-1.29315,-1.29468,
72710.8,-0.0601506,-0.0613592,-1.28236,-1.28241,2.31361,2.31208,0.331365,0.332508,3.00507,3.00353,1.45728,1.45728,-1.29315,-1.29468,
72730.8,-0.0601506,-0.0613592,-1.28236,-1.28241,2.31361,2.31208,0.331365,0.332508,3.00507,3.00353,1.45728,1.45728,-1.29315,-1.29468,
72750.8,-0.0601506,-0.0613592,-1.28236,-1.28241,2.31361,2.31208,0.331365,0.332508,3.00507,3.00353,1.45728,1.45728,-1.29315,-1.29315,
72770.8,-0.0601506,-0.0613592,-1.28236,-1.28241,2.31361,2.31208,0.331365,0.332508,3.00507,3.00353,1.45728,1.45728,-1.29315,-1.29315,
72790.7,-0.0601506,-0.0613592,-1.28236,-1.28241,2.31361,2.31208,0.331365,0.332508,3.00507,3.00353,1.45728,1.45728,-1.29315,-1.29315,
72810.7,-0.0601506,-0.0613592,-1.28236,-1.28241,2.31361,2.31208,0.331365,0.332508,3.00507,3.00353,1.45728,1.45728,-1.29315,-1.29315,
72830.7,-0.0601506,-0.0613592,-1.28236,-1.28241,2.31361,2.31208,0.331365,0.332508,3.00507,3.00353,1.45728,1.45728,-1.29315,-1.29468,
72850.7,-0.0601506,-0.0613592,-1.28236,-1.28241,2.31361,2.31208,0.331365,0.332508,3.00507,3.00353,1.45728,1.45728,-1.29315,-1.29468,
72870.6,-0.0601506,-0.0613592,-1.28236,-1.28241,2.31361,2.31208,0.331365,0.332508,3.00507,3.00353,1.45728,1.45728,-1.29315,-1.29468,
72890.7,-0.0601506,-0.0613592,-1.28236,-1.28241,2.31361,2.31208,0.331365,0.332508,3.00507,3.00353,1.45728,1.45728,-1.29315,-1.29468,
72910.7,-0.0601506,-0.0613592,-1.28236,-1.28241,2.31361,2.31208,0.331365,0.332508,3.00507,3.00353,1.45728,1.45728,-1.29315,-1.29468,
72930.8,-0.0601506,-0.0613592,-1.28236,-1.28241,2.31361,2.31208,0.331365,0.332508,3.00507,3.00353,1.45728,1.45728,-1.29315,-1.29468,
72950.7,-0.0601506,-0.0613592,-1.28236,-1.28241,2.31361,2.31208,0.331365,0.332508,3.00507,3.00353,1.45728,1.45728,-1.29315,-1.29468,
72970.6,-0.0601506,-0.0613592,-1.28236,-1.28241,2.31361,2.31208,0.331365,0.332508,3.00507,3.00353,1.45728,1.45728,-1.29315,-1.29468,
72990.7,-0.0601506,-0.0613592,-1.28236,-1.28241,2.31361,2.31208,0.331365,0.332508,3.00507,3.00353,1.45728,1.45728,-1.29315,-1.29468,
73010.7,-0.0601506,-0.0613592,-1.28236,-1.28241,2.31361,2.31208,0.331365,0.332508,3.00507,3.00353,1.45728,1.45728,-1.29315,-1.29468,
73030.8,-0.0601506,-0.0613592,-1.28236,-1.28241,2.31361,2.31208,0.331365,0.332508,3.00507,3.00353,1.45728,1.45728,-1.29315,-1.29468,
73050.8,-0.0601506,-0.0613592,-1.28236,-1.28241,2.31361,2.31208,0.331365,0.332508,3.00507,3.00353,1.45728,1.45728,-1.29315,-1.29468,
73070.7,-0.0601506,-0.0613592,-1.28236,-1.28241,2.31361,2.31208,0.331365,0.332508,3.00507,3.00353,1.45728,1.45728,-1.29315,-1.29468,
73090.7,-0.0601506,-0.0613592,-1.28236,-1.28241,2.31361,2.31208,0.331365,0.332508,3.00507,3.00353,1.45728,1.45728,-1.29315,-1.29468,
73110.7,-0.0601506,-0.0613592,-1.28236,-1.28241,2.31361,2.31208,0.331365,0.332508,3.00507,3.00353,1.45728,1.45728,-1.29315,-1.29468,
73130.8,-0.0601506,-0.0613592,-1.28236,-1.28241,2.31361,2.31208,0.331365,0.332508,3.00507,3.00353,1.45728,1.45728,-1.29315,-1.29468,
73150.8,-0.0601506,-0.0613592,-1.28236,-1.28241,2.31361,2.31208,0.331365,0.332508,3.00507,3.00353,1.45728,1.45728,-1.29315,-1.29468,
73170.8,-0.0601506,-0.0613592,-1.28236,-1.28241,2.31361,2.31208,0.331365,0.332508,3.00507,3.00353,1.45728,1.45728,-1.29315,-1.29468,
73190.8,-0.0601506,-0.0613592,-1.28236,-1.28241,2.31361,2.31208,0.331365,0.332508,3.00507,3.00353,1.45728,1.45728,-1.29315,-1.29468,
73210.8,-0.0601506,-0.0613592,-1.28236,-1.28241,2.31361,2.31208,0.331365,0.332508,3.00507,3.00353,1.45728,1.45728,-1.29315,-1.29468,
73230.8,-0.0601506,-0.0613592,-1.28236,-1.28241,2.31361,2.31208,0.331365,0.332508,3.00507,3.00353,1.45728,1.45728,-1.29315,-1.29468,
73250.8,-0.0601506,-0.0613592,-1.28236,-1.28241,2.31361,2.31208,0.331365,0.332508,3.00507,3.00353,1.45728,1.45728,-1.29315,-1.29468,
73270.7,-0.0601506,-0.0613592,-1.28236,-1.28241,2.31361,2.31208,0.331365,0.332508,3.00507,3.00353,1.45728,1.45728,-1.29315,-1.29468,
73290.7,-0.0601506,-0.0613592,-1.28236,-1.28241,2.31361,2.31208,0.331365,0.332508,3.00507,3.00353,1.45728,1.45728,-1.29315,-1.29468,
73310.8,-0.0601506,-0.0613592,-1.28236,-1.28241,2.31361,2.31208,0.331365,0.332508,3.00507,3.00353,1.45728,1.45728,-1.29315,-1.29468,
73330.8,-0.0601506,-0.0613592,-1.28236,-1.28241,2.31361,2.31208,0.331365,0.332508,3.00507,3.00353,1.45728,1.45728,-1.29315,-1.29468,
73350.7,-0.0601506,-0.0613592,-1.28236,-1.28241,2.31361,2.31208,0.331365,0.332508,3.00507,3.00353,1.45728,1.45728,-1.29315,-1.29468,
73370.7,-0.0601506,-0.0613592,-1.28236,-1.28241,2.31361,2.31208,0.331365,0.332508,3.00507,3.00353,1.45728,1.45728,-1.29315,-1.29468,
73390.8,-0.0601506,-0.0613592,-1.28236,-1.28241,2.31361,2.31208,0.331365,0.332508,3.00507,3.00353,1.45728,1.45728,-1.29315,-1.29468,
73410.8,-0.0601506,-0.0613592,-1.28236,-1.28241,2.31361,2.31208,0.331365,0.332508,3.00507,3.00353,1.45728,1.45728,-1.29315,-1.29468,
73430.7,-0.0601506,-0.0613592,-1.28236,-1.28087,2.31361,2.31208,0.331365,0.332508,3.00507,3.00353,1.45728,1.45728,-1.29315,-1.29468,
73450.8,-0.0601506,-0.0613592,-1.28236,-1.28087,2.31361,2.31208,0.331365,0.332508,3.00507,3.00353,1.45728,1.45728,-1.29315,-1.29468,
73470.8,-0.0601506,-0.0613592,-1.28236,-1.28087,2.31361,2.31208,0.331365,0.332508,3.00507,3.00353,1.45728,1.45728,-1.29315,-1.29468,
73490.8,-0.0601506,-0.0613592,-1.28236,-1.28087,2.31361,2.31208,0.331365,0.332508,3.00507,3.00353,1.45728,1.45728,-1.29315,-1.29468,
73510.8,-0.0601506,-0.0613592,-1.28236,-1.28087,2.31361,2.31208,0.331365,0.332508,3.00507,3.00353,1.45728,1.45728,-1.29315,-1.29468,
73530.8,-0.0601506,-0.0613592,-1.28236,-1.28241,2.31361,2.31208,0.331365,0.332508,3.00507,3.00353,1.45728,1.45728,-1.29315,-1.29315,
73550.8,-0.0601506,-0.0613592,-1.28236,-1.28241,2.31361,2.31208,0.331365,0.332508,3.00507,3.00353,1.45728,1.45728,-1.29315,-1.29315,
73570.8,-0.0601506,-0.0613592,-1.28236,-1.28241,2.31361,2.31208,0.331365,0.332508,3.00507,3.00353,1.45728,1.45728,-1.29315,-1.29315,
73590.8,-0.0601506,-0.0613592,-1.28236,-1.28241,2.31361,2.31208,0.331365,0.332508,3.00507,3.00353,1.45728,1.45728,-1.29315,-1.29315,
73610.7,-0.0601506,-0.0613592,-1.28236,-1.28241,2.31361,2.31208,0.331365,0.332508,3.00507,3.00353,1.45728,1.45728,-1.29315,-1.29315,
73630.7,-0.0601506,-0.0613592,-1.28236,-1.28241,2.31361,2.31208,0.331365,0.332508,3.00507,3.00353,1.45728,1.45728,-1.29315,-1.29315,
73650.8,-0.0601506,-0.0613592,-1.28236,-1.28241,2.31361,2.31208,0.331365,0.332508,3.00507,3.00353,1.45728,1.45728,-1.29315,-1.29315,
73670.8,-0.0601506,-0.0613592,-1.28236,-1.28241,2.31361,2.31208,0.331365,0.332508,3.00507,3.00353,1.45728,1.45728,-1.29315,-1.29315,
73690.7,-0.0601506,-0.0613592,-1.28236,-1.28241,2.31361,2.31208,0.331365,0.332508,3.00507,3.00353,1.45728,1.45728,-1.29315,-1.29315,
73710.7,-0.0601506,-0.0613592,-1.28236,-1.28241,2.31361,2.31208,0.331365,0.332508,3.00507,3.00353,1.45728,1.45728,-1.29315,-1.29468,
73730.7,-0.0601506,-0.0613592,-1.28236,-1.28241,2.31361,2.31208,0.331365,0.332508,3.00507,3.00353,1.45728,1.45728,-1.29315,-1.29468,
73750.7,-0.0601506,-0.0613592,-1.28236,-1.28241,2.31361,2.31208,0.331365,0.332508,3.00507,3.00353,1.45728,1.45728,-1.29315,-1.29468,
73770.8,-0.0601506,-0.0613592,-1.28236,-1.28241,2.31361,2.31208,0.331365,0.332508,3.00507,3.00353,1.45728,1.45728,-1.29315,-1.29468,
73790.9,-0.0601506,-0.0613592,-1.28236,-1.28241,2.31361,2.31208,0.331365,0.332508,3.00507,3.00353,1.45728,1.45728,-1.29315,-1.29468,
73810.7,-0.0601506,-0.0613592,-1.28236,-1.28241,2.31361,2.31208,0.331365,0.332508,3.00507,3.00353,1.45728,1.45728,-1.29315,-1.29468,
73830.8,-0.0601506,-0.0613592,-1.28236,-1.28241,2.31361,2.31361,0.331365,0.332508,3.00507,3.00353,1.45728,1.45728,-1.29315,-1.29468,
73850.8,-0.0601506,-0.0613592,-1.28236,-1.28241,2.31361,2.31361,0.331365,0.332508,3.00507,3.00353,1.45728,1.45728,-1.29315,-1.29468,
73870.8,-0.0601506,-0.0613592,-1.28236,-1.28241,2.31361,2.31361,0.331365,0.332508,3.00507,3.00353,1.45728,1.45728,-1.29315,-1.29468,
73890.7,-0.0601506,-0.0613592,-1.28236,-1.28241,2.31361,2.31361,0.331365,0.332508,3.00507,3.00353,1.45728,1.45728,-1.29315,-1.29468,
73910.8,-0.0601506,-0.0613592,-1.28236,-1.28241,2.31361,2.31361,0.331365,0.332508,3.00507,3.00353,1.45728,1.45728,-1.29315,-1.29468,
73930.8,-0.0601506,-0.0613592,-1.28236,-1.28241,2.31361,2.31208,0.331365,0.332508,3.00507,3.00353,1.45728,1.45728,-1.29315,-1.29315,
73950.8,-0.0601506,-0.0613592,-1.28236,-1.28241,2.31361,2.31208,0.331365,0.332508,3.00507,3.00353,1.45728,1.45728,-1.29315,-1.29315,
73970.8,-0.0601506,-0.0613592,-1.28236,-1.28241,2.31361,2.31208,0.331365,0.332508,3.00507,3.00353,1.45728,1.45728,-1.29315,-1.29315,
73990.8,-0.0601506,-0.0613592,-1.28236,-1.28241,2.31361,2.31208,0.331365,0.332508,3.00507,3.00353,1.45728,1.45728,-1.29315,-1.29315,
74010.8,-0.0601506,-0.0613592,-1.28236,-1.28241,2.31361,2.31208,0.331365,0.332508,3.00507,3.00353,1.45728,1.45728,-1.29315,-1.29315,
74030.8,-0.0601506,-0.0613592,-1.28236,-1.28241,2.31361,2.31208,0.331365,0.332508,3.00507,3.00353,1.45728,1.45728,-1.29315,-1.29468,
74050.8,-0.0601506,-0.0613592,-1.28236,-1.28241,2.31361,2.31208,0.331365,0.332508,3.00507,3.00353,1.45728,1.45728,-1.29315,-1.29468,
74070.7,-0.0601506,-0.0613592,-1.28236,-1.28241,2.31361,2.31208,0.331365,0.332508,3.00507,3.00353,1.45728,1.45728,-1.29315,-1.29468,
74090.8,-0.0601506,-0.0613592,-1.28236,-1.28241,2.31361,2.31208,0.331365,0.332508,3.00507,3.00353,1.45728,1.45728,-1.29315,-1.29468,
74110.7,-0.0601506,-0.0613592,-1.28236,-1.28241,2.31361,2.31208,0.331365,0.332508,3.00507,3.00353,1.45728,1.45728,-1.29315,-1.29468,
74130.6,-0.0601506,-0.0613592,-1.28236,-1.28241,2.31361,2.31208,0.331365,0.332508,3.00507,3.00353,1.45728,1.45728,-1.29315,-1.29468,
74150.7,-0.0601506,-0.0613592,-1.28236,-1.28241,2.31361,2.31208,0.331365,0.332508,3.00507,3.00353,1.45728,1.45728,-1.29315,-1.29468,
74170.7,-0.0601506,-0.0613592,-1.28236,-1.28241,2.31361,2.31208,0.331365,0.332508,3.00507,3.00353,1.45728,1.45728,-1.29315,-1.29468,
74190.8,-0.0601506,-0.0613592,-1.28236,-1.28241,2.31361,2.31208,0.331365,0.332508,3.00507,3.00353,1.45728,1.45728,-1.29315,-1.29468,
74210.8,-0.0601506,-0.0613592,-1.28236,-1.28241,2.31361,2.31208,0.331365,0.332508,3.00507,3.00353,1.45728,1.45728,-1.29315,-1.29468,
74230.8,-0.0601506,-0.0613592,-1.28236,-1.28241,2.31361,2.31208,0.331365,0.332508,3.00507,3.00353,1.45728,1.45728,-1.29315,-1.29468,
74250.8,-0.0601506,-0.0613592,-1.28236,-1.28241,2.31361,2.31208,0.331365,0.332508,3.00507,3.00353,1.45728,1.45728,-1.29315,-1.29468,
74270.7,-0.0601506,-0.0613592,-1.28236,-1.28241,2.31361,2.31208,0.331365,0.332508,3.00507,3.00353,1.45728,1.45728,-1.29315,-1.29468,
74290.8,-0.0601506,-0.0613592,-1.28236,-1.28241,2.31361,2.31208,0.331365,0.332508,3.00507,3.00353,1.45728,1.45728,-1.29315,-1.29468,
74310.7,-0.0601506,-0.0613592,-1.28236,-1.28241,2.31361,2.31208,0.331365,0.332508,3.00507,3.00353,1.45728,1.45728,-1.29315,-1.29468,
74330.7,-0.0601506,-0.0613592,-1.28236,-1.28241,2.31361,2.31361,0.331365,0.332508,3.00507,3.00353,1.45728,1.45728,-1.29315,-1.29468,
74350.8,-0.0601506,-0.0613592,-1.28236,-1.28241,2.31361,2.31361,0.331365,0.332508,3.00507,3.00353,1.45728,1.45728,-1.29315,-1.29468,
74370.8,-0.0601506,-0.0613592,-1.28236,-1.28241,2.31361,2.31361,0.331365,0.332508,3.00507,3.00353,1.45728,1.45728,-1.29315,-1.29468,
74390.8,-0.0601506,-0.0613592,-1.28236,-1.28241,2.31361,2.31361,0.331365,0.332508,3.00507,3.00353,1.45728,1.45728,-1.29315,-1.29468,
74410.8,-0.0601506,-0.0613592,-1.28236,-1.28241,2.31361,2.31361,0.331365,0.332508,3.00507,3.00353,1.45728,1.45728,-1.29315,-1.29468,
74430.8,-0.0601506,-0.0613592,-1.28236,-1.28241,2.31361,2.31208,0.331365,0.332508,3.00507,3.00353,1.45728,1.45728,-1.29315,-1.29468,
74450.8,-0.0601506,-0.0613592,-1.28236,-1.28241,2.31361,2.31208,0.331365,0.332508,3.00507,3.00353,1.45728,1.45728,-1.29315,-1.29468,
74470.8,-0.0601506,-0.0613592,-1.28236,-1.28241,2.31361,2.31208,0.331365,0.332508,3.00507,3.00353,1.45728,1.45728,-1.29315,-1.29468,
74490.7,-0.0601506,-0.0613592,-1.28236,-1.28241,2.31361,2.31208,0.331365,0.332508,3.00507,3.00353,1.45728,1.45728,-1.29315,-1.29468,
74510.8,-0.0601506,-0.0613592,-1.28236,-1.28241,2.31361,2.31208,0.331365,0.332508,3.00507,3.00353,1.45728,1.45728,-1.29315,-1.29468,
74530.7,-0.0601506,-0.0613592,-1.28236,-1.28241,2.31361,2.31208,0.331365,0.332508,3.00507,3.00353,1.45728,1.45728,-1.29315,-1.29468,
74550.8,-0.0601506,-0.0613592,-1.28236,-1.28241,2.31361,2.31208,0.331365,0.332508,3.00507,3.00353,1.45728,1.45728,-1.29315,-1.29468,
74570.7,-0.0601506,-0.0613592,-1.28236,-1.28241,2.31361,2.31208,0.331365,0.332508,3.00507,3.00353,1.45728,1.45728,-1.29315,-1.29468,
74590.8,-0.0601506,-0.0613592,-1.28236,-1.28241,2.31361,2.31208,0.331365,0.332508,3.00507,3.00353,1.45728,1.45728,-1.29315,-1.29468,
74610.6,-0.0601506,-0.0613592,-1.28236,-1.28241,2.31361,2.31208,0.331365,0.332508,3.00507,3.00353,1.45728,1.45728,-1.29315,-1.29468,
74630.7,-0.0601506,-0.0613592,-1.28236,-1.28241,2.31361,2.31208,0.331365,0.332508,3.00507,3.00353,1.45728,1.45728,-1.29315,-1.29468,
74650.8,-0.0601506,-0.0613592,-1.28236,-1.28241,2.31361,2.31208,0.331365,0.332508,3.00507,3.00353,1.45728,1.45728,-1.29315,-1.29468,
74670.8,-0.0601506,-0.0613592,-1.28236,-1.28241,2.31361,2.31208,0.331365,0.332508,3.00507,3.00353,1.45728,1.45728,-1.29315,-1.29468,
74690.8,-0.0601506,-0.0613592,-1.28236,-1.28241,2.31361,2.31208,0.331365,0.332508,3.00507,3.00353,1.45728,1.45728,-1.29315,-1.29468,
74710.8,-0.0601506,-0.0613592,-1.28236,-1.28241,2.31361,2.31208,0.331365,0.332508,3.00507,3.00353,1.45728,1.45728,-1.29315,-1.29468,
74730.8,-0.0601506,-0.0613592,-1.28236,-1.28241,2.31361,2.31208,0.331365,0.332508,3.00507,3.00353,1.45728,1.45728,-1.29315,-1.29468,
74750.8,-0.0601506,-0.0613592,-1.28236,-1.28241,2.31361,2.31208,0.331365,0.332508,3.00507,3.00353,1.45728,1.45728,-1.29315,-1.29468,
74770.8,-0.0601506,-0.0613592,-1.28236,-1.28241,2.31361,2.31208,0.331365,0.332508,3.00507,3.00353,1.45728,1.45728,-1.29315,-1.29468,
74790.8,-0.0601506,-0.0613592,-1.28236,-1.28241,2.31361,2.31208,0.331365,0.332508,3.00507,3.00353,1.45728,1.45728,-1.29315,-1.29468,
74810.8,-0.0601506,-0.0613592,-1.28236,-1.28241,2.31361,2.31208,0.331365,0.332508,3.00507,3.00353,1.45728,1.45728,-1.29315,-1.29468,
74830.8,-0.0601506,-0.0613592,-1.28236,-1.28241,2.31361,2.31361,0.331365,0.332508,3.00507,3.00353,1.45728,1.45728,-1.29315,-1.29468,
74850.8,-0.0601506,-0.0613592,-1.28236,-1.28241,2.31361,2.31361,0.331365,0.332508,3.00507,3.00353,1.45728,1.45728,-1.29315,-1.29468,
74870.8,-0.0601506,-0.0613592,-1.28236,-1.28241,2.31361,2.31361,0.331365,0.332508,3.00507,3.00353,1.45728,1.45728,-1.29315,-1.29468,
74890.8,-0.0601506,-0.0613592,-1.28236,-1.28241,2.31361,2.31361,0.331365,0.332508,3.00507,3.00353,1.45728,1.45728,-1.29315,-1.29468,
74910.7,-0.0601506,-0.0613592,-1.28236,-1.28241,2.31361,2.31208,0.331365,0.332508,3.00507,3.00353,1.45728,1.45728,-1.29315,-1.29468,
74930.7,-0.0601506,-0.0613592,-1.28236,-1.28241,2.31361,2.31208,0.331365,0.332508,3.00507,3.00353,1.45728,1.45728,-1.29315,-1.29468,
74950.8,-0.0601506,-0.0613592,-1.28236,-1.28241,2.31361,2.31208,0.331365,0.332508,3.00507,3.00353,1.45728,1.45728,-1.29315,-1.29468,
74970.7,-0.0601506,-0.0613592,-1.28236,-1.28241,2.31361,2.31208,0.331365,0.332508,3.00507,3.00353,1.45728,1.45728,-1.29315,-1.29468,
74990.8,-0.0601506,-0.0613592,-1.28236,-1.28241,2.31361,2.31208,0.331365,0.332508,3.00507,3.00353,1.45728,1.45728,-1.29315,-1.29468,
75010.8,-0.0601506,-0.0613592,-1.28236,-1.28241,2.31361,2.31361,0.331365,0.332508,3.00507,3.00353,1.45728,1.45728,-1.29315,-1.29468,
75030.8,-0.0601506,-0.0613592,-1.28236,-1.28241,2.31361,2.31361,0.331365,0.332508,3.00507,3.00353,1.45728,1.45728,-1.29315,-1.29468,
75050.8,-0.0601506,-0.0613592,-1.28236,-1.28241,2.31361,2.31361,0.331365,0.332508,3.00507,3.00353,1.45728,1.45728,-1.29315,-1.29468,
75070.8,-0.0601506,-0.0613592,-1.28236,-1.28241,2.31361,2.31361,0.331365,0.332508,3.00507,3.00353,1.45728,1.45728,-1.29315,-1.29468,
75090.8,-0.0601506,-0.0613592,-1.28236,-1.28241,2.31361,2.31361,0.331365,0.332508,3.00507,3.00353,1.45728,1.45728,-1.29315,-1.29468,
75110.7,-0.0601506,-0.0613592,-1.28236,-1.28241,2.31361,2.31361,0.331365,0.332508,3.00507,3.00353,1.45728,1.45728,-1.29315,-1.29468,
75130.7,-0.0601506,-0.0613592,-1.28236,-1.28241,2.31361,2.31208,0.331365,0.332508,3.00507,3.00353,1.45728,1.45728,-1.29315,-1.29468,
75150.8,-0.0601506,-0.0613592,-1.28236,-1.28241,2.31361,2.31208,0.331365,0.332508,3.00507,3.00353,1.45728,1.45728,-1.29315,-1.29468,
75170.7,-0.0601506,-0.0613592,-1.28236,-1.28241,2.31361,2.31208,0.331365,0.332508,3.00507,3.00353,1.45728,1.45728,-1.29315,-1.29468,
75190.8,-0.0601506,-0.0613592,-1.28236,-1.28241,2.31361,2.31208,0.331365,0.332508,3.00507,3.00353,1.45728,1.45728,-1.29315,-1.29468,
75210.8,-0.0601506,-0.0613592,-1.28236,-1.28241,2.31361,2.31208,0.331365,0.332508,3.00507,3.00353,1.45728,1.45728,-1.29315,-1.29468,
75230.8,-0.0601506,-0.0613592,-1.28236,-1.28241,2.31361,2.31208,0.331365,0.332508,3.00507,3.00353,1.45728,1.45728,-1.29315,-1.29468,
75250.8,-0.0601506,-0.0613592,-1.28236,-1.28241,2.31361,2.31208,0.331365,0.332508,3.00507,3.00353,1.45728,1.45728,-1.29315,-1.29468,
75270.8,-0.0601506,-0.0613592,-1.28236,-1.28241,2.31361,2.31208,0.331365,0.332508,3.00507,3.00353,1.45728,1.45728,-1.29315,-1.29468,
75290.7,-0.0601506,-0.0613592,-1.28236,-1.28241,2.31361,2.31208,0.331365,0.332508,3.00507,3.00353,1.45728,1.45728,-1.29315,-1.29468,
75310.8,-0.0601506,-0.0613592,-1.28236,-1.28241,2.31361,2.31208,0.331365,0.332508,3.00507,3.00353,1.45728,1.45728,-1.29315,-1.29468,
75330.8,-0.0601506,-0.0613592,-1.28236,-1.28241,2.31361,2.31208,0.331365,0.332508,3.00507,3.00353,1.45728,1.45728,-1.29315,-1.29468,
75350.8,-0.0601506,-0.0613592,-1.28236,-1.28241,2.31361,2.31208,0.331365,0.332508,3.00507,3.00353,1.45728,1.45728,-1.29315,-1.29468,
75370.8,-0.0601506,-0.0613592,-1.28236,-1.28241,2.31361,2.31208,0.331365,0.332508,3.00507,3.00353,1.45728,1.45728,-1.29315,-1.29468,
75390.8,-0.0601506,-0.0613592,-1.28236,-1.28241,2.31361,2.31208,0.331365,0.332508,3.00507,3.00353,1.45728,1.45728,-1.29315,-1.29468,
75410.8,-0.0601506,-0.0613592,-1.28236,-1.28241,2.31361,2.31208,0.331365,0.332508,3.00507,3.00353,1.45728,1.45728,-1.29315,-1.29468,
75430.8,-0.0601506,-0.0613592,-1.28236,-1.28241,2.31361,2.31208,0.331365,0.332508,3.00507,3.00353,1.45728,1.45728,-1.29315,-1.29468,
75450.8,-0.0601506,-0.0613592,-1.28236,-1.28241,2.31361,2.31208,0.331365,0.332508,3.00507,3.00353,1.45728,1.45728,-1.29315,-1.29468,
75470.8,-0.0601506,-0.0613592,-1.28236,-1.28241,2.31361,2.31208,0.331365,0.332508,3.00507,3.00353,1.45728,1.45728,-1.29315,-1.29468,
75490.8,-0.0601506,-0.0613592,-1.28236,-1.28241,2.31361,2.31208,0.331365,0.332508,3.00507,3.00353,1.45728,1.45728,-1.29315,-1.29468,
75510.8,-0.0601506,-0.0613592,-1.28236,-1.28241,2.31361,2.31208,0.331365,0.332508,3.00507,3.00353,1.45728,1.45728,-1.29315,-1.29468,
75530.8,-0.0601506,-0.0613592,-1.28236,-1.28241,2.31361,2.31361,0.331365,0.332508,3.00507,3.00353,1.45728,1.45728,-1.29315,-1.29468,
75550.8,-0.0601506,-0.0613592,-1.28236,-1.28241,2.31361,2.31361,0.331365,0.332508,3.00507,3.00353,1.45728,1.45728,-1.29315,-1.29468,
75570.7,-0.0601506,-0.0613592,-1.28236,-1.28241,2.31361,2.31361,0.331365,0.332508,3.00507,3.00353,1.45728,1.45728,-1.29315,-1.29468,
75590.7,-0.0601506,-0.0613592,-1.28236,-1.28241,2.31361,2.31361,0.331365,0.332508,3.00507,3.00353,1.45728,1.45728,-1.29315,-1.29468,
75610.7,-0.0601506,-0.0613592,-1.28236,-1.28241,2.31361,2.31361,0.331365,0.332508,3.00507,3.00353,1.45728,1.45728,-1.29315,-1.29468,
75630.7,-0.0601506,-0.0613592,-1.28236,-1.28241,2.31361,2.31208,0.331365,0.332508,3.00507,3.00353,1.45728,1.45728,-1.29315,-1.29315,
75650.8,-0.0601506,-0.0613592,-1.28236,-1.28241,2.31361,2.31208,0.331365,0.332508,3.00507,3.00353,1.45728,1.45728,-1.29315,-1.29315,
75670.8,-0.0601506,-0.0613592,-1.28236,-1.28241,2.31361,2.31208,0.331365,0.332508,3.00507,3.00353,1.45728,1.45728,-1.29315,-1.29315,
75690.8,-0.0601506,-0.0613592,-1.28236,-1.28241,2.31361,2.31208,0.331365,0.332508,3.00507,3.00353,1.45728,1.45728,-1.29315,-1.29315,
75710.8,-0.0601506,-0.0613592,-1.28236,-1.28241,2.31361,2.31208,0.331365,0.332508,3.00507,3.00353,1.45728,1.45728,-1.29315,-1.29315,
75730.7,-0.0601506,-0.0613592,-1.28236,-1.28241,2.31361,2.31208,0.331365,0.334042,3.00507,3.00353,1.45728,1.45728,-1.29315,-1.29468,
75750.7,-0.0601506,-0.0613592,-1.28236,-1.28241,2.31361,2.31208,0.331365,0.334042,3.00507,3.00353,1.45728,1.45728,-1.29315,-1.29468,
75770.8,-0.0601506,-0.0613592,-1.28236,-1.28241,2.31361,2.31208,0.331365,0.334042,3.00507,3.00353,1.45728,1.45728,-1.29315,-1.29468,
75790.7,-0.0601506,-0.0613592,-1.28236,-1.28241,2.31361,2.31208,0.331365,0.334042,3.00507,3.00353,1.45728,1.45728,-1.29315,-1.29468,
75810.8,-0.0601506,-0.0613592,-1.28236,-1.28241,2.31361,2.31208,0.331365,0.332508,3.00507,3.00353,1.45728,1.45728,-1.29315,-1.29468,
75830.8,-0.0601506,-0.0613592,-1.28236,-1.28241,2.31361,2.31208,0.331365,0.332508,3.00507,3.00353,1.45728,1.45728,-1.29315,-1.29468,
75850.7,-0.0601506,-0.0613592,-1.28236,-1.28241,2.31361,2.31208,0.331365,0.332508,3.00507,3.00353,1.45728,1.45728,-1.29315,-1.29468,
75870.7,-0.0601506,-0.0613592,-1.28236,-1.28241,2.31361,2.31208,0.331365,0.332508,3.00507,3.00353,1.45728,1.45728,-1.29315,-1.29468,
75890.7,-0.0601506,-0.0613592,-1.28236,-1.28241,2.31361,2.31208,0.331365,0.332508,3.00507,3.00353,1.45728,1.45728,-1.29315,-1.29468,
75910.9,-0.0601506,-0.0613592,-1.28236,-1.28241,2.31361,2.31208,0.331365,0.332508,3.00507,3.00353,1.45728,1.45728,-1.29315,-1.29468,
75930.8,-0.0601506,-0.0613592,-1.28236,-1.28241,2.31361,2.31208,0.331365,0.332508,3.00507,3.00353,1.45728,1.45728,-1.29315,-1.29315,
75950.8,-0.0601506,-0.0613592,-1.28236,-1.28241,2.31361,2.31208,0.331365,0.332508,3.00507,3.00353,1.45728,1.45728,-1.29315,-1.29315,
75970.8,-0.0601506,-0.0613592,-1.28236,-1.28241,2.31361,2.31208,0.331365,0.332508,3.00507,3.00353,1.45728,1.45728,-1.29315,-1.29315,
75990.8,-0.0601506,-0.0613592,-1.28236,-1.28241,2.31361,2.31208,0.331365,0.332508,3.00507,3.00353,1.45728,1.45728,-1.29315,-1.29315,
76010.8,-0.0601506,-0.0613592,-1.28236,-1.28241,2.31361,2.31208,0.331365,0.332508,3.00507,3.00353,1.45728,1.45728,-1.29315,-1.29315,
76030.8,-0.0601506,-0.0613592,-1.28236,-1.28241,2.31361,2.31208,0.331365,0.332508,3.00507,3.00353,1.45728,1.45728,-1.29315,-1.29468,
76050.8,-0.0601506,-0.0613592,-1.28236,-1.28241,2.31361,2.31208,0.331365,0.332508,3.00507,3.00353,1.45728,1.45728,-1.29315,-1.29468,
76071.2,-0.0601506,-0.0613592,-1.28236,-1.28241,2.31361,2.31208,0.331365,0.332508,3.00507,3.00353,1.45728,1.45728,-1.29315,-1.29468,
76094,-0.0601506,-0.0613592,-1.28236,-1.28241,2.31361,2.31208,0.331365,0.332508,3.00507,3.00353,1.45728,1.45728,-1.29315,-1.29468,
76110.7,-0.0601506,-0.0613592,-1.28236,-1.28241,2.31361,2.31208,0.331365,0.332508,3.00507,3.00353,1.45728,1.45728,-1.29315,-1.29468,
76130.6,-0.0601506,-0.0613592,-1.28236,-1.28241,2.31361,2.31208,0.331365,0.332508,3.00507,3.00353,1.45728,1.45728,-1.29315,-1.29468,
76150.6,-0.0601506,-0.0613592,-1.28236,-1.28241,2.31361,2.31208,0.331365,0.332508,3.00507,3.00353,1.45728,1.45728,-1.29315,-1.29468,
76170.6,-0.0601506,-0.0613592,-1.28236,-1.28241,2.31361,2.31208,0.331365,0.332508,3.00507,3.00353,1.45728,1.45728,-1.29315,-1.29468,
76190.6,-0.0601506,-0.0613592,-1.28236,-1.28241,2.31361,2.31208,0.331365,0.332508,3.00507,3.00353,1.45728,1.45728,-1.29315,-1.29468,
76210.7,-0.0601506,-0.0613592,-1.28236,-1.28241,2.31361,2.31208,0.331365,0.332508,3.00507,3.00353,1.45728,1.45728,-1.29315,-1.29468,
76230.8,-0.0601506,-0.0613592,-1.28236,-1.28241,2.31361,2.31208,0.331365,0.332508,3.00507,3.00353,1.45728,1.45728,-1.29315,-1.29468,
76250.8,-0.0601506,-0.0613592,-1.28236,-1.28241,2.31361,2.31208,0.331365,0.332508,3.00507,3.00353,1.45728,1.45728,-1.29315,-1.29468,
76270.7,-0.0601506,-0.0613592,-1.28236,-1.28241,2.31361,2.31208,0.331365,0.332508,3.00507,3.00353,1.45728,1.45728,-1.29315,-1.29468,
76290.7,-0.0601506,-0.0613592,-1.28236,-1.28241,2.31361,2.31208,0.331365,0.332508,3.00507,3.00353,1.45728,1.45728,-1.29315,-1.29468,
76310.8,-0.0601506,-0.0613592,-1.28236,-1.28241,2.31361,2.31208,0.331365,0.332508,3.00507,3.00353,1.45728,1.45728,-1.29315,-1.29468,
76330.8,-0.0601506,-0.0613592,-1.28236,-1.28241,2.31361,2.31208,0.331365,0.332508,3.00507,3.00353,1.45728,1.45728,-1.29315,-1.29468,
76350.7,-0.0601506,-0.0613592,-1.28236,-1.28241,2.31361,2.31208,0.331365,0.332508,3.00507,3.00353,1.45728,1.45728,-1.29315,-1.29468,
76370.8,-0.0601506,-0.0613592,-1.28236,-1.28241,2.31361,2.31208,0.331365,0.332508,3.00507,3.00353,1.45728,1.45728,-1.29315,-1.29468,
76390.8,-0.0601506,-0.0613592,-1.28236,-1.28241,2.31361,2.31208,0.331365,0.332508,3.00507,3.00353,1.45728,1.45728,-1.29315,-1.29468,
76410.8,-0.0601506,-0.0613592,-1.28236,-1.28241,2.31361,2.31208,0.331365,0.332508,3.00507,3.00353,1.45728,1.45728,-1.29315,-1.29468,
76430.8,-0.0601506,-0.0613592,-1.28236,-1.28241,2.31361,2.31208,0.331365,0.332508,3.00507,3.00353,1.45728,1.45728,-1.29315,-1.29315,
76450.8,-0.0601506,-0.0613592,-1.28236,-1.28241,2.31361,2.31208,0.331365,0.332508,3.00507,3.00353,1.45728,1.45728,-1.29315,-1.29315,
76470.8,-0.0601506,-0.0613592,-1.28236,-1.28241,2.31361,2.31208,0.331365,0.332508,3.00507,3.00353,1.45728,1.45728,-1.29315,-1.29315,
76490.7,-0.0601506,-0.0613592,-1.28236,-1.28241,2.31361,2.31208,0.331365,0.332508,3.00507,3.00353,1.45728,1.45728,-1.29315,-1.29315,
76510.7,-0.0601506,-0.0613592,-1.28236,-1.28241,2.31361,2.31208,0.331365,0.332508,3.00507,3.00353,1.45728,1.45728,-1.29315,-1.29468,
76530.8,-0.0601506,-0.0613592,-1.28236,-1.28241,2.31361,2.31208,0.331365,0.332508,3.00507,3.00353,1.45728,1.45728,-1.29315,-1.29468,
76550.8,-0.0601506,-0.0613592,-1.28236,-1.28241,2.31361,2.31208,0.331365,0.332508,3.00507,3.00353,1.45728,1.45728,-1.29315,-1.29468,
76570.8,-0.0601506,-0.0613592,-1.28236,-1.28241,2.31361,2.31208,0.331365,0.332508,3.00507,3.00353,1.45728,1.45728,-1.29315,-1.29468,
76590.7,-0.0601506,-0.0613592,-1.28236,-1.28241,2.31361,2.31208,0.331365,0.332508,3.00507,3.00353,1.45728,1.45728,-1.29315,-1.29468,
76610.7,-0.0601506,-0.0613592,-1.28236,-1.28241,2.31361,2.31208,0.331365,0.332508,3.00507,3.00353,1.45728,1.45728,-1.29315,-1.29468,
76630.7,-0.0601506,-0.0613592,-1.28236,-1.28241,2.31361,2.31361,0.331365,0.332508,3.00507,3.00353,1.45728,1.45728,-1.29315,-1.29468,
76650.8,-0.0601506,-0.0613592,-1.28236,-1.28241,2.31361,2.31361,0.331365,0.332508,3.00507,3.00353,1.45728,1.45728,-1.29315,-1.29468,
76670.9,-0.0601506,-0.0613592,-1.28236,-1.28241,2.31361,2.31361,0.331365,0.332508,3.00507,3.00353,1.45728,1.45728,-1.29315,-1.29468,
76690.8,-0.0601506,-0.0613592,-1.28236,-1.28241,2.31361,2.31361,0.331365,0.332508,3.00507,3.00353,1.45728,1.45728,-1.29315,-1.29468,
76710.7,-0.0601506,-0.0613592,-1.28236,-1.28241,2.31361,2.31361,0.331365,0.332508,3.00507,3.00353,1.45728,1.45728,-1.29315,-1.29468,
76730.8,-0.0601506,-0.0613592,-1.28236,-1.28241,2.31361,2.31208,0.331365,0.332508,3.00507,3.00353,1.45728,1.45728,-1.29315,-1.29468,
76750.7,-0.0601506,-0.0613592,-1.28236,-1.28241,2.31361,2.31208,0.331365,0.332508,3.00507,3.00353,1.45728,1.45728,-1.29315,-1.29468,
76770.8,-0.0601506,-0.0613592,-1.28236,-1.28241,2.31361,2.31208,0.331365,0.332508,3.00507,3.00353,1.45728,1.45728,-1.29315,-1.29468,
76790.8,-0.0601506,-0.0613592,-1.28236,-1.28241,2.31361,2.31208,0.331365,0.332508,3.00507,3.00353,1.45728,1.45728,-1.29315,-1.29468,
76810.8,-0.0601506,-0.0613592,-1.28236,-1.28241,2.31361,2.31208,0.331365,0.332508,3.00507,3.00353,1.45728,1.45728,-1.29315,-1.29468,
76830.8,-0.0601506,-0.0613592,-1.28236,-1.28241,2.31361,2.31208,0.331365,0.332508,3.00507,3.00353,1.45728,1.45728,-1.29315,-1.29315,
76850.8,-0.0601506,-0.0613592,-1.28236,-1.28241,2.31361,2.31208,0.331365,0.332508,3.00507,3.00353,1.45728,1.45728,-1.29315,-1.29315,
76870.8,-0.0601506,-0.0613592,-1.28236,-1.28241,2.31361,2.31208,0.331365,0.332508,3.00507,3.00353,1.45728,1.45728,-1.29315,-1.29315,
76890.8,-0.0601506,-0.0613592,-1.28236,-1.28241,2.31361,2.31208,0.331365,0.332508,3.00507,3.00353,1.45728,1.45728,-1.29315,-1.29315,
76910.8,-0.0601506,-0.0613592,-1.28236,-1.28241,2.31361,2.31208,0.331365,0.332508,3.00507,3.00353,1.45728,1.45728,-1.29315,-1.29468,
76930.8,-0.0601506,-0.0613592,-1.28236,-1.28241,2.31361,2.31208,0.331365,0.332508,3.00507,3.00353,1.45728,1.45728,-1.29315,-1.29468,
76950.9,-0.0601506,-0.0613592,-1.28236,-1.28241,2.31361,2.31208,0.331365,0.332508,3.00507,3.00353,1.45728,1.45728,-1.29315,-1.29468,
76970.8,-0.0601506,-0.0613592,-1.28236,-1.28241,2.31361,2.31208,0.331365,0.332508,3.00507,3.00353,1.45728,1.45728,-1.29315,-1.29468,
76990.8,-0.0601506,-0.0613592,-1.28236,-1.28241,2.31361,2.31208,0.331365,0.332508,3.00507,3.00353,1.45728,1.45728,-1.29315,-1.29468,
77010.8,-0.0601506,-0.0613592,-1.28236,-1.28241,2.31361,2.31208,0.331365,0.332508,3.00507,3.00353,1.45728,1.45728,-1.29315,-1.29468,
77030.8,-0.0601506,-0.0613592,-1.28236,-1.28241,2.31361,2.31208,0.331365,0.332508,3.00507,3.00353,1.45728,1.45728,-1.29315,-1.29468,
77050.8,-0.0601506,-0.0613592,-1.28236,-1.28241,2.31361,2.31208,0.331365,0.332508,3.00507,3.00353,1.45728,1.45728,-1.29315,-1.29468,
77070.8,-0.0601506,-0.0613592,-1.28236,-1.28241,2.31361,2.31208,0.331365,0.332508,3.00507,3.00353,1.45728,1.45728,-1.29315,-1.29468,
77090.7,-0.0601506,-0.0613592,-1.28236,-1.28241,2.31361,2.31208,0.331365,0.332508,3.00507,3.00353,1.45728,1.45728,-1.29315,-1.29468,
77110.7,-0.0601506,-0.0613592,-1.28236,-1.28241,2.31361,2.31208,0.331365,0.332508,3.00507,3.00353,1.45728,1.45728,-1.29315,-1.29468,
77130.8,-0.0601506,-0.0613592,-1.28236,-1.28241,2.31361,2.31208,0.331365,0.332508,3.00507,3.00353,1.45728,1.45882,-1.29315,-1.29468,
77150.8,-0.0601506,-0.0613592,-1.28236,-1.28241,2.31361,2.31208,0.331365,0.332508,3.00507,3.00353,1.45728,1.45882,-1.29315,-1.29468,
77170.8,-0.0601506,-0.0613592,-1.28236,-1.28241,2.31361,2.31208,0.331365,0.332508,3.00507,3.00353,1.45728,1.45882,-1.29315,-1.29468,
77190.8,-0.0601506,-0.0613592,-1.28236,-1.28241,2.31361,2.31208,0.331365,0.332508,3.00507,3.00353,1.45728,1.45882,-1.29315,-1.29468,
77210.7,-0.0601506,-0.0613592,-1.28236,-1.28241,2.31361,2.31208,0.331365,0.332508,3.00507,3.00353,1.45728,1.45882,-1.29315,-1.29468,
77230.8,-0.0601506,-0.0613592,-1.28236,-1.28241,2.31361,2.31361,0.331365,0.332508,3.00507,3.00353,1.45728,1.45728,-1.29315,-1.29468,
77250.8,-0.0601506,-0.0613592,-1.28236,-1.28241,2.31361,2.31361,0.331365,0.332508,3.00507,3.00353,1.45728,1.45728,-1.29315,-1.29468,
77271.4,-0.0601506,-0.0613592,-1.28236,-1.28241,2.31361,2.31361,0.331365,0.332508,3.00507,3.00353,1.45728,1.45728,-1.29315,-1.29468,
77290.8,-0.0601506,-0.0613592,-1.28236,-1.28241,2.31361,2.31361,0.331365,0.332508,3.00507,3.00353,1.45728,1.45728,-1.29315,-1.29468,
77310.7,-0.0601506,-0.0613592,-1.28236,-1.28241,2.31361,2.31208,0.331365,0.332508,3.00507,3.00353,1.45728,1.45728,-1.29315,-1.29315,
77330.7,-0.0601506,-0.0613592,-1.28236,-1.28241,2.31361,2.31208,0.331365,0.332508,3.00507,3.00353,1.45728,1.45728,-1.29315,-1.29315,
77350.9,-0.0601506,-0.0613592,-1.28236,-1.28241,2.31361,2.31208,0.331365,0.332508,3.00507,3.00353,1.45728,1.45728,-1.29315,-1.29315,
77370.8,-0.0601506,-0.0613592,-1.28236,-1.28241,2.31361,2.31208,0.331365,0.332508,3.00507,3.00353,1.45728,1.45728,-1.29315,-1.29315,
77390.8,-0.0601506,-0.0613592,-1.28236,-1.28241,2.31361,2.31208,0.331365,0.332508,3.00507,3.00353,1.45728,1.45728,-1.29315,-1.29315,
77410.8,-0.0601506,-0.0613592,-1.28236,-1.28241,2.31361,2.31208,0.331365,0.332508,3.00507,3.00353,1.45728,1.45728,-1.29315,-1.29468,
77430.9,-0.0601506,-0.0613592,-1.28236,-1.28241,2.31361,2.31208,0.331365,0.332508,3.00507,3.00353,1.45728,1.45728,-1.29315,-1.29468,
77450.7,-0.0601506,-0.0613592,-1.28236,-1.28241,2.31361,2.31208,0.331365,0.332508,3.00507,3.00353,1.45728,1.45728,-1.29315,-1.29468,
77470.8,-0.0601506,-0.0613592,-1.28236,-1.28241,2.31361,2.31208,0.331365,0.332508,3.00507,3.00353,1.45728,1.45728,-1.29315,-1.29468,
77490.8,-0.0601506,-0.0613592,-1.28236,-1.28241,2.31361,2.31208,0.331365,0.332508,3.00507,3.00353,1.45728,1.45728,-1.29315,-1.29468,
77510.8,-0.0601506,-0.0613592,-1.28236,-1.28241,2.31361,2.31208,0.331365,0.332508,3.00507,3.00353,1.45728,1.45728,-1.29315,-1.29468,
77530.8,-0.0601506,-0.0613592,-1.28236,-1.28241,2.31361,2.31208,0.331365,0.332508,3.00507,3.00353,1.45728,1.45728,-1.29315,-1.29468,
77550.7,-0.0601506,-0.0613592,-1.28236,-1.28241,2.31361,2.31208,0.331365,0.332508,3.00507,3.00353,1.45728,1.45728,-1.29315,-1.29468,
77570.8,-0.0601506,-0.0613592,-1.28236,-1.28241,2.31361,2.31208,0.331365,0.332508,3.00507,3.00353,1.45728,1.45728,-1.29315,-1.29468,
77590.8,-0.0601506,-0.0613592,-1.28236,-1.28241,2.31361,2.31208,0.331365,0.332508,3.00507,3.00353,1.45728,1.45728,-1.29315,-1.29468,
77610.8,-0.0601506,-0.0613592,-1.28236,-1.28241,2.31361,2.31208,0.331365,0.332508,3.00507,3.00353,1.45728,1.45728,-1.29315,-1.29468,
77630.7,-0.0601506,-0.0613592,-1.28236,-1.28241,2.31361,2.31208,0.331365,0.332508,3.00507,3.00353,1.45728,1.45728,-1.29315,-1.29315,
77650.8,-0.0601506,-0.0613592,-1.28236,-1.28241,2.31361,2.31208,0.331365,0.332508,3.00507,3.00353,1.45728,1.45728,-1.29315,-1.29315,
77670.8,-0.0601506,-0.0613592,-1.28236,-1.28241,2.31361,2.31208,0.331365,0.332508,3.00507,3.00353,1.45728,1.45728,-1.29315,-1.29315,
77690.8,-0.0601506,-0.0613592,-1.28236,-1.28241,2.31361,2.31208,0.331365,0.332508,3.00507,3.00353,1.45728,1.45728,-1.29315,-1.29315,
77710.7,-0.0601506,-0.0613592,-1.28236,-1.28241,2.31361,2.31208,0.331365,0.332508,3.00507,3.00353,1.45728,1.45728,-1.29315,-1.29468,
77730.8,-0.0601506,-0.0613592,-1.28236,-1.28241,2.31361,2.31208,0.331365,0.332508,3.00507,3.00353,1.45728,1.45728,-1.29315,-1.29468,
77750.8,-0.0601506,-0.0613592,-1.28236,-1.28241,2.31361,2.31208,0.331365,0.332508,3.00507,3.00353,1.45728,1.45728,-1.29315,-1.29468,
77770.8,-0.0601506,-0.0613592,-1.28236,-1.28241,2.31361,2.31208,0.331365,0.332508,3.00507,3.00353,1.45728,1.45728,-1.29315,-1.29468,
77790.8,-0.0601506,-0.0613592,-1.28236,-1.28241,2.31361,2.31208,0.331365,0.332508,3.00507,3.00353,1.45728,1.45728,-1.29315,-1.29468,
77810.9,-0.0601506,-0.0613592,-1.28236,-1.28241,2.31361,2.31208,0.331365,0.332508,3.00507,3.00353,1.45728,1.45728,-1.29315,-1.29468,
77830.7,-0.0601506,-0.0613592,-1.28236,-1.28241,2.31361,2.31208,0.331365,0.332508,3.00507,3.00353,1.45728,1.45728,-1.29315,-1.29468,
77850.8,-0.0601506,-0.0613592,-1.28236,-1.28241,2.31361,2.31208,0.331365,0.332508,3.00507,3.00353,1.45728,1.45728,-1.29315,-1.29468,
77870.7,-0.0601506,-0.0613592,-1.28236,-1.28241,2.31361,2.31208,0.331365,0.332508,3.00507,3.00353,1.45728,1.45728,-1.29315,-1.29468,
77890.6,-0.0601506,-0.0613592,-1.28236,-1.28241,2.31361,2.31208,0.331365,0.332508,3.00507,3.00353,1.45728,1.45728,-1.29315,-1.29468,
77910.7,-0.0601506,-0.0613592,-1.28236,-1.28241,2.31361,2.31208,0.331365,0.332508,3.00507,3.00353,1.45728,1.45728,-1.29315,-1.29468,
77930.6,-0.0601506,-0.0613592,-1.28236,-1.28241,2.31361,2.31208,0.331365,0.332508,3.00507,3.00353,1.45728,1.45728,-1.29315,-1.29315,
77950.7,-0.0601506,-0.0613592,-1.28236,-1.28241,2.31361,2.31208,0.331365,0.332508,3.00507,3.00353,1.45728,1.45728,-1.29315,-1.29315,
77970.7,-0.0601506,-0.0613592,-1.28236,-1.28241,2.31361,2.31208,0.331365,0.332508,3.00507,3.00353,1.45728,1.45728,-1.29315,-1.29315,
77990.6,-0.0601506,-0.0613592,-1.28236,-1.28241,2.31361,2.31208,0.331365,0.332508,3.00507,3.00353,1.45728,1.45728,-1.29315,-1.29315,
78010.7,-0.0601506,-0.0613592,-1.28236,-1.28241,2.31361,2.31208,0.331365,0.332508,3.00507,3.00353,1.45728,1.45728,-1.29315,-1.29315,
78030.7,-0.0601506,-0.0613592,-1.28236,-1.28241,2.31361,2.31361,0.331365,0.334042,3.00507,3.00353,1.45728,1.45728,-1.29315,-1.29468,
78050.7,-0.0601506,-0.0613592,-1.28236,-1.28241,2.31361,2.31361,0.331365,0.334042,3.00507,3.00353,1.45728,1.45728,-1.29315,-1.29468,
78070.7,-0.0601506,-0.0613592,-1.28236,-1.28241,2.31361,2.31361,0.331365,0.334042,3.00507,3.00353,1.45728,1.45728,-1.29315,-1.29468,
78090.6,-0.0601506,-0.0613592,-1.28236,-1.28241,2.31361,2.31361,0.331365,0.334042,3.00507,3.00353,1.45728,1.45728,-1.29315,-1.29468,
78110.7,-0.0601506,-0.0613592,-1.28236,-1.28241,2.31361,2.31208,0.331365,0.332508,3.00507,3.00353,1.45728,1.45728,-1.29315,-1.29468,
78130.7,-0.0601506,-0.0613592,-1.28236,-1.28241,2.31361,2.31208,0.331365,0.332508,3.00507,3.00353,1.45728,1.45728,-1.29315,-1.29468,
78150.7,-0.0601506,-0.0613592,-1.28236,-1.28241,2.31361,2.31208,0.331365,0.332508,3.00507,3.00353,1.45728,1.45728,-1.29315,-1.29468,
78170.7,-0.0601506,-0.0613592,-1.28236,-1.28241,2.31361,2.31208,0.331365,0.332508,3.00507,3.00353,1.45728,1.45728,-1.29315,-1.29468,
78190.8,-0.0601506,-0.0613592,-1.28236,-1.28241,2.31361,2.31208,0.331365,0.332508,3.00507,3.00353,1.45728,1.45728,-1.29315,-1.29468,
78210.7,-0.0601506,-0.0613592,-1.28236,-1.28241,2.31361,2.31361,0.331365,0.332508,3.00507,3.00353,1.45728,1.45728,-1.29315,-1.29468,
78230.7,-0.0601506,-0.0613592,-1.28236,-1.28241,2.31361,2.31361,0.331365,0.332508,3.00507,3.00353,1.45728,1.45728,-1.29315,-1.29468,
78250.8,-0.0601506,-0.0613592,-1.28236,-1.28241,2.31361,2.31361,0.331365,0.332508,3.00507,3.00353,1.45728,1.45728,-1.29315,-1.29468,
78270.7,-0.0601506,-0.0613592,-1.28236,-1.28241,2.31361,2.31361,0.331365,0.332508,3.00507,3.00353,1.45728,1.45728,-1.29315,-1.29468,
78290.7,-0.0601506,-0.0613592,-1.28236,-1.28241,2.31361,2.31361,0.331365,0.332508,3.00507,3.00353,1.45728,1.45728,-1.29315,-1.29468,
78310.7,-0.0601506,-0.0613592,-1.28236,-1.28241,2.31361,2.31361,0.331365,0.332508,3.00507,3.00353,1.45728,1.45728,-1.29315,-1.29468,
78330.7,-0.0601506,-0.0613592,-1.28236,-1.28241,2.31361,2.31361,0.331365,0.332508,3.00507,3.00353,1.45728,1.45728,-1.29315,-1.29468,
78350.7,-0.0601506,-0.0613592,-1.28236,-1.28241,2.31361,2.31361,0.331365,0.332508,3.00507,3.00353,1.45728,1.45728,-1.29315,-1.29468,
78370.6,-0.0601506,-0.0613592,-1.28236,-1.28241,2.31361,2.31361,0.331365,0.332508,3.00507,3.00353,1.45728,1.45728,-1.29315,-1.29468,
78390.7,-0.0601506,-0.0613592,-1.28236,-1.28241,2.31361,2.31361,0.331365,0.332508,3.00507,3.00353,1.45728,1.45728,-1.29315,-1.29468,
78410.7,-0.0601506,-0.0613592,-1.28236,-1.28241,2.31361,2.31361,0.331365,0.332508,3.00507,3.00353,1.45728,1.45728,-1.29315,-1.29315,
78430.8,-0.0601506,-0.0613592,-1.28236,-1.28241,2.31361,2.31361,0.331365,0.332508,3.00507,3.00353,1.45728,1.45728,-1.29315,-1.29315,
78450.7,-0.0601506,-0.0613592,-1.28236,-1.28241,2.31361,2.31361,0.331365,0.332508,3.00507,3.00353,1.45728,1.45728,-1.29315,-1.29315,
78470.6,-0.0601506,-0.0613592,-1.28236,-1.28241,2.31361,2.31361,0.331365,0.332508,3.00507,3.00353,1.45728,1.45728,-1.29315,-1.29315,
78490.8,-0.0601506,-0.0613592,-1.28236,-1.28241,2.31361,2.31361,0.331365,0.332508,3.00507,3.00353,1.45728,1.45728,-1.29315,-1.29315,
78510.8,-0.0601506,-0.0613592,-1.28236,-1.28241,2.31361,2.31208,0.331365,0.332508,3.00507,3.00353,1.45728,1.45728,-1.29315,-1.29468,
78530.7,-0.0601506,-0.0613592,-1.28236,-1.28241,2.31361,2.31208,0.331365,0.332508,3.00507,3.00353,1.45728,1.45728,-1.29315,-1.29468,
78550.7,-0.0601506,-0.0613592,-1.28236,-1.28241,2.31361,2.31208,0.331365,0.332508,3.00507,3.00353,1.45728,1.45728,-1.29315,-1.29468,
78570.7,-0.0601506,-0.0613592,-1.28236,-1.28241,2.31361,2.31208,0.331365,0.332508,3.00507,3.00353,1.45728,1.45728,-1.29315,-1.29468,
78590.7,-0.0601506,-0.0613592,-1.28236,-1.28241,2.31361,2.31208,0.331365,0.332508,3.00507,3.00353,1.45728,1.45728,-1.29315,-1.29468,
78610.8,-0.0601506,-0.0613592,-1.28236,-1.28241,2.31361,2.31361,0.331365,0.332508,3.00507,3.00353,1.45728,1.45728,-1.29315,-1.29468,
78630.8,-0.0601506,-0.0613592,-1.28236,-1.28241,2.31361,2.31361,0.331365,0.332508,3.00507,3.00353,1.45728,1.45728,-1.29315,-1.29468,
78650.7,-0.0601506,-0.0613592,-1.28236,-1.28241,2.31361,2.31361,0.331365,0.332508,3.00507,3.00353,1.45728,1.45728,-1.29315,-1.29468,
78670.7,-0.0601506,-0.0613592,-1.28236,-1.28241,2.31361,2.31361,0.331365,0.332508,3.00507,3.00353,1.45728,1.45728,-1.29315,-1.29468,
78690.7,-0.0601506,-0.0613592,-1.28236,-1.28241,2.31361,2.31361,0.331365,0.332508,3.00507,3.00353,1.45728,1.45728,-1.29315,-1.29468,
78710.6,-0.0601506,-0.0613592,-1.28236,-1.28241,2.31361,2.31361,0.331365,0.332508,3.00507,3.00353,1.45728,1.45728,-1.29315,-1.29468,
78730.7,-0.0601506,-0.0613592,-1.28236,-1.28087,2.31361,2.31361,0.331365,0.332508,3.00507,3.00353,1.45728,1.45728,-1.29315,-1.29468,
78750.8,-0.0601506,-0.0613592,-1.28236,-1.28087,2.31361,2.31361,0.331365,0.332508,3.00507,3.00353,1.45728,1.45728,-1.29315,-1.29468,
78770.8,-0.0601506,-0.0613592,-1.28236,-1.28087,2.31361,2.31361,0.331365,0.332508,3.00507,3.00353,1.45728,1.45728,-1.29315,-1.29468,
78790.8,-0.0601506,-0.0613592,-1.28236,-1.28087,2.31361,2.31361,0.331365,0.332508,3.00507,3.00353,1.45728,1.45728,-1.29315,-1.29468,
78810.7,-0.0601506,-0.0613592,-1.28236,-1.28087,2.31361,2.31361,0.331365,0.332508,3.00507,3.00353,1.45728,1.45728,-1.29315,-1.29468,
78830.8,-0.0601506,-0.0613592,-1.28236,-1.28241,2.31361,2.31208,0.331365,0.332508,3.00507,3.00353,1.45728,1.45728,-1.29315,-1.29468,
78850.8,-0.0601506,-0.0613592,-1.28236,-1.28241,2.31361,2.31208,0.331365,0.332508,3.00507,3.00353,1.45728,1.45728,-1.29315,-1.29468,
78870.8,-0.0601506,-0.0613592,-1.28236,-1.28241,2.31361,2.31208,0.331365,0.332508,3.00507,3.00353,1.45728,1.45728,-1.29315,-1.29468,
78890.8,-0.0601506,-0.0613592,-1.28236,-1.28241,2.31361,2.31208,0.331365,0.332508,3.00507,3.00353,1.45728,1.45728,-1.29315,-1.29468,
78910.7,-0.0601506,-0.0613592,-1.28236,-1.28241,2.31361,2.31361,0.331365,0.332508,3.00507,3.00353,1.45728,1.45728,-1.29315,-1.29315,
78930.8,-0.0601506,-0.0613592,-1.28236,-1.28241,2.31361,2.31361,0.331365,0.332508,3.00507,3.00353,1.45728,1.45728,-1.29315,-1.29315,
78950.8,-0.0601506,-0.0613592,-1.28236,-1.28241,2.31361,2.31361,0.331365,0.332508,3.00507,3.00353,1.45728,1.45728,-1.29315,-1.29315,
78970.8,-0.0601506,-0.0613592,-1.28236,-1.28241,2.31361,2.31361,0.331365,0.332508,3.00507,3.00353,1.45728,1.45728,-1.29315,-1.29315,
78990.8,-0.0601506,-0.0613592,-1.28236,-1.28241,2.31361,2.31361,0.331365,0.332508,3.00507,3.00353,1.45728,1.45728,-1.29315,-1.29315,
79010.8,-0.0601506,-0.0613592,-1.28236,-1.28241,2.31361,2.31361,0.331365,0.332508,3.00507,3.00353,1.45728,1.45728,-1.29315,-1.29315,
79030.8,-0.0601506,-0.0613592,-1.28236,-1.28241,2.31361,2.31208,0.331365,0.332508,3.00507,3.00353,1.45728,1.45728,-1.29315,-1.29315,
79050.8,-0.0601506,-0.0613592,-1.28236,-1.28241,2.31361,2.31208,0.331365,0.332508,3.00507,3.00353,1.45728,1.45728,-1.29315,-1.29315,
79070.8,-0.0601506,-0.0613592,-1.28236,-1.28241,2.31361,2.31208,0.331365,0.332508,3.00507,3.00353,1.45728,1.45728,-1.29315,-1.29315,
79090.9,-0.0601506,-0.0613592,-1.28236,-1.28241,2.31361,2.31208,0.331365,0.332508,3.00507,3.00353,1.45728,1.45728,-1.29315,-1.29315,
79110.7,-0.0601506,-0.0613592,-1.28236,-1.28241,2.31361,2.31208,0.331365,0.332508,3.00507,3.00353,1.45728,1.45728,-1.29315,-1.29315,
79130.8,-0.0601506,-0.0613592,-1.28236,-1.28241,2.31361,2.31208,0.331365,0.332508,3.00507,3.00353,1.45728,1.45728,-1.29315,-1.29468,
79150.8,-0.0601506,-0.0613592,-1.28236,-1.28241,2.31361,2.31208,0.331365,0.332508,3.00507,3.00353,1.45728,1.45728,-1.29315,-1.29468,
79170.8,-0.0601506,-0.0613592,-1.28236,-1.28241,2.31361,2.31208,0.331365,0.332508,3.00507,3.00353,1.45728,1.45728,-1.29315,-1.29468,
79190.7,-0.0601506,-0.0613592,-1.28236,-1.28241,2.31361,2.31208,0.331365,0.332508,3.00507,3.00353,1.45728,1.45728,-1.29315,-1.29468,
79210.8,-0.0601506,-0.0613592,-1.28236,-1.28241,2.31361,2.31208,0.331365,0.332508,3.00507,3.00353,1.45728,1.45728,-1.29315,-1.29468,
79230.8,-0.0601506,-0.0613592,-1.28236,-1.28241,2.31361,2.31208,0.331365,0.332508,3.00507,3.00353,1.45728,1.45728,-1.29315,-1.29315,
79250.8,-0.0601506,-0.0613592,-1.28236,-1.28241,2.31361,2.31208,0.331365,0.332508,3.00507,3.00353,1.45728,1.45728,-1.29315,-1.29315,
79270.8,-0.0601506,-0.0613592,-1.28236,-1.28241,2.31361,2.31208,0.331365,0.332508,3.00507,3.00353,1.45728,1.45728,-1.29315,-1.29315,
79290.7,-0.0601506,-0.0613592,-1.28236,-1.28241,2.31361,2.31208,0.331365,0.332508,3.00507,3.00353,1.45728,1.45728,-1.29315,-1.29315,
79310.7,-0.0601506,-0.0613592,-1.28236,-1.28241,2.31361,2.31361,0.331365,0.332508,3.00507,3.00353,1.45728,1.45728,-1.29315,-1.29468,
79330.8,-0.0601506,-0.0613592,-1.28236,-1.28241,2.31361,2.31361,0.331365,0.332508,3.00507,3.00353,1.45728,1.45728,-1.29315,-1.29468,
79350.8,-0.0601506,-0.0613592,-1.28236,-1.28241,2.31361,2.31361,0.331365,0.332508,3.00507,3.00353,1.45728,1.45728,-1.29315,-1.29468,
79370.8,-0.0601506,-0.0613592,-1.28236,-1.28241,2.31361,2.31361,0.331365,0.332508,3.00507,3.00353,1.45728,1.45728,-1.29315,-1.29468,
79390.8,-0.0601506,-0.0613592,-1.28236,-1.28241,2.31361,2.31361,0.331365,0.332508,3.00507,3.00353,1.45728,1.45728,-1.29315,-1.29468,
79410.8,-0.0601506,-0.0613592,-1.28236,-1.28241,2.31361,2.31208,0.331365,0.332508,3.00507,3.00353,1.45728,1.45728,-1.29315,-1.29315,
79430.8,-0.0601506,-0.0613592,-1.28236,-1.28241,2.31361,2.31208,0.331365,0.332508,3.00507,3.00353,1.45728,1.45728,-1.29315,-1.29315,
79450.8,-0.0601506,-0.0613592,-1.28236,-1.28241,2.31361,2.31208,0.331365,0.332508,3.00507,3.00353,1.45728,1.45728,-1.29315,-1.29315,
79470.8,-0.0601506,-0.0613592,-1.28236,-1.28241,2.31361,2.31208,0.331365,0.332508,3.00507,3.00353,1.45728,1.45728,-1.29315,-1.29315,
79490.7,-0.0601506,-0.0613592,-1.28236,-1.28241,2.31361,2.31208,0.331365,0.332508,3.00507,3.00353,1.45728,1.45728,-1.29315,-1.29315,
79510.6,-0.0601506,-0.0613592,-1.28236,-1.28241,2.31361,2.31208,0.331365,0.332508,3.00507,3.00353,1.45728,1.45728,-1.29315,-1.29315,
79530.7,-0.0601506,-0.0613592,-1.28236,-1.28241,2.31361,2.31361,0.331365,0.332508,3.00507,3.00353,1.45728,1.45728,-1.29315,-1.29315,
79550.6,-0.0601506,-0.0613592,-1.28236,-1.28241,2.31361,2.31361,0.331365,0.332508,3.00507,3.00353,1.45728,1.45728,-1.29315,-1.29315,
79570.7,-0.0601506,-0.0613592,-1.28236,-1.28241,2.31361,2.31361,0.331365,0.332508,3.00507,3.00353,1.45728,1.45728,-1.29315,-1.29315,
79590.6,-0.0601506,-0.0613592,-1.28236,-1.28241,2.31361,2.31361,0.331365,0.332508,3.00507,3.00353,1.45728,1.45728,-1.29315,-1.29315,
79610.6,-0.0601506,-0.0613592,-1.28236,-1.28241,2.31361,2.31361,0.331365,0.332508,3.00507,3.00353,1.45728,1.45728,-1.29315,-1.29315,
79630.6,-0.0601506,-0.0613592,-1.28236,-1.28241,2.31361,2.31361,0.331365,0.332508,3.00507,3.00353,1.45728,1.45728,-1.29315,-1.29315,
79650.7,-0.0601506,-0.0613592,-1.28236,-1.28241,2.31361,2.31361,0.331365,0.332508,3.00507,3.00353,1.45728,1.45728,-1.29315,-1.29315,
79670.7,-0.0601506,-0.0613592,-1.28236,-1.28241,2.31361,2.31361,0.331365,0.332508,3.00507,3.00353,1.45728,1.45728,-1.29315,-1.29315,
79690.6,-0.0601506,-0.0613592,-1.28236,-1.28241,2.31361,2.31361,0.331365,0.332508,3.00507,3.00353,1.45728,1.45728,-1.29315,-1.29315,
79710.6,-0.0601506,-0.0613592,-1.28236,-1.28241,2.31361,2.31361,0.331365,0.332508,3.00507,3.00353,1.45728,1.45728,-1.29315,-1.29468,
79730.7,-0.0601506,-0.0613592,-1.28236,-1.28241,2.31361,2.31361,0.331365,0.332508,3.00507,3.00353,1.45728,1.45728,-1.29315,-1.29468,
79750.6,-0.0601506,-0.0613592,-1.28236,-1.28241,2.31361,2.31361,0.331365,0.332508,3.00507,3.00353,1.45728,1.45728,-1.29315,-1.29468,
79770.7,-0.0601506,-0.0613592,-1.28236,-1.28241,2.31361,2.31361,0.331365,0.332508,3.00507,3.00353,1.45728,1.45728,-1.29315,-1.29468,
79790.6,-0.0601506,-0.0613592,-1.28236,-1.28241,2.31361,2.31361,0.331365,0.332508,3.00507,3.00353,1.45728,1.45728,-1.29315,-1.29468,
79810.7,-0.0601506,-0.0613592,-1.28236,-1.28241,2.31361,2.31361,0.331365,0.332508,3.00507,3.00353,1.45728,1.45728,-1.29315,-1.29468,
79830.7,-0.0601506,-0.0613592,-1.28236,-1.28241,2.31361,2.31208,0.331365,0.332508,3.00507,3.00353,1.45728,1.45728,-1.29315,-1.29468,
79850.7,-0.0601506,-0.0613592,-1.28236,-1.28241,2.31361,2.31208,0.331365,0.332508,3.00507,3.00353,1.45728,1.45728,-1.29315,-1.29468,
79870.7,-0.0601506,-0.0613592,-1.28236,-1.28241,2.31361,2.31208,0.331365,0.332508,3.00507,3.00353,1.45728,1.45728,-1.29315,-1.29468,
79890.6,-0.0601506,-0.0613592,-1.28236,-1.28241,2.31361,2.31208,0.331365,0.332508,3.00507,3.00353,1.45728,1.45728,-1.29315,-1.29468,
79910.7,-0.0601506,-0.0613592,-1.28236,-1.28241,2.31361,2.31208,0.331365,0.332508,3.00507,3.00353,1.45728,1.45728,-1.29315,-1.29468,
79930.6,-0.0601506,-0.0613592,-1.28236,-1.28241,2.31361,2.31208,0.331365,0.332508,3.00507,3.00353,1.45728,1.45728,-1.29315,-1.29468,
79950.7,-0.0601506,-0.0613592,-1.28236,-1.28241,2.31361,2.31208,0.331365,0.332508,3.00507,3.00353,1.45728,1.45728,-1.29315,-1.29468,
79970.7,-0.0601506,-0.0613592,-1.28236,-1.28241,2.31361,2.31208,0.331365,0.332508,3.00507,3.00353,1.45728,1.45728,-1.29315,-1.29468,
79990.7,-0.0601506,-0.0613592,-1.28236,-1.28241,2.31361,2.31208,0.331365,0.332508,3.00507,3.00353,1.45728,1.45728,-1.29315,-1.29468,
80010.6,-0.0601506,-0.0613592,-1.28236,-1.28241,2.31361,2.31361,0.331365,0.332508,3.00507,3.00353,1.45728,1.45728,-1.29315,-1.29468,
80030.6,-0.0601506,-0.0613592,-1.28236,-1.28241,2.31361,2.31361,0.331365,0.332508,3.00507,3.00353,1.45728,1.45728,-1.29315,-1.29468,
80050.7,-0.0601506,-0.0613592,-1.28236,-1.28241,2.31361,2.31361,0.331365,0.332508,3.00507,3.00353,1.45728,1.45728,-1.29315,-1.29468,
80070.8,-0.0601506,-0.0613592,-1.28236,-1.28241,2.31361,2.31361,0.331365,0.332508,3.00507,3.00353,1.45728,1.45728,-1.29315,-1.29468,
80090.7,-0.0601506,-0.0613592,-1.28236,-1.28241,2.31361,2.31361,0.331365,0.332508,3.00507,3.00353,1.45728,1.45728,-1.29315,-1.29468,
80110.8,-0.0601506,-0.0613592,-1.28236,-1.28241,2.31361,2.31361,0.331365,0.332508,3.00507,3.00353,1.45728,1.45728,-1.29315,-1.29315,
80130.7,-0.0601506,-0.0613592,-1.28236,-1.28241,2.31361,2.31361,0.331365,0.332508,3.00507,3.00353,1.45728,1.45728,-1.29315,-1.29315,
80150.7,-0.0601506,-0.0613592,-1.28236,-1.28241,2.31361,2.31361,0.331365,0.332508,3.00507,3.00353,1.45728,1.45728,-1.29315,-1.29315,
80170.7,-0.0601506,-0.0613592,-1.28236,-1.28241,2.31361,2.31361,0.331365,0.332508,3.00507,3.00353,1.45728,1.45728,-1.29315,-1.29315,
80190.7,-0.0601506,-0.0613592,-1.28236,-1.28241,2.31361,2.31361,0.331365,0.332508,3.00507,3.00353,1.45728,1.45728,-1.29315,-1.29315,
80210.7,-0.0601506,-0.0613592,-1.28236,-1.28241,2.31361,2.31361,0.331365,0.332508,3.00507,3.00353,1.45728,1.45728,-1.29315,-1.29468,
80230.7,-0.0601506,-0.0613592,-1.28236,-1.28241,2.31361,2.31361,0.331365,0.332508,3.00507,3.00353,1.45728,1.45728,-1.29315,-1.29468,
80250.8,-0.0601506,-0.0613592,-1.28236,-1.28241,2.31361,2.31361,0.331365,0.332508,3.00507,3.00353,1.45728,1.45728,-1.29315,-1.29468,
80270.9,-0.0601506,-0.0613592,-1.28236,-1.28241,2.31361,2.31361,0.331365,0.332508,3.00507,3.00353,1.45728,1.45728,-1.29315,-1.29468,
80290.7,-0.0601506,-0.0613592,-1.28236,-1.28241,2.31361,2.31361,0.331365,0.332508,3.00507,3.00353,1.45728,1.45728,-1.29315,-1.29468,
80310.7,-0.0601506,-0.0613592,-1.28236,-1.28241,2.31361,2.31361,0.331365,0.332508,3.00507,3.00353,1.45728,1.45728,-1.29315,-1.29468,
80330.8,-0.0601506,-0.0613592,-1.28236,-1.28241,2.31361,2.31361,0.331365,0.332508,3.00507,3.00353,1.45728,1.45728,-1.29315,-1.29468,
80350.7,-0.0601506,-0.0613592,-1.28236,-1.28241,2.31361,2.31361,0.331365,0.332508,3.00507,3.00353,1.45728,1.45728,-1.29315,-1.29468,
80370.8,-0.0601506,-0.0613592,-1.28236,-1.28241,2.31361,2.31361,0.331365,0.332508,3.00507,3.00353,1.45728,1.45728,-1.29315,-1.29468,
80390.7,-0.0601506,-0.0613592,-1.28236,-1.28241,2.31361,2.31361,0.331365,0.332508,3.00507,3.00353,1.45728,1.45728,-1.29315,-1.29468,
80410.7,-0.0601506,-0.0613592,-1.28236,-1.28241,2.31361,2.31361,0.331365,0.332508,3.00507,3.00353,1.45728,1.45728,-1.29315,-1.29468,
80430.8,-0.0601506,-0.0613592,-1.28236,-1.28241,2.31361,2.31361,0.331365,0.332508,3.00507,3.00353,1.45728,1.45728,-1.29315,-1.29468,
80450.8,-0.0601506,-0.0613592,-1.28236,-1.28241,2.31361,2.31361,0.331365,0.332508,3.00507,3.00353,1.45728,1.45728,-1.29315,-1.29468,
80470.8,-0.0601506,-0.0613592,-1.28236,-1.28241,2.31361,2.31361,0.331365,0.332508,3.00507,3.00353,1.45728,1.45728,-1.29315,-1.29468,
80490.8,-0.0601506,-0.0613592,-1.28236,-1.28241,2.31361,2.31361,0.331365,0.332508,3.00507,3.00353,1.45728,1.45728,-1.29315,-1.29468,
80510.7,-0.0601506,-0.0613592,-1.28236,-1.28241,2.31361,2.31208,0.331365,0.332508,3.00507,3.00353,1.45728,1.45728,-1.29315,-1.29315,
80530.7,-0.0601506,-0.0613592,-1.28236,-1.28241,2.31361,2.31208,0.331365,0.332508,3.00507,3.00353,1.45728,1.45728,-1.29315,-1.29315,
80550.7,-0.0601506,-0.0613592,-1.28236,-1.28241,2.31361,2.31208,0.331365,0.332508,3.00507,3.00353,1.45728,1.45728,-1.29315,-1.29315,
80570.7,-0.0601506,-0.0613592,-1.28236,-1.28241,2.31361,2.31208,0.331365,0.332508,3.00507,3.00353,1.45728,1.45728,-1.29315,-1.29315,
80590.7,-0.0601506,-0.0613592,-1.28236,-1.28241,2.31361,2.31208,0.331365,0.332508,3.00507,3.00353,1.45728,1.45728,-1.29315,-1.29315,
80610.7,-0.0601506,-0.0613592,-1.28236,-1.28241,2.31361,2.31208,0.331365,0.332508,3.00507,3.00353,1.45728,1.45728,-1.29315,-1.29468,
80630.7,-0.0601506,-0.0613592,-1.28236,-1.28241,2.31361,2.31208,0.331365,0.332508,3.00507,3.00353,1.45728,1.45728,-1.29315,-1.29468,
80650.6,-0.0601506,-0.0613592,-1.28236,-1.28241,2.31361,2.31208,0.331365,0.332508,3.00507,3.00353,1.45728,1.45728,-1.29315,-1.29468,
80670.7,-0.0601506,-0.0613592,-1.28236,-1.28241,2.31361,2.31208,0.331365,0.332508,3.00507,3.00353,1.45728,1.45728,-1.29315,-1.29468,
80690.7,-0.0601506,-0.0613592,-1.28236,-1.28241,2.31361,2.31208,0.331365,0.332508,3.00507,3.00353,1.45728,1.45728,-1.29315,-1.29468,
80710.7,-0.0601506,-0.0613592,-1.28236,-1.28241,2.31361,2.31208,0.331365,0.332508,3.00507,3.00353,1.45728,1.45728,-1.29315,-1.29468,
80730.8,-0.0601506,-0.0613592,-1.28236,-1.28241,2.31361,2.31361,0.331365,0.332508,3.00507,3.00353,1.45728,1.45728,-1.29315,-1.29468,
80750.7,-0.0601506,-0.0613592,-1.28236,-1.28241,2.31361,2.31361,0.331365,0.332508,3.00507,3.00353,1.45728,1.45728,-1.29315,-1.29468,
80770.7,-0.0601506,-0.0613592,-1.28236,-1.28241,2.31361,2.31361,0.331365,0.332508,3.00507,3.00353,1.45728,1.45728,-1.29315,-1.29468,
80790.7,-0.0601506,-0.0613592,-1.28236,-1.28241,2.31361,2.31361,0.331365,0.332508,3.00507,3.00353,1.45728,1.45728,-1.29315,-1.29468,
80810.7,-0.0601506,-0.0613592,-1.28236,-1.28241,2.31361,2.31361,0.331365,0.332508,3.00507,3.00353,1.45728,1.45728,-1.29315,-1.29468,
80830.7,-0.0601506,-0.0613592,-1.28236,-1.28241,2.31361,2.31361,0.331365,0.332508,3.00507,3.00353,1.45728,1.45728,-1.29315,-1.29468,
80850.7,-0.0601506,-0.0613592,-1.28236,-1.28241,2.31361,2.31361,0.331365,0.332508,3.00507,3.00353,1.45728,1.45728,-1.29315,-1.29468,
80870.7,-0.0601506,-0.0613592,-1.28236,-1.28241,2.31361,2.31361,0.331365,0.332508,3.00507,3.00353,1.45728,1.45728,-1.29315,-1.29468,
80890.7,-0.0601506,-0.0613592,-1.28236,-1.28241,2.31361,2.31361,0.331365,0.332508,3.00507,3.00353,1.45728,1.45728,-1.29315,-1.29468,
80910.8,-0.0601506,-0.0613592,-1.28236,-1.28241,2.31361,2.31361,0.331365,0.332508,3.00507,3.00353,1.45728,1.45728,-1.29315,-1.29468,
80930.7,-0.0601506,-0.0613592,-1.28236,-1.28241,2.31361,2.31208,0.331365,0.332508,3.00507,3.00353,1.45728,1.45728,-1.29315,-1.29468,
80950.7,-0.0601506,-0.0613592,-1.28236,-1.28241,2.31361,2.31208,0.331365,0.332508,3.00507,3.00353,1.45728,1.45728,-1.29315,-1.29468,
80970.8,-0.0601506,-0.0613592,-1.28236,-1.28241,2.31361,2.31208,0.331365,0.332508,3.00507,3.00353,1.45728,1.45728,-1.29315,-1.29468,
80990.7,-0.0601506,-0.0613592,-1.28236,-1.28241,2.31361,2.31208,0.331365,0.332508,3.00507,3.00353,1.45728,1.45728,-1.29315,-1.29468,
81010.7,-0.0601506,-0.0613592,-1.28236,-1.28241,2.31361,2.31208,0.331365,0.332508,3.00507,3.00353,1.45728,1.45728,-1.29315,-1.29468,
81030.7,-0.0601506,-0.0613592,-1.28236,-1.28241,2.31361,2.31208,0.331365,0.332508,3.00507,3.00353,1.45728,1.45728,-1.29315,-1.29468,
81050.7,-0.0601506,-0.0613592,-1.28236,-1.28241,2.31361,2.31208,0.331365,0.332508,3.00507,3.00353,1.45728,1.45728,-1.29315,-1.29468,
81070.8,-0.0601506,-0.0613592,-1.28236,-1.28241,2.31361,2.31208,0.331365,0.332508,3.00507,3.00353,1.45728,1.45728,-1.29315,-1.29468,
81090.8,-0.0601506,-0.0613592,-1.28236,-1.28241,2.31361,2.31208,0.331365,0.332508,3.00507,3.00353,1.45728,1.45728,-1.29315,-1.29468,
81110.8,-0.0601506,-0.0613592,-1.28236,-1.28241,2.31361,2.31208,0.331365,0.332508,3.00507,3.00353,1.45728,1.45728,-1.29315,-1.29468,
81130.7,-0.0601506,-0.0613592,-1.28236,-1.28241,2.31361,2.31361,0.331365,0.332508,3.00507,3.00353,1.45728,1.45728,-1.29315,-1.29315,
81150.8,-0.0601506,-0.0613592,-1.28236,-1.28241,2.31361,2.31361,0.331365,0.332508,3.00507,3.00353,1.45728,1.45728,-1.29315,-1.29315,
81170.7,-0.0601506,-0.0613592,-1.28236,-1.28241,2.31361,2.31361,0.331365,0.332508,3.00507,3.00353,1.45728,1.45728,-1.29315,-1.29315,
81190.8,-0.0601506,-0.0613592,-1.28236,-1.28241,2.31361,2.31361,0.331365,0.332508,3.00507,3.00353,1.45728,1.45728,-1.29315,-1.29315,
81210.7,-0.0601506,-0.0613592,-1.28236,-1.28241,2.31361,2.31361,0.331365,0.332508,3.00507,3.00353,1.45728,1.45728,-1.29315,-1.29315,
81230.7,-0.0601506,-0.0613592,-1.28236,-1.28241,2.31361,2.31361,0.331365,0.332508,3.00507,3.00353,1.45728,1.45728,-1.29315,-1.29468,
81250.7,-0.0601506,-0.0613592,-1.28236,-1.28241,2.31361,2.31361,0.331365,0.332508,3.00507,3.00353,1.45728,1.45728,-1.29315,-1.29468,
81270.7,-0.0601506,-0.0613592,-1.28236,-1.28241,2.31361,2.31361,0.331365,0.332508,3.00507,3.00353,1.45728,1.45728,-1.29315,-1.29468,
81290.7,-0.0601506,-0.0613592,-1.28236,-1.28241,2.31361,2.31361,0.331365,0.332508,3.00507,3.00353,1.45728,1.45728,-1.29315,-1.29468,
81310.8,-0.0601506,-0.0613592,-1.28236,-1.28241,2.31361,2.31361,0.331365,0.332508,3.00507,3.00353,1.45728,1.45728,-1.29315,-1.29468,
81330.7,-0.0601506,-0.0613592,-1.28236,-1.28241,2.31361,2.31361,0.331365,0.332508,3.00507,3.00353,1.45728,1.45728,-1.29315,-1.29468,
81350.7,-0.0601506,-0.0613592,-1.28236,-1.28241,2.31361,2.31361,0.331365,0.332508,3.00507,3.00353,1.45728,1.45728,-1.29315,-1.29468,
81370.7,-0.0601506,-0.0613592,-1.28236,-1.28241,2.31361,2.31361,0.331365,0.332508,3.00507,3.00353,1.45728,1.45728,-1.29315,-1.29468,
81390.6,-0.0601506,-0.0613592,-1.28236,-1.28241,2.31361,2.31361,0.331365,0.332508,3.00507,3.00353,1.45728,1.45728,-1.29315,-1.29468,
81410.7,-0.0601506,-0.0613592,-1.28236,-1.28241,2.31361,2.31361,0.331365,0.332508,3.00507,3.00353,1.45728,1.45728,-1.29315,-1.29468,
81430.7,-0.0601506,-0.0613592,-1.28236,-1.28241,2.31361,2.31361,0.331365,0.332508,3.00507,3.00353,1.45728,1.45728,-1.29315,-1.29468,
81450.7,-0.0601506,-0.0613592,-1.28236,-1.28241,2.31361,2.31361,0.331365,0.332508,3.00507,3.00353,1.45728,1.45728,-1.29315,-1.29468,
81470.7,-0.0601506,-0.0613592,-1.28236,-1.28241,2.31361,2.31361,0.331365,0.332508,3.00507,3.00353,1.45728,1.45728,-1.29315,-1.29468,
81490.7,-0.0601506,-0.0613592,-1.28236,-1.28241,2.31361,2.31361,0.331365,0.332508,3.00507,3.00353,1.45728,1.45728,-1.29315,-1.29468,
81510.6,-0.0601506,-0.0613592,-1.28236,-1.28241,2.31361,2.31361,0.331365,0.332508,3.00507,3.00353,1.45728,1.45728,-1.29315,-1.29468,
81530.7,-0.0601506,-0.0613592,-1.28236,-1.28241,2.31361,2.31361,0.331365,0.332508,3.00507,3.00353,1.45728,1.45728,-1.29315,-1.29468,
81550.7,-0.0601506,-0.0613592,-1.28236,-1.28241,2.31361,2.31361,0.331365,0.332508,3.00507,3.00353,1.45728,1.45728,-1.29315,-1.29468,
81570.6,-0.0601506,-0.0613592,-1.28236,-1.28241,2.31361,2.31361,0.331365,0.332508,3.00507,3.00353,1.45728,1.45728,-1.29315,-1.29468,
81590.7,-0.0601506,-0.0613592,-1.28236,-1.28241,2.31361,2.31361,0.331365,0.332508,3.00507,3.00353,1.45728,1.45728,-1.29315,-1.29468,
81610.8,-0.0601506,-0.0613592,-1.28236,-1.28241,2.31361,2.31361,0.331365,0.332508,3.00507,3.00353,1.45728,1.45728,-1.29315,-1.29468,
81630.8,-0.0601506,-0.0613592,-1.28236,-1.28241,2.31361,2.31361,0.331365,0.332508,3.00507,3.00353,1.45728,1.45728,-1.29315,-1.29315,
81650.8,-0.0601506,-0.0613592,-1.28236,-1.28241,2.31361,2.31361,0.331365,0.332508,3.00507,3.00353,1.45728,1.45728,-1.29315,-1.29315,
81670.8,-0.0601506,-0.0613592,-1.28236,-1.28241,2.31361,2.31361,0.331365,0.332508,3.00507,3.00353,1.45728,1.45728,-1.29315,-1.29315,
81690.8,-0.0601506,-0.0613592,-1.28236,-1.28241,2.31361,2.31361,0.331365,0.332508,3.00507,3.00353,1.45728,1.45728,-1.29315,-1.29315,
81710.7,-0.0601506,-0.0613592,-1.28236,-1.28241,2.31361,2.31208,0.331365,0.330974,3.00507,3.00353,1.45728,1.45728,-1.29315,-1.29315,
81730.8,-0.0601506,-0.0613592,-1.28236,-1.28241,2.31361,2.31208,0.331365,0.330974,3.00507,3.00353,1.45728,1.45728,-1.29315,-1.29315,
81750.7,-0.0601506,-0.0613592,-1.28236,-1.28241,2.31361,2.31208,0.331365,0.330974,3.00507,3.00353,1.45728,1.45728,-1.29315,-1.29315,
81770.7,-0.0601506,-0.0613592,-1.28236,-1.28241,2.31361,2.31208,0.331365,0.330974,3.00507,3.00353,1.45728,1.45728,-1.29315,-1.29315,
81790.6,-0.0601506,-0.0613592,-1.28236,-1.28241,2.31361,2.31208,0.331365,0.330974,3.00507,3.00353,1.45728,1.45728,-1.29315,-1.29315,
81810.7,-0.0601506,-0.0613592,-1.28236,-1.28241,2.31361,2.31208,0.331365,0.330974,3.00507,3.00353,1.45728,1.45728,-1.29315,-1.29315,
81830.7,-0.0601506,-0.0613592,-1.28236,-1.28241,2.31361,2.31361,0.331365,0.330974,3.00507,3.00353,1.45728,1.45728,-1.29315,-1.29315,
81850.7,-0.0601506,-0.0613592,-1.28236,-1.28241,2.31361,2.31361,0.331365,0.330974,3.00507,3.00353,1.45728,1.45728,-1.29315,-1.29315,
81870.8,-0.0601506,-0.0613592,-1.28236,-1.28241,2.31361,2.31361,0.331365,0.330974,3.00507,3.00353,1.45728,1.45728,-1.29315,-1.29315,
81890.8,-0.0601506,-0.0613592,-1.28236,-1.28241,2.31361,2.31361,0.331365,0.330974,3.00507,3.00353,1.45728,1.45728,-1.29315,-1.29315,
81910.7,-0.0601506,-0.0613592,-1.28236,-1.28241,2.31361,2.31361,0.331365,0.330974,3.00507,3.00353,1.45728,1.45728,-1.29315,-1.29315,
81930.8,-0.0601506,-0.0613592,-1.28236,-1.28241,2.31361,2.31361,0.331365,0.330974,3.00507,3.00353,1.45728,1.45728,-1.29315,-1.29468,
81950.7,-0.0601506,-0.0613592,-1.28236,-1.28241,2.31361,2.31361,0.331365,0.330974,3.00507,3.00353,1.45728,1.45728,-1.29315,-1.29468,
81970.8,-0.0601506,-0.0613592,-1.28236,-1.28241,2.31361,2.31361,0.331365,0.330974,3.00507,3.00353,1.45728,1.45728,-1.29315,-1.29468,
81990.7,-0.0601506,-0.0613592,-1.28236,-1.28241,2.31361,2.31361,0.331365,0.330974,3.00507,3.00353,1.45728,1.45728,-1.29315,-1.29468,
82010.7,-0.0601506,-0.0613592,-1.28236,-1.28241,2.31361,2.31361,0.331365,0.330974,3.00507,3.00353,1.45728,1.45728,-1.29315,-1.29468,
82030.7,-0.0601506,-0.0613592,-1.28236,-1.28241,2.31361,2.31361,0.331365,0.330974,3.00507,3.00353,1.45728,1.45728,-1.29315,-1.29468,
82050.7,-0.0601506,-0.0613592,-1.28236,-1.28241,2.31361,2.31361,0.331365,0.330974,3.00507,3.00353,1.45728,1.45728,-1.29315,-1.29468,
82070.7,-0.0601506,-0.0613592,-1.28236,-1.28241,2.31361,2.31361,0.331365,0.330974,3.00507,3.00353,1.45728,1.45728,-1.29315,-1.29468,
82090.7,-0.0601506,-0.0613592,-1.28236,-1.28241,2.31361,2.31361,0.331365,0.330974,3.00507,3.00353,1.45728,1.45728,-1.29315,-1.29468,
82110.7,-0.0601506,-0.0613592,-1.28236,-1.28241,2.31361,2.31361,0.331365,0.330974,3.00507,3.00353,1.45728,1.45728,-1.29315,-1.29468,
82130.7,-0.0601506,-0.0613592,-1.28236,-1.28241,2.31361,2.31361,0.331365,0.330974,3.00507,3.00353,1.45728,1.45728,-1.29315,-1.29468,
82150.6,-0.0601506,-0.0613592,-1.28236,-1.28241,2.31361,2.31361,0.331365,0.330974,3.00507,3.00353,1.45728,1.45728,-1.29315,-1.29468,
82170.7,-0.0601506,-0.0613592,-1.28236,-1.28241,2.31361,2.31361,0.331365,0.330974,3.00507,3.00353,1.45728,1.45728,-1.29315,-1.29468,
82190.7,-0.0601506,-0.0613592,-1.28236,-1.28241,2.31361,2.31361,0.331365,0.330974,3.00507,3.00353,1.45728,1.45728,-1.29315,-1.29468,
82210.6,-0.0601506,-0.0613592,-1.28236,-1.28241,2.31361,2.31361,0.331365,0.32944,3.00507,3.00353,1.45728,1.45728,-1.29315,-1.29468,
82230.6,-0.0601506,-0.0613592,-1.28236,-1.28241,2.31361,2.31361,0.331365,0.32944,3.00507,3.00353,1.45728,1.45728,-1.29315,-1.29468,
82250.6,-0.0601506,-0.0613592,-1.28236,-1.28241,2.31361,2.31361,0.331365,0.32944,3.00507,3.00353,1.45728,1.45728,-1.29315,-1.29468,
82270.7,-0.0601506,-0.0613592,-1.28236,-1.28241,2.31361,2.31361,0.331365,0.32944,3.00507,3.00353,1.45728,1.45728,-1.29315,-1.29468,
82290.7,-0.0601506,-0.0613592,-1.28236,-1.28241,2.31361,2.31361,0.331365,0.32944,3.00507,3.00353,1.45728,1.45728,-1.29315,-1.29468,
82310.7,-0.0601506,-0.0613592,-1.28236,-1.28241,2.31361,2.31361,0.331365,0.32944,3.00507,3.00353,1.45728,1.45728,-1.29315,-1.29468,
82330.7,-0.0601506,-0.0613592,-1.28236,-1.28241,2.31361,2.31361,0.331365,0.32944,3.00507,3.00353,1.45728,1.45728,-1.29315,-1.29468,
82350.8,-0.0601506,-0.0613592,-1.28236,-1.28241,2.31361,2.31361,0.331365,0.330974,3.00507,3.00353,1.45728,1.45728,-1.29315,-1.29468,
82370.8,-0.0601506,-0.0613592,-1.28236,-1.28241,2.31361,2.31361,0.331365,0.330974,3.00507,3.00353,1.45728,1.45728,-1.29315,-1.29468,
82390.7,-0.0601506,-0.0613592,-1.28236,-1.28241,2.31361,2.31361,0.331365,0.330974,3.00507,3.00353,1.45728,1.45728,-1.29315,-1.29468,
82410.6,-0.0601506,-0.0613592,-1.28236,-1.28241,2.31361,2.31361,0.331365,0.330974,3.00507,3.00353,1.45728,1.45728,-1.29315,-1.29468,
82430.7,-0.0601506,-0.0613592,-1.28236,-1.28241,2.31361,2.31361,0.331365,0.330974,3.00507,3.00353,1.45728,1.45728,-1.29315,-1.29468,
82450.6,-0.0601506,-0.0613592,-1.28236,-1.28241,2.31361,2.31361,0.331365,0.330974,3.00507,3.00353,1.45728,1.45728,-1.29315,-1.29468,
82470.6,-0.0601506,-0.0613592,-1.28236,-1.28241,2.31361,2.31361,0.331365,0.330974,3.00507,3.00353,1.45728,1.45728,-1.29315,-1.29468,
82490.7,-0.0601506,-0.0613592,-1.28236,-1.28241,2.31361,2.31361,0.331365,0.330974,3.00507,3.00353,1.45728,1.45728,-1.29315,-1.29468,
82510.8,-0.0601506,-0.0613592,-1.28236,-1.28241,2.31361,2.31208,0.331365,0.330974,3.00507,3.00353,1.45728,1.45728,-1.29315,-1.29468,
82530.8,-0.0601506,-0.0613592,-1.28236,-1.28241,2.31361,2.31208,0.331365,0.330974,3.00507,3.00353,1.45728,1.45728,-1.29315,-1.29468,
82550.7,-0.0601506,-0.0613592,-1.28236,-1.28241,2.31361,2.31208,0.331365,0.330974,3.00507,3.00353,1.45728,1.45728,-1.29315,-1.29468,
82570.8,-0.0601506,-0.0613592,-1.28236,-1.28241,2.31361,2.31208,0.331365,0.330974,3.00507,3.00353,1.45728,1.45728,-1.29315,-1.29468,
82590.7,-0.0601506,-0.0613592,-1.28236,-1.28241,2.31361,2.31208,0.331365,0.330974,3.00507,3.00353,1.45728,1.45728,-1.29315,-1.29468,
82610.8,-0.0601506,-0.0613592,-1.28236,-1.28241,2.31361,2.31361,0.331365,0.330974,3.00507,3.00353,1.45728,1.45728,-1.29315,-1.29468,
82630.7,-0.0601506,-0.0613592,-1.28236,-1.28241,2.31361,2.31361,0.331365,0.330974,3.00507,3.00353,1.45728,1.45728,-1.29315,-1.29468,
82650.7,-0.0601506,-0.0613592,-1.28236,-1.28241,2.31361,2.31361,0.331365,0.330974,3.00507,3.00353,1.45728,1.45728,-1.29315,-1.29468,
82670.6,-0.0601506,-0.0613592,-1.28236,-1.28241,2.31361,2.31361,0.331365,0.330974,3.00507,3.00353,1.45728,1.45728,-1.29315,-1.29468,
82690.6,-0.0601506,-0.0613592,-1.28236,-1.28241,2.31361,2.31361,0.331365,0.330974,3.00507,3.00353,1.45728,1.45728,-1.29315,-1.29468,
82710.6,-0.0601506,-0.0613592,-1.28236,-1.28241,2.31361,2.31361,0.331365,0.330974,3.00507,3.00353,1.45728,1.45728,-1.29315,-1.29468,
82730.6,-0.0601506,-0.0613592,-1.28236,-1.28241,2.31361,2.31361,0.331365,0.32944,3.00507,3.00353,1.45728,1.45728,-1.29315,-1.29468,
82750.6,-0.0601506,-0.0613592,-1.28236,-1.28241,2.31361,2.31361,0.331365,0.32944,3.00507,3.00353,1.45728,1.45728,-1.29315,-1.29468,
82770.6,-0.0601506,-0.0613592,-1.28236,-1.28241,2.31361,2.31361,0.331365,0.32944,3.00507,3.00353,1.45728,1.45728,-1.29315,-1.29468,
82790.7,-0.0601506,-0.0613592,-1.28236,-1.28241,2.31361,2.31361,0.331365,0.32944,3.00507,3.00353,1.45728,1.45728,-1.29315,-1.29468,
82810.6,-0.0601506,-0.0613592,-1.28236,-1.28241,2.31361,2.31361,0.331365,0.32944,3.00507,3.00353,1.45728,1.45728,-1.29315,-1.29468,
82830.7,-0.0601506,-0.0613592,-1.28236,-1.28241,2.31361,2.31361,0.331365,0.32944,3.00507,3.00353,1.45728,1.45728,-1.29315,-1.29468,
82850.7,-0.0601506,-0.0613592,-1.28236,-1.28241,2.31361,2.31361,0.331365,0.32944,3.00507,3.00353,1.45728,1.45728,-1.29315,-1.29468,
82870.7,-0.0601506,-0.0613592,-1.28236,-1.28241,2.31361,2.31361,0.331365,0.32944,3.00507,3.00353,1.45728,1.45728,-1.29315,-1.29468,
82890.7,-0.0601506,-0.0613592,-1.28236,-1.28241,2.31361,2.31361,0.331365,0.32944,3.00507,3.00353,1.45728,1.45728,-1.29315,-1.29468,
82910.7,-0.0601506,-0.0613592,-1.28236,-1.28241,2.31361,2.31361,0.331365,0.32944,3.00507,3.00353,1.45728,1.45728,-1.29315,-1.29468,
82930.7,-0.0601506,-0.0613592,-1.28236,-1.28241,2.31361,2.31361,0.331365,0.32944,3.00507,3.00353,1.45728,1.45728,-1.29315,-1.29468,
82950.7,-0.0601506,-0.0613592,-1.28236,-1.28241,2.31361,2.31361,0.331365,0.32944,3.00507,3.00353,1.45728,1.45728,-1.29315,-1.29468,
82970.7,-0.0601506,-0.0613592,-1.28236,-1.28241,2.31361,2.31361,0.331365,0.32944,3.00507,3.00353,1.45728,1.45728,-1.29315,-1.29468,
82990.7,-0.0601506,-0.0613592,-1.28236,-1.28241,2.31361,2.31361,0.331365,0.32944,3.00507,3.00353,1.45728,1.45728,-1.29315,-1.29468,
83010.7,-0.0601506,-0.0613592,-1.28236,-1.28241,2.31361,2.31361,0.331365,0.330974,3.00507,3.00353,1.45728,1.45728,-1.29315,-1.29468,
83030.7,-0.0601506,-0.0613592,-1.28236,-1.28241,2.31361,2.31361,0.331365,0.330974,3.00507,3.00353,1.45728,1.45728,-1.29315,-1.29468,
83050.7,-0.0601506,-0.0613592,-1.28236,-1.28241,2.31361,2.31361,0.331365,0.330974,3.00507,3.00353,1.45728,1.45728,-1.29315,-1.29468,
83070.7,-0.0601506,-0.0613592,-1.28236,-1.28241,2.31361,2.31361,0.331365,0.330974,3.00507,3.00353,1.45728,1.45728,-1.29315,-1.29468,
83090.7,-0.0601506,-0.0613592,-1.28236,-1.28241,2.31361,2.31361,0.331365,0.330974,3.00507,3.00353,1.45728,1.45728,-1.29315,-1.29468,
83110.7,-0.0601506,-0.0613592,-1.28236,-1.28241,2.31361,2.31361,0.331365,0.330974,3.00507,3.00353,1.45728,1.45728,-1.29315,-1.29468,
83130.6,-0.0601506,-0.0613592,-1.28236,-1.28241,2.31361,2.31361,0.331365,0.330974,3.00507,3.00353,1.45728,1.45728,-1.29315,-1.29468,
83150.8,-0.0601506,-0.0613592,-1.28236,-1.28241,2.31361,2.31361,0.331365,0.330974,3.00507,3.00353,1.45728,1.45728,-1.29315,-1.29468,
83170.7,-0.0601506,-0.0613592,-1.28236,-1.28241,2.31361,2.31361,0.331365,0.330974,3.00507,3.00353,1.45728,1.45728,-1.29315,-1.29468,
83190.7,-0.0601506,-0.0613592,-1.28236,-1.28241,2.31361,2.31361,0.331365,0.330974,3.00507,3.00353,1.45728,1.45728,-1.29315,-1.29468,
83210.6,-0.0601506,-0.0613592,-1.28236,-1.28241,2.31361,2.31361,0.331365,0.32944,3.00507,3.00353,1.45728,1.45728,-1.29315,-1.29315,
83230.7,-0.0601506,-0.0613592,-1.28236,-1.28241,2.31361,2.31361,0.331365,0.32944,3.00507,3.00353,1.45728,1.45728,-1.29315,-1.29315,
83250.6,-0.0601506,-0.0613592,-1.28236,-1.28241,2.31361,2.31361,0.331365,0.32944,3.00507,3.00353,1.45728,1.45728,-1.29315,-1.29315,
83270.7,-0.0601506,-0.0613592,-1.28236,-1.28241,2.31361,2.31361,0.331365,0.32944,3.00507,3.00353,1.45728,1.45728,-1.29315,-1.29315,
83290.7,-0.0601506,-0.0613592,-1.28236,-1.28241,2.31361,2.31361,0.331365,0.32944,3.00507,3.00353,1.45728,1.45728,-1.29315,-1.29315,
83310.7,-0.0601506,-0.0613592,-1.28236,-1.28241,2.31361,2.31361,0.331365,0.330974,3.00507,3.00353,1.45728,1.45728,-1.29315,-1.29468,
83330.7,-0.0601506,-0.0613592,-1.28236,-1.28241,2.31361,2.31361,0.331365,0.330974,3.00507,3.00353,1.45728,1.45728,-1.29315,-1.29468,
83350.8,-0.0601506,-0.0613592,-1.28236,-1.28241,2.31361,2.31361,0.331365,0.330974,3.00507,3.00353,1.45728,1.45728,-1.29315,-1.29468,
83370.8,-0.0601506,-0.0613592,-1.28236,-1.28241,2.31361,2.31361,0.331365,0.330974,3.00507,3.00353,1.45728,1.45728,-1.29315,-1.29468,
83390.8,-0.0601506,-0.0613592,-1.28236,-1.28241,2.31361,2.31361,0.331365,0.330974,3.00507,3.00353,1.45728,1.45728,-1.29315,-1.29468,
83410.7,-0.0601506,-0.0613592,-1.28236,-1.28241,2.31361,2.31361,0.331365,0.330974,3.00507,3.00353,1.45728,1.45728,-1.29315,-1.29468,
83430.7,-0.0601506,-0.0613592,-1.28236,-1.28241,2.31361,2.31361,0.331365,0.330974,3.00507,3.00353,1.45728,1.45728,-1.29315,-1.29468,
83450.7,-0.0601506,-0.0613592,-1.28236,-1.28241,2.31361,2.31361,0.331365,0.330974,3.00507,3.00353,1.45728,1.45728,-1.29315,-1.29468,
83470.7,-0.0601506,-0.0613592,-1.28236,-1.28241,2.31361,2.31361,0.331365,0.330974,3.00507,3.00353,1.45728,1.45728,-1.29315,-1.29468,
83490.7,-0.0601506,-0.0613592,-1.28236,-1.28241,2.31361,2.31361,0.331365,0.330974,3.00507,3.00353,1.45728,1.45728,-1.29315,-1.29468,
83510.8,-0.0601506,-0.0613592,-1.28236,-1.28241,2.31361,2.31361,0.331365,0.330974,3.00507,3.00353,1.45728,1.45728,-1.29315,-1.29468,
83530.7,-0.0601506,-0.0613592,-1.28236,-1.28241,2.31361,2.31361,0.331365,0.330974,3.00507,3.00353,1.45728,1.45728,-1.29315,-1.29468,
83550.7,-0.0601506,-0.0613592,-1.28236,-1.28241,2.31361,2.31361,0.331365,0.330974,3.00507,3.00353,1.45728,1.45728,-1.29315,-1.29468,
83570.7,-0.0601506,-0.0613592,-1.28236,-1.28241,2.31361,2.31361,0.331365,0.330974,3.00507,3.00353,1.45728,1.45728,-1.29315,-1.29468,
83590.8,-0.0601506,-0.0613592,-1.28236,-1.28241,2.31361,2.31361,0.331365,0.330974,3.00507,3.00353,1.45728,1.45728,-1.29315,-1.29468,
83610.8,-0.0601506,-0.0613592,-1.28236,-1.28241,2.31361,2.31361,0.331365,0.330974,3.00507,3.00353,1.45728,1.45728,-1.29315,-1.29468,
83630.7,-0.0601506,-0.0598252,-1.28236,-1.28241,2.31361,2.31361,0.331365,0.330974,3.00507,3.00353,1.45728,1.45728,-1.29315,-1.29468,
83650.7,-0.0601506,-0.0598252,-1.28236,-1.28241,2.31361,2.31361,0.331365,0.330974,3.00507,3.00353,1.45728,1.45728,-1.29315,-1.29468,
83670.7,-0.0601506,-0.0598252,-1.28236,-1.28241,2.31361,2.31361,0.331365,0.330974,3.00507,3.00353,1.45728,1.45728,-1.29315,-1.29468,
83690.7,-0.0601506,-0.0598252,-1.28236,-1.28241,2.31361,2.31361,0.331365,0.330974,3.00507,3.00353,1.45728,1.45728,-1.29315,-1.29468,
83710.7,-0.0601506,-0.0598252,-1.28236,-1.28241,2.31361,2.31361,0.331365,0.330974,3.00507,3.00353,1.45728,1.45728,-1.29315,-1.29315,
83730.7,-0.0601506,-0.0598252,-1.28236,-1.28241,2.31361,2.31361,0.331365,0.330974,3.00507,3.00353,1.45728,1.45728,-1.29315,-1.29315,
83750.7,-0.0601506,-0.0598252,-1.28236,-1.28241,2.31361,2.31361,0.331365,0.330974,3.00507,3.00353,1.45728,1.45728,-1.29315,-1.29315,
83770.6,-0.0601506,-0.0598252,-1.28236,-1.28241,2.31361,2.31361,0.331365,0.330974,3.00507,3.00353,1.45728,1.45728,-1.29315,-1.29315,
83790.6,-0.0601506,-0.0598252,-1.28236,-1.28241,2.31361,2.31361,0.331365,0.330974,3.00507,3.00353,1.45728,1.45728,-1.29315,-1.29315,
83810.7,-0.0601506,-0.0598252,-1.28236,-1.28241,2.31361,2.31361,0.331365,0.330974,3.00507,3.00353,1.45728,1.45728,-1.29315,-1.29315,
83830.6,-0.0601506,-0.0613592,-1.28236,-1.28241,2.31361,2.31361,0.331365,0.330974,3.00507,3.00353,1.45728,1.45728,-1.29315,-1.29468,
83850.6,-0.0601506,-0.0613592,-1.28236,-1.28241,2.31361,2.31361,0.331365,0.330974,3.00507,3.00353,1.45728,1.45728,-1.29315,-1.29468,
83870.6,-0.0601506,-0.0613592,-1.28236,-1.28241,2.31361,2.31361,0.331365,0.330974,3.00507,3.00353,1.45728,1.45728,-1.29315,-1.29468,
83890.6,-0.0601506,-0.0613592,-1.28236,-1.28241,2.31361,2.31361,0.331365,0.330974,3.00507,3.00353,1.45728,1.45728,-1.29315,-1.29468,
83910.6,-0.0601506,-0.0613592,-1.28236,-1.28241,2.31361,2.31361,0.331365,0.330974,3.00507,3.00353,1.45728,1.45728,-1.29315,-1.29468,
83930.6,-0.0601506,-0.0613592,-1.28236,-1.28241,2.31361,2.31361,0.331365,0.330974,3.00507,3.00353,1.45728,1.45728,-1.29315,-1.29468,
83950.7,-0.0601506,-0.0613592,-1.28236,-1.28241,2.31361,2.31361,0.331365,0.330974,3.00507,3.00353,1.45728,1.45728,-1.29315,-1.29468,
83970.7,-0.0601506,-0.0613592,-1.28236,-1.28241,2.31361,2.31361,0.331365,0.330974,3.00507,3.00353,1.45728,1.45728,-1.29315,-1.29468,
83990.7,-0.0601506,-0.0613592,-1.28236,-1.28241,2.31361,2.31361,0.331365,0.330974,3.00507,3.00353,1.45728,1.45728,-1.29315,-1.29468,
84010.7,-0.0601506,-0.0613592,-1.28236,-1.28241,2.31361,2.31361,0.331365,0.330974,3.00507,3.00353,1.45728,1.45728,-1.29315,-1.29468,
84030.7,-0.0601506,-0.0613592,-1.28236,-1.28241,2.31361,2.31361,0.331365,0.330974,3.00507,3.00353,1.45728,1.45728,-1.29315,-1.29468,
84050.7,-0.0601506,-0.0613592,-1.28236,-1.28241,2.31361,2.31361,0.331365,0.330974,3.00507,3.00353,1.45728,1.45728,-1.29315,-1.29468,
84070.7,-0.0601506,-0.0613592,-1.28236,-1.28241,2.31361,2.31361,0.331365,0.330974,3.00507,3.00353,1.45728,1.45728,-1.29315,-1.29468,
84090.7,-0.0601506,-0.0613592,-1.28236,-1.28241,2.31361,2.31361,0.331365,0.330974,3.00507,3.00353,1.45728,1.45728,-1.29315,-1.29468,
84110.7,-0.0601506,-0.0613592,-1.28236,-1.28241,2.31361,2.31361,0.331365,0.330974,3.00507,3.00353,1.45728,1.45728,-1.29315,-1.29468,
84130.8,-0.0601506,-0.0613592,-1.28236,-1.28241,2.31361,2.31361,0.331365,0.330974,3.00507,3.00353,1.45728,1.45728,-1.29315,-1.29468,
84150.8,-0.0601506,-0.0613592,-1.28236,-1.28241,2.31361,2.31361,0.331365,0.330974,3.00507,3.00353,1.45728,1.45728,-1.29315,-1.29468,
84170.8,-0.0601506,-0.0613592,-1.28236,-1.28241,2.31361,2.31361,0.331365,0.330974,3.00507,3.00353,1.45728,1.45728,-1.29315,-1.29468,
84190.8,-0.0601506,-0.0613592,-1.28236,-1.28241,2.31361,2.31361,0.331365,0.330974,3.00507,3.00353,1.45728,1.45728,-1.29315,-1.29468,
84210.8,-0.0601506,-0.0613592,-1.28236,-1.28241,2.31361,2.31361,0.331365,0.330974,3.00507,3.00353,1.45728,1.45728,-1.29315,-1.29468,
84230.7,-0.0601506,-0.0613592,-1.28236,-1.28241,2.31361,2.31361,0.331365,0.32944,3.00507,3.00353,1.45728,1.45728,-1.29315,-1.29468,
84250.8,-0.0601506,-0.0613592,-1.28236,-1.28241,2.31361,2.31361,0.331365,0.32944,3.00507,3.00353,1.45728,1.45728,-1.29315,-1.29468,
84270.7,-0.0601506,-0.0613592,-1.28236,-1.28241,2.31361,2.31361,0.331365,0.32944,3.00507,3.00353,1.45728,1.45728,-1.29315,-1.29468,
84290.7,-0.0601506,-0.0613592,-1.28236,-1.28241,2.31361,2.31361,0.331365,0.32944,3.00507,3.00353,1.45728,1.45728,-1.29315,-1.29468,
84310.8,-0.0601506,-0.0613592,-1.28236,-1.28241,2.31361,2.31361,0.331365,0.32944,3.00507,3.00353,1.45728,1.45728,-1.29315,-1.29468,
84330.8,-0.0601506,-0.0613592,-1.28236,-1.28241,2.31361,2.31361,0.331365,0.330974,3.00507,3.00353,1.45728,1.45728,-1.29315,-1.29468,
84350.8,-0.0601506,-0.0613592,-1.28236,-1.28241,2.31361,2.31361,0.331365,0.330974,3.00507,3.00353,1.45728,1.45728,-1.29315,-1.29468,
84370.8,-0.0601506,-0.0613592,-1.28236,-1.28241,2.31361,2.31361,0.331365,0.330974,3.00507,3.00353,1.45728,1.45728,-1.29315,-1.29468,
84390.8,-0.0601506,-0.0613592,-1.28236,-1.28241,2.31361,2.31361,0.331365,0.330974,3.00507,3.00353,1.45728,1.45728,-1.29315,-1.29468,
84410.7,-0.0601506,-0.0613592,-1.28236,-1.28241,2.31361,2.31361,0.331365,0.330974,3.00507,3.00353,1.45728,1.45728,-1.29315,-1.29468,
84430.8,-0.0601506,-0.0613592,-1.28236,-1.28087,2.31361,2.31361,0.331365,0.32944,3.00507,3.00353,1.45728,1.45728,-1.29315,-1.29468,
84450.8,-0.0601506,-0.0613592,-1.28236,-1.28087,2.31361,2.31361,0.331365,0.32944,3.00507,3.00353,1.45728,1.45728,-1.29315,-1.29468,
84470.8,-0.0601506,-0.0613592,-1.28236,-1.28087,2.31361,2.31361,0.331365,0.32944,3.00507,3.00353,1.45728,1.45728,-1.29315,-1.29468,
84490.7,-0.0601506,-0.0613592,-1.28236,-1.28087,2.31361,2.31361,0.331365,0.32944,3.00507,3.00353,1.45728,1.45728,-1.29315,-1.29468,
84510.7,-0.0601506,-0.0613592,-1.28236,-1.28241,2.31361,2.31361,0.331365,0.32944,3.00507,3.00353,1.45728,1.45728,-1.29315,-1.29468,
84531.4,-0.0601506,-0.0613592,-1.28236,-1.28241,2.31361,2.31361,0.331365,0.32944,3.00507,3.00353,1.45728,1.45728,-1.29315,-1.29468,
84553.2,-0.0601506,-0.0613592,-1.28236,-1.28241,2.31361,2.31361,0.331365,0.32944,3.00507,3.00353,1.45728,1.45728,-1.29315,-1.29468,
84570.7,-0.0601506,-0.0613592,-1.28236,-1.28241,2.31361,2.31361,0.331365,0.32944,3.00507,3.00353,1.45728,1.45728,-1.29315,-1.29468,
84590.7,-0.0601506,-0.0613592,-1.28236,-1.28241,2.31361,2.31361,0.331365,0.32944,3.00507,3.00353,1.45728,1.45728,-1.29315,-1.29468,
84610.7,-0.0601506,-0.0613592,-1.28236,-1.28241,2.31361,2.31361,0.331365,0.32944,3.00507,3.00353,1.45728,1.45728,-1.29315,-1.29468,
84630.7,-0.0601506,-0.0613592,-1.28236,-1.28241,2.31361,2.31361,0.331365,0.330974,3.00507,3.00353,1.45728,1.45728,-1.29315,-1.29315,
84650.7,-0.0601506,-0.0613592,-1.28236,-1.28241,2.31361,2.31361,0.331365,0.330974,3.00507,3.00353,1.45728,1.45728,-1.29315,-1.29315,
84670.7,-0.0601506,-0.0613592,-1.28236,-1.28241,2.31361,2.31361,0.331365,0.330974,3.00507,3.00353,1.45728,1.45728,-1.29315,-1.29315,
84690.8,-0.0601506,-0.0613592,-1.28236,-1.28241,2.31361,2.31361,0.331365,0.330974,3.00507,3.00353,1.45728,1.45728,-1.29315,-1.29315,
84710.7,-0.0601506,-0.0613592,-1.28236,-1.28241,2.31361,2.31361,0.331365,0.330974,3.00507,3.00353,1.45728,1.45728,-1.29315,-1.29315,
84730.8,-0.0601506,-0.0613592,-1.28236,-1.28241,2.31361,2.31361,0.331365,0.330974,3.00507,3.00353,1.45728,1.45728,-1.29315,-1.29315,
84750.7,-0.0601506,-0.0613592,-1.28236,-1.28241,2.31361,2.31361,0.331365,0.330974,3.00507,3.00353,1.45728,1.45728,-1.29315,-1.29315,
84770.8,-0.0601506,-0.0613592,-1.28236,-1.28241,2.31361,2.31361,0.331365,0.330974,3.00507,3.00353,1.45728,1.45728,-1.29315,-1.29315,
84790.9,-0.0601506,-0.0613592,-1.28236,-1.28241,2.31361,2.31361,0.331365,0.330974,3.00507,3.00353,1.45728,1.45728,-1.29315,-1.29315,
84810.8,-0.0601506,-0.0613592,-1.28236,-1.28241,2.31361,2.31361,0.331365,0.330974,3.00507,3.00353,1.45728,1.45728,-1.29315,-1.29315,
84830.7,-0.0601506,-0.0613592,-1.28236,-1.28241,2.31361,2.31361,0.331365,0.330974,3.00507,3.00353,1.45728,1.45728,-1.29315,-1.29315,
84850.8,-0.0601506,-0.0613592,-1.28236,-1.28241,2.31361,2.31361,0.331365,0.330974,3.00507,3.00353,1.45728,1.45728,-1.29315,-1.29315,
84870.7,-0.0601506,-0.0613592,-1.28236,-1.28241,2.31361,2.31361,0.331365,0.330974,3.00507,3.00353,1.45728,1.45728,-1.29315,-1.29468,
84890.8,-0.0601506,-0.0613592,-1.28236,-1.28241,2.31361,2.31361,0.331365,0.330974,3.00507,3.00353,1.45728,1.45728,-1.29315,-1.29468,
84910.8,-0.0601506,-0.0613592,-1.28236,-1.28241,2.31361,2.31361,0.331365,0.330974,3.00507,3.00353,1.45728,1.45728,-1.29315,-1.29468,
84930.8,-0.0601506,-0.0613592,-1.28236,-1.28241,2.31361,2.31361,0.331365,0.330974,3.00507,3.00353,1.45728,1.45728,-1.29315,-1.29315,
84950.8,-0.0601506,-0.0613592,-1.28236,-1.28241,2.31361,2.31361,0.331365,0.330974,3.00507,3.00353,1.45728,1.45728,-1.29315,-1.29315,
84970.8,-0.0601506,-0.0613592,-1.28236,-1.28241,2.31361,2.31361,0.331365,0.330974,3.00507,3.00353,1.45728,1.45728,-1.29315,-1.29315,
84990.8,-0.0601506,-0.0613592,-1.28236,-1.28241,2.31361,2.31361,0.331365,0.330974,3.00507,3.00353,1.45728,1.45728,-1.29315,-1.29315,
85010.8,-0.0601506,-0.0613592,-1.28236,-1.28241,2.31361,2.31361,0.331365,0.330974,3.00507,3.00353,1.45728,1.45728,-1.29315,-1.29315,
85030.8,-0.0601506,-0.0613592,-1.28236,-1.28241,2.31361,2.31361,0.331365,0.330974,3.00507,3.00353,1.45728,1.45728,-1.29315,-1.29315,
85050.8,-0.0601506,-0.0613592,-1.28236,-1.28241,2.31361,2.31361,0.331365,0.330974,3.00507,3.00353,1.45728,1.45728,-1.29315,-1.29468,
85070.8,-0.0601506,-0.0613592,-1.28236,-1.28241,2.31361,2.31361,0.331365,0.330974,3.00507,3.00353,1.45728,1.45728,-1.29315,-1.29468,
85090.8,-0.0601506,-0.0613592,-1.28236,-1.28241,2.31361,2.31361,0.331365,0.330974,3.00507,3.00353,1.45728,1.45728,-1.29315,-1.29468,
85110.8,-0.0601506,-0.0613592,-1.28236,-1.28241,2.31361,2.31361,0.331365,0.330974,3.00507,3.00353,1.45728,1.45728,-1.29315,-1.29468,
85130.8,-0.0601506,-0.0613592,-1.28236,-1.28241,2.31361,2.31361,0.331365,0.330974,3.00507,3.00353,1.45728,1.45728,-1.29315,-1.29468,
85150.8,-0.0601506,-0.0613592,-1.28236,-1.28241,2.31361,2.31361,0.331365,0.330974,3.00507,3.00353,1.45728,1.45728,-1.29315,-1.29468,
85170.8,-0.0601506,-0.0613592,-1.28236,-1.28241,2.31361,2.31361,0.331365,0.330974,3.00507,3.00353,1.45728,1.45728,-1.29315,-1.29468,
85190.8,-0.0601506,-0.0613592,-1.28236,-1.28241,2.31361,2.31361,0.331365,0.330974,3.00507,3.00353,1.45728,1.45728,-1.29315,-1.29468,
85210.9,-0.0601506,-0.0613592,-1.28236,-1.28241,2.31361,2.31361,0.331365,0.330974,3.00507,3.00353,1.45728,1.45728,-1.29315,-1.29468,
85230.8,-0.0601506,-0.0613592,-1.28236,-1.28241,2.31361,2.31361,0.331365,0.330974,3.00507,3.00353,1.45728,1.45728,-1.29315,-1.29468,
85250.8,-0.0601506,-0.0613592,-1.28236,-1.28241,2.31361,2.31361,0.331365,0.330974,3.00507,3.00353,1.45728,1.45728,-1.29315,-1.29468,
85270.7,-0.0601506,-0.0613592,-1.28236,-1.28241,2.31361,2.31361,0.331365,0.330974,3.00507,3.00353,1.45728,1.45728,-1.29315,-1.29468,
85290.8,-0.0601506,-0.0613592,-1.28236,-1.28241,2.31361,2.31361,0.331365,0.330974,3.00507,3.00353,1.45728,1.45728,-1.29315,-1.29468,
85310.7,-0.0601506,-0.0613592,-1.28236,-1.28241,2.31361,2.31361,0.331365,0.330974,3.00507,3.00353,1.45728,1.45728,-1.29315,-1.29468,
85330.7,-0.0601506,-0.0613592,-1.28236,-1.28241,2.31361,2.31361,0.331365,0.330974,3.00507,3.00353,1.45728,1.45728,-1.29315,-1.29468,
85350.7,-0.0601506,-0.0613592,-1.28236,-1.28241,2.31361,2.31361,0.331365,0.330974,3.00507,3.00353,1.45728,1.45728,-1.29315,-1.29468,
85370.7,-0.0601506,-0.0613592,-1.28236,-1.28241,2.31361,2.31361,0.331365,0.330974,3.00507,3.00353,1.45728,1.45728,-1.29315,-1.29468,
85390.8,-0.0601506,-0.0613592,-1.28236,-1.28241,2.31361,2.31361,0.331365,0.330974,3.00507,3.00353,1.45728,1.45728,-1.29315,-1.29468,
85410.7,-0.0601506,-0.0613592,-1.28236,-1.28241,2.31361,2.31361,0.331365,0.330974,3.00507,3.00353,1.45728,1.45728,-1.29315,-1.29468,
85430.7,-0.0601506,-0.0613592,-1.28236,-1.28241,2.31361,2.31208,0.331365,0.330974,3.00507,3.00353,1.45728,1.45728,-1.29315,-1.29468,
85450.9,-0.0601506,-0.0613592,-1.28236,-1.28241,2.31361,2.31208,0.331365,0.330974,3.00507,3.00353,1.45728,1.45728,-1.29315,-1.29468,
85470.7,-0.0601506,-0.0613592,-1.28236,-1.28241,2.31361,2.31208,0.331365,0.330974,3.00507,3.00353,1.45728,1.45728,-1.29315,-1.29468,
85490.6,-0.0601506,-0.0613592,-1.28236,-1.28241,2.31361,2.31208,0.331365,0.330974,3.00507,3.00353,1.45728,1.45728,-1.29315,-1.29468,
85510.6,-0.0601506,-0.0613592,-1.28236,-1.28241,2.31361,2.31208,0.331365,0.330974,3.00507,3.00353,1.45728,1.45728,-1.29315,-1.29468,
85530.6,-0.0601506,-0.0613592,-1.28236,-1.28241,2.31361,2.31361,0.331365,0.330974,3.00507,3.00353,1.45728,1.45728,-1.29315,-1.29468,
85550.6,-0.0601506,-0.0613592,-1.28236,-1.28241,2.31361,2.31361,0.331365,0.330974,3.00507,3.00353,1.45728,1.45728,-1.29315,-1.29468,
85570.6,-0.0601506,-0.0613592,-1.28236,-1.28241,2.31361,2.31361,0.331365,0.330974,3.00507,3.00353,1.45728,1.45728,-1.29315,-1.29468,
85590.7,-0.0601506,-0.0613592,-1.28236,-1.28241,2.31361,2.31361,0.331365,0.330974,3.00507,3.00353,1.45728,1.45728,-1.29315,-1.29468,
85610.7,-0.0601506,-0.0613592,-1.28236,-1.28241,2.31361,2.31361,0.331365,0.330974,3.00507,3.00353,1.45728,1.45728,-1.29315,-1.29468,
85630.7,-0.0601506,-0.0613592,-1.28236,-1.28241,2.31361,2.31361,0.331365,0.330974,3.00507,3.00353,1.45728,1.45728,-1.29315,-1.29468,
85650.7,-0.0601506,-0.0613592,-1.28236,-1.28241,2.31361,2.31361,0.331365,0.330974,3.00507,3.00353,1.45728,1.45728,-1.29315,-1.29468,
85670.7,-0.0601506,-0.0613592,-1.28236,-1.28241,2.31361,2.31361,0.331365,0.330974,3.00507,3.00353,1.45728,1.45728,-1.29315,-1.29468,
85690.7,-0.0601506,-0.0613592,-1.28236,-1.28241,2.31361,2.31361,0.331365,0.330974,3.00507,3.00353,1.45728,1.45728,-1.29315,-1.29468,
85710.6,-0.0601506,-0.0613592,-1.28236,-1.28241,2.31361,2.31361,0.331365,0.330974,3.00507,3.00353,1.45728,1.45728,-1.29315,-1.29468,
85730.6,-0.0601506,-0.0613592,-1.28236,-1.28241,2.31361,2.31361,0.331365,0.330974,3.00507,3.00353,1.45728,1.45728,-1.29315,-1.29468,
85750.7,-0.0601506,-0.0613592,-1.28236,-1.28241,2.31361,2.31361,0.331365,0.330974,3.00507,3.00353,1.45728,1.45728,-1.29315,-1.29468,
85770.7,-0.0601506,-0.0613592,-1.28236,-1.28241,2.31361,2.31361,0.331365,0.330974,3.00507,3.00353,1.45728,1.45728,-1.29315,-1.29468,
85790.7,-0.0601506,-0.0613592,-1.28236,-1.28241,2.31361,2.31361,0.331365,0.330974,3.00507,3.00353,1.45728,1.45728,-1.29315,-1.29468,
85810.7,-0.0601506,-0.0613592,-1.28236,-1.28241,2.31361,2.31361,0.331365,0.330974,3.00507,3.00353,1.45728,1.45728,-1.29315,-1.29468,
85830.8,-0.0601506,-0.0613592,-1.28236,-1.28241,2.31361,2.31361,0.331365,0.330974,3.00507,3.00353,1.45728,1.45728,-1.29315,-1.29468,
85850.7,-0.0601506,-0.0613592,-1.28236,-1.28241,2.31361,2.31361,0.331365,0.330974,3.00507,3.00353,1.45728,1.45728,-1.29315,-1.29468,
85870.7,-0.0601506,-0.0613592,-1.28236,-1.28241,2.31361,2.31361,0.331365,0.330974,3.00507,3.00353,1.45728,1.45728,-1.29315,-1.29468,
85890.7,-0.0601506,-0.0613592,-1.28236,-1.28241,2.31361,2.31361,0.331365,0.330974,3.00507,3.00353,1.45728,1.45728,-1.29315,-1.29468,
85910.7,-0.0601506,-0.0613592,-1.28236,-1.28241,2.31361,2.31361,0.331365,0.330974,3.00507,3.00353,1.45728,1.45728,-1.29315,-1.29468,
85930.7,-0.0601506,-0.0613592,-1.28236,-1.28241,2.31361,2.31361,0.331365,0.330974,3.00507,3.00353,1.45728,1.45728,-1.29315,-1.29468,
85950.7,-0.0601506,-0.0613592,-1.28236,-1.28241,2.31361,2.31361,0.331365,0.330974,3.00507,3.00353,1.45728,1.45728,-1.29315,-1.29468,
85970.7,-0.0601506,-0.0613592,-1.28236,-1.28241,2.31361,2.31361,0.331365,0.330974,3.00507,3.00353,1.45728,1.45728,-1.29315,-1.29468,
85990.7,-0.0601506,-0.0613592,-1.28236,-1.28241,2.31361,2.31361,0.331365,0.330974,3.00507,3.00353,1.45728,1.45728,-1.29315,-1.29468,
86010.6,-0.0601506,-0.0613592,-1.28236,-1.28241,2.31361,2.31361,0.331365,0.330974,3.00507,3.00353,1.45728,1.45728,-1.29315,-1.29468,
86030.8,-0.0601506,-0.0613592,-1.28236,-1.28241,2.31361,2.31361,0.331365,0.330974,3.00507,3.00353,1.45728,1.45728,-1.29315,-1.29468,
86050.7,-0.0601506,-0.0613592,-1.28236,-1.28241,2.31361,2.31361,0.331365,0.330974,3.00507,3.00353,1.45728,1.45728,-1.29315,-1.29468,
86070.7,-0.0601506,-0.0613592,-1.28236,-1.28241,2.31361,2.31361,0.331365,0.330974,3.00507,3.00353,1.45728,1.45728,-1.29315,-1.29468,
86090.7,-0.0601506,-0.0613592,-1.28236,-1.28241,2.31361,2.31361,0.331365,0.330974,3.00507,3.00353,1.45728,1.45728,-1.29315,-1.29468,
86110.7,-0.0601506,-0.0613592,-1.28236,-1.28241,2.31361,2.31361,0.331365,0.330974,3.00507,3.00353,1.45728,1.45728,-1.29315,-1.29468,
86130.7,-0.0601506,-0.0613592,-1.28236,-1.28241,2.31361,2.31361,0.331365,0.330974,3.00507,3.00353,1.45728,1.45728,-1.29315,-1.29468,
86150.7,-0.0601506,-0.0613592,-1.28236,-1.28241,2.31361,2.31361,0.331365,0.330974,3.00507,3.00353,1.45728,1.45728,-1.29315,-1.29468,
86170.8,-0.0601506,-0.0613592,-1.28236,-1.28241,2.31361,2.31361,0.331365,0.330974,3.00507,3.00353,1.45728,1.45728,-1.29315,-1.29468,
86190.7,-0.0601506,-0.0613592,-1.28236,-1.28241,2.31361,2.31361,0.331365,0.330974,3.00507,3.00353,1.45728,1.45728,-1.29315,-1.29468,
86210.7,-0.0601506,-0.0613592,-1.28236,-1.28241,2.31361,2.31361,0.331365,0.330974,3.00507,3.00353,1.45728,1.45728,-1.29315,-1.29315,
86230.7,-0.0601506,-0.0613592,-1.28236,-1.28241,2.31361,2.31361,0.331365,0.330974,3.00507,3.00353,1.45728,1.45728,-1.29315,-1.29315,
86250.7,-0.0601506,-0.0613592,-1.28236,-1.28241,2.31361,2.31361,0.331365,0.330974,3.00507,3.00353,1.45728,1.45728,-1.29315,-1.29315,
86270.7,-0.0601506,-0.0613592,-1.28236,-1.28241,2.31361,2.31361,0.331365,0.330974,3.00507,3.00353,1.45728,1.45728,-1.29315,-1.29315,
86290.7,-0.0601506,-0.0613592,-1.28236,-1.28241,2.31361,2.31361,0.331365,0.330974,3.00507,3.00353,1.45728,1.45728,-1.29315,-1.29315,
86310.6,-0.0601506,-0.0613592,-1.28236,-1.28241,2.31361,2.31361,0.331365,0.330974,3.00507,3.00353,1.45728,1.45728,-1.29315,-1.29315,
86330.7,-0.0601506,-0.0613592,-1.28236,-1.28241,2.31361,2.31361,0.331365,0.330974,3.00507,3.00353,1.45728,1.45728,-1.29315,-1.29468,
86350.7,-0.0601506,-0.0613592,-1.28236,-1.28241,2.31361,2.31361,0.331365,0.330974,3.00507,3.00353,1.45728,1.45728,-1.29315,-1.29468,
86370.7,-0.0601506,-0.0613592,-1.28236,-1.28241,2.31361,2.31361,0.331365,0.330974,3.00507,3.00353,1.45728,1.45728,-1.29315,-1.29468,
86390.7,-0.0601506,-0.0613592,-1.28236,-1.28241,2.31361,2.31361,0.331365,0.330974,3.00507,3.00353,1.45728,1.45728,-1.29315,-1.29468,
86410.6,-0.0601506,-0.0613592,-1.28236,-1.28241,2.31361,2.31361,0.331365,0.330974,3.00507,3.00353,1.45728,1.45728,-1.29315,-1.29468,
86430.7,-0.0601506,-0.0613592,-1.28236,-1.28241,2.31361,2.31361,0.331365,0.330974,3.00507,3.00353,1.45728,1.45728,-1.29315,-1.29468,
86450.6,-0.0601506,-0.0613592,-1.28236,-1.28241,2.31361,2.31361,0.331365,0.330974,3.00507,3.00353,1.45728,1.45728,-1.29315,-1.29468,
86470.6,-0.0601506,-0.0613592,-1.28236,-1.28241,2.31361,2.31361,0.331365,0.330974,3.00507,3.00353,1.45728,1.45728,-1.29315,-1.29468,
86491.6,-0.0601506,-0.0613592,-1.28236,-1.28241,2.31361,2.31361,0.331365,0.330974,3.00507,3.00353,1.45728,1.45728,-1.29315,-1.29468,
86510.6,-0.0601506,-0.0613592,-1.28236,-1.28241,2.31361,2.31361,0.331365,0.332508,3.00507,3.00353,1.45728,1.45728,-1.29315,-1.29468,
86530.9,-0.0601506,-0.0613592,-1.28236,-1.28241,2.31361,2.31361,0.331365,0.332508,3.00507,3.00353,1.45728,1.45728,-1.29315,-1.29468,
86550.6,-0.0601506,-0.0613592,-1.28236,-1.28241,2.31361,2.31361,0.331365,0.332508,3.00507,3.00353,1.45728,1.45728,-1.29315,-1.29468,
86570.6,-0.0601506,-0.0613592,-1.28236,-1.28241,2.31361,2.31361,0.331365,0.332508,3.00507,3.00353,1.45728,1.45728,-1.29315,-1.29468,
86590.6,-0.0601506,-0.0613592,-1.28236,-1.28241,2.31361,2.31361,0.331365,0.332508,3.00507,3.00353,1.45728,1.45728,-1.29315,-1.29468,
86610.6,-0.0601506,-0.0613592,-1.28236,-1.28241,2.31361,2.31361,0.331365,0.332508,3.00507,3.00353,1.45728,1.45728,-1.29315,-1.29468,
86630.7,-0.0601506,-0.0613592,-1.28236,-1.28241,2.31361,2.31361,0.331365,0.332508,3.00507,3.00353,1.45728,1.45728,-1.29315,-1.29468,
86650.7,-0.0601506,-0.0613592,-1.28236,-1.28241,2.31361,2.31361,0.331365,0.332508,3.00507,3.00353,1.45728,1.45728,-1.29315,-1.29468,
86670.6,-0.0601506,-0.0613592,-1.28236,-1.28241,2.31361,2.31361,0.331365,0.332508,3.00507,3.00353,1.45728,1.45728,-1.29315,-1.29468,
86690.7,-0.0601506,-0.0613592,-1.28236,-1.28241,2.31361,2.31361,0.331365,0.332508,3.00507,3.00353,1.45728,1.45728,-1.29315,-1.29468,
86710.7,-0.0601506,-0.0613592,-1.28236,-1.28241,2.31361,2.31361,0.331365,0.332508,3.00507,3.00353,1.45728,1.45728,-1.29315,-1.29468,
86730.7,-0.0601506,-0.0613592,-1.28236,-1.28394,2.31361,2.31361,0.331365,0.332508,3.00507,3.00353,1.45728,1.45728,-1.29315,-1.29468,
86750.7,-0.0601506,-0.0613592,-1.28236,-1.28394,2.31361,2.31361,0.331365,0.332508,3.00507,3.00353,1.45728,1.45728,-1.29315,-1.29468,
86770.7,-0.0601506,-0.0613592,-1.28236,-1.28394,2.31361,2.31361,0.331365,0.332508,3.00507,3.00353,1.45728,1.45728,-1.29315,-1.29468,
86790.7,-0.0601506,-0.0613592,-1.28236,-1.28394,2.31361,2.31361,0.331365,0.332508,3.00507,3.00353,1.45728,1.45728,-1.29315,-1.29468,
86810.7,-0.0601506,-0.0613592,-1.28236,-1.28394,2.31361,2.31361,0.331365,0.332508,3.00507,3.00353,1.45728,1.45728,-1.29315,-1.29468,
86830.7,-0.0601506,-0.0613592,-1.28236,-1.28394,2.31361,2.31361,0.331365,0.332508,3.00507,3.00353,1.45728,1.45728,-1.29315,-1.29315,
86850.7,-0.0601506,-0.0613592,-1.28236,-1.28394,2.31361,2.31361,0.331365,0.332508,3.00507,3.00353,1.45728,1.45728,-1.29315,-1.29315,
86870.7,-0.0601506,-0.0613592,-1.28236,-1.28394,2.31361,2.31361,0.331365,0.332508,3.00507,3.00353,1.45728,1.45728,-1.29315,-1.29315,
86890.8,-0.0601506,-0.0613592,-1.28236,-1.28394,2.31361,2.31361,0.331365,0.332508,3.00507,3.00353,1.45728,1.45728,-1.29315,-1.29315,
86910.6,-0.0601506,-0.0613592,-1.28236,-1.28394,2.31361,2.31361,0.331365,0.332508,3.00507,3.00353,1.45728,1.45728,-1.29315,-1.29315,
86930.7,-0.0601506,-0.0613592,-1.28236,-1.28394,2.31361,2.31361,0.331365,0.332508,3.00507,3.00353,1.45728,1.45728,-1.29315,-1.29315,
86950.7,-0.0601506,-0.0613592,-1.28236,-1.28548,2.31361,2.31361,0.331365,0.332508,3.00507,3.00353,1.45728,1.45728,-1.29315,-1.29468,
86970.7,-0.0601506,-0.0613592,-1.28236,-1.28548,2.31361,2.31361,0.331365,0.332508,3.00507,3.00353,1.45728,1.45728,-1.29315,-1.29468,
86990.7,-0.0601506,-0.0613592,-1.28236,-1.28548,2.31361,2.31361,0.331365,0.332508,3.00507,3.00353,1.45728,1.45728,-1.29315,-1.29468,
87010.6,-0.0601506,-0.0613592,-1.28236,-1.28548,2.31361,2.31361,0.331365,0.332508,3.00507,3.00353,1.45728,1.45728,-1.29315,-1.29468,
87030.6,-0.0601506,-0.0613592,-1.28236,-1.28394,2.31361,2.31361,0.331365,0.332508,3.00507,3.00353,1.45728,1.45728,-1.29315,-1.29468,
87050.7,-0.0601506,-0.0613592,-1.28236,-1.28394,2.31361,2.31361,0.331365,0.332508,3.00507,3.00353,1.45728,1.45728,-1.29315,-1.29468,
87070.7,-0.0601506,-0.0613592,-1.28236,-1.28394,2.31361,2.31361,0.331365,0.332508,3.00507,3.00353,1.45728,1.45728,-1.29315,-1.29468,
87090.7,-0.0601506,-0.0613592,-1.28236,-1.28394,2.31361,2.31361,0.331365,0.332508,3.00507,3.00353,1.45728,1.45728,-1.29315,-1.29468,
87110.6,-0.0601506,-0.0613592,-1.28236,-1.28394,2.31361,2.31361,0.331365,0.332508,3.00507,3.00353,1.45728,1.45728,-1.29315,-1.29468,
87130.7,-0.0601506,-0.0613592,-1.28236,-1.28548,2.31361,2.31361,0.331365,0.332508,3.00507,3.00353,1.45728,1.45728,-1.29315,-1.29468,
87150.7,-0.0601506,-0.0613592,-1.28236,-1.28548,2.31361,2.31361,0.331365,0.332508,3.00507,3.00353,1.45728,1.45728,-1.29315,-1.29468,
87170.7,-0.0601506,-0.0613592,-1.28236,-1.28548,2.31361,2.31361,0.331365,0.332508,3.00507,3.00353,1.45728,1.45728,-1.29315,-1.29468,
87190.7,-0.0601506,-0.0613592,-1.28236,-1.28548,2.31361,2.31361,0.331365,0.332508,3.00507,3.00353,1.45728,1.45728,-1.29315,-1.29468,
87210.7,-0.0601506,-0.0613592,-1.28236,-1.28394,2.31361,2.31361,0.331365,0.332508,3.00507,3.00353,1.45728,1.45728,-1.29315,-1.29468,
87230.7,-0.0601506,-0.0613592,-1.28236,-1.28394,2.31361,2.31361,0.331365,0.332508,3.00507,3.00353,1.45728,1.45728,-1.29315,-1.29468,
87250.7,-0.0601506,-0.0613592,-1.28236,-1.28394,2.31361,2.31361,0.331365,0.332508,3.00507,3.00353,1.45728,1.45728,-1.29315,-1.29468,
87270.7,-0.0601506,-0.0613592,-1.28236,-1.28394,2.31361,2.31361,0.331365,0.332508,3.00507,3.00353,1.45728,1.45728,-1.29315,-1.29468,
87290.7,-0.0601506,-0.0613592,-1.28236,-1.28394,2.31361,2.31361,0.331365,0.332508,3.00507,3.00353,1.45728,1.45728,-1.29315,-1.29468,
87310.7,-0.0601506,-0.0613592,-1.28236,-1.28548,2.31361,2.31361,0.331365,0.332508,3.00507,3.00353,1.45728,1.45728,-1.29315,-1.29468,
87330.7,-0.0601506,-0.0613592,-1.28236,-1.28548,2.31361,2.31361,0.331365,0.332508,3.00507,3.00353,1.45728,1.45728,-1.29315,-1.29468,
87350.7,-0.0601506,-0.0613592,-1.28236,-1.28548,2.31361,2.31361,0.331365,0.332508,3.00507,3.00353,1.45728,1.45728,-1.29315,-1.29468,
87370.7,-0.0601506,-0.0613592,-1.28236,-1.28548,2.31361,2.31361,0.331365,0.332508,3.00507,3.00353,1.45728,1.45728,-1.29315,-1.29468,
87390.7,-0.0601506,-0.0613592,-1.28236,-1.28548,2.31361,2.31361,0.331365,0.332508,3.00507,3.00353,1.45728,1.45728,-1.29315,-1.29468,
87410.7,-0.0601506,-0.0613592,-1.28236,-1.28548,2.31361,2.31361,0.331365,0.332508,3.00507,3.00353,1.45728,1.45728,-1.29315,-1.29468,
87430.6,-0.0601506,-0.0613592,-1.28236,-1.28394,2.31361,2.31361,0.331365,0.332508,3.00507,3.00353,1.45728,1.45728,-1.29315,-1.29468,
87450.6,-0.0601506,-0.0613592,-1.28236,-1.28394,2.31361,2.31361,0.331365,0.332508,3.00507,3.00353,1.45728,1.45728,-1.29315,-1.29468,
87470.6,-0.0601506,-0.0613592,-1.28236,-1.28394,2.31361,2.31361,0.331365,0.332508,3.00507,3.00353,1.45728,1.45728,-1.29315,-1.29468,
87490.7,-0.0601506,-0.0613592,-1.28236,-1.28394,2.31361,2.31361,0.331365,0.332508,3.00507,3.00353,1.45728,1.45728,-1.29315,-1.29468,
87510.7,-0.0601506,-0.0613592,-1.28236,-1.28394,2.31361,2.31361,0.331365,0.332508,3.00507,3.00353,1.45728,1.45728,-1.29315,-1.29468,
87530.7,-0.0601506,-0.0613592,-1.28236,-1.28548,2.31361,2.31361,0.331365,0.332508,3.00507,3.00353,1.45728,1.45728,-1.29315,-1.29468,
87550.7,-0.0601506,-0.0613592,-1.28236,-1.28548,2.31361,2.31361,0.331365,0.332508,3.00507,3.00353,1.45728,1.45728,-1.29315,-1.29468,
87570.7,-0.0601506,-0.0613592,-1.28236,-1.28548,2.31361,2.31361,0.331365,0.332508,3.00507,3.00353,1.45728,1.45728,-1.29315,-1.29468,
87590.7,-0.0601506,-0.0613592,-1.28236,-1.28548,2.31361,2.31361,0.331365,0.332508,3.00507,3.00353,1.45728,1.45728,-1.29315,-1.29468,
87610.8,-0.0601506,-0.0613592,-1.28236,-1.28548,2.31361,2.31361,0.331365,0.332508,3.00507,3.00353,1.45728,1.45728,-1.29315,-1.29468,
87630.8,-0.0601506,-0.0613592,-1.28236,-1.28548,2.31361,2.31208,0.331365,0.332508,3.00507,3.00353,1.45728,1.45728,-1.29315,-1.29468,
87650.8,-0.0601506,-0.0613592,-1.28236,-1.28548,2.31361,2.31208,0.331365,0.332508,3.00507,3.00353,1.45728,1.45728,-1.29315,-1.29468,
87670.7,-0.0601506,-0.0613592,-1.28236,-1.28548,2.31361,2.31208,0.331365,0.332508,3.00507,3.00353,1.45728,1.45728,-1.29315,-1.29468,
87690.7,-0.0601506,-0.0613592,-1.28236,-1.28548,2.31361,2.31208,0.331365,0.332508,3.00507,3.00353,1.45728,1.45728,-1.29315,-1.29468,
87710.7,-0.0601506,-0.0613592,-1.28236,-1.28394,2.31361,2.31361,0.331365,0.332508,3.00507,3.00353,1.45728,1.45728,-1.29315,-1.29468,
87730.8,-0.0601506,-0.0613592,-1.28236,-1.28394,2.31361,2.31361,0.331365,0.332508,3.00507,3.00353,1.45728,1.45728,-1.29315,-1.29468,
87750.7,-0.0601506,-0.0613592,-1.28236,-1.28394,2.31361,2.31361,0.331365,0.332508,3.00507,3.00353,1.45728,1.45728,-1.29315,-1.29468,
87770.7,-0.0601506,-0.0613592,-1.28236,-1.28394,2.31361,2.31361,0.331365,0.332508,3.00507,3.00353,1.45728,1.45728,-1.29315,-1.29468,
87790.8,-0.0601506,-0.0613592,-1.28236,-1.28394,2.31361,2.31361,0.331365,0.332508,3.00507,3.00353,1.45728,1.45728,-1.29315,-1.29468,
87810.8,-0.0601506,-0.0613592,-1.28236,-1.28394,2.31361,2.31361,0.331365,0.332508,3.00507,3.00353,1.45728,1.45728,-1.29315,-1.29468,
87830.8,-0.0601506,-0.0613592,-1.28236,-1.28394,2.31361,2.31361,0.331365,0.332508,3.00507,3.00353,1.45728,1.45728,-1.29315,-1.29468,
87850.8,-0.0601506,-0.0613592,-1.28236,-1.28394,2.31361,2.31361,0.331365,0.332508,3.00507,3.00353,1.45728,1.45728,-1.29315,-1.29468,
87870.7,-0.0601506,-0.0613592,-1.28236,-1.28394,2.31361,2.31361,0.331365,0.332508,3.00507,3.00353,1.45728,1.45728,-1.29315,-1.29468,
87890.6,-0.0601506,-0.0613592,-1.28236,-1.28394,2.31361,2.31361,0.331365,0.332508,3.00507,3.00353,1.45728,1.45728,-1.29315,-1.29468,
87910.7,-0.0601506,-0.0613592,-1.28236,-1.28394,2.31361,2.31361,0.331365,0.332508,3.00507,3.00353,1.45728,1.45728,-1.29315,-1.29468,
87930.7,-0.0601506,-0.0613592,-1.28236,-1.28548,2.31361,2.31361,0.331365,0.332508,3.00507,3.00353,1.45728,1.45728,-1.29315,-1.29468,
87950.7,-0.0601506,-0.0613592,-1.28236,-1.28548,2.31361,2.31361,0.331365,0.332508,3.00507,3.00353,1.45728,1.45728,-1.29315,-1.29468,
87970.7,-0.0601506,-0.0613592,-1.28236,-1.28548,2.31361,2.31361,0.331365,0.332508,3.00507,3.00353,1.45728,1.45728,-1.29315,-1.29468,
87990.8,-0.0601506,-0.0613592,-1.28236,-1.28548,2.31361,2.31361,0.331365,0.332508,3.00507,3.00353,1.45728,1.45728,-1.29315,-1.29468,
88010.8,-0.0601506,-0.0613592,-1.28236,-1.28548,2.31361,2.31361,0.331365,0.332508,3.00507,3.00353,1.45728,1.45728,-1.29315,-1.29468,
88030.8,-0.0601506,-0.0613592,-1.28236,-1.28394,2.31361,2.31361,0.331365,0.332508,3.00507,3.00353,1.45728,1.45728,-1.29315,-1.29315,
88050.8,-0.0601506,-0.0613592,-1.28236,-1.28394,2.31361,2.31361,0.331365,0.332508,3.00507,3.00353,1.45728,1.45728,-1.29315,-1.29315,
88070.8,-0.0601506,-0.0613592,-1.28236,-1.28394,2.31361,2.31361,0.331365,0.332508,3.00507,3.00353,1.45728,1.45728,-1.29315,-1.29315,
88090.8,-0.0601506,-0.0613592,-1.28236,-1.28394,2.31361,2.31361,0.331365,0.332508,3.00507,3.00353,1.45728,1.45728,-1.29315,-1.29315,
88110.7,-0.0601506,-0.0613592,-1.28236,-1.28394,2.31361,2.31361,0.331365,0.332508,3.00507,3.00353,1.45728,1.45728,-1.29315,-1.29315,
88130.8,-0.0601506,-0.0613592,-1.28236,-1.28548,2.31361,2.31361,0.331365,0.332508,3.00507,3.00353,1.45728,1.45728,-1.29315,-1.29468,
88150.7,-0.0601506,-0.0613592,-1.28236,-1.28548,2.31361,2.31361,0.331365,0.332508,3.00507,3.00353,1.45728,1.45728,-1.29315,-1.29468,
88170.8,-0.0601506,-0.0613592,-1.28236,-1.28548,2.31361,2.31361,0.331365,0.332508,3.00507,3.00353,1.45728,1.45728,-1.29315,-1.29468,
88190.8,-0.0601506,-0.0613592,-1.28236,-1.28548,2.31361,2.31361,0.331365,0.332508,3.00507,3.00353,1.45728,1.45728,-1.29315,-1.29468,
88210.7,-0.0601506,-0.0613592,-1.28236,-1.28548,2.31361,2.31361,0.331365,0.332508,3.00507,3.00353,1.45728,1.45728,-1.29315,-1.29468,
88230.7,-0.0601506,-0.0613592,-1.28236,-1.28548,2.31361,2.31361,0.331365,0.332508,3.00507,3.00353,1.45728,1.45728,-1.29315,-1.29468,
88250.7,-0.0601506,-0.0613592,-1.28236,-1.28548,2.31361,2.31361,0.331365,0.332508,3.00507,3.00353,1.45728,1.45728,-1.29315,-1.29468,
88270.7,-0.0601506,-0.0613592,-1.28236,-1.28548,2.31361,2.31361,0.331365,0.332508,3.00507,3.00353,1.45728,1.45728,-1.29315,-1.29468,
88290.6,-0.0601506,-0.0613592,-1.28236,-1.28548,2.31361,2.31361,0.331365,0.332508,3.00507,3.00353,1.45728,1.45728,-1.29315,-1.29468,
88310.6,-0.0601506,-0.0613592,-1.28236,-1.28548,2.31361,2.31361,0.331365,0.332508,3.00507,3.00353,1.45728,1.45728,-1.29315,-1.29468,
88330.6,-0.0601506,-0.0613592,-1.28236,-1.28548,2.31361,2.31361,0.331365,0.332508,3.00507,3.00353,1.45728,1.45728,-1.29315,-1.29468,
88350.9,-0.0601506,-0.0613592,-1.28236,-1.28548,2.31361,2.31361,0.331365,0.332508,3.00507,3.00353,1.45728,1.45728,-1.29315,-1.29468,
88370.7,-0.0601506,-0.0613592,-1.28236,-1.28548,2.31361,2.31361,0.331365,0.332508,3.00507,3.00353,1.45728,1.45728,-1.29315,-1.29468,
88390.8,-0.0601506,-0.0613592,-1.28236,-1.28548,2.31361,2.31361,0.331365,0.332508,3.00507,3.00353,1.45728,1.45728,-1.29315,-1.29468,
88410.7,-0.0601506,-0.0613592,-1.28236,-1.28548,2.31361,2.31361,0.331365,0.332508,3.00507,3.00353,1.45728,1.45728,-1.29315,-1.29315,
88430.8,-0.0601506,-0.0613592,-1.28236,-1.28548,2.31361,2.31361,0.331365,0.332508,3.00507,3.00353,1.45728,1.45728,-1.29315,-1.29315,
88450.8,-0.0601506,-0.0613592,-1.28236,-1.28548,2.31361,2.31361,0.331365,0.332508,3.00507,3.00353,1.45728,1.45728,-1.29315,-1.29315,
88470.8,-0.0601506,-0.0613592,-1.28236,-1.28548,2.31361,2.31361,0.331365,0.332508,3.00507,3.00353,1.45728,1.45728,-1.29315,-1.29315,
88490.8,-0.0601506,-0.0613592,-1.28236,-1.28548,2.31361,2.31361,0.331365,0.332508,3.00507,3.00353,1.45728,1.45728,-1.29315,-1.29315,
88510.8,-0.0601506,-0.0613592,-1.28236,-1.28548,2.31361,2.31361,0.331365,0.332508,3.00507,3.00353,1.45728,1.45728,-1.29315,-1.29315,
88530.8,-0.0601506,-0.0613592,-1.28236,-1.28548,2.31361,2.31361,0.331365,0.332508,3.00507,3.00353,1.45728,1.45728,-1.29315,-1.29315,
88550.8,-0.0601506,-0.0613592,-1.28236,-1.28548,2.31361,2.31361,0.331365,0.332508,3.00507,3.00353,1.45728,1.45728,-1.29315,-1.29315,
88570.8,-0.0601506,-0.0613592,-1.28236,-1.28548,2.31361,2.31361,0.331365,0.332508,3.00507,3.00353,1.45728,1.45728,-1.29315,-1.29315,
88590.8,-0.0601506,-0.0613592,-1.28236,-1.28548,2.31361,2.31361,0.331365,0.332508,3.00507,3.00353,1.45728,1.45728,-1.29315,-1.29315,
88610.7,-0.0601506,-0.0613592,-1.28236,-1.28394,2.31361,2.31361,0.331365,0.332508,3.00507,3.00353,1.45728,1.45728,-1.29315,-1.29468,
88630.7,-0.0601506,-0.0613592,-1.28236,-1.28394,2.31361,2.31361,0.331365,0.332508,3.00507,3.00353,1.45728,1.45728,-1.29315,-1.29468,
88650.8,-0.0601506,-0.0613592,-1.28236,-1.28394,2.31361,2.31361,0.331365,0.332508,3.00507,3.00353,1.45728,1.45728,-1.29315,-1.29468,
88670.8,-0.0601506,-0.0613592,-1.28236,-1.28394,2.31361,2.31361,0.331365,0.332508,3.00507,3.00353,1.45728,1.45728,-1.29315,-1.29468,
88690.8,-0.0601506,-0.0613592,-1.28236,-1.28394,2.31361,2.31361,0.331365,0.332508,3.00507,3.00353,1.45728,1.45728,-1.29315,-1.29468,
88710.8,-0.0601506,-0.0613592,-1.28236,-1.28394,2.31361,2.31361,0.331365,0.332508,3.00507,3.00353,1.45728,1.45728,-1.29315,-1.29468,
88730.8,-0.0601506,-0.0613592,-1.28236,-1.28548,2.31361,2.31361,0.331365,0.332508,3.00507,3.00353,1.45728,1.45728,-1.29315,-1.29468,
88750.8,-0.0601506,-0.0613592,-1.28236,-1.28548,2.31361,2.31361,0.331365,0.332508,3.00507,3.00353,1.45728,1.45728,-1.29315,-1.29468,
88770.8,-0.0601506,-0.0613592,-1.28236,-1.28548,2.31361,2.31361,0.331365,0.332508,3.00507,3.00353,1.45728,1.45728,-1.29315,-1.29468,
88790.8,-0.0601506,-0.0613592,-1.28236,-1.28548,2.31361,2.31361,0.331365,0.332508,3.00507,3.00353,1.45728,1.45728,-1.29315,-1.29468,
88810.8,-0.0601506,-0.0613592,-1.28236,-1.28548,2.31361,2.31361,0.331365,0.332508,3.00507,3.00353,1.45728,1.45728,-1.29315,-1.29468,
88830.8,-0.0601506,-0.0613592,-1.28236,-1.28548,2.31361,2.31361,0.331365,0.332508,3.00507,3.00353,1.45728,1.45728,-1.29315,-1.29468,
88850.8,-0.0601506,-0.0613592,-1.28236,-1.28548,2.31361,2.31361,0.331365,0.332508,3.00507,3.00353,1.45728,1.45728,-1.29315,-1.29468,
88870.8,-0.0601506,-0.0613592,-1.28236,-1.28548,2.31361,2.31361,0.331365,0.332508,3.00507,3.00353,1.45728,1.45728,-1.29315,-1.29468,
88890.8,-0.0601506,-0.0613592,-1.28236,-1.28548,2.31361,2.31361,0.331365,0.332508,3.00507,3.00353,1.45728,1.45728,-1.29315,-1.29468,
88910.8,-0.0601506,-0.0613592,-1.28236,-1.28548,2.31361,2.31361,0.331365,0.332508,3.00507,3.00353,1.45728,1.45728,-1.29315,-1.29468,
88930.9,-0.0601506,-0.0613592,-1.28236,-1.28548,2.31361,2.31361,0.331365,0.332508,3.00507,3.00353,1.45728,1.45728,-1.29315,-1.29468,
88950.8,-0.0601506,-0.0613592,-1.28236,-1.28548,2.31361,2.31361,0.331365,0.332508,3.00507,3.00353,1.45728,1.45728,-1.29315,-1.29468,
88970.8,-0.0601506,-0.0613592,-1.28236,-1.28548,2.31361,2.31361,0.331365,0.332508,3.00507,3.00353,1.45728,1.45728,-1.29315,-1.29468,
88990.8,-0.0601506,-0.0613592,-1.28236,-1.28548,2.31361,2.31361,0.331365,0.332508,3.00507,3.00353,1.45728,1.45728,-1.29315,-1.29468,
89010.8,-0.0601506,-0.0613592,-1.28236,-1.28548,2.31361,2.31361,0.331365,0.332508,3.00507,3.00353,1.45728,1.45728,-1.29315,-1.29468,
89030.8,-0.0601506,-0.0613592,-1.28236,-1.28548,2.31361,2.31361,0.331365,0.332508,3.00507,3.00353,1.45728,1.45728,-1.29315,-1.29468,
89050.8,-0.0601506,-0.0613592,-1.28236,-1.28548,2.31361,2.31361,0.331365,0.332508,3.00507,3.00353,1.45728,1.45728,-1.29315,-1.29468,
89070.8,-0.0601506,-0.0613592,-1.28236,-1.28548,2.31361,2.31361,0.331365,0.332508,3.00507,3.00353,1.45728,1.45728,-1.29315,-1.29468,
89090.7,-0.0601506,-0.0613592,-1.28236,-1.28548,2.31361,2.31361,0.331365,0.332508,3.00507,3.00353,1.45728,1.45728,-1.29315,-1.29468,
89110.8,-0.0601506,-0.0613592,-1.28236,-1.28548,2.31361,2.31361,0.331365,0.332508,3.00507,3.00353,1.45728,1.45728,-1.29315,-1.29468,
89130.8,-0.0601506,-0.0613592,-1.28236,-1.28548,2.31361,2.31361,0.331365,0.332508,3.00507,3.00353,1.45728,1.45728,-1.29315,-1.29468,
89150.8,-0.0601506,-0.0613592,-1.28236,-1.28548,2.31361,2.31361,0.331365,0.332508,3.00507,3.00353,1.45728,1.45728,-1.29315,-1.29468,
89170.8,-0.0601506,-0.0613592,-1.28236,-1.28548,2.31361,2.31361,0.331365,0.332508,3.00507,3.00353,1.45728,1.45728,-1.29315,-1.29468,
89190.7,-0.0601506,-0.0613592,-1.28236,-1.28548,2.31361,2.31361,0.331365,0.332508,3.00507,3.00353,1.45728,1.45728,-1.29315,-1.29468,
89210.8,-0.0601506,-0.0613592,-1.28236,-1.28548,2.31361,2.31361,0.331365,0.332508,3.00507,3.00353,1.45728,1.45728,-1.29315,-1.29468,
89230.7,-0.0601506,-0.0613592,-1.28236,-1.28548,2.31361,2.31361,0.331365,0.332508,3.00507,3.00353,1.45728,1.45728,-1.29315,-1.29468,
89250.8,-0.0601506,-0.0613592,-1.28236,-1.28548,2.31361,2.31361,0.331365,0.332508,3.00507,3.00353,1.45728,1.45728,-1.29315,-1.29468,
89270.8,-0.0601506,-0.0613592,-1.28236,-1.28548,2.31361,2.31361,0.331365,0.332508,3.00507,3.00353,1.45728,1.45728,-1.29315,-1.29468,
89290.8,-0.0601506,-0.0613592,-1.28236,-1.28548,2.31361,2.31361,0.331365,0.332508,3.00507,3.00353,1.45728,1.45728,-1.29315,-1.29468,
89310.8,-0.0601506,-0.0613592,-1.28236,-1.28548,2.31361,2.31361,0.331365,0.332508,3.00507,3.00353,1.45728,1.45728,-1.29315,-1.29315,
89330.8,-0.0601506,-0.0613592,-1.28236,-1.28548,2.31361,2.31361,0.331365,0.332508,3.00507,3.00353,1.45728,1.45728,-1.29315,-1.29315,
89350.8,-0.0601506,-0.0613592,-1.28236,-1.28548,2.31361,2.31361,0.331365,0.332508,3.00507,3.00353,1.45728,1.45728,-1.29315,-1.29315,
89370.8,-0.0601506,-0.0613592,-1.28236,-1.28548,2.31361,2.31361,0.331365,0.332508,3.00507,3.00353,1.45728,1.45728,-1.29315,-1.29315,
89390.7,-0.0601506,-0.0613592,-1.28236,-1.28548,2.31361,2.31361,0.331365,0.332508,3.00507,3.00353,1.45728,1.45728,-1.29315,-1.29315,
89410.7,-0.0601506,-0.0613592,-1.28236,-1.28548,2.31361,2.31361,0.331365,0.332508,3.00507,3.00353,1.45728,1.45728,-1.29315,-1.29468,
89430.8,-0.0601506,-0.0613592,-1.28236,-1.28548,2.31361,2.31361,0.331365,0.332508,3.00507,3.00353,1.45728,1.45728,-1.29315,-1.29468,
89450.7,-0.0601506,-0.0613592,-1.28236,-1.28548,2.31361,2.31361,0.331365,0.332508,3.00507,3.00353,1.45728,1.45728,-1.29315,-1.29468,
89470.7,-0.0601506,-0.0613592,-1.28236,-1.28548,2.31361,2.31361,0.331365,0.332508,3.00507,3.00353,1.45728,1.45728,-1.29315,-1.29468,
89491.8,-0.0601506,-0.0613592,-1.28236,-1.28548,2.31361,2.31361,0.331365,0.332508,3.00507,3.00353,1.45728,1.45728,-1.29315,-1.29468,
89510.7,-0.0601506,-0.0613592,-1.28236,-1.28548,2.31361,2.31361,0.331365,0.332508,3.00507,3.00353,1.45728,1.45728,-1.29315,-1.29468,
89530.6,-0.0601506,-0.0613592,-1.28236,-1.28394,2.31361,2.31361,0.331365,0.332508,3.00507,3.00353,1.45728,1.45728,-1.29315,-1.29315,
89550.7,-0.0601506,-0.0613592,-1.28236,-1.28394,2.31361,2.31361,0.331365,0.332508,3.00507,3.00353,1.45728,1.45728,-1.29315,-1.29315,
89570.7,-0.0601506,-0.0613592,-1.28236,-1.28394,2.31361,2.31361,0.331365,0.332508,3.00507,3.00353,1.45728,1.45728,-1.29315,-1.29315,
89590.7,-0.0601506,-0.0613592,-1.28236,-1.28394,2.31361,2.31361,0.331365,0.332508,3.00507,3.00353,1.45728,1.45728,-1.29315,-1.29315,
89610.6,-0.0601506,-0.0613592,-1.28236,-1.28394,2.31361,2.31361,0.331365,0.332508,3.00507,3.00353,1.45728,1.45728,-1.29315,-1.29468,
89630.7,-0.0601506,-0.0613592,-1.28236,-1.28394,2.31361,2.31361,0.331365,0.332508,3.00507,3.00353,1.45728,1.45728,-1.29315,-1.29468,
89650.7,-0.0601506,-0.0613592,-1.28236,-1.28394,2.31361,2.31361,0.331365,0.332508,3.00507,3.00353,1.45728,1.45728,-1.29315,-1.29468,
89670.8,-0.0601506,-0.0613592,-1.28236,-1.28394,2.31361,2.31361,0.331365,0.332508,3.00507,3.00353,1.45728,1.45728,-1.29315,-1.29468,
89690.7,-0.0601506,-0.0613592,-1.28236,-1.28394,2.31361,2.31361,0.331365,0.332508,3.00507,3.00353,1.45728,1.45728,-1.29315,-1.29468,
89710.8,-0.0601506,-0.0613592,-1.28236,-1.28548,2.31361,2.31361,0.331365,0.332508,3.00507,3.00353,1.45728,1.45728,-1.29315,-1.29468,
89730.7,-0.0601506,-0.0613592,-1.28236,-1.28548,2.31361,2.31361,0.331365,0.332508,3.00507,3.00353,1.45728,1.45728,-1.29315,-1.29468,
89750.8,-0.0601506,-0.0613592,-1.28236,-1.28548,2.31361,2.31361,0.331365,0.332508,3.00507,3.00353,1.45728,1.45728,-1.29315,-1.29468,
89770.8,-0.0601506,-0.0613592,-1.28236,-1.28548,2.31361,2.31361,0.331365,0.332508,3.00507,3.00353,1.45728,1.45728,-1.29315,-1.29468,
89790.7,-0.0601506,-0.0613592,-1.28236,-1.28548,2.31361,2.31361,0.331365,0.332508,3.00507,3.00353,1.45728,1.45728,-1.29315,-1.29468,
89810.8,-0.0601506,-0.0613592,-1.28236,-1.28548,2.31361,2.31361,0.331365,0.332508,3.00507,3.00353,1.45728,1.45728,-1.29315,-1.29468,
89830.7,-0.0601506,-0.0613592,-1.28236,-1.28548,2.31361,2.31361,0.331365,0.332508,3.00507,3.00353,1.45728,1.45728,-1.29315,-1.29468,
89850.7,-0.0601506,-0.0613592,-1.28236,-1.28548,2.31361,2.31361,0.331365,0.332508,3.00507,3.00353,1.45728,1.45728,-1.29315,-1.29468,
89870.8,-0.0601506,-0.0613592,-1.28236,-1.28548,2.31361,2.31361,0.331365,0.332508,3.00507,3.00353,1.45728,1.45728,-1.29315,-1.29468,
89890.8,-0.0601506,-0.0613592,-1.28236,-1.28548,2.31361,2.31361,0.331365,0.332508,3.00507,3.00353,1.45728,1.45728,-1.29315,-1.29468,
89910.7,-0.0601506,-0.0613592,-1.28236,-1.28548,2.31361,2.31361,0.331365,0.332508,3.00507,3.00353,1.45728,1.45728,-1.29315,-1.29468,
89930.6,-0.0601506,-0.0613592,-1.28236,-1.28394,2.31361,2.31361,0.331365,0.332508,3.00507,3.00353,1.45728,1.45728,-1.29315,-1.29468,
89950.8,-0.0601506,-0.0613592,-1.28236,-1.28394,2.31361,2.31361,0.331365,0.332508,3.00507,3.00353,1.45728,1.45728,-1.29315,-1.29468,
89970.7,-0.0601506,-0.0613592,-1.28236,-1.28394,2.31361,2.31361,0.331365,0.332508,3.00507,3.00353,1.45728,1.45728,-1.29315,-1.29468,
89990.8,-0.0601506,-0.0613592,-1.28236,-1.28394,2.31361,2.31361,0.331365,0.332508,3.00507,3.00353,1.45728,1.45728,-1.29315,-1.29468,
90010.7,-0.0601506,-0.0613592,-1.28236,-1.28548,2.31361,2.31361,0.331365,0.332508,3.00507,3.00353,1.45728,1.45728,-1.29315,-1.29468,
90030.7,-0.0601506,-0.0613592,-1.28236,-1.28548,2.31361,2.31361,0.331365,0.332508,3.00507,3.00353,1.45728,1.45728,-1.29315,-1.29468,
90050.8,-0.0601506,-0.0613592,-1.28236,-1.28548,2.31361,2.31361,0.331365,0.332508,3.00507,3.00353,1.45728,1.45728,-1.29315,-1.29468,
90070.8,-0.0601506,-0.0613592,-1.28236,-1.28548,2.31361,2.31361,0.331365,0.332508,3.00507,3.00353,1.45728,1.45728,-1.29315,-1.29468,
90090.8,-0.0601506,-0.0613592,-1.28236,-1.28548,2.31361,2.31361,0.331365,0.332508,3.00507,3.00353,1.45728,1.45728,-1.29315,-1.29468,
90110.7,-0.0601506,-0.0613592,-1.28236,-1.28548,2.31361,2.31361,0.331365,0.332508,3.00507,3.00353,1.45728,1.45728,-1.29315,-1.29468,
90130.7,-0.0601506,-0.0613592,-1.28236,-1.28548,2.31361,2.31361,0.331365,0.332508,3.00507,3.00353,1.45728,1.45728,-1.29315,-1.29468,
90150.7,-0.0601506,-0.0613592,-1.28236,-1.28548,2.31361,2.31361,0.331365,0.332508,3.00507,3.00353,1.45728,1.45728,-1.29315,-1.29468,
90170.7,-0.0601506,-0.0613592,-1.28236,-1.28548,2.31361,2.31361,0.331365,0.332508,3.00507,3.00353,1.45728,1.45728,-1.29315,-1.29468,
90190.7,-0.0601506,-0.0613592,-1.28236,-1.28548,2.31361,2.31361,0.331365,0.332508,3.00507,3.00353,1.45728,1.45728,-1.29315,-1.29468,
90210.7,-0.0601506,-0.0613592,-1.28236,-1.28548,2.31361,2.31361,0.331365,0.332508,3.00507,3.00353,1.45728,1.45728,-1.29315,-1.29468,
90230.7,-0.0601506,-0.0613592,-1.28236,-1.28548,2.31361,2.31361,0.331365,0.332508,3.00507,3.00353,1.45728,1.45728,-1.29315,-1.29468,
90250.7,-0.0601506,-0.0613592,-1.28236,-1.28548,2.31361,2.31361,0.331365,0.332508,3.00507,3.00353,1.45728,1.45728,-1.29315,-1.29468,
90270.7,-0.0601506,-0.0613592,-1.28236,-1.28548,2.31361,2.31361,0.331365,0.332508,3.00507,3.00353,1.45728,1.45728,-1.29315,-1.29468,
90290.7,-0.0601506,-0.0613592,-1.28236,-1.28548,2.31361,2.31361,0.331365,0.332508,3.00507,3.00353,1.45728,1.45728,-1.29315,-1.29468,
90310.6,-0.0601506,-0.0613592,-1.28236,-1.28548,2.31361,2.31361,0.331365,0.332508,3.00507,3.00353,1.45728,1.45728,-1.29315,-1.29468,
90330.7,-0.0601506,-0.0613592,-1.28236,-1.28548,2.31361,2.31361,0.331365,0.332508,3.00507,3.00353,1.45728,1.45728,-1.29315,-1.29468,
90350.7,-0.0601506,-0.0613592,-1.28236,-1.28548,2.31361,2.31361,0.331365,0.332508,3.00507,3.00353,1.45728,1.45728,-1.29315,-1.29468,
90370.7,-0.0601506,-0.0613592,-1.28236,-1.28548,2.31361,2.31361,0.331365,0.332508,3.00507,3.00353,1.45728,1.45728,-1.29315,-1.29468,
90390.8,-0.0601506,-0.0613592,-1.28236,-1.28548,2.31361,2.31361,0.331365,0.332508,3.00507,3.00353,1.45728,1.45728,-1.29315,-1.29468,
90410.7,-0.0601506,-0.0613592,-1.28236,-1.28548,2.31361,2.31361,0.331365,0.332508,3.00507,3.00353,1.45728,1.45728,-1.29315,-1.29468,
90430.6,-0.0601506,-0.0613592,-1.28236,-1.28394,2.31361,2.31361,0.331365,0.332508,3.00507,3.00353,1.45728,1.45728,-1.29315,-1.29468,
90450.7,-0.0601506,-0.0613592,-1.28236,-1.28394,2.31361,2.31361,0.331365,0.332508,3.00507,3.00353,1.45728,1.45728,-1.29315,-1.29468,
90470.7,-0.0601506,-0.0613592,-1.28236,-1.28394,2.31361,2.31361,0.331365,0.332508,3.00507,3.00353,1.45728,1.45728,-1.29315,-1.29468,
90490.7,-0.0601506,-0.0613592,-1.28236,-1.28394,2.31361,2.31361,0.331365,0.332508,3.00507,3.00353,1.45728,1.45728,-1.29315,-1.29468,
90510.6,-0.0601506,-0.0613592,-1.28236,-1.28548,2.31361,2.31361,0.331365,0.332508,3.00507,3.00353,1.45728,1.45728,-1.29315,-1.29468,
90530.6,-0.0601506,-0.0613592,-1.28236,-1.28548,2.31361,2.31361,0.331365,0.332508,3.00507,3.00353,1.45728,1.45728,-1.29315,-1.29468,
90550.7,-0.0601506,-0.0613592,-1.28236,-1.28548,2.31361,2.31361,0.331365,0.332508,3.00507,3.00353,1.45728,1.45728,-1.29315,-1.29468,
90570.7,-0.0601506,-0.0613592,-1.28236,-1.28548,2.31361,2.31361,0.331365,0.332508,3.00507,3.00353,1.45728,1.45728,-1.29315,-1.29468,
90590.7,-0.0601506,-0.0613592,-1.28236,-1.28548,2.31361,2.31361,0.331365,0.332508,3.00507,3.00353,1.45728,1.45728,-1.29315,-1.29468,
90610.7,-0.0601506,-0.0613592,-1.28236,-1.28548,2.31361,2.31361,0.331365,0.332508,3.00507,3.00353,1.45728,1.45728,-1.29315,-1.29468,
90630.8,-0.0601506,-0.0613592,-1.28236,-1.28548,2.31361,2.31361,0.331365,0.332508,3.00507,3.00353,1.45728,1.45728,-1.29315,-1.29468,
90650.8,-0.0601506,-0.0613592,-1.28236,-1.28548,2.31361,2.31361,0.331365,0.332508,3.00507,3.00353,1.45728,1.45728,-1.29315,-1.29468,
90670.7,-0.0601506,-0.0613592,-1.28236,-1.28548,2.33465,2.31361,0.331365,0.332508,3.14159,3.00353,1.5708,1.45728,0,-1.29468,
90690.7,-0.0601506,-0.0613592,-1.28236,-1.28548,2.33465,2.31361,0.331365,0.332508,3.14159,3.00353,1.5708,1.45728,0,-1.29468,
90710.7,-0.0601506,-0.0613592,-1.28232,-1.28548,2.33465,2.31361,0.331316,0.332508,3.14159,3.00353,1.5708,1.45728,0,-1.29468,
90730.7,-0.0601506,-0.0613592,-1.28232,-1.28394,2.33465,2.31821,0.331316,0.332508,3.14159,3.01887,1.5708,1.45882,0,-1.29468,
90750.7,-0.0601506,-0.0613592,-1.28203,-1.28394,2.31821,2.31821,0.330993,0.332508,3.01887,3.01887,1.45882,1.45882,-1.29468,-1.29468,
90770.7,-0.0601506,-0.0613592,-1.28203,-1.28394,2.31821,2.31821,0.330993,0.332508,3.01887,3.01887,1.45882,1.45882,-1.29468,-1.29468,
90790.8,-0.0601506,-0.0613592,-1.28127,-1.28394,2.33476,2.31821,0.330161,0.332508,3.14159,3.01887,1.5708,1.45882,0,-1.29468,
90810.8,-0.0601506,-0.0613592,-1.27988,-1.28394,2.3349,2.31821,0.32863,0.332508,3.14159,3.01887,1.5708,1.45882,0,-1.29468,
90830.8,-0.0601506,-0.0613592,-1.27988,-1.28394,2.3349,2.32895,0.32863,0.332508,3.14159,3.13239,1.45882,1.45882,-1.29315,-1.29315,
90850.7,-0.0601506,-0.0613592,-1.27772,-1.28394,2.33512,2.32895,0.326245,0.332508,3.14159,3.13239,1.5708,1.45882,0,-1.29315,
90870.7,-0.0601506,-0.0613592,-1.27772,-1.28394,2.33512,2.32895,0.326245,0.332508,3.14159,3.13239,1.5708,1.45882,0,-1.29315,
90890.6,-0.0601506,-0.0613592,-1.27466,-1.28394,2.33542,2.32895,0.322888,0.332508,3.14159,3.13239,1.5708,1.45882,0,-1.29315,
90910.7,-0.0601506,-0.0613592,-1.27466,-1.28394,2.33542,2.32895,0.322888,0.332508,3.14159,3.13239,1.5708,1.45882,0,-1.29315,
90930.7,-0.0601506,-0.0644272,-1.28394,-1.28394,2.3358,2.33202,0.332508,0.332508,3.14159,3.14619,1.45882,1.45882,-1.29315,-1.29315,
90950.7,-0.0601506,-0.0644272,-1.26554,-1.28394,2.33625,2.33202,0.312942,0.332508,3.14159,3.14619,1.5708,1.45882,0,-1.29315,
90970.6,-0.0601506,-0.0644272,-1.26554,-1.28394,2.33625,2.33202,0.312942,0.332508,3.14159,3.14619,1.5708,1.45882,0,-1.29315,
90990.7,-0.0601506,-0.0644272,-1.25938,-1.28394,2.33677,2.33202,0.306264,0.332508,3.14159,3.14619,1.5708,1.45882,0,-1.29315,
91010.7,-0.0601506,-0.0644272,-1.25938,-1.28394,2.33677,2.33202,0.306264,0.332508,3.14159,3.14619,1.5708,1.45882,0,-1.29315,
91030.7,-0.0601506,-0.0644272,-1.25211,-1.28394,2.33733,2.33202,0.298432,0.332508,3.14159,3.14619,1.5708,1.45882,0,-1.29315,
91050.7,-0.0601506,-0.0613592,-1.25211,-1.28394,2.33733,2.33355,0.298432,0.332508,3.14159,3.14159,1.5708,1.45882,0,-1.29315,
91070.7,-0.0601506,-0.0613592,-1.24372,-1.28394,2.33792,2.33355,0.289459,0.332508,3.14159,3.14159,1.5708,1.45882,0,-1.29315,
91090.8,-0.0601506,-0.0613592,-1.24372,-1.28394,2.33792,2.33355,0.289459,0.332508,3.14159,3.14159,1.5708,1.45882,0,-1.29315,
91110.7,-0.0601506,-0.0613592,-1.23422,-1.28394,2.3385,2.33355,0.279377,0.332508,3.14159,3.14159,1.5708,1.45882,0,-1.29315,
91130.7,-0.0601506,-0.0613592,-1.23422,-1.28394,2.3385,2.33355,0.279377,0.332508,3.14159,3.14159,1.5708,1.45882,0,-1.29315,
91150.6,-0.0601506,-0.0598252,-1.22363,-1.28394,2.33905,2.33355,0.268235,0.332508,3.14159,3.14313,1.5708,1.45728,0,-1.29468,
91170.8,-0.0601506,-0.0598252,-1.21198,-1.28394,2.33953,2.33355,0.256095,0.332508,3.14159,3.14313,1.5708,1.45728,0,-1.29468,
91190.8,-0.0601506,-0.0598252,-1.21198,-1.28394,2.33953,2.33355,0.256095,0.332508,3.14159,3.14313,1.5708,1.45728,0,-1.29468,
91210.8,-0.0601506,-0.0598252,-1.19931,-1.28394,2.33992,2.33355,0.243033,0.332508,3.14159,3.14313,1.5708,1.45728,0,-1.29468,
91230.8,-0.0601506,-0.0598252,-1.28087,-1.28087,2.33992,2.33355,0.330974,0.330974,3.14159,3.14313,1.45882,1.45882,-1.29468,-1.29468,
91250.8,-0.0601506,-0.0598252,-1.18567,-1.28087,2.34019,2.33355,0.229132,0.330974,3.14159,3.14313,1.5708,1.45882,0,-1.29468,
91270.8,-0.0601506,-0.0598252,-1.18567,-1.28087,2.34019,2.33355,0.229132,0.330974,3.14159,3.14313,1.5708,1.45882,0,-1.29468,
91290.8,-0.0601506,-0.0598252,-1.17113,-1.28087,2.34029,2.33355,0.214487,0.330974,3.14159,3.14313,1.5708,1.45882,0,-1.29468,
91310.7,-0.0601506,-0.0598252,-1.15575,-1.2732,2.3402,2.33355,0.199195,0.32177,3.14159,3.14313,1.5708,1.45882,0,-1.29468,
91330.8,-0.0601506,-0.0598252,-1.15575,-1.2732,2.3402,2.33355,0.199195,0.32177,3.14159,3.14313,1.5708,1.45882,0,-1.29468,
91350.8,-0.0601506,-0.0598252,-1.13961,-1.2732,2.3399,2.33355,0.183359,0.32177,3.14159,3.14313,1.5708,1.45882,0,-1.29468,
91370.8,-0.0601506,-0.0598252,-1.13961,-1.2732,2.3399,2.33355,0.183359,0.32177,3.14159,3.14313,1.5708,1.45882,0,-1.29468,
91390.8,-0.0601506,-0.0598252,-1.12279,-1.2732,2.33936,2.33355,0.167085,0.32177,3.14159,3.14313,1.5708,1.45882,0,-1.29468,
91410.7,-0.0601506,-0.0598252,-1.12279,-1.2732,2.33936,2.33355,0.167085,0.32177,3.14159,3.14313,1.5708,1.45882,0,-1.29468,
91430.8,-0.0601506,-0.0613592,-1.2548,-1.2548,2.33856,2.33355,0.300294,0.300294,3.14159,3.14313,1.45882,1.45882,-1.29315,-1.29315,
91450.8,-0.0601506,-0.0613592,-1.2548,-1.2548,2.33856,2.33355,0.300294,0.300294,3.14159,3.14313,1.45882,1.45882,-1.29315,-1.29315,
91470.7,-0.0601506,-0.0613592,-1.08747,-1.2548,2.33748,2.33355,0.13364,0.300294,3.14159,3.14313,1.5708,1.45882,0,-1.29315,
91490.8,-0.0601506,-0.0613592,-1.08747,-1.2548,2.33748,2.33355,0.13364,0.300294,3.14159,3.14313,1.5708,1.45882,0,-1.29315,
91510.8,-0.0601506,-0.0613592,-1.06915,-1.2548,2.33613,2.33355,0.116673,0.300294,3.14159,3.14313,1.5708,1.45882,0,-1.29315,
91530.7,-0.0601506,-0.0613592,-1.24866,-1.24866,2.33613,2.33969,0.304896,0.304896,3.14159,3.14313,1.45882,1.45882,-1.29468,-1.29468,
91550.8,-0.0601506,-0.0613592,-1.0505,-1.24866,2.33448,2.33969,0.0996737,0.304896,3.14159,3.14313,1.5708,1.45882,0,-1.29468,
91570.8,-0.0601506,-0.0613592,-1.03163,-1.24866,2.33255,2.33969,0.0827317,0.304896,3.14159,3.14313,1.5708,1.45882,0,-1.29468,
91590.8,-0.0601506,-0.0613592,-1.03163,-1.24866,2.33255,2.33969,0.0827317,0.304896,3.14159,3.14313,1.5708,1.45882,0,-1.29468,
91610.8,-0.0601506,-0.0613592,-1.0126,-1.24866,2.33032,2.33969,0.0659306,0.304896,3.14159,3.14313,1.5708,1.45882,0,-1.29468,
91630.8,-0.0601506,-0.0598252,-1.25173,-1.25173,2.34122,2.34122,0.312566,0.312566,3.14159,3.14313,1.45882,1.45882,-1.29468,-1.29468,
91650.8,-0.0601506,-0.0598252,-0.993521,-1.25173,2.32783,2.34122,0.0493465,0.312566,3.14159,3.14313,1.5708,1.45882,0,-1.29468,
91670.7,-0.0601506,-0.0598252,-0.993521,-1.25173,2.32783,2.34122,0.0493465,0.312566,3.14159,3.14313,1.5708,1.45882,0,-1.29468,
91690.7,-0.0601506,-0.0598252,-0.974455,-1.25173,2.32506,2.34122,0.0330467,0.312566,3.14159,3.14313,1.5708,1.45882,0,-1.29468,
91710.7,-0.0601506,-0.0598252,-0.955479,-1.25173,2.32204,2.34122,0.01709,0.312566,3.14159,3.14313,1.5708,1.45882,0,-1.29468,
91730.8,-0.0601506,-0.0598252,-0.955479,-1.25173,2.32204,2.34122,0.01709,0.312566,3.14159,3.14313,1.5708,1.45882,0,-1.29468,
91750.8,-0.0601506,-0.0613592,-1.1827,-1.1827,2.33662,2.33662,0.220527,0.220527,3.14159,3.14619,1.45882,1.45882,-1.29468,-1.29468,
91770.9,-0.0601506,-0.0613592,-1.1827,-1.1827,2.33662,2.33662,0.220527,0.220527,3.14159,3.14619,1.45882,1.45882,-1.29468,-1.29468,
91790.8,-0.0601506,-0.0613592,-0.918057,-1.1827,2.31531,2.33662,-0.013604,0.220527,3.14159,3.14619,1.5708,1.45882,0,-1.29468,
91810.8,-0.0601506,-0.0613592,-0.918057,-1.1827,2.31531,2.33662,-0.013604,0.220527,3.14159,3.14619,1.5708,1.45882,0,-1.29468,
91830.8,-0.0601506,-0.0613592,-1.21184,-1.21184,2.34429,2.34429,0.288022,0.288022,3.14159,3.14619,1.45728,1.45728,-1.29468,-1.29468,
91850.8,-0.0601506,-0.0613592,-1.21184,-1.21184,2.34429,2.34429,0.288022,0.288022,3.14159,3.14619,1.45728,1.45728,-1.29468,-1.29468,
91870.8,-0.0601506,-0.0613592,-0.881701,-1.21184,2.3078,2.34429,-0.042444,0.288022,3.14159,3.14619,1.5708,1.45728,0,-1.29468,
91890.6,-0.0601506,-0.0613592,-0.864027,-1.21184,2.30379,2.34429,-0.0561148,0.288022,3.14159,3.14619,1.5708,1.45728,0,-1.29468,
91910.8,-0.0601506,-0.0613592,-0.864027,-1.21184,2.30379,2.34429,-0.0561148,0.288022,3.14159,3.14619,1.5708,1.45728,0,-1.29468,
91930.8,-0.0601506,-0.0613592,-0.84673,-1.21031,2.29965,2.34582,-0.0692728,0.272682,3.14159,3.14619,1.5708,1.45728,0,-1.29468,
91950.7,-0.0601506,-0.0613592,-0.84673,-1.21031,2.29965,2.34582,-0.0692728,0.272682,3.14159,3.14619,1.5708,1.45728,0,-1.29468,
91970.8,-0.0601506,-0.0613592,-0.829829,-1.21031,2.2954,2.34582,-0.0819168,0.272682,3.14159,3.14619,1.5708,1.45728,0,-1.29468,
91990.8,-0.0601506,-0.0613592,-0.829829,-1.21031,2.2954,2.34582,-0.0819168,0.272682,3.14159,3.14619,1.5708,1.45728,0,-1.29468,
92010.6,-0.0601506,-0.0628932,-0.813338,-1.15355,2.29104,2.33355,-0.0940518,0.205187,3.14159,3.14926,1.5708,1.45728,0,-1.29468,
92030.7,-0.0601506,-0.0628932,-1.15355,-1.15355,2.33355,2.33355,0.205187,0.205187,3.14159,3.14926,1.45728,1.45728,-1.29468,-1.29468,
92050.8,-0.0601506,-0.0628932,-0.797261,-1.15355,2.2866,2.33355,-0.105688,0.205187,3.14159,3.14926,1.5708,1.45728,0,-1.29468,
92070.6,-0.0601506,-0.0628932,-0.797261,-1.15355,2.2866,2.33355,-0.105688,0.205187,3.14159,3.14926,1.5708,1.45728,0,-1.29468,
92090.8,-0.0601506,-0.0628932,-0.781597,-1.15355,2.28209,2.33355,-0.116841,0.205187,3.14159,3.14926,1.5708,1.45728,0,-1.29468,
92110.7,-0.0601506,-0.0628932,-0.766338,-1.15355,2.27752,2.33355,-0.127529,0.205187,3.14159,3.14926,1.5708,1.45728,0,-1.29468,
92130.8,-0.0601506,-0.0628932,-1.00476,-1.00476,2.31208,2.31208,0.0211094,0.0211094,3.14159,3.1508,1.45882,1.45882,-1.29468,-1.29468,
92150.7,-0.0601506,-0.0628932,-0.75147,-1.00476,2.2729,2.31208,-0.137775,0.0211094,3.14159,3.1508,1.5708,1.45882,0,-1.29468,
92170.8,-0.0601506,-0.0628932,-0.75147,-1.00476,2.2729,2.31208,-0.137775,0.0211094,3.14159,3.1508,1.5708,1.45882,0,-1.29468,
92190.8,-0.0601506,-0.0628932,-0.736974,-1.00476,2.26823,2.31208,-0.147604,0.0211094,3.14159,3.1508,1.5708,1.45882,0,-1.29468,
92210.8,-0.0601506,-0.0628932,-0.736974,-1.00476,2.26823,2.31208,-0.147604,0.0211094,3.14159,3.1508,1.5708,1.45882,0,-1.29468,
92230.8,-0.0601506,-0.0644272,-1.07225,-1.07225,2.33355,2.33355,0.199051,0.199051,3.14159,3.14773,1.45575,1.45575,-1.29468,-1.29468,
92250.8,-0.0601506,-0.0644272,-1.07225,-1.07225,2.33355,2.33355,0.199051,0.199051,3.14159,3.14773,1.45575,1.45575,-1.29468,-1.29468,
92270.8,-0.0601506,-0.0644272,-0.708996,-1.07225,2.25877,2.33355,-0.166124,0.199051,3.14159,3.14773,1.5708,1.45575,0,-1.29468,
92290.8,-0.0601506,-0.0644272,-0.708996,-1.07225,2.25877,2.33355,-0.166124,0.199051,3.14159,3.14773,1.5708,1.45575,0,-1.29468,
92310.8,-0.0601506,-0.0644272,-0.695453,-1.07225,2.25398,2.33355,-0.174872,0.199051,3.14159,3.14773,1.5708,1.45575,0,-1.29468,
92330.7,-0.0601506,-0.0598252,-1.10447,-1.10447,2.34889,2.34889,0.217459,0.217459,3.14159,3.14619,1.45728,1.45728,-1.29775,-1.29775,
92350.7,-0.0601506,-0.0598252,-0.682163,-1.10447,2.24913,2.34889,-0.18332,0.217459,3.14159,3.14619,1.5708,1.45728,0,-1.29775,
92370.7,-0.0601506,-0.0598252,-0.669088,-1.10447,2.24424,2.34889,-0.191497,0.217459,3.14159,3.14619,1.5708,1.45728,0,-1.29775,
92390.6,-0.0601506,-0.0598252,-0.669088,-1.10447,2.24424,2.34889,-0.191497,0.217459,3.14159,3.14619,1.5708,1.45728,0,-1.29775,
92410.8,-0.0601506,-0.0598252,-0.656188,-1.10447,2.23927,2.34889,-0.199433,0.217459,3.14159,3.14619,1.5708,1.45728,0,-1.29775,
92430.8,-0.0601506,-0.0613592,-1.06305,-1.06305,2.30747,2.30747,0.123886,0.123886,3.14159,3.14926,1.45728,1.45728,-1.29621,-1.29621,
92450.7,-0.0601506,-0.0613592,-0.643423,-1.06305,2.23423,2.30747,-0.207157,0.123886,3.14159,3.14926,1.5708,1.45728,0,-1.29621,
92470.8,-0.0601506,-0.0613592,-0.643423,-1.06305,2.23423,2.30747,-0.207157,0.123886,3.14159,3.14926,1.5708,1.45728,0,-1.29621,
92490.7,-0.0601506,-0.0613592,-0.630753,-1.06305,2.2291,2.30747,-0.214696,0.123886,3.14159,3.14926,1.5708,1.45728,0,-1.29621,
92510.6,-0.0601506,-0.0598252,-0.842155,-0.842155,2.25225,2.25225,-0.124619,-0.124619,3.14159,3.14466,1.45882,1.45882,-1.29468,-1.29468,
92530.7,-0.0601506,-0.0598252,-0.618136,-0.842155,2.22386,2.25225,-0.222076,-0.124619,3.14159,3.14466,1.5708,1.45882,0,-1.29468,
92550.7,-0.0601506,-0.0598252,-0.618136,-0.842155,2.22386,2.25225,-0.222076,-0.124619,3.14159,3.14466,1.5708,1.45882,0,-1.29468,
92570.6,-0.0601506,-0.0598252,-0.605532,-0.842155,2.2185,2.25225,-0.229321,-0.124619,3.14159,3.14466,1.5708,1.45882,0,-1.29468,
92590.7,-0.0601506,-0.0598252,-0.605532,-0.842155,2.2185,2.25225,-0.229321,-0.124619,3.14159,3.14466,1.5708,1.45882,0,-1.29468,
92610.7,-0.0601506,-0.0598252,-0.592902,-0.842155,2.213,2.25225,-0.236452,-0.124619,3.14159,3.14466,1.5708,1.45882,0,-1.29468,
92630.7,-0.0601506,-0.0613592,-0.580207,-0.748583,2.20735,2.25072,-0.243488,-0.139959,3.14159,3.14619,1.5708,1.45728,0,-1.29468,
92650.6,-0.0601506,-0.0613592,-0.580207,-0.748583,2.20735,2.25072,-0.243488,-0.139959,3.14159,3.14619,1.5708,1.45728,0,-1.29468,
92670.7,-0.0601506,-0.0613592,-0.567415,-0.748583,2.20151,2.25072,-0.250445,-0.139959,3.14159,3.14619,1.5708,1.45728,0,-1.29468,
92690.7,-0.0601506,-0.0613592,-0.567415,-0.748583,2.20151,2.25072,-0.250445,-0.139959,3.14159,3.14619,1.5708,1.45728,0,-1.29468,
92710.7,-0.0601506,-0.0613592,-0.55449,-0.748583,2.19548,2.25072,-0.257336,-0.139959,3.14159,3.14619,1.5708,1.45728,0,-1.29468,
92730.7,-0.0601506,-0.0613592,-0.541406,-0.748583,2.18923,2.25072,-0.26417,-0.139959,3.14159,3.14619,1.5708,1.45728,0,-1.29468,
92750.7,-0.0601506,-0.0598252,-0.719437,-0.719437,2.25992,2.25992,-0.110813,-0.110813,3.14159,3.14466,1.45728,1.45728,-1.29315,-1.29315,
92770.6,-0.0601506,-0.0598252,-0.528135,-0.719437,2.18274,2.25992,-0.270956,-0.110813,3.14159,3.14466,1.5708,1.45728,0,-1.29315,
92790.6,-0.0601506,-0.0598252,-0.528135,-0.719437,2.18274,2.25992,-0.270956,-0.110813,3.14159,3.14466,1.5708,1.45728,0,-1.29315,
92810.6,-0.0601506,-0.0598252,-0.514657,-0.719437,2.176,2.25992,-0.277694,-0.110813,3.14159,3.14466,1.5708,1.45728,0,-1.29315,
92830.7,-0.0601506,-0.0628932,-0.865165,-0.865165,2.27679,2.27679,0.0425852,0.0425852,3.14159,3.14466,1.45421,1.45421,-1.29468,-1.29468,
92850.7,-0.0601506,-0.0628932,-0.500954,-0.865165,2.16899,2.27679,-0.284387,0.0425852,3.14159,3.14466,1.5708,1.45421,0,-1.29468,
92870.7,-0.0601506,-0.0628932,-0.487015,-0.865165,2.1617,2.27679,-0.29103,0.0425852,3.14159,3.14466,1.5708,1.45421,0,-1.29468,
92890.7,-0.0601506,-0.0628932,-0.487015,-0.865165,2.1617,2.27679,-0.29103,0.0425852,3.14159,3.14466,1.5708,1.45421,0,-1.29468,
92910.6,-0.0601506,-0.0628932,-0.472831,-0.865165,2.1541,2.27679,-0.297616,0.0425852,3.14159,3.14466,1.5708,1.45421,0,-1.29468,
92930.7,-0.0601506,-0.0598252,-0.777728,-0.777728,2.23384,2.23384,-0.1599,-0.1599,3.14159,3.14466,1.45882,1.45882,-1.29621,-1.29621,
92950.6,-0.0601506,-0.0598252,-0.458401,-0.777728,2.14619,2.23384,-0.304137,-0.1599,3.14159,3.14466,1.5708,1.45882,0,-1.29621,
92970.7,-0.0601506,-0.0598252,-0.458401,-0.777728,2.14619,2.23384,-0.304137,-0.1599,3.14159,3.14466,1.5708,1.45882,0,-1.29621,
92990.7,-0.0601506,-0.0598252,-0.443728,-0.777728,2.13796,2.23384,-0.31058,-0.1599,3.14159,3.14466,1.5708,1.45882,0,-1.29621,
93010.7,-0.0601506,-0.0598252,-0.443728,-0.777728,2.13796,2.23384,-0.31058,-0.1599,3.14159,3.14466,1.5708,1.45882,0,-1.29621,
93030.7,-0.0601506,-0.0613592,-0.62433,-0.62433,2.16328,2.16328,-0.271881,-0.271881,3.14159,3.14773,1.47722,1.47722,-1.29468,-1.29468,
93050.7,-0.0601506,-0.0613592,-0.413691,-0.62433,2.12051,2.16328,-0.323171,-0.271881,3.14159,3.14773,1.5708,1.47722,0,-1.29468,
93070.7,-0.0601506,-0.0613592,-0.413691,-0.62433,2.12051,2.16328,-0.323171,-0.271881,3.14159,3.14773,1.5708,1.47722,0,-1.29468,
93090.6,-0.0601506,-0.0613592,-0.398361,-0.62433,2.1113,2.16328,-0.329285,-0.271881,3.14159,3.14773,1.5708,1.47722,0,-1.29468,
93110.6,-0.0601506,-0.0613592,-0.398361,-0.62433,2.1113,2.16328,-0.329285,-0.271881,3.14159,3.14773,1.5708,1.47722,0,-1.29468,
93130.7,-0.0601506,-0.0628932,-0.382853,-0.564505,2.10176,2.18629,-0.335253,-0.251939,3.14159,3.14313,1.5708,1.46649,0,-1.29468,
93150.8,-0.0601506,-0.0628932,-0.382853,-0.564505,2.10176,2.18629,-0.335253,-0.251939,3.14159,3.14313,1.5708,1.46649,0,-1.29468,
93170.7,-0.0601506,-0.0628932,-0.367197,-0.564505,2.0919,2.18629,-0.341053,-0.251939,3.14159,3.14313,1.5708,1.46649,0,-1.29468,
93190.7,-0.0601506,-0.0628932,-0.367197,-0.564505,2.0919,2.18629,-0.341053,-0.251939,3.14159,3.14313,1.5708,1.46649,0,-1.29468,
93210.7,-0.0601506,-0.0628932,-0.351428,-0.676486,2.08175,2.22617,-0.346667,-0.0755314,3.14159,3.14773,1.5708,1.46035,0,-1.29468,
93230.7,-0.0601506,-0.0628932,-0.335585,-0.676486,2.07131,2.22617,-0.352074,-0.0755314,3.14159,3.14773,1.5708,1.46035,0,-1.29468,
93251.1,-0.0601506,-0.0628932,-0.335585,-0.676486,2.07131,2.22617,-0.352074,-0.0755314,3.14159,3.14773,1.5708,1.46035,0,-1.29468,
93271.3,-0.0601506,-0.0628932,-0.31971,-0.676486,2.06062,2.22617,-0.357255,-0.0755314,3.14159,3.14773,1.5708,1.46035,0,-1.29468,
93290.6,-0.0601506,-0.0628932,-0.31971,-0.676486,2.06062,2.22617,-0.357255,-0.0755314,3.14159,3.14773,1.5708,1.46035,0,-1.29468,
93310.6,-0.0601506,-0.0628932,-0.30385,-0.676486,2.04969,2.22617,-0.362193,-0.0755314,3.14159,3.14773,1.5708,1.46035,0,-1.29468,
93330.7,-0.0601506,-0.0613592,-0.638136,-0.638136,2.19703,2.19703,-0.233531,-0.233531,3.14159,3.14619,1.46342,1.46342,-1.29775,-1.29775,
93350.7,-0.0601506,-0.0613592,-0.288057,-0.638136,2.03858,2.19703,-0.366873,-0.233531,3.14159,3.14619,1.5708,1.46342,0,-1.29775,
93370.7,-0.0601506,-0.0613592,-0.288057,-0.638136,2.03858,2.19703,-0.366873,-0.233531,3.14159,3.14619,1.5708,1.46342,0,-1.29775,
93390.7,-0.0601506,-0.0613592,-0.272384,-0.638136,2.02731,2.19703,-0.37128,-0.233531,3.14159,3.14619,1.5708,1.46342,0,-1.29775,
93410.8,-0.0601506,-0.0613592,-0.256887,-0.638136,2.01594,2.19703,-0.375405,-0.233531,3.14159,3.14619,1.5708,1.46342,0,-1.29775,
93430.7,-0.0601506,-0.0598252,-0.584447,-0.584447,2.12033,2.12033,-0.287221,-0.287221,3.14159,3.13546,1.48183,1.48183,-1.29315,-1.29315,
93450.8,-0.0601506,-0.0598252,-0.241625,-0.584447,2.00451,2.12033,-0.379239,-0.287221,3.14159,3.13546,1.5708,1.48183,0,-1.29315,
93470.8,-0.0601506,-0.0598252,-0.241625,-0.584447,2.00451,2.12033,-0.379239,-0.287221,3.14159,3.13546,1.5708,1.48183,0,-1.29315,
93490.8,-0.0601506,-0.0598252,-0.226659,-0.584447,1.99309,2.12033,-0.382777,-0.287221,3.14159,3.13546,1.5708,1.48183,0,-1.29315,
93510.8,-0.0601506,-0.0598252,-0.226659,-0.584447,1.99309,2.12033,-0.382777,-0.287221,3.14159,3.13546,1.5708,1.48183,0,-1.29315,
93530.8,-0.0601506,-0.0613592,-0.441786,-0.441786,2.09425,2.09425,-0.334774,-0.334774,3.14159,3.14466,1.47722,1.47722,-1.29468,-1.29468,
93550.8,-0.0601506,-0.0613592,-0.441786,-0.441786,2.09425,2.09425,-0.334774,-0.334774,3.14159,3.14466,1.47722,1.47722,-1.29468,-1.29468,
93570.7,-0.0601506,-0.0613592,-0.197857,-0.441786,1.97047,2.09425,-0.388966,-0.334774,3.14159,3.14466,1.5708,1.47722,0,-1.29468,
93590.7,-0.0601506,-0.0613592,-0.184146,-0.441786,1.95942,2.09425,-0.391624,-0.334774,3.14159,3.14466,1.5708,1.47722,0,-1.29468,
93610.7,-0.0601506,-0.0613592,-0.184146,-0.441786,1.95942,2.09425,-0.391624,-0.334774,3.14159,3.14466,1.5708,1.47722,0,-1.29468,
93630.7,-0.0601506,-0.0644272,-0.170977,-0.521553,1.94863,2.15561,-0.394,-0.193648,3.14159,3.15233,1.5708,1.47722,0,-1.29468,
93650.7,-0.0601506,-0.0644272,-0.170977,-0.521553,1.94863,2.15561,-0.394,-0.193648,3.14159,3.15233,1.5708,1.47722,0,-1.29468,
93670.7,-0.0601506,-0.0644272,-0.158409,-0.521553,1.93817,2.15561,-0.396106,-0.193648,3.14159,3.15233,1.5708,1.47722,0,-1.29468,
93690.7,-0.0601506,-0.0644272,-0.158409,-0.521553,1.93817,2.15561,-0.396106,-0.193648,3.14159,3.15233,1.5708,1.47722,0,-1.29468,
93710.6,-0.0601506,-0.0598252,-0.524621,-0.524621,2.16175,2.16175,-0.264211,-0.264211,3.14159,3.1508,1.46649,1.46649,-1.29775,-1.29775,
93730.7,-0.0601506,-0.0598252,-0.135305,-0.524621,1.91852,2.16175,-0.399563,-0.264211,3.14159,3.1508,1.5708,1.46649,0,-1.29775,
93750.7,-0.0601506,-0.0598252,-0.135305,-0.524621,1.91852,2.16175,-0.399563,-0.264211,3.14159,3.1508,1.5708,1.46649,0,-1.29775,
93770.8,-0.0601506,-0.0598252,-0.124874,-0.524621,1.90947,2.16175,-0.400948,-0.264211,3.14159,3.1508,1.5708,1.46649,0,-1.29775,
93790.8,-0.0601506,-0.0598252,-0.124874,-0.524621,1.90947,2.16175,-0.400948,-0.264211,3.14159,3.1508,1.5708,1.46649,0,-1.29775,
93810.8,-0.0601506,-0.0598252,-0.115253,-0.524621,1.90103,2.16175,-0.402127,-0.264211,3.14159,3.1508,1.5708,1.46649,0,-1.29775,
93830.8,-0.0601506,-0.0598252,-0.115253,-0.524621,1.90103,2.16175,-0.402127,-0.264211,3.14159,3.1508,1.5708,1.46649,0,-1.29775,
93850.7,-0.0601506,-0.0613592,-0.434117,-0.434117,2.04976,2.04976,-0.347046,-0.347046,3.14159,3.14466,1.46649,1.46649,-1.29928,-1.29928,
93870.8,-0.0601506,-0.0613592,-0.434117,-0.434117,2.04976,2.04976,-0.347046,-0.347046,3.14159,3.14466,1.46649,1.46649,-1.29928,-1.29928,
93890.8,-0.0601506,-0.0613592,-0.0985858,-0.434117,1.88618,2.04976,-0.403948,-0.347046,3.14159,3.14466,1.5708,1.46649,0,-1.29928,
93910.7,-0.0601506,-0.0613592,-0.0915941,-0.434117,1.87987,2.04976,-0.404628,-0.347046,3.14159,3.14466,1.5708,1.46649,0,-1.29928,
93930.7,-0.0601506,-0.0613592,-0.435651,-0.435651,2.06971,2.06971,-0.331706,-0.331706,3.14159,3.14313,1.47109,1.47109,-1.29775,-1.29775,
93950.8,-0.0601506,-0.0613592,-0.0855161,-0.435651,1.87435,2.06971,-0.405178,-0.331706,3.14159,3.14313,1.5708,1.47109,0,-1.29775,
93970.8,-0.0601506,-0.0613592,-0.0855161,-0.435651,1.87435,2.06971,-0.405178,-0.331706,3.14159,3.14313,1.5708,1.47109,0,-1.29775,
93990.8,-0.0601506,-0.0613592,-0.0803515,-0.435651,1.86962,2.06971,-0.405616,-0.331706,3.14159,3.14313,1.5708,1.47109,0,-1.29775,
94010.6,-0.0601506,-0.0598252,-0.0803515,-0.437185,1.86962,2.09578,-0.405616,-0.259609,3.14159,3.14773,1.5708,1.46955,0,-1.29468,
94030.7,-0.0601506,-0.0598252,-0.0760854,-0.437185,1.86569,2.09578,-0.405958,-0.259609,3.14159,3.14773,1.5708,1.46955,0,-1.29468,
94050.6,-0.0601506,-0.0598252,-0.0726872,-0.437185,1.86255,2.09578,-0.406217,-0.259609,3.14159,3.14773,1.5708,1.46955,0,-1.29468,
94070.7,-0.0601506,-0.0598252,-0.0726872,-0.437185,1.86255,2.09578,-0.406217,-0.259609,3.14159,3.14773,1.5708,1.46955,0,-1.29468,
94090.7,-0.0601506,-0.0598252,-0.0701077,-0.437185,1.86016,2.09578,-0.406405,-0.259609,3.14159,3.14773,1.5708,1.46955,0,-1.29468,
94110.6,-0.0601506,-0.0598252,-0.0701077,-0.437185,1.86016,2.09578,-0.406405,-0.259609,3.14159,3.14773,1.5708,1.46955,0,-1.29468,
94130.6,-0.0601506,-0.0628932,-0.068277,-0.406505,1.85846,2.08198,-0.406535,-0.314832,3.14159,3.14159,1.5708,1.47109,0,-1.29468,
94150.7,-0.0601506,-0.0628932,-0.068277,-0.406505,1.85846,2.08198,-0.406535,-0.314832,3.14159,3.14159,1.5708,1.47109,0,-1.29468,
94170.6,-0.0601506,-0.0628932,-0.0671024,-0.406505,1.85737,2.08198,-0.406616,-0.314832,3.14159,3.14159,1.5708,1.47109,0,-1.29468,
94190.6,-0.0601506,-0.0628932,-0.0671024,-0.406505,1.85737,2.08198,-0.406616,-0.314832,3.14159,3.14159,1.5708,1.47109,0,-1.29468,
94210.7,-0.0601506,-0.0628932,-0.0664649,-0.406505,1.85678,2.08198,-0.40666,-0.314832,3.14159,3.14159,1.5708,1.47109,0,-1.29468,
94230.7,-0.0601506,-0.0598252,-0.216291,-0.216291,1.91938,1.91938,-0.40666,-0.411473,3.14159,3.14773,1.50177,1.50177,-1.29621,-1.29621,
94250.6,-0.0601506,-0.0598252,-0.0662172,-0.216291,1.85654,1.91938,-0.406677,-0.411473,3.14159,3.14773,1.5708,1.50177,0,-1.29621,
94270.6,-0.0601506,-0.0598252,-0.0662172,-0.216291,1.85654,1.91938,-0.406677,-0.411473,3.14159,3.14773,1.5708,1.50177,0,-1.29621,
94290.6,-0.0572983,-0.0598252,-0.0662408,-0.216291,1.85646,1.91938,-0.406568,-0.411473,3.14159,3.14773,1.5708,1.50177,0,-1.29621,
94310.7,-0.0544466,-0.0598252,-0.0662662,-0.216291,1.85637,1.91938,-0.406452,-0.411473,3.14159,3.14773,1.5708,1.50177,0,-1.29621,
94330.7,-0.0544466,-0.0644272,-0.296058,-0.296058,1.97153,1.97153,-0.370056,-0.370056,3.14159,3.14619,1.5033,1.5033,-1.29468,-1.29468,
94350.7,-0.0515957,-0.0644272,-0.0662933,-0.296058,1.85627,1.97153,-0.406328,-0.370056,3.14159,3.14619,1.5708,1.5033,0,-1.29468,
94370.7,-0.0487455,-0.0644272,-0.066322,-0.296058,1.85617,1.97153,-0.406195,-0.370056,3.14159,3.14619,1.5708,1.5033,0,-1.29468,
94390.7,-0.0487455,-0.0644272,-0.066322,-0.296058,1.85617,1.97153,-0.406195,-0.370056,3.14159,3.14619,1.5708,1.5033,0,-1.29468,
94410.6,-0.0458961,-0.0598252,-0.0663525,-0.345146,1.85606,2.02829,-0.406055,-0.304094,3.14159,3.14466,1.5708,1.48643,0,-1.29468,
94430.7,-0.0598252,-0.0598252,-0.345146,-0.345146,2.02829,2.02829,-0.304094,-0.304094,3.14159,3.14466,1.48643,1.48643,-1.29468,-1.29468,
94450.6,-0.0430475,-0.0598252,-0.0663847,-0.345146,1.85594,2.02829,-0.405908,-0.304094,3.14159,3.14466,1.5708,1.48643,0,-1.29468,
94470.7,-0.0401998,-0.0598252,-0.0664186,-0.345146,1.85582,2.02829,-0.405752,-0.304094,3.14159,3.14466,1.5708,1.48643,0,-1.29468,
94490.6,-0.0401998,-0.0598252,-0.0664186,-0.345146,1.85582,2.02829,-0.405752,-0.304094,3.14159,3.14466,1.5708,1.48643,0,-1.29468,
94510.6,-0.0373531,-0.0613592,-0.0664542,-0.311398,1.85569,2.01142,-0.405588,-0.350114,3.14159,3.14006,1.5708,1.48643,0,-1.29468,
94530.7,-0.0345073,-0.0613592,-0.0664914,-0.311398,1.85556,2.01142,-0.405416,-0.350114,3.14159,3.14006,1.5708,1.48643,0,-1.29468,
94550.8,-0.0345073,-0.0613592,-0.0664914,-0.311398,1.85556,2.01142,-0.405416,-0.350114,3.14159,3.14006,1.5708,1.48643,0,-1.29468,
94570.7,-0.0316626,-0.0613592,-0.0665303,-0.311398,1.85542,2.01142,-0.405237,-0.350114,3.14159,3.14006,1.5708,1.48643,0,-1.29468,
94590.7,-0.0288189,-0.0613592,-0.0665709,-0.311398,1.85527,2.01142,-0.40505,-0.350114,3.14159,3.14006,1.5708,1.48643,0,-1.29468,
94610.7,-0.0288189,-0.0613592,-0.0665709,-0.311398,1.85527,2.01142,-0.40505,-0.350114,3.14159,3.14006,1.5708,1.48643,0,-1.29468,
94630.7,-0.0582913,-0.0582913,-0.200951,-0.200951,1.89943,1.89943,-0.404854,-0.413007,3.14159,3.14466,1.52784,1.52784,-1.29468,-1.29468,
94650.7,-0.023135,-0.0582913,-0.0666572,-0.200951,1.85496,1.89943,-0.404651,-0.413007,3.14159,3.14466,1.5708,1.52784,0,-1.29468,
94670.7,-0.023135,-0.0582913,-0.0666572,-0.200951,1.85496,1.89943,-0.404651,-0.413007,3.14159,3.14466,1.5708,1.52784,0,-1.29468,
94690.8,-0.0202948,-0.0582913,-0.0667027,-0.200951,1.85479,1.89943,-0.404441,-0.413007,3.14159,3.14466,1.5708,1.52784,0,-1.29468,
94710.7,-0.0202948,-0.0582913,-0.0667027,-0.200951,1.85479,1.89943,-0.404441,-0.413007,3.14159,3.14466,1.5708,1.52784,0,-1.29468,
94730.8,-0.0582913,-0.0582913,-0.128854,-0.128854,1.85462,1.85802,-0.419143,-0.419143,3.14159,3.14466,1.53245,1.53245,-1.29468,-1.29468,
94750.8,-0.0146183,-0.0582913,-0.0667989,-0.128854,1.85444,1.85802,-0.403995,-0.419143,3.14159,3.14466,1.5708,1.53245,0,-1.29468,
94770.8,-0.0146183,-0.0582913,-0.0667989,-0.128854,1.85444,1.85802,-0.403995,-0.419143,3.14159,3.14466,1.5708,1.53245,0,-1.29468,
94790.7,-0.011782,-0.0582913,-0.0668494,-0.128854,1.85426,1.85802,-0.403761,-0.419143,3.14159,3.14466,1.5708,1.53245,0,-1.29468,
94810.7,-0.011782,-0.0582913,-0.0668494,-0.128854,1.85426,1.85802,-0.403761,-0.419143,3.14159,3.14466,1.5708,1.53245,0,-1.29468,
94830.7,-0.00894707,-0.0506214,-0.0669015,-0.104311,1.85407,1.85648,-0.403519,-0.419143,3.14159,3.14466,1.5708,1.53245,0,-1.29468,
94850.7,-0.0506214,-0.0506214,-0.104311,-0.104311,1.85407,1.85648,-0.419143,-0.419143,3.14159,3.14466,1.53245,1.53245,-1.29468,-1.29468,
94870.7,-0.0061136,-0.0506214,-0.0669553,-0.104311,1.85387,1.85648,-0.403269,-0.419143,3.14159,3.14466,1.5708,1.53245,0,-1.29468,
94890.7,-0.0032816,-0.0506214,-0.0670107,-0.104311,1.85367,1.85648,-0.403011,-0.419143,3.14159,3.14466,1.5708,1.53245,0,-1.29468,
94910.6,-0.0032816,-0.0506214,-0.0670107,-0.104311,1.85367,1.85648,-0.403011,-0.419143,3.14159,3.14466,1.5708,1.53245,0,-1.29468,
94930.7,-0.0383495,-0.0506214,-0.078233,-0.104311,1.85346,1.85648,-0.420677,-0.419143,3.14159,3.14466,1.53398,1.53245,-1.29621,-1.29468,
94950.7,-0.0383495,-0.0383495,-0.078233,-0.078233,1.85346,1.84728,-0.420677,-0.420677,3.14159,3.14466,1.53398,1.53398,-1.29621,-1.29621,
94970.7,0.00237778,-0.0383495,-0.0671263,-0.078233,1.85325,1.84728,-0.402472,-0.420677,3.14159,3.14466,1.5708,1.53398,0,-1.29621,
94990.6,0.00520508,-0.0383495,-0.0671865,-0.078233,1.85303,1.84728,-0.40219,-0.420677,3.14159,3.14466,1.5708,1.53398,0,-1.29621,
95010.6,0.00520508,-0.0383495,-0.0671865,-0.078233,1.85303,1.84728,-0.40219,-0.420677,3.14159,3.14466,1.5708,1.53398,0,-1.29621,
95030.6,0.00803073,-0.0536893,-0.0672482,-0.141126,1.8528,1.87336,-0.401901,-0.419143,3.14159,3.14313,1.5708,1.55085,0,-1.29468,
95050.7,0.00803073,-0.0536893,-0.0672482,-0.141126,1.8528,1.87336,-0.401901,-0.419143,3.14159,3.14313,1.5708,1.55085,0,-1.29468,
95070.7,0.0108547,-0.0536893,-0.0673116,-0.141126,1.85257,1.87336,-0.401605,-0.419143,3.14159,3.14313,1.5708,1.55085,0,-1.29468,
95090.7,0.0108547,-0.0536893,-0.0673116,-0.141126,1.85257,1.87336,-0.401605,-0.419143,3.14159,3.14313,1.5708,1.55085,0,-1.29468,
95110.7,0.0136769,-0.0536893,-0.0673765,-0.141126,1.85233,1.87336,-0.4013,-0.419143,3.14159,3.14313,1.5708,1.55085,0,-1.29468,
95130.7,0.0164973,-0.0536893,-0.067443,-0.111981,1.85208,1.84728,-0.400988,-0.420677,3.14159,3.14313,1.5708,1.55239,0,-1.29468,
95150.7,0.0164973,-0.0536893,-0.067443,-0.111981,1.85208,1.84728,-0.400988,-0.420677,3.14159,3.14313,1.5708,1.55239,0,-1.29468,
95170.7,0.0164973,-0.0536893,-0.067443,-0.111981,1.85208,1.84728,-0.400988,-0.420677,3.14159,3.14313,1.5708,1.55239,0,-1.29468,
95190.6,0.0193159,-0.0536893,-0.067511,-0.111981,1.85183,1.84728,-0.400668,-0.420677,3.14159,3.14313,1.5708,1.55239,0,-1.29468,
95210.7,0.0193159,-0.0536893,-0.067511,-0.111981,1.85183,1.84728,-0.400668,-0.420677,3.14159,3.14313,1.5708,1.55239,0,-1.29468,
95230.8,0.0221327,-0.0245437,-0.0675805,-0.079767,1.85157,1.83961,-0.40034,-0.422211,3.14159,3.14313,1.5708,1.55239,0,-1.29621,
95250.8,0.0221327,-0.0245437,-0.0675805,-0.079767,1.85157,1.83961,-0.40034,-0.422211,3.14159,3.14313,1.5708,1.55239,0,-1.29621,
95270.7,0.0249475,-0.0245437,-0.0676516,-0.079767,1.85131,1.83961,-0.400005,-0.422211,3.14159,3.14313,1.5708,1.55239,0,-1.29621,
95290.7,0.0277604,-0.0245437,-0.0677242,-0.079767,1.85104,1.83961,-0.399661,-0.422211,3.14159,3.14313,1.5708,1.55239,0,-1.29621,
95310.8,0.0277604,-0.0245437,-0.0677242,-0.079767,1.85104,1.83961,-0.399661,-0.422211,3.14159,3.14313,1.5708,1.55239,0,-1.29621,
95330.7,-0.0291456,-0.0291456,-0.0677984,-0.0736311,1.85076,1.84114,-0.425279,-0.425279,3.14159,3.14313,1.55392,1.55392,-1.29621,-1.29621,
95350.7,-0.0291456,-0.0291456,-0.0677984,-0.0736311,1.85076,1.84114,-0.425279,-0.425279,3.14159,3.14313,1.55392,1.55392,-1.29621,-1.29621,
95370.7,0.0333801,-0.0291456,-0.067874,-0.0736311,1.85048,1.84114,-0.398952,-0.425279,3.14159,3.14313,1.5708,1.55392,0,-1.29621,
95390.8,0.0361869,-0.0291456,-0.0679511,-0.0736311,1.85019,1.84114,-0.398586,-0.425279,3.14159,3.14313,1.5708,1.55392,0,-1.29621,
95410.7,0.0361869,-0.0291456,-0.0679511,-0.0736311,1.85019,1.84114,-0.398586,-0.425279,3.14159,3.14313,1.5708,1.55392,0,-1.29621,
95430.7,0.0389915,-0.0291456,-0.0680297,-0.0736311,1.84989,1.84114,-0.398212,-0.425279,3.14159,3.14313,1.5708,1.55392,0,-1.29621,
95450.8,-0.0352816,-0.0352816,-0.0981748,-0.0981748,1.84989,1.85342,-0.423745,-0.423745,3.14159,3.14159,1.56006,1.56006,-1.29468,-1.29468,
95470.7,0.041794,-0.0352816,-0.0681097,-0.0981748,1.84959,1.85342,-0.39783,-0.423745,3.14159,3.14159,1.5708,1.56006,0,-1.29468,
95490.7,0.041794,-0.0352816,-0.0681097,-0.0981748,1.84959,1.85342,-0.39783,-0.423745,3.14159,3.14159,1.5708,1.56006,0,-1.29468,
95510.8,0.041794,-0.0352816,-0.0681097,-0.0981748,1.84959,1.85342,-0.39783,-0.423745,3.14159,3.14159,1.5708,1.56006,0,-1.29468,
95530.8,0.0445943,-0.0429515,-0.0681913,-0.0966408,1.84928,1.84575,-0.397441,-0.423745,3.14159,3.14006,1.5708,1.56159,0,-1.29468,
95550.8,0.0445943,-0.0429515,-0.0681913,-0.0966408,1.84928,1.84575,-0.397441,-0.423745,3.14159,3.14006,1.5708,1.56159,0,-1.29468,
95570.7,0.0445943,-0.0429515,-0.0681913,-0.0966408,1.84928,1.84575,-0.397441,-0.423745,3.14159,3.14006,1.5708,1.56159,0,-1.29468,
95590.7,0.0473923,-0.0429515,-0.0682742,-0.0966408,1.84897,1.84575,-0.397044,-0.423745,3.14159,3.14006,1.5708,1.56159,0,-1.29468,
95610.7,0.0473923,-0.0214757,-0.0682742,-0.081301,1.84897,1.83654,-0.397044,-0.422211,3.14159,3.14159,1.5708,1.56313,0,-1.29468,
95630.7,0.050188,-0.0214757,-0.0683586,-0.081301,1.84865,1.83654,-0.396639,-0.422211,3.14159,3.14159,1.5708,1.56313,0,-1.29468,
95650.7,0.050188,-0.0214757,-0.0683586,-0.081301,1.84865,1.83654,-0.396639,-0.422211,3.14159,3.14159,1.5708,1.56313,0,-1.29468,
95670.7,0.050188,-0.0214757,-0.0683586,-0.081301,1.84865,1.83654,-0.396639,-0.422211,3.14159,3.14159,1.5708,1.56313,0,-1.29468,
95690.6,0.0529815,-0.0214757,-0.0684445,-0.081301,1.84832,1.83654,-0.396227,-0.422211,3.14159,3.14159,1.5708,1.56313,0,-1.29468,
95710.6,0.0138058,0.0138058,-0.0684445,-0.0705631,1.83654,1.83654,-0.420677,-0.420677,3.14159,3.14313,1.5708,1.56313,-1.29928,-1.29928,
95730.6,0.0557725,0.0138058,-0.0685317,-0.0705631,1.84799,1.83654,-0.395808,-0.420677,3.14159,3.14313,1.5708,1.56313,0,-1.29928,
95750.7,0.0557725,0.0138058,-0.0685317,-0.0705631,1.84799,1.83654,-0.395808,-0.420677,3.14159,3.14313,1.5708,1.56313,0,-1.29928,
95770.7,0.0585611,0.0138058,-0.0686203,-0.0705631,1.84765,1.83654,-0.39538,-0.420677,3.14159,3.14313,1.5708,1.56313,0,-1.29928,
95790.6,0.0613473,0.0138058,-0.0687104,-0.0705631,1.84731,1.83654,-0.394945,-0.420677,3.14159,3.14313,1.5708,1.56313,0,-1.29928,
95810.7,0.0613473,0.0138058,-0.0687104,-0.0705631,1.84731,1.83654,-0.394945,-0.420677,3.14159,3.14313,1.5708,1.56313,0,-1.29928,
95830.8,0.0199418,0.0199418,-0.0687104,-0.0690291,1.83654,1.83654,-0.419143,-0.419143,3.14159,3.14159,1.5708,1.56313,-1.29928,-1.29928,
95850.8,0.064131,0.0199418,-0.0688018,-0.0690291,1.84696,1.83654,-0.394503,-0.419143,3.14159,3.14159,1.5708,1.56313,0,-1.29928,
95870.7,0.064131,0.0199418,-0.0688018,-0.0690291,1.84696,1.83654,-0.394503,-0.419143,3.14159,3.14159,1.5708,1.56313,0,-1.29928,
95890.6,0.064131,0.0199418,-0.0688018,-0.0690291,1.84696,1.83654,-0.394503,-0.419143,3.14159,3.14159,1.5708,1.56313,0,-1.29928,
95910.8,0.0669122,0.0199418,-0.0688945,-0.0690291,1.8466,1.83654,-0.394053,-0.419143,3.14159,3.14159,1.5708,1.56313,0,-1.29928,
95930.7,0.0696908,0.0337476,-0.0689887,-0.0690291,1.84623,1.83501,-0.393595,-0.419143,3.14159,3.14313,1.5708,1.56466,0,-1.29468,
95950.7,0.0724668,0.0337476,-0.0690841,-0.0690291,1.84586,1.83501,-0.39313,-0.419143,3.14159,3.14313,1.5708,1.56466,0,-1.29468,
95970.7,0.0724668,0.0337476,-0.0690841,-0.0690291,1.84586,1.83501,-0.39313,-0.419143,3.14159,3.14313,1.5708,1.56466,0,-1.29468,
95990.7,0.0752401,0.0337476,-0.0691809,-0.0690291,1.84549,1.83501,-0.392658,-0.419143,3.14159,3.14313,1.5708,1.56466,0,-1.29468,
96011.1,0.0752401,0.0337476,-0.0691809,-0.0690291,1.84549,1.83501,-0.392658,-0.419143,3.14159,3.14313,1.5708,1.56466,0,-1.29468,
96030.7,0.00920388,0.00920388,-0.069279,-0.0720971,1.83501,1.83501,-0.417609,-0.417609,3.14159,3.14159,1.5708,1.56466,-1.29315,-1.29315,
96050.7,0.0807787,0.00920388,-0.0693784,-0.0720971,1.84472,1.83501,-0.39169,-0.417609,3.14159,3.14159,1.5708,1.56466,0,-1.29315,
96070.8,0.0807787,0.00920388,-0.0693784,-0.0720971,1.84472,1.83501,-0.39169,-0.417609,3.14159,3.14159,1.5708,1.56466,0,-1.29315,
96090.7,0.0835438,0.00920388,-0.0694791,-0.0720971,1.84432,1.83501,-0.391195,-0.417609,3.14159,3.14159,1.5708,1.56466,0,-1.29315,
96110.6,0.0835438,0.00920388,-0.0694791,-0.0720971,1.84432,1.83501,-0.391195,-0.417609,3.14159,3.14159,1.5708,1.56466,0,-1.29315,
96130.6,0.0230097,0.0230097,-0.069581,-0.0690291,1.83194,1.83194,-0.414541,-0.414541,3.14159,3.14313,1.5708,1.56466,-1.29468,-1.29468,
96150.7,0.0890657,0.0230097,-0.0696842,-0.0690291,1.84352,1.83194,-0.390182,-0.414541,3.14159,3.14313,1.5708,1.56466,0,-1.29468,
96170.7,0.0890657,0.0230097,-0.0696842,-0.0690291,1.84352,1.83194,-0.390182,-0.414541,3.14159,3.14313,1.5708,1.56466,0,-1.29468,
96190.7,0.0918224,0.0230097,-0.0697887,-0.0690291,1.8431,1.83194,-0.389665,-0.414541,3.14159,3.14313,1.5708,1.56466,0,-1.29468,
96210.6,0.0945761,0.0230097,-0.0698944,-0.0690291,1.84269,1.83194,-0.38914,-0.414541,3.14159,3.14313,1.5708,1.56466,0,-1.29468,
96230.6,0.0945761,0.0230097,-0.0698944,-0.0690291,1.84269,1.83194,-0.38914,-0.414541,3.14159,3.14313,1.5708,1.56466,0,-1.29468,
96250.6,0.0973269,0.0230097,-0.0700013,-0.0690291,1.84226,1.83194,-0.388608,-0.414541,3.14159,3.14313,1.5708,1.56466,0,-1.29468,
96270.6,0.100075,0.0521553,-0.0701094,-0.0690291,1.84183,1.83347,-0.388068,-0.411473,3.14159,3.14313,1.5708,1.56466,0,-1.29621,
96290.7,0.100075,0.0521553,-0.0701094,-0.0690291,1.84183,1.83347,-0.388068,-0.411473,3.14159,3.14313,1.5708,1.56466,0,-1.29621,
96310.7,0.100075,0.0521553,-0.0701094,-0.0690291,1.84183,1.83347,-0.388068,-0.411473,3.14159,3.14313,1.5708,1.56466,0,-1.29621,
96330.6,0.102819,0.0567573,-0.0702187,-0.0690291,1.84139,1.83347,-0.387521,-0.411473,3.14159,3.14313,1.5708,1.56466,0,-1.29775,
96350.7,0.0567573,0.0567573,-0.0702187,-0.0690291,1.84139,1.83347,-0.411473,-0.411473,3.14159,3.14313,1.5708,1.56466,-1.29775,-1.29775,
96370.7,0.105561,0.0567573,-0.0703291,-0.0690291,1.84095,1.83347,-0.386967,-0.411473,3.14159,3.14313,1.5708,1.56466,0,-1.29775,
96390.7,0.105561,0.0567573,-0.0703291,-0.0690291,1.84095,1.83347,-0.386967,-0.411473,3.14159,3.14313,1.5708,1.56466,0,-1.29775,
96410.7,0.1083,0.0567573,-0.0704407,-0.0690291,1.8405,1.83347,-0.386405,-0.411473,3.14159,3.14313,1.5708,1.56466,0,-1.29775,
96430.7,0.0337476,0.0337476,-0.0704407,-0.0690291,1.8405,1.83347,-0.409939,-0.409939,3.14159,3.14159,1.5708,1.56466,-1.29315,-1.29315,
96450.7,0.111035,0.0337476,-0.0705535,-0.0690291,1.84004,1.83347,-0.385836,-0.409939,3.14159,3.14159,1.5708,1.56466,0,-1.29315,
96470.8,0.113768,0.0337476,-0.0706674,-0.0690291,1.83958,1.83347,-0.38526,-0.409939,3.14159,3.14159,1.5708,1.56466,0,-1.29315,
96490.7,0.113768,0.0337476,-0.0706674,-0.0690291,1.83958,1.83347,-0.38526,-0.409939,3.14159,3.14159,1.5708,1.56466,0,-1.29315,
96510.7,0.116497,0.0337476,-0.0707824,-0.0690291,1.83911,1.83347,-0.384676,-0.409939,3.14159,3.14159,1.5708,1.56466,0,-1.29315,
96530.6,0.119223,0.0337476,-0.0708984,-0.0690291,1.83863,1.83347,-0.384085,-0.409939,3.14159,3.14159,1.5708,1.56466,0,-1.29315,
96550.8,0.119223,0.0337476,-0.0708984,-0.0690291,1.83863,1.83347,-0.384085,-0.409939,3.14159,3.14159,1.5708,1.56466,0,-1.29315,
96570.8,0.076699,0.076699,-0.0710156,-0.0690291,1.83815,1.83347,-0.400735,-0.400735,3.14159,3.14313,1.5708,1.56466,-1.29468,-1.29468,
96590.7,0.124664,0.076699,-0.0711338,-0.0690291,1.83767,1.83347,-0.382882,-0.400735,3.14159,3.14313,1.5708,1.56466,0,-1.29468,
96610.7,0.124664,0.076699,-0.0711338,-0.0690291,1.83767,1.83347,-0.382882,-0.400735,3.14159,3.14313,1.5708,1.56466,0,-1.29468,
96630.7,0.12738,0.076699,-0.0712531,-0.0690291,1.83717,1.83347,-0.382269,-0.400735,3.14159,3.14313,1.5708,1.56466,0,-1.29468,
96650.7,0.12738,0.076699,-0.0712531,-0.0690291,1.83717,1.83347,-0.382269,-0.400735,3.14159,3.14313,1.5708,1.56466,0,-1.29468,
96670.8,0.082835,0.082835,-0.0713734,-0.0690291,1.83667,1.83347,-0.402269,-0.402269,3.14159,3.14313,1.5708,1.56466,-1.29928,-1.29928,
96690.7,0.132802,0.082835,-0.0714947,-0.0690291,1.83617,1.83347,-0.381022,-0.402269,3.14159,3.14313,1.5708,1.56466,0,-1.29928,
96710.7,0.132802,0.082835,-0.0714947,-0.0690291,1.83617,1.83347,-0.381022,-0.402269,3.14159,3.14313,1.5708,1.56466,0,-1.29928,
96730.7,0.135508,0.082835,-0.071617,-0.0690291,1.83566,1.83347,-0.380388,-0.402269,3.14159,3.14313,1.5708,1.56466,0,-1.29928,
96750.7,0.13821,0.0705631,-0.0717403,-0.0690291,1.83514,1.83347,-0.379747,-0.400735,3.14159,3.14313,1.5708,1.56466,0,-1.29621,
96770.7,0.13821,0.0705631,-0.0717403,-0.0690291,1.83514,1.83347,-0.379747,-0.400735,3.14159,3.14313,1.5708,1.56466,0,-1.29621,
96790.6,0.140909,0.0705631,-0.0718645,-0.0690291,1.83461,1.83347,-0.379098,-0.400735,3.14159,3.14313,1.5708,1.56466,0,-1.29621,
96810.6,0.143604,0.0705631,-0.0719897,-0.0690291,1.83408,1.83347,-0.378442,-0.400735,3.14159,3.14313,1.5708,1.56466,0,-1.29621,
96830.6,0.0966408,0.0966408,-0.0719897,-0.0705631,1.83408,1.83347,-0.397667,-0.397667,3.14159,3.14313,1.5708,1.56466,-1.29928,-1.29928,
96850.7,0.146296,0.0966408,-0.0721159,-0.0705631,1.83355,1.83347,-0.37778,-0.397667,3.14159,3.14313,1.5708,1.56466,0,-1.29928,
96870.7,0.146296,0.0966408,-0.0721159,-0.0705631,1.83355,1.83347,-0.37778,-0.397667,3.14159,3.14313,1.5708,1.56466,0,-1.29928,
96890.6,0.148984,0.0966408,-0.0722429,-0.0705631,1.833,1.83347,-0.37711,-0.397667,3.14159,3.14313,1.5708,1.56466,0,-1.29928,
96910.7,0.151668,0.0966408,-0.0723708,-0.0705631,1.83245,1.83347,-0.376433,-0.397667,3.14159,3.14313,1.5708,1.56466,0,-1.29928,
96930.6,0.110447,0.110447,-0.0723708,-0.0720971,1.83245,1.83347,-0.396133,-0.396133,3.14159,3.14313,1.5708,1.56466,-1.30082,-1.30082,
96950.6,0.154349,0.110447,-0.0724996,-0.0720971,1.8319,1.83347,-0.375749,-0.396133,3.14159,3.14313,1.5708,1.56466,0,-1.30082,
96970.8,0.157026,0.110447,-0.0726293,-0.0720971,1.83134,1.83347,-0.375058,-0.396133,3.14159,3.14313,1.5708,1.56466,0,-1.30082,
96990.7,0.157026,0.110447,-0.0726293,-0.0720971,1.83134,1.83347,-0.375058,-0.396133,3.14159,3.14313,1.5708,1.56466,0,-1.30082,
97010.7,0.159699,0.110447,-0.0727598,-0.0720971,1.83077,1.83347,-0.37436,-0.396133,3.14159,3.14313,1.5708,1.56466,0,-1.30082,
97030.7,0.101243,0.101243,-0.0727598,-0.0720971,1.83077,1.83347,-0.394599,-0.394599,3.14159,3.14313,1.5708,1.56466,-1.30082,-1.30082,
97050.7,0.162369,0.101243,-0.0728912,-0.0720971,1.8302,1.83347,-0.373655,-0.394599,3.14159,3.14313,1.5708,1.56466,0,-1.30082,
97070.6,0.162369,0.101243,-0.0728912,-0.0720971,1.8302,1.83347,-0.373655,-0.394599,3.14159,3.14313,1.5708,1.56466,0,-1.30082,
97090.7,0.165035,0.101243,-0.0730233,-0.0720971,1.82962,1.83347,-0.372943,-0.394599,3.14159,3.14313,1.5708,1.56466,0,-1.30082,
97110.7,0.165035,0.101243,-0.0730233,-0.0720971,1.82962,1.83347,-0.372943,-0.394599,3.14159,3.14313,1.5708,1.56466,0,-1.30082,
97130.7,0.0935728,0.0935728,-0.0731562,-0.0720971,1.82903,1.83194,-0.393065,-0.393065,3.14159,3.14313,1.5708,1.56466,-1.29468,-1.29468,
97150.6,0.170355,0.0935728,-0.0732899,-0.0720971,1.82844,1.83194,-0.371498,-0.393065,3.14159,3.14313,1.5708,1.56466,0,-1.29468,
97170.7,0.170355,0.0935728,-0.0732899,-0.0720971,1.82844,1.83194,-0.371498,-0.393065,3.14159,3.14313,1.5708,1.56466,0,-1.29468,
97190.6,0.173009,0.0935728,-0.0734244,-0.0720971,1.82784,1.83194,-0.370765,-0.393065,3.14159,3.14313,1.5708,1.56466,0,-1.29468,
97210.7,0.175659,0.0935728,-0.0735595,-0.0720971,1.82724,1.83194,-0.370025,-0.393065,3.14159,3.14313,1.5708,1.56466,0,-1.29468,
97230.8,0.105845,0.105845,-0.0735595,-0.0720971,1.82724,1.83194,-0.391531,-0.391531,3.14159,3.14313,1.5708,1.56619,-1.29775,-1.29775,
97250.8,0.178305,0.105845,-0.0736954,-0.0720971,1.82662,1.83194,-0.369278,-0.391531,3.14159,3.14313,1.5708,1.56619,0,-1.29775,
97270.7,0.180948,0.105845,-0.073832,-0.0720971,1.82601,1.83194,-0.368525,-0.391531,3.14159,3.14313,1.5708,1.56619,0,-1.29775,
97290.7,0.180948,0.105845,-0.073832,-0.0720971,1.82601,1.83194,-0.368525,-0.391531,3.14159,3.14313,1.5708,1.56619,0,-1.29775,
97310.7,0.183586,0.105845,-0.0739693,-0.0720971,1.82538,1.83194,-0.367764,-0.391531,3.14159,3.14313,1.5708,1.56619,0,-1.29775,
97330.8,0.121184,0.121184,-0.0739693,-0.0736311,1.82538,1.83194,-0.388463,-0.388463,3.14159,3.14313,1.5708,1.56466,-1.30082,-1.30082,
97350.7,0.186221,0.121184,-0.0741072,-0.0736311,1.82475,1.83194,-0.366997,-0.388463,3.14159,3.14313,1.5708,1.56466,0,-1.30082,
97370.7,0.188851,0.121184,-0.0742457,-0.0736311,1.82412,1.83194,-0.366223,-0.388463,3.14159,3.14313,1.5708,1.56466,0,-1.30082,
97390.8,0.188851,0.121184,-0.0742457,-0.0736311,1.82412,1.83194,-0.366223,-0.388463,3.14159,3.14313,1.5708,1.56466,0,-1.30082,
97410.7,0.191477,0.121184,-0.0743849,-0.0736311,1.82348,1.83194,-0.365442,-0.388463,3.14159,3.14313,1.5708,1.56466,0,-1.30082,
97430.7,0.1941,0.141126,-0.0745247,-0.0736311,1.82283,1.83194,-0.364654,-0.383862,3.14159,3.14313,1.5708,1.56466,0,-1.30082,
97450.6,0.1941,0.141126,-0.0745247,-0.0736311,1.82283,1.83194,-0.364654,-0.383862,3.14159,3.14313,1.5708,1.56466,0,-1.30082,
97470.8,0.196718,0.141126,-0.0746651,-0.0736311,1.82218,1.83194,-0.36386,-0.383862,3.14159,3.14313,1.5708,1.56466,0,-1.30082,
97490.8,0.199332,0.141126,-0.074806,-0.0736311,1.82152,1.83194,-0.363059,-0.383862,3.14159,3.14313,1.5708,1.56466,0,-1.30082,
97510.8,0.199332,0.141126,-0.074806,-0.0736311,1.82152,1.83194,-0.363059,-0.383862,3.14159,3.14313,1.5708,1.56466,0,-1.30082,
97530.7,0.201941,0.158,-0.0749474,-0.0736311,1.82085,1.83041,-0.362251,-0.382328,3.14159,3.14313,1.5708,1.56466,0,-1.30235,
97550.7,0.204547,0.158,-0.0750894,-0.0736311,1.82018,1.83041,-0.361436,-0.382328,3.14159,3.14313,1.5708,1.56466,0,-1.30235,
97570.7,0.204547,0.158,-0.0750894,-0.0736311,1.82018,1.83041,-0.361436,-0.382328,3.14159,3.14313,1.5708,1.56466,0,-1.30235,
97590.7,0.207148,0.158,-0.0752319,-0.0736311,1.8195,1.83041,-0.360615,-0.382328,3.14159,3.14313,1.5708,1.56466,0,-1.30235,
97610.6,0.16567,0.158,-0.0753748,-0.0736311,1.82887,1.83041,-0.37926,-0.382328,3.14159,3.14313,1.5708,1.56466,-1.30235,-1.30235,
97630.7,0.16567,0.16567,-0.0753748,-0.0751651,1.82887,1.82887,-0.37926,-0.37926,3.14159,3.14313,1.5708,1.56619,-1.30235,-1.30235,
97650.6,0.212338,0.16567,-0.0755183,-0.0751651,1.81812,1.82887,-0.358953,-0.37926,3.14159,3.14313,1.5708,1.56619,0,-1.30235,
97670.7,0.212338,0.16567,-0.0755183,-0.0751651,1.81812,1.82887,-0.358953,-0.37926,3.14159,3.14313,1.5708,1.56619,0,-1.30235,
97690.6,0.214926,0.16567,-0.0756621,-0.0751651,1.81742,1.82887,-0.358112,-0.37926,3.14159,3.14313,1.5708,1.56619,0,-1.30235,
97710.7,0.176408,0.176408,-0.0756621,-0.0751651,1.81742,1.82734,-0.377726,-0.377726,3.14159,3.14313,1.5708,1.56619,-1.30235,-1.30235,
97730.6,0.176408,0.176408,-0.0756621,-0.0751651,1.81742,1.82734,-0.377726,-0.377726,3.14159,3.14313,1.5708,1.56619,-1.30235,-1.30235,
97750.7,0.176408,0.176408,-0.0756621,-0.0751651,1.81742,1.82734,-0.377726,-0.377726,3.14159,3.14313,1.5708,1.56619,-1.30235,-1.30235,
97770.8,0.176408,0.176408,-0.0756621,-0.0751651,1.81742,1.82734,-0.377726,-0.377726,3.14159,3.14313,1.5708,1.56619,-1.30235,-1.30235,
97790.7,0.176408,0.176408,-0.0756621,-0.0751651,1.81742,1.82734,-0.377726,-0.377726,3.14159,3.14313,1.5708,1.56619,-1.30235,-1.30235,
97810.7,0.176408,0.176408,-0.0756621,-0.0751651,1.81742,1.82734,-0.377726,-0.377726,3.14159,3.14313,1.5708,1.56619,-1.30235,-1.30235,
97830.7,0.187146,0.187146,-0.0756621,-0.0751651,1.81742,1.82274,-0.377726,-0.373124,3.14159,3.14313,1.5708,1.56619,-1.30235,-1.30235,
97850.8,0.187146,0.187146,-0.0756621,-0.0751651,1.81742,1.82274,-0.377726,-0.373124,3.14159,3.14313,1.5708,1.56619,-1.30235,-1.30235,
97870.7,0.187146,0.187146,-0.0756621,-0.0751651,1.81742,1.82274,-0.377726,-0.373124,3.14159,3.14313,1.5708,1.56619,-1.30235,-1.30235,
97890.8,0.187146,0.187146,-0.0756621,-0.0751651,1.81742,1.82274,-0.377726,-0.373124,3.14159,3.14313,1.5708,1.56619,-1.30235,-1.30235,
97910.8,0.187146,0.187146,-0.0756621,-0.0751651,1.81742,1.82274,-0.377726,-0.373124,3.14159,3.14313,1.5708,1.56619,-1.30235,-1.30235,
97930.7,0.187146,0.185612,-0.0756621,-0.0751651,1.81742,1.8212,-0.377726,-0.37159,3.14159,3.14313,1.5708,1.56619,-1.30235,-1.30235,
97950.8,0.187146,0.185612,-0.0756621,-0.0751651,1.81742,1.8212,-0.377726,-0.37159,3.14159,3.14313,1.5708,1.56619,-1.30235,-1.30235,
97970.8,0.187146,0.185612,-0.0756621,-0.0751651,1.81742,1.8212,-0.377726,-0.37159,3.14159,3.14313,1.5708,1.56619,-1.30235,-1.30235,
97990.8,0.187146,0.185612,-0.0756621,-0.0751651,1.81742,1.8212,-0.377726,-0.37159,3.14159,3.14313,1.5708,1.56619,-1.30235,-1.30235,
98010.8,0.187146,0.185612,-0.0756621,-0.0751651,1.81742,1.8212,-0.377726,-0.37159,3.14159,3.14313,1.5708,1.56619,-1.30235,-1.30235,
98030.8,0.187146,0.185612,-0.0756621,-0.0751651,1.81742,1.8212,-0.377726,-0.37159,3.14159,3.14313,1.5708,1.56619,-1.30235,-1.30235,
98050.8,0.200951,0.200951,-0.0756621,-0.0751651,1.81742,1.8212,-0.377726,-0.370056,3.14159,3.14159,1.5708,1.56619,-1.30235,-1.30235,
98070.8,0.200951,0.200951,-0.0756621,-0.0751651,1.81742,1.8212,-0.377726,-0.370056,3.14159,3.14159,1.5708,1.56619,-1.30235,-1.30235,
98090.8,0.200951,0.200951,-0.0756621,-0.0751651,1.81742,1.8212,-0.377726,-0.370056,3.14159,3.14159,1.5708,1.56619,-1.30235,-1.30235,
98110.7,0.200951,0.200951,-0.0756621,-0.0751651,1.81742,1.8212,-0.377726,-0.370056,3.14159,3.14159,1.5708,1.56619,-1.30235,-1.30235,
98130.7,0.200951,0.204019,-0.0756621,-0.076699,1.81742,1.81967,-0.365454,-0.365454,3.14159,3.14313,1.5708,1.56466,-1.30235,-1.30235,
98150.7,0.200951,0.204019,-0.0756621,-0.076699,1.81742,1.81967,-0.365454,-0.365454,3.14159,3.14313,1.5708,1.56466,-1.30235,-1.30235,
98170.6,0.200951,0.204019,-0.0756621,-0.076699,1.81742,1.81967,-0.365454,-0.365454,3.14159,3.14313,1.5708,1.56466,-1.30235,-1.30235,
98190.6,0.200951,0.204019,-0.0756621,-0.076699,1.81742,1.81967,-0.365454,-0.365454,3.14159,3.14313,1.5708,1.56466,-1.30235,-1.30235,
98210.7,0.200951,0.204019,-0.0756621,-0.076699,1.81742,1.81967,-0.365454,-0.365454,3.14159,3.14313,1.5708,1.56466,-1.30235,-1.30235,
98230.6,0.200951,0.191748,-0.0756621,-0.076699,1.81742,1.81967,-0.365454,-0.36392,3.14159,3.14313,1.5708,1.56466,-1.30235,-1.30082,
98250.7,0.200951,0.191748,-0.0756621,-0.076699,1.81742,1.81967,-0.365454,-0.36392,3.14159,3.14313,1.5708,1.56466,-1.30235,-1.30082,
98270.6,0.200951,0.191748,-0.0756621,-0.076699,1.81742,1.81967,-0.365454,-0.36392,3.14159,3.14313,1.5708,1.56466,-1.30235,-1.30082,
98290.6,0.200951,0.191748,-0.0756621,-0.076699,1.81742,1.81967,-0.365454,-0.36392,3.14159,3.14313,1.5708,1.56466,-1.30235,-1.30082,
98310.6,0.200951,0.191748,-0.0756621,-0.076699,1.81742,1.81967,-0.365454,-0.36392,3.14159,3.14313,1.5708,1.56466,-1.30235,-1.30082,
98330.9,0.200951,0.199418,-0.0756621,-0.076699,1.81742,1.81967,-0.365454,-0.36392,3.14159,3.14313,1.5708,1.56619,-1.30235,-1.30235,
98350.6,0.200951,0.199418,-0.0756621,-0.076699,1.81742,1.81967,-0.365454,-0.36392,3.14159,3.14313,1.5708,1.56619,-1.30235,-1.30235,
98370.7,0.200951,0.199418,-0.0756621,-0.076699,1.81742,1.81967,-0.365454,-0.36392,3.14159,3.14313,1.5708,1.56619,-1.30235,-1.30235,
98390.6,0.200951,0.199418,-0.0756621,-0.076699,1.81742,1.81967,-0.365454,-0.36392,3.14159,3.14313,1.5708,1.56619,-1.30235,-1.30235,
98410.6,0.200951,0.197884,-0.0756621,-0.076699,1.81742,1.81967,-0.365454,-0.36392,3.14159,3.14313,1.5708,1.56466,-1.30235,-1.30235,
98430.7,0.200951,0.197884,-0.0756621,-0.076699,1.81742,1.81967,-0.365454,-0.36392,3.14159,3.14313,1.5708,1.56466,-1.30235,-1.30235,
98450.7,0.200951,0.197884,-0.0756621,-0.076699,1.81742,1.81967,-0.365454,-0.36392,3.14159,3.14313,1.5708,1.56466,-1.30235,-1.30235,
98470.6,0.200951,0.197884,-0.0756621,-0.076699,1.81742,1.81967,-0.365454,-0.36392,3.14159,3.14313,1.5708,1.56466,-1.30235,-1.30235,
98490.6,0.200951,0.197884,-0.0756621,-0.076699,1.81742,1.81967,-0.365454,-0.36392,3.14159,3.14313,1.5708,1.56466,-1.30235,-1.30235,
98510.6,0.200951,0.200951,-0.0756621,-0.076699,1.81742,1.81967,-0.365454,-0.362386,3.14159,3.14313,1.5708,1.56619,-1.30235,-1.30235,
98530.7,0.200951,0.200951,-0.0756621,-0.076699,1.81742,1.81967,-0.365454,-0.362386,3.14159,3.14313,1.5708,1.56619,-1.30235,-1.30235,
98550.8,0.200951,0.200951,-0.0756621,-0.076699,1.81742,1.81967,-0.365454,-0.362386,3.14159,3.14313,1.5708,1.56619,-1.30235,-1.30235,
98570.8,0.200951,0.200951,-0.0756621,-0.076699,1.81742,1.81967,-0.365454,-0.362386,3.14159,3.14313,1.5708,1.56619,-1.30235,-1.30235,
98590.8,0.200951,0.200951,-0.0756621,-0.076699,1.81742,1.81967,-0.365454,-0.362386,3.14159,3.14313,1.5708,1.56619,-1.30235,-1.30235,
98610.8,0.200951,0.202485,-0.0756621,-0.076699,1.81742,1.81967,-0.365454,-0.362386,3.14159,3.14313,1.5708,1.56466,-1.30235,-1.30235,
98630.8,0.200951,0.202485,-0.0756621,-0.076699,1.81742,1.81967,-0.365454,-0.362386,3.14159,3.14313,1.5708,1.56466,-1.30235,-1.30235,
98650.8,0.200951,0.202485,-0.0756621,-0.076699,1.81742,1.81967,-0.365454,-0.362386,3.14159,3.14313,1.5708,1.56466,-1.30235,-1.30235,
98670.8,0.200951,0.202485,-0.0756621,-0.076699,1.81742,1.81967,-0.365454,-0.362386,3.14159,3.14313,1.5708,1.56466,-1.30235,-1.30235,
98690.8,0.200951,0.202485,-0.0756621,-0.076699,1.81742,1.81967,-0.365454,-0.362386,3.14159,3.14313,1.5708,1.56466,-1.30235,-1.30235,
98710.7,0.200951,0.202485,-0.0756621,-0.076699,1.81742,1.81967,-0.365454,-0.362386,3.14159,3.14313,1.5708,1.56466,-1.30235,-1.30235,
98730.7,0.200951,0.202485,-0.0756621,-0.076699,1.81742,1.81967,-0.365454,-0.362386,3.14159,3.14313,1.5708,1.56466,-1.30235,-1.30235,
98750.7,0.200951,0.202485,-0.0756621,-0.076699,1.81742,1.81967,-0.365454,-0.362386,3.14159,3.14313,1.5708,1.56466,-1.30235,-1.30235,
98770.7,0.200951,0.202485,-0.0756621,-0.076699,1.81742,1.81967,-0.365454,-0.362386,3.14159,3.14313,1.5708,1.56466,-1.30235,-1.30235,
98790.7,0.200951,0.202485,-0.0756621,-0.076699,1.81742,1.81967,-0.365454,-0.362386,3.14159,3.14313,1.5708,1.56466,-1.30235,-1.30235,
98810.6,0.200951,0.204019,-0.0756621,-0.078233,1.81742,1.8212,-0.365454,-0.36392,3.14159,3.14313,1.5708,1.56466,-1.30235,-1.29928,
98830.7,0.200951,0.204019,-0.0756621,-0.078233,1.81742,1.8212,-0.365454,-0.36392,3.14159,3.14313,1.5708,1.56466,-1.30235,-1.29928,
98850.7,0.200951,0.204019,-0.0756621,-0.078233,1.81742,1.8212,-0.365454,-0.36392,3.14159,3.14313,1.5708,1.56466,-1.30235,-1.29928,
98870.7,0.200951,0.204019,-0.0756621,-0.078233,1.81742,1.8212,-0.365454,-0.36392,3.14159,3.14313,1.5708,1.56466,-1.30235,-1.29928,
98890.6,0.200951,0.204019,-0.0756621,-0.078233,1.81742,1.8212,-0.365454,-0.36392,3.14159,3.14313,1.5708,1.56466,-1.30235,-1.29928,
98910.7,0.200951,0.204019,-0.0756621,-0.076699,1.81742,1.82274,-0.365454,-0.36392,3.14159,3.14313,1.5708,1.56466,-1.30235,-1.29621,
98930.7,0.200951,0.204019,-0.0756621,-0.076699,1.81742,1.82274,-0.365454,-0.36392,3.14159,3.14313,1.5708,1.56466,-1.30235,-1.29621,
98950.7,0.200951,0.204019,-0.0756621,-0.076699,1.81742,1.82274,-0.365454,-0.36392,3.14159,3.14313,1.5708,1.56466,-1.30235,-1.29621,
98970.6,0.200951,0.204019,-0.0756621,-0.076699,1.81742,1.82274,-0.365454,-0.36392,3.14159,3.14313,1.5708,1.56466,-1.30235,-1.29621,
98990.7,0.200951,0.204019,-0.0756621,-0.076699,1.81742,1.82274,-0.365454,-0.36392,3.14159,3.14313,1.5708,1.56466,-1.30235,-1.29621,
99010.7,0.200951,0.204019,-0.0756621,-0.076699,1.81742,1.81967,-0.365454,-0.36392,3.14159,3.14313,1.5708,1.56466,-1.30235,-1.29775,
99030.7,0.200951,0.204019,-0.0756621,-0.076699,1.81742,1.81967,-0.365454,-0.36392,3.14159,3.14313,1.5708,1.56466,-1.30235,-1.29775,
99050.7,0.200951,0.204019,-0.0756621,-0.076699,1.81742,1.81967,-0.365454,-0.36392,3.14159,3.14313,1.5708,1.56466,-1.30235,-1.29775,
99070.7,0.200951,0.204019,-0.0756621,-0.076699,1.81742,1.81967,-0.365454,-0.36392,3.14159,3.14313,1.5708,1.56466,-1.30235,-1.29775,
99090.7,0.200951,0.204019,-0.0756621,-0.076699,1.81742,1.81967,-0.365454,-0.36392,3.14159,3.14313,1.5708,1.56466,-1.30235,-1.29775,
99110.7,0.200951,0.204019,-0.0756621,-0.076699,1.81742,1.81967,-0.365454,-0.36392,3.14159,3.14313,1.5708,1.56466,-1.30235,-1.29775,
99130.7,0.200951,0.204019,-0.0756621,-0.076699,1.81742,1.81967,-0.365454,-0.36392,3.14159,3.14313,1.5708,1.56466,-1.30235,-1.29775,
99150.6,0.200951,0.204019,-0.0756621,-0.076699,1.81742,1.81967,-0.365454,-0.36392,3.14159,3.14313,1.5708,1.56466,-1.30235,-1.29775,
99170.8,0.200951,0.204019,-0.0756621,-0.076699,1.81742,1.81813,-0.365454,-0.36392,3.14159,3.14313,1.5708,1.56466,-1.30235,-1.29621,
99190.8,0.200951,0.204019,-0.0756621,-0.076699,1.81742,1.81813,-0.365454,-0.36392,3.14159,3.14313,1.5708,1.56466,-1.30235,-1.29621,
99210.8,0.200951,0.204019,-0.0756621,-0.076699,1.81742,1.81813,-0.365454,-0.36392,3.14159,3.14313,1.5708,1.56466,-1.30235,-1.29621,
99230.8,0.200951,0.205553,-0.0756621,-0.078233,1.81742,1.82427,-0.365454,-0.36392,3.14159,3.14313,1.5708,1.56466,-1.30235,-1.29621,
99250.8,0.200951,0.205553,-0.0756621,-0.078233,1.81742,1.82427,-0.365454,-0.36392,3.14159,3.14313,1.5708,1.56466,-1.30235,-1.29621,
99270.8,0.200951,0.205553,-0.0756621,-0.078233,1.81742,1.82427,-0.365454,-0.36392,3.14159,3.14313,1.5708,1.56466,-1.30235,-1.29621,
99290.8,0.200951,0.205553,-0.0756621,-0.078233,1.81742,1.82427,-0.365454,-0.36392,3.14159,3.14313,1.5708,1.56466,-1.30235,-1.29621,
99310.6,0.200951,0.204019,-0.0756621,-0.079767,1.81742,1.82887,-0.365454,-0.36392,3.14159,3.14313,1.5708,1.56466,-1.30235,-1.29621,
99330.7,0.200951,0.204019,-0.0756621,-0.079767,1.82887,1.82887,-0.365454,-0.36392,3.14159,3.14313,1.5708,1.56466,-1.30235,-1.29621,
99350.7,0.200951,0.204019,-0.0756621,-0.079767,1.82887,1.82887,-0.365454,-0.36392,3.14159,3.14313,1.5708,1.56466,-1.30235,-1.29621,
99370.6,0.200951,0.204019,-0.0756621,-0.079767,1.82887,1.82887,-0.365454,-0.36392,3.14159,3.14313,1.5708,1.56466,-1.30235,-1.29621,
99390.7,0.200951,0.204019,-0.0756621,-0.079767,1.82887,1.82887,-0.365454,-0.36392,3.14159,3.14313,1.5708,1.56466,-1.30235,-1.29621,
99410.6,0.200951,0.202485,-0.0756621,-0.078233,1.82887,1.82274,-0.365454,-0.362386,3.14159,3.14313,1.5708,1.56466,-1.30235,-1.29621,
99430.7,0.200951,0.202485,-0.0756621,-0.078233,1.82887,1.82274,-0.365454,-0.362386,3.14159,3.14313,1.5708,1.56466,-1.30235,-1.29621,
99450.6,0.200951,0.202485,-0.0756621,-0.078233,1.82887,1.82274,-0.365454,-0.362386,3.14159,3.14313,1.5708,1.56466,-1.30235,-1.29621,
99470.6,0.200951,0.202485,-0.0756621,-0.078233,1.82887,1.82274,-0.365454,-0.362386,3.14159,3.14313,1.5708,1.56466,-1.30235,-1.29621,
99490.6,0.200951,0.202485,-0.0756621,-0.078233,1.82887,1.82274,-0.365454,-0.362386,3.14159,3.14313,1.5708,1.56466,-1.30235,-1.29621,
99510.6,0.200951,0.202485,-0.0756621,-0.078233,1.82887,1.82274,-0.365454,-0.362386,3.14159,3.14313,1.5708,1.56466,-1.30235,-1.29621,
99530.6,0.200951,0.204019,-0.0756621,-0.079767,1.82887,1.82734,-0.365454,-0.36392,3.14159,3.14313,1.5708,1.56466,-1.30235,-1.29621,
99550.7,0.200951,0.204019,-0.0756621,-0.079767,1.82887,1.82734,-0.365454,-0.36392,3.14159,3.14313,1.5708,1.56466,-1.30235,-1.29621,
99570.7,0.200951,0.204019,-0.0756621,-0.079767,1.82887,1.82734,-0.365454,-0.36392,3.14159,3.14313,1.5708,1.56466,-1.30235,-1.29621,
99590.7,0.200951,0.204019,-0.0756621,-0.079767,1.82887,1.82734,-0.365454,-0.36392,3.14159,3.14313,1.5708,1.56466,-1.30235,-1.29621,
99610.7,0.200951,0.204019,-0.0756621,-0.079767,1.82887,1.82734,-0.365454,-0.36392,3.14159,3.14313,1.5708,1.56466,-1.30235,-1.29621,
99630.7,0.200951,0.204019,-0.0756621,-0.079767,1.82887,1.83194,-0.365454,-0.36392,3.14159,3.14313,1.5708,1.56466,-1.30235,-1.29621,
99650.7,0.200951,0.204019,-0.0756621,-0.079767,1.82887,1.83194,-0.365454,-0.36392,3.14159,3.14313,1.5708,1.56466,-1.30235,-1.29621,
99670.7,0.200951,0.204019,-0.0756621,-0.079767,1.82887,1.83194,-0.365454,-0.36392,3.14159,3.14313,1.5708,1.56466,-1.30235,-1.29621,
99690.6,0.200951,0.204019,-0.0756621,-0.079767,1.82887,1.83194,-0.365454,-0.36392,3.14159,3.14313,1.5708,1.56466,-1.30235,-1.29621,
99710.7,0.200951,0.202485,-0.0756621,-0.079767,1.82887,1.83347,-0.365454,-0.36392,3.14159,3.14313,1.5708,1.56466,-1.30235,-1.29621,
99730.8,0.200951,0.202485,-0.0756621,-0.079767,1.82887,1.83347,-0.365454,-0.36392,3.14159,3.14313,1.5708,1.56466,-1.30235,-1.29621,
99750.7,0.200951,0.202485,-0.0756621,-0.079767,1.82887,1.83347,-0.365454,-0.36392,3.14159,3.14313,1.5708,1.56466,-1.30235,-1.29621,
99770.7,0.200951,0.202485,-0.0756621,-0.079767,1.82887,1.83347,-0.365454,-0.36392,3.14159,3.14313,1.5708,1.56466,-1.30235,-1.29621,
99790.8,0.200951,0.202485,-0.0756621,-0.079767,1.82887,1.83347,-0.365454,-0.36392,3.14159,3.14313,1.5708,1.56466,-1.30235,-1.29621,
99810.8,0.200951,0.202485,-0.0756621,-0.079767,1.82887,1.83347,-0.365454,-0.36392,3.14159,3.14313,1.5708,1.56466,-1.30235,-1.29621,
99830.8,0.200951,0.204019,-0.0756621,-0.079767,1.82887,1.82427,-0.365454,-0.362386,3.14159,3.14313,1.5708,1.56466,-1.30235,-1.29621,
99850.8,0.200951,0.204019,-0.0756621,-0.079767,1.82887,1.82427,-0.365454,-0.362386,3.14159,3.14313,1.5708,1.56466,-1.30235,-1.29621,
99870.8,0.200951,0.204019,-0.0756621,-0.079767,1.82887,1.82427,-0.365454,-0.362386,3.14159,3.14313,1.5708,1.56466,-1.30235,-1.29621,
99890.8,0.200951,0.204019,-0.0756621,-0.079767,1.82887,1.82427,-0.365454,-0.362386,3.14159,3.14313,1.5708,1.56466,-1.30235,-1.29621,
99910.7,0.200951,0.204019,-0.0756621,-0.079767,1.82887,1.82427,-0.365454,-0.362386,3.14159,3.14313,1.5708,1.56466,-1.30235,-1.29621,
99930.7,0.200951,0.205553,-0.0756621,-0.079767,1.82887,1.8212,-0.365454,-0.36392,3.14159,3.14313,1.5708,1.56466,-1.30235,-1.29621,
99950.6,0.200951,0.205553,-0.0756621,-0.079767,1.82887,1.8212,-0.365454,-0.36392,3.14159,3.14313,1.5708,1.56466,-1.30235,-1.29621,
99970.7,0.200951,0.205553,-0.0756621,-0.079767,1.82887,1.8212,-0.365454,-0.36392,3.14159,3.14313,1.5708,1.56466,-1.30235,-1.29621,
99990.6,0.200951,0.205553,-0.0756621,-0.079767,1.82887,1.8212,-0.365454,-0.36392,3.14159,3.14313,1.5708,1.56466,-1.30235,-1.29621,
100011,0.200951,0.205553,-0.0756621,-0.079767,1.82887,1.8212,-0.365454,-0.36392,3.14159,3.14313,1.5708,1.56466,-1.30235,-1.29621,
100031,0.200951,0.204019,-0.0756621,-0.079767,1.82887,1.8258,-0.365454,-0.36392,3.14159,3.14313,1.5708,1.56466,-1.30235,-1.29621,
100051,0.200951,0.204019,-0.0756621,-0.079767,1.82887,1.8258,-0.365454,-0.36392,3.14159,3.14313,1.5708,1.56466,-1.30235,-1.29621,
100071,0.200951,0.204019,-0.0756621,-0.079767,1.82887,1.8258,-0.365454,-0.36392,3.14159,3.14313,1.5708,1.56466,-1.30235,-1.29621,
100091,0.200951,0.204019,-0.0756621,-0.079767,1.82887,1.8258,-0.365454,-0.36392,3.14159,3.14313,1.5708,1.56466,-1.30235,-1.29621,
100111,0.200951,0.202485,-0.0756621,-0.079767,1.82887,1.83347,-0.365454,-0.36392,3.14159,3.14313,1.5708,1.56466,-1.30235,-1.29468,
100131,0.200951,0.202485,-0.0756621,-0.079767,1.82887,1.83347,-0.365454,-0.36392,3.14159,3.14313,1.5708,1.56466,-1.30235,-1.29468,
100151,0.200951,0.202485,-0.0756621,-0.079767,1.82887,1.83347,-0.365454,-0.36392,3.14159,3.14313,1.5708,1.56466,-1.30235,-1.29468,
100171,0.200951,0.202485,-0.0756621,-0.079767,1.82887,1.83347,-0.365454,-0.36392,3.14159,3.14313,1.5708,1.56466,-1.30235,-1.29468,
100191,0.200951,0.202485,-0.0756621,-0.079767,1.82887,1.83347,-0.365454,-0.36392,3.14159,3.14313,1.5708,1.56466,-1.30235,-1.29468,
100211,0.200951,0.200951,-0.0756621,-0.079767,1.84114,1.84114,-0.365454,-0.36392,3.14159,3.14313,1.5708,1.56466,-1.30235,-1.29468,
100231,0.200951,0.200951,-0.0756621,-0.079767,1.84114,1.84114,-0.365454,-0.36392,3.14159,3.14313,1.5708,1.56466,-1.30235,-1.29468,
100251,0.200951,0.200951,-0.0756621,-0.079767,1.84114,1.84114,-0.365454,-0.36392,3.14159,3.14313,1.5708,1.56466,-1.30235,-1.29468,
100271,0.200951,0.200951,-0.0756621,-0.079767,1.84114,1.84114,-0.365454,-0.36392,3.14159,3.14313,1.5708,1.56466,-1.30235,-1.29468,
100291,0.200951,0.200951,-0.0756621,-0.079767,1.84114,1.84114,-0.365454,-0.36392,3.14159,3.14313,1.5708,1.56466,-1.30235,-1.29468,
100311,0.200951,0.200951,-0.0756621,-0.079767,1.84114,1.84114,-0.365454,-0.36392,3.14159,3.14313,1.5708,1.56466,-1.30235,-1.29468,
100331,0.200951,0.200951,-0.0756621,-0.079767,1.84114,1.83194,-0.365454,-0.362386,3.14159,3.14466,1.5708,1.56619,-1.30235,-1.29621,
100351,0.200951,0.200951,-0.0756621,-0.079767,1.84114,1.83194,-0.365454,-0.362386,3.14159,3.14466,1.5708,1.56619,-1.30235,-1.29621,
100371,0.200951,0.200951,-0.0756621,-0.079767,1.84114,1.83194,-0.365454,-0.362386,3.14159,3.14466,1.5708,1.56619,-1.30235,-1.29621,
100391,0.200951,0.200951,-0.0756621,-0.079767,1.84114,1.83194,-0.365454,-0.362386,3.14159,3.14466,1.5708,1.56619,-1.30235,-1.29621,
100411,0.200951,0.202485,-0.0756621,-0.079767,1.84114,1.84268,-0.365454,-0.36392,3.14159,3.14466,1.5708,1.56619,-1.30235,-1.29468,
100431,0.200951,0.202485,-0.0756621,-0.079767,1.84114,1.84268,-0.365454,-0.36392,3.14159,3.14466,1.5708,1.56619,-1.30235,-1.29468,
100451,0.200951,0.202485,-0.0756621,-0.079767,1.84114,1.84268,-0.365454,-0.36392,3.14159,3.14466,1.5708,1.56619,-1.30235,-1.29468,
100471,0.200951,0.202485,-0.0756621,-0.079767,1.84114,1.84268,-0.365454,-0.36392,3.14159,3.14466,1.5708,1.56619,-1.30235,-1.29468,
100491,0.200951,0.202485,-0.0756621,-0.079767,1.84114,1.84268,-0.365454,-0.36392,3.14159,3.14466,1.5708,1.56619,-1.30235,-1.29468,
100511,0.200951,0.200951,-0.0756621,-0.081301,1.84114,1.84268,-0.365454,-0.36392,3.14159,3.14466,1.5708,1.56619,-1.30235,-1.29468,
100531,0.200951,0.200951,-0.0756621,-0.081301,1.84114,1.84268,-0.365454,-0.36392,3.14159,3.14466,1.5708,1.56619,-1.30235,-1.29468,
100551,0.200951,0.200951,-0.0756621,-0.081301,1.84114,1.84268,-0.365454,-0.36392,3.14159,3.14466,1.5708,1.56619,-1.30235,-1.29468,
100571,0.200951,0.200951,-0.0756621,-0.081301,1.84114,1.84268,-0.365454,-0.36392,3.14159,3.14466,1.5708,1.56619,-1.30235,-1.29468,
100591,0.200951,0.200951,-0.0756621,-0.081301,1.84114,1.84268,-0.365454,-0.36392,3.14159,3.14466,1.5708,1.56619,-1.30235,-1.29468,
100611,0.200951,0.202485,-0.0756621,-0.081301,1.84114,1.84575,-0.365454,-0.36392,3.14159,3.14466,1.5708,1.56619,-1.30235,-1.29468,
100631,0.200951,0.202485,-0.0756621,-0.081301,1.84114,1.84575,-0.365454,-0.36392,3.14159,3.14466,1.5708,1.56619,-1.30235,-1.29468,
100651,0.200951,0.202485,-0.0756621,-0.081301,1.84114,1.84575,-0.365454,-0.36392,3.14159,3.14466,1.5708,1.56619,-1.30235,-1.29468,
100671,0.200951,0.202485,-0.0756621,-0.081301,1.84114,1.84575,-0.365454,-0.36392,3.14159,3.14466,1.5708,1.56619,-1.30235,-1.29468,
100691,0.200951,0.202485,-0.0756621,-0.081301,1.84114,1.84575,-0.365454,-0.36392,3.14159,3.14466,1.5708,1.56619,-1.30235,-1.29468,
100711,0.200951,0.202485,-0.0756621,-0.081301,1.84114,1.84575,-0.365454,-0.36392,3.14159,3.14466,1.5708,1.56619,-1.30235,-1.29468,
100731,0.200951,0.200951,-0.0756621,-0.081301,1.84114,1.84114,-0.365454,-0.36392,3.14159,3.14466,1.5708,1.56466,-1.30235,-1.29468,
100751,0.200951,0.200951,-0.0756621,-0.081301,1.84114,1.84114,-0.365454,-0.36392,3.14159,3.14466,1.5708,1.56466,-1.30235,-1.29468,
100771,0.200951,0.200951,-0.0756621,-0.081301,1.84114,1.84114,-0.365454,-0.36392,3.14159,3.14466,1.5708,1.56466,-1.30235,-1.29468,
100791,0.200951,0.200951,-0.0756621,-0.081301,1.84114,1.84114,-0.365454,-0.36392,3.14159,3.14466,1.5708,1.56466,-1.30235,-1.29468,
100811,0.200951,0.200951,-0.0756621,-0.081301,1.84114,1.84268,-0.365454,-0.36392,3.14159,3.14466,1.5708,1.56619,-1.30235,-1.29468,
100831,0.200951,0.200951,-0.0756621,-0.081301,1.84114,1.84268,-0.365454,-0.36392,3.14159,3.14466,1.5708,1.56619,-1.30235,-1.29468,
100851,0.200951,0.200951,-0.0756621,-0.081301,1.84114,1.84268,-0.365454,-0.36392,3.14159,3.14466,1.5708,1.56619,-1.30235,-1.29468,
100871,0.200951,0.200951,-0.0756621,-0.081301,1.84114,1.84268,-0.365454,-0.36392,3.14159,3.14466,1.5708,1.56619,-1.30235,-1.29468,
100891,0.200951,0.200951,-0.0756621,-0.081301,1.84114,1.84268,-0.365454,-0.36392,3.14159,3.14466,1.5708,1.56619,-1.30235,-1.29468,
100911,0.200951,0.202485,-0.0756621,-0.079767,1.84114,1.84268,-0.365454,-0.36392,3.14159,3.14466,1.5708,1.56619,-1.30235,-1.29468,
100931,0.200951,0.202485,-0.0756621,-0.079767,1.84114,1.84268,-0.365454,-0.36392,3.14159,3.14466,1.5708,1.56619,-1.30235,-1.29468,
100951,0.200951,0.202485,-0.0756621,-0.079767,1.84114,1.84268,-0.365454,-0.36392,3.14159,3.14466,1.5708,1.56619,-1.30235,-1.29468,
100971,0.200951,0.202485,-0.0756621,-0.079767,1.84114,1.84268,-0.365454,-0.36392,3.14159,3.14466,1.5708,1.56619,-1.30235,-1.29468,
100991,0.200951,0.202485,-0.0756621,-0.079767,1.84114,1.84268,-0.365454,-0.36392,3.14159,3.14466,1.5708,1.56619,-1.30235,-1.29468,
101011,0.200951,0.207087,-0.0756621,-0.081301,1.84114,1.84881,-0.365454,-0.365454,3.14159,3.14466,1.5708,1.56619,-1.30235,-1.29468,
101031,0.200951,0.207087,-0.0756621,-0.081301,1.84114,1.84881,-0.365454,-0.365454,3.14159,3.14466,1.5708,1.56619,-1.30235,-1.29468,
101051,0.200951,0.207087,-0.0756621,-0.081301,1.84114,1.84881,-0.365454,-0.365454,3.14159,3.14466,1.5708,1.56619,-1.30235,-1.29468,
101071,0.200951,0.207087,-0.0756621,-0.081301,1.84114,1.84881,-0.365454,-0.365454,3.14159,3.14466,1.5708,1.56619,-1.30235,-1.29468,
101091,0.200951,0.207087,-0.0756621,-0.081301,1.84114,1.84881,-0.365454,-0.365454,3.14159,3.14466,1.5708,1.56619,-1.30235,-1.29468,
101111,0.200951,0.207087,-0.0756621,-0.081301,1.84114,1.84881,-0.365454,-0.365454,3.14159,3.14466,1.5708,1.56619,-1.30235,-1.29468,
101131,0.200951,0.200951,-0.0756621,-0.079767,1.84114,1.83961,-0.365454,-0.36392,3.14159,3.14466,1.5708,1.56619,-1.30235,-1.29468,
101151,0.200951,0.200951,-0.0756621,-0.079767,1.84114,1.83961,-0.365454,-0.36392,3.14159,3.14466,1.5708,1.56619,-1.30235,-1.29468,
101171,0.200951,0.200951,-0.0756621,-0.079767,1.84114,1.83961,-0.365454,-0.36392,3.14159,3.14466,1.5708,1.56619,-1.30235,-1.29468,
101191,0.200951,0.200951,-0.0756621,-0.079767,1.84114,1.83961,-0.365454,-0.36392,3.14159,3.14466,1.5708,1.56619,-1.30235,-1.29468,
101211,0.200951,0.199418,-0.0756621,-0.078233,1.84114,1.83347,-0.365454,-0.36392,3.14159,3.14466,1.5708,1.56619,-1.30235,-1.29928,
101231,0.200951,0.199418,-0.0756621,-0.078233,1.84114,1.83347,-0.365454,-0.36392,3.14159,3.14466,1.5708,1.56619,-1.30235,-1.29928,
101251,0.200951,0.199418,-0.0756621,-0.078233,1.84114,1.83347,-0.365454,-0.36392,3.14159,3.14466,1.5708,1.56619,-1.30235,-1.29928,
101271,0.200951,0.199418,-0.0756621,-0.078233,1.84114,1.83347,-0.365454,-0.36392,3.14159,3.14466,1.5708,1.56619,-1.30235,-1.29928,
101291,0.200951,0.199418,-0.0756621,-0.078233,1.84114,1.83347,-0.365454,-0.36392,3.14159,3.14466,1.5708,1.56619,-1.30235,-1.29928,
101311,0.200951,0.200951,-0.0756621,-0.079767,1.84114,1.83654,-0.365454,-0.36392,3.14159,3.14466,1.5708,1.56619,-1.30235,-1.29468,
101331,0.200951,0.200951,-0.0756621,-0.079767,1.84114,1.83654,-0.365454,-0.36392,3.14159,3.14466,1.5708,1.56619,-1.30235,-1.29468,
101351,0.200951,0.200951,-0.0756621,-0.079767,1.84114,1.83654,-0.365454,-0.36392,3.14159,3.14466,1.5708,1.56619,-1.30235,-1.29468,
101371,0.200951,0.200951,-0.0756621,-0.079767,1.84114,1.83654,-0.365454,-0.36392,3.14159,3.14466,1.5708,1.56619,-1.30235,-1.29468,
101391,0.200951,0.200951,-0.0756621,-0.079767,1.84114,1.83654,-0.365454,-0.36392,3.14159,3.14466,1.5708,1.56619,-1.30235,-1.29468,
101411,0.200951,0.200951,-0.0756621,-0.079767,1.84114,1.83654,-0.365454,-0.36392,3.14159,3.14466,1.5708,1.56619,-1.30235,-1.29468,
101431,0.200951,0.207087,-0.0756621,-0.081301,1.84114,1.85035,-0.365454,-0.366988,3.14159,3.14466,1.5708,1.56619,-1.30235,-1.29315,
101451,0.200951,0.207087,-0.0756621,-0.081301,1.84114,1.85035,-0.365454,-0.366988,3.14159,3.14466,1.5708,1.56619,-1.30235,-1.29315,
101471,0.200951,0.207087,-0.0756621,-0.081301,1.84114,1.85035,-0.365454,-0.366988,3.14159,3.14466,1.5708,1.56619,-1.30235,-1.29315,
101491,0.200951,0.207087,-0.0756621,-0.081301,1.84114,1.85035,-0.365454,-0.366988,3.14159,3.14466,1.5708,1.56619,-1.30235,-1.29315,
101511,0.200951,0.207087,-0.0756621,-0.081301,1.84114,1.85035,-0.365454,-0.366988,3.14159,3.14466,1.5708,1.56619,-1.30235,-1.29315,
101531,0.200951,0.200951,-0.0756621,-0.079767,1.84114,1.84114,-0.365454,-0.365454,3.14159,3.14466,1.5708,1.56619,-1.30235,-1.29315,
101551,0.200951,0.200951,-0.0756621,-0.079767,1.84114,1.84114,-0.365454,-0.365454,3.14159,3.14466,1.5708,1.56619,-1.30235,-1.29315,
101571,0.200951,0.200951,-0.0756621,-0.079767,1.84114,1.84114,-0.365454,-0.365454,3.14159,3.14466,1.5708,1.56619,-1.30235,-1.29315,
101591,0.200951,0.200951,-0.0756621,-0.079767,1.84114,1.84114,-0.365454,-0.365454,3.14159,3.14466,1.5708,1.56619,-1.30235,-1.29315,
101611,0.200951,0.199418,-0.0756621,-0.079767,1.84114,1.84575,-0.365454,-0.366988,3.14159,3.14619,1.5708,1.56619,-1.30235,-1.29775,
101631,0.200951,0.199418,-0.0756621,-0.079767,1.84114,1.84575,-0.365454,-0.366988,3.14159,3.14619,1.5708,1.56619,-1.30235,-1.29775,
101651,0.200951,0.199418,-0.0756621,-0.079767,1.84114,1.84575,-0.365454,-0.366988,3.14159,3.14619,1.5708,1.56619,-1.30235,-1.29775,
101671,0.200951,0.199418,-0.0756621,-0.079767,1.84114,1.84575,-0.365454,-0.366988,3.14159,3.14619,1.5708,1.56619,-1.30235,-1.29775,
101691,0.200951,0.199418,-0.0756621,-0.079767,1.84114,1.84575,-0.365454,-0.366988,3.14159,3.14619,1.5708,1.56619,-1.30235,-1.29775,
101711,0.200951,0.199418,-0.0756621,-0.079767,1.84114,1.84268,-0.365454,-0.366988,3.14159,3.14619,1.5708,1.56619,-1.30235,-1.29928,
101731,0.200951,0.199418,-0.0756621,-0.079767,1.84114,1.84268,-0.365454,-0.366988,3.14159,3.14619,1.5708,1.56619,-1.30235,-1.29928,
101751,0.200951,0.199418,-0.0756621,-0.079767,1.84114,1.84268,-0.365454,-0.366988,3.14159,3.14619,1.5708,1.56619,-1.30235,-1.29928,
101771,0.200951,0.199418,-0.0756621,-0.079767,1.84114,1.84268,-0.365454,-0.366988,3.14159,3.14619,1.5708,1.56619,-1.30235,-1.29928,
101791,0.200951,0.199418,-0.0756621,-0.079767,1.84114,1.84268,-0.365454,-0.366988,3.14159,3.14619,1.5708,1.56619,-1.30235,-1.29928,
101811,0.200951,0.200951,-0.0756621,-0.078233,1.84114,1.83347,-0.365454,-0.366988,3.14159,3.14466,1.5708,1.56619,-1.30235,-1.30082,
101831,0.200951,0.200951,-0.0756621,-0.078233,1.84114,1.83347,-0.365454,-0.366988,3.14159,3.14466,1.5708,1.56619,-1.30235,-1.30082,
101851,0.200951,0.200951,-0.0756621,-0.078233,1.84114,1.83347,-0.365454,-0.366988,3.14159,3.14466,1.5708,1.56619,-1.30235,-1.30082,
101871,0.200951,0.200951,-0.0756621,-0.078233,1.84114,1.83347,-0.365454,-0.366988,3.14159,3.14466,1.5708,1.56619,-1.30235,-1.30082,
101891,0.200951,0.200951,-0.0756621,-0.078233,1.84114,1.83347,-0.365454,-0.366988,3.14159,3.14466,1.5708,1.56619,-1.30235,-1.30082,
101911,0.200951,0.200951,-0.0756621,-0.078233,1.84114,1.83347,-0.365454,-0.366988,3.14159,3.14466,1.5708,1.56619,-1.30235,-1.30082,
101931,0.200951,0.205553,-0.0756621,-0.079767,1.84114,1.84881,-0.365454,-0.366988,3.14159,3.14466,1.5708,1.56619,-1.30235,-1.29315,
101951,0.200951,0.205553,-0.0756621,-0.079767,1.84114,1.84881,-0.365454,-0.366988,3.14159,3.14466,1.5708,1.56619,-1.30235,-1.29315,
101971,0.200951,0.205553,-0.0756621,-0.079767,1.84114,1.84881,-0.365454,-0.366988,3.14159,3.14466,1.5708,1.56619,-1.30235,-1.29315,
101991,0.200951,0.205553,-0.0756621,-0.079767,1.84114,1.84881,-0.365454,-0.366988,3.14159,3.14466,1.5708,1.56619,-1.30235,-1.29315,
102012,0.200951,0.204019,-0.0756621,-0.078233,1.84114,1.84114,-0.365454,-0.366988,3.14159,3.14466,1.5708,1.56619,-1.30235,-1.29315,
102031,0.200951,0.204019,-0.0756621,-0.078233,1.84114,1.84114,-0.365454,-0.366988,3.14159,3.14466,1.5708,1.56619,-1.30235,-1.29315,
102051,0.200951,0.204019,-0.0756621,-0.078233,1.84114,1.84114,-0.365454,-0.366988,3.14159,3.14466,1.5708,1.56619,-1.30235,-1.29315,
102071,0.200951,0.204019,-0.0756621,-0.078233,1.84114,1.84114,-0.365454,-0.366988,3.14159,3.14466,1.5708,1.56619,-1.30235,-1.29315,
102091,0.200951,0.204019,-0.0756621,-0.078233,1.84114,1.84114,-0.365454,-0.366988,3.14159,3.14466,1.5708,1.56619,-1.30235,-1.29315,
102111,0.200951,0.200951,-0.0756621,-0.078233,1.84114,1.83808,-0.365454,-0.366988,3.14159,3.14466,1.5708,1.56466,-1.30235,-1.29315,
102131,0.200951,0.200951,-0.0756621,-0.078233,1.84114,1.83808,-0.365454,-0.366988,3.14159,3.14466,1.5708,1.56466,-1.30235,-1.29315,
102151,0.200951,0.200951,-0.0756621,-0.078233,1.84114,1.83808,-0.365454,-0.366988,3.14159,3.14466,1.5708,1.56466,-1.30235,-1.29315,
102171,0.200951,0.200951,-0.0756621,-0.078233,1.84114,1.83808,-0.365454,-0.366988,3.14159,3.14466,1.5708,1.56466,-1.30235,-1.29315,
102191,0.200951,0.200951,-0.0756621,-0.078233,1.84114,1.83808,-0.365454,-0.366988,3.14159,3.14466,1.5708,1.56466,-1.30235,-1.29315,
102211,0.200951,0.200951,-0.0756621,-0.078233,1.84114,1.83808,-0.365454,-0.366988,3.14159,3.14466,1.5708,1.56466,-1.30235,-1.29315,
102231,0.200951,0.200951,-0.0756621,-0.078233,1.84114,1.83808,-0.365454,-0.366988,3.14159,3.14466,1.5708,1.56619,-1.30235,-1.29315,
102251,0.200951,0.200951,-0.0756621,-0.078233,1.84114,1.83808,-0.365454,-0.366988,3.14159,3.14466,1.5708,1.56619,-1.30235,-1.29315,
102271,0.200951,0.200951,-0.0756621,-0.078233,1.84114,1.83808,-0.365454,-0.366988,3.14159,3.14466,1.5708,1.56619,-1.30235,-1.29315,
102291,0.200951,0.200951,-0.0756621,-0.078233,1.84114,1.83808,-0.365454,-0.366988,3.14159,3.14466,1.5708,1.56619,-1.30235,-1.29315,
102311,0.200951,0.200951,-0.0756621,-0.078233,1.84114,1.83808,-0.365454,-0.366988,3.14159,3.14466,1.5708,1.56619,-1.30235,-1.29315,
102331,0.200951,0.200951,-0.0756621,-0.079767,1.84114,1.84575,-0.365454,-0.366988,3.14159,3.14466,1.5708,1.56619,-1.30235,-1.29315,
102351,0.200951,0.200951,-0.0756621,-0.079767,1.84114,1.84575,-0.365454,-0.366988,3.14159,3.14466,1.5708,1.56619,-1.30235,-1.29315,
102371,0.200951,0.200951,-0.0756621,-0.079767,1.84114,1.84575,-0.365454,-0.366988,3.14159,3.14466,1.5708,1.56619,-1.30235,-1.29315,
102391,0.200951,0.200951,-0.0756621,-0.079767,1.84114,1.84575,-0.365454,-0.366988,3.14159,3.14466,1.5708,1.56619,-1.30235,-1.29315,
102411,0.200951,0.200951,-0.0756621,-0.078233,1.84114,1.84114,-0.365454,-0.366988,3.14159,3.14466,1.5708,1.56619,-1.30235,-1.29315,
102431,0.200951,0.200951,-0.0756621,-0.078233,1.84114,1.84114,-0.365454,-0.366988,3.14159,3.14466,1.5708,1.56619,-1.30235,-1.29315,
102451,0.200951,0.200951,-0.0756621,-0.078233,1.84114,1.84114,-0.365454,-0.366988,3.14159,3.14466,1.5708,1.56619,-1.30235,-1.29315,
102471,0.200951,0.200951,-0.0756621,-0.078233,1.84114,1.84114,-0.365454,-0.366988,3.14159,3.14466,1.5708,1.56619,-1.30235,-1.29315,
102491,0.200951,0.200951,-0.0756621,-0.078233,1.84114,1.84114,-0.365454,-0.366988,3.14159,3.14466,1.5708,1.56619,-1.30235,-1.29315,
102511,0.200951,0.200951,-0.0756621,-0.078233,1.84114,1.84114,-0.365454,-0.366988,3.14159,3.14466,1.5708,1.56619,-1.30235,-1.29315,
102531,0.200951,0.200951,-0.0756621,-0.078233,1.84114,1.83808,-0.365454,-0.366988,3.14159,3.14466,1.5708,1.56619,-1.30235,-1.29315,
102551,0.200951,0.200951,-0.0756621,-0.078233,1.84114,1.83808,-0.365454,-0.366988,3.14159,3.14466,1.5708,1.56619,-1.30235,-1.29315,
102571,0.200951,0.200951,-0.0756621,-0.078233,1.84114,1.83808,-0.365454,-0.366988,3.14159,3.14466,1.5708,1.56619,-1.30235,-1.29315,
102591,0.200951,0.200951,-0.0756621,-0.078233,1.84114,1.83808,-0.365454,-0.366988,3.14159,3.14466,1.5708,1.56619,-1.30235,-1.29315,
102611,0.200951,0.200951,-0.0756621,-0.079767,1.84114,1.84114,-0.365454,-0.366988,3.14159,3.14466,1.5708,1.56619,-1.30235,-1.29315,
102631,0.200951,0.200951,-0.0756621,-0.079767,1.84114,1.84114,-0.365454,-0.366988,3.14159,3.14466,1.5708,1.56619,-1.30235,-1.29315,
102651,0.200951,0.200951,-0.0756621,-0.079767,1.84114,1.84114,-0.365454,-0.366988,3.14159,3.14466,1.5708,1.56619,-1.30235,-1.29315,
102671,0.200951,0.200951,-0.0756621,-0.079767,1.84114,1.84114,-0.365454,-0.366988,3.14159,3.14466,1.5708,1.56619,-1.30235,-1.29315,
102691,0.200951,0.200951,-0.0756621,-0.079767,1.84114,1.84114,-0.365454,-0.366988,3.14159,3.14466,1.5708,1.56619,-1.30235,-1.29315,
102711,0.200951,0.200951,-0.0756621,-0.079767,1.84114,1.84114,-0.365454,-0.366988,3.14159,3.14466,1.5708,1.56619,-1.30235,-1.29315,
102731,0.200951,0.200951,-0.0756621,-0.078233,1.84114,1.84268,-0.365454,-0.366988,3.14159,3.14466,1.5708,1.56619,-1.30235,-1.29315,
102751,0.200951,0.200951,-0.0756621,-0.078233,1.84114,1.84268,-0.365454,-0.366988,3.14159,3.14466,1.5708,1.56619,-1.30235,-1.29315,
102771,0.200951,0.200951,-0.0756621,-0.078233,1.84114,1.84268,-0.365454,-0.366988,3.14159,3.14466,1.5708,1.56619,-1.30235,-1.29315,
102791,0.200951,0.200951,-0.0756621,-0.078233,1.84114,1.84268,-0.365454,-0.366988,3.14159,3.14466,1.5708,1.56619,-1.30235,-1.29315,
102811,0.200951,0.200951,-0.0756621,-0.078233,1.84114,1.84268,-0.365454,-0.366988,3.14159,3.14466,1.5708,1.56619,-1.30235,-1.29315,
102831,0.200951,0.200951,-0.0756621,-0.078233,1.84114,1.83961,-0.365454,-0.365454,3.14159,3.14466,1.5708,1.56619,-1.30235,-1.29315,
102851,0.200951,0.200951,-0.0756621,-0.078233,1.84114,1.83961,-0.365454,-0.365454,3.14159,3.14466,1.5708,1.56619,-1.30235,-1.29315,
102871,0.200951,0.200951,-0.0756621,-0.078233,1.84114,1.83961,-0.365454,-0.365454,3.14159,3.14466,1.5708,1.56619,-1.30235,-1.29315,
102891,0.200951,0.200951,-0.0756621,-0.078233,1.84114,1.83961,-0.365454,-0.365454,3.14159,3.14466,1.5708,1.56619,-1.30235,-1.29315,
102911,0.200951,0.200951,-0.0756621,-0.079767,1.84114,1.84268,-0.365454,-0.366988,3.14159,3.14466,1.5708,1.56619,-1.30235,-1.29315,
102931,0.200951,0.200951,-0.0756621,-0.079767,1.84114,1.84268,-0.365454,-0.366988,3.14159,3.14466,1.5708,1.56619,-1.30235,-1.29315,
102951,0.200951,0.200951,-0.0756621,-0.079767,1.84114,1.84268,-0.365454,-0.366988,3.14159,3.14466,1.5708,1.56619,-1.30235,-1.29315,
102971,0.200951,0.200951,-0.0756621,-0.079767,1.84114,1.84268,-0.365454,-0.366988,3.14159,3.14466,1.5708,1.56619,-1.30235,-1.29315,
102991,0.200951,0.200951,-0.0756621,-0.079767,1.84114,1.84268,-0.365454,-0.366988,3.14159,3.14466,1.5708,1.56619,-1.30235,-1.29315,
103011,0.200951,0.200951,-0.0756621,-0.078233,1.84114,1.84114,-0.365454,-0.366988,3.14159,3.14466,1.5708,1.56619,-1.30235,-1.29315,
103031,0.200951,0.200951,-0.0756621,-0.078233,1.84114,1.84114,-0.365454,-0.366988,3.14159,3.14466,1.5708,1.56619,-1.30235,-1.29315,
103051,0.200951,0.200951,-0.0756621,-0.078233,1.84114,1.84114,-0.365454,-0.366988,3.14159,3.14466,1.5708,1.56619,-1.30235,-1.29315,
103071,0.200951,0.200951,-0.0756621,-0.078233,1.84114,1.84114,-0.365454,-0.366988,3.14159,3.14466,1.5708,1.56619,-1.30235,-1.29315,
103091,0.200951,0.200951,-0.0756621,-0.078233,1.84114,1.84114,-0.365454,-0.366988,3.14159,3.14466,1.5708,1.56619,-1.30235,-1.29315,
103111,0.200951,0.200951,-0.0756621,-0.078233,1.84114,1.84114,-0.365454,-0.366988,3.14159,3.14466,1.5708,1.56619,-1.30235,-1.29315,
103131,0.200951,0.200951,-0.0756621,-0.078233,1.84114,1.83961,-0.365454,-0.366988,3.14159,3.14466,1.5708,1.56619,-1.30235,-1.29315,
103151,0.200951,0.200951,-0.0756621,-0.078233,1.84114,1.83961,-0.365454,-0.366988,3.14159,3.14466,1.5708,1.56619,-1.30235,-1.29315,
103171,0.200951,0.200951,-0.0756621,-0.078233,1.84114,1.83961,-0.365454,-0.366988,3.14159,3.14466,1.5708,1.56619,-1.30235,-1.29315,
103191,0.200951,0.200951,-0.0756621,-0.078233,1.84114,1.83961,-0.365454,-0.366988,3.14159,3.14466,1.5708,1.56619,-1.30235,-1.29315,
103211,0.200951,0.200951,-0.0756621,-0.078233,1.84114,1.84114,-0.365454,-0.366988,3.14159,3.14466,1.5708,1.56619,-1.30235,-1.29315,
103231,0.200951,0.200951,-0.0756621,-0.078233,1.84114,1.84114,-0.365454,-0.366988,3.14159,3.14466,1.5708,1.56619,-1.30235,-1.29315,
103251,0.200951,0.200951,-0.0756621,-0.078233,1.84114,1.84114,-0.365454,-0.366988,3.14159,3.14466,1.5708,1.56619,-1.30235,-1.29315,
103271,0.200951,0.200951,-0.0756621,-0.078233,1.84114,1.84114,-0.365454,-0.366988,3.14159,3.14466,1.5708,1.56619,-1.30235,-1.29315,
103291,0.200951,0.200951,-0.0756621,-0.078233,1.84114,1.84114,-0.365454,-0.366988,3.14159,3.14466,1.5708,1.56619,-1.30235,-1.29315,
103311,0.200951,0.200951,-0.0756621,-0.078233,1.84114,1.84268,-0.365454,-0.366988,3.14159,3.14466,1.5708,1.56619,-1.30235,-1.29315,
103331,0.200951,0.200951,-0.0756621,-0.078233,1.84114,1.84268,-0.365454,-0.366988,3.14159,3.14466,1.5708,1.56619,-1.30235,-1.29315,
103351,0.200951,0.200951,-0.0756621,-0.078233,1.84114,1.84268,-0.365454,-0.366988,3.14159,3.14466,1.5708,1.56619,-1.30235,-1.29315,
103371,0.200951,0.200951,-0.0756621,-0.078233,1.84114,1.84268,-0.365454,-0.366988,3.14159,3.14466,1.5708,1.56619,-1.30235,-1.29315,
103391,0.200951,0.200951,-0.0756621,-0.078233,1.84114,1.84268,-0.365454,-0.366988,3.14159,3.14466,1.5708,1.56619,-1.30235,-1.29315,
103411,0.200951,0.200951,-0.0756621,-0.078233,1.84114,1.84114,-0.365454,-0.366988,3.14159,3.14466,1.5708,1.56466,-1.30235,-1.29315,
103431,0.200951,0.200951,-0.0756621,-0.078233,1.84114,1.84114,-0.365454,-0.366988,3.14159,3.14466,1.5708,1.56466,-1.30235,-1.29315,
103451,0.200951,0.200951,-0.0756621,-0.078233,1.84114,1.84114,-0.365454,-0.366988,3.14159,3.14466,1.5708,1.56466,-1.30235,-1.29315,
103471,0.200951,0.200951,-0.0756621,-0.078233,1.84114,1.84114,-0.365454,-0.366988,3.14159,3.14466,1.5708,1.56466,-1.30235,-1.29315,
103491,0.200951,0.200951,-0.0756621,-0.078233,1.84114,1.84114,-0.365454,-0.366988,3.14159,3.14466,1.5708,1.56466,-1.30235,-1.29315,
103511,0.200951,0.200951,-0.0756621,-0.078233,1.84114,1.84114,-0.365454,-0.366988,3.14159,3.14466,1.5708,1.56466,-1.30235,-1.29315,
103531,0.200951,0.200951,-0.0756621,-0.079767,1.84114,1.84114,-0.365454,-0.366988,3.14159,3.14466,1.5708,1.56619,-1.30235,-1.29315,
103551,0.200951,0.200951,-0.0756621,-0.079767,1.84114,1.84114,-0.365454,-0.366988,3.14159,3.14466,1.5708,1.56619,-1.30235,-1.29315,
103571,0.200951,0.200951,-0.0756621,-0.079767,1.84114,1.84114,-0.365454,-0.366988,3.14159,3.14466,1.5708,1.56619,-1.30235,-1.29315,
103591,0.200951,0.200951,-0.0756621,-0.079767,1.84114,1.84114,-0.365454,-0.366988,3.14159,3.14466,1.5708,1.56619,-1.30235,-1.29315,
103611,0.200951,0.200951,-0.0756621,-0.079767,1.84114,1.84114,-0.365454,-0.366988,3.14159,3.14466,1.5708,1.56619,-1.30235,-1.29315,
103631,0.200951,0.200951,-0.0756621,-0.079767,1.84114,1.84114,-0.365454,-0.366988,3.14159,3.14466,1.5708,1.56619,-1.30235,-1.29315,
103651,0.200951,0.200951,-0.0756621,-0.079767,1.84114,1.84114,-0.365454,-0.366988,3.14159,3.14466,1.5708,1.56619,-1.30235,-1.29315,
103671,0.200951,0.200951,-0.0756621,-0.079767,1.84114,1.84114,-0.365454,-0.366988,3.14159,3.14466,1.5708,1.56619,-1.30235,-1.29315,
103691,0.200951,0.200951,-0.0756621,-0.079767,1.84114,1.84114,-0.365454,-0.366988,3.14159,3.14466,1.5708,1.56619,-1.30235,-1.29315,
103711,0.200951,0.200951,-0.0756621,-0.079767,1.84114,1.84114,-0.365454,-0.366988,3.14159,3.14466,1.5708,1.56619,-1.30235,-1.29315,
103731,0.200951,0.200951,-0.0756621,-0.079767,1.84114,1.84114,-0.365454,-0.366988,3.14159,3.14466,1.5708,1.56619,-1.30235,-1.29315,
103751,0.200951,0.200951,-0.0756621,-0.078233,1.84114,1.84114,-0.365454,-0.366988,3.14159,3.14466,1.5708,1.56619,-1.30235,-1.29315,
103771,0.200951,0.200951,-0.0756621,-0.078233,1.84114,1.84114,-0.365454,-0.366988,3.14159,3.14466,1.5708,1.56619,-1.30235,-1.29315,
103791,0.200951,0.200951,-0.0756621,-0.078233,1.84114,1.84114,-0.365454,-0.366988,3.14159,3.14466,1.5708,1.56619,-1.30235,-1.29315,
103811,0.200951,0.202485,-0.0756621,-0.079767,1.84114,1.84114,-0.365454,-0.366988,3.14159,3.14466,1.5708,1.56466,-1.30235,-1.29315,
103831,0.200951,0.202485,-0.0756621,-0.079767,1.84114,1.84114,-0.365454,-0.366988,3.14159,3.14466,1.5708,1.56466,-1.30235,-1.29315,
103851,0.200951,0.202485,-0.0756621,-0.079767,1.84114,1.84114,-0.365454,-0.366988,3.14159,3.14466,1.5708,1.56466,-1.30235,-1.29315,
103871,0.200951,0.202485,-0.0756621,-0.079767,1.84114,1.84114,-0.365454,-0.366988,3.14159,3.14466,1.5708,1.56466,-1.30235,-1.29315,
103891,0.200951,0.202485,-0.0756621,-0.079767,1.84114,1.84114,-0.365454,-0.366988,3.14159,3.14466,1.5708,1.56466,-1.30235,-1.29315,
103911,0.200951,0.202485,-0.0756621,-0.079767,1.84114,1.84114,-0.365454,-0.366988,3.14159,3.14466,1.5708,1.56466,-1.30235,-1.29315,
103931,0.200951,0.202485,-0.0756621,-0.078233,1.84114,1.84114,-0.365454,-0.366988,3.14159,3.14466,1.5708,1.56619,-1.30235,-1.29315,
103951,0.200951,0.202485,-0.0756621,-0.078233,1.84114,1.84114,-0.365454,-0.366988,3.14159,3.14466,1.5708,1.56619,-1.30235,-1.29315,
103971,0.200951,0.202485,-0.0756621,-0.078233,1.84114,1.84114,-0.365454,-0.366988,3.14159,3.14466,1.5708,1.56619,-1.30235,-1.29315,
103991,0.200951,0.202485,-0.0756621,-0.078233,1.84114,1.84114,-0.365454,-0.366988,3.14159,3.14466,1.5708,1.56619,-1.30235,-1.29315,
104011,0.200951,0.200951,-0.0756621,-0.078233,1.84114,1.84114,-0.365454,-0.366988,3.14159,3.14466,1.5708,1.56466,-1.30235,-1.29315,
104031,0.200951,0.200951,-0.0756621,-0.078233,1.84114,1.84114,-0.365454,-0.366988,3.14159,3.14466,1.5708,1.56466,-1.30235,-1.29315,
104051,0.200951,0.200951,-0.0756621,-0.078233,1.84114,1.84114,-0.365454,-0.366988,3.14159,3.14466,1.5708,1.56466,-1.30235,-1.29315,
104071,0.200951,0.200951,-0.0756621,-0.078233,1.84114,1.84114,-0.365454,-0.366988,3.14159,3.14466,1.5708,1.56466,-1.30235,-1.29315,
104091,0.200951,0.200951,-0.0756621,-0.078233,1.84114,1.84114,-0.365454,-0.366988,3.14159,3.14466,1.5708,1.56466,-1.30235,-1.29315,
104111,0.200951,0.202485,-0.0756621,-0.078233,1.84114,1.84114,-0.365454,-0.366988,3.14159,3.14466,1.5708,1.56466,-1.30235,-1.29315,
104131,0.200951,0.202485,-0.0756621,-0.078233,1.84114,1.84114,-0.365454,-0.366988,3.14159,3.14466,1.5708,1.56466,-1.30235,-1.29315,
104151,0.200951,0.202485,-0.0756621,-0.078233,1.84114,1.84114,-0.365454,-0.366988,3.14159,3.14466,1.5708,1.56466,-1.30235,-1.29315,
104171,0.200951,0.202485,-0.0756621,-0.078233,1.84114,1.84114,-0.365454,-0.366988,3.14159,3.14466,1.5708,1.56466,-1.30235,-1.29315,
104191,0.200951,0.202485,-0.0756621,-0.078233,1.84114,1.84114,-0.365454,-0.366988,3.14159,3.14466,1.5708,1.56466,-1.30235,-1.29315,
104211,0.200951,0.200951,-0.0756621,-0.078233,1.84114,1.84114,-0.365454,-0.366988,3.14159,3.14466,1.5708,1.56619,-1.30235,-1.29315,
104231,0.200951,0.200951,-0.0756621,-0.078233,1.84114,1.84114,-0.365454,-0.366988,3.14159,3.14466,1.5708,1.56619,-1.30235,-1.29315,
104251,0.200951,0.200951,-0.0756621,-0.078233,1.84114,1.84114,-0.365454,-0.366988,3.14159,3.14466,1.5708,1.56619,-1.30235,-1.29315,
104271,0.200951,0.200951,-0.0756621,-0.078233,1.84114,1.84114,-0.365454,-0.366988,3.14159,3.14466,1.5708,1.56619,-1.30235,-1.29315,
104291,0.200951,0.200951,-0.0756621,-0.078233,1.84114,1.84114,-0.365454,-0.366988,3.14159,3.14466,1.5708,1.56619,-1.30235,-1.29315,
104311,0.200951,0.200951,-0.0756621,-0.078233,1.84114,1.84114,-0.365454,-0.366988,3.14159,3.14466,1.5708,1.56619,-1.30235,-1.29315,
104331,0.200951,0.200951,-0.0756621,-0.078233,1.84114,1.84114,-0.365454,-0.366988,3.14159,3.14466,1.5708,1.56619,-1.30235,-1.29315,
104351,0.200951,0.200951,-0.0756621,-0.078233,1.84114,1.84114,-0.365454,-0.366988,3.14159,3.14466,1.5708,1.56619,-1.30235,-1.29315,
104371,0.200951,0.200951,-0.0756621,-0.078233,1.84114,1.84114,-0.365454,-0.366988,3.14159,3.14466,1.5708,1.56619,-1.30235,-1.29315,
104391,0.200951,0.200951,-0.0756621,-0.078233,1.84114,1.84114,-0.365454,-0.366988,3.14159,3.14466,1.5708,1.56619,-1.30235,-1.29315,
104411,0.200951,0.200951,-0.0756621,-0.078233,1.84114,1.84268,-0.365454,-0.365454,3.14159,3.14466,1.5708,1.56619,-1.30235,-1.29315,
104431,0.200951,0.200951,-0.0756621,-0.078233,1.84114,1.84268,-0.365454,-0.365454,3.14159,3.14466,1.5708,1.56619,-1.30235,-1.29315,
104451,0.200951,0.200951,-0.0756621,-0.078233,1.84114,1.84268,-0.365454,-0.365454,3.14159,3.14466,1.5708,1.56619,-1.30235,-1.29315,
104471,0.200951,0.200951,-0.0756621,-0.078233,1.84114,1.84268,-0.365454,-0.365454,3.14159,3.14466,1.5708,1.56619,-1.30235,-1.29315,
104491,0.200951,0.200951,-0.0756621,-0.078233,1.84114,1.84268,-0.365454,-0.365454,3.14159,3.14466,1.5708,1.56619,-1.30235,-1.29315,
104511,0.200951,0.200951,-0.0756621,-0.078233,1.84114,1.84114,-0.365454,-0.365454,3.14159,3.14466,1.5708,1.56619,-1.30235,-1.29315,
104531,0.200951,0.200951,-0.0756621,-0.078233,1.84114,1.84114,-0.365454,-0.365454,3.14159,3.14466,1.5708,1.56619,-1.30235,-1.29315,
104551,0.200951,0.200951,-0.0756621,-0.078233,1.84114,1.84114,-0.365454,-0.365454,3.14159,3.14466,1.5708,1.56619,-1.30235,-1.29315,
104571,0.200951,0.200951,-0.0756621,-0.078233,1.84114,1.84114,-0.365454,-0.365454,3.14159,3.14466,1.5708,1.56619,-1.30235,-1.29315,
104591,0.200951,0.200951,-0.0756621,-0.078233,1.84114,1.84114,-0.365454,-0.365454,3.14159,3.14466,1.5708,1.56619,-1.30235,-1.29315,
104611,0.200951,0.200951,-0.0756621,-0.078233,1.84114,1.84114,-0.365454,-0.365454,3.14159,3.14466,1.5708,1.56619,-1.30235,-1.29315,
104631,0.200951,0.200951,-0.0756621,-0.078233,1.84114,1.84114,-0.365454,-0.365454,3.14159,3.14466,1.5708,1.56619,-1.30235,-1.29315,
104651,0.200951,0.200951,-0.0756621,-0.078233,1.84114,1.84114,-0.365454,-0.365454,3.14159,3.14466,1.5708,1.56619,-1.30235,-1.29315,
104671,0.200951,0.200951,-0.0756621,-0.078233,1.84114,1.84114,-0.365454,-0.365454,3.14159,3.14466,1.5708,1.56619,-1.30235,-1.29315,
104691,0.200951,0.200951,-0.0756621,-0.078233,1.84114,1.84114,-0.365454,-0.365454,3.14159,3.14466,1.5708,1.56619,-1.30235,-1.29315,
104711,0.200951,0.200951,-0.0756621,-0.078233,1.84114,1.84114,-0.365454,-0.365454,3.14159,3.14466,1.5708,1.56619,-1.30235,-1.29315,
104731,0.200951,0.202485,-0.0756621,-0.078233,1.84114,1.84114,-0.365454,-0.366988,3.14159,3.14466,1.5708,1.56619,-1.30235,-1.29315,
104751,0.200951,0.202485,-0.0756621,-0.078233,1.84114,1.84114,-0.365454,-0.366988,3.14159,3.14466,1.5708,1.56619,-1.30235,-1.29315,
104771,0.200951,0.202485,-0.0756621,-0.078233,1.84114,1.84114,-0.365454,-0.366988,3.14159,3.14466,1.5708,1.56619,-1.30235,-1.29315,
104791,0.200951,0.202485,-0.0756621,-0.078233,1.84114,1.84114,-0.365454,-0.366988,3.14159,3.14466,1.5708,1.56619,-1.30235,-1.29315,
104811,0.200951,0.202485,-0.0756621,-0.078233,1.84114,1.84268,-0.365454,-0.366988,3.14159,3.14466,1.5708,1.56619,-1.30235,-1.29315,
104831,0.200951,0.202485,-0.0756621,-0.078233,1.84114,1.84268,-0.365454,-0.366988,3.14159,3.14466,1.5708,1.56619,-1.30235,-1.29315,
104851,0.200951,0.202485,-0.0756621,-0.078233,1.84114,1.84268,-0.365454,-0.366988,3.14159,3.14466,1.5708,1.56619,-1.30235,-1.29315,
104871,0.200951,0.202485,-0.0756621,-0.078233,1.84114,1.84268,-0.365454,-0.366988,3.14159,3.14466,1.5708,1.56619,-1.30235,-1.29315,
104891,0.200951,0.202485,-0.0756621,-0.078233,1.84114,1.84268,-0.365454,-0.366988,3.14159,3.14466,1.5708,1.56619,-1.30235,-1.29315,
104911,0.200951,0.202485,-0.0756621,-0.078233,1.84114,1.84268,-0.365454,-0.366988,3.14159,3.14466,1.5708,1.56619,-1.30235,-1.29315,
104931,0.200951,0.200951,-0.0756621,-0.078233,1.84114,1.84114,-0.365454,-0.366988,3.14159,3.14466,1.5708,1.56619,-1.30235,-1.29315,
104951,0.200951,0.200951,-0.0756621,-0.078233,1.84114,1.84114,-0.365454,-0.366988,3.14159,3.14466,1.5708,1.56619,-1.30235,-1.29315,
104971,0.200951,0.200951,-0.0756621,-0.078233,1.84114,1.84114,-0.365454,-0.366988,3.14159,3.14466,1.5708,1.56619,-1.30235,-1.29315,
104991,0.200951,0.200951,-0.0756621,-0.078233,1.84114,1.84114,-0.365454,-0.366988,3.14159,3.14466,1.5708,1.56619,-1.30235,-1.29315,
105011,0.200951,0.200951,-0.0756621,-0.078233,1.84114,1.84114,-0.365454,-0.366988,3.14159,3.14466,1.5708,1.56619,-1.30235,-1.29315,
105031,0.200951,0.200951,-0.0756621,-0.078233,1.84114,1.84114,-0.365454,-0.366988,3.14159,3.14466,1.5708,1.56619,-1.30235,-1.29315,
105051,0.200951,0.200951,-0.0756621,-0.078233,1.84114,1.84114,-0.365454,-0.366988,3.14159,3.14466,1.5708,1.56619,-1.30235,-1.29315,
105071,0.200951,0.200951,-0.0756621,-0.078233,1.84114,1.84114,-0.365454,-0.366988,3.14159,3.14466,1.5708,1.56619,-1.30235,-1.29315,
105091,0.200951,0.200951,-0.0756621,-0.078233,1.84114,1.84114,-0.365454,-0.366988,3.14159,3.14466,1.5708,1.56619,-1.30235,-1.29315,
105111,0.200951,0.200951,-0.0756621,-0.078233,1.84114,1.84114,-0.365454,-0.366988,3.14159,3.14466,1.5708,1.56619,-1.30235,-1.29315,
105131,0.200951,0.202485,-0.0756621,-0.078233,1.84114,1.84114,-0.365454,-0.366988,3.14159,3.14466,1.5708,1.56619,-1.30235,-1.29315,
105151,0.200951,0.202485,-0.0756621,-0.078233,1.84114,1.84114,-0.365454,-0.366988,3.14159,3.14466,1.5708,1.56619,-1.30235,-1.29315,
105171,0.200951,0.202485,-0.0756621,-0.078233,1.84114,1.84114,-0.365454,-0.366988,3.14159,3.14466,1.5708,1.56619,-1.30235,-1.29315,
105191,0.200951,0.202485,-0.0756621,-0.078233,1.84114,1.84114,-0.365454,-0.366988,3.14159,3.14466,1.5708,1.56619,-1.30235,-1.29315,
105211,0.200951,0.202485,-0.0756621,-0.078233,1.84114,1.84114,-0.365454,-0.366988,3.14159,3.14466,1.5708,1.56619,-1.30235,-1.29315,
105231,0.200951,0.202485,-0.0756621,-0.078233,1.84114,1.84114,-0.365454,-0.366988,3.14159,3.14466,1.5708,1.56466,-1.30235,-1.29315,
105251,0.200951,0.202485,-0.0756621,-0.078233,1.84114,1.84114,-0.365454,-0.366988,3.14159,3.14466,1.5708,1.56466,-1.30235,-1.29315,
105271,0.200951,0.202485,-0.0756621,-0.078233,1.84114,1.84114,-0.365454,-0.366988,3.14159,3.14466,1.5708,1.56466,-1.30235,-1.29315,
105291,0.200951,0.202485,-0.0756621,-0.078233,1.84114,1.84114,-0.365454,-0.366988,3.14159,3.14466,1.5708,1.56466,-1.30235,-1.29315,
105311,0.200951,0.200951,-0.0756621,-0.078233,1.84114,1.84114,-0.365454,-0.366988,3.14159,3.14466,1.5708,1.56619,-1.30235,-1.29315,
105331,0.200951,0.200951,-0.0756621,-0.078233,1.84114,1.84114,-0.365454,-0.366988,3.14159,3.14466,1.5708,1.56619,-1.30235,-1.29315,
105351,0.200951,0.200951,-0.0756621,-0.078233,1.84114,1.84114,-0.365454,-0.366988,3.14159,3.14466,1.5708,1.56619,-1.30235,-1.29315,
105371,0.200951,0.200951,-0.0756621,-0.078233,1.84114,1.84114,-0.365454,-0.366988,3.14159,3.14466,1.5708,1.56619,-1.30235,-1.29315,
105391,0.200951,0.200951,-0.0756621,-0.078233,1.84114,1.84114,-0.365454,-0.366988,3.14159,3.14466,1.5708,1.56619,-1.30235,-1.29315,
105411,0.200951,0.200951,-0.0756621,-0.078233,1.84114,1.84114,-0.365454,-0.366988,3.14159,3.14466,1.5708,1.56619,-1.30235,-1.29315,
105431,0.200951,0.200951,-0.0756621,-0.078233,1.84114,1.84114,-0.365454,-0.366988,3.14159,3.14466,1.5708,1.56619,-1.30235,-1.29315,
105451,0.200951,0.200951,-0.0756621,-0.078233,1.84114,1.84114,-0.365454,-0.366988,3.14159,3.14466,1.5708,1.56619,-1.30235,-1.29315,
105471,0.200951,0.200951,-0.0756621,-0.078233,1.84114,1.84114,-0.365454,-0.366988,3.14159,3.14466,1.5708,1.56619,-1.30235,-1.29315,
105491,0.200951,0.200951,-0.0756621,-0.078233,1.84114,1.84114,-0.365454,-0.366988,3.14159,3.14466,1.5708,1.56619,-1.30235,-1.29315,
105511,0.200951,0.200951,-0.0756621,-0.078233,1.84114,1.84114,-0.365454,-0.366988,3.14159,3.14466,1.5708,1.56619,-1.30235,-1.29315,
105531,0.200951,0.200951,-0.0756621,-0.078233,1.84114,1.84114,-0.365454,-0.366988,3.14159,3.14466,1.5708,1.56619,-1.30235,-1.29315,
105551,0.200951,0.200951,-0.0756621,-0.078233,1.84114,1.84114,-0.365454,-0.366988,3.14159,3.14466,1.5708,1.56619,-1.30235,-1.29315,
105571,0.200951,0.200951,-0.0756621,-0.078233,1.84114,1.84114,-0.365454,-0.366988,3.14159,3.14466,1.5708,1.56619,-1.30235,-1.29315,
105591,0.200951,0.200951,-0.0756621,-0.078233,1.84114,1.84114,-0.365454,-0.366988,3.14159,3.14466,1.5708,1.56619,-1.30235,-1.29315,
105611,0.200951,0.200951,-0.0756621,-0.078233,1.84114,1.84114,-0.365454,-0.366988,3.14159,3.14466,1.5708,1.56619,-1.30235,-1.29315,
105631,0.200951,0.200951,-0.0756621,-0.078233,1.84114,1.84114,-0.365454,-0.366988,3.14159,3.14466,1.5708,1.56619,-1.30235,-1.29315,
105651,0.200951,0.200951,-0.0756621,-0.078233,1.84114,1.84114,-0.365454,-0.366988,3.14159,3.14466,1.5708,1.56619,-1.30235,-1.29315,
105671,0.200951,0.200951,-0.0756621,-0.078233,1.84114,1.84114,-0.365454,-0.366988,3.14159,3.14466,1.5708,1.56619,-1.30235,-1.29315,
105691,0.200951,0.200951,-0.0756621,-0.078233,1.84114,1.84114,-0.365454,-0.366988,3.14159,3.14466,1.5708,1.56619,-1.30235,-1.29315,
105711,0.200951,0.202485,-0.0756621,-0.078233,1.84114,1.84268,-0.365454,-0.366988,3.14159,3.14466,1.5708,1.56619,-1.30235,-1.29315,
105731,0.200951,0.202485,-0.0756621,-0.078233,1.84114,1.84268,-0.365454,-0.366988,3.14159,3.14466,1.5708,1.56619,-1.30235,-1.29315,
105751,0.200951,0.202485,-0.0756621,-0.078233,1.84114,1.84268,-0.365454,-0.366988,3.14159,3.14466,1.5708,1.56619,-1.30235,-1.29315,
105771,0.200951,0.202485,-0.0756621,-0.078233,1.84114,1.84268,-0.365454,-0.366988,3.14159,3.14466,1.5708,1.56619,-1.30235,-1.29315,
105794,0.200951,0.202485,-0.0756621,-0.078233,1.84114,1.84268,-0.365454,-0.366988,3.14159,3.14466,1.5708,1.56619,-1.30235,-1.29315,
105811,0.200951,0.202485,-0.0756621,-0.078233,1.84114,1.84268,-0.365454,-0.366988,3.14159,3.14466,1.5708,1.56619,-1.30235,-1.29315,
105831,0.200951,0.200951,-0.0756621,-0.078233,1.84114,1.84575,-0.365454,-0.366988,3.14159,3.14466,1.5708,1.56619,-1.30235,-1.29315,
105851,0.200951,0.200951,-0.0756621,-0.078233,1.84114,1.84575,-0.365454,-0.366988,3.14159,3.14466,1.5708,1.56619,-1.30235,-1.29315,
105871,0.200951,0.200951,-0.0756621,-0.078233,1.84114,1.84575,-0.365454,-0.366988,3.14159,3.14466,1.5708,1.56619,-1.30235,-1.29315,
105891,0.200951,0.200951,-0.0756621,-0.078233,1.84114,1.84575,-0.365454,-0.366988,3.14159,3.14466,1.5708,1.56619,-1.30235,-1.29315,
105911,0.200951,0.200951,-0.0756621,-0.078233,1.84114,1.84575,-0.365454,-0.366988,3.14159,3.14466,1.5708,1.56619,-1.30235,-1.29315,
105931,0.200951,0.200951,-0.0756621,-0.078233,1.84114,1.83808,-0.365454,-0.366988,3.14159,3.14466,1.5708,1.56619,-1.30235,-1.29315,
105951,0.200951,0.200951,-0.0756621,-0.078233,1.84114,1.83808,-0.365454,-0.366988,3.14159,3.14466,1.5708,1.56619,-1.30235,-1.29315,
105971,0.200951,0.200951,-0.0756621,-0.078233,1.84114,1.83808,-0.365454,-0.366988,3.14159,3.14466,1.5708,1.56619,-1.30235,-1.29315,
105991,0.200951,0.200951,-0.0756621,-0.078233,1.84114,1.83808,-0.365454,-0.366988,3.14159,3.14466,1.5708,1.56619,-1.30235,-1.29315,
106011,0.200951,0.204019,-0.0756621,-0.078233,1.84114,1.83654,-0.365454,-0.366988,3.14159,3.14466,1.5708,1.56619,-1.30235,-1.29315,
106031,0.200951,0.204019,-0.0756621,-0.078233,1.84114,1.83654,-0.365454,-0.366988,3.14159,3.14466,1.5708,1.56619,-1.30235,-1.29315,
106051,0.200951,0.204019,-0.0756621,-0.078233,1.84114,1.83654,-0.365454,-0.366988,3.14159,3.14466,1.5708,1.56619,-1.30235,-1.29315,
106071,0.200951,0.204019,-0.0756621,-0.078233,1.84114,1.83654,-0.365454,-0.366988,3.14159,3.14466,1.5708,1.56619,-1.30235,-1.29315,
106091,0.200951,0.204019,-0.0756621,-0.078233,1.84114,1.83654,-0.365454,-0.366988,3.14159,3.14466,1.5708,1.56619,-1.30235,-1.29315,
106111,0.200951,0.200951,-0.0756621,-0.078233,1.84114,1.84421,-0.365454,-0.366988,3.14159,3.14466,1.5708,1.56619,-1.30235,-1.29315,
106131,0.200951,0.200951,-0.0756621,-0.078233,1.84114,1.84421,-0.365454,-0.366988,3.14159,3.14466,1.5708,1.56619,-1.30235,-1.29315,
106151,0.200951,0.200951,-0.0756621,-0.078233,1.84114,1.84421,-0.365454,-0.366988,3.14159,3.14466,1.5708,1.56619,-1.30235,-1.29315,
106171,0.200951,0.200951,-0.0756621,-0.078233,1.84114,1.84421,-0.365454,-0.366988,3.14159,3.14466,1.5708,1.56619,-1.30235,-1.29315,
106191,0.200951,0.200951,-0.0756621,-0.078233,1.84114,1.84421,-0.365454,-0.366988,3.14159,3.14466,1.5708,1.56619,-1.30235,-1.29315,
106211,0.200951,0.200951,-0.0756621,-0.078233,1.84114,1.84268,-0.365454,-0.366988,3.14159,3.14466,1.5708,1.56619,-1.30235,-1.29315,
106231,0.200951,0.200951,-0.0756621,-0.078233,1.84114,1.84268,-0.365454,-0.366988,3.14159,3.14466,1.5708,1.56619,-1.30235,-1.29315,
106251,0.200951,0.200951,-0.0756621,-0.078233,1.84114,1.84268,-0.365454,-0.366988,3.14159,3.14466,1.5708,1.56619,-1.30235,-1.29315,
106271,0.200951,0.200951,-0.0756621,-0.078233,1.84114,1.84268,-0.365454,-0.366988,3.14159,3.14466,1.5708,1.56619,-1.30235,-1.29315,
106291,0.200951,0.200951,-0.0756621,-0.078233,1.84114,1.84268,-0.365454,-0.366988,3.14159,3.14466,1.5708,1.56619,-1.30235,-1.29315,
106311,0.200951,0.200951,-0.0756621,-0.078233,1.84114,1.84268,-0.365454,-0.366988,3.14159,3.14466,1.5708,1.56619,-1.30235,-1.29315,
106331,0.200951,0.200951,-0.0756621,-0.078233,1.84114,1.83808,-0.365454,-0.366988,3.14159,3.14466,1.5708,1.56619,-1.30235,-1.29315,
106351,0.200951,0.200951,-0.0756621,-0.078233,1.84114,1.83808,-0.365454,-0.366988,3.14159,3.14466,1.5708,1.56619,-1.30235,-1.29315,
106371,0.200951,0.200951,-0.0756621,-0.078233,1.84114,1.83808,-0.365454,-0.366988,3.14159,3.14466,1.5708,1.56619,-1.30235,-1.29315,
106391,0.200951,0.200951,-0.0756621,-0.078233,1.84114,1.83808,-0.365454,-0.366988,3.14159,3.14466,1.5708,1.56619,-1.30235,-1.29315,
106411,0.200951,0.200951,-0.0756621,-0.078233,1.84114,1.83808,-0.365454,-0.366988,3.14159,3.14466,1.5708,1.56619,-1.30235,-1.29315,
106431,0.200951,0.200951,-0.0756621,-0.078233,1.84114,1.83808,-0.365454,-0.366988,3.14159,3.14466,1.5708,1.56619,-1.30235,-1.29315,
106451,0.200951,0.200951,-0.0756621,-0.078233,1.84114,1.83808,-0.365454,-0.366988,3.14159,3.14466,1.5708,1.56619,-1.30235,-1.29315,
106471,0.200951,0.200951,-0.0756621,-0.078233,1.84114,1.83808,-0.365454,-0.366988,3.14159,3.14466,1.5708,1.56619,-1.30235,-1.29315,
106491,0.200951,0.200951,-0.0756621,-0.078233,1.84114,1.83808,-0.365454,-0.366988,3.14159,3.14466,1.5708,1.56619,-1.30235,-1.29315,
106511,0.200951,0.199418,-0.0756621,-0.078233,1.84114,1.83961,-0.365454,-0.366988,3.14159,3.14466,1.5708,1.56619,-1.30235,-1.29315,
106531,0.200951,0.199418,-0.0756621,-0.078233,1.84114,1.83961,-0.365454,-0.366988,3.14159,3.14466,1.5708,1.56619,-1.30235,-1.29315,
106551,0.200951,0.199418,-0.0756621,-0.078233,1.84114,1.83961,-0.365454,-0.366988,3.14159,3.14466,1.5708,1.56619,-1.30235,-1.29315,
106571,0.200951,0.199418,-0.0756621,-0.078233,1.84114,1.83961,-0.365454,-0.366988,3.14159,3.14466,1.5708,1.56619,-1.30235,-1.29315,
106591,0.200951,0.199418,-0.0756621,-0.078233,1.84114,1.83961,-0.365454,-0.366988,3.14159,3.14466,1.5708,1.56619,-1.30235,-1.29315,
106611,0.200951,0.199418,-0.0756621,-0.078233,1.84114,1.83961,-0.365454,-0.366988,3.14159,3.14466,1.5708,1.56619,-1.30235,-1.29315,
106631,0.200951,0.202485,-0.0756621,-0.078233,1.84114,1.83961,-0.365454,-0.366988,3.14159,3.14466,1.5708,1.56466,-1.30235,-1.29315,
106651,0.200951,0.202485,-0.0756621,-0.078233,1.84114,1.83961,-0.365454,-0.366988,3.14159,3.14466,1.5708,1.56466,-1.30235,-1.29315,
106671,0.200951,0.202485,-0.0756621,-0.078233,1.84114,1.83961,-0.365454,-0.366988,3.14159,3.14466,1.5708,1.56466,-1.30235,-1.29315,
106691,0.200951,0.202485,-0.0756621,-0.078233,1.84114,1.83961,-0.365454,-0.366988,3.14159,3.14466,1.5708,1.56466,-1.30235,-1.29315,
106711,0.200951,0.202485,-0.0756621,-0.078233,1.84114,1.83961,-0.365454,-0.366988,3.14159,3.14466,1.5708,1.56466,-1.30235,-1.29315,
106731,0.200951,0.200951,-0.0756621,-0.078233,1.84114,1.84114,-0.365454,-0.365454,3.14159,3.14466,1.5708,1.56619,-1.30235,-1.29315,
106751,0.200951,0.200951,-0.0756621,-0.078233,1.84114,1.84114,-0.365454,-0.365454,3.14159,3.14466,1.5708,1.56619,-1.30235,-1.29315,
106771,0.200951,0.200951,-0.0756621,-0.078233,1.84114,1.84114,-0.365454,-0.365454,3.14159,3.14466,1.5708,1.56619,-1.30235,-1.29315,
106791,0.200951,0.200951,-0.0756621,-0.078233,1.84114,1.84114,-0.365454,-0.365454,3.14159,3.14466,1.5708,1.56619,-1.30235,-1.29315,
106811,0.200951,0.200951,-0.0756621,-0.078233,1.84114,1.84114,-0.365454,-0.365454,3.14159,3.14466,1.5708,1.56619,-1.30235,-1.29315,
106831,0.200951,0.200951,-0.0756621,-0.078233,1.84114,1.84114,-0.365454,-0.366988,3.14159,3.14466,1.5708,1.56466,-1.30235,-1.29315,
106851,0.200951,0.200951,-0.0756621,-0.078233,1.84114,1.84114,-0.365454,-0.366988,3.14159,3.14466,1.5708,1.56466,-1.30235,-1.29315,
106871,0.200951,0.200951,-0.0756621,-0.078233,1.84114,1.84114,-0.365454,-0.366988,3.14159,3.14466,1.5708,1.56466,-1.30235,-1.29315,
106891,0.200951,0.200951,-0.0756621,-0.078233,1.84114,1.84114,-0.365454,-0.366988,3.14159,3.14466,1.5708,1.56466,-1.30235,-1.29315,
106911,0.200951,0.200951,-0.0756621,-0.078233,1.84114,1.83961,-0.365454,-0.366988,3.14159,3.14466,1.5708,1.56466,-1.30235,-1.29315,
106931,0.200951,0.200951,-0.0756621,-0.078233,1.84114,1.83961,-0.365454,-0.366988,3.14159,3.14466,1.5708,1.56466,-1.30235,-1.29315,
106951,0.200951,0.200951,-0.0756621,-0.078233,1.84114,1.83961,-0.365454,-0.366988,3.14159,3.14466,1.5708,1.56466,-1.30235,-1.29315,
106971,0.200951,0.200951,-0.0756621,-0.078233,1.84114,1.83961,-0.365454,-0.366988,3.14159,3.14466,1.5708,1.56466,-1.30235,-1.29315,
106991,0.200951,0.200951,-0.0756621,-0.078233,1.84114,1.83961,-0.365454,-0.366988,3.14159,3.14466,1.5708,1.56466,-1.30235,-1.29315,
107011,0.200951,0.200951,-0.0756621,-0.078233,1.84114,1.83961,-0.365454,-0.366988,3.14159,3.14466,1.5708,1.56466,-1.30235,-1.29315,
107031,0.200951,0.200951,-0.0756621,-0.078233,1.84114,1.83961,-0.365454,-0.366988,3.14159,3.14466,1.5708,1.56619,-1.30235,-1.29315,
107051,0.200951,0.200951,-0.0756621,-0.078233,1.84114,1.83961,-0.365454,-0.366988,3.14159,3.14466,1.5708,1.56619,-1.30235,-1.29315,
107071,0.200951,0.200951,-0.0756621,-0.078233,1.84114,1.83961,-0.365454,-0.366988,3.14159,3.14466,1.5708,1.56619,-1.30235,-1.29315,
107091,0.200951,0.200951,-0.0756621,-0.078233,1.84114,1.83961,-0.365454,-0.366988,3.14159,3.14466,1.5708,1.56619,-1.30235,-1.29315,
107111,0.200951,0.200951,-0.0756621,-0.078233,1.84114,1.83961,-0.365454,-0.366988,3.14159,3.14466,1.5708,1.56619,-1.30235,-1.29315,
107131,0.200951,0.200951,-0.0756621,-0.078233,1.84114,1.83961,-0.365454,-0.366988,3.14159,3.14466,1.5708,1.56619,-1.30235,-1.29315,
107151,0.200951,0.200951,-0.0756621,-0.078233,1.84114,1.83961,-0.365454,-0.366988,3.14159,3.14466,1.5708,1.56619,-1.30235,-1.29315,
107171,0.200951,0.200951,-0.0756621,-0.078233,1.84114,1.83961,-0.365454,-0.366988,3.14159,3.14466,1.5708,1.56619,-1.30235,-1.29315,
107191,0.200951,0.200951,-0.0756621,-0.078233,1.84114,1.83961,-0.365454,-0.366988,3.14159,3.14466,1.5708,1.56619,-1.30235,-1.29315,
107211,0.200951,0.200951,-0.0756621,-0.078233,1.84114,1.83961,-0.365454,-0.366988,3.14159,3.14466,1.5708,1.56466,-1.30235,-1.29315,
107231,0.200951,0.200951,-0.0756621,-0.078233,1.84114,1.83961,-0.365454,-0.366988,3.14159,3.14466,1.5708,1.56466,-1.30235,-1.29315,
107251,0.200951,0.200951,-0.0756621,-0.078233,1.84114,1.83961,-0.365454,-0.366988,3.14159,3.14466,1.5708,1.56466,-1.30235,-1.29315,
107271,0.200951,0.200951,-0.0756621,-0.078233,1.84114,1.83961,-0.365454,-0.366988,3.14159,3.14466,1.5708,1.56466,-1.30235,-1.29315,
107291,0.200951,0.200951,-0.0756621,-0.078233,1.84114,1.83961,-0.365454,-0.366988,3.14159,3.14466,1.5708,1.56466,-1.30235,-1.29315,
107311,0.200951,0.200951,-0.0756621,-0.078233,1.84114,1.84114,-0.365454,-0.366988,3.14159,3.14466,1.5708,1.56619,-1.30235,-1.29315,
107331,0.200951,0.200951,-0.0756621,-0.078233,1.84114,1.84114,-0.365454,-0.366988,3.14159,3.14466,1.5708,1.56619,-1.30235,-1.29315,
107351,0.200951,0.200951,-0.0756621,-0.078233,1.84114,1.84114,-0.365454,-0.366988,3.14159,3.14466,1.5708,1.56619,-1.30235,-1.29315,
107371,0.200951,0.200951,-0.0756621,-0.078233,1.84114,1.84114,-0.365454,-0.366988,3.14159,3.14466,1.5708,1.56619,-1.30235,-1.29315,
107391,0.200951,0.200951,-0.0756621,-0.078233,1.84114,1.84114,-0.365454,-0.366988,3.14159,3.14466,1.5708,1.56619,-1.30235,-1.29315,
107411,0.200951,0.200951,-0.0756621,-0.078233,1.84114,1.83961,-0.365454,-0.366988,3.14159,3.14466,1.5708,1.56619,-1.30235,-1.29315,
107431,0.200951,0.200951,-0.0756621,-0.078233,1.84114,1.83961,-0.365454,-0.366988,3.14159,3.14466,1.5708,1.56619,-1.30235,-1.29315,
107451,0.200951,0.200951,-0.0756621,-0.078233,1.84114,1.83961,-0.365454,-0.366988,3.14159,3.14466,1.5708,1.56619,-1.30235,-1.29315,
107471,0.200951,0.200951,-0.0756621,-0.078233,1.84114,1.83961,-0.365454,-0.366988,3.14159,3.14466,1.5708,1.56619,-1.30235,-1.29315,
107491,0.200951,0.200951,-0.0756621,-0.078233,1.84114,1.83961,-0.365454,-0.366988,3.14159,3.14466,1.5708,1.56619,-1.30235,-1.29315,
107511,0.200951,0.200951,-0.0756621,-0.078233,1.84114,1.83961,-0.365454,-0.366988,3.14159,3.14466,1.5708,1.56619,-1.30235,-1.29315,
107531,0.200951,0.200951,-0.0756621,-0.078233,1.84114,1.83961,-0.365454,-0.365454,3.14159,3.14466,1.5708,1.56619,-1.30235,-1.29315,
107551,0.200951,0.200951,-0.0756621,-0.078233,1.84114,1.83961,-0.365454,-0.365454,3.14159,3.14466,1.5708,1.56619,-1.30235,-1.29315,
107571,0.200951,0.200951,-0.0756621,-0.078233,1.84114,1.83961,-0.365454,-0.365454,3.14159,3.14466,1.5708,1.56619,-1.30235,-1.29315,
107591,0.200951,0.200951,-0.0756621,-0.078233,1.84114,1.83961,-0.365454,-0.365454,3.14159,3.14466,1.5708,1.56619,-1.30235,-1.29315,
107611,0.200951,0.200951,-0.0756621,-0.078233,1.84114,1.84114,-0.365454,-0.366988,3.14159,3.14466,1.5708,1.56619,-1.30235,-1.29315,
107631,0.200951,0.200951,-0.0756621,-0.078233,1.84114,1.84114,-0.365454,-0.366988,3.14159,3.14466,1.5708,1.56619,-1.30235,-1.29315,
107651,0.200951,0.200951,-0.0756621,-0.078233,1.84114,1.84114,-0.365454,-0.366988,3.14159,3.14466,1.5708,1.56619,-1.30235,-1.29315,
107671,0.200951,0.200951,-0.0756621,-0.078233,1.84114,1.84114,-0.365454,-0.366988,3.14159,3.14466,1.5708,1.56619,-1.30235,-1.29315,
107691,0.200951,0.200951,-0.0756621,-0.078233,1.84114,1.84114,-0.365454,-0.366988,3.14159,3.14466,1.5708,1.56619,-1.30235,-1.29315,
107711,0.200951,0.200951,-0.0756621,-0.078233,1.84114,1.84114,-0.365454,-0.366988,3.14159,3.14466,1.5708,1.56619,-1.30235,-1.29315,
107731,0.200951,0.200951,-0.0756621,-0.078233,1.84114,1.83961,-0.365454,-0.366988,3.14159,3.14466,1.5708,1.56466,-1.30235,-1.29315,
107751,0.200951,0.200951,-0.0756621,-0.078233,1.84114,1.83961,-0.365454,-0.366988,3.14159,3.14466,1.5708,1.56466,-1.30235,-1.29315,
107771,0.200951,0.200951,-0.0756621,-0.078233,1.84114,1.83961,-0.365454,-0.366988,3.14159,3.14466,1.5708,1.56466,-1.30235,-1.29315,
107791,0.200951,0.200951,-0.0756621,-0.078233,1.84114,1.83961,-0.365454,-0.366988,3.14159,3.14466,1.5708,1.56466,-1.30235,-1.29315,
107811,0.200951,0.200951,-0.0756621,-0.078233,1.84114,1.83961,-0.365454,-0.365454,3.14159,3.14466,1.5708,1.56619,-1.30235,-1.29315,
107831,0.200951,0.200951,-0.0756621,-0.078233,1.84114,1.83961,-0.365454,-0.365454,3.14159,3.14466,1.5708,1.56619,-1.30235,-1.29315,
107851,0.200951,0.200951,-0.0756621,-0.078233,1.84114,1.83961,-0.365454,-0.365454,3.14159,3.14466,1.5708,1.56619,-1.30235,-1.29315,
107871,0.200951,0.200951,-0.0756621,-0.078233,1.84114,1.83961,-0.365454,-0.365454,3.14159,3.14466,1.5708,1.56619,-1.30235,-1.29315,
107891,0.200951,0.200951,-0.0756621,-0.078233,1.84114,1.83961,-0.365454,-0.365454,3.14159,3.14466,1.5708,1.56619,-1.30235,-1.29315,
107911,0.200951,0.200951,-0.0756621,-0.078233,1.84114,1.83961,-0.365454,-0.365454,3.14159,3.14466,1.5708,1.56619,-1.30235,-1.29315,
107931,0.200951,0.200951,-0.0756621,-0.078233,1.84114,1.83961,-0.365454,-0.366988,3.14159,3.14466,1.5708,1.56619,-1.30235,-1.29315,
107951,0.200951,0.200951,-0.0756621,-0.078233,1.84114,1.83961,-0.365454,-0.366988,3.14159,3.14466,1.5708,1.56619,-1.30235,-1.29315,
107971,0.200951,0.200951,-0.0756621,-0.078233,1.84114,1.83961,-0.365454,-0.366988,3.14159,3.14466,1.5708,1.56619,-1.30235,-1.29315,
107991,0.200951,0.200951,-0.0756621,-0.078233,1.84114,1.83961,-0.365454,-0.366988,3.14159,3.14466,1.5708,1.56619,-1.30235,-1.29315,
108011,0.200951,0.200951,-0.0756621,-0.078233,1.84114,1.83961,-0.365454,-0.366988,3.14159,3.14466,1.5708,1.56619,-1.30235,-1.29315,
108035,0.200951,0.200951,-0.0756621,-0.078233,1.84114,1.83961,-0.365454,-0.366988,3.14159,3.14466,1.5708,1.56619,-1.30235,-1.29315,
108051,0.200951,0.200951,-0.0756621,-0.078233,1.84114,1.83961,-0.365454,-0.366988,3.14159,3.14466,1.5708,1.56619,-1.30235,-1.29315,
108071,0.200951,0.200951,-0.0756621,-0.078233,1.84114,1.83961,-0.365454,-0.366988,3.14159,3.14466,1.5708,1.56619,-1.30235,-1.29315,
108091,0.200951,0.200951,-0.0756621,-0.078233,1.84114,1.83961,-0.365454,-0.366988,3.14159,3.14466,1.5708,1.56619,-1.30235,-1.29315,
108111,0.200951,0.200951,-0.0756621,-0.078233,1.84114,1.84114,-0.365454,-0.366988,3.14159,3.14466,1.5708,1.56619,-1.30235,-1.29315,
108131,0.200951,0.200951,-0.0756621,-0.078233,1.84114,1.84114,-0.365454,-0.366988,3.14159,3.14466,1.5708,1.56619,-1.30235,-1.29315,
108151,0.200951,0.200951,-0.0756621,-0.078233,1.84114,1.84114,-0.365454,-0.366988,3.14159,3.14466,1.5708,1.56619,-1.30235,-1.29315,
108171,0.200951,0.200951,-0.0756621,-0.078233,1.84114,1.84114,-0.365454,-0.366988,3.14159,3.14466,1.5708,1.56619,-1.30235,-1.29315,
108191,0.200951,0.200951,-0.0756621,-0.078233,1.84114,1.84114,-0.365454,-0.366988,3.14159,3.14466,1.5708,1.56619,-1.30235,-1.29315,
108211,0.200951,0.200951,-0.0756621,-0.078233,1.84114,1.83961,-0.365454,-0.366988,3.14159,3.14466,1.5708,1.56619,-1.30235,-1.29315,
108231,0.200951,0.200951,-0.0756621,-0.078233,1.84114,1.83961,-0.365454,-0.366988,3.14159,3.14466,1.5708,1.56619,-1.30235,-1.29315,
108251,0.200951,0.200951,-0.0756621,-0.078233,1.84114,1.83961,-0.365454,-0.366988,3.14159,3.14466,1.5708,1.56619,-1.30235,-1.29315,
108271,0.200951,0.200951,-0.0756621,-0.078233,1.84114,1.83961,-0.365454,-0.366988,3.14159,3.14466,1.5708,1.56619,-1.30235,-1.29315,
108291,0.200951,0.200951,-0.0756621,-0.078233,1.84114,1.83961,-0.365454,-0.366988,3.14159,3.14466,1.5708,1.56619,-1.30235,-1.29315,
108311,0.200951,0.200951,-0.0756621,-0.078233,1.84114,1.83961,-0.365454,-0.366988,3.14159,3.14466,1.5708,1.56619,-1.30235,-1.29315,
108331,0.200951,0.200951,-0.0756621,-0.078233,1.84114,1.84114,-0.365454,-0.366988,3.14159,3.14466,1.5708,1.56466,-1.30235,-1.29315,
108351,0.200951,0.200951,-0.0756621,-0.078233,1.84114,1.84114,-0.365454,-0.366988,3.14159,3.14466,1.5708,1.56466,-1.30235,-1.29315,
108371,0.200951,0.200951,-0.0756621,-0.078233,1.84114,1.84114,-0.365454,-0.366988,3.14159,3.14466,1.5708,1.56466,-1.30235,-1.29315,
108391,0.200951,0.200951,-0.0756621,-0.078233,1.84114,1.84114,-0.365454,-0.366988,3.14159,3.14466,1.5708,1.56466,-1.30235,-1.29315,
108411,0.200951,0.200951,-0.0756621,-0.078233,1.84114,1.84114,-0.365454,-0.366988,3.14159,3.14466,1.5708,1.56466,-1.30235,-1.29315,
108431,0.200951,0.200951,-0.0756621,-0.078233,1.84114,1.84114,-0.365454,-0.366988,3.14159,3.14466,1.5708,1.56619,-1.30235,-1.29315,
108451,0.200951,0.200951,-0.0756621,-0.078233,1.84114,1.84114,-0.365454,-0.366988,3.14159,3.14466,1.5708,1.56619,-1.30235,-1.29315,
108471,0.200951,0.200951,-0.0756621,-0.078233,1.84114,1.84114,-0.365454,-0.366988,3.14159,3.14466,1.5708,1.56619,-1.30235,-1.29315,
108491,0.200951,0.200951,-0.0756621,-0.078233,1.84114,1.84114,-0.365454,-0.366988,3.14159,3.14466,1.5708,1.56619,-1.30235,-1.29315,
108511,0.200951,0.200951,-0.0756621,-0.078233,1.84114,1.83961,-0.365454,-0.365454,3.14159,3.14466,1.5708,1.56619,-1.30235,-1.29315,
108531,0.200951,0.200951,-0.0756621,-0.078233,1.84114,1.83961,-0.365454,-0.365454,3.14159,3.14466,1.5708,1.56619,-1.30235,-1.29315,
108551,0.200951,0.200951,-0.0756621,-0.078233,1.84114,1.83961,-0.365454,-0.365454,3.14159,3.14466,1.5708,1.56619,-1.30235,-1.29315,
108571,0.200951,0.200951,-0.0756621,-0.078233,1.84114,1.83961,-0.365454,-0.365454,3.14159,3.14466,1.5708,1.56619,-1.30235,-1.29315,
108591,0.200951,0.200951,-0.0756621,-0.078233,1.84114,1.83961,-0.365454,-0.365454,3.14159,3.14466,1.5708,1.56619,-1.30235,-1.29315,
108611,0.200951,0.200951,-0.0756621,-0.078233,1.84114,1.83961,-0.365454,-0.366988,3.14159,3.14466,1.5708,1.56619,-1.30235,-1.29315,
108631,0.200951,0.200951,-0.0756621,-0.078233,1.84114,1.83961,-0.365454,-0.366988,3.14159,3.14466,1.5708,1.56619,-1.30235,-1.29315,
108651,0.200951,0.200951,-0.0756621,-0.078233,1.84114,1.83961,-0.365454,-0.366988,3.14159,3.14466,1.5708,1.56619,-1.30235,-1.29315,
108671,0.200951,0.200951,-0.0756621,-0.078233,1.84114,1.83961,-0.365454,-0.366988,3.14159,3.14466,1.5708,1.56619,-1.30235,-1.29315,
108691,0.200951,0.200951,-0.0756621,-0.078233,1.84114,1.83961,-0.365454,-0.366988,3.14159,3.14466,1.5708,1.56619,-1.30235,-1.29315,
108711,0.200951,0.200951,-0.0756621,-0.078233,1.84114,1.83961,-0.365454,-0.366988,3.14159,3.14466,1.5708,1.56619,-1.30235,-1.29315,
108731,0.200951,0.200951,-0.0756621,-0.078233,1.84114,1.83961,-0.365454,-0.366988,3.14159,3.14466,1.5708,1.56619,-1.30235,-1.29315,
108751,0.200951,0.200951,-0.0756621,-0.078233,1.84114,1.83961,-0.365454,-0.366988,3.14159,3.14466,1.5708,1.56619,-1.30235,-1.29315,
108771,0.200951,0.200951,-0.0756621,-0.078233,1.84114,1.83961,-0.365454,-0.366988,3.14159,3.14466,1.5708,1.56619,-1.30235,-1.29315,
108791,0.200951,0.200951,-0.0756621,-0.078233,1.84114,1.83961,-0.365454,-0.366988,3.14159,3.14466,1.5708,1.56619,-1.30235,-1.29315,
108811,0.200951,0.200951,-0.0756621,-0.078233,1.84114,1.83961,-0.365454,-0.366988,3.14159,3.14466,1.5708,1.56619,-1.30235,-1.29315,
108831,0.200951,0.200951,-0.0756621,-0.078233,1.84114,1.83961,-0.365454,-0.366988,3.14159,3.14466,1.5708,1.56619,-1.30235,-1.29315,
108851,0.200951,0.200951,-0.0756621,-0.078233,1.84114,1.83961,-0.365454,-0.366988,3.14159,3.14466,1.5708,1.56619,-1.30235,-1.29315,
108871,0.200951,0.200951,-0.0756621,-0.078233,1.84114,1.83961,-0.365454,-0.366988,3.14159,3.14466,1.5708,1.56619,-1.30235,-1.29315,
108891,0.200951,0.200951,-0.0756621,-0.078233,1.84114,1.83961,-0.365454,-0.366988,3.14159,3.14466,1.5708,1.56619,-1.30235,-1.29315,
108911,0.200951,0.200951,-0.0756621,-0.078233,1.84114,1.83961,-0.365454,-0.366988,3.14159,3.14466,1.5708,1.56466,-1.30235,-1.29315,
108931,0.200951,0.200951,-0.0756621,-0.078233,1.84114,1.83961,-0.365454,-0.366988,3.14159,3.14466,1.5708,1.56466,-1.30235,-1.29315,
108951,0.200951,0.200951,-0.0756621,-0.078233,1.84114,1.83961,-0.365454,-0.366988,3.14159,3.14466,1.5708,1.56466,-1.30235,-1.29315,
108971,0.200951,0.200951,-0.0756621,-0.078233,1.84114,1.83961,-0.365454,-0.366988,3.14159,3.14466,1.5708,1.56466,-1.30235,-1.29315,
108991,0.200951,0.200951,-0.0756621,-0.078233,1.84114,1.83961,-0.365454,-0.366988,3.14159,3.14466,1.5708,1.56466,-1.30235,-1.29315,
109011,0.200951,0.200951,-0.0756621,-0.078233,1.84114,1.83961,-0.365454,-0.366988,3.14159,3.14466,1.5708,1.56466,-1.30235,-1.29315,
109031,0.200951,0.200951,-0.0756621,-0.078233,1.84114,1.83961,-0.365454,-0.366988,3.14159,3.14466,1.5708,1.56466,-1.30235,-1.29315,
109051,0.200951,0.200951,-0.0756621,-0.078233,1.84114,1.83961,-0.365454,-0.366988,3.14159,3.14466,1.5708,1.56466,-1.30235,-1.29315,
109071,0.200951,0.200951,-0.0756621,-0.078233,1.84114,1.83961,-0.365454,-0.366988,3.14159,3.14466,1.5708,1.56466,-1.30235,-1.29315,
109091,0.200951,0.200951,-0.0756621,-0.078233,1.84114,1.83961,-0.365454,-0.366988,3.14159,3.14466,1.5708,1.56466,-1.30235,-1.29315,
109111,0.200951,0.200951,-0.0756621,-0.078233,1.84114,1.83961,-0.365454,-0.366988,3.14159,3.14466,1.5708,1.56466,-1.30235,-1.29315,
109131,0.200951,0.200951,-0.0756621,-0.078233,1.84114,1.83961,-0.365454,-0.366988,3.14159,3.14466,1.5708,1.56619,-1.30235,-1.29315,
109151,0.200951,0.200951,-0.0756621,-0.078233,1.84114,1.83961,-0.365454,-0.366988,3.14159,3.14466,1.5708,1.56619,-1.30235,-1.29315,
109171,0.200951,0.200951,-0.0756621,-0.078233,1.84114,1.83961,-0.365454,-0.366988,3.14159,3.14466,1.5708,1.56619,-1.30235,-1.29315,
109191,0.200951,0.200951,-0.0756621,-0.078233,1.84114,1.83961,-0.365454,-0.366988,3.14159,3.14466,1.5708,1.56619,-1.30235,-1.29315,
109211,0.200951,0.200951,-0.0756621,-0.078233,1.84114,1.83961,-0.365454,-0.366988,3.14159,3.14466,1.5708,1.56619,-1.30235,-1.29315,
109231,0.200951,0.200951,-0.0756621,-0.076699,1.84114,1.83961,-0.365454,-0.366988,3.14159,3.14466,1.5708,1.56466,-1.30235,-1.29315,
109251,0.200951,0.200951,-0.0756621,-0.076699,1.84114,1.83961,-0.365454,-0.366988,3.14159,3.14466,1.5708,1.56466,-1.30235,-1.29315,
109271,0.200951,0.200951,-0.0756621,-0.076699,1.84114,1.83961,-0.365454,-0.366988,3.14159,3.14466,1.5708,1.56466,-1.30235,-1.29315,
109291,0.200951,0.200951,-0.0756621,-0.076699,1.84114,1.83961,-0.365454,-0.366988,3.14159,3.14466,1.5708,1.56466,-1.30235,-1.29315,
109311,0.200951,0.200951,-0.0756621,-0.078233,1.84114,1.84114,-0.365454,-0.365454,3.14159,3.14466,1.5708,1.56466,-1.30235,-1.29315,
109331,0.200951,0.200951,-0.0756621,-0.078233,1.84114,1.84114,-0.365454,-0.365454,3.14159,3.14466,1.5708,1.56466,-1.30235,-1.29315,
109351,0.200951,0.200951,-0.0756621,-0.078233,1.84114,1.84114,-0.365454,-0.365454,3.14159,3.14466,1.5708,1.56466,-1.30235,-1.29315,
109371,0.200951,0.200951,-0.0756621,-0.078233,1.84114,1.84114,-0.365454,-0.365454,3.14159,3.14466,1.5708,1.56466,-1.30235,-1.29315,
109391,0.200951,0.200951,-0.0756621,-0.078233,1.84114,1.84114,-0.365454,-0.365454,3.14159,3.14466,1.5708,1.56466,-1.30235,-1.29315,
109411,0.200951,0.200951,-0.0756621,-0.078233,1.84114,1.83961,-0.365454,-0.366988,3.14159,3.14466,1.5708,1.56619,-1.30235,-1.29315,
109431,0.200951,0.200951,-0.0756621,-0.078233,1.84114,1.83961,-0.365454,-0.366988,3.14159,3.14466,1.5708,1.56619,-1.30235,-1.29315,
109451,0.200951,0.200951,-0.0756621,-0.078233,1.84114,1.83961,-0.365454,-0.366988,3.14159,3.14466,1.5708,1.56619,-1.30235,-1.29315,
109471,0.200951,0.200951,-0.0756621,-0.078233,1.84114,1.83961,-0.365454,-0.366988,3.14159,3.14466,1.5708,1.56619,-1.30235,-1.29315,
109491,0.200951,0.200951,-0.0756621,-0.078233,1.84114,1.83961,-0.365454,-0.366988,3.14159,3.14466,1.5708,1.56619,-1.30235,-1.29315,
109511,0.200951,0.200951,-0.0756621,-0.078233,1.84114,1.83961,-0.365454,-0.366988,3.14159,3.14466,1.5708,1.56619,-1.30235,-1.29315,
109531,0.200951,0.200951,-0.0756621,-0.078233,1.84114,1.83961,-0.365454,-0.366988,3.14159,3.14466,1.5708,1.56619,-1.30235,-1.29315,
109551,0.200951,0.200951,-0.0756621,-0.078233,1.84114,1.84114,-0.365454,-0.366988,3.14159,3.14466,1.5708,1.56619,-1.30235,-1.29315,
109571,0.200951,0.200951,-0.0756621,-0.078233,1.84114,1.84114,-0.365454,-0.366988,3.14159,3.14466,1.5708,1.56619,-1.30235,-1.29315,
109591,0.200951,0.200951,-0.0756621,-0.078233,1.84114,1.84114,-0.365454,-0.366988,3.14159,3.14466,1.5708,1.56619,-1.30235,-1.29315,
109611,0.200951,0.200951,-0.0756621,-0.078233,1.84114,1.84114,-0.365454,-0.366988,3.14159,3.14466,1.5708,1.56466,-1.30235,-1.29315,
109631,0.200951,0.200951,-0.0756621,-0.078233,1.84114,1.84114,-0.365454,-0.366988,3.14159,3.14466,1.5708,1.56466,-1.30235,-1.29315,
109651,0.200951,0.200951,-0.0756621,-0.078233,1.84114,1.84114,-0.365454,-0.366988,3.14159,3.14466,1.5708,1.56466,-1.30235,-1.29315,
109671,0.200951,0.200951,-0.0756621,-0.078233,1.84114,1.84114,-0.365454,-0.366988,3.14159,3.14466,1.5708,1.56466,-1.30235,-1.29315,
109691,0.200951,0.200951,-0.0756621,-0.078233,1.84114,1.84114,-0.365454,-0.366988,3.14159,3.14466,1.5708,1.56466,-1.30235,-1.29315,
109711,0.200951,0.200951,-0.0756621,-0.078233,1.84114,1.84114,-0.365454,-0.366988,3.14159,3.14466,1.5708,1.56466,-1.30235,-1.29315,
109731,0.200951,0.200951,-0.0756621,-0.078233,1.84114,1.84114,-0.365454,-0.366988,3.14159,3.14466,1.5708,1.56466,-1.30235,-1.29315,
109751,0.200951,0.200951,-0.0756621,-0.078233,1.84114,1.84114,-0.365454,-0.366988,3.14159,3.14466,1.5708,1.56466,-1.30235,-1.29315,
109771,0.200951,0.200951,-0.0756621,-0.078233,1.84114,1.84114,-0.365454,-0.366988,3.14159,3.14466,1.5708,1.56466,-1.30235,-1.29315,
109791,0.200951,0.200951,-0.0756621,-0.078233,1.84114,1.84114,-0.365454,-0.366988,3.14159,3.14466,1.5708,1.56466,-1.30235,-1.29315,
109811,0.200951,0.200951,-0.0756621,-0.078233,1.84114,1.84114,-0.365454,-0.365454,3.14159,3.14466,1.5708,1.56619,-1.30235,-1.29315,
109831,0.200951,0.200951,-0.0756621,-0.078233,1.84114,1.84114,-0.365454,-0.365454,3.14159,3.14466,1.5708,1.56619,-1.30235,-1.29315,
109851,0.200951,0.200951,-0.0756621,-0.078233,1.84114,1.84114,-0.365454,-0.365454,3.14159,3.14466,1.5708,1.56619,-1.30235,-1.29315,
109871,0.200951,0.200951,-0.0756621,-0.078233,1.84114,1.84114,-0.365454,-0.365454,3.14159,3.14466,1.5708,1.56619,-1.30235,-1.29315,
109891,0.200951,0.200951,-0.0756621,-0.078233,1.84114,1.84114,-0.365454,-0.365454,3.14159,3.14466,1.5708,1.56619,-1.30235,-1.29315,
109911,0.200951,0.200951,-0.0756621,-0.078233,1.84114,1.84114,-0.365454,-0.365454,3.14159,3.14466,1.5708,1.56619,-1.30235,-1.29315,
109931,0.200951,0.200951,-0.0756621,-0.076699,1.84114,1.84114,-0.365454,-0.366988,3.14159,3.14466,1.5708,1.56466,-1.30235,-1.29315,
109951,0.200951,0.200951,-0.0756621,-0.076699,1.84114,1.84114,-0.365454,-0.366988,3.14159,3.14466,1.5708,1.56466,-1.30235,-1.29315,
109971,0.200951,0.200951,-0.0756621,-0.076699,1.84114,1.84114,-0.365454,-0.366988,3.14159,3.14466,1.5708,1.56466,-1.30235,-1.29315,
109991,0.200951,0.200951,-0.0756621,-0.076699,1.84114,1.84114,-0.365454,-0.366988,3.14159,3.14466,1.5708,1.56466,-1.30235,-1.29315,
110011,0.200951,0.200951,-0.0756621,-0.076699,1.84114,1.83961,-0.365454,-0.366988,3.14159,3.14466,1.5708,1.56466,-1.30235,-1.29315,
110031,0.200951,0.200951,-0.0756621,-0.076699,1.84114,1.83961,-0.365454,-0.366988,3.14159,3.14466,1.5708,1.56466,-1.30235,-1.29315,
110051,0.200951,0.200951,-0.0756621,-0.076699,1.84114,1.83961,-0.365454,-0.366988,3.14159,3.14466,1.5708,1.56466,-1.30235,-1.29315,
110071,0.200951,0.200951,-0.0756621,-0.076699,1.84114,1.83961,-0.365454,-0.366988,3.14159,3.14466,1.5708,1.56466,-1.30235,-1.29315,
110091,0.200951,0.200951,-0.0756621,-0.076699,1.84114,1.83961,-0.365454,-0.366988,3.14159,3.14466,1.5708,1.56466,-1.30235,-1.29315,
110111,0.200951,0.200951,-0.0756621,-0.076699,1.84114,1.83961,-0.365454,-0.366988,3.14159,3.14466,1.5708,1.56466,-1.30235,-1.29315,
110131,0.200951,0.200951,-0.0756621,-0.076699,1.84114,1.83961,-0.365454,-0.366988,3.14159,3.14466,1.5708,1.56466,-1.30235,-1.29315,
110151,0.200951,0.200951,-0.0756621,-0.076699,1.84114,1.83961,-0.365454,-0.366988,3.14159,3.14466,1.5708,1.56466,-1.30235,-1.29315,
110171,0.200951,0.200951,-0.0756621,-0.076699,1.84114,1.83961,-0.365454,-0.366988,3.14159,3.14466,1.5708,1.56466,-1.30235,-1.29315,
110191,0.200951,0.200951,-0.0756621,-0.076699,1.84114,1.83961,-0.365454,-0.366988,3.14159,3.14466,1.5708,1.56466,-1.30235,-1.29315,
110211,0.200951,0.200951,-0.0756621,-0.076699,1.84114,1.83961,-0.365454,-0.365454,3.14159,3.14466,1.5708,1.56466,-1.30235,-1.29315,
110231,0.200951,0.200951,-0.0756621,-0.076699,1.84114,1.83961,-0.365454,-0.365454,3.14159,3.14466,1.5708,1.56466,-1.30235,-1.29315,
110251,0.200951,0.200951,-0.0756621,-0.076699,1.84114,1.83961,-0.365454,-0.365454,3.14159,3.14466,1.5708,1.56466,-1.30235,-1.29315,
110271,0.200951,0.200951,-0.0756621,-0.076699,1.84114,1.83961,-0.365454,-0.365454,3.14159,3.14466,1.5708,1.56466,-1.30235,-1.29315,
110291,0.200951,0.200951,-0.0756621,-0.076699,1.84114,1.83961,-0.365454,-0.365454,3.14159,3.14466,1.5708,1.56466,-1.30235,-1.29315,
110311,0.200951,0.200951,-0.0756621,-0.076699,1.84114,1.83961,-0.365454,-0.365454,3.14159,3.14466,1.5708,1.56466,-1.30235,-1.29315,
110331,0.200951,0.200951,-0.0756621,-0.076699,1.84114,1.84114,-0.365454,-0.366988,3.14159,3.14466,1.5708,1.56466,-1.30235,-1.29315,
110351,0.200951,0.200951,-0.0756621,-0.076699,1.84114,1.84114,-0.365454,-0.366988,3.14159,3.14466,1.5708,1.56466,-1.30235,-1.29315,
110371,0.200951,0.200951,-0.0756621,-0.076699,1.84114,1.84114,-0.365454,-0.366988,3.14159,3.14466,1.5708,1.56466,-1.30235,-1.29315,
110391,0.200951,0.200951,-0.0756621,-0.076699,1.84114,1.84114,-0.365454,-0.366988,3.14159,3.14466,1.5708,1.56466,-1.30235,-1.29315,
110411,0.200951,0.200951,-0.0756621,-0.076699,1.84114,1.84114,-0.365454,-0.366988,3.14159,3.14466,1.5708,1.56466,-1.30235,-1.29315,
110431,0.200951,0.200951,-0.0756621,-0.076699,1.84114,1.84114,-0.365454,-0.365454,3.14159,3.14466,1.5708,1.56466,-1.30235,-1.29315,
110451,0.200951,0.200951,-0.0756621,-0.076699,1.84114,1.84114,-0.365454,-0.365454,3.14159,3.14466,1.5708,1.56466,-1.30235,-1.29315,
110471,0.200951,0.200951,-0.0756621,-0.076699,1.84114,1.84114,-0.365454,-0.365454,3.14159,3.14466,1.5708,1.56466,-1.30235,-1.29315,
110491,0.200951,0.200951,-0.0756621,-0.076699,1.84114,1.84114,-0.365454,-0.365454,3.14159,3.14466,1.5708,1.56466,-1.30235,-1.29315,
110511,0.200951,0.200951,-0.0756621,-0.076699,1.84114,1.84114,-0.365454,-0.366988,3.14159,3.14466,1.5708,1.56466,-1.30235,-1.29315,
110531,0.200951,0.200951,-0.0756621,-0.076699,1.84114,1.84114,-0.365454,-0.366988,3.14159,3.14466,1.5708,1.56466,-1.30235,-1.29315,
110551,0.200951,0.200951,-0.0756621,-0.076699,1.84114,1.84114,-0.365454,-0.366988,3.14159,3.14466,1.5708,1.56466,-1.30235,-1.29315,
110571,0.200951,0.200951,-0.0756621,-0.076699,1.84114,1.84114,-0.365454,-0.366988,3.14159,3.14466,1.5708,1.56466,-1.30235,-1.29315,
110591,0.200951,0.200951,-0.0756621,-0.076699,1.84114,1.84114,-0.365454,-0.366988,3.14159,3.14466,1.5708,1.56466,-1.30235,-1.29315,
110611,0.200951,0.200951,-0.0756621,-0.076699,1.84114,1.84114,-0.365454,-0.366988,3.14159,3.14466,1.5708,1.56466,-1.30235,-1.29315,
110631,0.200951,0.200951,-0.0756621,-0.076699,1.84114,1.83961,-0.365454,-0.366988,3.14159,3.14466,1.5708,1.56466,-1.30235,-1.29315,
110651,0.200951,0.200951,-0.0756621,-0.076699,1.84114,1.83961,-0.365454,-0.366988,3.14159,3.14466,1.5708,1.56466,-1.30235,-1.29315,
110671,0.200951,0.200951,-0.0756621,-0.076699,1.84114,1.83961,-0.365454,-0.366988,3.14159,3.14466,1.5708,1.56466,-1.30235,-1.29315,
110691,0.200951,0.200951,-0.0756621,-0.076699,1.84114,1.83961,-0.365454,-0.366988,3.14159,3.14466,1.5708,1.56466,-1.30235,-1.29315,
110711,0.200951,0.200951,-0.0756621,-0.076699,1.84114,1.83961,-0.365454,-0.366988,3.14159,3.14466,1.5708,1.56466,-1.30235,-1.29315,
110731,0.200951,0.200951,-0.0756621,-0.0751651,1.84114,1.84114,-0.365454,-0.365454,3.14159,3.14466,1.5708,1.56466,-1.30235,-1.29315,
110751,0.200951,0.200951,-0.0756621,-0.0751651,1.84114,1.84114,-0.365454,-0.365454,3.14159,3.14466,1.5708,1.56466,-1.30235,-1.29315,
110771,0.200951,0.200951,-0.0756621,-0.0751651,1.84114,1.84114,-0.365454,-0.365454,3.14159,3.14466,1.5708,1.56466,-1.30235,-1.29315,
110791,0.200951,0.200951,-0.0756621,-0.0751651,1.84114,1.84114,-0.365454,-0.365454,3.14159,3.14466,1.5708,1.56466,-1.30235,-1.29315,
110811,0.200951,0.200951,-0.0756621,-0.0751651,1.84114,1.84114,-0.365454,-0.365454,3.14159,3.14466,1.5708,1.56466,-1.30235,-1.29315,
110831,0.200951,0.200951,-0.0756621,-0.0751651,1.84114,1.83961,-0.365454,-0.365454,3.14159,3.14466,1.5708,1.56466,-1.30235,-1.29315,
110851,0.200951,0.200951,-0.0756621,-0.0751651,1.84114,1.83961,-0.365454,-0.365454,3.14159,3.14466,1.5708,1.56466,-1.30235,-1.29315,
110871,0.200951,0.200951,-0.0756621,-0.0751651,1.84114,1.83961,-0.365454,-0.365454,3.14159,3.14466,1.5708,1.56466,-1.30235,-1.29315,
110891,0.200951,0.200951,-0.0756621,-0.0751651,1.84114,1.83961,-0.365454,-0.365454,3.14159,3.14466,1.5708,1.56466,-1.30235,-1.29315,
110911,0.200951,0.200951,-0.0756621,-0.0751651,1.84114,1.84114,-0.365454,-0.365454,3.14159,3.14466,1.5708,1.56466,-1.30235,-1.29315,
110931,0.200951,0.200951,-0.0756621,-0.0751651,1.84114,1.84114,-0.365454,-0.365454,3.14159,3.14466,1.5708,1.56466,-1.30235,-1.29315,
110951,0.200951,0.200951,-0.0756621,-0.0751651,1.84114,1.84114,-0.365454,-0.365454,3.14159,3.14466,1.5708,1.56466,-1.30235,-1.29315,
110971,0.200951,0.200951,-0.0756621,-0.0751651,1.84114,1.84114,-0.365454,-0.365454,3.14159,3.14466,1.5708,1.56466,-1.30235,-1.29315,
110991,0.200951,0.200951,-0.0756621,-0.0751651,1.84114,1.84114,-0.365454,-0.365454,3.14159,3.14466,1.5708,1.56466,-1.30235,-1.29315,
111011,0.200951,0.200951,-0.0756621,-0.0751651,1.84114,1.84114,-0.365454,-0.365454,3.14159,3.14466,1.5708,1.56466,-1.30235,-1.29315,
111031,0.200951,0.200951,-0.0756621,-0.0751651,1.84114,1.83961,-0.365454,-0.366988,3.14159,3.14466,1.5708,1.56466,-1.30235,-1.29315,
111051,0.200951,0.200951,-0.0756621,-0.0751651,1.84114,1.83961,-0.365454,-0.366988,3.14159,3.14466,1.5708,1.56466,-1.30235,-1.29315,
111071,0.200951,0.200951,-0.0756621,-0.0751651,1.84114,1.83961,-0.365454,-0.366988,3.14159,3.14466,1.5708,1.56466,-1.30235,-1.29315,
111091,0.200951,0.200951,-0.0756621,-0.0751651,1.84114,1.83961,-0.365454,-0.366988,3.14159,3.14466,1.5708,1.56466,-1.30235,-1.29315,
111111,0.200951,0.200951,-0.0756621,-0.0751651,1.84114,1.83961,-0.365454,-0.366988,3.14159,3.14466,1.5708,1.56466,-1.30235,-1.29315,
111131,0.200951,0.200951,-0.0756621,-0.0751651,1.84114,1.83961,-0.365454,-0.366988,3.14159,3.14466,1.5708,1.56466,-1.30235,-1.29315,
111151,0.200951,0.200951,-0.0756621,-0.0751651,1.84114,1.83961,-0.365454,-0.366988,3.14159,3.14466,1.5708,1.56466,-1.30235,-1.29315,
111171,0.200951,0.200951,-0.0756621,-0.0751651,1.84114,1.83961,-0.365454,-0.366988,3.14159,3.14466,1.5708,1.56466,-1.30235,-1.29315,
111191,0.200951,0.200951,-0.0756621,-0.0751651,1.84114,1.83961,-0.365454,-0.366988,3.14159,3.14466,1.5708,1.56466,-1.30235,-1.29315,
111211,0.200951,0.200951,-0.0756621,-0.0751651,1.84114,1.83961,-0.365454,-0.366988,3.14159,3.14466,1.5708,1.56466,-1.30235,-1.29315,
111231,0.200951,0.200951,-0.0756621,-0.0751651,1.84114,1.83961,-0.365454,-0.366988,3.14159,3.14466,1.5708,1.56466,-1.30235,-1.29315,
111251,0.200951,0.200951,-0.0756621,-0.0751651,1.84114,1.83961,-0.365454,-0.366988,3.14159,3.14466,1.5708,1.56466,-1.30235,-1.29315,
111271,0.200951,0.200951,-0.0756621,-0.0751651,1.84114,1.83961,-0.365454,-0.366988,3.14159,3.14466,1.5708,1.56466,-1.30235,-1.29315,
111291,0.200951,0.200951,-0.0756621,-0.0751651,1.84114,1.83961,-0.365454,-0.366988,3.14159,3.14466,1.5708,1.56466,-1.30235,-1.29315,
111311,0.200951,0.200951,-0.0756621,-0.0751651,1.84114,1.84114,-0.365454,-0.366988,3.14159,3.14466,1.5708,1.56466,-1.30235,-1.29315,
111331,0.200951,0.200951,-0.0756621,-0.0751651,1.84114,1.84114,-0.365454,-0.366988,3.14159,3.14466,1.5708,1.56466,-1.30235,-1.29315,
111351,0.200951,0.200951,-0.0756621,-0.0751651,1.84114,1.84114,-0.365454,-0.366988,3.14159,3.14466,1.5708,1.56466,-1.30235,-1.29315,
111371,0.200951,0.200951,-0.0756621,-0.0751651,1.84114,1.84114,-0.365454,-0.366988,3.14159,3.14466,1.5708,1.56466,-1.30235,-1.29315,
111391,0.200951,0.200951,-0.0756621,-0.0751651,1.84114,1.84114,-0.365454,-0.366988,3.14159,3.14466,1.5708,1.56466,-1.30235,-1.29315,
111411,0.200951,0.200951,-0.0756621,-0.0751651,1.84114,1.83961,-0.365454,-0.365454,3.14159,3.14466,1.5708,1.56466,-1.30235,-1.29315,
111431,0.200951,0.200951,-0.0756621,-0.0751651,1.84114,1.83961,-0.365454,-0.365454,3.14159,3.14466,1.5708,1.56466,-1.30235,-1.29315,
111451,0.200951,0.200951,-0.0756621,-0.0751651,1.84114,1.83961,-0.365454,-0.365454,3.14159,3.14466,1.5708,1.56466,-1.30235,-1.29315,
111471,0.200951,0.200951,-0.0756621,-0.0751651,1.84114,1.83961,-0.365454,-0.365454,3.14159,3.14466,1.5708,1.56466,-1.30235,-1.29315,
111491,0.200951,0.200951,-0.0756621,-0.0751651,1.84114,1.83961,-0.365454,-0.365454,3.14159,3.14466,1.5708,1.56466,-1.30235,-1.29315,
111511,0.200951,0.200951,-0.0756621,-0.0751651,1.84114,1.83961,-0.365454,-0.365454,3.14159,3.14466,1.5708,1.56466,-1.30235,-1.29315,
111531,0.200951,0.200951,-0.0756621,-0.0751651,1.84114,1.83961,-0.365454,-0.365454,3.14159,3.14466,1.5708,1.56466,-1.30235,-1.29315,
111551,0.200951,0.200951,-0.0756621,-0.0751651,1.84114,1.83961,-0.365454,-0.365454,3.14159,3.14466,1.5708,1.56466,-1.30235,-1.29315,
111571,0.200951,0.200951,-0.0756621,-0.0751651,1.84114,1.83961,-0.365454,-0.365454,3.14159,3.14466,1.5708,1.56466,-1.30235,-1.29315,
111591,0.200951,0.200951,-0.0756621,-0.0751651,1.84114,1.83961,-0.365454,-0.365454,3.14159,3.14466,1.5708,1.56466,-1.30235,-1.29315,
111611,0.200951,0.200951,-0.0756621,-0.0751651,1.84114,1.83961,-0.365454,-0.366988,3.14159,3.14466,1.5708,1.56466,-1.30235,-1.29315,
111631,0.200951,0.200951,-0.0756621,-0.0751651,1.84114,1.83961,-0.365454,-0.366988,3.14159,3.14466,1.5708,1.56466,-1.30235,-1.29315,
111651,0.200951,0.200951,-0.0756621,-0.0751651,1.84114,1.83961,-0.365454,-0.366988,3.14159,3.14466,1.5708,1.56466,-1.30235,-1.29315,
111671,0.200951,0.200951,-0.0756621,-0.0751651,1.84114,1.83961,-0.365454,-0.366988,3.14159,3.14466,1.5708,1.56466,-1.30235,-1.29315,
111691,0.200951,0.200951,-0.0756621,-0.0751651,1.84114,1.83961,-0.365454,-0.366988,3.14159,3.14466,1.5708,1.56466,-1.30235,-1.29315,
111711,0.200951,0.200951,-0.0756621,-0.0751651,1.84114,1.84114,-0.365454,-0.365454,3.14159,3.14466,1.5708,1.56466,-1.30235,-1.29315,
111731,0.200951,0.200951,-0.0756621,-0.0751651,1.84114,1.84114,-0.365454,-0.365454,3.14159,3.14466,1.5708,1.56466,-1.30235,-1.29315,
111751,0.200951,0.200951,-0.0756621,-0.0751651,1.84114,1.84114,-0.365454,-0.365454,3.14159,3.14466,1.5708,1.56466,-1.30235,-1.29315,
111771,0.200951,0.200951,-0.0756621,-0.0751651,1.84114,1.84114,-0.365454,-0.365454,3.14159,3.14466,1.5708,1.56466,-1.30235,-1.29315,
111791,0.200951,0.200951,-0.0756621,-0.0751651,1.84114,1.84114,-0.365454,-0.365454,3.14159,3.14466,1.5708,1.56466,-1.30235,-1.29315,
111811,0.200951,0.200951,-0.0756621,-0.0751651,1.84114,1.84114,-0.365454,-0.366988,3.14159,3.14466,1.5708,1.56466,-1.30235,-1.29315,
111831,0.200951,0.200951,-0.0756621,-0.0751651,1.84114,1.84114,-0.365454,-0.366988,3.14159,3.14466,1.5708,1.56466,-1.30235,-1.29315,
111851,0.200951,0.200951,-0.0756621,-0.0751651,1.84114,1.84114,-0.365454,-0.366988,3.14159,3.14466,1.5708,1.56466,-1.30235,-1.29315,
111871,0.200951,0.200951,-0.0756621,-0.0751651,1.84114,1.84114,-0.365454,-0.366988,3.14159,3.14466,1.5708,1.56466,-1.30235,-1.29315,
111891,0.200951,0.200951,-0.0756621,-0.0751651,1.84114,1.84114,-0.365454,-0.366988,3.14159,3.14466,1.5708,1.56466,-1.30235,-1.29315,
111911,0.200951,0.200951,-0.0756621,-0.0751651,1.84114,1.84114,-0.365454,-0.366988,3.14159,3.14466,1.5708,1.56466,-1.30235,-1.29315,
111931,0.200951,0.200951,-0.0756621,-0.0751651,1.84114,1.84114,-0.365454,-0.366988,3.14159,3.14466,1.5708,1.56466,-1.30235,-1.29315,
111951,0.200951,0.200951,-0.0756621,-0.0751651,1.84114,1.84114,-0.365454,-0.366988,3.14159,3.14466,1.5708,1.56466,-1.30235,-1.29315,
111971,0.200951,0.200951,-0.0756621,-0.0751651,1.84114,1.84114,-0.365454,-0.366988,3.14159,3.14466,1.5708,1.56466,-1.30235,-1.29315,
111991,0.200951,0.200951,-0.0756621,-0.0751651,1.84114,1.84114,-0.365454,-0.366988,3.14159,3.14466,1.5708,1.56466,-1.30235,-1.29315,
112011,0.200951,0.200951,-0.0756621,-0.0751651,1.84114,1.84114,-0.365454,-0.366988,3.14159,3.14466,1.5708,1.56466,-1.30235,-1.29315,
112031,0.200951,0.200951,-0.0756621,-0.076699,1.84114,1.84114,-0.365454,-0.366988,3.14159,3.14466,1.5708,1.56466,-1.30235,-1.29315,
112051,0.200951,0.200951,-0.0756621,-0.076699,1.84114,1.84114,-0.365454,-0.366988,3.14159,3.14466,1.5708,1.56466,-1.30235,-1.29315,
112071,0.200951,0.200951,-0.0756621,-0.076699,1.84114,1.84114,-0.365454,-0.366988,3.14159,3.14466,1.5708,1.56466,-1.30235,-1.29315,
112091,0.200951,0.200951,-0.0756621,-0.076699,1.84114,1.84114,-0.365454,-0.366988,3.14159,3.14466,1.5708,1.56466,-1.30235,-1.29315,
112111,0.200951,0.200951,-0.0756621,-0.0751651,1.84114,1.84114,-0.365454,-0.366988,3.14159,3.14466,1.5708,1.56466,-1.30235,-1.29315,
112131,0.200951,0.200951,-0.0756621,-0.0751651,1.84114,1.84114,-0.365454,-0.366988,3.14159,3.14466,1.5708,1.56466,-1.30235,-1.29315,
112151,0.200951,0.200951,-0.0756621,-0.0751651,1.84114,1.84114,-0.365454,-0.366988,3.14159,3.14466,1.5708,1.56466,-1.30235,-1.29315,
112171,0.200951,0.200951,-0.0756621,-0.0751651,1.84114,1.84114,-0.365454,-0.366988,3.14159,3.14466,1.5708,1.56466,-1.30235,-1.29315,
112191,0.200951,0.200951,-0.0756621,-0.0751651,1.84114,1.84114,-0.365454,-0.366988,3.14159,3.14466,1.5708,1.56466,-1.30235,-1.29315,
112211,0.200951,0.200951,-0.0756621,-0.0751651,1.84114,1.83961,-0.365454,-0.366988,3.14159,3.14466,1.5708,1.56466,-1.30235,-1.29315,
112231,0.200951,0.200951,-0.0756621,-0.0751651,1.84114,1.83961,-0.365454,-0.366988,3.14159,3.14466,1.5708,1.56466,-1.30235,-1.29315,
112251,0.200951,0.200951,-0.0756621,-0.0751651,1.84114,1.83961,-0.365454,-0.366988,3.14159,3.14466,1.5708,1.56466,-1.30235,-1.29315,
112271,0.200951,0.200951,-0.0756621,-0.0751651,1.84114,1.83961,-0.365454,-0.366988,3.14159,3.14466,1.5708,1.56466,-1.30235,-1.29315,
112291,0.200951,0.200951,-0.0756621,-0.0751651,1.84114,1.83961,-0.365454,-0.366988,3.14159,3.14466,1.5708,1.56466,-1.30235,-1.29315,
112311,0.200951,0.200951,-0.0756621,-0.0751651,1.84114,1.83961,-0.365454,-0.366988,3.14159,3.14466,1.5708,1.56466,-1.30235,-1.29315,
112331,0.200951,0.200951,-0.0756621,-0.0751651,1.84114,1.84114,-0.365454,-0.365454,3.14159,3.14466,1.5708,1.56466,-1.30235,-1.29315,
112351,0.200951,0.200951,-0.0756621,-0.0751651,1.84114,1.84114,-0.365454,-0.365454,3.14159,3.14466,1.5708,1.56466,-1.30235,-1.29315,
112371,0.200951,0.200951,-0.0756621,-0.0751651,1.84114,1.84114,-0.365454,-0.365454,3.14159,3.14466,1.5708,1.56466,-1.30235,-1.29315,
112391,0.200951,0.200951,-0.0756621,-0.0751651,1.84114,1.84114,-0.365454,-0.365454,3.14159,3.14466,1.5708,1.56466,-1.30235,-1.29315,
112411,0.200951,0.200951,-0.0756621,-0.0751651,1.84114,1.84114,-0.365454,-0.365454,3.14159,3.14466,1.5708,1.56466,-1.30235,-1.29315,
112431,0.200951,0.200951,-0.0756621,-0.0751651,1.84114,1.84114,-0.365454,-0.365454,3.14159,3.14466,1.5708,1.56466,-1.30235,-1.29315,
112451,0.200951,0.200951,-0.0756621,-0.0751651,1.84114,1.84114,-0.365454,-0.365454,3.14159,3.14466,1.5708,1.56466,-1.30235,-1.29315,
112471,0.200951,0.200951,-0.0756621,-0.0751651,1.84114,1.84114,-0.365454,-0.365454,3.14159,3.14466,1.5708,1.56466,-1.30235,-1.29315,
112491,0.200951,0.200951,-0.0756621,-0.0751651,1.84114,1.84114,-0.365454,-0.365454,3.14159,3.14466,1.5708,1.56466,-1.30235,-1.29315,
112511,0.200951,0.200951,-0.0756621,-0.0751651,1.84114,1.84114,-0.365454,-0.365454,3.14159,3.14466,1.5708,1.56466,-1.30235,-1.29315,
112531,0.200951,0.200951,-0.0756621,-0.0751651,1.84114,1.84114,-0.365454,-0.365454,3.14159,3.14466,1.5708,1.56466,-1.30235,-1.29315,
112551,0.200951,0.200951,-0.0756621,-0.0751651,1.84114,1.84114,-0.365454,-0.365454,3.14159,3.14466,1.5708,1.56466,-1.30235,-1.29315,
112571,0.200951,0.200951,-0.0756621,-0.0751651,1.84114,1.84114,-0.365454,-0.365454,3.14159,3.14466,1.5708,1.56466,-1.30235,-1.29315,
112591,0.200951,0.200951,-0.0756621,-0.0751651,1.84114,1.84114,-0.365454,-0.365454,3.14159,3.14466,1.5708,1.56466,-1.30235,-1.29315,
112611,0.200951,0.200951,-0.0756621,-0.0751651,1.84114,1.84114,-0.365454,-0.365454,3.14159,3.14466,1.5708,1.56466,-1.30235,-1.29315,
112631,0.200951,0.200951,-0.0756621,-0.0751651,1.84114,1.84114,-0.365454,-0.366988,3.14159,3.14466,1.5708,1.56466,-1.30235,-1.29315,
112651,0.200951,0.200951,-0.0756621,-0.0751651,1.84114,1.84114,-0.365454,-0.366988,3.14159,3.14466,1.5708,1.56466,-1.30235,-1.29315,
112671,0.200951,0.200951,-0.0756621,-0.0751651,1.84114,1.84114,-0.365454,-0.366988,3.14159,3.14466,1.5708,1.56466,-1.30235,-1.29315,
112691,0.200951,0.200951,-0.0756621,-0.0751651,1.84114,1.84114,-0.365454,-0.366988,3.14159,3.14466,1.5708,1.56466,-1.30235,-1.29315,
112711,0.200951,0.200951,-0.0756621,-0.0751651,1.84114,1.84114,-0.365454,-0.366988,3.14159,3.14466,1.5708,1.56466,-1.30235,-1.29315,
112731,0.200951,0.200951,-0.0756621,-0.0751651,1.84114,1.84114,-0.365454,-0.366988,3.14159,3.14466,1.5708,1.56466,-1.30235,-1.29315,
112751,0.200951,0.200951,-0.0756621,-0.0751651,1.84114,1.84114,-0.365454,-0.366988,3.14159,3.14466,1.5708,1.56466,-1.30235,-1.29315,
112771,0.200951,0.200951,-0.0756621,-0.0751651,1.84114,1.84114,-0.365454,-0.366988,3.14159,3.14466,1.5708,1.56466,-1.30235,-1.29315,
112791,0.200951,0.200951,-0.0756621,-0.0751651,1.84114,1.84114,-0.365454,-0.366988,3.14159,3.14466,1.5708,1.56466,-1.30235,-1.29315,
112811,0.200951,0.200951,-0.0756621,-0.0751651,1.84114,1.84114,-0.365454,-0.366988,3.14159,3.14466,1.5708,1.56466,-1.30235,-1.29315,
112831,0.200951,0.200951,-0.0756621,-0.0751651,1.84114,1.84114,-0.365454,-0.366988,3.14159,3.14466,1.5708,1.56466,-1.30235,-1.29315,
112851,0.200951,0.200951,-0.0756621,-0.0751651,1.84114,1.84114,-0.365454,-0.366988,3.14159,3.14466,1.5708,1.56466,-1.30235,-1.29315,
112871,0.200951,0.200951,-0.0756621,-0.0751651,1.84114,1.84114,-0.365454,-0.366988,3.14159,3.14466,1.5708,1.56466,-1.30235,-1.29315,
112891,0.200951,0.200951,-0.0756621,-0.0751651,1.84114,1.84114,-0.365454,-0.366988,3.14159,3.14466,1.5708,1.56466,-1.30235,-1.29315,
112911,0.200951,0.200951,-0.0756621,-0.0751651,1.84114,1.84114,-0.365454,-0.366988,3.14159,3.14466,1.5708,1.56466,-1.30235,-1.29315,
112931,0.200951,0.200951,-0.0756621,-0.0751651,1.84114,1.84114,-0.365454,-0.366988,3.14159,3.14466,1.5708,1.56466,-1.30235,-1.29315,
112951,0.200951,0.200951,-0.0756621,-0.0751651,1.84114,1.84114,-0.365454,-0.366988,3.14159,3.14466,1.5708,1.56466,-1.30235,-1.29315,
112971,0.200951,0.200951,-0.0756621,-0.0751651,1.84114,1.84114,-0.365454,-0.366988,3.14159,3.14466,1.5708,1.56466,-1.30235,-1.29315,
112991,0.200951,0.200951,-0.0756621,-0.0751651,1.84114,1.84114,-0.365454,-0.366988,3.14159,3.14466,1.5708,1.56466,-1.30235,-1.29315,
113011,0.200951,0.200951,-0.0756621,-0.0751651,1.84114,1.84114,-0.365454,-0.366988,3.14159,3.14466,1.5708,1.56466,-1.30235,-1.29315,
113031,0.200951,0.200951,-0.0756621,-0.0751651,1.84114,1.84114,-0.365454,-0.366988,3.14159,3.14466,1.5708,1.56466,-1.30235,-1.29315,
113051,0.200951,0.200951,-0.0756621,-0.0751651,1.84114,1.84114,-0.365454,-0.366988,3.14159,3.14466,1.5708,1.56466,-1.30235,-1.29315,
113071,0.200951,0.200951,-0.0756621,-0.0751651,1.84114,1.84114,-0.365454,-0.366988,3.14159,3.14466,1.5708,1.56466,-1.30235,-1.29315,
113091,0.200951,0.200951,-0.0756621,-0.0751651,1.84114,1.84114,-0.365454,-0.366988,3.14159,3.14466,1.5708,1.56466,-1.30235,-1.29315,
113111,0.200951,0.200951,-0.0756621,-0.0751651,1.84114,1.84114,-0.365454,-0.366988,3.14159,3.14466,1.5708,1.56466,-1.30235,-1.29315,
113131,0.200951,0.200951,-0.0756621,-0.0751651,1.84114,1.84114,-0.365454,-0.366988,3.14159,3.14466,1.5708,1.56466,-1.30235,-1.29315,
113153,0.200951,0.200951,-0.0756621,-0.0751651,1.84114,1.84114,-0.365454,-0.366988,3.14159,3.14466,1.5708,1.56466,-1.30235,-1.29315,
113171,0.200951,0.200951,-0.0756621,-0.0751651,1.84114,1.84114,-0.365454,-0.366988,3.14159,3.14466,1.5708,1.56466,-1.30235,-1.29315,
113191,0.200951,0.200951,-0.0756621,-0.0751651,1.84114,1.84114,-0.365454,-0.366988,3.14159,3.14466,1.5708,1.56466,-1.30235,-1.29315,
113211,0.200951,0.200951,-0.0756621,-0.0751651,1.84114,1.84114,-0.365454,-0.365454,3.14159,3.14466,1.5708,1.56466,-1.30235,-1.29315,
113231,0.200951,0.200951,-0.0756621,-0.0751651,1.84114,1.84114,-0.365454,-0.365454,3.14159,3.14466,1.5708,1.56466,-1.30235,-1.29315,
113251,0.200951,0.200951,-0.0756621,-0.0751651,1.84114,1.84114,-0.365454,-0.365454,3.14159,3.14466,1.5708,1.56466,-1.30235,-1.29315,
113271,0.200951,0.200951,-0.0756621,-0.0751651,1.84114,1.84114,-0.365454,-0.365454,3.14159,3.14466,1.5708,1.56466,-1.30235,-1.29315,
113291,0.200951,0.200951,-0.0756621,-0.0751651,1.84114,1.84114,-0.365454,-0.365454,3.14159,3.14466,1.5708,1.56466,-1.30235,-1.29315,
113311,0.200951,0.200951,-0.0756621,-0.0751651,1.84114,1.84114,-0.365454,-0.366988,3.14159,3.14466,1.5708,1.56466,-1.30235,-1.29315,
113331,0.200951,0.200951,-0.0756621,-0.0751651,1.84114,1.84114,-0.365454,-0.366988,3.14159,3.14466,1.5708,1.56466,-1.30235,-1.29315,
113351,0.200951,0.200951,-0.0756621,-0.0751651,1.84114,1.84114,-0.365454,-0.366988,3.14159,3.14466,1.5708,1.56466,-1.30235,-1.29315,
113371,0.200951,0.200951,-0.0756621,-0.0751651,1.84114,1.84114,-0.365454,-0.366988,3.14159,3.14466,1.5708,1.56466,-1.30235,-1.29315,
113391,0.200951,0.200951,-0.0756621,-0.0751651,1.84114,1.84114,-0.365454,-0.366988,3.14159,3.14466,1.5708,1.56466,-1.30235,-1.29315,
113411,0.200951,0.200951,-0.0756621,-0.0751651,1.84114,1.84114,-0.365454,-0.366988,3.14159,3.14466,1.5708,1.56466,-1.30235,-1.29315,
113431,0.200951,0.200951,-0.0756621,-0.0751651,1.84114,1.84114,-0.365454,-0.366988,3.14159,3.14466,1.5708,1.56466,-1.30235,-1.29315,
113451,0.200951,0.200951,-0.0756621,-0.0751651,1.84114,1.84114,-0.365454,-0.366988,3.14159,3.14466,1.5708,1.56466,-1.30235,-1.29315,
113471,0.200951,0.200951,-0.0756621,-0.0751651,1.84114,1.84114,-0.365454,-0.366988,3.14159,3.14466,1.5708,1.56466,-1.30235,-1.29315,
113491,0.200951,0.200951,-0.0756621,-0.0751651,1.84114,1.84114,-0.365454,-0.366988,3.14159,3.14466,1.5708,1.56466,-1.30235,-1.29315,
113511,0.200951,0.200951,-0.0756621,-0.0751651,1.84114,1.84114,-0.365454,-0.366988,3.14159,3.14466,1.5708,1.56466,-1.30235,-1.29315,
113531,0.200951,0.200951,-0.0756621,-0.0751651,1.84114,1.83961,-0.365454,-0.366988,3.14159,3.14466,1.5708,1.56466,-1.30235,-1.29315,
113551,0.200951,0.200951,-0.0756621,-0.0751651,1.84114,1.83961,-0.365454,-0.366988,3.14159,3.14466,1.5708,1.56466,-1.30235,-1.29315,
113571,0.200951,0.200951,-0.0756621,-0.0751651,1.84114,1.83961,-0.365454,-0.366988,3.14159,3.14466,1.5708,1.56466,-1.30235,-1.29315,
113591,0.200951,0.200951,-0.0756621,-0.0751651,1.84114,1.83961,-0.365454,-0.366988,3.14159,3.14466,1.5708,1.56466,-1.30235,-1.29315,
113611,0.200951,0.200951,-0.0756621,-0.0751651,1.84114,1.84114,-0.365454,-0.366988,3.14159,3.14466,1.5708,1.56466,-1.30235,-1.29315,
113631,0.200951,0.200951,-0.0756621,-0.0751651,1.84114,1.84114,-0.365454,-0.366988,3.14159,3.14466,1.5708,1.56466,-1.30235,-1.29315,
113651,0.200951,0.200951,-0.0756621,-0.0751651,1.84114,1.84114,-0.365454,-0.366988,3.14159,3.14466,1.5708,1.56466,-1.30235,-1.29315,
113671,0.200951,0.200951,-0.0756621,-0.0751651,1.84114,1.84114,-0.365454,-0.366988,3.14159,3.14466,1.5708,1.56466,-1.30235,-1.29315,
113691,0.200951,0.200951,-0.0756621,-0.0751651,1.84114,1.84114,-0.365454,-0.366988,3.14159,3.14466,1.5708,1.56466,-1.30235,-1.29315,
113711,0.200951,0.200951,-0.0756621,-0.0751651,1.84114,1.84114,-0.365454,-0.366988,3.14159,3.14466,1.5708,1.56466,-1.30235,-1.29315,
113731,0.200951,0.200951,-0.0756621,-0.0751651,1.84114,1.84114,-0.365454,-0.366988,3.14159,3.14466,1.5708,1.56466,-1.30235,-1.29315,
113751,0.200951,0.200951,-0.0756621,-0.0751651,1.84114,1.84114,-0.365454,-0.366988,3.14159,3.14466,1.5708,1.56466,-1.30235,-1.29315,
113771,0.200951,0.200951,-0.0756621,-0.0751651,1.84114,1.84114,-0.365454,-0.366988,3.14159,3.14466,1.5708,1.56466,-1.30235,-1.29315,
113791,0.200951,0.200951,-0.0756621,-0.0751651,1.84114,1.84114,-0.365454,-0.366988,3.14159,3.14466,1.5708,1.56466,-1.30235,-1.29315,
113811,0.200951,0.200951,-0.0756621,-0.0751651,1.84114,1.84114,-0.365454,-0.366988,3.14159,3.14466,1.5708,1.56466,-1.30235,-1.29315,
113831,0.200951,0.200951,-0.0756621,-0.0751651,1.84114,1.84114,-0.365454,-0.366988,3.14159,3.14466,1.5708,1.56466,-1.30235,-1.29315,
113851,0.200951,0.200951,-0.0756621,-0.0751651,1.84114,1.84114,-0.365454,-0.366988,3.14159,3.14466,1.5708,1.56466,-1.30235,-1.29315,
113871,0.200951,0.200951,-0.0756621,-0.0751651,1.84114,1.84114,-0.365454,-0.366988,3.14159,3.14466,1.5708,1.56466,-1.30235,-1.29315,
113891,0.200951,0.200951,-0.0756621,-0.0751651,1.84114,1.84114,-0.365454,-0.366988,3.14159,3.14466,1.5708,1.56466,-1.30235,-1.29315,
113911,0.200951,0.200951,-0.0756621,-0.0751651,1.84114,1.84114,-0.365454,-0.366988,3.14159,3.14466,1.5708,1.56466,-1.30235,-1.29315,
113931,0.200951,0.200951,-0.0756621,-0.0751651,1.84114,1.83961,-0.365454,-0.366988,3.14159,3.14466,1.5708,1.56466,-1.30235,-1.29315,
113951,0.200951,0.200951,-0.0756621,-0.0751651,1.84114,1.83961,-0.365454,-0.366988,3.14159,3.14466,1.5708,1.56466,-1.30235,-1.29315,
113971,0.200951,0.200951,-0.0756621,-0.0751651,1.84114,1.83961,-0.365454,-0.366988,3.14159,3.14466,1.5708,1.56466,-1.30235,-1.29315,
113991,0.200951,0.200951,-0.0756621,-0.0751651,1.84114,1.83961,-0.365454,-0.366988,3.14159,3.14466,1.5708,1.56466,-1.30235,-1.29315,
114011,0.200951,0.200951,-0.0756621,-0.0751651,1.84114,1.83961,-0.365454,-0.366988,3.14159,3.14466,1.5708,1.56466,-1.30235,-1.29315,
114031,0.200951,0.200951,-0.0756621,-0.0751651,1.84114,1.84114,-0.365454,-0.365454,3.14159,3.14466,1.5708,1.56466,-1.30235,-1.29315,
114051,0.200951,0.200951,-0.0756621,-0.0751651,1.84114,1.84114,-0.365454,-0.365454,3.14159,3.14466,1.5708,1.56466,-1.30235,-1.29315,
114071,0.200951,0.200951,-0.0756621,-0.0751651,1.84114,1.84114,-0.365454,-0.365454,3.14159,3.14466,1.5708,1.56466,-1.30235,-1.29315,
114091,0.200951,0.200951,-0.0756621,-0.0751651,1.84114,1.84114,-0.365454,-0.365454,3.14159,3.14466,1.5708,1.56466,-1.30235,-1.29315,
114111,0.200951,0.200951,-0.0756621,-0.0751651,1.84114,1.84114,-0.365454,-0.365454,3.14159,3.14466,1.5708,1.56466,-1.30235,-1.29315,
114131,0.200951,0.200951,-0.0756621,-0.0751651,1.84114,1.84114,-0.365454,-0.365454,3.14159,3.14466,1.5708,1.56466,-1.30235,-1.29315,
114151,0.200951,0.200951,-0.0756621,-0.0751651,1.84114,1.84114,-0.365454,-0.365454,3.14159,3.14466,1.5708,1.56466,-1.30235,-1.29315,
114171,0.200951,0.200951,-0.0756621,-0.0751651,1.84114,1.84114,-0.365454,-0.365454,3.14159,3.14466,1.5708,1.56466,-1.30235,-1.29315,
114191,0.200951,0.200951,-0.0756621,-0.0751651,1.84114,1.84114,-0.365454,-0.365454,3.14159,3.14466,1.5708,1.56466,-1.30235,-1.29315,
114211,0.200951,0.200951,-0.0756621,-0.076699,1.84114,1.84114,-0.365454,-0.366988,3.14159,3.14466,1.5708,1.56466,-1.30235,-1.29315,
114231,0.200951,0.200951,-0.0756621,-0.076699,1.84114,1.84114,-0.365454,-0.366988,3.14159,3.14466,1.5708,1.56466,-1.30235,-1.29315,
114251,0.200951,0.200951,-0.0756621,-0.076699,1.84114,1.84114,-0.365454,-0.366988,3.14159,3.14466,1.5708,1.56466,-1.30235,-1.29315,
114271,0.200951,0.200951,-0.0756621,-0.076699,1.84114,1.84114,-0.365454,-0.366988,3.14159,3.14466,1.5708,1.56466,-1.30235,-1.29315,
114291,0.200951,0.200951,-0.0756621,-0.076699,1.84114,1.84114,-0.365454,-0.366988,3.14159,3.14466,1.5708,1.56466,-1.30235,-1.29315,
114311,0.200951,0.200951,-0.0756621,-0.076699,1.84114,1.84114,-0.365454,-0.366988,3.14159,3.14466,1.5708,1.56466,-1.30235,-1.29315,
114331,0.200951,0.200951,-0.0756621,-0.0751651,1.84114,1.84114,-0.365454,-0.365454,3.14159,3.14466,1.5708,1.56466,-1.30235,-1.29315,
114351,0.200951,0.200951,-0.0756621,-0.0751651,1.84114,1.84114,-0.365454,-0.365454,3.14159,3.14466,1.5708,1.56466,-1.30235,-1.29315,
114371,0.200951,0.200951,-0.0756621,-0.0751651,1.84114,1.84114,-0.365454,-0.365454,3.14159,3.14466,1.5708,1.56466,-1.30235,-1.29315,
114391,0.200951,0.200951,-0.0756621,-0.0751651,1.84114,1.84114,-0.365454,-0.365454,3.14159,3.14466,1.5708,1.56466,-1.30235,-1.29315,
114411,0.200951,0.200951,-0.0756621,-0.0751651,1.84114,1.84114,-0.365454,-0.365454,3.14159,3.14466,1.5708,1.56466,-1.30235,-1.29315,
114431,0.200951,0.200951,-0.0756621,-0.0751651,1.84114,1.84114,-0.365454,-0.365454,3.14159,3.14466,1.5708,1.56466,-1.30235,-1.29315,
114451,0.200951,0.200951,-0.0756621,-0.0751651,1.84114,1.84114,-0.365454,-0.365454,3.14159,3.14466,1.5708,1.56466,-1.30235,-1.29315,
114471,0.200951,0.200951,-0.0756621,-0.0751651,1.84114,1.84114,-0.365454,-0.365454,3.14159,3.14466,1.5708,1.56466,-1.30235,-1.29315,
114491,0.200951,0.200951,-0.0756621,-0.0751651,1.84114,1.84114,-0.365454,-0.365454,3.14159,3.14466,1.5708,1.56466,-1.30235,-1.29315,
114511,0.200951,0.200951,-0.0756621,-0.0751651,1.84114,1.84114,-0.365454,-0.365454,3.14159,3.14466,1.5708,1.56466,-1.30235,-1.29315,
114531,0.200951,0.200951,-0.0756621,-0.0751651,1.84114,1.84114,-0.365454,-0.365454,3.14159,3.14466,1.5708,1.56466,-1.30235,-1.29315,
114551,0.200951,0.200951,-0.0756621,-0.0751651,1.84114,1.84114,-0.365454,-0.365454,3.14159,3.14466,1.5708,1.56466,-1.30235,-1.29315,
114571,0.200951,0.200951,-0.0756621,-0.0751651,1.84114,1.84114,-0.365454,-0.365454,3.14159,3.14466,1.5708,1.56466,-1.30235,-1.29315,
114591,0.200951,0.200951,-0.0756621,-0.0751651,1.84114,1.84114,-0.365454,-0.365454,3.14159,3.14466,1.5708,1.56466,-1.30235,-1.29315,
114611,0.200951,0.200951,-0.0756621,-0.0751651,1.84114,1.84114,-0.365454,-0.365454,3.14159,3.14466,1.5708,1.56466,-1.30235,-1.29315,
114631,0.200951,0.200951,-0.0756621,-0.0751651,1.84114,1.84114,-0.365454,-0.366988,3.14159,3.14466,1.5708,1.56466,-1.30235,-1.29315,
114651,0.200951,0.200951,-0.0756621,-0.0751651,1.84114,1.84114,-0.365454,-0.366988,3.14159,3.14466,1.5708,1.56466,-1.30235,-1.29315,
114671,0.200951,0.200951,-0.0756621,-0.0751651,1.84114,1.84114,-0.365454,-0.366988,3.14159,3.14466,1.5708,1.56466,-1.30235,-1.29315,
114691,0.200951,0.200951,-0.0756621,-0.0751651,1.84114,1.84114,-0.365454,-0.366988,3.14159,3.14466,1.5708,1.56466,-1.30235,-1.29315,
114711,0.200951,0.200951,-0.0756621,-0.0751651,1.84114,1.84114,-0.365454,-0.366988,3.14159,3.14466,1.5708,1.56466,-1.30235,-1.29315,
114731,0.200951,0.200951,-0.0756621,-0.0751651,1.84114,1.84114,-0.365454,-0.365454,3.14159,3.14466,1.5708,1.56466,-1.30235,-1.29315,
114751,0.200951,0.200951,-0.0756621,-0.0751651,1.84114,1.84114,-0.365454,-0.365454,3.14159,3.14466,1.5708,1.56466,-1.30235,-1.29315,
114771,0.200951,0.200951,-0.0756621,-0.0751651,1.84114,1.84114,-0.365454,-0.365454,3.14159,3.14466,1.5708,1.56466,-1.30235,-1.29315,
114791,0.200951,0.200951,-0.0756621,-0.0751651,1.84114,1.84114,-0.365454,-0.365454,3.14159,3.14466,1.5708,1.56466,-1.30235,-1.29315,
114811,0.200951,0.200951,-0.0756621,-0.0751651,1.84114,1.84114,-0.365454,-0.365454,3.14159,3.14466,1.5708,1.56466,-1.30235,-1.29315,
114831,0.200951,0.200951,-0.0756621,-0.0751651,1.84114,1.84114,-0.365454,-0.365454,3.14159,3.14466,1.5708,1.56466,-1.30235,-1.29315,
114851,0.200951,0.200951,-0.0756621,-0.0751651,1.84114,1.84114,-0.365454,-0.365454,3.14159,3.14466,1.5708,1.56466,-1.30235,-1.29315,
114871,0.200951,0.200951,-0.0756621,-0.0751651,1.84114,1.84114,-0.365454,-0.365454,3.14159,3.14466,1.5708,1.56466,-1.30235,-1.29315,
114891,0.200951,0.200951,-0.0756621,-0.0751651,1.84114,1.84114,-0.365454,-0.365454,3.14159,3.14466,1.5708,1.56466,-1.30235,-1.29315,
114911,0.200951,0.200951,-0.0756621,-0.0751651,1.84114,1.84114,-0.365454,-0.365454,3.14159,3.14466,1.5708,1.56466,-1.30235,-1.29315,
114931,0.200951,0.200951,-0.0756621,-0.0751651,1.84114,1.84114,-0.365454,-0.365454,3.14159,3.14466,1.5708,1.56466,-1.30235,-1.29315,
114951,0.200951,0.200951,-0.0756621,-0.0751651,1.84114,1.84114,-0.365454,-0.365454,3.14159,3.14466,1.5708,1.56466,-1.30235,-1.29315,
114971,0.200951,0.200951,-0.0756621,-0.0751651,1.84114,1.84114,-0.365454,-0.365454,3.14159,3.14466,1.5708,1.56466,-1.30235,-1.29315,
114991,0.200951,0.200951,-0.0756621,-0.0751651,1.84114,1.84114,-0.365454,-0.365454,3.14159,3.14466,1.5708,1.56466,-1.30235,-1.29315,
115011,0.200951,0.200951,-0.0756621,-0.0751651,1.84114,1.84114,-0.365454,-0.365454,3.14159,3.14466,1.5708,1.56466,-1.30235,-1.29315,
115031,0.200951,0.200951,-0.0756621,-0.0751651,1.84114,1.84114,-0.365454,-0.365454,3.14159,3.14619,1.5708,1.56466,-1.30235,-1.29315,
115051,0.200951,0.200951,-0.0756621,-0.0751651,1.84114,1.84114,-0.365454,-0.365454,3.14159,3.14619,1.5708,1.56466,-1.30235,-1.29315,
115071,0.200951,0.200951,-0.0756621,-0.0751651,1.84114,1.84114,-0.365454,-0.365454,3.14159,3.14619,1.5708,1.56466,-1.30235,-1.29315,
115091,0.200951,0.200951,-0.0756621,-0.0751651,1.84114,1.84114,-0.365454,-0.365454,3.14159,3.14619,1.5708,1.56466,-1.30235,-1.29315,
115111,0.200951,0.200951,-0.0756621,-0.0751651,1.84114,1.84114,-0.365454,-0.365454,3.14159,3.14619,1.5708,1.56466,-1.30235,-1.29315,
115131,0.200951,0.200951,-0.0756621,-0.0751651,1.84114,1.84114,-0.365454,-0.365454,3.14159,3.14466,1.5708,1.56466,-1.30235,-1.29315,
115151,0.200951,0.200951,-0.0756621,-0.0751651,1.84114,1.84114,-0.365454,-0.365454,3.14159,3.14466,1.5708,1.56466,-1.30235,-1.29315,
115171,0.200951,0.200951,-0.0756621,-0.0751651,1.84114,1.84114,-0.365454,-0.365454,3.14159,3.14466,1.5708,1.56466,-1.30235,-1.29315,
115191,0.200951,0.200951,-0.0756621,-0.0751651,1.84114,1.84114,-0.365454,-0.365454,3.14159,3.14466,1.5708,1.56466,-1.30235,-1.29315,
115211,0.200951,0.200951,-0.0756621,-0.0751651,1.84114,1.84114,-0.365454,-0.365454,3.14159,3.14466,1.5708,1.56466,-1.30235,-1.29315,
115231,0.200951,0.200951,-0.0756621,-0.0751651,1.84114,1.83961,-0.365454,-0.365454,3.14159,3.14619,1.5708,1.56466,-1.30235,-1.29315,
115251,0.200951,0.200951,-0.0756621,-0.0751651,1.84114,1.83961,-0.365454,-0.365454,3.14159,3.14619,1.5708,1.56466,-1.30235,-1.29315,
115271,0.200951,0.200951,-0.0756621,-0.0751651,1.84114,1.83961,-0.365454,-0.365454,3.14159,3.14619,1.5708,1.56466,-1.30235,-1.29315,
115291,0.200951,0.200951,-0.0756621,-0.0751651,1.84114,1.83961,-0.365454,-0.365454,3.14159,3.14619,1.5708,1.56466,-1.30235,-1.29315,
115311,0.200951,0.200951,-0.0756621,-0.0751651,1.84114,1.84114,-0.365454,-0.365454,3.14159,3.14466,1.5708,1.56466,-1.30235,-1.29315,
115331,0.200951,0.200951,-0.0756621,-0.0751651,1.84114,1.84114,-0.365454,-0.365454,3.14159,3.14466,1.5708,1.56466,-1.30235,-1.29315,
115351,0.200951,0.200951,-0.0756621,-0.0751651,1.84114,1.84114,-0.365454,-0.365454,3.14159,3.14466,1.5708,1.56466,-1.30235,-1.29315,
115371,0.200951,0.200951,-0.0756621,-0.0751651,1.84114,1.84114,-0.365454,-0.365454,3.14159,3.14466,1.5708,1.56466,-1.30235,-1.29315,
115391,0.200951,0.200951,-0.0756621,-0.0751651,1.84114,1.84114,-0.365454,-0.365454,3.14159,3.14466,1.5708,1.56466,-1.30235,-1.29315,
115411,0.200951,0.200951,-0.0756621,-0.0751651,1.84114,1.83961,-0.365454,-0.365454,3.14159,3.14466,1.5708,1.56466,-1.30235,-1.29315,
115431,0.200951,0.200951,-0.0756621,-0.0751651,1.84114,1.83961,-0.365454,-0.365454,3.14159,3.14466,1.5708,1.56466,-1.30235,-1.29315,
115451,0.200951,0.200951,-0.0756621,-0.0751651,1.84114,1.83961,-0.365454,-0.365454,3.14159,3.14466,1.5708,1.56466,-1.30235,-1.29315,
115471,0.200951,0.200951,-0.0756621,-0.0751651,1.84114,1.83961,-0.365454,-0.365454,3.14159,3.14466,1.5708,1.56466,-1.30235,-1.29315,
115491,0.200951,0.200951,-0.0756621,-0.0751651,1.84114,1.83961,-0.365454,-0.365454,3.14159,3.14466,1.5708,1.56466,-1.30235,-1.29315,
115511,0.200951,0.200951,-0.0756621,-0.0751651,1.84114,1.83961,-0.365454,-0.365454,3.14159,3.14466,1.5708,1.56466,-1.30235,-1.29315,
115531,0.200951,0.200951,-0.0756621,-0.0751651,1.84114,1.84114,-0.365454,-0.366988,3.14159,3.14619,1.5708,1.56466,-1.30235,-1.29315,
115551,0.200951,0.200951,-0.0756621,-0.0751651,1.84114,1.84114,-0.365454,-0.366988,3.14159,3.14619,1.5708,1.56466,-1.30235,-1.29315,
115571,0.200951,0.200951,-0.0756621,-0.0751651,1.84114,1.84114,-0.365454,-0.366988,3.14159,3.14619,1.5708,1.56466,-1.30235,-1.29315,
115591,0.200951,0.200951,-0.0756621,-0.0751651,1.84114,1.84114,-0.365454,-0.366988,3.14159,3.14619,1.5708,1.56466,-1.30235,-1.29315,
115611,0.200951,0.200951,-0.0756621,-0.0751651,1.84114,1.84114,-0.365454,-0.365454,3.14159,3.14466,1.5708,1.56466,-1.30235,-1.29315,
115631,0.200951,0.200951,-0.0756621,-0.0751651,1.84114,1.84114,-0.365454,-0.365454,3.14159,3.14466,1.5708,1.56466,-1.30235,-1.29315,
115651,0.200951,0.200951,-0.0756621,-0.0751651,1.84114,1.84114,-0.365454,-0.365454,3.14159,3.14466,1.5708,1.56466,-1.30235,-1.29315,
115671,0.200951,0.200951,-0.0756621,-0.0751651,1.84114,1.84114,-0.365454,-0.365454,3.14159,3.14466,1.5708,1.56466,-1.30235,-1.29315,
115691,0.200951,0.200951,-0.0756621,-0.0751651,1.84114,1.84114,-0.365454,-0.365454,3.14159,3.14466,1.5708,1.56466,-1.30235,-1.29315,
115711,0.200951,0.200951,-0.0756621,-0.0751651,1.84114,1.84114,-0.365454,-0.365454,3.14159,3.14466,1.5708,1.56466,-1.30235,-1.29315,
115731,0.200951,0.200951,-0.0756621,-0.0751651,1.84114,1.84114,-0.365454,-0.365454,3.14159,3.14466,1.5708,1.56466,-1.30235,-1.29315,
115751,0.200951,0.200951,-0.0756621,-0.0751651,1.84114,1.84114,-0.365454,-0.365454,3.14159,3.14466,1.5708,1.56466,-1.30235,-1.29315,
115771,0.200951,0.200951,-0.0756621,-0.0751651,1.84114,1.84114,-0.365454,-0.365454,3.14159,3.14466,1.5708,1.56466,-1.30235,-1.29315,
115791,0.200951,0.200951,-0.0756621,-0.0751651,1.84114,1.84114,-0.365454,-0.365454,3.14159,3.14466,1.5708,1.56466,-1.30235,-1.29315,
115811,0.200951,0.200951,-0.0756621,-0.0751651,1.84114,1.84114,-0.365454,-0.365454,3.14159,3.14466,1.5708,1.56466,-1.30235,-1.29315,
115831,0.200951,0.200951,-0.0756621,-0.0751651,1.84114,1.84114,-0.365454,-0.365454,3.14159,3.14466,1.5708,1.56466,-1.30235,-1.29315,
115851,0.200951,0.200951,-0.0756621,-0.0751651,1.84114,1.84114,-0.365454,-0.365454,3.14159,3.14466,1.5708,1.56466,-1.30235,-1.29315,
115871,0.200951,0.200951,-0.0756621,-0.0751651,1.84114,1.84114,-0.365454,-0.365454,3.14159,3.14466,1.5708,1.56466,-1.30235,-1.29315,
115891,0.200951,0.200951,-0.0756621,-0.0751651,1.84114,1.84114,-0.365454,-0.365454,3.14159,3.14466,1.5708,1.56466,-1.30235,-1.29315,
115911,0.200951,0.200951,-0.0756621,-0.0751651,1.84114,1.84114,-0.365454,-0.365454,3.14159,3.14466,1.5708,1.56466,-1.30235,-1.29315,
115931,0.200951,0.200951,-0.0756621,-0.076699,1.84114,1.84114,-0.365454,-0.365454,3.14159,3.14466,1.5708,1.56466,-1.30235,-1.29315,
115951,0.200951,0.200951,-0.0756621,-0.076699,1.84114,1.84114,-0.365454,-0.365454,3.14159,3.14466,1.5708,1.56466,-1.30235,-1.29315,
115971,0.200951,0.200951,-0.0756621,-0.076699,1.84114,1.84114,-0.365454,-0.365454,3.14159,3.14466,1.5708,1.56466,-1.30235,-1.29315,
115991,0.200951,0.200951,-0.0756621,-0.076699,1.84114,1.84114,-0.365454,-0.365454,3.14159,3.14466,1.5708,1.56466,-1.30235,-1.29315,
116011,0.200951,0.200951,-0.0756621,-0.076699,1.84114,1.84114,-0.365454,-0.365454,3.14159,3.14466,1.5708,1.56466,-1.30235,-1.29315,
116031,0.200951,0.200951,-0.0756621,-0.0751651,1.84114,1.84114,-0.365454,-0.366988,3.14159,3.14466,1.5708,1.56466,-1.30235,-1.29315,
116051,0.200951,0.200951,-0.0756621,-0.0751651,1.84114,1.84114,-0.365454,-0.366988,3.14159,3.14466,1.5708,1.56466,-1.30235,-1.29315,
116071,0.200951,0.200951,-0.0756621,-0.0751651,1.84114,1.84114,-0.365454,-0.366988,3.14159,3.14466,1.5708,1.56466,-1.30235,-1.29315,
116091,0.200951,0.200951,-0.0756621,-0.0751651,1.84114,1.84114,-0.365454,-0.366988,3.14159,3.14466,1.5708,1.56466,-1.30235,-1.29315,
116111,0.200951,0.200951,-0.0756621,-0.0751651,1.84114,1.84114,-0.365454,-0.366988,3.14159,3.14466,1.5708,1.56466,-1.30235,-1.29315,
116131,0.200951,0.200951,-0.0756621,-0.0751651,1.84114,1.84114,-0.365454,-0.366988,3.14159,3.14466,1.5708,1.56466,-1.30235,-1.29315,
116151,0.200951,0.200951,-0.0756621,-0.0751651,1.84114,1.84114,-0.365454,-0.366988,3.14159,3.14466,1.5708,1.56466,-1.30235,-1.29315,
116171,0.200951,0.200951,-0.0756621,-0.0751651,1.84114,1.84114,-0.365454,-0.366988,3.14159,3.14466,1.5708,1.56466,-1.30235,-1.29315,
116191,0.200951,0.200951,-0.0756621,-0.0751651,1.84114,1.84114,-0.365454,-0.366988,3.14159,3.14466,1.5708,1.56466,-1.30235,-1.29315,
116211,0.200951,0.200951,-0.0756621,-0.0751651,1.84114,1.84114,-0.365454,-0.366988,3.14159,3.14466,1.5708,1.56466,-1.30235,-1.29315,
116231,0.200951,0.200951,-0.0756621,-0.0751651,1.84114,1.84114,-0.365454,-0.365454,3.14159,3.14619,1.5708,1.56466,-1.30235,-1.29315,
116251,0.200951,0.200951,-0.0756621,-0.0751651,1.84114,1.84114,-0.365454,-0.365454,3.14159,3.14619,1.5708,1.56466,-1.30235,-1.29315,
116271,0.200951,0.200951,-0.0756621,-0.0751651,1.84114,1.84114,-0.365454,-0.365454,3.14159,3.14619,1.5708,1.56466,-1.30235,-1.29315,
116291,0.200951,0.200951,-0.0756621,-0.0751651,1.84114,1.84114,-0.365454,-0.365454,3.14159,3.14619,1.5708,1.56466,-1.30235,-1.29315,
116311,0.200951,0.200951,-0.0756621,-0.0751651,1.84114,1.84114,-0.365454,-0.365454,3.14159,3.14619,1.5708,1.56466,-1.30235,-1.29315,
116331,0.200951,0.200951,-0.0756621,-0.0751651,1.84114,1.84114,-0.365454,-0.365454,3.14159,3.14619,1.5708,1.56466,-1.30235,-1.29315,
116351,0.200951,0.200951,-0.0756621,-0.0751651,1.84114,1.84114,-0.365454,-0.365454,3.14159,3.14619,1.5708,1.56466,-1.30235,-1.29315,
116371,0.200951,0.200951,-0.0756621,-0.0751651,1.84114,1.84114,-0.365454,-0.365454,3.14159,3.14619,1.5708,1.56466,-1.30235,-1.29315,
116391,0.200951,0.200951,-0.0756621,-0.0751651,1.84114,1.84114,-0.365454,-0.365454,3.14159,3.14619,1.5708,1.56466,-1.30235,-1.29315,
116411,0.200951,0.200951,-0.0756621,-0.0751651,1.84114,1.84114,-0.365454,-0.365454,3.14159,3.14466,1.5708,1.56466,-1.30235,-1.29315,
116431,0.200951,0.200951,-0.0756621,-0.0751651,1.84114,1.84114,-0.365454,-0.365454,3.14159,3.14466,1.5708,1.56466,-1.30235,-1.29315,
116451,0.200951,0.200951,-0.0756621,-0.0751651,1.84114,1.84114,-0.365454,-0.365454,3.14159,3.14466,1.5708,1.56466,-1.30235,-1.29315,
116471,0.200951,0.200951,-0.0756621,-0.0751651,1.84114,1.84114,-0.365454,-0.365454,3.14159,3.14466,1.5708,1.56466,-1.30235,-1.29315,
116491,0.200951,0.200951,-0.0756621,-0.0751651,1.84114,1.84114,-0.365454,-0.365454,3.14159,3.14466,1.5708,1.56466,-1.30235,-1.29315,
116511,0.200951,0.200951,-0.0756621,-0.0751651,1.84114,1.83961,-0.365454,-0.365454,3.14159,3.14466,1.5708,1.56466,-1.30235,-1.29315,
116531,0.200951,0.200951,-0.0756621,-0.0751651,1.84114,1.83961,-0.365454,-0.365454,3.14159,3.14466,1.5708,1.56466,-1.30235,-1.29315,
116551,0.200951,0.200951,-0.0756621,-0.0751651,1.84114,1.83961,-0.365454,-0.365454,3.14159,3.14466,1.5708,1.56466,-1.30235,-1.29315,
116571,0.200951,0.200951,-0.0756621,-0.0751651,1.84114,1.83961,-0.365454,-0.365454,3.14159,3.14466,1.5708,1.56466,-1.30235,-1.29315,
116591,0.200951,0.200951,-0.0756621,-0.0751651,1.84114,1.83961,-0.365454,-0.365454,3.14159,3.14466,1.5708,1.56466,-1.30235,-1.29315,
116611,0.200951,0.200951,-0.0756621,-0.0751651,1.84114,1.83961,-0.365454,-0.365454,3.14159,3.14466,1.5708,1.56466,-1.30235,-1.29315,
116631,0.200951,0.200951,-0.0756621,-0.0751651,1.84114,1.84114,-0.365454,-0.366988,3.14159,3.14619,1.5708,1.56466,-1.30235,-1.29315,
116651,0.200951,0.200951,-0.0756621,-0.0751651,1.84114,1.84114,-0.365454,-0.366988,3.14159,3.14619,1.5708,1.56466,-1.30235,-1.29315,
116671,0.200951,0.200951,-0.0756621,-0.0751651,1.84114,1.84114,-0.365454,-0.366988,3.14159,3.14619,1.5708,1.56466,-1.30235,-1.29315,
116691,0.200951,0.200951,-0.0756621,-0.0751651,1.84114,1.84114,-0.365454,-0.366988,3.14159,3.14619,1.5708,1.56466,-1.30235,-1.29315,
116711,0.200951,0.200951,-0.0756621,-0.0751651,1.84114,1.84114,-0.365454,-0.366988,3.14159,3.14619,1.5708,1.56466,-1.30235,-1.29315,
116731,0.200951,0.200951,-0.0756621,-0.0751651,1.84114,1.84114,-0.365454,-0.366988,3.14159,3.14619,1.5708,1.56466,-1.30235,-1.29315,
116751,0.200951,0.200951,-0.0756621,-0.0751651,1.84114,1.84114,-0.365454,-0.366988,3.14159,3.14619,1.5708,1.56466,-1.30235,-1.29315,
116771,0.200951,0.200951,-0.0756621,-0.0751651,1.84114,1.84114,-0.365454,-0.366988,3.14159,3.14619,1.5708,1.56466,-1.30235,-1.29315,
116791,0.200951,0.200951,-0.0756621,-0.0751651,1.84114,1.84114,-0.365454,-0.366988,3.14159,3.14619,1.5708,1.56466,-1.30235,-1.29315,
116811,0.200951,0.200951,-0.0756621,-0.0751651,1.84114,1.84114,-0.365454,-0.366988,3.14159,3.14619,1.5708,1.56466,-1.30235,-1.29315,
116831,0.200951,0.200951,-0.0756621,-0.0751651,1.84114,1.84114,-0.365454,-0.365454,3.14159,3.14466,1.5708,1.56466,-1.30235,-1.29315,
116851,0.200951,0.200951,-0.0756621,-0.0751651,1.84114,1.84114,-0.365454,-0.365454,3.14159,3.14466,1.5708,1.56466,-1.30235,-1.29315,
116871,0.200951,0.200951,-0.0756621,-0.0751651,1.84114,1.84114,-0.365454,-0.365454,3.14159,3.14466,1.5708,1.56466,-1.30235,-1.29315,
116891,0.200951,0.200951,-0.0756621,-0.0751651,1.84114,1.84114,-0.365454,-0.365454,3.14159,3.14466,1.5708,1.56466,-1.30235,-1.29315,
116911,0.200951,0.200951,-0.0756621,-0.0751651,1.84114,1.84114,-0.365454,-0.365454,3.14159,3.14466,1.5708,1.56466,-1.30235,-1.29315,
116931,0.200951,0.200951,-0.0756621,-0.0751651,1.84114,1.84114,-0.365454,-0.365454,3.14159,3.14466,1.5708,1.56466,-1.30235,-1.29315,
116951,0.200951,0.200951,-0.0756621,-0.0751651,1.84114,1.84114,-0.365454,-0.365454,3.14159,3.14466,1.5708,1.56466,-1.30235,-1.29315,
116976,0.200951,0.200951,-0.0756621,-0.0751651,1.84114,1.84114,-0.365454,-0.365454,3.14159,3.14466,1.5708,1.56466,-1.30235,-1.29315,
116991,0.200951,0.200951,-0.0756621,-0.0751651,1.84114,1.84114,-0.365454,-0.365454,3.14159,3.14466,1.5708,1.56466,-1.30235,-1.29315,
117011,0.200951,0.200951,-0.0756621,-0.0751651,1.84114,1.84114,-0.365454,-0.365454,3.14159,3.14619,1.5708,1.56466,-1.30235,-1.29315,
117031,0.200951,0.200951,-0.0756621,-0.0751651,1.84114,1.84114,-0.365454,-0.365454,3.14159,3.14619,1.5708,1.56466,-1.30235,-1.29315,
117051,0.200951,0.200951,-0.0756621,-0.0751651,1.84114,1.84114,-0.365454,-0.365454,3.14159,3.14619,1.5708,1.56466,-1.30235,-1.29315,
117071,0.200951,0.200951,-0.0756621,-0.0751651,1.84114,1.84114,-0.365454,-0.365454,3.14159,3.14619,1.5708,1.56466,-1.30235,-1.29315,
117091,0.200951,0.200951,-0.0756621,-0.0751651,1.84114,1.84114,-0.365454,-0.365454,3.14159,3.14619,1.5708,1.56466,-1.30235,-1.29315,
117111,0.200951,0.200951,-0.0756621,-0.0751651,1.84114,1.84114,-0.365454,-0.365454,3.14159,3.14619,1.5708,1.56466,-1.30235,-1.29315,
117131,0.200951,0.200951,-0.0756621,-0.0751651,1.84114,1.84114,-0.365454,-0.365454,3.14159,3.14619,1.5708,1.56466,-1.30235,-1.29315,
117151,0.200951,0.200951,-0.0756621,-0.0751651,1.84114,1.84114,-0.365454,-0.365454,3.14159,3.14619,1.5708,1.56466,-1.30235,-1.29315,
117171,0.200951,0.200951,-0.0756621,-0.0751651,1.84114,1.84114,-0.365454,-0.365454,3.14159,3.14619,1.5708,1.56466,-1.30235,-1.29315,
117191,0.200951,0.200951,-0.0756621,-0.0751651,1.84114,1.84114,-0.365454,-0.365454,3.14159,3.14619,1.5708,1.56466,-1.30235,-1.29315,
117211,0.200951,0.202485,-0.0756621,-0.0751651,1.84114,1.84114,-0.365454,-0.365454,3.14159,3.14619,1.5708,1.56466,-1.30235,-1.29315,
117231,0.200951,0.202485,-0.0756621,-0.0751651,1.84114,1.84114,-0.365454,-0.365454,3.14159,3.14619,1.5708,1.56466,-1.30235,-1.29315,
117251,0.200951,0.202485,-0.0756621,-0.0751651,1.84114,1.84114,-0.365454,-0.365454,3.14159,3.14619,1.5708,1.56466,-1.30235,-1.29315,
117271,0.200951,0.202485,-0.0756621,-0.0751651,1.84114,1.84114,-0.365454,-0.365454,3.14159,3.14619,1.5708,1.56466,-1.30235,-1.29315,
117291,0.200951,0.202485,-0.0756621,-0.0751651,1.84114,1.84114,-0.365454,-0.365454,3.14159,3.14619,1.5708,1.56466,-1.30235,-1.29315,
117311,0.200951,0.202485,-0.0756621,-0.076699,1.84114,1.84114,-0.365454,-0.366988,3.14159,3.14466,1.5708,1.56466,-1.30235,-1.29315,
117331,0.200951,0.202485,-0.0756621,-0.076699,1.84114,1.84114,-0.365454,-0.366988,3.14159,3.14466,1.5708,1.56466,-1.30235,-1.29315,
117351,0.200951,0.202485,-0.0756621,-0.076699,1.84114,1.84114,-0.365454,-0.366988,3.14159,3.14466,1.5708,1.56466,-1.30235,-1.29315,
117371,0.200951,0.202485,-0.0756621,-0.076699,1.84114,1.84114,-0.365454,-0.366988,3.14159,3.14466,1.5708,1.56466,-1.30235,-1.29315,
117391,0.200951,0.202485,-0.0756621,-0.076699,1.84114,1.84114,-0.365454,-0.366988,3.14159,3.14466,1.5708,1.56466,-1.30235,-1.29315,
117411,0.200951,0.202485,-0.0756621,-0.076699,1.84114,1.84114,-0.365454,-0.366988,3.14159,3.14466,1.5708,1.56466,-1.30235,-1.29315,
117431,0.200951,0.200951,-0.0756621,-0.0751651,1.84114,1.84114,-0.365454,-0.36392,3.14159,3.14619,1.5708,1.56466,-1.30235,-1.29315,
117451,0.200951,0.200951,-0.0756621,-0.0751651,1.84114,1.84114,-0.365454,-0.36392,3.14159,3.14619,1.5708,1.56466,-1.30235,-1.29315,
117471,0.200951,0.200951,-0.0756621,-0.0751651,1.84114,1.84114,-0.365454,-0.36392,3.14159,3.14619,1.5708,1.56466,-1.30235,-1.29315,
117491,0.200951,0.200951,-0.0756621,-0.0751651,1.84114,1.84114,-0.365454,-0.36392,3.14159,3.14619,1.5708,1.56466,-1.30235,-1.29315,
117511,0.200951,0.200951,-0.0756621,-0.0751651,1.84114,1.84114,-0.365454,-0.36392,3.14159,3.14619,1.5708,1.56466,-1.30235,-1.29315,
117531,0.200951,0.200951,-0.0756621,-0.0751651,1.84114,1.84114,-0.365454,-0.35625,3.14159,3.14466,1.5708,1.56466,-1.30235,-1.29315,
117551,0.200951,0.200951,-0.0756621,-0.0751651,1.84114,1.84114,-0.365454,-0.35625,3.14159,3.14466,1.5708,1.56466,-1.30235,-1.29315,
117571,0.200951,0.200951,-0.0756621,-0.0751651,1.84114,1.84114,-0.365454,-0.35625,3.14159,3.14466,1.5708,1.56466,-1.30235,-1.29315,
117591,0.200951,0.200951,-0.0756621,-0.0751651,1.84114,1.84114,-0.365454,-0.35625,3.14159,3.14466,1.5708,1.56466,-1.30235,-1.29315,
117611,0.200951,0.200951,-0.0756621,-0.0751651,1.84114,1.84114,-0.365454,-0.35625,3.14159,3.14466,1.5708,1.56466,-1.30235,-1.29315,
117631,0.200951,0.200951,-0.0756621,-0.0751651,1.84114,1.83961,-0.365454,-0.357784,3.14159,3.14619,1.5708,1.56466,-1.30235,-1.29315,
117651,0.200951,0.200951,-0.0756621,-0.0751651,1.84114,1.83961,-0.365454,-0.357784,3.14159,3.14619,1.5708,1.56466,-1.30235,-1.29315,
117671,0.200951,0.200951,-0.0756621,-0.0751651,1.84114,1.83961,-0.365454,-0.357784,3.14159,3.14619,1.5708,1.56466,-1.30235,-1.29315,
117691,0.200951,0.200951,-0.0756621,-0.0751651,1.84114,1.83961,-0.365454,-0.357784,3.14159,3.14619,1.5708,1.56466,-1.30235,-1.29315,
117711,0.200951,0.200951,-0.0756621,-0.0751651,1.84114,1.84114,-0.365454,-0.35625,3.14159,3.14466,1.5708,1.56313,-1.30235,-1.29315,
117731,0.200951,0.200951,-0.0756621,-0.0751651,1.84114,1.84114,-0.365454,-0.35625,3.14159,3.14466,1.5708,1.56313,-1.30235,-1.29315,
117751,0.200951,0.200951,-0.0756621,-0.0751651,1.84114,1.84114,-0.365454,-0.35625,3.14159,3.14466,1.5708,1.56313,-1.30235,-1.29315,
117771,0.200951,0.200951,-0.0756621,-0.0751651,1.84114,1.84114,-0.365454,-0.35625,3.14159,3.14466,1.5708,1.56313,-1.30235,-1.29315,
117791,0.200951,0.200951,-0.0756621,-0.0751651,1.84114,1.84114,-0.365454,-0.35625,3.14159,3.14466,1.5708,1.56313,-1.30235,-1.29315,
117811,0.200951,0.200951,-0.0756621,-0.0751651,1.84114,1.84114,-0.365454,-0.35625,3.14159,3.14466,1.5708,1.56313,-1.30235,-1.29315,
117831,0.200951,0.200951,-0.0756621,-0.0751651,1.84114,1.83961,-0.365454,-0.35625,3.14159,3.14466,1.5708,1.56313,-1.30235,-1.29315,
117851,0.200951,0.200951,-0.0756621,-0.0751651,1.84114,1.83961,-0.365454,-0.35625,3.14159,3.14466,1.5708,1.56313,-1.30235,-1.29315,
117871,0.200951,0.200951,-0.0756621,-0.0751651,1.84114,1.83961,-0.365454,-0.35625,3.14159,3.14466,1.5708,1.56313,-1.30235,-1.29315,
117891,0.200951,0.200951,-0.0756621,-0.0751651,1.84114,1.83961,-0.365454,-0.35625,3.14159,3.14466,1.5708,1.56313,-1.30235,-1.29315,
117911,0.200951,0.200951,-0.0756621,-0.0751651,1.84114,1.83961,-0.365454,-0.35625,3.14159,3.14466,1.5708,1.56313,-1.30235,-1.29315,
117931,0.200951,0.200951,-0.0756621,-0.0751651,1.84114,1.83961,-0.365454,-0.35625,3.14159,3.14466,1.5708,1.56313,-1.30235,-1.29315,
117951,0.200951,0.200951,-0.0756621,-0.0751651,1.84114,1.83961,-0.365454,-0.35625,3.14159,3.14466,1.5708,1.56313,-1.30235,-1.29315,
117971,0.200951,0.200951,-0.0756621,-0.0751651,1.84114,1.83961,-0.365454,-0.35625,3.14159,3.14466,1.5708,1.56313,-1.30235,-1.29315,
117991,0.200951,0.200951,-0.0756621,-0.0751651,1.84114,1.83961,-0.365454,-0.35625,3.14159,3.14466,1.5708,1.56313,-1.30235,-1.29315,
118011,0.200951,0.200951,-0.0756621,-0.0751651,1.84114,1.83961,-0.365454,-0.35625,3.14159,3.14466,1.5708,1.56313,-1.30235,-1.29315,
118031,0.200951,0.200951,-0.0756621,-0.0751651,1.84114,1.83961,-0.365454,-0.35625,3.14159,3.14466,1.5708,1.56313,-1.30235,-1.29315,
118051,0.200951,0.200951,-0.0756621,-0.0751651,1.84114,1.83961,-0.365454,-0.35625,3.14159,3.14466,1.5708,1.56313,-1.30235,-1.29315,
118071,0.200951,0.200951,-0.0756621,-0.0751651,1.84114,1.83961,-0.365454,-0.35625,3.14159,3.14466,1.5708,1.56313,-1.30235,-1.29315,
118091,0.200951,0.200951,-0.0756621,-0.0751651,1.84114,1.83961,-0.365454,-0.35625,3.14159,3.14466,1.5708,1.56313,-1.30235,-1.29315,
118111,0.200951,0.200951,-0.0756621,-0.0751651,1.84114,1.83961,-0.365454,-0.35625,3.14159,3.14466,1.5708,1.56313,-1.30235,-1.29315,
118131,0.200951,0.200951,-0.0756621,-0.0751651,1.84114,1.84114,-0.365454,-0.357784,3.14159,3.14466,1.5708,1.56313,-1.30235,-1.29315,
118151,0.200951,0.200951,-0.0756621,-0.0751651,1.84114,1.84114,-0.365454,-0.357784,3.14159,3.14466,1.5708,1.56313,-1.30235,-1.29315,
118171,0.200951,0.200951,-0.0756621,-0.0751651,1.84114,1.84114,-0.365454,-0.357784,3.14159,3.14466,1.5708,1.56313,-1.30235,-1.29315,
118191,0.200951,0.200951,-0.0756621,-0.0751651,1.84114,1.84114,-0.365454,-0.357784,3.14159,3.14466,1.5708,1.56313,-1.30235,-1.29315,
118211,0.200951,0.200951,-0.0756621,-0.0751651,1.84114,1.83961,-0.365454,-0.35625,3.14159,3.14466,1.5708,1.56313,-1.30235,-1.29315,
118231,0.200951,0.200951,-0.0756621,-0.0751651,1.84114,1.83961,-0.365454,-0.35625,3.14159,3.14466,1.5708,1.56313,-1.30235,-1.29315,
118251,0.200951,0.200951,-0.0756621,-0.0751651,1.84114,1.83961,-0.365454,-0.35625,3.14159,3.14466,1.5708,1.56313,-1.30235,-1.29315,
118271,0.200951,0.200951,-0.0756621,-0.0751651,1.84114,1.83961,-0.365454,-0.35625,3.14159,3.14466,1.5708,1.56313,-1.30235,-1.29315,
118291,0.200951,0.200951,-0.0756621,-0.0751651,1.84114,1.83961,-0.365454,-0.35625,3.14159,3.14466,1.5708,1.56313,-1.30235,-1.29315,
118311,0.200951,0.200951,-0.0756621,-0.0751651,1.84114,1.83961,-0.365454,-0.35625,3.14159,3.14466,1.5708,1.56313,-1.30235,-1.29315,
118331,0.200951,0.200951,-0.0756621,-0.0751651,1.84114,1.83961,-0.365454,-0.35625,3.14159,3.14466,1.5708,1.56313,-1.30235,-1.29315,
118351,0.200951,0.200951,-0.0756621,-0.0751651,1.84114,1.83961,-0.365454,-0.35625,3.14159,3.14466,1.5708,1.56313,-1.30235,-1.29315,
118371,0.200951,0.200951,-0.0756621,-0.0751651,1.84114,1.83961,-0.365454,-0.35625,3.14159,3.14466,1.5708,1.56313,-1.30235,-1.29315,
118391,0.200951,0.200951,-0.0756621,-0.0751651,1.84114,1.83961,-0.365454,-0.35625,3.14159,3.14466,1.5708,1.56313,-1.30235,-1.29315,
118411,0.200951,0.200951,-0.0756621,-0.0751651,1.84114,1.83961,-0.365454,-0.35625,3.14159,3.14466,1.5708,1.56313,-1.30235,-1.29315,
118431,0.200951,0.200951,-0.0756621,-0.0751651,1.84114,1.83961,-0.365454,-0.35625,3.14159,3.14466,1.5708,1.56313,-1.30235,-1.29315,
118451,0.200951,0.200951,-0.0756621,-0.0751651,1.84114,1.83961,-0.365454,-0.35625,3.14159,3.14466,1.5708,1.56313,-1.30235,-1.29315,
118471,0.200951,0.200951,-0.0756621,-0.0751651,1.84114,1.83961,-0.365454,-0.35625,3.14159,3.14466,1.5708,1.56313,-1.30235,-1.29315,
118491,0.200951,0.200951,-0.0756621,-0.0751651,1.84114,1.83961,-0.365454,-0.35625,3.14159,3.14466,1.5708,1.56313,-1.30235,-1.29315,
118511,0.200951,0.200951,-0.0756621,-0.076699,1.84114,1.83961,-0.365454,-0.35625,3.14159,3.14466,1.5708,1.56313,-1.30235,-1.29315,
118531,0.200951,0.200951,-0.0756621,-0.076699,1.84114,1.83961,-0.365454,-0.35625,3.14159,3.14466,1.5708,1.56313,-1.30235,-1.29315,
118551,0.200951,0.200951,-0.0756621,-0.076699,1.84114,1.83961,-0.365454,-0.35625,3.14159,3.14466,1.5708,1.56313,-1.30235,-1.29315,
118571,0.200951,0.200951,-0.0756621,-0.076699,1.84114,1.83961,-0.365454,-0.35625,3.14159,3.14466,1.5708,1.56313,-1.30235,-1.29315,
118591,0.200951,0.200951,-0.0756621,-0.076699,1.84114,1.83961,-0.365454,-0.35625,3.14159,3.14466,1.5708,1.56313,-1.30235,-1.29315,
118611,0.200951,0.200951,-0.0756621,-0.076699,1.84114,1.83961,-0.365454,-0.35625,3.14159,3.14466,1.5708,1.56313,-1.30235,-1.29315,
118631,0.200951,0.200951,-0.0756621,-0.0751651,1.84114,1.83961,-0.365454,-0.35625,3.14159,3.14466,1.5708,1.56313,-1.30235,-1.29315,
118651,0.200951,0.200951,-0.0756621,-0.0751651,1.84114,1.83961,-0.365454,-0.35625,3.14159,3.14466,1.5708,1.56313,-1.30235,-1.29315,
118671,0.200951,0.200951,-0.0756621,-0.0751651,1.84114,1.83961,-0.365454,-0.35625,3.14159,3.14466,1.5708,1.56313,-1.30235,-1.29315,
118691,0.200951,0.200951,-0.0756621,-0.0751651,1.84114,1.83961,-0.365454,-0.35625,3.14159,3.14466,1.5708,1.56313,-1.30235,-1.29315,
118711,0.200951,0.200951,-0.0756621,-0.0751651,1.84114,1.83961,-0.365454,-0.35625,3.14159,3.14466,1.5708,1.56313,-1.30235,-1.29315,
118731,0.200951,0.200951,-0.0756621,-0.0751651,1.84114,1.83961,-0.365454,-0.35625,3.14159,3.14619,1.5708,1.56313,-1.30235,-1.29315,
118751,0.200951,0.200951,-0.0756621,-0.0751651,1.84114,1.83961,-0.365454,-0.35625,3.14159,3.14619,1.5708,1.56313,-1.30235,-1.29315,
118771,0.200951,0.200951,-0.0756621,-0.0751651,1.84114,1.83961,-0.365454,-0.35625,3.14159,3.14619,1.5708,1.56313,-1.30235,-1.29315,
118791,0.200951,0.200951,-0.0756621,-0.0751651,1.84114,1.83961,-0.365454,-0.35625,3.14159,3.14619,1.5708,1.56313,-1.30235,-1.29315,
118811,0.200951,0.200951,-0.0756621,-0.0751651,1.84114,1.83961,-0.365454,-0.35625,3.14159,3.14619,1.5708,1.56313,-1.30235,-1.29315,
118831,0.200951,0.200951,-0.0756621,-0.0751651,1.84114,1.83961,-0.365454,-0.35625,3.14159,3.14619,1.5708,1.56313,-1.30235,-1.29315,
118851,0.200951,0.200951,-0.0756621,-0.0751651,1.84114,1.83961,-0.365454,-0.35625,3.14159,3.14619,1.5708,1.56313,-1.30235,-1.29315,
118871,0.200951,0.200951,-0.0756621,-0.0751651,1.84114,1.83961,-0.365454,-0.35625,3.14159,3.14619,1.5708,1.56313,-1.30235,-1.29315,
118891,0.200951,0.200951,-0.0756621,-0.0751651,1.84114,1.83961,-0.365454,-0.35625,3.14159,3.14619,1.5708,1.56313,-1.30235,-1.29315,
118911,0.200951,0.200951,-0.0756621,-0.0751651,1.84114,1.83961,-0.365454,-0.357784,3.14159,3.14466,1.5708,1.56313,-1.30235,-1.29315,
118931,0.200951,0.200951,-0.0756621,-0.0751651,1.84114,1.83961,-0.365454,-0.357784,3.14159,3.14466,1.5708,1.56313,-1.30235,-1.29315,
118951,0.200951,0.200951,-0.0756621,-0.0751651,1.84114,1.83961,-0.365454,-0.357784,3.14159,3.14466,1.5708,1.56313,-1.30235,-1.29315,
118971,0.200951,0.200951,-0.0756621,-0.0751651,1.84114,1.83961,-0.365454,-0.357784,3.14159,3.14466,1.5708,1.56313,-1.30235,-1.29315,
118991,0.200951,0.200951,-0.0756621,-0.0751651,1.84114,1.83961,-0.365454,-0.357784,3.14159,3.14466,1.5708,1.56313,-1.30235,-1.29315,
119011,0.200951,0.200951,-0.0756621,-0.0751651,1.84114,1.83961,-0.365454,-0.357784,3.14159,3.14466,1.5708,1.56313,-1.30235,-1.29315,
119031,0.200951,0.200951,-0.0756621,-0.0751651,1.84114,1.83961,-0.365454,-0.35625,3.14159,3.14466,1.5708,1.56313,-1.30235,-1.29315,
119051,0.200951,0.200951,-0.0756621,-0.0751651,1.84114,1.83961,-0.365454,-0.35625,3.14159,3.14466,1.5708,1.56313,-1.30235,-1.29315,
119071,0.200951,0.200951,-0.0756621,-0.0751651,1.84114,1.83961,-0.365454,-0.35625,3.14159,3.14466,1.5708,1.56313,-1.30235,-1.29315,
119091,0.200951,0.200951,-0.0756621,-0.0751651,1.84114,1.83961,-0.365454,-0.35625,3.14159,3.14466,1.5708,1.56313,-1.30235,-1.29315,
119111,0.200951,0.200951,-0.0756621,-0.0751651,1.84114,1.83961,-0.365454,-0.35625,3.14159,3.14466,1.5708,1.56313,-1.30235,-1.29315,
119131,0.200951,0.200951,-0.0756621,-0.0751651,1.84114,1.83961,-0.365454,-0.35625,3.14159,3.14466,1.5708,1.56313,-1.30235,-1.29315,
119151,0.200951,0.200951,-0.0756621,-0.0751651,1.84114,1.83961,-0.365454,-0.35625,3.14159,3.14466,1.5708,1.56313,-1.30235,-1.29315,
119171,0.200951,0.200951,-0.0756621,-0.0751651,1.84114,1.83961,-0.365454,-0.35625,3.14159,3.14466,1.5708,1.56313,-1.30235,-1.29315,
119191,0.200951,0.200951,-0.0756621,-0.0751651,1.84114,1.83961,-0.365454,-0.35625,3.14159,3.14466,1.5708,1.56313,-1.30235,-1.29315,
119211,0.200951,0.200951,-0.0756621,-0.076699,1.84114,1.83961,-0.365454,-0.35625,3.14159,3.14466,1.5708,1.56313,-1.30235,-1.29315,
119231,0.200951,0.200951,-0.0756621,-0.076699,1.84114,1.83961,-0.365454,-0.35625,3.14159,3.14466,1.5708,1.56313,-1.30235,-1.29315,
119251,0.200951,0.200951,-0.0756621,-0.076699,1.84114,1.83961,-0.365454,-0.35625,3.14159,3.14466,1.5708,1.56313,-1.30235,-1.29315,
119271,0.200951,0.200951,-0.0756621,-0.076699,1.84114,1.83961,-0.365454,-0.35625,3.14159,3.14466,1.5708,1.56313,-1.30235,-1.29315,
119291,0.200951,0.200951,-0.0756621,-0.076699,1.84114,1.83961,-0.365454,-0.35625,3.14159,3.14466,1.5708,1.56313,-1.30235,-1.29315,
119311,0.200951,0.200951,-0.0756621,-0.0751651,1.84114,1.83961,-0.365454,-0.35625,3.14159,3.14619,1.5708,1.56313,-1.30235,-1.29315,
119331,0.200951,0.200951,-0.0756621,-0.0751651,1.84114,1.83961,-0.365454,-0.35625,3.14159,3.14619,1.5708,1.56313,-1.30235,-1.29315,
119351,0.200951,0.200951,-0.0756621,-0.0751651,1.84114,1.83961,-0.365454,-0.35625,3.14159,3.14619,1.5708,1.56313,-1.30235,-1.29315,
119372,0.200951,0.200951,-0.0756621,-0.0751651,1.84114,1.83961,-0.365454,-0.35625,3.14159,3.14619,1.5708,1.56313,-1.30235,-1.29315,
119391,0.200951,0.200951,-0.0756621,-0.0751651,1.84114,1.83961,-0.365454,-0.35625,3.14159,3.14619,1.5708,1.56313,-1.30235,-1.29315,
119411,0.200951,0.200951,-0.0756621,-0.0751651,1.84114,1.83961,-0.365454,-0.35625,3.14159,3.14619,1.5708,1.56313,-1.30235,-1.29315,
119431,0.200951,0.200951,-0.0756621,-0.0751651,1.84114,1.83961,-0.365454,-0.35625,3.14159,3.14466,1.5708,1.56313,-1.30235,-1.29315,
119451,0.200951,0.200951,-0.0756621,-0.0751651,1.84114,1.83961,-0.365454,-0.35625,3.14159,3.14466,1.5708,1.56313,-1.30235,-1.29315,
119471,0.200951,0.200951,-0.0756621,-0.0751651,1.84114,1.83961,-0.365454,-0.35625,3.14159,3.14466,1.5708,1.56313,-1.30235,-1.29315,
119491,0.200951,0.200951,-0.0756621,-0.0751651,1.84114,1.83961,-0.365454,-0.35625,3.14159,3.14466,1.5708,1.56313,-1.30235,-1.29315,
119511,0.200951,0.200951,-0.0756621,-0.0751651,1.84114,1.83961,-0.365454,-0.35625,3.14159,3.14466,1.5708,1.56313,-1.30235,-1.29315,
119531,0.200951,0.200951,-0.0756621,-0.0751651,1.84114,1.83961,-0.365454,-0.35625,3.14159,3.14466,1.5708,1.56313,-1.30235,-1.29315,
119551,0.200951,0.200951,-0.0756621,-0.0751651,1.84114,1.83961,-0.365454,-0.35625,3.14159,3.14466,1.5708,1.56313,-1.30235,-1.29315,
119571,0.200951,0.200951,-0.0756621,-0.0751651,1.84114,1.83961,-0.365454,-0.35625,3.14159,3.14466,1.5708,1.56313,-1.30235,-1.29315,
119591,0.200951,0.200951,-0.0756621,-0.0751651,1.84114,1.83961,-0.365454,-0.35625,3.14159,3.14466,1.5708,1.56313,-1.30235,-1.29315,
119611,0.200951,0.200951,-0.0756621,-0.0751651,1.84114,1.83961,-0.365454,-0.35625,3.14159,3.14466,1.5708,1.56313,-1.30235,-1.29315,
119631,0.200951,0.200951,-0.0756621,-0.0751651,1.84114,1.83961,-0.365454,-0.35625,3.14159,3.14466,1.5708,1.56313,-1.30235,-1.29315,
119651,0.200951,0.200951,-0.0756621,-0.0751651,1.84114,1.83961,-0.365454,-0.35625,3.14159,3.14466,1.5708,1.56313,-1.30235,-1.29315,
119671,0.200951,0.200951,-0.0756621,-0.0751651,1.84114,1.83961,-0.365454,-0.35625,3.14159,3.14466,1.5708,1.56313,-1.30235,-1.29315,
119691,0.200951,0.200951,-0.0756621,-0.0751651,1.84114,1.83961,-0.365454,-0.35625,3.14159,3.14466,1.5708,1.56313,-1.30235,-1.29315,
119711,0.200951,0.200951,-0.0756621,-0.0751651,1.84114,1.83961,-0.365454,-0.35625,3.14159,3.14466,1.5708,1.56313,-1.30235,-1.29315,
119731,0.200951,0.200951,-0.0756621,-0.0751651,1.84114,1.83961,-0.365454,-0.35625,3.14159,3.14619,1.5708,1.56313,-1.30235,-1.29315,
119751,0.200951,0.200951,-0.0756621,-0.0751651,1.84114,1.83961,-0.365454,-0.35625,3.14159,3.14619,1.5708,1.56313,-1.30235,-1.29315,
119771,0.200951,0.200951,-0.0756621,-0.0751651,1.84114,1.83961,-0.365454,-0.35625,3.14159,3.14619,1.5708,1.56313,-1.30235,-1.29315,
119791,0.200951,0.200951,-0.0756621,-0.0751651,1.84114,1.83961,-0.365454,-0.35625,3.14159,3.14619,1.5708,1.56313,-1.30235,-1.29315,
119811,0.200951,0.200951,-0.0756621,-0.0751651,1.84114,1.83961,-0.365454,-0.35625,3.14159,3.14619,1.5708,1.56313,-1.30235,-1.29315,
119831,0.200951,0.200951,-0.0756621,-0.076699,1.84114,1.83961,-0.365454,-0.357784,3.14159,3.14619,1.5708,1.56313,-1.30235,-1.29315,
119851,0.200951,0.200951,-0.0756621,-0.076699,1.84114,1.83961,-0.365454,-0.357784,3.14159,3.14619,1.5708,1.56313,-1.30235,-1.29315,
119871,0.200951,0.200951,-0.0756621,-0.076699,1.84114,1.83961,-0.365454,-0.357784,3.14159,3.14619,1.5708,1.56313,-1.30235,-1.29315,
119891,0.200951,0.200951,-0.0756621,-0.076699,1.84114,1.83961,-0.365454,-0.357784,3.14159,3.14619,1.5708,1.56313,-1.30235,-1.29315,
119911,0.200951,0.200951,-0.0756621,-0.076699,1.84114,1.83961,-0.365454,-0.357784,3.14159,3.14619,1.5708,1.56313,-1.30235,-1.29315,
119931,0.200951,0.200951,-0.0756621,-0.076699,1.84114,1.83961,-0.365454,-0.35625,3.14159,3.14466,1.5708,1.56313,-1.30235,-1.29315,
119951,0.200951,0.200951,-0.0756621,-0.076699,1.84114,1.83961,-0.365454,-0.35625,3.14159,3.14466,1.5708,1.56313,-1.30235,-1.29315,
119971,0.200951,0.200951,-0.0756621,-0.076699,1.84114,1.83961,-0.365454,-0.35625,3.14159,3.14466,1.5708,1.56313,-1.30235,-1.29315,
119991,0.200951,0.200951,-0.0756621,-0.076699,1.84114,1.83961,-0.365454,-0.35625,3.14159,3.14466,1.5708,1.56313,-1.30235,-1.29315,
120011,0.200951,0.200951,-0.0756621,-0.0751651,1.84114,1.83961,-0.365454,-0.35625,3.14159,3.14466,1.5708,1.56313,-1.30235,-1.29315,
120031,0.200951,0.200951,-0.0756621,-0.0751651,1.84114,1.83961,-0.365454,-0.35625,3.14159,3.14466,1.5708,1.56313,-1.30235,-1.29315,
120051,0.200951,0.200951,-0.0756621,-0.0751651,1.84114,1.83961,-0.365454,-0.35625,3.14159,3.14466,1.5708,1.56313,-1.30235,-1.29315,
120071,0.200951,0.200951,-0.0756621,-0.0751651,1.84114,1.83961,-0.365454,-0.35625,3.14159,3.14466,1.5708,1.56313,-1.30235,-1.29315,
120091,0.200951,0.200951,-0.0756621,-0.0751651,1.84114,1.83961,-0.365454,-0.35625,3.14159,3.14466,1.5708,1.56313,-1.30235,-1.29315,
120111,0.200951,0.200951,-0.0756621,-0.0751651,1.84114,1.83961,-0.365454,-0.357784,3.14159,3.14619,1.5708,1.56313,-1.30235,-1.29315,
120131,0.200951,0.200951,-0.0756621,-0.0751651,1.84114,1.83961,-0.365454,-0.357784,3.14159,3.14619,1.5708,1.56313,-1.30235,-1.29315,
120151,0.200951,0.200951,-0.0756621,-0.0751651,1.84114,1.83961,-0.365454,-0.357784,3.14159,3.14619,1.5708,1.56313,-1.30235,-1.29315,
120171,0.200951,0.200951,-0.0756621,-0.0751651,1.84114,1.83961,-0.365454,-0.357784,3.14159,3.14619,1.5708,1.56313,-1.30235,-1.29315,
120191,0.200951,0.200951,-0.0756621,-0.0751651,1.84114,1.83961,-0.365454,-0.357784,3.14159,3.14619,1.5708,1.56313,-1.30235,-1.29315,
120211,0.200951,0.200951,-0.0756621,-0.0751651,1.84114,1.83961,-0.365454,-0.357784,3.14159,3.14619,1.5708,1.56313,-1.30235,-1.29315,
120231,0.200951,0.200951,-0.0756621,-0.0751651,1.84114,1.83961,-0.365454,-0.357784,3.14159,3.14619,1.5708,1.56313,-1.30235,-1.29315,
120251,0.200951,0.200951,-0.0756621,-0.0751651,1.84114,1.83961,-0.365454,-0.357784,3.14159,3.14619,1.5708,1.56313,-1.30235,-1.29315,
120271,0.200951,0.200951,-0.0756621,-0.0751651,1.84114,1.83961,-0.365454,-0.357784,3.14159,3.14619,1.5708,1.56313,-1.30235,-1.29315,
120291,0.200951,0.200951,-0.0756621,-0.0751651,1.84114,1.83961,-0.365454,-0.357784,3.14159,3.14619,1.5708,1.56313,-1.30235,-1.29315,
120311,0.200951,0.200951,-0.0756621,-0.0751651,1.84114,1.83961,-0.365454,-0.357784,3.14159,3.14619,1.5708,1.56313,-1.30235,-1.29315,
120331,0.200951,0.200951,-0.0756621,-0.076699,1.84114,1.84114,-0.365454,-0.357784,3.14159,3.14466,1.5708,1.56313,-1.30235,-1.29315,
120351,0.200951,0.200951,-0.0756621,-0.076699,1.84114,1.84114,-0.365454,-0.357784,3.14159,3.14466,1.5708,1.56313,-1.30235,-1.29315,
120371,0.200951,0.200951,-0.0756621,-0.076699,1.84114,1.84114,-0.365454,-0.357784,3.14159,3.14466,1.5708,1.56313,-1.30235,-1.29315,
120391,0.200951,0.200951,-0.0756621,-0.076699,1.84114,1.84114,-0.365454,-0.357784,3.14159,3.14466,1.5708,1.56313,-1.30235,-1.29315,
120411,0.200951,0.200951,-0.0756621,-0.076699,1.84114,1.84114,-0.365454,-0.357784,3.14159,3.14466,1.5708,1.56313,-1.30235,-1.29315,
120431,0.200951,0.200951,-0.0756621,-0.0751651,1.84114,1.83961,-0.365454,-0.35625,3.14159,3.14466,1.5708,1.56313,-1.30235,-1.29315,
120451,0.200951,0.200951,-0.0756621,-0.0751651,1.84114,1.83961,-0.365454,-0.35625,3.14159,3.14466,1.5708,1.56313,-1.30235,-1.29315,
120471,0.200951,0.200951,-0.0756621,-0.0751651,1.84114,1.83961,-0.365454,-0.35625,3.14159,3.14466,1.5708,1.56313,-1.30235,-1.29315,
120491,0.200951,0.200951,-0.0756621,-0.0751651,1.84114,1.83961,-0.365454,-0.35625,3.14159,3.14466,1.5708,1.56313,-1.30235,-1.29315,
120511,0.200951,0.200951,-0.0756621,-0.0751651,1.84114,1.83961,-0.365454,-0.357784,3.14159,3.14466,1.5708,1.56313,-1.30235,-1.29315,
120531,0.200951,0.200951,-0.0756621,-0.0751651,1.84114,1.83961,-0.365454,-0.357784,3.14159,3.14466,1.5708,1.56313,-1.30235,-1.29315,
120551,0.200951,0.200951,-0.0756621,-0.0751651,1.84114,1.83961,-0.365454,-0.357784,3.14159,3.14466,1.5708,1.56313,-1.30235,-1.29315,
120571,0.200951,0.200951,-0.0756621,-0.0751651,1.84114,1.83961,-0.365454,-0.357784,3.14159,3.14466,1.5708,1.56313,-1.30235,-1.29315,
120591,0.200951,0.200951,-0.0756621,-0.0751651,1.84114,1.83961,-0.365454,-0.357784,3.14159,3.14466,1.5708,1.56313,-1.30235,-1.29315,
120611,0.200951,0.200951,-0.0756621,-0.076699,1.84114,1.83961,-0.365454,-0.35625,3.14159,3.14619,1.5708,1.56313,-1.30235,-1.29315,
120631,0.200951,0.200951,-0.0756621,-0.076699,1.84114,1.83961,-0.365454,-0.35625,3.14159,3.14619,1.5708,1.56313,-1.30235,-1.29315,
120651,0.200951,0.200951,-0.0756621,-0.076699,1.84114,1.83961,-0.365454,-0.35625,3.14159,3.14619,1.5708,1.56313,-1.30235,-1.29315,
120671,0.200951,0.200951,-0.0756621,-0.076699,1.84114,1.83961,-0.365454,-0.35625,3.14159,3.14619,1.5708,1.56313,-1.30235,-1.29315,
120691,0.200951,0.200951,-0.0756621,-0.076699,1.84114,1.83961,-0.365454,-0.35625,3.14159,3.14619,1.5708,1.56313,-1.30235,-1.29315,
120711,0.200951,0.200951,-0.0756621,-0.076699,1.84114,1.83961,-0.365454,-0.35625,3.14159,3.14619,1.5708,1.56313,-1.30235,-1.29315,
120731,0.200951,0.200951,-0.0756621,-0.076699,1.84114,1.83961,-0.365454,-0.35625,3.14159,3.14466,1.5708,1.56313,-1.30235,-1.29315,
120751,0.200951,0.200951,-0.0756621,-0.076699,1.84114,1.83961,-0.365454,-0.35625,3.14159,3.14466,1.5708,1.56313,-1.30235,-1.29315,
120771,0.200951,0.200951,-0.0756621,-0.076699,1.84114,1.83961,-0.365454,-0.35625,3.14159,3.14466,1.5708,1.56313,-1.30235,-1.29315,
120791,0.200951,0.200951,-0.0756621,-0.076699,1.84114,1.83961,-0.365454,-0.35625,3.14159,3.14466,1.5708,1.56313,-1.30235,-1.29315,
120811,0.200951,0.200951,-0.0756621,-0.076699,1.84114,1.83961,-0.365454,-0.35625,3.14159,3.14466,1.5708,1.56313,-1.30235,-1.29315,
120831,0.200951,0.200951,-0.0756621,-0.0751651,1.84114,1.83961,-0.365454,-0.35625,3.14159,3.14466,1.5708,1.56313,-1.30235,-1.29315,
120851,0.200951,0.200951,-0.0756621,-0.0751651,1.84114,1.83961,-0.365454,-0.35625,3.14159,3.14466,1.5708,1.56313,-1.30235,-1.29315,
120871,0.200951,0.200951,-0.0756621,-0.0751651,1.84114,1.83961,-0.365454,-0.35625,3.14159,3.14466,1.5708,1.56313,-1.30235,-1.29315,
120891,0.200951,0.200951,-0.0756621,-0.0751651,1.84114,1.83961,-0.365454,-0.35625,3.14159,3.14466,1.5708,1.56313,-1.30235,-1.29315,
120911,0.200951,0.202485,-0.0756621,-0.076699,1.84114,1.83961,-0.365454,-0.35625,3.14159,3.14466,1.5708,1.56313,-1.30235,-1.29315,
120931,0.200951,0.202485,-0.0756621,-0.076699,1.84114,1.83961,-0.365454,-0.35625,3.14159,3.14466,1.5708,1.56313,-1.30235,-1.29315,
120951,0.200951,0.202485,-0.0756621,-0.076699,1.84114,1.83961,-0.365454,-0.35625,3.14159,3.14466,1.5708,1.56313,-1.30235,-1.29315,
120971,0.200951,0.202485,-0.0756621,-0.076699,1.84114,1.83961,-0.365454,-0.35625,3.14159,3.14466,1.5708,1.56313,-1.30235,-1.29315,
120991,0.200951,0.202485,-0.0756621,-0.076699,1.84114,1.83961,-0.365454,-0.35625,3.14159,3.14466,1.5708,1.56313,-1.30235,-1.29315,
121011,0.200951,0.202485,-0.0756621,-0.076699,1.84114,1.83961,-0.365454,-0.35625,3.14159,3.14466,1.5708,1.56313,-1.30235,-1.29315,
121031,0.200951,0.202485,-0.0756621,-0.076699,1.84114,1.83961,-0.365454,-0.35625,3.14159,3.14466,1.5708,1.56313,-1.30235,-1.29315,
121051,0.200951,0.200951,-0.0756621,-0.0751651,1.84114,1.83961,-0.365454,-0.35625,3.14159,3.14466,1.5708,1.56466,-1.30235,-1.29315,
121071,0.200951,0.200951,-0.0756621,-0.0751651,1.84114,1.83961,-0.365454,-0.35625,3.14159,3.14466,1.5708,1.56466,-1.30235,-1.29315,
121091,0.200951,0.200951,-0.0756621,-0.0751651,1.84114,1.83961,-0.365454,-0.35625,3.14159,3.14466,1.5708,1.56466,-1.30235,-1.29315,
121111,0.200951,0.200951,-0.0756621,-0.0751651,1.84114,1.83961,-0.365454,-0.35625,3.14159,3.14466,1.5708,1.56466,-1.30235,-1.29315,
121131,0.200951,0.200951,-0.0756621,-0.0751651,1.84114,1.83961,-0.365454,-0.35625,3.14159,3.14466,1.5708,1.56466,-1.30235,-1.29315,
121151,0.200951,0.200951,-0.0756621,-0.0751651,1.84114,1.83961,-0.365454,-0.35625,3.14159,3.14619,1.5708,1.56313,-1.30235,-1.29315,
121171,0.200951,0.200951,-0.0756621,-0.0751651,1.84114,1.83961,-0.365454,-0.35625,3.14159,3.14619,1.5708,1.56313,-1.30235,-1.29315,
121191,0.200951,0.200951,-0.0756621,-0.0751651,1.84114,1.83961,-0.365454,-0.35625,3.14159,3.14619,1.5708,1.56313,-1.30235,-1.29315,
121211,0.200951,0.200951,-0.0756621,-0.0751651,1.84114,1.83961,-0.365454,-0.35625,3.14159,3.14466,1.5708,1.56313,-1.30235,-1.29315,
121231,0.200951,0.200951,-0.0756621,-0.0751651,1.84114,1.83961,-0.365454,-0.35625,3.14159,3.14466,1.5708,1.56313,-1.30235,-1.29315,
121251,0.200951,0.200951,-0.0756621,-0.0751651,1.84114,1.83961,-0.365454,-0.35625,3.14159,3.14466,1.5708,1.56313,-1.30235,-1.29315,
121271,0.200951,0.200951,-0.0756621,-0.0751651,1.84114,1.83961,-0.365454,-0.35625,3.14159,3.14466,1.5708,1.56313,-1.30235,-1.29315,
121291,0.200951,0.200951,-0.0756621,-0.0751651,1.84114,1.83961,-0.365454,-0.35625,3.14159,3.14466,1.5708,1.56313,-1.30235,-1.29315,
121311,0.200951,0.200951,-0.0756621,-0.076699,1.84114,1.83961,-0.365454,-0.35625,3.14159,3.14466,1.5708,1.56313,-1.30235,-1.29315,
121331,0.200951,0.200951,-0.0756621,-0.076699,1.84114,1.83961,-0.365454,-0.35625,3.14159,3.14466,1.5708,1.56313,-1.30235,-1.29315,
121351,0.200951,0.200951,-0.0756621,-0.076699,1.84114,1.83961,-0.365454,-0.35625,3.14159,3.14466,1.5708,1.56313,-1.30235,-1.29315,
121371,0.200951,0.200951,-0.0756621,-0.076699,1.84114,1.83961,-0.365454,-0.35625,3.14159,3.14466,1.5708,1.56313,-1.30235,-1.29315,
121391,0.200951,0.200951,-0.0756621,-0.076699,1.84114,1.83961,-0.365454,-0.35625,3.14159,3.14466,1.5708,1.56313,-1.30235,-1.29315,
121411,0.200951,0.200951,-0.0756621,-0.0751651,1.84114,1.83961,-0.365454,-0.35625,3.14159,3.14619,1.5708,1.56313,-1.30235,-1.29315,
121431,0.200951,0.200951,-0.0756621,-0.0751651,1.84114,1.83961,-0.365454,-0.35625,3.14159,3.14619,1.5708,1.56313,-1.30235,-1.29315,
121451,0.200951,0.200951,-0.0756621,-0.0751651,1.84114,1.83961,-0.365454,-0.35625,3.14159,3.14619,1.5708,1.56313,-1.30235,-1.29315,
121471,0.200951,0.200951,-0.0756621,-0.0751651,1.84114,1.83961,-0.365454,-0.35625,3.14159,3.14619,1.5708,1.56313,-1.30235,-1.29315,
121491,0.200951,0.200951,-0.0756621,-0.0751651,1.84114,1.83961,-0.365454,-0.35625,3.14159,3.14619,1.5708,1.56313,-1.30235,-1.29315,
121511,0.200951,0.200951,-0.0756621,-0.0751651,1.84114,1.83961,-0.365454,-0.35625,3.14159,3.14619,1.5708,1.56313,-1.30235,-1.29315,
121531,0.200951,0.200951,-0.0756621,-0.076699,1.84114,1.83961,-0.365454,-0.35625,3.14159,3.14619,1.5708,1.56313,-1.30235,-1.29315,
121551,0.200951,0.200951,-0.0756621,-0.076699,1.84114,1.83961,-0.365454,-0.35625,3.14159,3.14619,1.5708,1.56313,-1.30235,-1.29315,
121571,0.200951,0.200951,-0.0756621,-0.076699,1.84114,1.83961,-0.365454,-0.35625,3.14159,3.14619,1.5708,1.56313,-1.30235,-1.29315,
121591,0.200951,0.200951,-0.0756621,-0.076699,1.84114,1.83961,-0.365454,-0.35625,3.14159,3.14619,1.5708,1.56313,-1.30235,-1.29315,
121611,0.200951,0.200951,-0.0756621,-0.076699,1.84114,1.83961,-0.365454,-0.35625,3.14159,3.14466,1.5708,1.56313,-1.30235,-1.29315,
121631,0.200951,0.200951,-0.0756621,-0.076699,1.84114,1.83961,-0.365454,-0.35625,3.14159,3.14466,1.5708,1.56313,-1.30235,-1.29315,
121651,0.200951,0.200951,-0.0756621,-0.076699,1.84114,1.83961,-0.365454,-0.35625,3.14159,3.14466,1.5708,1.56313,-1.30235,-1.29315,
121671,0.200951,0.200951,-0.0756621,-0.076699,1.84114,1.83961,-0.365454,-0.35625,3.14159,3.14466,1.5708,1.56313,-1.30235,-1.29315,
121691,0.200951,0.200951,-0.0756621,-0.076699,1.84114,1.83961,-0.365454,-0.35625,3.14159,3.14466,1.5708,1.56313,-1.30235,-1.29315,
121711,0.200951,0.200951,-0.0756621,-0.076699,1.84114,1.83961,-0.365454,-0.357784,3.14159,3.14466,1.5708,1.56313,-1.30235,-1.29315,
121731,0.200951,0.200951,-0.0756621,-0.076699,1.84114,1.83961,-0.365454,-0.357784,3.14159,3.14466,1.5708,1.56313,-1.30235,-1.29315,
121751,0.200951,0.200951,-0.0756621,-0.076699,1.84114,1.83961,-0.365454,-0.357784,3.14159,3.14466,1.5708,1.56313,-1.30235,-1.29315,
121771,0.200951,0.200951,-0.0756621,-0.076699,1.84114,1.83961,-0.365454,-0.357784,3.14159,3.14466,1.5708,1.56313,-1.30235,-1.29315,
121791,0.200951,0.200951,-0.0756621,-0.076699,1.84114,1.83961,-0.365454,-0.357784,3.14159,3.14466,1.5708,1.56313,-1.30235,-1.29315,
121811,0.200951,0.200951,-0.0756621,-0.076699,1.84114,1.83961,-0.365454,-0.357784,3.14159,3.14466,1.5708,1.56313,-1.30235,-1.29315,
121831,0.200951,0.200951,-0.0756621,-0.076699,1.84114,1.83961,-0.365454,-0.35625,3.14159,3.14466,1.5708,1.56313,-1.30235,-1.29315,
121851,0.200951,0.200951,-0.0756621,-0.076699,1.84114,1.83961,-0.365454,-0.35625,3.14159,3.14466,1.5708,1.56313,-1.30235,-1.29315,
121871,0.200951,0.200951,-0.0756621,-0.076699,1.84114,1.83961,-0.365454,-0.35625,3.14159,3.14466,1.5708,1.56313,-1.30235,-1.29315,
121891,0.200951,0.200951,-0.0756621,-0.076699,1.84114,1.83961,-0.365454,-0.35625,3.14159,3.14466,1.5708,1.56313,-1.30235,-1.29315,
121911,0.200951,0.200951,-0.0756621,-0.076699,1.84114,1.83961,-0.365454,-0.35625,3.14159,3.14466,1.5708,1.56313,-1.30235,-1.29315,
121931,0.200951,0.200951,-0.0756621,-0.0751651,1.84114,1.83961,-0.365454,-0.35625,3.14159,3.14466,1.5708,1.56313,-1.30235,-1.29315,
121951,0.200951,0.200951,-0.0756621,-0.0751651,1.84114,1.83961,-0.365454,-0.35625,3.14159,3.14466,1.5708,1.56313,-1.30235,-1.29315,
121971,0.200951,0.200951,-0.0756621,-0.0751651,1.84114,1.83961,-0.365454,-0.35625,3.14159,3.14466,1.5708,1.56313,-1.30235,-1.29315,
121991,0.200951,0.200951,-0.0756621,-0.0751651,1.84114,1.83961,-0.365454,-0.35625,3.14159,3.14466,1.5708,1.56313,-1.30235,-1.29315,
122011,0.200951,0.200951,-0.0756621,-0.076699,1.84114,1.83961,-0.365454,-0.35625,3.14159,3.14466,1.5708,1.56313,-1.30235,-1.29315,
122031,0.200951,0.200951,-0.0756621,-0.076699,1.84114,1.83961,-0.365454,-0.35625,3.14159,3.14466,1.5708,1.56313,-1.30235,-1.29315,
122051,0.200951,0.200951,-0.0756621,-0.076699,1.84114,1.83961,-0.365454,-0.35625,3.14159,3.14466,1.5708,1.56313,-1.30235,-1.29315,
122071,0.200951,0.200951,-0.0756621,-0.076699,1.84114,1.83961,-0.365454,-0.35625,3.14159,3.14466,1.5708,1.56313,-1.30235,-1.29315,
122091,0.200951,0.200951,-0.0756621,-0.076699,1.84114,1.83961,-0.365454,-0.35625,3.14159,3.14466,1.5708,1.56313,-1.30235,-1.29315,
122111,0.200951,0.200951,-0.0756621,-0.0751651,1.84114,1.83961,-0.365454,-0.35625,3.14159,3.14466,1.5708,1.56466,-1.30235,-1.29315,
122131,0.200951,0.200951,-0.0756621,-0.0751651,1.84114,1.83961,-0.365454,-0.35625,3.14159,3.14466,1.5708,1.56466,-1.30235,-1.29315,
122151,0.200951,0.200951,-0.0756621,-0.0751651,1.84114,1.83961,-0.365454,-0.35625,3.14159,3.14466,1.5708,1.56466,-1.30235,-1.29315,
122171,0.200951,0.200951,-0.0756621,-0.0751651,1.84114,1.83961,-0.365454,-0.35625,3.14159,3.14466,1.5708,1.56466,-1.30235,-1.29315,
122191,0.200951,0.200951,-0.0756621,-0.0751651,1.84114,1.83961,-0.365454,-0.35625,3.14159,3.14466,1.5708,1.56466,-1.30235,-1.29315,
122211,0.200951,0.200951,-0.0756621,-0.076699,1.84114,1.83961,-0.365454,-0.35625,3.14159,3.14466,1.5708,1.56313,-1.30235,-1.29315,
122231,0.200951,0.200951,-0.0756621,-0.076699,1.84114,1.83961,-0.365454,-0.35625,3.14159,3.14466,1.5708,1.56313,-1.30235,-1.29315,
122251,0.200951,0.200951,-0.0756621,-0.076699,1.84114,1.83961,-0.365454,-0.35625,3.14159,3.14466,1.5708,1.56313,-1.30235,-1.29315,
122271,0.200951,0.200951,-0.0756621,-0.076699,1.84114,1.83961,-0.365454,-0.35625,3.14159,3.14466,1.5708,1.56313,-1.30235,-1.29315,
122291,0.200951,0.200951,-0.0756621,-0.076699,1.84114,1.83961,-0.365454,-0.35625,3.14159,3.14466,1.5708,1.56313,-1.30235,-1.29315,
122311,0.200951,0.200951,-0.0756621,-0.076699,1.84114,1.83961,-0.365454,-0.35625,3.14159,3.14466,1.5708,1.56313,-1.30235,-1.29315,
122331,0.200951,0.200951,-0.0756621,-0.0751651,1.84114,1.83961,-0.365454,-0.35625,3.14159,3.14466,1.5708,1.56313,-1.30235,-1.29315,
122351,0.200951,0.200951,-0.0756621,-0.0751651,1.84114,1.83961,-0.365454,-0.35625,3.14159,3.14466,1.5708,1.56313,-1.30235,-1.29315,
122371,0.200951,0.200951,-0.0756621,-0.0751651,1.84114,1.83961,-0.365454,-0.35625,3.14159,3.14466,1.5708,1.56313,-1.30235,-1.29315,
122391,0.200951,0.200951,-0.0756621,-0.0751651,1.84114,1.83961,-0.365454,-0.35625,3.14159,3.14466,1.5708,1.56313,-1.30235,-1.29315,
122411,0.200951,0.200951,-0.0756621,-0.0751651,1.84114,1.83961,-0.365454,-0.35625,3.14159,3.14619,1.5708,1.56313,-1.30235,-1.29315,
122431,0.200951,0.200951,-0.0756621,-0.0751651,1.84114,1.83961,-0.365454,-0.35625,3.14159,3.14619,1.5708,1.56313,-1.30235,-1.29315,
122451,0.200951,0.200951,-0.0756621,-0.0751651,1.84114,1.83961,-0.365454,-0.35625,3.14159,3.14619,1.5708,1.56313,-1.30235,-1.29315,
122471,0.200951,0.200951,-0.0756621,-0.0751651,1.84114,1.83961,-0.365454,-0.35625,3.14159,3.14619,1.5708,1.56313,-1.30235,-1.29315,
122491,0.200951,0.200951,-0.0756621,-0.0751651,1.84114,1.83961,-0.365454,-0.35625,3.14159,3.14619,1.5708,1.56313,-1.30235,-1.29315,
122511,0.200951,0.200951,-0.0756621,-0.0751651,1.84114,1.83961,-0.365454,-0.35625,3.14159,3.14619,1.5708,1.56313,-1.30235,-1.29315,
122531,0.200951,0.200951,-0.0756621,-0.076699,1.84114,1.83961,-0.365454,-0.35625,3.14159,3.14466,1.5708,1.56313,-1.30235,-1.29315,
122551,0.200951,0.200951,-0.0756621,-0.076699,1.84114,1.83961,-0.365454,-0.35625,3.14159,3.14466,1.5708,1.56313,-1.30235,-1.29315,
122571,0.200951,0.200951,-0.0756621,-0.076699,1.84114,1.83961,-0.365454,-0.35625,3.14159,3.14466,1.5708,1.56313,-1.30235,-1.29315,
122591,0.200951,0.200951,-0.0756621,-0.076699,1.84114,1.83961,-0.365454,-0.35625,3.14159,3.14466,1.5708,1.56313,-1.30235,-1.29315,
122611,0.200951,0.200951,-0.0756621,-0.076699,1.84114,1.83961,-0.365454,-0.35625,3.14159,3.14466,1.5708,1.56313,-1.30235,-1.29315,
122631,0.200951,0.202485,-0.0756621,-0.076699,1.84114,1.83961,-0.365454,-0.35625,3.14159,3.14466,1.5708,1.56313,-1.30235,-1.29315,
122651,0.200951,0.202485,-0.0756621,-0.076699,1.84114,1.83961,-0.365454,-0.35625,3.14159,3.14466,1.5708,1.56313,-1.30235,-1.29315,
122671,0.200951,0.202485,-0.0756621,-0.076699,1.84114,1.83961,-0.365454,-0.35625,3.14159,3.14466,1.5708,1.56313,-1.30235,-1.29315,
122691,0.200951,0.202485,-0.0756621,-0.076699,1.84114,1.83961,-0.365454,-0.35625,3.14159,3.14466,1.5708,1.56313,-1.30235,-1.29315,
122711,0.200951,0.202485,-0.0756621,-0.076699,1.84114,1.83961,-0.365454,-0.35625,3.14159,3.14466,1.5708,1.56313,-1.30235,-1.29315,
122731,0.200951,0.200951,-0.0756621,-0.076699,1.84114,1.83961,-0.365454,-0.35625,3.14159,3.14466,1.5708,1.56313,-1.30235,-1.29315,
122751,0.200951,0.200951,-0.0756621,-0.076699,1.84114,1.83961,-0.365454,-0.35625,3.14159,3.14466,1.5708,1.56313,-1.30235,-1.29315,
122771,0.200951,0.200951,-0.0756621,-0.076699,1.84114,1.83961,-0.365454,-0.35625,3.14159,3.14466,1.5708,1.56313,-1.30235,-1.29315,
122791,0.200951,0.200951,-0.0756621,-0.076699,1.84114,1.83961,-0.365454,-0.35625,3.14159,3.14466,1.5708,1.56313,-1.30235,-1.29315,
122811,0.200951,0.200951,-0.0756621,-0.076699,1.84114,1.83961,-0.365454,-0.35625,3.14159,3.14466,1.5708,1.56313,-1.30235,-1.29315,
122831,0.200951,0.200951,-0.0756621,-0.0751651,1.84114,1.83961,-0.365454,-0.35625,3.14159,3.14466,1.5708,1.56313,-1.30235,-1.29315,
122851,0.200951,0.200951,-0.0756621,-0.0751651,1.84114,1.83961,-0.365454,-0.35625,3.14159,3.14466,1.5708,1.56313,-1.30235,-1.29315,
122871,0.200951,0.200951,-0.0756621,-0.0751651,1.84114,1.83961,-0.365454,-0.35625,3.14159,3.14466,1.5708,1.56313,-1.30235,-1.29315,
122891,0.200951,0.200951,-0.0756621,-0.0751651,1.84114,1.83961,-0.365454,-0.35625,3.14159,3.14466,1.5708,1.56313,-1.30235,-1.29315,
122911,0.200951,0.200951,-0.0756621,-0.076699,1.84114,1.83961,-0.365454,-0.35625,3.14159,3.14466,1.5708,1.56313,-1.30235,-1.29315,
122931,0.200951,0.200951,-0.0756621,-0.076699,1.84114,1.83961,-0.365454,-0.35625,3.14159,3.14466,1.5708,1.56313,-1.30235,-1.29315,
122951,0.200951,0.200951,-0.0756621,-0.076699,1.84114,1.83961,-0.365454,-0.35625,3.14159,3.14466,1.5708,1.56313,-1.30235,-1.29315,
122971,0.200951,0.200951,-0.0756621,-0.076699,1.84114,1.83961,-0.365454,-0.35625,3.14159,3.14466,1.5708,1.56313,-1.30235,-1.29315,
122991,0.200951,0.200951,-0.0756621,-0.076699,1.84114,1.83961,-0.365454,-0.35625,3.14159,3.14466,1.5708,1.56313,-1.30235,-1.29315,
123011,0.200951,0.200951,-0.0756621,-0.076699,1.84114,1.83961,-0.365454,-0.35625,3.14159,3.14466,1.5708,1.56313,-1.30235,-1.29315,
123031,0.200951,0.200951,-0.0756621,-0.076699,1.84114,1.83961,-0.365454,-0.35625,3.14159,3.14466,1.5708,1.56313,-1.30235,-1.29315,
123051,0.200951,0.200951,-0.0756621,-0.076699,1.84114,1.83961,-0.365454,-0.35625,3.14159,3.14466,1.5708,1.56313,-1.30235,-1.29315,
123071,0.200951,0.200951,-0.0756621,-0.076699,1.84114,1.83961,-0.365454,-0.35625,3.14159,3.14466,1.5708,1.56313,-1.30235,-1.29315,
123091,0.200951,0.200951,-0.0756621,-0.076699,1.84114,1.83961,-0.365454,-0.35625,3.14159,3.14466,1.5708,1.56313,-1.30235,-1.29315,
123111,0.200951,0.200951,-0.0756621,-0.076699,1.84114,1.83961,-0.365454,-0.35625,3.14159,3.14466,1.5708,1.56313,-1.30235,-1.29315,
123131,0.200951,0.200951,-0.0756621,-0.076699,1.84114,1.83961,-0.365454,-0.357784,3.14159,3.14466,1.5708,1.56313,-1.30235,-1.29315,
123151,0.200951,0.200951,-0.0756621,-0.076699,1.84114,1.83961,-0.365454,-0.357784,3.14159,3.14466,1.5708,1.56313,-1.30235,-1.29315,
123171,0.200951,0.200951,-0.0756621,-0.076699,1.84114,1.83961,-0.365454,-0.357784,3.14159,3.14466,1.5708,1.56313,-1.30235,-1.29315,
123191,0.200951,0.200951,-0.0756621,-0.076699,1.84114,1.83961,-0.365454,-0.357784,3.14159,3.14466,1.5708,1.56313,-1.30235,-1.29315,
123211,0.200951,0.200951,-0.0756621,-0.076699,1.84114,1.83961,-0.365454,-0.35625,3.14159,3.14466,1.5708,1.56313,-1.30235,-1.29315,
123231,0.200951,0.200951,-0.0756621,-0.076699,1.84114,1.83961,-0.365454,-0.35625,3.14159,3.14466,1.5708,1.56313,-1.30235,-1.29315,
123251,0.200951,0.200951,-0.0756621,-0.076699,1.84114,1.83961,-0.365454,-0.35625,3.14159,3.14466,1.5708,1.56313,-1.30235,-1.29315,
123271,0.200951,0.200951,-0.0756621,-0.076699,1.84114,1.83961,-0.365454,-0.35625,3.14159,3.14466,1.5708,1.56313,-1.30235,-1.29315,
123291,0.200951,0.200951,-0.0756621,-0.076699,1.84114,1.83961,-0.365454,-0.35625,3.14159,3.14466,1.5708,1.56313,-1.30235,-1.29315,
123311,0.200951,0.200951,-0.0756621,-0.076699,1.84114,1.83961,-0.365454,-0.35625,3.14159,3.14466,1.5708,1.56313,-1.30235,-1.29315,
123331,0.200951,0.200951,-0.0756621,-0.076699,1.84114,1.83961,-0.365454,-0.35625,3.14159,3.14466,1.5708,1.56313,-1.30235,-1.29315,
123351,0.200951,0.200951,-0.0756621,-0.076699,1.84114,1.83961,-0.365454,-0.35625,3.14159,3.14466,1.5708,1.56313,-1.30235,-1.29315,
123371,0.200951,0.200951,-0.0756621,-0.076699,1.84114,1.83961,-0.365454,-0.35625,3.14159,3.14466,1.5708,1.56313,-1.30235,-1.29315,
123391,0.200951,0.200951,-0.0756621,-0.076699,1.84114,1.83961,-0.365454,-0.35625,3.14159,3.14466,1.5708,1.56313,-1.30235,-1.29315,
123411,0.200951,0.200951,-0.0756621,-0.076699,1.84114,1.83961,-0.365454,-0.357784,3.14159,3.14466,1.5708,1.56313,-1.30235,-1.29315,
123431,0.200951,0.200951,-0.0756621,-0.076699,1.84114,1.83961,-0.365454,-0.357784,3.14159,3.14466,1.5708,1.56313,-1.30235,-1.29315,
123451,0.200951,0.200951,-0.0756621,-0.076699,1.84114,1.83961,-0.365454,-0.357784,3.14159,3.14466,1.5708,1.56313,-1.30235,-1.29315,
123471,0.200951,0.200951,-0.0756621,-0.076699,1.84114,1.83961,-0.365454,-0.357784,3.14159,3.14466,1.5708,1.56313,-1.30235,-1.29315,
123491,0.200951,0.200951,-0.0756621,-0.076699,1.84114,1.83961,-0.365454,-0.357784,3.14159,3.14466,1.5708,1.56313,-1.30235,-1.29315,
123511,0.200951,0.200951,-0.0756621,-0.076699,1.84114,1.83961,-0.365454,-0.357784,3.14159,3.14466,1.5708,1.56313,-1.30235,-1.29315,
123531,0.200951,0.200951,-0.0756621,-0.076699,1.84114,1.83961,-0.365454,-0.357784,3.14159,3.14466,1.5708,1.56313,-1.30235,-1.29315,
123551,0.200951,0.200951,-0.0756621,-0.076699,1.84114,1.83961,-0.365454,-0.357784,3.14159,3.14466,1.5708,1.56313,-1.30235,-1.29315,
123571,0.200951,0.200951,-0.0756621,-0.076699,1.84114,1.83961,-0.365454,-0.357784,3.14159,3.14466,1.5708,1.56313,-1.30235,-1.29315,
123591,0.200951,0.200951,-0.0756621,-0.076699,1.84114,1.83961,-0.365454,-0.357784,3.14159,3.14466,1.5708,1.56313,-1.30235,-1.29315,
123611,0.200951,0.200951,-0.0756621,-0.076699,1.84114,1.83961,-0.365454,-0.359318,3.14159,3.14466,1.5708,1.56313,-1.30235,-1.29315,
123631,0.200951,0.200951,-0.0756621,-0.076699,1.84114,1.83961,-0.365454,-0.359318,3.14159,3.14466,1.5708,1.56313,-1.30235,-1.29315,
123651,0.200951,0.200951,-0.0756621,-0.076699,1.84114,1.83961,-0.365454,-0.359318,3.14159,3.14466,1.5708,1.56313,-1.30235,-1.29315,
123671,0.200951,0.200951,-0.0756621,-0.076699,1.84114,1.83961,-0.365454,-0.359318,3.14159,3.14466,1.5708,1.56313,-1.30235,-1.29315,
123691,0.200951,0.200951,-0.0756621,-0.076699,1.84114,1.83961,-0.365454,-0.359318,3.14159,3.14466,1.5708,1.56313,-1.30235,-1.29315,
123711,0.200951,0.202485,-0.0756621,-0.076699,1.84114,1.83961,-0.365454,-0.359318,3.14159,3.14466,1.5708,1.56313,-1.30235,-1.29315,
123731,0.200951,0.202485,-0.0756621,-0.076699,1.84114,1.83961,-0.365454,-0.359318,3.14159,3.14466,1.5708,1.56313,-1.30235,-1.29315,
123751,0.200951,0.202485,-0.0756621,-0.076699,1.84114,1.83961,-0.365454,-0.359318,3.14159,3.14466,1.5708,1.56313,-1.30235,-1.29315,
123771,0.200951,0.202485,-0.0756621,-0.076699,1.84114,1.83961,-0.365454,-0.359318,3.14159,3.14466,1.5708,1.56313,-1.30235,-1.29315,
123791,0.200951,0.202485,-0.0756621,-0.076699,1.84114,1.83961,-0.365454,-0.359318,3.14159,3.14466,1.5708,1.56313,-1.30235,-1.29315,
123811,0.200951,0.200951,-0.0756621,-0.076699,1.84114,1.83961,-0.365454,-0.360852,3.14159,3.14466,1.5708,1.56313,-1.30235,-1.29315,
123831,0.200951,0.200951,-0.0756621,-0.076699,1.84114,1.83961,-0.365454,-0.360852,3.14159,3.14466,1.5708,1.56313,-1.30235,-1.29315,
123851,0.200951,0.200951,-0.0756621,-0.076699,1.84114,1.83961,-0.365454,-0.360852,3.14159,3.14466,1.5708,1.56313,-1.30235,-1.29315,
123871,0.200951,0.200951,-0.0756621,-0.076699,1.84114,1.83961,-0.365454,-0.360852,3.14159,3.14466,1.5708,1.56313,-1.30235,-1.29315,
123891,0.200951,0.200951,-0.0756621,-0.076699,1.84114,1.83961,-0.365454,-0.360852,3.14159,3.14466,1.5708,1.56313,-1.30235,-1.29315,
123911,0.200951,0.200951,-0.0756621,-0.076699,1.84114,1.83961,-0.365454,-0.360852,3.14159,3.14466,1.5708,1.56313,-1.30235,-1.29315,
123931,0.200951,0.200951,-0.0756621,-0.076699,1.84114,1.83961,-0.365454,-0.360852,3.14159,3.14466,1.5708,1.56313,-1.30235,-1.29315,
123951,0.200951,0.200951,-0.0756621,-0.076699,1.84114,1.83961,-0.365454,-0.360852,3.14159,3.14466,1.5708,1.56313,-1.30235,-1.29315,
123971,0.200951,0.200951,-0.0756621,-0.076699,1.84114,1.83961,-0.365454,-0.360852,3.14159,3.14466,1.5708,1.56313,-1.30235,-1.29315,
123991,0.200951,0.200951,-0.0756621,-0.076699,1.84114,1.83961,-0.365454,-0.360852,3.14159,3.14466,1.5708,1.56313,-1.30235,-1.29315,
124011,0.200951,0.202485,-0.0756621,-0.076699,1.84114,1.83961,-0.365454,-0.360852,3.14159,3.14466,1.5708,1.56313,-1.30235,-1.29315,
124031,0.200951,0.202485,-0.0756621,-0.076699,1.84114,1.83961,-0.365454,-0.360852,3.14159,3.14466,1.5708,1.56313,-1.30235,-1.29315,
124051,0.200951,0.202485,-0.0756621,-0.076699,1.84114,1.83961,-0.365454,-0.360852,3.14159,3.14466,1.5708,1.56313,-1.30235,-1.29315,
124071,0.200951,0.202485,-0.0756621,-0.076699,1.84114,1.83961,-0.365454,-0.360852,3.14159,3.14466,1.5708,1.56313,-1.30235,-1.29315,
124091,0.200951,0.202485,-0.0756621,-0.076699,1.84114,1.83961,-0.365454,-0.360852,3.14159,3.14466,1.5708,1.56313,-1.30235,-1.29315,
124111,0.200951,0.202485,-0.0756621,-0.076699,1.84114,1.83961,-0.365454,-0.360852,3.14159,3.14466,1.5708,1.56313,-1.30235,-1.29315,
124131,0.200951,0.200951,-0.0756621,-0.076699,1.84114,1.83961,-0.365454,-0.360852,3.14159,3.14466,1.5708,1.56313,-1.30235,-1.29315,
124151,0.200951,0.200951,-0.0756621,-0.076699,1.84114,1.83961,-0.365454,-0.360852,3.14159,3.14466,1.5708,1.56313,-1.30235,-1.29315,
124171,0.200951,0.200951,-0.0756621,-0.076699,1.84114,1.83961,-0.365454,-0.360852,3.14159,3.14466,1.5708,1.56313,-1.30235,-1.29315,
124191,0.200951,0.200951,-0.0756621,-0.076699,1.84114,1.83961,-0.365454,-0.360852,3.14159,3.14466,1.5708,1.56313,-1.30235,-1.29315,
124211,0.200951,0.200951,-0.0756621,-0.076699,1.84114,1.83961,-0.365454,-0.360852,3.14159,3.14466,1.5708,1.56313,-1.30235,-1.29315,
124231,0.200951,0.200951,-0.0756621,-0.076699,1.84114,1.83961,-0.365454,-0.360852,3.14159,3.14466,1.5708,1.56313,-1.30235,-1.29315,
124251,0.200951,0.200951,-0.0756621,-0.076699,1.84114,1.83961,-0.365454,-0.360852,3.14159,3.14466,1.5708,1.56313,-1.30235,-1.29315,
124271,0.200951,0.200951,-0.0756621,-0.076699,1.84114,1.83961,-0.365454,-0.360852,3.14159,3.14466,1.5708,1.56313,-1.30235,-1.29315,
124291,0.200951,0.200951,-0.0756621,-0.076699,1.84114,1.83961,-0.365454,-0.360852,3.14159,3.14466,1.5708,1.56313,-1.30235,-1.29315,
124311,0.200951,0.200951,-0.0756621,-0.076699,1.84114,1.83961,-0.365454,-0.360852,3.14159,3.14466,1.5708,1.56313,-1.30235,-1.29315,
124331,0.200951,0.200951,-0.0756621,-0.076699,1.84114,1.83961,-0.365454,-0.360852,3.14159,3.14466,1.5708,1.56466,-1.30235,-1.29315,
124351,0.200951,0.200951,-0.0756621,-0.076699,1.84114,1.83961,-0.365454,-0.360852,3.14159,3.14466,1.5708,1.56466,-1.30235,-1.29315,
124371,0.200951,0.200951,-0.0756621,-0.076699,1.84114,1.83961,-0.365454,-0.360852,3.14159,3.14466,1.5708,1.56466,-1.30235,-1.29315,
124391,0.200951,0.200951,-0.0756621,-0.076699,1.84114,1.83961,-0.365454,-0.360852,3.14159,3.14466,1.5708,1.56466,-1.30235,-1.29315,
124411,0.200951,0.200951,-0.0756621,-0.076699,1.84114,1.83961,-0.365454,-0.360852,3.14159,3.14466,1.5708,1.56466,-1.30235,-1.29315,
124431,0.200951,0.200951,-0.0756621,-0.076699,1.84114,1.83961,-0.365454,-0.359318,3.14159,3.14466,1.5708,1.56466,-1.30235,-1.29315,
124451,0.200951,0.200951,-0.0756621,-0.076699,1.84114,1.83961,-0.365454,-0.359318,3.14159,3.14466,1.5708,1.56466,-1.30235,-1.29315,
124471,0.200951,0.200951,-0.0756621,-0.076699,1.84114,1.83961,-0.365454,-0.359318,3.14159,3.14466,1.5708,1.56466,-1.30235,-1.29315,
124491,0.200951,0.200951,-0.0756621,-0.076699,1.84114,1.83961,-0.365454,-0.359318,3.14159,3.14466,1.5708,1.56466,-1.30235,-1.29315,
124511,0.200951,0.200951,-0.0756621,-0.076699,1.84114,1.84114,-0.365454,-0.360852,3.14159,3.14466,1.5708,1.56313,-1.30235,-1.29315,
124531,0.200951,0.200951,-0.0756621,-0.076699,1.84114,1.84114,-0.365454,-0.360852,3.14159,3.14466,1.5708,1.56313,-1.30235,-1.29315,
124551,0.200951,0.200951,-0.0756621,-0.076699,1.84114,1.84114,-0.365454,-0.360852,3.14159,3.14466,1.5708,1.56313,-1.30235,-1.29315,
124571,0.200951,0.200951,-0.0756621,-0.076699,1.84114,1.84114,-0.365454,-0.360852,3.14159,3.14466,1.5708,1.56313,-1.30235,-1.29315,
124591,0.200951,0.200951,-0.0756621,-0.076699,1.84114,1.84114,-0.365454,-0.360852,3.14159,3.14466,1.5708,1.56313,-1.30235,-1.29315,
124611,0.200951,0.200951,-0.0756621,-0.076699,1.84114,1.84114,-0.365454,-0.360852,3.14159,3.14466,1.5708,1.56313,-1.30235,-1.29315,
124631,0.200951,0.202485,-0.0756621,-0.076699,1.84114,1.83961,-0.365454,-0.360852,3.14159,3.14466,1.5708,1.56313,-1.30235,-1.29315,
124651,0.200951,0.202485,-0.0756621,-0.076699,1.84114,1.83961,-0.365454,-0.360852,3.14159,3.14466,1.5708,1.56313,-1.30235,-1.29315,
124671,0.200951,0.202485,-0.0756621,-0.076699,1.84114,1.83961,-0.365454,-0.360852,3.14159,3.14466,1.5708,1.56313,-1.30235,-1.29315,
124691,0.200951,0.202485,-0.0756621,-0.076699,1.84114,1.83961,-0.365454,-0.360852,3.14159,3.14466,1.5708,1.56313,-1.30235,-1.29315,
124711,0.200951,0.202485,-0.0756621,-0.076699,1.84114,1.83961,-0.365454,-0.360852,3.14159,3.14466,1.5708,1.56313,-1.30235,-1.29315,
124731,0.200951,0.202485,-0.0756621,-0.076699,1.84114,1.83961,-0.365454,-0.360852,3.14159,3.14466,1.5708,1.56313,-1.30235,-1.29315,
124751,0.200951,0.202485,-0.0756621,-0.076699,1.84114,1.83961,-0.365454,-0.360852,3.14159,3.14466,1.5708,1.56313,-1.30235,-1.29315,
124771,0.200951,0.202485,-0.0756621,-0.076699,1.84114,1.83961,-0.365454,-0.360852,3.14159,3.14466,1.5708,1.56313,-1.30235,-1.29315,
124791,0.200951,0.202485,-0.0756621,-0.076699,1.84114,1.83961,-0.365454,-0.360852,3.14159,3.14466,1.5708,1.56313,-1.30235,-1.29315,
124811,0.200951,0.202485,-0.0756621,-0.076699,1.84114,1.83961,-0.365454,-0.360852,3.14159,3.14466,1.5708,1.56313,-1.30235,-1.29315,
124831,0.200951,0.202485,-0.0756621,-0.076699,1.84114,1.83961,-0.365454,-0.360852,3.14159,3.14466,1.5708,1.56313,-1.30235,-1.29315,
124851,0.200951,0.202485,-0.0756621,-0.076699,1.84114,1.83961,-0.365454,-0.360852,3.14159,3.14466,1.5708,1.56313,-1.30235,-1.29315,
124871,0.200951,0.202485,-0.0756621,-0.076699,1.84114,1.83961,-0.365454,-0.360852,3.14159,3.14466,1.5708,1.56313,-1.30235,-1.29315,
124891,0.200951,0.202485,-0.0756621,-0.076699,1.84114,1.83961,-0.365454,-0.360852,3.14159,3.14466,1.5708,1.56313,-1.30235,-1.29315,
124911,0.200951,0.202485,-0.0756621,-0.076699,1.84114,1.83961,-0.365454,-0.360852,3.14159,3.14466,1.5708,1.56313,-1.30235,-1.29315,
124931,0.200951,0.202485,-0.0756621,-0.076699,1.84114,1.83961,-0.365454,-0.360852,3.14159,3.14466,1.5708,1.56313,-1.30235,-1.29315,
124951,0.200951,0.202485,-0.0756621,-0.076699,1.84114,1.83961,-0.365454,-0.360852,3.14159,3.14466,1.5708,1.56313,-1.30235,-1.29315,
124971,0.200951,0.202485,-0.0756621,-0.076699,1.84114,1.83961,-0.365454,-0.360852,3.14159,3.14466,1.5708,1.56313,-1.30235,-1.29315,
124991,0.200951,0.202485,-0.0756621,-0.076699,1.84114,1.83961,-0.365454,-0.360852,3.14159,3.14466,1.5708,1.56313,-1.30235,-1.29315,
125011,0.200951,0.200951,-0.0756621,-0.076699,1.84114,1.83961,-0.365454,-0.360852,3.14159,3.14466,1.5708,1.56313,-1.30235,-1.29315,
125031,0.200951,0.200951,-0.0756621,-0.076699,1.84114,1.83961,-0.365454,-0.360852,3.14159,3.14466,1.5708,1.56313,-1.30235,-1.29315,
125051,0.200951,0.200951,-0.0756621,-0.076699,1.84114,1.83961,-0.365454,-0.360852,3.14159,3.14466,1.5708,1.56313,-1.30235,-1.29315,
125071,0.200951,0.200951,-0.0756621,-0.076699,1.84114,1.83961,-0.365454,-0.360852,3.14159,3.14466,1.5708,1.56313,-1.30235,-1.29315,
125091,0.200951,0.200951,-0.0756621,-0.076699,1.84114,1.83961,-0.365454,-0.360852,3.14159,3.14466,1.5708,1.56313,-1.30235,-1.29315,
125111,0.200951,0.200951,-0.0756621,-0.076699,1.84114,1.83961,-0.365454,-0.360852,3.14159,3.14466,1.5708,1.56313,-1.30235,-1.29315,
125131,0.200951,0.202485,-0.0756621,-0.076699,1.84114,1.83961,-0.365454,-0.360852,3.14159,3.14466,1.5708,1.56313,-1.30235,-1.29315,
125151,0.200951,0.202485,-0.0756621,-0.076699,1.84114,1.83961,-0.365454,-0.360852,3.14159,3.14466,1.5708,1.56313,-1.30235,-1.29315,
125171,0.200951,0.202485,-0.0756621,-0.076699,1.84114,1.83961,-0.365454,-0.360852,3.14159,3.14466,1.5708,1.56313,-1.30235,-1.29315,
125191,0.200951,0.202485,-0.0756621,-0.076699,1.84114,1.83961,-0.365454,-0.360852,3.14159,3.14466,1.5708,1.56313,-1.30235,-1.29315,
125211,0.200951,0.202485,-0.0756621,-0.076699,1.84114,1.83961,-0.365454,-0.360852,3.14159,3.14466,1.5708,1.56313,-1.30235,-1.29315,
125231,0.200951,0.202485,-0.0756621,-0.076699,1.84114,1.83961,-0.365454,-0.360852,3.14159,3.14466,1.5708,1.56313,-1.30235,-1.29315,
125251,0.200951,0.202485,-0.0756621,-0.076699,1.84114,1.83961,-0.365454,-0.360852,3.14159,3.14466,1.5708,1.56313,-1.30235,-1.29315,
125271,0.200951,0.202485,-0.0756621,-0.076699,1.84114,1.83961,-0.365454,-0.360852,3.14159,3.14466,1.5708,1.56313,-1.30235,-1.29315,
125291,0.200951,0.202485,-0.0756621,-0.076699,1.84114,1.83961,-0.365454,-0.360852,3.14159,3.14466,1.5708,1.56313,-1.30235,-1.29315,
125311,0.200951,0.202485,-0.0756621,-0.076699,1.84114,1.83961,-0.365454,-0.365454,3.14159,3.14466,1.5708,1.56313,-1.30235,-1.29315,
125331,0.200951,0.202485,-0.0756621,-0.076699,1.84114,1.83961,-0.365454,-0.365454,3.14159,3.14466,1.5708,1.56313,-1.30235,-1.29315,
125351,0.200951,0.202485,-0.0756621,-0.076699,1.84114,1.83961,-0.365454,-0.365454,3.14159,3.14466,1.5708,1.56313,-1.30235,-1.29315,
125371,0.200951,0.202485,-0.0756621,-0.076699,1.84114,1.83961,-0.365454,-0.365454,3.14159,3.14466,1.5708,1.56313,-1.30235,-1.29315,
125391,0.200951,0.202485,-0.0756621,-0.076699,1.84114,1.83961,-0.365454,-0.365454,3.14159,3.14466,1.5708,1.56313,-1.30235,-1.29315,
125411,0.200951,0.202485,-0.0756621,-0.076699,1.84114,1.83961,-0.365454,-0.365454,3.14159,3.14466,1.5708,1.56313,-1.30235,-1.29315,
125431,0.200951,0.202485,-0.0756621,-0.076699,1.84114,1.83961,-0.365454,-0.365454,3.14159,3.14466,1.5708,1.56313,-1.30235,-1.29315,
125451,0.200951,0.202485,-0.0756621,-0.076699,1.84114,1.83961,-0.365454,-0.365454,3.14159,3.14466,1.5708,1.56313,-1.30235,-1.29315,
125471,0.200951,0.202485,-0.0756621,-0.076699,1.84114,1.83961,-0.365454,-0.365454,3.14159,3.14466,1.5708,1.56313,-1.30235,-1.29315,
125491,0.200951,0.202485,-0.0756621,-0.076699,1.84114,1.83961,-0.365454,-0.365454,3.14159,3.14466,1.5708,1.56313,-1.30235,-1.29315,
125511,0.200951,0.202485,-0.0756621,-0.076699,1.84114,1.83961,-0.365454,-0.365454,3.14159,3.14466,1.5708,1.56313,-1.30235,-1.29315,
125531,0.200951,0.202485,-0.0756621,-0.076699,1.84114,1.83961,-0.365454,-0.365454,3.14159,3.14466,1.5708,1.56466,-1.30235,-1.29315,
125551,0.200951,0.202485,-0.0756621,-0.076699,1.84114,1.83961,-0.365454,-0.365454,3.14159,3.14466,1.5708,1.56466,-1.30235,-1.29315,
125571,0.200951,0.202485,-0.0756621,-0.076699,1.84114,1.83961,-0.365454,-0.365454,3.14159,3.14466,1.5708,1.56466,-1.30235,-1.29315,
125591,0.200951,0.202485,-0.0756621,-0.076699,1.84114,1.83961,-0.365454,-0.365454,3.14159,3.14466,1.5708,1.56466,-1.30235,-1.29315,
125611,0.200951,0.202485,-0.0756621,-0.076699,1.84114,1.83961,-0.365454,-0.365454,3.14159,3.14466,1.5708,1.56466,-1.30235,-1.29315,
125632,0.200951,0.202485,-0.0756621,-0.076699,1.84114,1.83961,-0.365454,-0.365454,3.14159,3.14466,1.5708,1.56466,-1.30235,-1.29315,
125651,0.200951,0.202485,-0.0756621,-0.076699,1.84114,1.83961,-0.365454,-0.365454,3.14159,3.14466,1.5708,1.56466,-1.30235,-1.29315,
125671,0.200951,0.202485,-0.0756621,-0.076699,1.84114,1.83961,-0.365454,-0.365454,3.14159,3.14466,1.5708,1.56466,-1.30235,-1.29315,
125691,0.200951,0.202485,-0.0756621,-0.076699,1.84114,1.83961,-0.365454,-0.365454,3.14159,3.14466,1.5708,1.56466,-1.30235,-1.29315,
125711,0.200951,0.202485,-0.0756621,-0.076699,1.84114,1.83961,-0.365454,-0.365454,3.14159,3.14466,1.5708,1.56466,-1.30235,-1.29315,
125731,0.200951,0.204019,-0.0756621,-0.076699,1.84114,1.84114,-0.365454,-0.365454,3.14159,3.14466,1.5708,1.56313,-1.30235,-1.29315,
125751,0.200951,0.204019,-0.0756621,-0.076699,1.84114,1.84114,-0.365454,-0.365454,3.14159,3.14466,1.5708,1.56313,-1.30235,-1.29315,
125771,0.200951,0.204019,-0.0756621,-0.076699,1.84114,1.84114,-0.365454,-0.365454,3.14159,3.14466,1.5708,1.56313,-1.30235,-1.29315,
125791,0.200951,0.204019,-0.0756621,-0.076699,1.84114,1.84114,-0.365454,-0.365454,3.14159,3.14466,1.5708,1.56313,-1.30235,-1.29315,
125811,0.200951,0.202485,-0.0756621,-0.076699,1.84114,1.83961,-0.365454,-0.365454,3.14159,3.14466,1.5708,1.56466,-1.30235,-1.29315,
125831,0.200951,0.202485,-0.0756621,-0.076699,1.84114,1.83961,-0.365454,-0.365454,3.14159,3.14466,1.5708,1.56466,-1.30235,-1.29315,
125851,0.200951,0.202485,-0.0756621,-0.076699,1.84114,1.83961,-0.365454,-0.365454,3.14159,3.14466,1.5708,1.56466,-1.30235,-1.29315,
125871,0.200951,0.202485,-0.0756621,-0.076699,1.84114,1.83961,-0.365454,-0.365454,3.14159,3.14466,1.5708,1.56466,-1.30235,-1.29315,
125891,0.200951,0.202485,-0.0756621,-0.076699,1.84114,1.83961,-0.365454,-0.365454,3.14159,3.14466,1.5708,1.56466,-1.30235,-1.29315,
125911,0.200951,0.202485,-0.0756621,-0.076699,1.84114,1.83961,-0.365454,-0.365454,3.14159,3.14466,1.5708,1.56466,-1.30235,-1.29315,
125931,0.200951,0.204019,-0.0756621,-0.076699,1.84114,1.83961,-0.365454,-0.365454,3.14159,3.14466,1.5708,1.56466,-1.30235,-1.29315,
125951,0.200951,0.204019,-0.0756621,-0.076699,1.84114,1.83961,-0.365454,-0.365454,3.14159,3.14466,1.5708,1.56466,-1.30235,-1.29315,
125971,0.200951,0.204019,-0.0756621,-0.076699,1.84114,1.83961,-0.365454,-0.365454,3.14159,3.14466,1.5708,1.56466,-1.30235,-1.29315,
125991,0.200951,0.204019,-0.0756621,-0.076699,1.84114,1.83961,-0.365454,-0.365454,3.14159,3.14466,1.5708,1.56466,-1.30235,-1.29315,
126011,0.200951,0.204019,-0.0756621,-0.076699,1.84114,1.83961,-0.365454,-0.36392,3.14159,3.14466,1.5708,1.56466,-1.30235,-1.29315,
126031,0.200951,0.204019,-0.0756621,-0.076699,1.84114,1.83961,-0.365454,-0.36392,3.14159,3.14466,1.5708,1.56466,-1.30235,-1.29315,
126051,0.200951,0.204019,-0.0756621,-0.076699,1.84114,1.83961,-0.365454,-0.36392,3.14159,3.14466,1.5708,1.56466,-1.30235,-1.29315,
126071,0.200951,0.204019,-0.0756621,-0.076699,1.84114,1.83961,-0.365454,-0.36392,3.14159,3.14466,1.5708,1.56466,-1.30235,-1.29315,
126091,0.200951,0.204019,-0.0756621,-0.076699,1.84114,1.83961,-0.365454,-0.36392,3.14159,3.14466,1.5708,1.56466,-1.30235,-1.29315,
126111,0.200951,0.204019,-0.0756621,-0.076699,1.84114,1.84114,-0.365454,-0.365454,3.14159,3.14313,1.5708,1.56466,-1.30235,-1.29315,
126131,0.200951,0.204019,-0.0756621,-0.076699,1.84114,1.84114,-0.365454,-0.365454,3.14159,3.14313,1.5708,1.56466,-1.30235,-1.29315,
126151,0.200951,0.204019,-0.0756621,-0.076699,1.84114,1.84114,-0.365454,-0.365454,3.14159,3.14313,1.5708,1.56466,-1.30235,-1.29315,
126171,0.200951,0.204019,-0.0756621,-0.076699,1.84114,1.84114,-0.365454,-0.365454,3.14159,3.14313,1.5708,1.56466,-1.30235,-1.29315,
126191,0.200951,0.204019,-0.0756621,-0.076699,1.84114,1.84114,-0.365454,-0.365454,3.14159,3.14313,1.5708,1.56466,-1.30235,-1.29315,
126211,0.200951,0.204019,-0.0756621,-0.076699,1.84114,1.84114,-0.365454,-0.365454,3.14159,3.14313,1.5708,1.56466,-1.30235,-1.29315,
126231,0.200951,0.202485,-0.0756621,-0.076699,1.84114,1.83961,-0.365454,-0.365454,3.14159,3.14313,1.5708,1.56466,-1.30235,-1.29315,
126251,0.200951,0.202485,-0.0756621,-0.076699,1.84114,1.83961,-0.365454,-0.365454,3.14159,3.14313,1.5708,1.56466,-1.30235,-1.29315,
126271,0.200951,0.202485,-0.0756621,-0.076699,1.84114,1.83961,-0.365454,-0.365454,3.14159,3.14313,1.5708,1.56466,-1.30235,-1.29315,
126291,0.200951,0.202485,-0.0756621,-0.076699,1.84114,1.83961,-0.365454,-0.365454,3.14159,3.14313,1.5708,1.56466,-1.30235,-1.29315,
126311,0.200951,0.202485,-0.0756621,-0.076699,1.84114,1.83961,-0.365454,-0.365454,3.14159,3.14313,1.5708,1.56466,-1.30235,-1.29315,
126331,0.200951,0.202485,-0.0756621,-0.076699,1.84114,1.83961,-0.365454,-0.365454,3.14159,3.14466,1.5708,1.56466,-1.30235,-1.29315,
126351,0.200951,0.202485,-0.0756621,-0.076699,1.84114,1.83961,-0.365454,-0.365454,3.14159,3.14466,1.5708,1.56466,-1.30235,-1.29315,
126371,0.200951,0.202485,-0.0756621,-0.076699,1.84114,1.83961,-0.365454,-0.365454,3.14159,3.14466,1.5708,1.56466,-1.30235,-1.29315,
126391,0.200951,0.202485,-0.0756621,-0.076699,1.84114,1.83961,-0.365454,-0.365454,3.14159,3.14466,1.5708,1.56466,-1.30235,-1.29315,
126411,0.200951,0.202485,-0.0756621,-0.076699,1.84114,1.83961,-0.365454,-0.36392,3.14159,3.14313,1.5708,1.56466,-1.30235,-1.29315,
126431,0.200951,0.202485,-0.0756621,-0.076699,1.84114,1.83961,-0.365454,-0.36392,3.14159,3.14313,1.5708,1.56466,-1.30235,-1.29315,
126451,0.200951,0.202485,-0.0756621,-0.076699,1.84114,1.83961,-0.365454,-0.36392,3.14159,3.14313,1.5708,1.56466,-1.30235,-1.29315,
126471,0.200951,0.202485,-0.0756621,-0.076699,1.84114,1.83961,-0.365454,-0.36392,3.14159,3.14313,1.5708,1.56466,-1.30235,-1.29315,
126491,0.200951,0.202485,-0.0756621,-0.076699,1.84114,1.83961,-0.365454,-0.36392,3.14159,3.14313,1.5708,1.56466,-1.30235,-1.29315,
126511,0.200951,0.202485,-0.0756621,-0.076699,1.84114,1.84114,-0.365454,-0.365454,3.14159,3.14313,1.5708,1.56466,-1.30235,-1.29315,
126531,0.200951,0.202485,-0.0756621,-0.076699,1.84114,1.84114,-0.365454,-0.365454,3.14159,3.14313,1.5708,1.56466,-1.30235,-1.29315,
126551,0.200951,0.202485,-0.0756621,-0.076699,1.84114,1.84114,-0.365454,-0.365454,3.14159,3.14313,1.5708,1.56466,-1.30235,-1.29315,
126571,0.200951,0.202485,-0.0756621,-0.076699,1.84114,1.84114,-0.365454,-0.365454,3.14159,3.14313,1.5708,1.56466,-1.30235,-1.29315,
126591,0.200951,0.202485,-0.0756621,-0.076699,1.84114,1.84114,-0.365454,-0.365454,3.14159,3.14313,1.5708,1.56466,-1.30235,-1.29315,
126611,0.200951,0.202485,-0.0756621,-0.076699,1.84114,1.84114,-0.365454,-0.365454,3.14159,3.14313,1.5708,1.56466,-1.30235,-1.29315,
126631,0.200951,0.204019,-0.0756621,-0.076699,1.84114,1.83961,-0.365454,-0.365454,3.14159,3.14313,1.5708,1.56466,-1.30235,-1.29315,
126651,0.200951,0.204019,-0.0756621,-0.076699,1.84114,1.83961,-0.365454,-0.365454,3.14159,3.14313,1.5708,1.56466,-1.30235,-1.29315,
126671,0.200951,0.204019,-0.0756621,-0.076699,1.84114,1.83961,-0.365454,-0.365454,3.14159,3.14313,1.5708,1.56466,-1.30235,-1.29315,
126691,0.200951,0.204019,-0.0756621,-0.076699,1.84114,1.83961,-0.365454,-0.365454,3.14159,3.14313,1.5708,1.56466,-1.30235,-1.29315,
126711,0.200951,0.204019,-0.0756621,-0.076699,1.84114,1.83961,-0.365454,-0.365454,3.14159,3.14313,1.5708,1.56466,-1.30235,-1.29315,
126731,0.200951,0.202485,-0.0756621,-0.076699,1.84114,1.84114,-0.365454,-0.365454,3.14159,3.14313,1.5708,1.56466,-1.30235,-1.29315,
126751,0.200951,0.202485,-0.0756621,-0.076699,1.84114,1.84114,-0.365454,-0.365454,3.14159,3.14313,1.5708,1.56466,-1.30235,-1.29315,
126771,0.200951,0.202485,-0.0756621,-0.076699,1.84114,1.84114,-0.365454,-0.365454,3.14159,3.14313,1.5708,1.56466,-1.30235,-1.29315,
126791,0.200951,0.202485,-0.0756621,-0.076699,1.84114,1.84114,-0.365454,-0.365454,3.14159,3.14313,1.5708,1.56466,-1.30235,-1.29315,
126811,0.200951,0.202485,-0.0756621,-0.076699,1.84114,1.84114,-0.365454,-0.365454,3.14159,3.14313,1.5708,1.56466,-1.30235,-1.29315,
126831,0.200951,0.199418,-0.0756621,-0.076699,1.84114,1.84268,-0.365454,-0.365454,3.14159,3.14313,1.5708,1.56466,-1.30235,-1.29315,
126851,0.200951,0.199418,-0.0756621,-0.076699,1.84114,1.84268,-0.365454,-0.365454,3.14159,3.14313,1.5708,1.56466,-1.30235,-1.29315,
126871,0.200951,0.199418,-0.0756621,-0.076699,1.84114,1.84268,-0.365454,-0.365454,3.14159,3.14313,1.5708,1.56466,-1.30235,-1.29315,
126891,0.200951,0.199418,-0.0756621,-0.076699,1.84114,1.84268,-0.365454,-0.365454,3.14159,3.14313,1.5708,1.56466,-1.30235,-1.29315,
126911,0.200951,0.197884,-0.0756621,-0.076699,1.84114,1.84114,-0.365454,-0.365454,3.14159,3.14313,1.5708,1.56466,-1.30235,-1.29315,
126931,0.200951,0.197884,-0.0756621,-0.076699,1.84114,1.84114,-0.365454,-0.365454,3.14159,3.14313,1.5708,1.56466,-1.30235,-1.29315,
126951,0.200951,0.197884,-0.0756621,-0.076699,1.84114,1.84114,-0.365454,-0.365454,3.14159,3.14313,1.5708,1.56466,-1.30235,-1.29315,
126971,0.200951,0.197884,-0.0756621,-0.076699,1.84114,1.84114,-0.365454,-0.365454,3.14159,3.14313,1.5708,1.56466,-1.30235,-1.29315,
126991,0.200951,0.197884,-0.0756621,-0.076699,1.84114,1.84114,-0.365454,-0.365454,3.14159,3.14313,1.5708,1.56466,-1.30235,-1.29315,
127011,0.200951,0.197884,-0.0756621,-0.076699,1.84114,1.84114,-0.365454,-0.365454,3.14159,3.14313,1.5708,1.56466,-1.30235,-1.29315,
127031,0.200951,0.199418,-0.0756621,-0.076699,1.84114,1.84114,-0.365454,-0.36392,3.14159,3.14466,1.5708,1.56313,-1.30235,-1.29315,
127051,0.200951,0.199418,-0.0756621,-0.076699,1.84114,1.84114,-0.365454,-0.36392,3.14159,3.14466,1.5708,1.56313,-1.30235,-1.29315,
127071,0.200951,0.199418,-0.0756621,-0.076699,1.84114,1.84114,-0.365454,-0.36392,3.14159,3.14466,1.5708,1.56313,-1.30235,-1.29315,
127091,0.200951,0.199418,-0.0756621,-0.076699,1.84114,1.84114,-0.365454,-0.36392,3.14159,3.14466,1.5708,1.56313,-1.30235,-1.29315,
127111,0.200951,0.199418,-0.0756621,-0.076699,1.84114,1.84114,-0.365454,-0.36392,3.14159,3.14466,1.5708,1.56313,-1.30235,-1.29315,
127131,0.200951,0.200951,-0.0756621,-0.076699,1.84114,1.84268,-0.365454,-0.365454,3.14159,3.14313,1.5708,1.56313,-1.30235,-1.29315,
127151,0.200951,0.200951,-0.0756621,-0.076699,1.84114,1.84268,-0.365454,-0.365454,3.14159,3.14313,1.5708,1.56313,-1.30235,-1.29315,
127171,0.200951,0.200951,-0.0756621,-0.076699,1.84114,1.84268,-0.365454,-0.365454,3.14159,3.14313,1.5708,1.56313,-1.30235,-1.29315,
127191,0.200951,0.200951,-0.0756621,-0.076699,1.84114,1.84268,-0.365454,-0.365454,3.14159,3.14313,1.5708,1.56313,-1.30235,-1.29315,
127211,0.200951,0.199418,-0.0756621,-0.076699,1.84114,1.84114,-0.365454,-0.365454,3.14159,3.14466,1.5708,1.56313,-1.30235,-1.29315,
127231,0.200951,0.199418,-0.0756621,-0.076699,1.84114,1.84114,-0.365454,-0.365454,3.14159,3.14466,1.5708,1.56313,-1.30235,-1.29315,
127251,0.200951,0.199418,-0.0756621,-0.076699,1.84114,1.84114,-0.365454,-0.365454,3.14159,3.14466,1.5708,1.56313,-1.30235,-1.29315,
127271,0.200951,0.199418,-0.0756621,-0.076699,1.84114,1.84114,-0.365454,-0.365454,3.14159,3.14466,1.5708,1.56313,-1.30235,-1.29315,
127291,0.200951,0.199418,-0.0756621,-0.076699,1.84114,1.84114,-0.365454,-0.365454,3.14159,3.14466,1.5708,1.56313,-1.30235,-1.29315,
127311,0.200951,0.199418,-0.0756621,-0.076699,1.84114,1.84114,-0.365454,-0.365454,3.14159,3.14313,1.5708,1.56466,-1.30235,-1.29315,
127331,0.200951,0.199418,-0.0756621,-0.076699,1.84114,1.84114,-0.365454,-0.365454,3.14159,3.14313,1.5708,1.56466,-1.30235,-1.29315,
127351,0.200951,0.199418,-0.0756621,-0.076699,1.84114,1.84114,-0.365454,-0.365454,3.14159,3.14313,1.5708,1.56466,-1.30235,-1.29315,
127371,0.200951,0.199418,-0.0756621,-0.076699,1.84114,1.84114,-0.365454,-0.365454,3.14159,3.14313,1.5708,1.56466,-1.30235,-1.29315,
127391,0.200951,0.199418,-0.0756621,-0.076699,1.84114,1.84114,-0.365454,-0.365454,3.14159,3.14313,1.5708,1.56466,-1.30235,-1.29315,
127411,0.200951,0.199418,-0.0756621,-0.076699,1.84114,1.84114,-0.365454,-0.365454,3.14159,3.14313,1.5708,1.56466,-1.30235,-1.29315,
127431,0.200951,0.199418,-0.0756621,-0.076699,1.84114,1.84114,-0.365454,-0.365454,3.14159,3.14313,1.5708,1.56466,-1.30235,-1.29315,
127451,0.200951,0.199418,-0.0756621,-0.076699,1.84114,1.84114,-0.365454,-0.365454,3.14159,3.14313,1.5708,1.56466,-1.30235,-1.29315,
127471,0.200951,0.199418,-0.0756621,-0.076699,1.84114,1.84114,-0.365454,-0.365454,3.14159,3.14313,1.5708,1.56466,-1.30235,-1.29315,
127491,0.200951,0.199418,-0.0756621,-0.076699,1.84114,1.84114,-0.365454,-0.365454,3.14159,3.14313,1.5708,1.56466,-1.30235,-1.29315,
127511,0.200951,0.199418,-0.0756621,-0.076699,1.84114,1.84114,-0.365454,-0.365454,3.14159,3.14313,1.5708,1.56466,-1.30235,-1.29315,
127531,0.200951,0.200951,-0.0756621,-0.076699,1.84114,1.84114,-0.365454,-0.365454,3.14159,3.14466,1.5708,1.56313,-1.30235,-1.29315,
127551,0.200951,0.200951,-0.0756621,-0.076699,1.84114,1.84114,-0.365454,-0.365454,3.14159,3.14466,1.5708,1.56313,-1.30235,-1.29315,
127571,0.200951,0.200951,-0.0756621,-0.076699,1.84114,1.84114,-0.365454,-0.365454,3.14159,3.14466,1.5708,1.56313,-1.30235,-1.29315,
127591,0.200951,0.200951,-0.0756621,-0.076699,1.84114,1.84114,-0.365454,-0.365454,3.14159,3.14466,1.5708,1.56313,-1.30235,-1.29315,
127611,0.200951,0.200951,-0.0756621,-0.076699,1.84114,1.84114,-0.365454,-0.365454,3.14159,3.14466,1.5708,1.56313,-1.30235,-1.29315,
127631,0.200951,0.199418,-0.0756621,-0.076699,1.84114,1.84114,-0.365454,-0.365454,3.14159,3.14313,1.5708,1.56313,-1.30235,-1.29315,
127651,0.200951,0.199418,-0.0756621,-0.076699,1.84114,1.84114,-0.365454,-0.365454,3.14159,3.14313,1.5708,1.56313,-1.30235,-1.29315,
127671,0.200951,0.199418,-0.0756621,-0.076699,1.84114,1.84114,-0.365454,-0.365454,3.14159,3.14313,1.5708,1.56313,-1.30235,-1.29315,
127691,0.200951,0.199418,-0.0756621,-0.076699,1.84114,1.84114,-0.365454,-0.365454,3.14159,3.14313,1.5708,1.56313,-1.30235,-1.29315,
127711,0.200951,0.199418,-0.0756621,-0.076699,1.84114,1.84268,-0.365454,-0.365454,3.14159,3.14313,1.5708,1.56313,-1.30235,-1.29315,
127731,0.200951,0.199418,-0.0756621,-0.076699,1.84114,1.84268,-0.365454,-0.365454,3.14159,3.14313,1.5708,1.56313,-1.30235,-1.29315,
127751,0.200951,0.199418,-0.0756621,-0.076699,1.84114,1.84268,-0.365454,-0.365454,3.14159,3.14313,1.5708,1.56313,-1.30235,-1.29315,
127771,0.200951,0.199418,-0.0756621,-0.076699,1.84114,1.84268,-0.365454,-0.365454,3.14159,3.14313,1.5708,1.56313,-1.30235,-1.29315,
127791,0.200951,0.199418,-0.0756621,-0.076699,1.84114,1.84268,-0.365454,-0.365454,3.14159,3.14313,1.5708,1.56313,-1.30235,-1.29315,
127811,0.200951,0.200951,-0.0756621,-0.076699,1.84114,1.84114,-0.365454,-0.365454,3.14159,3.14313,1.5708,1.56313,-1.30235,-1.29315,
127831,0.200951,0.200951,-0.0756621,-0.076699,1.84114,1.84114,-0.365454,-0.365454,3.14159,3.14313,1.5708,1.56313,-1.30235,-1.29315,
127851,0.200951,0.200951,-0.0756621,-0.076699,1.84114,1.84114,-0.365454,-0.365454,3.14159,3.14313,1.5708,1.56313,-1.30235,-1.29315,
127871,0.200951,0.200951,-0.0756621,-0.076699,1.84114,1.84114,-0.365454,-0.365454,3.14159,3.14313,1.5708,1.56313,-1.30235,-1.29315,
127891,0.200951,0.200951,-0.0756621,-0.076699,1.84114,1.84114,-0.365454,-0.365454,3.14159,3.14313,1.5708,1.56313,-1.30235,-1.29315,
127911,0.200951,0.200951,-0.0756621,-0.076699,1.84114,1.84114,-0.365454,-0.365454,3.14159,3.14313,1.5708,1.56313,-1.30235,-1.29315,
127931,0.200951,0.200951,-0.0756621,-0.076699,1.84114,1.84114,-0.365454,-0.365454,3.14159,3.14466,1.5708,1.56466,-1.30235,-1.29315,
127951,0.200951,0.200951,-0.0756621,-0.076699,1.84114,1.84114,-0.365454,-0.365454,3.14159,3.14466,1.5708,1.56466,-1.30235,-1.29315,
127971,0.200951,0.200951,-0.0756621,-0.076699,1.84114,1.84114,-0.365454,-0.365454,3.14159,3.14466,1.5708,1.56466,-1.30235,-1.29315,
127991,0.200951,0.200951,-0.0756621,-0.076699,1.84114,1.84114,-0.365454,-0.365454,3.14159,3.14466,1.5708,1.56466,-1.30235,-1.29315,
128011,0.200951,0.200951,-0.0756621,-0.076699,1.84114,1.84114,-0.365454,-0.365454,3.14159,3.14466,1.5708,1.56466,-1.30235,-1.29315,
128031,0.200951,0.200951,-0.0756621,-0.076699,1.84114,1.84114,-0.365454,-0.365454,3.14159,3.14313,1.5708,1.56466,-1.30235,-1.29315,
128051,0.200951,0.200951,-0.0756621,-0.076699,1.84114,1.84114,-0.365454,-0.365454,3.14159,3.14313,1.5708,1.56466,-1.30235,-1.29315,
128071,0.200951,0.200951,-0.0756621,-0.076699,1.84114,1.84114,-0.365454,-0.365454,3.14159,3.14313,1.5708,1.56466,-1.30235,-1.29315,
128091,0.200951,0.200951,-0.0756621,-0.076699,1.84114,1.84114,-0.365454,-0.365454,3.14159,3.14313,1.5708,1.56466,-1.30235,-1.29315,
128111,0.200951,0.199418,-0.0756621,-0.076699,1.84114,1.84114,-0.365454,-0.365454,3.14159,3.14466,1.5708,1.56466,-1.30235,-1.29315,
128131,0.200951,0.199418,-0.0756621,-0.076699,1.84114,1.84114,-0.365454,-0.365454,3.14159,3.14466,1.5708,1.56466,-1.30235,-1.29315,
128151,0.200951,0.199418,-0.0756621,-0.076699,1.84114,1.84114,-0.365454,-0.365454,3.14159,3.14466,1.5708,1.56466,-1.30235,-1.29315,
128171,0.200951,0.199418,-0.0756621,-0.076699,1.84114,1.84114,-0.365454,-0.365454,3.14159,3.14466,1.5708,1.56466,-1.30235,-1.29315,
128191,0.200951,0.199418,-0.0756621,-0.076699,1.84114,1.84114,-0.365454,-0.365454,3.14159,3.14466,1.5708,1.56466,-1.30235,-1.29315,
128211,0.200951,0.199418,-0.0756621,-0.076699,1.84114,1.84268,-0.365454,-0.365454,3.14159,3.14466,1.5708,1.56466,-1.30235,-1.29315,
128231,0.200951,0.199418,-0.0756621,-0.076699,1.84114,1.84268,-0.365454,-0.365454,3.14159,3.14466,1.5708,1.56466,-1.30235,-1.29315,
128251,0.200951,0.199418,-0.0756621,-0.076699,1.84114,1.84268,-0.365454,-0.365454,3.14159,3.14466,1.5708,1.56466,-1.30235,-1.29315,
128271,0.200951,0.199418,-0.0756621,-0.076699,1.84114,1.84268,-0.365454,-0.365454,3.14159,3.14466,1.5708,1.56466,-1.30235,-1.29315,
128291,0.200951,0.199418,-0.0756621,-0.076699,1.84114,1.84268,-0.365454,-0.365454,3.14159,3.14466,1.5708,1.56466,-1.30235,-1.29315,
128311,0.200951,0.199418,-0.0756621,-0.076699,1.84114,1.84268,-0.365454,-0.365454,3.14159,3.14466,1.5708,1.56466,-1.30235,-1.29315,
128331,0.200951,0.199418,-0.0756621,-0.076699,1.84114,1.84114,-0.365454,-0.365454,3.14159,3.14466,1.5708,1.56313,-1.30235,-1.29315,
128351,0.200951,0.199418,-0.0756621,-0.076699,1.84114,1.84114,-0.365454,-0.365454,3.14159,3.14466,1.5708,1.56313,-1.30235,-1.29315,
128371,0.200951,0.199418,-0.0756621,-0.076699,1.84114,1.84114,-0.365454,-0.365454,3.14159,3.14466,1.5708,1.56313,-1.30235,-1.29315,
128391,0.200951,0.199418,-0.0756621,-0.076699,1.84114,1.84114,-0.365454,-0.365454,3.14159,3.14466,1.5708,1.56313,-1.30235,-1.29315,
128411,0.200951,0.199418,-0.0756621,-0.076699,1.84114,1.84114,-0.365454,-0.365454,3.14159,3.14313,1.5708,1.56313,-1.30235,-1.29315,
128431,0.200951,0.199418,-0.0756621,-0.076699,1.84114,1.84114,-0.365454,-0.365454,3.14159,3.14313,1.5708,1.56313,-1.30235,-1.29315,
128451,0.200951,0.199418,-0.0756621,-0.076699,1.84114,1.84114,-0.365454,-0.365454,3.14159,3.14313,1.5708,1.56313,-1.30235,-1.29315,
128471,0.200951,0.199418,-0.0756621,-0.076699,1.84114,1.84114,-0.365454,-0.365454,3.14159,3.14313,1.5708,1.56313,-1.30235,-1.29315,
128491,0.200951,0.199418,-0.0756621,-0.076699,1.84114,1.84114,-0.365454,-0.365454,3.14159,3.14313,1.5708,1.56313,-1.30235,-1.29315,
128511,0.200951,0.199418,-0.0756621,-0.076699,1.84114,1.84114,-0.365454,-0.365454,3.14159,3.14466,1.5708,1.56313,-1.30235,-1.29315,
128531,0.200951,0.199418,-0.0756621,-0.076699,1.84114,1.84114,-0.365454,-0.365454,3.14159,3.14466,1.5708,1.56313,-1.30235,-1.29315,
128551,0.200951,0.199418,-0.0756621,-0.076699,1.84114,1.84114,-0.365454,-0.365454,3.14159,3.14466,1.5708,1.56313,-1.30235,-1.29315,
128571,0.200951,0.199418,-0.0756621,-0.076699,1.84114,1.84114,-0.365454,-0.365454,3.14159,3.14466,1.5708,1.56313,-1.30235,-1.29315,
128591,0.200951,0.199418,-0.0756621,-0.076699,1.84114,1.84114,-0.365454,-0.365454,3.14159,3.14466,1.5708,1.56313,-1.30235,-1.29315,
128611,0.200951,0.199418,-0.0756621,-0.076699,1.84114,1.84114,-0.365454,-0.365454,3.14159,3.14466,1.5708,1.56313,-1.30235,-1.29315,
128631,0.200951,0.200951,-0.0756621,-0.076699,1.84114,1.84114,-0.365454,-0.36392,3.14159,3.14313,1.5708,1.56313,-1.30235,-1.29315,
128651,0.200951,0.200951,-0.0756621,-0.076699,1.84114,1.84114,-0.365454,-0.36392,3.14159,3.14313,1.5708,1.56313,-1.30235,-1.29315,
128671,0.200951,0.200951,-0.0756621,-0.076699,1.84114,1.84114,-0.365454,-0.36392,3.14159,3.14313,1.5708,1.56313,-1.30235,-1.29315,
128691,0.200951,0.200951,-0.0756621,-0.076699,1.84114,1.84114,-0.365454,-0.36392,3.14159,3.14313,1.5708,1.56313,-1.30235,-1.29315,
128711,0.200951,0.200951,-0.0756621,-0.076699,1.84114,1.84114,-0.365454,-0.36392,3.14159,3.14313,1.5708,1.56313,-1.30235,-1.29315,
128731,0.200951,0.200951,-0.0756621,-0.076699,1.84114,1.84268,-0.365454,-0.365454,3.14159,3.14466,1.5708,1.56313,-1.30235,-1.29315,
128751,0.200951,0.200951,-0.0756621,-0.076699,1.84114,1.84268,-0.365454,-0.365454,3.14159,3.14466,1.5708,1.56313,-1.30235,-1.29315,
128771,0.200951,0.200951,-0.0756621,-0.076699,1.84114,1.84268,-0.365454,-0.365454,3.14159,3.14466,1.5708,1.56313,-1.30235,-1.29315,
128791,0.200951,0.200951,-0.0756621,-0.076699,1.84114,1.84268,-0.365454,-0.365454,3.14159,3.14466,1.5708,1.56313,-1.30235,-1.29315,
128811,0.200951,0.200951,-0.0756621,-0.076699,1.84114,1.84268,-0.365454,-0.365454,3.14159,3.14466,1.5708,1.56313,-1.30235,-1.29315,
128831,0.200951,0.200951,-0.0756621,-0.076699,1.84114,1.84268,-0.365454,-0.365454,3.14159,3.14466,1.5708,1.56313,-1.30235,-1.29315,
128851,0.200951,0.200951,-0.0756621,-0.076699,1.84114,1.84268,-0.365454,-0.365454,3.14159,3.14466,1.5708,1.56313,-1.30235,-1.29315,
128871,0.200951,0.200951,-0.0756621,-0.076699,1.84114,1.84268,-0.365454,-0.365454,3.14159,3.14466,1.5708,1.56313,-1.30235,-1.29315,
128891,0.200951,0.200951,-0.0756621,-0.076699,1.84114,1.84268,-0.365454,-0.365454,3.14159,3.14466,1.5708,1.56313,-1.30235,-1.29315,
128911,0.200951,0.200951,-0.0756621,-0.076699,1.84114,1.84268,-0.365454,-0.365454,3.14159,3.14466,1.5708,1.56466,-1.30235,-1.29315,
128931,0.200951,0.200951,-0.0756621,-0.076699,1.84114,1.84268,-0.365454,-0.365454,3.14159,3.14466,1.5708,1.56466,-1.30235,-1.29315,
128951,0.200951,0.200951,-0.0756621,-0.076699,1.84114,1.84268,-0.365454,-0.365454,3.14159,3.14466,1.5708,1.56466,-1.30235,-1.29315,
128971,0.200951,0.200951,-0.0756621,-0.076699,1.84114,1.84268,-0.365454,-0.365454,3.14159,3.14466,1.5708,1.56466,-1.30235,-1.29315,
128991,0.200951,0.200951,-0.0756621,-0.076699,1.84114,1.84268,-0.365454,-0.365454,3.14159,3.14466,1.5708,1.56466,-1.30235,-1.29315,
129011,0.200951,0.200951,-0.0756621,-0.076699,1.84114,1.84114,-0.365454,-0.365454,3.14159,3.14466,1.5708,1.56466,-1.30235,-1.29315,
129031,0.200951,0.200951,-0.0756621,-0.076699,1.84114,1.84114,-0.365454,-0.365454,3.14159,3.14466,1.5708,1.56466,-1.30235,-1.29315,
129051,0.200951,0.200951,-0.0756621,-0.076699,1.84114,1.84114,-0.365454,-0.365454,3.14159,3.14466,1.5708,1.56466,-1.30235,-1.29315,
129071,0.200951,0.200951,-0.0756621,-0.076699,1.84114,1.84114,-0.365454,-0.365454,3.14159,3.14466,1.5708,1.56466,-1.30235,-1.29315,
129091,0.200951,0.200951,-0.0756621,-0.076699,1.84114,1.84114,-0.365454,-0.365454,3.14159,3.14466,1.5708,1.56466,-1.30235,-1.29315,
129111,0.200951,0.200951,-0.0756621,-0.076699,1.84114,1.84114,-0.365454,-0.365454,3.14159,3.14466,1.5708,1.56466,-1.30235,-1.29315,
129131,0.200951,0.200951,-0.0756621,-0.076699,1.84114,1.84114,-0.365454,-0.365454,3.14159,3.14313,1.5708,1.56313,-1.30235,-1.29315,
129151,0.200951,0.200951,-0.0756621,-0.076699,1.84114,1.84114,-0.365454,-0.365454,3.14159,3.14313,1.5708,1.56313,-1.30235,-1.29315,
129171,0.200951,0.200951,-0.0756621,-0.076699,1.84114,1.84114,-0.365454,-0.365454,3.14159,3.14313,1.5708,1.56313,-1.30235,-1.29315,
129191,0.200951,0.200951,-0.0756621,-0.076699,1.84114,1.84114,-0.365454,-0.365454,3.14159,3.14313,1.5708,1.56313,-1.30235,-1.29315,
129211,0.200951,0.200951,-0.0756621,-0.076699,1.84114,1.84114,-0.365454,-0.365454,3.14159,3.14313,1.5708,1.56466,-1.30235,-1.29315,
129231,0.200951,0.200951,-0.0756621,-0.076699,1.84114,1.84114,-0.365454,-0.365454,3.14159,3.14313,1.5708,1.56466,-1.30235,-1.29315,
129251,0.200951,0.200951,-0.0756621,-0.076699,1.84114,1.84114,-0.365454,-0.365454,3.14159,3.14313,1.5708,1.56466,-1.30235,-1.29315,
129271,0.200951,0.200951,-0.0756621,-0.076699,1.84114,1.84114,-0.365454,-0.365454,3.14159,3.14313,1.5708,1.56466,-1.30235,-1.29315,
129291,0.200951,0.200951,-0.0756621,-0.076699,1.84114,1.84114,-0.365454,-0.365454,3.14159,3.14313,1.5708,1.56466,-1.30235,-1.29315,
129311,0.200951,0.200951,-0.0756621,-0.076699,1.84114,1.84114,-0.365454,-0.365454,3.14159,3.14313,1.5708,1.56313,-1.30235,-1.29315,
129331,0.200951,0.200951,-0.0756621,-0.076699,1.84114,1.84114,-0.365454,-0.365454,3.14159,3.14313,1.5708,1.56313,-1.30235,-1.29315,
129351,0.200951,0.200951,-0.0756621,-0.076699,1.84114,1.84114,-0.365454,-0.365454,3.14159,3.14313,1.5708,1.56313,-1.30235,-1.29315,
129371,0.200951,0.200951,-0.0756621,-0.076699,1.84114,1.84114,-0.365454,-0.365454,3.14159,3.14313,1.5708,1.56313,-1.30235,-1.29315,
129391,0.200951,0.200951,-0.0756621,-0.076699,1.84114,1.84114,-0.365454,-0.365454,3.14159,3.14313,1.5708,1.56313,-1.30235,-1.29315,
129411,0.200951,0.200951,-0.0756621,-0.076699,1.84114,1.84114,-0.365454,-0.365454,3.14159,3.14313,1.5708,1.56313,-1.30235,-1.29315,
129431,0.200951,0.200951,-0.0756621,-0.076699,1.84114,1.84114,-0.365454,-0.365454,3.14159,3.14313,1.5708,1.56313,-1.30235,-1.29315,
129451,0.200951,0.200951,-0.0756621,-0.076699,1.84114,1.84114,-0.365454,-0.365454,3.14159,3.14313,1.5708,1.56313,-1.30235,-1.29315,
129471,0.200951,0.200951,-0.0756621,-0.076699,1.84114,1.84114,-0.365454,-0.365454,3.14159,3.14313,1.5708,1.56313,-1.30235,-1.29315,
129491,0.200951,0.200951,-0.0756621,-0.076699,1.84114,1.84114,-0.365454,-0.365454,3.14159,3.14313,1.5708,1.56313,-1.30235,-1.29315,
129511,0.200951,0.200951,-0.0756621,-0.076699,1.84114,1.84114,-0.365454,-0.365454,3.14159,3.14313,1.5708,1.56313,-1.30235,-1.29315,
129531,0.200951,0.200951,-0.0756621,-0.076699,1.84114,1.84114,-0.365454,-0.365454,3.14159,3.14313,1.5708,1.56466,-1.30235,-1.29315,
129551,0.200951,0.200951,-0.0756621,-0.076699,1.84114,1.84114,-0.365454,-0.365454,3.14159,3.14313,1.5708,1.56466,-1.30235,-1.29315,
129571,0.200951,0.200951,-0.0756621,-0.076699,1.84114,1.84114,-0.365454,-0.365454,3.14159,3.14313,1.5708,1.56466,-1.30235,-1.29315,
129591,0.200951,0.200951,-0.0756621,-0.076699,1.84114,1.84114,-0.365454,-0.365454,3.14159,3.14313,1.5708,1.56466,-1.30235,-1.29315,
129611,0.200951,0.200951,-0.0756621,-0.076699,1.84114,1.84114,-0.365454,-0.365454,3.14159,3.14313,1.5708,1.56466,-1.30235,-1.29315,
129631,0.200951,0.200951,-0.0756621,-0.076699,1.84114,1.84114,-0.365454,-0.365454,3.14159,3.14313,1.5708,1.56313,-1.30235,-1.29315,
129651,0.200951,0.200951,-0.0756621,-0.076699,1.84114,1.84114,-0.365454,-0.365454,3.14159,3.14313,1.5708,1.56313,-1.30235,-1.29315,
129671,0.200951,0.200951,-0.0756621,-0.076699,1.84114,1.84114,-0.365454,-0.365454,3.14159,3.14313,1.5708,1.56313,-1.30235,-1.29315,
129691,0.200951,0.200951,-0.0756621,-0.076699,1.84114,1.84114,-0.365454,-0.365454,3.14159,3.14313,1.5708,1.56313,-1.30235,-1.29315,
129711,0.200951,0.200951,-0.0756621,-0.076699,1.84114,1.84114,-0.365454,-0.365454,3.14159,3.14313,1.5708,1.56466,-1.30235,-1.29315,
129731,0.200951,0.200951,-0.0756621,-0.076699,1.84114,1.84114,-0.365454,-0.365454,3.14159,3.14313,1.5708,1.56466,-1.30235,-1.29315,
129751,0.200951,0.200951,-0.0756621,-0.076699,1.84114,1.84114,-0.365454,-0.365454,3.14159,3.14313,1.5708,1.56466,-1.30235,-1.29315,
129771,0.200951,0.200951,-0.0756621,-0.076699,1.84114,1.84114,-0.365454,-0.365454,3.14159,3.14313,1.5708,1.56466,-1.30235,-1.29315,
129791,0.200951,0.200951,-0.0756621,-0.076699,1.84114,1.84114,-0.365454,-0.365454,3.14159,3.14313,1.5708,1.56466,-1.30235,-1.29315,
129811,0.200951,0.200951,-0.0756621,-0.076699,1.84114,1.84114,-0.365454,-0.365454,3.14159,3.14466,1.5708,1.56466,-1.30235,-1.29315,
129831,0.200951,0.200951,-0.0756621,-0.076699,1.84114,1.84114,-0.365454,-0.365454,3.14159,3.14466,1.5708,1.56466,-1.30235,-1.29315,
129851,0.200951,0.200951,-0.0756621,-0.076699,1.84114,1.84114,-0.365454,-0.365454,3.14159,3.14466,1.5708,1.56466,-1.30235,-1.29315,
129871,0.200951,0.200951,-0.0756621,-0.076699,1.84114,1.84114,-0.365454,-0.365454,3.14159,3.14466,1.5708,1.56466,-1.30235,-1.29315,
129891,0.200951,0.200951,-0.0756621,-0.076699,1.84114,1.84114,-0.365454,-0.365454,3.14159,3.14466,1.5708,1.56466,-1.30235,-1.29315,
129911,0.200951,0.200951,-0.0756621,-0.076699,1.84114,1.84114,-0.365454,-0.365454,3.14159,3.14466,1.5708,1.56466,-1.30235,-1.29315,
129931,0.200951,0.199418,-0.0756621,-0.076699,1.84114,1.84114,-0.365454,-0.365454,3.14159,3.14466,1.5708,1.56466,-1.30235,-1.29315,
129951,0.200951,0.199418,-0.0756621,-0.076699,1.84114,1.84114,-0.365454,-0.365454,3.14159,3.14466,1.5708,1.56466,-1.30235,-1.29315,
129971,0.200951,0.199418,-0.0756621,-0.076699,1.84114,1.84114,-0.365454,-0.365454,3.14159,3.14466,1.5708,1.56466,-1.30235,-1.29315,
129991,0.200951,0.199418,-0.0756621,-0.076699,1.84114,1.84114,-0.365454,-0.365454,3.14159,3.14466,1.5708,1.56466,-1.30235,-1.29315,
130011,0.200951,0.199418,-0.0756621,-0.076699,1.84114,1.84114,-0.365454,-0.365454,3.14159,3.14466,1.5708,1.56466,-1.30235,-1.29315,
130031,0.200951,0.199418,-0.0756621,-0.076699,1.84114,1.84268,-0.365454,-0.365454,3.14159,3.14313,1.5708,1.56313,-1.30235,-1.29315,
130051,0.200951,0.199418,-0.0756621,-0.076699,1.84114,1.84268,-0.365454,-0.365454,3.14159,3.14313,1.5708,1.56313,-1.30235,-1.29315,
130071,0.200951,0.199418,-0.0756621,-0.076699,1.84114,1.84268,-0.365454,-0.365454,3.14159,3.14313,1.5708,1.56313,-1.30235,-1.29315,
130091,0.200951,0.199418,-0.0756621,-0.076699,1.84114,1.84268,-0.365454,-0.365454,3.14159,3.14313,1.5708,1.56313,-1.30235,-1.29315,
130111,0.200951,0.200951,-0.0756621,-0.076699,1.84114,1.84114,-0.365454,-0.365454,3.14159,3.14466,1.5708,1.56313,-1.30235,-1.29315,
130131,0.200951,0.200951,-0.0756621,-0.076699,1.84114,1.84114,-0.365454,-0.365454,3.14159,3.14466,1.5708,1.56313,-1.30235,-1.29315,
130151,0.200951,0.200951,-0.0756621,-0.076699,1.84114,1.84114,-0.365454,-0.365454,3.14159,3.14466,1.5708,1.56313,-1.30235,-1.29315,
130171,0.200951,0.200951,-0.0756621,-0.076699,1.84114,1.84114,-0.365454,-0.365454,3.14159,3.14466,1.5708,1.56313,-1.30235,-1.29315,
130191,0.200951,0.200951,-0.0756621,-0.076699,1.84114,1.84114,-0.365454,-0.365454,3.14159,3.14466,1.5708,1.56313,-1.30235,-1.29315,
130211,0.200951,0.200951,-0.0756621,-0.076699,1.84114,1.84268,-0.365454,-0.365454,3.14159,3.14313,1.5708,1.56466,-1.30235,-1.29315,
130231,0.200951,0.200951,-0.0756621,-0.076699,1.84114,1.84268,-0.365454,-0.365454,3.14159,3.14313,1.5708,1.56466,-1.30235,-1.29315,
130251,0.200951,0.200951,-0.0756621,-0.076699,1.84114,1.84268,-0.365454,-0.365454,3.14159,3.14313,1.5708,1.56466,-1.30235,-1.29315,
130271,0.200951,0.200951,-0.0756621,-0.076699,1.84114,1.84268,-0.365454,-0.365454,3.14159,3.14313,1.5708,1.56466,-1.30235,-1.29315,
130291,0.200951,0.200951,-0.0756621,-0.076699,1.84114,1.84268,-0.365454,-0.365454,3.14159,3.14313,1.5708,1.56466,-1.30235,-1.29315,
130311,0.200951,0.200951,-0.0756621,-0.076699,1.84114,1.84268,-0.365454,-0.365454,3.14159,3.14313,1.5708,1.56466,-1.30235,-1.29315,
130331,0.200951,0.199418,-0.0756621,-0.076699,1.84114,1.84114,-0.365454,-0.36392,3.14159,3.14313,1.5708,1.56466,-1.30235,-1.29315,
130351,0.200951,0.199418,-0.0756621,-0.076699,1.84114,1.84114,-0.365454,-0.36392,3.14159,3.14313,1.5708,1.56466,-1.30235,-1.29315,
130371,0.200951,0.199418,-0.0756621,-0.076699,1.84114,1.84114,-0.365454,-0.36392,3.14159,3.14313,1.5708,1.56466,-1.30235,-1.29315,
130391,0.200951,0.199418,-0.0756621,-0.076699,1.84114,1.84114,-0.365454,-0.36392,3.14159,3.14313,1.5708,1.56466,-1.30235,-1.29315,
130411,0.200951,0.199418,-0.0756621,-0.076699,1.84114,1.84114,-0.365454,-0.36392,3.14159,3.14313,1.5708,1.56466,-1.30235,-1.29315,
130431,0.200951,0.199418,-0.0756621,-0.076699,1.84114,1.84114,-0.365454,-0.36392,3.14159,3.14466,1.5708,1.56313,-1.30235,-1.29315,
130451,0.200951,0.199418,-0.0756621,-0.076699,1.84114,1.84114,-0.365454,-0.36392,3.14159,3.14466,1.5708,1.56313,-1.30235,-1.29315,
130471,0.200951,0.199418,-0.0756621,-0.076699,1.84114,1.84114,-0.365454,-0.36392,3.14159,3.14466,1.5708,1.56313,-1.30235,-1.29315,
130491,0.200951,0.199418,-0.0756621,-0.076699,1.84114,1.84114,-0.365454,-0.36392,3.14159,3.14466,1.5708,1.56313,-1.30235,-1.29315,
130511,0.200951,0.199418,-0.0756621,-0.076699,1.84114,1.84114,-0.365454,-0.36392,3.14159,3.14466,1.5708,1.56313,-1.30235,-1.29315,
130531,0.200951,0.199418,-0.0756621,-0.076699,1.84114,1.84114,-0.365454,-0.365454,3.14159,3.14466,1.5708,1.56466,-1.30235,-1.29315,
130551,0.200951,0.199418,-0.0756621,-0.076699,1.84114,1.84114,-0.365454,-0.365454,3.14159,3.14466,1.5708,1.56466,-1.30235,-1.29315,
130571,0.200951,0.199418,-0.0756621,-0.076699,1.84114,1.84114,-0.365454,-0.365454,3.14159,3.14466,1.5708,1.56466,-1.30235,-1.29315,
130591,0.200951,0.199418,-0.0756621,-0.076699,1.84114,1.84114,-0.365454,-0.365454,3.14159,3.14466,1.5708,1.56466,-1.30235,-1.29315,
130611,0.200951,0.199418,-0.0756621,-0.076699,1.84114,1.84114,-0.365454,-0.365454,3.14159,3.14466,1.5708,1.56466,-1.30235,-1.29315,
130631,0.200951,0.199418,-0.0756621,-0.0751651,1.84114,1.84268,-0.365454,-0.365454,3.14159,3.14313,1.5708,1.56466,-1.30235,-1.29315,
130651,0.200951,0.199418,-0.0756621,-0.0751651,1.84114,1.84268,-0.365454,-0.365454,3.14159,3.14313,1.5708,1.56466,-1.30235,-1.29315,
130671,0.200951,0.199418,-0.0756621,-0.0751651,1.84114,1.84268,-0.365454,-0.365454,3.14159,3.14313,1.5708,1.56466,-1.30235,-1.29315,
130691,0.200951,0.199418,-0.0756621,-0.0751651,1.84114,1.84268,-0.365454,-0.365454,3.14159,3.14313,1.5708,1.56466,-1.30235,-1.29315,
130711,0.200951,0.199418,-0.0756621,-0.0751651,1.84114,1.84268,-0.365454,-0.365454,3.14159,3.14313,1.5708,1.56466,-1.30235,-1.29315,
130731,0.200951,0.199418,-0.0756621,-0.076699,1.84114,1.84114,-0.365454,-0.365454,3.14159,3.14313,1.5708,1.56313,-1.30235,-1.29315,
130751,0.200951,0.199418,-0.0756621,-0.076699,1.84114,1.84114,-0.365454,-0.365454,3.14159,3.14313,1.5708,1.56313,-1.30235,-1.29315,
130771,0.200951,0.199418,-0.0756621,-0.076699,1.84114,1.84114,-0.365454,-0.365454,3.14159,3.14313,1.5708,1.56313,-1.30235,-1.29315,
130791,0.200951,0.199418,-0.0756621,-0.076699,1.84114,1.84114,-0.365454,-0.365454,3.14159,3.14313,1.5708,1.56313,-1.30235,-1.29315,
130811,0.200951,0.199418,-0.0756621,-0.076699,1.84114,1.84114,-0.365454,-0.365454,3.14159,3.14313,1.5708,1.56466,-1.30235,-1.29315,
130831,0.200951,0.199418,-0.0756621,-0.076699,1.84114,1.84114,-0.365454,-0.365454,3.14159,3.14313,1.5708,1.56466,-1.30235,-1.29315,
130851,0.200951,0.199418,-0.0756621,-0.076699,1.84114,1.84114,-0.365454,-0.365454,3.14159,3.14313,1.5708,1.56466,-1.30235,-1.29315,
130871,0.200951,0.199418,-0.0756621,-0.076699,1.84114,1.84114,-0.365454,-0.365454,3.14159,3.14313,1.5708,1.56466,-1.30235,-1.29315,
130891,0.200951,0.199418,-0.0756621,-0.076699,1.84114,1.84114,-0.365454,-0.365454,3.14159,3.14313,1.5708,1.56466,-1.30235,-1.29315,
130911,0.200951,0.200951,-0.0756621,-0.076699,1.84114,1.84114,-0.365454,-0.36392,3.14159,3.14313,1.5708,1.56466,-1.30235,-1.29315,
130931,0.200951,0.200951,-0.0756621,-0.076699,1.84114,1.84114,-0.365454,-0.36392,3.14159,3.14313,1.5708,1.56466,-1.30235,-1.29315,
130951,0.200951,0.200951,-0.0756621,-0.076699,1.84114,1.84114,-0.365454,-0.36392,3.14159,3.14313,1.5708,1.56466,-1.30235,-1.29315,
130971,0.200951,0.200951,-0.0756621,-0.076699,1.84114,1.84114,-0.365454,-0.36392,3.14159,3.14313,1.5708,1.56466,-1.30235,-1.29315,
130991,0.200951,0.200951,-0.0756621,-0.076699,1.84114,1.84114,-0.365454,-0.36392,3.14159,3.14313,1.5708,1.56466,-1.30235,-1.29315,
131011,0.200951,0.200951,-0.0756621,-0.076699,1.84114,1.84114,-0.365454,-0.36392,3.14159,3.14313,1.5708,1.56466,-1.30235,-1.29315,
131031,0.200951,0.199418,-0.0756621,-0.076699,1.84114,1.84268,-0.365454,-0.365454,3.14159,3.14313,1.5708,1.56466,-1.30235,-1.29315,
131051,0.200951,0.199418,-0.0756621,-0.076699,1.84114,1.84268,-0.365454,-0.365454,3.14159,3.14313,1.5708,1.56466,-1.30235,-1.29315,
131071,0.200951,0.199418,-0.0756621,-0.076699,1.84114,1.84268,-0.365454,-0.365454,3.14159,3.14313,1.5708,1.56466,-1.30235,-1.29315,
131091,0.200951,0.199418,-0.0756621,-0.076699,1.84114,1.84268,-0.365454,-0.365454,3.14159,3.14313,1.5708,1.56466,-1.30235,-1.29315,
131111,0.200951,0.199418,-0.0756621,-0.076699,1.84114,1.84268,-0.365454,-0.365454,3.14159,3.14313,1.5708,1.56466,-1.30235,-1.29315,
131131,0.200951,0.200951,-0.0756621,-0.076699,1.84114,1.84881,-0.365454,-0.365454,3.14159,3.14466,1.5708,1.56466,-1.30235,-1.29315,
131151,0.200951,0.200951,-0.0756621,-0.076699,1.84114,1.84881,-0.365454,-0.365454,3.14159,3.14466,1.5708,1.56466,-1.30235,-1.29315,
131171,0.200951,0.200951,-0.0756621,-0.076699,1.84114,1.84881,-0.365454,-0.365454,3.14159,3.14466,1.5708,1.56466,-1.30235,-1.29315,
131191,0.200951,0.200951,-0.0756621,-0.076699,1.84114,1.84881,-0.365454,-0.365454,3.14159,3.14466,1.5708,1.56466,-1.30235,-1.29315,
131211,0.200951,0.200951,-0.0756621,-0.076699,1.84114,1.84881,-0.365454,-0.365454,3.14159,3.14466,1.5708,1.56466,-1.30235,-1.29315,
131231,0.200951,0.199418,-0.0756621,-0.078233,1.85495,1.85495,-0.365454,-0.365454,3.14159,3.14466,1.5708,1.56466,-1.30235,-1.29315,
131251,0.200951,0.199418,-0.0756621,-0.078233,1.85495,1.85495,-0.365454,-0.365454,3.14159,3.14466,1.5708,1.56466,-1.30235,-1.29315,
131271,0.200951,0.199418,-0.0756621,-0.078233,1.85495,1.85495,-0.365454,-0.365454,3.14159,3.14466,1.5708,1.56466,-1.30235,-1.29315,
131291,0.200951,0.199418,-0.0756621,-0.078233,1.85495,1.85495,-0.365454,-0.365454,3.14159,3.14466,1.5708,1.56466,-1.30235,-1.29315,
131311,0.200951,0.199418,-0.0756621,-0.078233,1.85495,1.85648,-0.365454,-0.365454,3.14159,3.14466,1.5708,1.56466,-1.30235,-1.29315,
131331,0.200951,0.199418,-0.0756621,-0.078233,1.85495,1.85648,-0.365454,-0.365454,3.14159,3.14466,1.5708,1.56466,-1.30235,-1.29315,
131351,0.200951,0.199418,-0.0756621,-0.078233,1.85495,1.85648,-0.365454,-0.365454,3.14159,3.14466,1.5708,1.56466,-1.30235,-1.29315,
131371,0.200951,0.199418,-0.0756621,-0.078233,1.85495,1.85648,-0.365454,-0.365454,3.14159,3.14466,1.5708,1.56466,-1.30235,-1.29315,
131391,0.200951,0.199418,-0.0756621,-0.078233,1.85495,1.85648,-0.365454,-0.365454,3.14159,3.14466,1.5708,1.56466,-1.30235,-1.29315,
131411,0.200951,0.200951,-0.0756621,-0.078233,1.85495,1.85802,-0.365454,-0.365454,3.14159,3.14466,1.5708,1.56313,-1.30235,-1.29315,
131431,0.200951,0.200951,-0.0756621,-0.078233,1.85495,1.85802,-0.365454,-0.365454,3.14159,3.14466,1.5708,1.56313,-1.30235,-1.29315,
131451,0.200951,0.200951,-0.0756621,-0.078233,1.85495,1.85802,-0.365454,-0.365454,3.14159,3.14466,1.5708,1.56313,-1.30235,-1.29315,
131471,0.200951,0.200951,-0.0756621,-0.078233,1.85495,1.85802,-0.365454,-0.365454,3.14159,3.14466,1.5708,1.56313,-1.30235,-1.29315,
131491,0.200951,0.200951,-0.0756621,-0.078233,1.85495,1.85802,-0.365454,-0.365454,3.14159,3.14466,1.5708,1.56313,-1.30235,-1.29315,
131511,0.200951,0.200951,-0.0756621,-0.078233,1.85495,1.85802,-0.365454,-0.365454,3.14159,3.14466,1.5708,1.56313,-1.30235,-1.29315,
131531,0.200951,0.199418,-0.0756621,-0.079767,1.85495,1.85802,-0.365454,-0.365454,3.14159,3.14466,1.5708,1.56313,-1.30235,-1.29315,
131551,0.200951,0.199418,-0.0756621,-0.079767,1.85495,1.85802,-0.365454,-0.365454,3.14159,3.14466,1.5708,1.56313,-1.30235,-1.29315,
131571,0.200951,0.199418,-0.0756621,-0.079767,1.85495,1.85802,-0.365454,-0.365454,3.14159,3.14466,1.5708,1.56313,-1.30235,-1.29315,
131591,0.200951,0.199418,-0.0756621,-0.079767,1.85495,1.85802,-0.365454,-0.365454,3.14159,3.14466,1.5708,1.56313,-1.30235,-1.29315,
131611,0.200951,0.199418,-0.0756621,-0.079767,1.85495,1.85802,-0.365454,-0.365454,3.14159,3.14466,1.5708,1.56313,-1.30235,-1.29315,
131631,0.200951,0.199418,-0.0756621,-0.079767,1.85495,1.85802,-0.365454,-0.365454,3.14159,3.14466,1.5708,1.56313,-1.30235,-1.29315,
131651,0.200951,0.199418,-0.0756621,-0.079767,1.85495,1.85802,-0.365454,-0.365454,3.14159,3.14466,1.5708,1.56313,-1.30235,-1.29315,
131671,0.200951,0.199418,-0.0756621,-0.079767,1.85495,1.85802,-0.365454,-0.365454,3.14159,3.14466,1.5708,1.56313,-1.30235,-1.29315,
131691,0.200951,0.199418,-0.0756621,-0.079767,1.85495,1.85802,-0.365454,-0.365454,3.14159,3.14466,1.5708,1.56313,-1.30235,-1.29315,
131711,0.200951,0.199418,-0.0756621,-0.079767,1.85495,1.85802,-0.365454,-0.365454,3.14159,3.14466,1.5708,1.56313,-1.30235,-1.29315,
131731,0.200951,0.199418,-0.0756621,-0.079767,1.85495,1.85802,-0.365454,-0.365454,3.14159,3.14466,1.5708,1.56313,-1.30235,-1.29315,
131751,0.200951,0.199418,-0.0756621,-0.079767,1.85495,1.85802,-0.365454,-0.365454,3.14159,3.14466,1.5708,1.56313,-1.30235,-1.29315,
131771,0.200951,0.199418,-0.0756621,-0.079767,1.85495,1.85802,-0.365454,-0.365454,3.14159,3.14466,1.5708,1.56313,-1.30235,-1.29315,
131791,0.200951,0.199418,-0.0756621,-0.079767,1.85495,1.85802,-0.365454,-0.365454,3.14159,3.14466,1.5708,1.56313,-1.30235,-1.29315,
131811,0.200951,0.199418,-0.0756621,-0.079767,1.85495,1.85802,-0.365454,-0.365454,3.14159,3.14466,1.5708,1.56313,-1.30235,-1.29315,
131831,0.200951,0.199418,-0.0756621,-0.079767,1.85495,1.85802,-0.365454,-0.365454,3.14159,3.14466,1.5708,1.56313,-1.30235,-1.29315,
131851,0.200951,0.199418,-0.0756621,-0.079767,1.85495,1.85802,-0.365454,-0.365454,3.14159,3.14466,1.5708,1.56313,-1.30235,-1.29315,
131871,0.200951,0.199418,-0.0756621,-0.079767,1.85495,1.85802,-0.365454,-0.365454,3.14159,3.14466,1.5708,1.56313,-1.30235,-1.29315,
131891,0.200951,0.199418,-0.0756621,-0.079767,1.85495,1.85802,-0.365454,-0.365454,3.14159,3.14466,1.5708,1.56313,-1.30235,-1.29315,
131911,0.200951,0.199418,-0.0756621,-0.079767,1.85495,1.85802,-0.365454,-0.365454,3.14159,3.14466,1.5708,1.56313,-1.30235,-1.29315,
131931,0.200951,0.199418,-0.0756621,-0.079767,1.85495,1.85802,-0.365454,-0.365454,3.14159,3.14466,1.5708,1.56466,-1.30235,-1.29315,
131951,0.200951,0.199418,-0.0756621,-0.079767,1.85495,1.85802,-0.365454,-0.365454,3.14159,3.14466,1.5708,1.56466,-1.30235,-1.29315,
131971,0.200951,0.199418,-0.0756621,-0.079767,1.85495,1.85802,-0.365454,-0.365454,3.14159,3.14466,1.5708,1.56466,-1.30235,-1.29315,
131991,0.200951,0.199418,-0.0756621,-0.079767,1.85495,1.85802,-0.365454,-0.365454,3.14159,3.14466,1.5708,1.56466,-1.30235,-1.29315,
132011,0.200951,0.200951,-0.0756621,-0.079767,1.85495,1.85802,-0.365454,-0.365454,3.14159,3.14466,1.5708,1.56466,-1.30235,-1.29315,
132031,0.200951,0.200951,-0.0756621,-0.079767,1.85495,1.85802,-0.365454,-0.365454,3.14159,3.14466,1.5708,1.56466,-1.30235,-1.29315,
132051,0.200951,0.200951,-0.0756621,-0.079767,1.85495,1.85802,-0.365454,-0.365454,3.14159,3.14466,1.5708,1.56466,-1.30235,-1.29315,
132071,0.200951,0.200951,-0.0756621,-0.079767,1.85495,1.85802,-0.365454,-0.365454,3.14159,3.14466,1.5708,1.56466,-1.30235,-1.29315,
132091,0.200951,0.200951,-0.0756621,-0.079767,1.85495,1.85802,-0.365454,-0.365454,3.14159,3.14466,1.5708,1.56466,-1.30235,-1.29315,
132111,0.200951,0.200951,-0.0756621,-0.079767,1.85495,1.85802,-0.365454,-0.365454,3.14159,3.14466,1.5708,1.56466,-1.30235,-1.29315,
132131,0.200951,0.200951,-0.0756621,-0.079767,1.85495,1.85802,-0.365454,-0.365454,3.14159,3.14466,1.5708,1.56466,-1.30235,-1.29315,
132151,0.200951,0.200951,-0.0756621,-0.079767,1.85495,1.85802,-0.365454,-0.365454,3.14159,3.14466,1.5708,1.56466,-1.30235,-1.29315,
132171,0.200951,0.200951,-0.0756621,-0.079767,1.85495,1.85802,-0.365454,-0.365454,3.14159,3.14466,1.5708,1.56466,-1.30235,-1.29315,
132191,0.200951,0.200951,-0.0756621,-0.079767,1.85495,1.85802,-0.365454,-0.365454,3.14159,3.14466,1.5708,1.56466,-1.30235,-1.29315,
132211,0.200951,0.200951,-0.0756621,-0.079767,1.85495,1.85802,-0.365454,-0.365454,3.14159,3.14466,1.5708,1.56313,-1.30235,-1.29315,
132231,0.200951,0.200951,-0.0756621,-0.079767,1.85495,1.85802,-0.365454,-0.365454,3.14159,3.14466,1.5708,1.56313,-1.30235,-1.29315,
132251,0.200951,0.200951,-0.0756621,-0.079767,1.85495,1.85802,-0.365454,-0.365454,3.14159,3.14466,1.5708,1.56313,-1.30235,-1.29315,
132271,0.200951,0.200951,-0.0756621,-0.079767,1.85495,1.85802,-0.365454,-0.365454,3.14159,3.14466,1.5708,1.56313,-1.30235,-1.29315,
132291,0.200951,0.200951,-0.0756621,-0.079767,1.85495,1.85802,-0.365454,-0.365454,3.14159,3.14466,1.5708,1.56313,-1.30235,-1.29315,
132311,0.200951,0.200951,-0.0756621,-0.079767,1.85495,1.85802,-0.365454,-0.365454,3.14159,3.14466,1.5708,1.56313,-1.30235,-1.29315,
132331,0.200951,0.200951,-0.0756621,-0.079767,1.85495,1.85802,-0.365454,-0.365454,3.14159,3.14466,1.5708,1.56313,-1.30235,-1.29315,
132351,0.200951,0.200951,-0.0756621,-0.079767,1.85495,1.85802,-0.365454,-0.365454,3.14159,3.14466,1.5708,1.56313,-1.30235,-1.29315,
132371,0.200951,0.200951,-0.0756621,-0.079767,1.85495,1.85802,-0.365454,-0.365454,3.14159,3.14466,1.5708,1.56313,-1.30235,-1.29315,
132391,0.200951,0.200951,-0.0756621,-0.079767,1.85495,1.85802,-0.365454,-0.365454,3.14159,3.14466,1.5708,1.56313,-1.30235,-1.29315,
132411,0.200951,0.200951,-0.0756621,-0.079767,1.85495,1.85802,-0.365454,-0.365454,3.14159,3.14466,1.5708,1.56313,-1.30235,-1.29315,
132431,0.200951,0.199418,-0.0756621,-0.079767,1.85495,1.85802,-0.365454,-0.365454,3.14159,3.14466,1.5708,1.56313,-1.30235,-1.29315,
132451,0.200951,0.199418,-0.0756621,-0.079767,1.85495,1.85802,-0.365454,-0.365454,3.14159,3.14466,1.5708,1.56313,-1.30235,-1.29315,
132471,0.200951,0.199418,-0.0756621,-0.079767,1.85495,1.85802,-0.365454,-0.365454,3.14159,3.14466,1.5708,1.56313,-1.30235,-1.29315,
132491,0.200951,0.199418,-0.0756621,-0.079767,1.85495,1.85802,-0.365454,-0.365454,3.14159,3.14466,1.5708,1.56313,-1.30235,-1.29315,
132511,0.200951,0.199418,-0.0756621,-0.079767,1.85495,1.85802,-0.365454,-0.365454,3.14159,3.14466,1.5708,1.56313,-1.30235,-1.29315,
132531,0.200951,0.200951,-0.0756621,-0.079767,1.85495,1.85802,-0.365454,-0.365454,3.14159,3.14466,1.5708,1.56466,-1.30235,-1.29315,
132551,0.200951,0.200951,-0.0756621,-0.079767,1.85495,1.85802,-0.365454,-0.365454,3.14159,3.14466,1.5708,1.56466,-1.30235,-1.29315,
132571,0.200951,0.200951,-0.0756621,-0.079767,1.85495,1.85802,-0.365454,-0.365454,3.14159,3.14466,1.5708,1.56466,-1.30235,-1.29315,
132591,0.200951,0.200951,-0.0756621,-0.079767,1.85495,1.85802,-0.365454,-0.365454,3.14159,3.14466,1.5708,1.56466,-1.30235,-1.29315,
132611,0.200951,0.200951,-0.0756621,-0.079767,1.85495,1.85802,-0.365454,-0.365454,3.14159,3.14466,1.5708,1.56466,-1.30235,-1.29315,
132631,0.200951,0.199418,-0.0756621,-0.079767,1.85495,1.85802,-0.365454,-0.365454,3.14159,3.14466,1.5708,1.56466,-1.30235,-1.29315,
132651,0.200951,0.199418,-0.0756621,-0.079767,1.85495,1.85802,-0.365454,-0.365454,3.14159,3.14466,1.5708,1.56466,-1.30235,-1.29315,
132671,0.200951,0.199418,-0.0756621,-0.079767,1.85495,1.85802,-0.365454,-0.365454,3.14159,3.14466,1.5708,1.56466,-1.30235,-1.29315,
132691,0.200951,0.199418,-0.0756621,-0.079767,1.85495,1.85802,-0.365454,-0.365454,3.14159,3.14466,1.5708,1.56466,-1.30235,-1.29315,
132711,0.200951,0.199418,-0.0756621,-0.079767,1.85495,1.85802,-0.365454,-0.365454,3.14159,3.14466,1.5708,1.56466,-1.30235,-1.29315,
132731,0.200951,0.200951,-0.0756621,-0.079767,1.85495,1.85802,-0.365454,-0.365454,3.14159,3.14466,1.5708,1.56313,-1.30235,-1.29315,
132751,0.200951,0.200951,-0.0756621,-0.079767,1.85495,1.85802,-0.365454,-0.365454,3.14159,3.14466,1.5708,1.56313,-1.30235,-1.29315,
132771,0.200951,0.200951,-0.0756621,-0.079767,1.85495,1.85802,-0.365454,-0.365454,3.14159,3.14466,1.5708,1.56313,-1.30235,-1.29315,
132791,0.200951,0.200951,-0.0756621,-0.079767,1.85495,1.85802,-0.365454,-0.365454,3.14159,3.14466,1.5708,1.56313,-1.30235,-1.29315,
132811,0.200951,0.200951,-0.0756621,-0.079767,1.85495,1.85802,-0.365454,-0.365454,3.14159,3.14466,1.5708,1.56466,-1.30235,-1.29315,
132831,0.200951,0.200951,-0.0756621,-0.079767,1.85495,1.85802,-0.365454,-0.365454,3.14159,3.14466,1.5708,1.56466,-1.30235,-1.29315,
132851,0.200951,0.200951,-0.0756621,-0.079767,1.85495,1.85802,-0.365454,-0.365454,3.14159,3.14466,1.5708,1.56466,-1.30235,-1.29315,
132871,0.200951,0.200951,-0.0756621,-0.079767,1.85495,1.85802,-0.365454,-0.365454,3.14159,3.14466,1.5708,1.56466,-1.30235,-1.29315,
132891,0.200951,0.200951,-0.0756621,-0.079767,1.85495,1.85802,-0.365454,-0.365454,3.14159,3.14466,1.5708,1.56466,-1.30235,-1.29315,
132911,0.200951,0.200951,-0.0756621,-0.079767,1.85495,1.85802,-0.365454,-0.365454,3.14159,3.14466,1.5708,1.56466,-1.30235,-1.29315,
132931,0.200951,0.200951,-0.0756621,-0.079767,1.85495,1.85802,-0.365454,-0.365454,3.14159,3.14466,1.5708,1.56466,-1.30235,-1.29315,
132951,0.200951,0.200951,-0.0756621,-0.079767,1.85495,1.85802,-0.365454,-0.365454,3.14159,3.14466,1.5708,1.56466,-1.30235,-1.29315,
132971,0.200951,0.200951,-0.0756621,-0.079767,1.85495,1.85802,-0.365454,-0.365454,3.14159,3.14466,1.5708,1.56466,-1.30235,-1.29315,
132991,0.200951,0.200951,-0.0756621,-0.079767,1.85495,1.85802,-0.365454,-0.365454,3.14159,3.14466,1.5708,1.56466,-1.30235,-1.29315,
133011,0.200951,0.200951,-0.0756621,-0.079767,1.85495,1.85802,-0.365454,-0.365454,3.14159,3.14466,1.5708,1.56466,-1.30235,-1.29315,
133031,0.200951,0.200951,-0.0756621,-0.079767,1.85495,1.85802,-0.365454,-0.365454,3.14159,3.14466,1.5708,1.56466,-1.30235,-1.29315,
133051,0.200951,0.200951,-0.0756621,-0.079767,1.85495,1.85802,-0.365454,-0.365454,3.14159,3.14466,1.5708,1.56466,-1.30235,-1.29315,
133071,0.200951,0.200951,-0.0756621,-0.079767,1.85495,1.85802,-0.365454,-0.365454,3.14159,3.14466,1.5708,1.56466,-1.30235,-1.29315,
133091,0.200951,0.200951,-0.0756621,-0.079767,1.85495,1.85802,-0.365454,-0.365454,3.14159,3.14466,1.5708,1.56466,-1.30235,-1.29315,
133111,0.200951,0.200951,-0.0756621,-0.079767,1.85495,1.85802,-0.365454,-0.365454,3.14159,3.14466,1.5708,1.56466,-1.30235,-1.29315,
133131,0.200951,0.200951,-0.0756621,-0.079767,1.85495,1.85802,-0.365454,-0.365454,3.14159,3.14466,1.5708,1.56466,-1.30235,-1.29315,
133151,0.200951,0.200951,-0.0756621,-0.079767,1.85495,1.85802,-0.365454,-0.365454,3.14159,3.14466,1.5708,1.56466,-1.30235,-1.29315,
133171,0.200951,0.200951,-0.0756621,-0.079767,1.85495,1.85802,-0.365454,-0.365454,3.14159,3.14466,1.5708,1.56466,-1.30235,-1.29315,
133191,0.200951,0.200951,-0.0756621,-0.079767,1.85495,1.85802,-0.365454,-0.365454,3.14159,3.14466,1.5708,1.56466,-1.30235,-1.29315,
133211,0.200951,0.200951,-0.0756621,-0.079767,1.85495,1.85802,-0.365454,-0.365454,3.14159,3.14466,1.5708,1.56466,-1.30235,-1.29315,
133231,0.200951,0.199418,-0.0756621,-0.079767,1.85495,1.85802,-0.365454,-0.365454,3.14159,3.14466,1.5708,1.56466,-1.30235,-1.29315,
133251,0.200951,0.199418,-0.0756621,-0.079767,1.85495,1.85802,-0.365454,-0.365454,3.14159,3.14466,1.5708,1.56466,-1.30235,-1.29315,
133271,0.200951,0.199418,-0.0756621,-0.079767,1.85495,1.85802,-0.365454,-0.365454,3.14159,3.14466,1.5708,1.56466,-1.30235,-1.29315,
133291,0.200951,0.199418,-0.0756621,-0.079767,1.85495,1.85802,-0.365454,-0.365454,3.14159,3.14466,1.5708,1.56466,-1.30235,-1.29315,
133311,0.200951,0.199418,-0.0756621,-0.079767,1.85495,1.85802,-0.365454,-0.365454,3.14159,3.14466,1.5708,1.56313,-1.30235,-1.29315,
133331,0.200951,0.199418,-0.0756621,-0.079767,1.85495,1.85802,-0.365454,-0.365454,3.14159,3.14466,1.5708,1.56313,-1.30235,-1.29315,
133351,0.200951,0.199418,-0.0756621,-0.079767,1.85495,1.85802,-0.365454,-0.365454,3.14159,3.14466,1.5708,1.56313,-1.30235,-1.29315,
133371,0.200951,0.199418,-0.0756621,-0.079767,1.85495,1.85802,-0.365454,-0.365454,3.14159,3.14466,1.5708,1.56313,-1.30235,-1.29315,
133391,0.200951,0.199418,-0.0756621,-0.079767,1.85495,1.85802,-0.365454,-0.365454,3.14159,3.14466,1.5708,1.56313,-1.30235,-1.29315,
133411,0.200951,0.199418,-0.0756621,-0.079767,1.85495,1.85802,-0.365454,-0.365454,3.14159,3.14466,1.5708,1.56313,-1.30235,-1.29315,
133431,0.200951,0.199418,-0.0756621,-0.079767,1.85495,1.85802,-0.365454,-0.365454,3.14159,3.14466,1.5708,1.56466,-1.30235,-1.29315,
133451,0.200951,0.199418,-0.0756621,-0.079767,1.85495,1.85802,-0.365454,-0.365454,3.14159,3.14466,1.5708,1.56466,-1.30235,-1.29315,
133471,0.200951,0.199418,-0.0756621,-0.079767,1.85495,1.85802,-0.365454,-0.365454,3.14159,3.14466,1.5708,1.56466,-1.30235,-1.29315,
133491,0.200951,0.199418,-0.0756621,-0.079767,1.85495,1.85802,-0.365454,-0.365454,3.14159,3.14466,1.5708,1.56466,-1.30235,-1.29315,
133511,0.200951,0.199418,-0.0756621,-0.079767,1.85495,1.85802,-0.365454,-0.365454,3.14159,3.14466,1.5708,1.56466,-1.30235,-1.29315,
133531,0.200951,0.199418,-0.0756621,-0.079767,1.85495,1.85802,-0.365454,-0.365454,3.14159,3.14466,1.5708,1.56466,-1.30235,-1.29315,
133551,0.200951,0.199418,-0.0756621,-0.079767,1.85495,1.85802,-0.365454,-0.365454,3.14159,3.14466,1.5708,1.56466,-1.30235,-1.29315,
133571,0.200951,0.199418,-0.0756621,-0.079767,1.85495,1.85802,-0.365454,-0.365454,3.14159,3.14466,1.5708,1.56466,-1.30235,-1.29315,
133591,0.200951,0.199418,-0.0756621,-0.079767,1.85495,1.85802,-0.365454,-0.365454,3.14159,3.14466,1.5708,1.56466,-1.30235,-1.29315,
133611,0.200951,0.200951,-0.0756621,-0.079767,1.85495,1.85802,-0.365454,-0.365454,3.14159,3.14466,1.5708,1.56313,-1.30235,-1.29315,
133631,0.200951,0.200951,-0.0756621,-0.079767,1.85495,1.85802,-0.365454,-0.365454,3.14159,3.14466,1.5708,1.56313,-1.30235,-1.29315,
133651,0.200951,0.200951,-0.0756621,-0.079767,1.85495,1.85802,-0.365454,-0.365454,3.14159,3.14466,1.5708,1.56313,-1.30235,-1.29315,
133671,0.200951,0.200951,-0.0756621,-0.079767,1.85495,1.85802,-0.365454,-0.365454,3.14159,3.14466,1.5708,1.56313,-1.30235,-1.29315,
133691,0.200951,0.200951,-0.0756621,-0.079767,1.85495,1.85802,-0.365454,-0.365454,3.14159,3.14466,1.5708,1.56313,-1.30235,-1.29315,
133711,0.200951,0.199418,-0.0756621,-0.079767,1.85495,1.85802,-0.365454,-0.365454,3.14159,3.14466,1.5708,1.56466,-1.30235,-1.29315,
133731,0.200951,0.199418,-0.0756621,-0.079767,1.85495,1.85802,-0.365454,-0.365454,3.14159,3.14466,1.5708,1.56466,-1.30235,-1.29315,
133751,0.200951,0.199418,-0.0756621,-0.079767,1.85495,1.85802,-0.365454,-0.365454,3.14159,3.14466,1.5708,1.56466,-1.30235,-1.29315,
133771,0.200951,0.199418,-0.0756621,-0.079767,1.85495,1.85802,-0.365454,-0.365454,3.14159,3.14466,1.5708,1.56466,-1.30235,-1.29315,
133791,0.200951,0.199418,-0.0756621,-0.079767,1.85495,1.85802,-0.365454,-0.365454,3.14159,3.14466,1.5708,1.56466,-1.30235,-1.29315,
133811,0.200951,0.199418,-0.0756621,-0.079767,1.85495,1.85802,-0.365454,-0.365454,3.14159,3.14466,1.5708,1.56466,-1.30235,-1.29315,
133831,0.200951,0.199418,-0.0756621,-0.079767,1.85495,1.85802,-0.365454,-0.365454,3.14159,3.14466,1.5708,1.56466,-1.30235,-1.29315,
133851,0.200951,0.199418,-0.0756621,-0.079767,1.85495,1.85802,-0.365454,-0.365454,3.14159,3.14466,1.5708,1.56466,-1.30235,-1.29315,
133871,0.200951,0.199418,-0.0756621,-0.079767,1.85495,1.85802,-0.365454,-0.365454,3.14159,3.14466,1.5708,1.56466,-1.30235,-1.29315,
133891,0.200951,0.199418,-0.0756621,-0.079767,1.85495,1.85802,-0.365454,-0.365454,3.14159,3.14466,1.5708,1.56466,-1.30235,-1.29315,
133911,0.200951,0.199418,-0.0756621,-0.079767,1.85495,1.85802,-0.365454,-0.365454,3.14159,3.14466,1.5708,1.56466,-1.30235,-1.29315,
133931,0.200951,0.200951,-0.0756621,-0.079767,1.85495,1.85802,-0.365454,-0.365454,3.14159,3.14466,1.5708,1.56466,-1.30235,-1.29315,
133951,0.200951,0.200951,-0.0756621,-0.079767,1.85495,1.85802,-0.365454,-0.365454,3.14159,3.14466,1.5708,1.56466,-1.30235,-1.29315,
133971,0.200951,0.200951,-0.0756621,-0.079767,1.85495,1.85802,-0.365454,-0.365454,3.14159,3.14466,1.5708,1.56466,-1.30235,-1.29315,
133991,0.200951,0.200951,-0.0756621,-0.079767,1.85495,1.85802,-0.365454,-0.365454,3.14159,3.14466,1.5708,1.56466,-1.30235,-1.29315,
134011,0.200951,0.200951,-0.0756621,-0.079767,1.85495,1.85802,-0.365454,-0.365454,3.14159,3.14466,1.5708,1.56466,-1.30235,-1.29315,
134031,0.200951,0.200951,-0.0756621,-0.079767,1.85495,1.85802,-0.365454,-0.365454,3.14159,3.14466,1.5708,1.56313,-1.30235,-1.29315,
134051,0.200951,0.200951,-0.0756621,-0.079767,1.85495,1.85802,-0.365454,-0.365454,3.14159,3.14466,1.5708,1.56313,-1.30235,-1.29315,
134071,0.200951,0.200951,-0.0756621,-0.079767,1.85495,1.85802,-0.365454,-0.365454,3.14159,3.14466,1.5708,1.56313,-1.30235,-1.29315,
134091,0.200951,0.200951,-0.0756621,-0.079767,1.85495,1.85802,-0.365454,-0.365454,3.14159,3.14466,1.5708,1.56313,-1.30235,-1.29315,
134111,0.200951,0.200951,-0.0756621,-0.079767,1.85495,1.85802,-0.365454,-0.365454,3.14159,3.14466,1.5708,1.56313,-1.30235,-1.29315,
134131,0.200951,0.200951,-0.0756621,-0.079767,1.85495,1.85802,-0.365454,-0.365454,3.14159,3.14466,1.5708,1.56313,-1.30235,-1.29315,
134151,0.200951,0.200951,-0.0756621,-0.079767,1.85495,1.85802,-0.365454,-0.365454,3.14159,3.14466,1.5708,1.56313,-1.30235,-1.29315,
134171,0.200951,0.200951,-0.0756621,-0.079767,1.85495,1.85802,-0.365454,-0.365454,3.14159,3.14466,1.5708,1.56313,-1.30235,-1.29315,
134191,0.200951,0.200951,-0.0756621,-0.079767,1.85495,1.85802,-0.365454,-0.365454,3.14159,3.14466,1.5708,1.56313,-1.30235,-1.29315,
134211,0.200951,0.200951,-0.0756621,-0.079767,1.85495,1.85802,-0.365454,-0.365454,3.14159,3.14466,1.5708,1.56313,-1.30235,-1.29315,
134231,0.200951,0.200951,-0.0756621,-0.079767,1.85495,1.85802,-0.365454,-0.365454,3.14159,3.14466,1.5708,1.56466,-1.30235,-1.29315,
134251,0.200951,0.200951,-0.0756621,-0.079767,1.85495,1.85802,-0.365454,-0.365454,3.14159,3.14466,1.5708,1.56466,-1.30235,-1.29315,
134271,0.200951,0.200951,-0.0756621,-0.079767,1.85495,1.85802,-0.365454,-0.365454,3.14159,3.14466,1.5708,1.56466,-1.30235,-1.29315,
134291,0.200951,0.200951,-0.0756621,-0.079767,1.85495,1.85802,-0.365454,-0.365454,3.14159,3.14466,1.5708,1.56466,-1.30235,-1.29315,
134311,0.200951,0.200951,-0.0756621,-0.079767,1.85495,1.85802,-0.365454,-0.365454,3.14159,3.14466,1.5708,1.56466,-1.30235,-1.29315,
134331,0.200951,0.199418,-0.0756621,-0.079767,1.85495,1.85648,-0.365454,-0.365454,3.14159,3.14466,1.5708,1.56466,-1.30235,-1.29315,
134351,0.200951,0.199418,-0.0756621,-0.079767,1.85495,1.85648,-0.365454,-0.365454,3.14159,3.14466,1.5708,1.56466,-1.30235,-1.29315,
134371,0.200951,0.199418,-0.0756621,-0.079767,1.85495,1.85648,-0.365454,-0.365454,3.14159,3.14466,1.5708,1.56466,-1.30235,-1.29315,
134391,0.200951,0.199418,-0.0756621,-0.079767,1.85495,1.85648,-0.365454,-0.365454,3.14159,3.14466,1.5708,1.56466,-1.30235,-1.29315,
134411,0.200951,0.200951,-0.0756621,-0.079767,1.85495,1.85802,-0.365454,-0.365454,3.14159,3.14466,1.5708,1.56466,-1.30235,-1.29315,
134431,0.200951,0.200951,-0.0756621,-0.079767,1.85495,1.85802,-0.365454,-0.365454,3.14159,3.14466,1.5708,1.56466,-1.30235,-1.29315,
134451,0.200951,0.200951,-0.0756621,-0.079767,1.85495,1.85802,-0.365454,-0.365454,3.14159,3.14466,1.5708,1.56466,-1.30235,-1.29315,
134471,0.200951,0.200951,-0.0756621,-0.079767,1.85495,1.85802,-0.365454,-0.365454,3.14159,3.14466,1.5708,1.56466,-1.30235,-1.29315,
134491,0.200951,0.200951,-0.0756621,-0.079767,1.85495,1.85802,-0.365454,-0.365454,3.14159,3.14466,1.5708,1.56466,-1.30235,-1.29315,
134511,0.200951,0.200951,-0.0756621,-0.079767,1.85495,1.85802,-0.365454,-0.365454,3.14159,3.14466,1.5708,1.56466,-1.30235,-1.29315,
134531,0.200951,0.200951,-0.0756621,-0.079767,1.85495,1.85802,-0.365454,-0.365454,3.14159,3.14466,1.5708,1.56466,-1.30235,-1.29315,
134551,0.200951,0.200951,-0.0756621,-0.079767,1.85495,1.85802,-0.365454,-0.365454,3.14159,3.14466,1.5708,1.56466,-1.30235,-1.29315,
134571,0.200951,0.200951,-0.0756621,-0.079767,1.85495,1.85802,-0.365454,-0.365454,3.14159,3.14466,1.5708,1.56466,-1.30235,-1.29315,
134591,0.200951,0.200951,-0.0756621,-0.079767,1.85495,1.85802,-0.365454,-0.365454,3.14159,3.14466,1.5708,1.56466,-1.30235,-1.29315,
134611,0.200951,0.200951,-0.0756621,-0.079767,1.85495,1.85802,-0.365454,-0.365454,3.14159,3.14466,1.5708,1.56466,-1.30235,-1.29315,
134631,0.200951,0.199418,-0.0756621,-0.079767,1.85495,1.85648,-0.365454,-0.365454,3.14159,3.14466,1.5708,1.56466,-1.30235,-1.29315,
134651,0.200951,0.199418,-0.0756621,-0.079767,1.85495,1.85648,-0.365454,-0.365454,3.14159,3.14466,1.5708,1.56466,-1.30235,-1.29315,
134671,0.200951,0.199418,-0.0756621,-0.079767,1.85495,1.85648,-0.365454,-0.365454,3.14159,3.14466,1.5708,1.56466,-1.30235,-1.29315,
134691,0.200951,0.199418,-0.0756621,-0.079767,1.85495,1.85648,-0.365454,-0.365454,3.14159,3.14466,1.5708,1.56466,-1.30235,-1.29315,
134711,0.200951,0.199418,-0.0756621,-0.079767,1.85495,1.85648,-0.365454,-0.365454,3.14159,3.14466,1.5708,1.56466,-1.30235,-1.29315,
134731,0.200951,0.199418,-0.0756621,-0.079767,1.85495,1.85648,-0.365454,-0.365454,3.14159,3.14466,1.5708,1.56466,-1.30235,-1.29315,
134751,0.200951,0.200951,-0.0756621,-0.079767,1.85495,1.85648,-0.365454,-0.365454,3.14159,3.14466,1.5708,1.56466,-1.30235,-1.29315,
134771,0.200951,0.200951,-0.0756621,-0.079767,1.85495,1.85648,-0.365454,-0.365454,3.14159,3.14466,1.5708,1.56466,-1.30235,-1.29315,
134791,0.200951,0.200951,-0.0756621,-0.079767,1.85495,1.85648,-0.365454,-0.365454,3.14159,3.14466,1.5708,1.56466,-1.30235,-1.29315,
134811,0.200951,0.199418,-0.0756621,-0.079767,1.85495,1.85648,-0.365454,-0.365454,3.14159,3.14466,1.5708,1.56466,-1.30235,-1.29315,
134831,0.200951,0.199418,-0.0756621,-0.079767,1.85495,1.85648,-0.365454,-0.365454,3.14159,3.14466,1.5708,1.56466,-1.30235,-1.29315,
134851,0.200951,0.199418,-0.0756621,-0.079767,1.85495,1.85648,-0.365454,-0.365454,3.14159,3.14466,1.5708,1.56466,-1.30235,-1.29315,
134871,0.200951,0.199418,-0.0756621,-0.079767,1.85495,1.85648,-0.365454,-0.365454,3.14159,3.14466,1.5708,1.56466,-1.30235,-1.29315,
134891,0.200951,0.199418,-0.0756621,-0.079767,1.85495,1.85648,-0.365454,-0.365454,3.14159,3.14466,1.5708,1.56466,-1.30235,-1.29315,
134911,0.200951,0.199418,-0.0756621,-0.079767,1.85495,1.85648,-0.365454,-0.365454,3.14159,3.14466,1.5708,1.56466,-1.30235,-1.29315,
134931,0.200951,0.199418,-0.0756621,-0.079767,1.85495,1.85648,-0.365454,-0.365454,3.14159,3.14466,1.5708,1.56466,-1.30235,-1.29315,
134951,0.200951,0.199418,-0.0756621,-0.079767,1.85495,1.85648,-0.365454,-0.365454,3.14159,3.14466,1.5708,1.56466,-1.30235,-1.29315,
134971,0.200951,0.199418,-0.0756621,-0.079767,1.85495,1.85648,-0.365454,-0.365454,3.14159,3.14466,1.5708,1.56466,-1.30235,-1.29315,
134991,0.200951,0.199418,-0.0756621,-0.079767,1.85495,1.85648,-0.365454,-0.365454,3.14159,3.14466,1.5708,1.56466,-1.30235,-1.29315,
135011,0.200951,0.199418,-0.0756621,-0.079767,1.85495,1.85648,-0.365454,-0.365454,3.14159,3.14466,1.5708,1.56466,-1.30235,-1.29315,
135031,0.200951,0.200951,-0.0756621,-0.079767,1.85495,1.85648,-0.365454,-0.365454,3.14159,3.14466,1.5708,1.56466,-1.30235,-1.29315,
135051,0.200951,0.200951,-0.0756621,-0.079767,1.85495,1.85648,-0.365454,-0.365454,3.14159,3.14466,1.5708,1.56466,-1.30235,-1.29315,
135071,0.200951,0.200951,-0.0756621,-0.079767,1.85495,1.85648,-0.365454,-0.365454,3.14159,3.14466,1.5708,1.56466,-1.30235,-1.29315,
135091,0.200951,0.200951,-0.0756621,-0.079767,1.85495,1.85648,-0.365454,-0.365454,3.14159,3.14466,1.5708,1.56466,-1.30235,-1.29315,
135111,0.200951,0.200951,-0.0756621,-0.079767,1.85495,1.85648,-0.365454,-0.365454,3.14159,3.14466,1.5708,1.56466,-1.30235,-1.29315,
135131,0.200951,0.199418,-0.0756621,-0.079767,1.85495,1.85648,-0.365454,-0.365454,3.14159,3.14466,1.5708,1.56466,-1.30235,-1.29315,
135151,0.200951,0.199418,-0.0756621,-0.079767,1.85495,1.85648,-0.365454,-0.365454,3.14159,3.14466,1.5708,1.56466,-1.30235,-1.29315,
135171,0.200951,0.199418,-0.0756621,-0.079767,1.85495,1.85648,-0.365454,-0.365454,3.14159,3.14466,1.5708,1.56466,-1.30235,-1.29315,
135191,0.200951,0.199418,-0.0756621,-0.079767,1.85495,1.85648,-0.365454,-0.365454,3.14159,3.14466,1.5708,1.56466,-1.30235,-1.29315,
135211,0.200951,0.199418,-0.0756621,-0.079767,1.85495,1.85648,-0.365454,-0.365454,3.14159,3.14466,1.5708,1.56466,-1.30235,-1.29315,
135231,0.200951,0.199418,-0.0756621,-0.079767,1.85495,1.85648,-0.365454,-0.365454,3.14159,3.14466,1.5708,1.56466,-1.30235,-1.29315,
135251,0.200951,0.199418,-0.0756621,-0.079767,1.85495,1.85648,-0.365454,-0.365454,3.14159,3.14466,1.5708,1.56466,-1.30235,-1.29315,
135271,0.200951,0.199418,-0.0756621,-0.079767,1.85495,1.85648,-0.365454,-0.365454,3.14159,3.14466,1.5708,1.56466,-1.30235,-1.29315,
135291,0.200951,0.199418,-0.0756621,-0.079767,1.85495,1.85648,-0.365454,-0.365454,3.14159,3.14466,1.5708,1.56466,-1.30235,-1.29315,
135311,0.200951,0.199418,-0.0756621,-0.079767,1.85495,1.85648,-0.365454,-0.365454,3.14159,3.14466,1.5708,1.56466,-1.30235,-1.29315,
135331,0.200951,0.199418,-0.0756621,-0.079767,1.85495,1.85648,-0.365454,-0.365454,3.14159,3.14466,1.5708,1.56466,-1.30235,-1.29315,
135351,0.200951,0.199418,-0.0756621,-0.079767,1.85495,1.85648,-0.365454,-0.365454,3.14159,3.14466,1.5708,1.56466,-1.30235,-1.29315,
135371,0.200951,0.199418,-0.0756621,-0.079767,1.85495,1.85648,-0.365454,-0.365454,3.14159,3.14466,1.5708,1.56466,-1.30235,-1.29315,
135391,0.200951,0.199418,-0.0756621,-0.079767,1.85495,1.85648,-0.365454,-0.365454,3.14159,3.14466,1.5708,1.56466,-1.30235,-1.29315,
135411,0.200951,0.199418,-0.0756621,-0.079767,1.85495,1.85648,-0.365454,-0.365454,3.14159,3.14466,1.5708,1.56466,-1.30235,-1.29315,
135431,0.200951,0.200951,-0.0756621,-0.079767,1.85495,1.85648,-0.365454,-0.365454,3.14159,3.14466,1.5708,1.56466,-1.30235,-1.29315,
135451,0.200951,0.200951,-0.0756621,-0.079767,1.85495,1.85648,-0.365454,-0.365454,3.14159,3.14466,1.5708,1.56466,-1.30235,-1.29315,
135471,0.200951,0.200951,-0.0756621,-0.079767,1.85495,1.85648,-0.365454,-0.365454,3.14159,3.14466,1.5708,1.56466,-1.30235,-1.29315,
135491,0.200951,0.200951,-0.0756621,-0.079767,1.85495,1.85648,-0.365454,-0.365454,3.14159,3.14466,1.5708,1.56466,-1.30235,-1.29315,
135511,0.200951,0.200951,-0.0756621,-0.079767,1.85495,1.85648,-0.365454,-0.365454,3.14159,3.14466,1.5708,1.56466,-1.30235,-1.29315,
135531,0.200951,0.200951,-0.0756621,-0.079767,1.85495,1.85648,-0.365454,-0.365454,3.14159,3.14466,1.5708,1.56466,-1.30235,-1.29315,
135551,0.200951,0.200951,-0.0756621,-0.079767,1.85495,1.85648,-0.365454,-0.365454,3.14159,3.14466,1.5708,1.56466,-1.30235,-1.29315,
135571,0.200951,0.200951,-0.0756621,-0.079767,1.85495,1.85648,-0.365454,-0.365454,3.14159,3.14466,1.5708,1.56466,-1.30235,-1.29315,
135591,0.200951,0.200951,-0.0756621,-0.079767,1.85495,1.85648,-0.365454,-0.365454,3.14159,3.14466,1.5708,1.56466,-1.30235,-1.29315,
135611,0.200951,0.200951,-0.0756621,-0.079767,1.85495,1.85648,-0.365454,-0.365454,3.14159,3.14159,1.5708,1.56159,-1.30235,-1.29315,
135631,0.200951,0.200951,-0.0756621,-0.079767,1.85495,1.85648,-0.365454,-0.365454,3.14159,3.14159,1.5708,1.56159,-1.30235,-1.29315,
135651,0.200951,0.200951,-0.0756621,-0.079767,1.85495,1.85648,-0.365454,-0.365454,3.14159,3.14159,1.5708,1.56159,-1.30235,-1.29315,
135671,0.200951,0.200951,-0.0756621,-0.079767,1.85495,1.85648,-0.365454,-0.365454,3.14159,3.14159,1.5708,1.56159,-1.30235,-1.29315,
135691,0.200951,0.200951,-0.0756621,-0.079767,1.85495,1.85648,-0.365454,-0.365454,3.14159,3.14159,1.5708,1.56159,-1.30235,-1.29315,
135711,0.200951,0.200951,-0.0756621,-0.079767,1.85495,1.85648,-0.365454,-0.365454,3.14159,3.14313,1.5708,1.56159,-1.30235,-1.29315,
135731,0.200951,0.200951,-0.0756621,-0.079767,1.85495,1.85648,-0.365454,-0.365454,3.14159,3.14313,1.5708,1.56159,-1.30235,-1.29315,
135751,0.200951,0.200951,-0.0756621,-0.079767,1.85495,1.85648,-0.365454,-0.365454,3.14159,3.14313,1.5708,1.56159,-1.30235,-1.29315,
135771,0.200951,0.200951,-0.0756621,-0.079767,1.85495,1.85648,-0.365454,-0.365454,3.14159,3.14313,1.5708,1.56159,-1.30235,-1.29315,
135791,0.200951,0.200951,-0.0756621,-0.079767,1.85495,1.85648,-0.365454,-0.365454,3.14159,3.14313,1.5708,1.56159,-1.30235,-1.29315,
135811,0.200951,0.200951,-0.0756621,-0.079767,1.85495,1.85648,-0.365454,-0.365454,3.14159,3.14313,1.5708,1.56159,-1.30235,-1.29315,
135831,0.200951,0.199418,-0.0756621,-0.078233,1.85495,1.85495,-0.365454,-0.365454,3.14159,3.14313,1.5708,1.56159,-1.30235,-1.29315,
135851,0.200951,0.199418,-0.0756621,-0.078233,1.85495,1.85495,-0.365454,-0.365454,3.14159,3.14313,1.5708,1.56159,-1.30235,-1.29315,
135871,0.200951,0.199418,-0.0756621,-0.078233,1.85495,1.85495,-0.365454,-0.365454,3.14159,3.14313,1.5708,1.56159,-1.30235,-1.29315,
135891,0.200951,0.199418,-0.0756621,-0.078233,1.85495,1.85495,-0.365454,-0.365454,3.14159,3.14313,1.5708,1.56159,-1.30235,-1.29315,
135911,0.200951,0.199418,-0.0756621,-0.078233,1.85495,1.85495,-0.365454,-0.365454,3.14159,3.14313,1.5708,1.56159,-1.30235,-1.29315,
135931,0.200951,0.199418,-0.0756621,-0.078233,1.85495,1.85495,-0.365454,-0.365454,3.14159,3.14313,1.5708,1.56159,-1.30235,-1.29315,
135951,0.200951,0.199418,-0.0756621,-0.078233,1.85495,1.85495,-0.365454,-0.365454,3.14159,3.14313,1.5708,1.56159,-1.30235,-1.29315,
135971,0.200951,0.199418,-0.0756621,-0.078233,1.85495,1.85495,-0.365454,-0.365454,3.14159,3.14313,1.5708,1.56159,-1.30235,-1.29315,
135991,0.200951,0.199418,-0.0756621,-0.078233,1.85495,1.85495,-0.365454,-0.365454,3.14159,3.14313,1.5708,1.56159,-1.30235,-1.29315,
136011,0.200951,0.199418,-0.0756621,-0.078233,1.85495,1.85648,-0.365454,-0.365454,3.14159,3.14313,1.5708,1.56159,-1.30235,-1.29315,
136031,0.200951,0.199418,-0.0756621,-0.078233,1.85495,1.85648,-0.365454,-0.365454,3.14159,3.14313,1.5708,1.56159,-1.30235,-1.29315,
136051,0.200951,0.199418,-0.0756621,-0.078233,1.85495,1.85648,-0.365454,-0.365454,3.14159,3.14313,1.5708,1.56159,-1.30235,-1.29315,
136071,0.200951,0.199418,-0.0756621,-0.078233,1.85495,1.85648,-0.365454,-0.365454,3.14159,3.14313,1.5708,1.56159,-1.30235,-1.29315,
136091,0.200951,0.199418,-0.0756621,-0.078233,1.85495,1.85648,-0.365454,-0.365454,3.14159,3.14313,1.5708,1.56159,-1.30235,-1.29315,
136111,0.200951,0.200951,-0.0756621,-0.078233,1.85495,1.85648,-0.365454,-0.365454,3.14159,3.14313,1.5708,1.56159,-1.30235,-1.29315,
136131,0.200951,0.200951,-0.0756621,-0.078233,1.85495,1.85648,-0.365454,-0.365454,3.14159,3.14313,1.5708,1.56159,-1.30235,-1.29315,
136151,0.200951,0.200951,-0.0756621,-0.078233,1.85495,1.85648,-0.365454,-0.365454,3.14159,3.14313,1.5708,1.56159,-1.30235,-1.29315,
136171,0.200951,0.200951,-0.0756621,-0.078233,1.85495,1.85648,-0.365454,-0.365454,3.14159,3.14313,1.5708,1.56159,-1.30235,-1.29315,
136191,0.200951,0.200951,-0.0756621,-0.078233,1.85495,1.85648,-0.365454,-0.365454,3.14159,3.14313,1.5708,1.56159,-1.30235,-1.29315,
136211,0.200951,0.200951,-0.0756621,-0.078233,1.85495,1.85648,-0.365454,-0.365454,3.14159,3.14313,1.5708,1.56159,-1.30235,-1.29315,
136231,0.200951,0.200951,-0.0756621,-0.079767,1.85495,1.85495,-0.365454,-0.365454,3.14159,3.14313,1.5708,1.56159,-1.30235,-1.29315,
136251,0.200951,0.200951,-0.0756621,-0.079767,1.85495,1.85495,-0.365454,-0.365454,3.14159,3.14313,1.5708,1.56159,-1.30235,-1.29315,
136271,0.200951,0.200951,-0.0756621,-0.079767,1.85495,1.85495,-0.365454,-0.365454,3.14159,3.14313,1.5708,1.56159,-1.30235,-1.29315,
136291,0.200951,0.200951,-0.0756621,-0.079767,1.85495,1.85495,-0.365454,-0.365454,3.14159,3.14313,1.5708,1.56159,-1.30235,-1.29315,
136311,0.200951,0.200951,-0.0756621,-0.079767,1.85495,1.85495,-0.365454,-0.365454,3.14159,3.14313,1.5708,1.56159,-1.30235,-1.29315,
136331,0.200951,0.200951,-0.0756621,-0.079767,1.85495,1.85495,-0.365454,-0.365454,3.14159,3.14313,1.5708,1.56159,-1.30235,-1.29315,
136351,0.200951,0.200951,-0.0756621,-0.079767,1.85495,1.85495,-0.365454,-0.365454,3.14159,3.14313,1.5708,1.56159,-1.30235,-1.29315,
136371,0.200951,0.200951,-0.0756621,-0.079767,1.85495,1.85495,-0.365454,-0.365454,3.14159,3.14313,1.5708,1.56159,-1.30235,-1.29315,
136391,0.200951,0.200951,-0.0756621,-0.079767,1.85495,1.85495,-0.365454,-0.365454,3.14159,3.14313,1.5708,1.56159,-1.30235,-1.29315,
136411,0.200951,0.200951,-0.0756621,-0.079767,1.85495,1.85495,-0.365454,-0.365454,3.14159,3.14313,1.5708,1.56159,-1.30235,-1.29315,
136431,0.200951,0.200951,-0.0756621,-0.079767,1.85495,1.85495,-0.365454,-0.365454,3.14159,3.14313,1.5708,1.56159,-1.30235,-1.29315,
136451,0.200951,0.200951,-0.0756621,-0.079767,1.85495,1.85495,-0.365454,-0.365454,3.14159,3.14313,1.5708,1.56159,-1.30235,-1.29315,
136471,0.200951,0.200951,-0.0756621,-0.079767,1.85495,1.85495,-0.365454,-0.365454,3.14159,3.14313,1.5708,1.56159,-1.30235,-1.29315,
136491,0.200951,0.200951,-0.0756621,-0.079767,1.85495,1.85495,-0.365454,-0.365454,3.14159,3.14313,1.5708,1.56159,-1.30235,-1.29315,
136511,0.200951,0.200951,-0.0756621,-0.078233,1.85495,1.85495,-0.365454,-0.365454,3.14159,3.14313,1.5708,1.56159,-1.30235,-1.29315,
136531,0.200951,0.200951,-0.0756621,-0.078233,1.85495,1.85495,-0.365454,-0.365454,3.14159,3.14313,1.5708,1.56159,-1.30235,-1.29315,
136551,0.200951,0.200951,-0.0756621,-0.078233,1.85495,1.85495,-0.365454,-0.365454,3.14159,3.14313,1.5708,1.56159,-1.30235,-1.29315,
136571,0.200951,0.200951,-0.0756621,-0.078233,1.85495,1.85495,-0.365454,-0.365454,3.14159,3.14313,1.5708,1.56159,-1.30235,-1.29315,
136591,0.200951,0.200951,-0.0756621,-0.078233,1.85495,1.85495,-0.365454,-0.365454,3.14159,3.14313,1.5708,1.56159,-1.30235,-1.29315,
136611,0.200951,0.200951,-0.0756621,-0.078233,1.85495,1.85495,-0.365454,-0.365454,3.14159,3.14313,1.5708,1.56159,-1.30235,-1.29315,
136631,0.200951,0.200951,-0.0756621,-0.079767,1.85495,1.85495,-0.365454,-0.365454,3.14159,3.14313,1.5708,1.56159,-1.30235,-1.29315,
136651,0.200951,0.200951,-0.0756621,-0.079767,1.85495,1.85495,-0.365454,-0.365454,3.14159,3.14313,1.5708,1.56159,-1.30235,-1.29315,
136671,0.200951,0.200951,-0.0756621,-0.079767,1.85495,1.85495,-0.365454,-0.365454,3.14159,3.14313,1.5708,1.56159,-1.30235,-1.29315,
136691,0.200951,0.200951,-0.0756621,-0.079767,1.85495,1.85495,-0.365454,-0.365454,3.14159,3.14313,1.5708,1.56159,-1.30235,-1.29315,
136711,0.200951,0.200951,-0.0756621,-0.079767,1.85495,1.85495,-0.365454,-0.365454,3.14159,3.14313,1.5708,1.56159,-1.30235,-1.29315,
136731,0.200951,0.200951,-0.0756621,-0.078233,1.85495,1.85495,-0.365454,-0.365454,3.14159,3.14313,1.5708,1.56159,-1.30235,-1.29315,
136751,0.200951,0.200951,-0.0756621,-0.078233,1.85495,1.85495,-0.365454,-0.365454,3.14159,3.14313,1.5708,1.56159,-1.30235,-1.29315,
136771,0.200951,0.200951,-0.0756621,-0.078233,1.85495,1.85495,-0.365454,-0.365454,3.14159,3.14313,1.5708,1.56159,-1.30235,-1.29315,
136791,0.200951,0.200951,-0.0756621,-0.078233,1.85495,1.85495,-0.365454,-0.365454,3.14159,3.14313,1.5708,1.56159,-1.30235,-1.29315,
136811,0.200951,0.200951,-0.0756621,-0.078233,1.85495,1.85495,-0.365454,-0.365454,3.14159,3.14313,1.5708,1.56159,-1.30235,-1.29315,
136831,0.200951,0.200951,-0.0756621,-0.079767,1.85495,1.85495,-0.365454,-0.365454,3.14159,3.14313,1.5708,1.56159,-1.30235,-1.29315,
136851,0.200951,0.200951,-0.0756621,-0.079767,1.85495,1.85495,-0.365454,-0.365454,3.14159,3.14313,1.5708,1.56159,-1.30235,-1.29315,
136871,0.200951,0.200951,-0.0756621,-0.079767,1.85495,1.85495,-0.365454,-0.365454,3.14159,3.14313,1.5708,1.56159,-1.30235,-1.29315,
136891,0.200951,0.200951,-0.0756621,-0.079767,1.85495,1.85495,-0.365454,-0.365454,3.14159,3.14313,1.5708,1.56159,-1.30235,-1.29315,
136911,0.200951,0.200951,-0.0756621,-0.079767,1.85495,1.85495,-0.365454,-0.365454,3.14159,3.14313,1.5708,1.56159,-1.30235,-1.29315,
136931,0.200951,0.200951,-0.0756621,-0.079767,1.85495,1.85495,-0.365454,-0.365454,3.14159,3.14313,1.5708,1.56159,-1.30235,-1.29315,
136951,0.200951,0.200951,-0.0756621,-0.079767,1.85495,1.85495,-0.365454,-0.365454,3.14159,3.14313,1.5708,1.56159,-1.30235,-1.29315,
136971,0.200951,0.200951,-0.0756621,-0.079767,1.85495,1.85495,-0.365454,-0.365454,3.14159,3.14313,1.5708,1.56159,-1.30235,-1.29315,
136991,0.200951,0.200951,-0.0756621,-0.079767,1.85495,1.85495,-0.365454,-0.365454,3.14159,3.14313,1.5708,1.56159,-1.30235,-1.29315,
137011,0.200951,0.200951,-0.0756621,-0.079767,1.85495,1.85495,-0.365454,-0.365454,3.14159,3.14313,1.5708,1.56159,-1.30235,-1.29315,
137031,0.200951,0.200951,-0.0756621,-0.078233,1.85495,1.85495,-0.365454,-0.365454,3.14159,3.14313,1.5708,1.56159,-1.30235,-1.29315,
137051,0.200951,0.200951,-0.0756621,-0.078233,1.85495,1.85495,-0.365454,-0.365454,3.14159,3.14313,1.5708,1.56159,-1.30235,-1.29315,
137071,0.200951,0.200951,-0.0756621,-0.078233,1.85495,1.85495,-0.365454,-0.365454,3.14159,3.14313,1.5708,1.56159,-1.30235,-1.29315,
137091,0.200951,0.200951,-0.0756621,-0.078233,1.85495,1.85495,-0.365454,-0.365454,3.14159,3.14313,1.5708,1.56159,-1.30235,-1.29315,
137111,0.200951,0.200951,-0.0756621,-0.078233,1.85495,1.85495,-0.365454,-0.365454,3.14159,3.14313,1.5708,1.56159,-1.30235,-1.29315,
137131,0.200951,0.199418,-0.0756621,-0.078233,1.85495,1.85495,-0.365454,-0.365454,3.14159,3.14313,1.5708,1.56159,-1.30235,-1.29315,
137151,0.200951,0.199418,-0.0756621,-0.078233,1.85495,1.85495,-0.365454,-0.365454,3.14159,3.14313,1.5708,1.56159,-1.30235,-1.29315,
137171,0.200951,0.199418,-0.0756621,-0.078233,1.85495,1.85495,-0.365454,-0.365454,3.14159,3.14313,1.5708,1.56159,-1.30235,-1.29315,
137191,0.200951,0.199418,-0.0756621,-0.078233,1.85495,1.85495,-0.365454,-0.365454,3.14159,3.14313,1.5708,1.56159,-1.30235,-1.29315,
137211,0.200951,0.200951,-0.0756621,-0.079767,1.85495,1.85495,-0.365454,-0.365454,3.14159,3.14313,1.5708,1.56159,-1.30235,-1.29315,
137231,0.200951,0.200951,-0.0756621,-0.079767,1.85495,1.85495,-0.365454,-0.365454,3.14159,3.14313,1.5708,1.56159,-1.30235,-1.29315,
137251,0.200951,0.200951,-0.0756621,-0.079767,1.85495,1.85495,-0.365454,-0.365454,3.14159,3.14313,1.5708,1.56159,-1.30235,-1.29315,
137271,0.200951,0.200951,-0.0756621,-0.079767,1.85495,1.85495,-0.365454,-0.365454,3.14159,3.14313,1.5708,1.56159,-1.30235,-1.29315,
137291,0.200951,0.200951,-0.0756621,-0.079767,1.85495,1.85495,-0.365454,-0.365454,3.14159,3.14313,1.5708,1.56159,-1.30235,-1.29315,
137311,0.200951,0.200951,-0.0756621,-0.078233,1.85495,1.85495,-0.365454,-0.365454,3.14159,3.14313,1.5708,1.56159,-1.30235,-1.29315,
137331,0.200951,0.200951,-0.0756621,-0.078233,1.85495,1.85495,-0.365454,-0.365454,3.14159,3.14313,1.5708,1.56159,-1.30235,-1.29315,
137351,0.200951,0.200951,-0.0756621,-0.078233,1.85495,1.85495,-0.365454,-0.365454,3.14159,3.14313,1.5708,1.56159,-1.30235,-1.29315,
137371,0.200951,0.200951,-0.0756621,-0.078233,1.85495,1.85495,-0.365454,-0.365454,3.14159,3.14313,1.5708,1.56159,-1.30235,-1.29315,
137391,0.200951,0.200951,-0.0756621,-0.078233,1.85495,1.85495,-0.365454,-0.365454,3.14159,3.14313,1.5708,1.56159,-1.30235,-1.29315,
137411,0.200951,0.200951,-0.0756621,-0.078233,1.85495,1.85495,-0.365454,-0.365454,3.14159,3.14313,1.5708,1.56159,-1.30235,-1.29315,
137431,0.200951,0.200951,-0.0756621,-0.078233,1.85495,1.85495,-0.365454,-0.365454,3.14159,3.14313,1.5708,1.56159,-1.30235,-1.29315,
137451,0.200951,0.200951,-0.0756621,-0.078233,1.85495,1.85495,-0.365454,-0.365454,3.14159,3.14313,1.5708,1.56159,-1.30235,-1.29315,
137471,0.200951,0.200951,-0.0756621,-0.078233,1.85495,1.85495,-0.365454,-0.365454,3.14159,3.14313,1.5708,1.56159,-1.30235,-1.29315,
137491,0.200951,0.200951,-0.0756621,-0.078233,1.85495,1.85495,-0.365454,-0.365454,3.14159,3.14313,1.5708,1.56159,-1.30235,-1.29315,
137511,0.200951,0.200951,-0.0756621,-0.078233,1.85495,1.85495,-0.365454,-0.365454,3.14159,3.14313,1.5708,1.56159,-1.30235,-1.29315,
137531,0.200951,0.199418,-0.0756621,-0.078233,1.85495,1.85495,-0.365454,-0.365454,3.14159,3.14313,1.5708,1.56159,-1.30235,-1.29315,
137551,0.200951,0.199418,-0.0756621,-0.078233,1.85495,1.85495,-0.365454,-0.365454,3.14159,3.14313,1.5708,1.56159,-1.30235,-1.29315,
137571,0.200951,0.199418,-0.0756621,-0.078233,1.85495,1.85495,-0.365454,-0.365454,3.14159,3.14313,1.5708,1.56159,-1.30235,-1.29315,
137591,0.200951,0.199418,-0.0756621,-0.078233,1.85495,1.85495,-0.365454,-0.365454,3.14159,3.14313,1.5708,1.56159,-1.30235,-1.29315,
137611,0.200951,0.199418,-0.0756621,-0.078233,1.85495,1.85495,-0.365454,-0.365454,3.14159,3.14313,1.5708,1.56159,-1.30235,-1.29315,
137631,0.200951,0.199418,-0.0756621,-0.078233,1.85495,1.85495,-0.365454,-0.365454,3.14159,3.14313,1.5708,1.56159,-1.30235,-1.29315,
137651,0.200951,0.199418,-0.0756621,-0.078233,1.85495,1.85495,-0.365454,-0.365454,3.14159,3.14313,1.5708,1.56159,-1.30235,-1.29315,
137671,0.200951,0.199418,-0.0756621,-0.078233,1.85495,1.85495,-0.365454,-0.365454,3.14159,3.14313,1.5708,1.56159,-1.30235,-1.29315,
137691,0.200951,0.199418,-0.0756621,-0.078233,1.85495,1.85495,-0.365454,-0.365454,3.14159,3.14313,1.5708,1.56159,-1.30235,-1.29315,
137711,0.200951,0.200951,-0.0756621,-0.078233,1.85495,1.85495,-0.365454,-0.365454,3.14159,3.14313,1.5708,1.56159,-1.30235,-1.29315,
137731,0.200951,0.200951,-0.0756621,-0.078233,1.85495,1.85495,-0.365454,-0.365454,3.14159,3.14313,1.5708,1.56159,-1.30235,-1.29315,
137751,0.200951,0.200951,-0.0756621,-0.078233,1.85495,1.85495,-0.365454,-0.365454,3.14159,3.14313,1.5708,1.56159,-1.30235,-1.29315,
137771,0.200951,0.200951,-0.0756621,-0.078233,1.85495,1.85495,-0.365454,-0.365454,3.14159,3.14313,1.5708,1.56159,-1.30235,-1.29315,
137791,0.200951,0.200951,-0.0756621,-0.078233,1.85495,1.85495,-0.365454,-0.365454,3.14159,3.14313,1.5708,1.56159,-1.30235,-1.29315,
137811,0.200951,0.200951,-0.0756621,-0.078233,1.85495,1.85495,-0.365454,-0.365454,3.14159,3.14313,1.5708,1.56159,-1.30235,-1.29315,
137831,0.200951,0.200951,-0.0756621,-0.079767,1.85495,1.85495,-0.365454,-0.365454,3.14159,3.14313,1.5708,1.56159,-1.30235,-1.29315,
137851,0.200951,0.200951,-0.0756621,-0.079767,1.85495,1.85495,-0.365454,-0.365454,3.14159,3.14313,1.5708,1.56159,-1.30235,-1.29315,
137871,0.200951,0.200951,-0.0756621,-0.079767,1.85495,1.85495,-0.365454,-0.365454,3.14159,3.14313,1.5708,1.56159,-1.30235,-1.29315,
137891,0.200951,0.200951,-0.0756621,-0.079767,1.85495,1.85495,-0.365454,-0.365454,3.14159,3.14313,1.5708,1.56159,-1.30235,-1.29315,
137911,0.200951,0.200951,-0.0756621,-0.079767,1.85495,1.85495,-0.365454,-0.365454,3.14159,3.14313,1.5708,1.56159,-1.30235,-1.29315,
137931,0.200951,0.200951,-0.0756621,-0.078233,1.85495,1.85495,-0.365454,-0.365454,3.14159,3.14313,1.5708,1.56159,-1.30235,-1.29315,
137951,0.200951,0.200951,-0.0756621,-0.078233,1.85495,1.85495,-0.365454,-0.365454,3.14159,3.14313,1.5708,1.56159,-1.30235,-1.29315,
137971,0.200951,0.200951,-0.0756621,-0.078233,1.85495,1.85495,-0.365454,-0.365454,3.14159,3.14313,1.5708,1.56159,-1.30235,-1.29315,
137991,0.200951,0.200951,-0.0756621,-0.078233,1.85495,1.85495,-0.365454,-0.365454,3.14159,3.14313,1.5708,1.56159,-1.30235,-1.29315,
138011,0.200951,0.199418,-0.0756621,-0.078233,1.85495,1.85495,-0.365454,-0.365454,3.14159,3.14313,1.5708,1.56159,-1.30235,-1.29315,
138031,0.200951,0.199418,-0.0756621,-0.078233,1.85495,1.85495,-0.365454,-0.365454,3.14159,3.14313,1.5708,1.56159,-1.30235,-1.29315,
138051,0.200951,0.199418,-0.0756621,-0.078233,1.85495,1.85495,-0.365454,-0.365454,3.14159,3.14313,1.5708,1.56159,-1.30235,-1.29315,
138071,0.200951,0.199418,-0.0756621,-0.078233,1.85495,1.85495,-0.365454,-0.365454,3.14159,3.14313,1.5708,1.56159,-1.30235,-1.29315,
138091,0.200951,0.199418,-0.0756621,-0.078233,1.85495,1.85495,-0.365454,-0.365454,3.14159,3.14313,1.5708,1.56159,-1.30235,-1.29315,
138111,0.200951,0.200951,-0.0756621,-0.078233,1.85495,1.85495,-0.365454,-0.365454,3.14159,3.14313,1.5708,1.56159,-1.30235,-1.29315,
138131,0.200951,0.200951,-0.0756621,-0.078233,1.85495,1.85495,-0.365454,-0.365454,3.14159,3.14313,1.5708,1.56159,-1.30235,-1.29315,
138151,0.200951,0.200951,-0.0756621,-0.078233,1.85495,1.85495,-0.365454,-0.365454,3.14159,3.14313,1.5708,1.56159,-1.30235,-1.29315,
138171,0.200951,0.200951,-0.0756621,-0.078233,1.85495,1.85495,-0.365454,-0.365454,3.14159,3.14313,1.5708,1.56159,-1.30235,-1.29315,
138191,0.200951,0.200951,-0.0756621,-0.078233,1.85495,1.85495,-0.365454,-0.365454,3.14159,3.14313,1.5708,1.56159,-1.30235,-1.29315,
138211,0.200951,0.200951,-0.0756621,-0.078233,1.85495,1.85495,-0.365454,-0.365454,3.14159,3.14313,1.5708,1.56159,-1.30235,-1.29315,
138231,0.200951,0.200951,-0.0756621,-0.078233,1.85495,1.85495,-0.365454,-0.365454,3.14159,3.14313,1.5708,1.56159,-1.30235,-1.29315,
138251,0.200951,0.200951,-0.0756621,-0.078233,1.85495,1.85495,-0.365454,-0.365454,3.14159,3.14313,1.5708,1.56159,-1.30235,-1.29315,
138271,0.200951,0.200951,-0.0756621,-0.078233,1.85495,1.85495,-0.365454,-0.365454,3.14159,3.14313,1.5708,1.56159,-1.30235,-1.29315,
138291,0.200951,0.200951,-0.0756621,-0.078233,1.85495,1.85495,-0.365454,-0.365454,3.14159,3.14313,1.5708,1.56159,-1.30235,-1.29315,
138311,0.200951,0.200951,-0.0756621,-0.078233,1.85495,1.85495,-0.365454,-0.365454,3.14159,3.14313,1.5708,1.56159,-1.30235,-1.29315,
138331,0.200951,0.199418,-0.0756621,-0.078233,1.85495,1.85495,-0.365454,-0.365454,3.14159,3.14313,1.5708,1.56159,-1.30235,-1.29315,
138351,0.200951,0.199418,-0.0756621,-0.078233,1.85495,1.85495,-0.365454,-0.365454,3.14159,3.14313,1.5708,1.56159,-1.30235,-1.29315,
138371,0.200951,0.199418,-0.0756621,-0.078233,1.85495,1.85495,-0.365454,-0.365454,3.14159,3.14313,1.5708,1.56159,-1.30235,-1.29315,
138391,0.200951,0.199418,-0.0756621,-0.078233,1.85495,1.85495,-0.365454,-0.365454,3.14159,3.14313,1.5708,1.56159,-1.30235,-1.29315,
138411,0.200951,0.200951,-0.0756621,-0.078233,1.85495,1.85495,-0.365454,-0.365454,3.14159,3.14313,1.5708,1.56159,-1.30235,-1.29315,
138431,0.200951,0.200951,-0.0756621,-0.078233,1.85495,1.85495,-0.365454,-0.365454,3.14159,3.14313,1.5708,1.56159,-1.30235,-1.29315,
138451,0.200951,0.200951,-0.0756621,-0.078233,1.85495,1.85495,-0.365454,-0.365454,3.14159,3.14313,1.5708,1.56159,-1.30235,-1.29315,
138471,0.200951,0.200951,-0.0756621,-0.078233,1.85495,1.85495,-0.365454,-0.365454,3.14159,3.14313,1.5708,1.56159,-1.30235,-1.29315,
138491,0.200951,0.200951,-0.0756621,-0.078233,1.85495,1.85495,-0.365454,-0.365454,3.14159,3.14313,1.5708,1.56159,-1.30235,-1.29315,
138511,0.200951,0.199418,-0.0756621,-0.078233,1.85495,1.85495,-0.365454,-0.365454,3.14159,3.14313,1.5708,1.56159,-1.30235,-1.29315,
138531,0.200951,0.199418,-0.0756621,-0.078233,1.85495,1.85495,-0.365454,-0.365454,3.14159,3.14313,1.5708,1.56159,-1.30235,-1.29315,
138551,0.200951,0.199418,-0.0756621,-0.078233,1.85495,1.85495,-0.365454,-0.365454,3.14159,3.14313,1.5708,1.56159,-1.30235,-1.29315,
138571,0.200951,0.199418,-0.0756621,-0.078233,1.85495,1.85495,-0.365454,-0.365454,3.14159,3.14313,1.5708,1.56159,-1.30235,-1.29315,
138591,0.200951,0.199418,-0.0756621,-0.078233,1.85495,1.85495,-0.365454,-0.365454,3.14159,3.14313,1.5708,1.56159,-1.30235,-1.29315,
138611,0.200951,0.199418,-0.0756621,-0.078233,1.85495,1.85495,-0.365454,-0.365454,3.14159,3.14313,1.5708,1.56159,-1.30235,-1.29315,
138631,0.200951,0.199418,-0.0756621,-0.078233,1.85495,1.85495,-0.365454,-0.365454,3.14159,3.14313,1.5708,1.56159,-1.30235,-1.29315,
138651,0.200951,0.199418,-0.0756621,-0.078233,1.85495,1.85495,-0.365454,-0.365454,3.14159,3.14313,1.5708,1.56159,-1.30235,-1.29315,
138671,0.200951,0.199418,-0.0756621,-0.078233,1.85495,1.85495,-0.365454,-0.365454,3.14159,3.14313,1.5708,1.56159,-1.30235,-1.29315,
138691,0.200951,0.199418,-0.0756621,-0.078233,1.85495,1.85495,-0.365454,-0.365454,3.14159,3.14313,1.5708,1.56159,-1.30235,-1.29315,
138711,0.200951,0.199418,-0.0756621,-0.078233,1.85495,1.85495,-0.365454,-0.365454,3.14159,3.14313,1.5708,1.56159,-1.30235,-1.29315,
138731,0.200951,0.200951,-0.0756621,-0.078233,1.85495,1.85495,-0.365454,-0.365454,3.14159,3.14313,1.5708,1.56159,-1.30235,-1.29315,
138751,0.200951,0.200951,-0.0756621,-0.078233,1.85495,1.85495,-0.365454,-0.365454,3.14159,3.14313,1.5708,1.56159,-1.30235,-1.29315,
138771,0.200951,0.200951,-0.0756621,-0.078233,1.85495,1.85495,-0.365454,-0.365454,3.14159,3.14313,1.5708,1.56159,-1.30235,-1.29315,
138791,0.200951,0.200951,-0.0756621,-0.078233,1.85495,1.85495,-0.365454,-0.365454,3.14159,3.14313,1.5708,1.56159,-1.30235,-1.29315,
138811,0.200951,0.200951,-0.0756621,-0.078233,1.85495,1.85495,-0.365454,-0.365454,3.14159,3.14313,1.5708,1.56159,-1.30235,-1.29315,
138831,0.200951,0.200951,-0.0756621,-0.078233,1.85495,1.85495,-0.365454,-0.365454,3.14159,3.14313,1.5708,1.56159,-1.30235,-1.29315,
138851,0.200951,0.200951,-0.0756621,-0.078233,1.85495,1.85495,-0.365454,-0.365454,3.14159,3.14313,1.5708,1.56159,-1.30235,-1.29315,
138871,0.200951,0.200951,-0.0756621,-0.078233,1.85495,1.85495,-0.365454,-0.365454,3.14159,3.14313,1.5708,1.56159,-1.30235,-1.29315,
138891,0.200951,0.200951,-0.0756621,-0.078233,1.85495,1.85495,-0.365454,-0.365454,3.14159,3.14313,1.5708,1.56159,-1.30235,-1.29315,
138911,0.200951,0.200951,-0.0756621,-0.078233,1.85495,1.85495,-0.365454,-0.365454,3.14159,3.14313,1.5708,1.56159,-1.30235,-1.29315,
138931,0.200951,0.200951,-0.0756621,-0.078233,1.85495,1.85495,-0.365454,-0.365454,3.14159,3.14313,1.5708,1.56159,-1.30235,-1.29315,
138951,0.200951,0.200951,-0.0756621,-0.078233,1.85495,1.85495,-0.365454,-0.365454,3.14159,3.14313,1.5708,1.56159,-1.30235,-1.29315,
138971,0.200951,0.200951,-0.0756621,-0.078233,1.85495,1.85495,-0.365454,-0.365454,3.14159,3.14313,1.5708,1.56159,-1.30235,-1.29315,
138991,0.200951,0.200951,-0.0756621,-0.078233,1.85495,1.85495,-0.365454,-0.365454,3.14159,3.14313,1.5708,1.56159,-1.30235,-1.29315,
139011,0.200951,0.200951,-0.0756621,-0.078233,1.85495,1.85495,-0.365454,-0.365454,3.14159,3.14313,1.5708,1.56159,-1.30235,-1.29315,
139031,0.200951,0.200951,-0.0756621,-0.078233,1.85495,1.85495,-0.365454,-0.365454,3.14159,3.14313,1.5708,1.56159,-1.30235,-1.29315,
139051,0.200951,0.200951,-0.0756621,-0.078233,1.85495,1.85495,-0.365454,-0.365454,3.14159,3.14313,1.5708,1.56159,-1.30235,-1.29315,
139071,0.200951,0.200951,-0.0756621,-0.078233,1.85495,1.85495,-0.365454,-0.365454,3.14159,3.14313,1.5708,1.56159,-1.30235,-1.29315,
139091,0.200951,0.200951,-0.0756621,-0.078233,1.85495,1.85495,-0.365454,-0.365454,3.14159,3.14313,1.5708,1.56159,-1.30235,-1.29315,
139111,0.200951,0.200951,-0.0756621,-0.078233,1.85495,1.85495,-0.365454,-0.365454,3.14159,3.14313,1.5708,1.56159,-1.30235,-1.29315,
139131,0.200951,0.200951,-0.0756621,-0.076699,1.85495,1.85495,-0.365454,-0.365454,3.14159,3.14313,1.5708,1.56159,-1.30235,-1.29315,
139151,0.200951,0.200951,-0.0756621,-0.076699,1.85495,1.85495,-0.365454,-0.365454,3.14159,3.14313,1.5708,1.56159,-1.30235,-1.29315,
139171,0.200951,0.200951,-0.0756621,-0.076699,1.85495,1.85495,-0.365454,-0.365454,3.14159,3.14313,1.5708,1.56159,-1.30235,-1.29315,
139191,0.200951,0.200951,-0.0756621,-0.076699,1.85495,1.85495,-0.365454,-0.365454,3.14159,3.14313,1.5708,1.56159,-1.30235,-1.29315,
139211,0.200951,0.200951,-0.0756621,-0.0751651,1.85495,1.85495,-0.365454,-0.365454,3.14159,3.14313,1.5708,1.56159,-1.30235,-1.29315,
139231,0.200951,0.200951,-0.0756621,-0.0751651,1.85495,1.85495,-0.365454,-0.365454,3.14159,3.14313,1.5708,1.56159,-1.30235,-1.29315,
139251,0.200951,0.200951,-0.0756621,-0.0751651,1.85495,1.85495,-0.365454,-0.365454,3.14159,3.14313,1.5708,1.56159,-1.30235,-1.29315,
139271,0.200951,0.200951,-0.0756621,-0.0751651,1.85495,1.85495,-0.365454,-0.365454,3.14159,3.14313,1.5708,1.56159,-1.30235,-1.29315,
139291,0.200951,0.200951,-0.0756621,-0.0751651,1.85495,1.85495,-0.365454,-0.365454,3.14159,3.14313,1.5708,1.56159,-1.30235,-1.29315,
139311,0.200951,0.199418,-0.0756621,-0.0751651,1.85495,1.85342,-0.365454,-0.365454,3.14159,3.14313,1.5708,1.56159,-1.30235,-1.29315,
139331,0.200951,0.199418,-0.0756621,-0.0751651,1.85495,1.85342,-0.365454,-0.365454,3.14159,3.14313,1.5708,1.56159,-1.30235,-1.29315,
139351,0.200951,0.199418,-0.0756621,-0.0751651,1.85495,1.85342,-0.365454,-0.365454,3.14159,3.14313,1.5708,1.56159,-1.30235,-1.29315,
139371,0.200951,0.199418,-0.0756621,-0.0751651,1.85495,1.85342,-0.365454,-0.365454,3.14159,3.14313,1.5708,1.56159,-1.30235,-1.29315,
139391,0.200951,0.199418,-0.0756621,-0.0751651,1.85495,1.85342,-0.365454,-0.365454,3.14159,3.14313,1.5708,1.56159,-1.30235,-1.29315,
139411,0.200951,0.199418,-0.0756621,-0.0751651,1.85495,1.85342,-0.365454,-0.365454,3.14159,3.14313,1.5708,1.56159,-1.30235,-1.29315,
139431,0.200951,0.200951,-0.0756621,-0.0751651,1.85495,1.85342,-0.365454,-0.365454,3.14159,3.14313,1.5708,1.56159,-1.30235,-1.29315,
139451,0.200951,0.200951,-0.0756621,-0.0751651,1.85495,1.85342,-0.365454,-0.365454,3.14159,3.14313,1.5708,1.56159,-1.30235,-1.29315,
139471,0.200951,0.200951,-0.0756621,-0.0751651,1.85495,1.85342,-0.365454,-0.365454,3.14159,3.14313,1.5708,1.56159,-1.30235,-1.29315,
139491,0.200951,0.200951,-0.0756621,-0.0751651,1.85495,1.85342,-0.365454,-0.365454,3.14159,3.14313,1.5708,1.56159,-1.30235,-1.29315,
139511,0.200951,0.200951,-0.0756621,-0.0751651,1.85495,1.85342,-0.365454,-0.365454,3.14159,3.14313,1.5708,1.56159,-1.30235,-1.29315,
139531,0.200951,0.200951,-0.0756621,-0.0751651,1.85495,1.85495,-0.365454,-0.365454,3.14159,3.14313,1.56006,1.56006,-1.30235,-1.29315,
139551,0.200951,0.200951,-0.0756621,-0.0751651,1.85495,1.85495,-0.365454,-0.365454,3.14159,3.14313,1.56006,1.56006,-1.30235,-1.29315,
139571,0.200951,0.200951,-0.0756621,-0.0751651,1.85495,1.85495,-0.365454,-0.365454,3.14159,3.14313,1.56006,1.56006,-1.30235,-1.29315,
139591,0.200951,0.200951,-0.0756621,-0.0751651,1.85495,1.85495,-0.365454,-0.365454,3.14159,3.14313,1.56006,1.56006,-1.30235,-1.29315,
139611,0.200951,0.200951,-0.0756621,-0.0751651,1.85495,1.85342,-0.365454,-0.365454,3.14159,3.14159,1.56006,1.56159,-1.30235,-1.29315,
139631,0.200951,0.200951,-0.0756621,-0.0751651,1.85495,1.85342,-0.365454,-0.365454,3.14159,3.14159,1.56006,1.56159,-1.30235,-1.29315,
139651,0.200951,0.200951,-0.0756621,-0.0751651,1.85495,1.85342,-0.365454,-0.365454,3.14159,3.14159,1.56006,1.56159,-1.30235,-1.29315,
139671,0.200951,0.200951,-0.0756621,-0.0751651,1.85495,1.85342,-0.365454,-0.365454,3.14159,3.14159,1.56006,1.56159,-1.30235,-1.29315,
139691,0.200951,0.200951,-0.0756621,-0.0751651,1.85495,1.85342,-0.365454,-0.365454,3.14159,3.14159,1.56006,1.56159,-1.30235,-1.29315,
139711,0.200951,0.199418,-0.0756621,-0.0751651,1.85495,1.85342,-0.365454,-0.365454,3.14159,3.14159,1.56006,1.56159,-1.30235,-1.29315,
139731,0.200951,0.199418,-0.0756621,-0.0751651,1.85495,1.85342,-0.365454,-0.365454,3.14159,3.14159,1.56006,1.56159,-1.30235,-1.29315,
139751,0.200951,0.199418,-0.0756621,-0.0751651,1.85495,1.85342,-0.365454,-0.365454,3.14159,3.14159,1.56006,1.56159,-1.30235,-1.29315,
139771,0.200951,0.199418,-0.0756621,-0.0751651,1.85495,1.85342,-0.365454,-0.365454,3.14159,3.14159,1.56006,1.56159,-1.30235,-1.29315,
139791,0.200951,0.199418,-0.0756621,-0.0751651,1.85495,1.85342,-0.365454,-0.365454,3.14159,3.14159,1.56006,1.56159,-1.30235,-1.29315,
139811,0.200951,0.199418,-0.0756621,-0.0751651,1.85495,1.85342,-0.365454,-0.365454,3.14159,3.14159,1.56006,1.56159,-1.30235,-1.29315,
139831,0.200951,0.199418,-0.0756621,-0.0751651,1.85495,1.85342,-0.365454,-0.365454,3.14159,3.14159,1.56006,1.56159,-1.30235,-1.29315,
139851,0.200951,0.199418,-0.0756621,-0.0751651,1.85495,1.85342,-0.365454,-0.365454,3.14159,3.14159,1.56006,1.56159,-1.30235,-1.29315,
139871,0.200951,0.199418,-0.0756621,-0.0751651,1.85495,1.85342,-0.365454,-0.365454,3.14159,3.14159,1.56006,1.56159,-1.30235,-1.29315,
139891,0.200951,0.199418,-0.0756621,-0.0751651,1.85495,1.85342,-0.365454,-0.365454,3.14159,3.14159,1.56006,1.56159,-1.30235,-1.29315,
139911,0.200951,0.199418,-0.0756621,-0.0751651,1.85495,1.85342,-0.365454,-0.365454,3.14159,3.14159,1.56006,1.56159,-1.30235,-1.29315,
139931,0.200951,0.199418,-0.0756621,-0.0751651,1.85495,1.85342,-0.365454,-0.365454,3.14159,3.14159,1.56006,1.56159,-1.30235,-1.29315,
139951,0.200951,0.199418,-0.0756621,-0.0751651,1.85495,1.85342,-0.365454,-0.365454,3.14159,3.14159,1.56006,1.56159,-1.30235,-1.29315,
139971,0.200951,0.199418,-0.0756621,-0.0751651,1.85495,1.85342,-0.365454,-0.365454,3.14159,3.14159,1.56006,1.56159,-1.30235,-1.29315,
139991,0.200951,0.199418,-0.0756621,-0.0751651,1.85495,1.85342,-0.365454,-0.365454,3.14159,3.14159,1.56006,1.56159,-1.30235,-1.29315,
140011,0.200951,0.200951,-0.0756621,-0.0736311,1.85495,1.85495,-0.365454,-0.365454,3.14159,3.14159,1.56006,1.56159,-1.30235,-1.29315,
140031,0.200951,0.200951,-0.0756621,-0.0736311,1.85495,1.85495,-0.365454,-0.365454,3.14159,3.14159,1.56006,1.56159,-1.30235,-1.29315,
140051,0.200951,0.200951,-0.0756621,-0.0736311,1.85495,1.85495,-0.365454,-0.365454,3.14159,3.14159,1.56006,1.56159,-1.30235,-1.29315,
140071,0.200951,0.200951,-0.0756621,-0.0736311,1.85495,1.85495,-0.365454,-0.365454,3.14159,3.14159,1.56006,1.56159,-1.30235,-1.29315,
140091,0.200951,0.200951,-0.0756621,-0.0736311,1.85495,1.85495,-0.365454,-0.365454,3.14159,3.14159,1.56006,1.56159,-1.30235,-1.29315,
140111,0.200951,0.200951,-0.0756621,-0.0751651,1.85495,1.85342,-0.365454,-0.365454,3.14159,3.14159,1.56006,1.56159,-1.30235,-1.29315,
140131,0.200951,0.200951,-0.0756621,-0.0751651,1.85495,1.85342,-0.365454,-0.365454,3.14159,3.14159,1.56006,1.56159,-1.30235,-1.29315,
140151,0.200951,0.200951,-0.0756621,-0.0751651,1.85495,1.85342,-0.365454,-0.365454,3.14159,3.14159,1.56006,1.56159,-1.30235,-1.29315,
140171,0.200951,0.200951,-0.0756621,-0.0751651,1.85495,1.85342,-0.365454,-0.365454,3.14159,3.14159,1.56006,1.56159,-1.30235,-1.29315,
140191,0.200951,0.200951,-0.0756621,-0.0751651,1.85495,1.85342,-0.365454,-0.365454,3.14159,3.14159,1.56006,1.56159,-1.30235,-1.29315,
140211,0.200951,0.200951,-0.0756621,-0.0751651,1.85495,1.85342,-0.365454,-0.365454,3.14159,3.14159,1.56006,1.56159,-1.30235,-1.29315,
140231,0.200951,0.200951,-0.0756621,-0.0751651,1.85495,1.85342,-0.365454,-0.365454,3.14159,3.14159,1.56006,1.56159,-1.30235,-1.29315,
140251,0.200951,0.200951,-0.0756621,-0.0751651,1.85495,1.85342,-0.365454,-0.365454,3.14159,3.14159,1.56006,1.56159,-1.30235,-1.29315,
140271,0.200951,0.200951,-0.0756621,-0.0751651,1.85495,1.85342,-0.365454,-0.365454,3.14159,3.14159,1.56006,1.56159,-1.30235,-1.29315,
140291,0.200951,0.200951,-0.0756621,-0.0751651,1.85495,1.85342,-0.365454,-0.365454,3.14159,3.14159,1.56006,1.56159,-1.30235,-1.29315,
140311,0.200951,0.200951,-0.0756621,-0.0751651,1.85495,1.85342,-0.365454,-0.365454,3.14159,3.14159,1.56006,1.56159,-1.30235,-1.29315,
140331,0.200951,0.199418,-0.0756621,-0.0751651,1.85495,1.85342,-0.365454,-0.365454,3.14159,3.14159,1.56006,1.56159,-1.30235,-1.29315,
140351,0.200951,0.199418,-0.0756621,-0.0751651,1.85495,1.85342,-0.365454,-0.365454,3.14159,3.14159,1.56006,1.56159,-1.30235,-1.29315,
140371,0.200951,0.199418,-0.0756621,-0.0751651,1.85495,1.85342,-0.365454,-0.365454,3.14159,3.14159,1.56006,1.56159,-1.30235,-1.29315,
140393,0.200951,0.199418,-0.0756621,-0.0751651,1.85495,1.85342,-0.365454,-0.365454,3.14159,3.14159,1.56006,1.56159,-1.30235,-1.29315,
140414,0.200951,0.199418,-0.0756621,-0.0751651,1.85495,1.85342,-0.365454,-0.365454,3.14159,3.14159,1.56006,1.56159,-1.30235,-1.29315,
140431,0.200951,0.200951,-0.0756621,-0.0751651,1.85495,1.85342,-0.365454,-0.365454,3.14159,3.14159,1.56006,1.56159,-1.30235,-1.29315,
140451,0.200951,0.200951,-0.0756621,-0.0751651,1.85495,1.85342,-0.365454,-0.365454,3.14159,3.14159,1.56006,1.56159,-1.30235,-1.29315,
140471,0.200951,0.200951,-0.0756621,-0.0751651,1.85495,1.85342,-0.365454,-0.365454,3.14159,3.14159,1.56006,1.56159,-1.30235,-1.29315,
140491,0.200951,0.200951,-0.0756621,-0.0751651,1.85495,1.85342,-0.365454,-0.365454,3.14159,3.14159,1.56006,1.56159,-1.30235,-1.29315,
140511,0.200951,0.200951,-0.0756621,-0.0751651,1.85495,1.85495,-0.365454,-0.365454,3.14159,3.14006,1.56006,1.56159,-1.30235,-1.29315,
140531,0.200951,0.200951,-0.0756621,-0.0751651,1.85495,1.85495,-0.365454,-0.365454,3.14159,3.14006,1.56006,1.56159,-1.30235,-1.29315,
140551,0.200951,0.200951,-0.0756621,-0.0751651,1.85495,1.85495,-0.365454,-0.365454,3.14159,3.14006,1.56006,1.56159,-1.30235,-1.29315,
140571,0.200951,0.200951,-0.0756621,-0.0751651,1.85495,1.85495,-0.365454,-0.365454,3.14159,3.14006,1.56006,1.56159,-1.30235,-1.29315,
140591,0.200951,0.200951,-0.0756621,-0.0751651,1.85495,1.85495,-0.365454,-0.365454,3.14159,3.14006,1.56006,1.56159,-1.30235,-1.29315,
140611,0.200951,0.200951,-0.0756621,-0.0751651,1.85495,1.85495,-0.365454,-0.365454,3.14159,3.14006,1.56006,1.56159,-1.30235,-1.29315,
140631,0.200951,0.200951,-0.0756621,-0.0751651,1.85495,1.85342,-0.365454,-0.365454,3.14159,3.14006,1.56006,1.56159,-1.30235,-1.29315,
140651,0.200951,0.200951,-0.0756621,-0.0751651,1.85495,1.85342,-0.365454,-0.365454,3.14159,3.14006,1.56006,1.56159,-1.30235,-1.29315,
140671,0.200951,0.200951,-0.0756621,-0.0751651,1.85495,1.85342,-0.365454,-0.365454,3.14159,3.14006,1.56006,1.56159,-1.30235,-1.29315,
140691,0.200951,0.200951,-0.0756621,-0.0751651,1.85495,1.85342,-0.365454,-0.365454,3.14159,3.14006,1.56006,1.56159,-1.30235,-1.29315,
140711,0.200951,0.200951,-0.0756621,-0.0751651,1.85495,1.85342,-0.365454,-0.365454,3.14159,3.14006,1.56006,1.56159,-1.30235,-1.29315,
140731,0.200951,0.200951,-0.0756621,-0.0751651,1.85495,1.85342,-0.365454,-0.365454,3.14159,3.14159,1.56006,1.56159,-1.30235,-1.29315,
140751,0.200951,0.200951,-0.0756621,-0.0751651,1.85495,1.85342,-0.365454,-0.365454,3.14159,3.14159,1.56006,1.56159,-1.30235,-1.29315,
140771,0.200951,0.200951,-0.0756621,-0.0751651,1.85495,1.85342,-0.365454,-0.365454,3.14159,3.14159,1.56006,1.56159,-1.30235,-1.29315,
140791,0.200951,0.200951,-0.0756621,-0.0751651,1.85495,1.85342,-0.365454,-0.365454,3.14159,3.14159,1.56006,1.56159,-1.30235,-1.29315,
140811,0.200951,0.200951,-0.0756621,-0.0751651,1.85495,1.85495,-0.365454,-0.365454,3.14159,3.14006,1.56006,1.56159,-1.30235,-1.29315,
140831,0.200951,0.200951,-0.0756621,-0.0751651,1.85495,1.85495,-0.365454,-0.365454,3.14159,3.14006,1.56006,1.56159,-1.30235,-1.29315,
140851,0.200951,0.200951,-0.0756621,-0.0751651,1.85495,1.85495,-0.365454,-0.365454,3.14159,3.14006,1.56006,1.56159,-1.30235,-1.29315,
140871,0.200951,0.200951,-0.0756621,-0.0751651,1.85495,1.85495,-0.365454,-0.365454,3.14159,3.14006,1.56006,1.56159,-1.30235,-1.29315,
140891,0.200951,0.200951,-0.0756621,-0.0751651,1.85495,1.85495,-0.365454,-0.365454,3.14159,3.14006,1.56006,1.56159,-1.30235,-1.29315,
140911,0.200951,0.200951,-0.0756621,-0.0751651,1.85495,1.85342,-0.365454,-0.365454,3.14159,3.14006,1.56006,1.56159,-1.30235,-1.29315,
140931,0.200951,0.200951,-0.0756621,-0.0751651,1.85495,1.85342,-0.365454,-0.365454,3.14159,3.14006,1.56006,1.56159,-1.30235,-1.29315,
140951,0.200951,0.200951,-0.0756621,-0.0751651,1.85495,1.85342,-0.365454,-0.365454,3.14159,3.14006,1.56006,1.56159,-1.30235,-1.29315,
140971,0.200951,0.200951,-0.0756621,-0.0751651,1.85495,1.85342,-0.365454,-0.365454,3.14159,3.14006,1.56006,1.56159,-1.30235,-1.29315,
140991,0.200951,0.200951,-0.0756621,-0.0751651,1.85495,1.85342,-0.365454,-0.365454,3.14159,3.14006,1.56006,1.56159,-1.30235,-1.29315,
141011,0.200951,0.200951,-0.0756621,-0.0751651,1.85495,1.85342,-0.365454,-0.365454,3.14159,3.14006,1.56006,1.56159,-1.30235,-1.29315,
141031,0.200951,0.200951,-0.0756621,-0.0751651,1.85495,1.85342,-0.365454,-0.365454,3.14159,3.14006,1.56006,1.56159,-1.30235,-1.29315,
141051,0.200951,0.200951,-0.0756621,-0.0751651,1.85495,1.85342,-0.365454,-0.365454,3.14159,3.14006,1.56006,1.56159,-1.30235,-1.29315,
141071,0.200951,0.200951,-0.0756621,-0.0751651,1.85495,1.85342,-0.365454,-0.365454,3.14159,3.14006,1.56006,1.56159,-1.30235,-1.29315,
141091,0.200951,0.200951,-0.0756621,-0.0751651,1.85495,1.85342,-0.365454,-0.365454,3.14159,3.14006,1.56006,1.56159,-1.30235,-1.29315,
141111,0.200951,0.200951,-0.0756621,-0.0751651,1.85495,1.85342,-0.365454,-0.365454,3.14159,3.14006,1.56006,1.56159,-1.30235,-1.29315,
141131,0.200951,0.200951,-0.0756621,-0.0736311,1.85495,1.85342,-0.365454,-0.365454,3.14159,3.14159,1.56006,1.56159,-1.30235,-1.29315,
141151,0.200951,0.200951,-0.0756621,-0.0736311,1.85495,1.85342,-0.365454,-0.365454,3.14159,3.14159,1.56006,1.56159,-1.30235,-1.29315,
141171,0.200951,0.200951,-0.0756621,-0.0736311,1.85495,1.85342,-0.365454,-0.365454,3.14159,3.14159,1.56006,1.56159,-1.30235,-1.29315,
141191,0.200951,0.200951,-0.0756621,-0.0736311,1.85495,1.85342,-0.365454,-0.365454,3.14159,3.14159,1.56006,1.56159,-1.30235,-1.29315,
141211,0.200951,0.200951,-0.0756621,-0.0751651,1.85495,1.85342,-0.365454,-0.365454,3.14159,3.14159,1.56006,1.56159,-1.30235,-1.29315,
141231,0.200951,0.200951,-0.0756621,-0.0751651,1.85495,1.85342,-0.365454,-0.365454,3.14159,3.14159,1.56006,1.56159,-1.30235,-1.29315,
141251,0.200951,0.200951,-0.0756621,-0.0751651,1.85495,1.85342,-0.365454,-0.365454,3.14159,3.14159,1.56006,1.56159,-1.30235,-1.29315,
141271,0.200951,0.200951,-0.0756621,-0.0751651,1.85495,1.85342,-0.365454,-0.365454,3.14159,3.14159,1.56006,1.56159,-1.30235,-1.29315,
141291,0.200951,0.200951,-0.0756621,-0.0751651,1.85495,1.85342,-0.365454,-0.365454,3.14159,3.14159,1.56006,1.56159,-1.30235,-1.29315,
141311,0.200951,0.200951,-0.0756621,-0.0751651,1.85495,1.85342,-0.365454,-0.365454,3.14159,3.14006,1.56006,1.56159,-1.30235,-1.29315,
141331,0.200951,0.200951,-0.0756621,-0.0751651,1.85495,1.85342,-0.365454,-0.365454,3.14159,3.14006,1.56006,1.56159,-1.30235,-1.29315,
141351,0.200951,0.200951,-0.0756621,-0.0751651,1.85495,1.85342,-0.365454,-0.365454,3.14159,3.14006,1.56006,1.56159,-1.30235,-1.29315,
141371,0.200951,0.200951,-0.0756621,-0.0751651,1.85495,1.85342,-0.365454,-0.365454,3.14159,3.14006,1.56006,1.56159,-1.30235,-1.29315,
141391,0.200951,0.200951,-0.0756621,-0.0751651,1.85495,1.85342,-0.365454,-0.365454,3.14159,3.14006,1.56006,1.56159,-1.30235,-1.29315,
141411,0.200951,0.200951,-0.0756621,-0.0751651,1.85495,1.85342,-0.365454,-0.365454,3.14159,3.14006,1.56006,1.56159,-1.30235,-1.29315,
141431,0.200951,0.200951,-0.0756621,-0.0751651,1.85495,1.85342,-0.365454,-0.365454,3.14159,3.14159,1.56006,1.56159,-1.30235,-1.29315,
141451,0.200951,0.200951,-0.0756621,-0.0751651,1.85495,1.85342,-0.365454,-0.365454,3.14159,3.14159,1.56006,1.56159,-1.30235,-1.29315,
141471,0.200951,0.200951,-0.0756621,-0.0751651,1.85495,1.85342,-0.365454,-0.365454,3.14159,3.14159,1.56006,1.56159,-1.30235,-1.29315,
141491,0.200951,0.200951,-0.0756621,-0.0751651,1.85495,1.85342,-0.365454,-0.365454,3.14159,3.14159,1.56006,1.56159,-1.30235,-1.29315,
141511,0.200951,0.200951,-0.0756621,-0.0751651,1.85495,1.85342,-0.365454,-0.365454,3.14159,3.14159,1.56006,1.56159,-1.30235,-1.29315,
141531,0.200951,0.200951,-0.0756621,-0.0751651,1.85495,1.85342,-0.365454,-0.365454,3.14159,3.14006,1.56006,1.56159,-1.30235,-1.29315,
141551,0.200951,0.200951,-0.0756621,-0.0751651,1.85495,1.85342,-0.365454,-0.365454,3.14159,3.14006,1.56006,1.56159,-1.30235,-1.29315,
141571,0.200951,0.200951,-0.0756621,-0.0751651,1.85495,1.85342,-0.365454,-0.365454,3.14159,3.14006,1.56006,1.56159,-1.30235,-1.29315,
141591,0.200951,0.200951,-0.0756621,-0.0751651,1.85495,1.85342,-0.365454,-0.365454,3.14159,3.14006,1.56006,1.56159,-1.30235,-1.29315,
141611,0.200951,0.200951,-0.0756621,-0.0736311,1.85495,1.85342,-0.365454,-0.365454,3.14159,3.14006,1.56006,1.56159,-1.30235,-1.29315,
141631,0.200951,0.200951,-0.0756621,-0.0736311,1.85495,1.85342,-0.365454,-0.365454,3.14159,3.14006,1.56006,1.56159,-1.30235,-1.29315,
141651,0.200951,0.200951,-0.0756621,-0.0736311,1.85495,1.85342,-0.365454,-0.365454,3.14159,3.14006,1.56006,1.56159,-1.30235,-1.29315,
141671,0.200951,0.200951,-0.0756621,-0.0736311,1.85495,1.85342,-0.365454,-0.365454,3.14159,3.14006,1.56006,1.56159,-1.30235,-1.29315,
141691,0.200951,0.200951,-0.0756621,-0.0736311,1.85495,1.85342,-0.365454,-0.365454,3.14159,3.14006,1.56006,1.56159,-1.30235,-1.29315,
141711,0.200951,0.200951,-0.0756621,-0.0751651,1.85495,1.85342,-0.365454,-0.365454,3.14159,3.14159,1.56006,1.56159,-1.30235,-1.29315,
141731,0.200951,0.200951,-0.0756621,-0.0751651,1.85495,1.85342,-0.365454,-0.365454,3.14159,3.14159,1.56006,1.56159,-1.30235,-1.29315,
141751,0.200951,0.200951,-0.0756621,-0.0751651,1.85495,1.85342,-0.365454,-0.365454,3.14159,3.14159,1.56006,1.56159,-1.30235,-1.29315,
141771,0.200951,0.200951,-0.0756621,-0.0751651,1.85495,1.85342,-0.365454,-0.365454,3.14159,3.14159,1.56006,1.56159,-1.30235,-1.29315,
141791,0.200951,0.200951,-0.0756621,-0.0751651,1.85495,1.85342,-0.365454,-0.365454,3.14159,3.14159,1.56006,1.56159,-1.30235,-1.29315,
141811,0.200951,0.200951,-0.0756621,-0.0751651,1.85495,1.85342,-0.365454,-0.365454,3.14159,3.14159,1.56006,1.56159,-1.30235,-1.29315,
141831,0.200951,0.200951,-0.0756621,-0.0751651,1.85495,1.85342,-0.365454,-0.365454,3.14159,3.14006,1.56006,1.56159,-1.30235,-1.29315,
141851,0.200951,0.200951,-0.0756621,-0.0751651,1.85495,1.85342,-0.365454,-0.365454,3.14159,3.14006,1.56006,1.56159,-1.30235,-1.29315,
141871,0.200951,0.200951,-0.0756621,-0.0751651,1.85495,1.85342,-0.365454,-0.365454,3.14159,3.14006,1.56006,1.56159,-1.30235,-1.29315,
141891,0.200951,0.200951,-0.0756621,-0.0751651,1.85495,1.85342,-0.365454,-0.365454,3.14159,3.14006,1.56006,1.56159,-1.30235,-1.29315,
141911,0.200951,0.200951,-0.0756621,-0.0751651,1.85495,1.85342,-0.365454,-0.365454,3.14159,3.14006,1.56006,1.56159,-1.30235,-1.29315,
141931,0.200951,0.200951,-0.0756621,-0.0751651,1.85495,1.85342,-0.365454,-0.365454,3.14159,3.14006,1.56006,1.56159,-1.30235,-1.29315,
141951,0.200951,0.200951,-0.0756621,-0.0751651,1.85495,1.85342,-0.365454,-0.365454,3.14159,3.14006,1.56006,1.56159,-1.30235,-1.29315,
141971,0.200951,0.200951,-0.0756621,-0.0751651,1.85495,1.85342,-0.365454,-0.365454,3.14159,3.14006,1.56006,1.56159,-1.30235,-1.29315,
141991,0.200951,0.200951,-0.0756621,-0.0751651,1.85495,1.85342,-0.365454,-0.365454,3.14159,3.14006,1.56006,1.56159,-1.30235,-1.29315,
142011,0.200951,0.200951,-0.0756621,-0.0751651,1.85495,1.85342,-0.365454,-0.365454,3.14159,3.14006,1.56006,1.56159,-1.30235,-1.29315,
142031,0.200951,0.200951,-0.0756621,-0.0751651,1.85495,1.85342,-0.365454,-0.365454,3.14159,3.14006,1.56006,1.56159,-1.30235,-1.29315,
142051,0.200951,0.200951,-0.0756621,-0.0751651,1.85495,1.85342,-0.365454,-0.365454,3.14159,3.14006,1.56006,1.56159,-1.30235,-1.29315,
142071,0.200951,0.200951,-0.0756621,-0.0751651,1.85495,1.85342,-0.365454,-0.365454,3.14159,3.14006,1.56006,1.56159,-1.30235,-1.29315,
142091,0.200951,0.200951,-0.0756621,-0.0751651,1.85495,1.85342,-0.365454,-0.365454,3.14159,3.14006,1.56006,1.56159,-1.30235,-1.29315,
142111,0.200951,0.200951,-0.0756621,-0.0751651,1.85495,1.85342,-0.365454,-0.365454,3.14159,3.14006,1.56006,1.56159,-1.30235,-1.29315,
142131,0.200951,0.200951,-0.0756621,-0.0751651,1.85495,1.85342,-0.365454,-0.365454,3.14159,3.14006,1.56006,1.56159,-1.30235,-1.29315,
142151,0.200951,0.200951,-0.0756621,-0.0751651,1.85495,1.85342,-0.365454,-0.365454,3.14159,3.14006,1.56006,1.56159,-1.30235,-1.29315,
142171,0.200951,0.200951,-0.0756621,-0.0751651,1.85495,1.85342,-0.365454,-0.365454,3.14159,3.14006,1.56006,1.56159,-1.30235,-1.29315,
142191,0.200951,0.200951,-0.0756621,-0.0751651,1.85495,1.85342,-0.365454,-0.365454,3.14159,3.14006,1.56006,1.56159,-1.30235,-1.29315,
142211,0.200951,0.200951,-0.0756621,-0.0751651,1.85495,1.85342,-0.365454,-0.365454,3.14159,3.14006,1.56006,1.56159,-1.30235,-1.29315,
142231,0.200951,0.200951,-0.0756621,-0.0751651,1.85495,1.85342,-0.365454,-0.365454,3.14159,3.14159,1.56006,1.56159,-1.30235,-1.29315,
142251,0.200951,0.200951,-0.0756621,-0.0751651,1.85495,1.85342,-0.365454,-0.365454,3.14159,3.14159,1.56006,1.56159,-1.30235,-1.29315,
142271,0.200951,0.200951,-0.0756621,-0.0751651,1.85495,1.85342,-0.365454,-0.365454,3.14159,3.14159,1.56006,1.56159,-1.30235,-1.29315,
142291,0.200951,0.200951,-0.0756621,-0.0751651,1.85495,1.85342,-0.365454,-0.365454,3.14159,3.14159,1.56006,1.56159,-1.30235,-1.29315,
142311,0.200951,0.200951,-0.0756621,-0.0751651,1.85495,1.85342,-0.365454,-0.365454,3.14159,3.14159,1.56006,1.56159,-1.30235,-1.29315,
142331,0.200951,0.200951,-0.0756621,-0.0751651,1.85495,1.85342,-0.365454,-0.365454,3.14159,3.14159,1.56006,1.56159,-1.30235,-1.29315,
142351,0.200951,0.200951,-0.0756621,-0.0751651,1.85495,1.85342,-0.365454,-0.365454,3.14159,3.14159,1.56006,1.56159,-1.30235,-1.29315,
142371,0.200951,0.200951,-0.0756621,-0.0751651,1.85495,1.85342,-0.365454,-0.365454,3.14159,3.14159,1.56006,1.56159,-1.30235,-1.29315,
142391,0.200951,0.200951,-0.0756621,-0.0751651,1.85495,1.85342,-0.365454,-0.365454,3.14159,3.14159,1.56006,1.56159,-1.30235,-1.29315,
142411,0.200951,0.200951,-0.0756621,-0.0736311,1.85495,1.85342,-0.365454,-0.365454,3.14159,3.14006,1.56006,1.56159,-1.30235,-1.29315,
142431,0.200951,0.200951,-0.0756621,-0.0736311,1.85495,1.85342,-0.365454,-0.365454,3.14159,3.14006,1.56006,1.56159,-1.30235,-1.29315,
142451,0.200951,0.200951,-0.0756621,-0.0736311,1.85495,1.85342,-0.365454,-0.365454,3.14159,3.14006,1.56006,1.56159,-1.30235,-1.29315,
142471,0.200951,0.200951,-0.0756621,-0.0736311,1.85495,1.85342,-0.365454,-0.365454,3.14159,3.14006,1.56006,1.56159,-1.30235,-1.29315,
142491,0.200951,0.200951,-0.0756621,-0.0736311,1.85495,1.85342,-0.365454,-0.365454,3.14159,3.14006,1.56006,1.56159,-1.30235,-1.29315,
142511,0.200951,0.200951,-0.0756621,-0.0751651,1.85495,1.85342,-0.365454,-0.365454,3.14159,3.14006,1.56006,1.56159,-1.30235,-1.29315,
142531,0.200951,0.200951,-0.0756621,-0.0751651,1.85495,1.85342,-0.365454,-0.365454,3.14159,3.14006,1.56006,1.56159,-1.30235,-1.29315,
142551,0.200951,0.200951,-0.0756621,-0.0751651,1.85495,1.85342,-0.365454,-0.365454,3.14159,3.14006,1.56006,1.56159,-1.30235,-1.29315,
142571,0.200951,0.200951,-0.0756621,-0.0751651,1.85495,1.85342,-0.365454,-0.365454,3.14159,3.14006,1.56006,1.56159,-1.30235,-1.29315,
142591,0.200951,0.200951,-0.0756621,-0.0751651,1.85495,1.85342,-0.365454,-0.365454,3.14159,3.14006,1.56006,1.56159,-1.30235,-1.29315,
142611,0.200951,0.200951,-0.0756621,-0.0751651,1.85495,1.85342,-0.365454,-0.365454,3.14159,3.14006,1.56006,1.56159,-1.30235,-1.29315,
142631,0.200951,0.200951,-0.0756621,-0.0736311,1.85495,1.85342,-0.365454,-0.365454,3.14159,3.14006,1.56006,1.56159,-1.30235,-1.29315,
142651,0.200951,0.200951,-0.0756621,-0.0736311,1.85495,1.85342,-0.365454,-0.365454,3.14159,3.14006,1.56006,1.56159,-1.30235,-1.29315,
142671,0.200951,0.200951,-0.0756621,-0.0736311,1.85495,1.85342,-0.365454,-0.365454,3.14159,3.14006,1.56006,1.56159,-1.30235,-1.29315,
142691,0.200951,0.200951,-0.0756621,-0.0736311,1.85495,1.85342,-0.365454,-0.365454,3.14159,3.14006,1.56006,1.56159,-1.30235,-1.29315,
142711,0.200951,0.200951,-0.0756621,-0.0736311,1.85495,1.85342,-0.365454,-0.365454,3.14159,3.14006,1.56006,1.56159,-1.30235,-1.29315,
142731,0.200951,0.200951,-0.0756621,-0.0751651,1.85495,1.85342,-0.365454,-0.365454,3.14159,3.14006,1.56006,1.56159,-1.30235,-1.29315,
142751,0.200951,0.200951,-0.0756621,-0.0751651,1.85495,1.85342,-0.365454,-0.365454,3.14159,3.14006,1.56006,1.56159,-1.30235,-1.29315,
142771,0.200951,0.200951,-0.0756621,-0.0751651,1.85495,1.85342,-0.365454,-0.365454,3.14159,3.14006,1.56006,1.56159,-1.30235,-1.29315,
142791,0.200951,0.200951,-0.0756621,-0.0751651,1.85495,1.85342,-0.365454,-0.365454,3.14159,3.14006,1.56006,1.56159,-1.30235,-1.29315,
142811,0.200951,0.200951,-0.0756621,-0.0751651,1.85495,1.85342,-0.365454,-0.365454,3.14159,3.14006,1.56006,1.56159,-1.30235,-1.29315,
142831,0.200951,0.199418,-0.0756621,-0.0751651,1.85495,1.85342,-0.365454,-0.365454,3.14159,3.14006,1.56006,1.56159,-1.30235,-1.29315,
142851,0.200951,0.199418,-0.0756621,-0.0751651,1.85495,1.85342,-0.365454,-0.365454,3.14159,3.14006,1.56006,1.56159,-1.30235,-1.29315,
142871,0.200951,0.199418,-0.0756621,-0.0751651,1.85495,1.85342,-0.365454,-0.365454,3.14159,3.14006,1.56006,1.56159,-1.30235,-1.29315,
142891,0.200951,0.199418,-0.0756621,-0.0751651,1.85495,1.85342,-0.365454,-0.365454,3.14159,3.14006,1.56006,1.56159,-1.30235,-1.29315,
142911,0.200951,0.200951,-0.0756621,-0.0751651,1.85495,1.85342,-0.365454,-0.365454,3.14159,3.14006,1.56006,1.56159,-1.30235,-1.29315,
142931,0.200951,0.200951,-0.0756621,-0.0751651,1.85495,1.85342,-0.365454,-0.365454,3.14159,3.14006,1.56006,1.56159,-1.30235,-1.29315,
142951,0.200951,0.200951,-0.0756621,-0.0751651,1.85495,1.85342,-0.365454,-0.365454,3.14159,3.14006,1.56006,1.56159,-1.30235,-1.29315,
142971,0.200951,0.200951,-0.0756621,-0.0751651,1.85495,1.85342,-0.365454,-0.365454,3.14159,3.14006,1.56006,1.56159,-1.30235,-1.29315,
142991,0.200951,0.200951,-0.0756621,-0.0751651,1.85495,1.85342,-0.365454,-0.365454,3.14159,3.14006,1.56006,1.56159,-1.30235,-1.29315,
143011,0.200951,0.200951,-0.0756621,-0.0751651,1.85495,1.85342,-0.365454,-0.365454,3.14159,3.14006,1.56006,1.56159,-1.30235,-1.29315,
143031,0.200951,0.200951,-0.0756621,-0.0751651,1.85495,1.85342,-0.365454,-0.365454,3.14159,3.14006,1.56006,1.56159,-1.30235,-1.29315,
143051,0.200951,0.200951,-0.0756621,-0.0751651,1.85495,1.85342,-0.365454,-0.365454,3.14159,3.14006,1.56006,1.56159,-1.30235,-1.29315,
143071,0.200951,0.200951,-0.0756621,-0.0751651,1.85495,1.85342,-0.365454,-0.365454,3.14159,3.14006,1.56006,1.56159,-1.30235,-1.29315,
143091,0.200951,0.200951,-0.0756621,-0.0751651,1.85495,1.85342,-0.365454,-0.365454,3.14159,3.14006,1.56006,1.56159,-1.30235,-1.29315,
143111,0.200951,0.200951,-0.0756621,-0.0751651,1.85495,1.85342,-0.365454,-0.365454,3.14159,3.14006,1.56006,1.56159,-1.30235,-1.29315,
143131,0.200951,0.200951,-0.0756621,-0.0751651,1.85495,1.85342,-0.365454,-0.36392,3.14159,3.14006,1.56006,1.56159,-1.30235,-1.29315,
143151,0.200951,0.200951,-0.0756621,-0.0751651,1.85495,1.85342,-0.365454,-0.36392,3.14159,3.14006,1.56006,1.56159,-1.30235,-1.29315,
143171,0.200951,0.200951,-0.0756621,-0.0751651,1.85495,1.85342,-0.365454,-0.36392,3.14159,3.14006,1.56006,1.56159,-1.30235,-1.29315,
143191,0.200951,0.200951,-0.0756621,-0.0751651,1.85495,1.85342,-0.365454,-0.36392,3.14159,3.14006,1.56006,1.56159,-1.30235,-1.29315,
143211,0.200951,0.200951,-0.0756621,-0.0751651,1.85495,1.85342,-0.365454,-0.365454,3.14159,3.14006,1.56006,1.56159,-1.30235,-1.29315,
143231,0.200951,0.200951,-0.0756621,-0.0751651,1.85495,1.85342,-0.365454,-0.365454,3.14159,3.14006,1.56006,1.56159,-1.30235,-1.29315,
143251,0.200951,0.200951,-0.0756621,-0.0751651,1.85495,1.85342,-0.365454,-0.365454,3.14159,3.14006,1.56006,1.56159,-1.30235,-1.29315,
143271,0.200951,0.200951,-0.0756621,-0.0751651,1.85495,1.85342,-0.365454,-0.365454,3.14159,3.14006,1.56006,1.56159,-1.30235,-1.29315,
143291,0.200951,0.200951,-0.0756621,-0.0751651,1.85495,1.85342,-0.365454,-0.365454,3.14159,3.14006,1.56006,1.56159,-1.30235,-1.29315,
143311,0.200951,0.200951,-0.0756621,-0.0751651,1.85495,1.85342,-0.365454,-0.365454,3.14159,3.14006,1.56006,1.56159,-1.30235,-1.29315,
143331,0.200951,0.200951,-0.0756621,-0.0751651,1.85495,1.85342,-0.365454,-0.365454,3.14159,3.14006,1.56006,1.56159,-1.30235,-1.29315,
143352,0.200951,0.200951,-0.0756621,-0.0751651,1.85495,1.85342,-0.365454,-0.365454,3.14159,3.14006,1.56006,1.56159,-1.30235,-1.29315,
143372,0.200951,0.200951,-0.0756621,-0.0751651,1.85495,1.85342,-0.365454,-0.365454,3.14159,3.14006,1.56006,1.56159,-1.30235,-1.29315,
143391,0.200951,0.200951,-0.0756621,-0.0751651,1.85495,1.85342,-0.365454,-0.365454,3.14159,3.14006,1.56006,1.56159,-1.30235,-1.29315,
143411,0.200951,0.200951,-0.0756621,-0.0751651,1.85495,1.85342,-0.365454,-0.365454,3.14159,3.14006,1.56006,1.56159,-1.30235,-1.29315,
143431,0.200951,0.200951,-0.0756621,-0.0751651,1.85495,1.85495,-0.365454,-0.365454,3.14159,3.14006,1.56006,1.56159,-1.30235,-1.29315,
143451,0.200951,0.200951,-0.0756621,-0.0751651,1.85495,1.85495,-0.365454,-0.365454,3.14159,3.14006,1.56006,1.56159,-1.30235,-1.29315,
143471,0.200951,0.200951,-0.0756621,-0.0751651,1.85495,1.85495,-0.365454,-0.365454,3.14159,3.14006,1.56006,1.56159,-1.30235,-1.29315,
143491,0.200951,0.200951,-0.0756621,-0.0751651,1.85495,1.85495,-0.365454,-0.365454,3.14159,3.14006,1.56006,1.56159,-1.30235,-1.29315,
143511,0.200951,0.200951,-0.0756621,-0.0751651,1.85495,1.85495,-0.365454,-0.365454,3.14159,3.14006,1.56006,1.56159,-1.30235,-1.29315,
143531,0.200951,0.200951,-0.0756621,-0.0751651,1.85495,1.85495,-0.365454,-0.365454,3.14159,3.14006,1.56006,1.56159,-1.30235,-1.29315,
143551,0.200951,0.200951,-0.0756621,-0.0751651,1.85495,1.85342,-0.365454,-0.365454,3.14159,3.14006,1.56006,1.56159,-1.30235,-1.29315,
143571,0.200951,0.200951,-0.0756621,-0.0751651,1.85495,1.85342,-0.365454,-0.365454,3.14159,3.14006,1.56006,1.56159,-1.30235,-1.29315,
143591,0.200951,0.200951,-0.0756621,-0.0751651,1.85495,1.85342,-0.365454,-0.365454,3.14159,3.14006,1.56006,1.56159,-1.30235,-1.29315,
143611,0.200951,0.200951,-0.0756621,-0.0751651,1.85495,1.85342,-0.365454,-0.365454,3.14159,3.14006,1.56006,1.56159,-1.30235,-1.29315,
143631,0.200951,0.200951,-0.0756621,-0.0751651,1.85495,1.85342,-0.365454,-0.365454,3.14159,3.14006,1.56006,1.56159,-1.30235,-1.29315,
143651,0.200951,0.200951,-0.0756621,-0.0751651,1.85495,1.85342,-0.365454,-0.365454,3.14159,3.14006,1.56006,1.56159,-1.30235,-1.29315,
143671,0.200951,0.200951,-0.0756621,-0.0751651,1.85495,1.85342,-0.365454,-0.365454,3.14159,3.14006,1.56006,1.56159,-1.30235,-1.29315,
143691,0.200951,0.200951,-0.0756621,-0.0751651,1.85495,1.85342,-0.365454,-0.365454,3.14159,3.14006,1.56006,1.56159,-1.30235,-1.29315,
143711,0.200951,0.200951,-0.0756621,-0.0751651,1.85495,1.85342,-0.365454,-0.365454,3.14159,3.14006,1.56006,1.56159,-1.30235,-1.29315,
143731,0.200951,0.200951,-0.0756621,-0.0751651,1.85495,1.85342,-0.365454,-0.365454,3.14159,3.14159,1.56006,1.56159,-1.30235,-1.29315,
143751,0.200951,0.200951,-0.0756621,-0.0751651,1.85495,1.85342,-0.365454,-0.365454,3.14159,3.14159,1.56006,1.56159,-1.30235,-1.29315,
143771,0.200951,0.200951,-0.0756621,-0.0751651,1.85495,1.85342,-0.365454,-0.365454,3.14159,3.14159,1.56006,1.56159,-1.30235,-1.29315,
143791,0.200951,0.200951,-0.0756621,-0.0751651,1.85495,1.85342,-0.365454,-0.365454,3.14159,3.14159,1.56006,1.56159,-1.30235,-1.29315,
143811,0.200951,0.200951,-0.0756621,-0.0751651,1.85495,1.85342,-0.365454,-0.365454,3.14159,3.14159,1.56006,1.56159,-1.30235,-1.29315,
143831,0.200951,0.200951,-0.0756621,-0.0751651,1.85495,1.85495,-0.365454,-0.365454,3.14159,3.14006,1.56006,1.56159,-1.30235,-1.29315,
143851,0.200951,0.200951,-0.0756621,-0.0751651,1.85495,1.85495,-0.365454,-0.365454,3.14159,3.14006,1.56006,1.56159,-1.30235,-1.29315,
143871,0.200951,0.200951,-0.0756621,-0.0751651,1.85495,1.85495,-0.365454,-0.365454,3.14159,3.14006,1.56006,1.56159,-1.30235,-1.29315,
143891,0.200951,0.200951,-0.0756621,-0.0751651,1.85495,1.85495,-0.365454,-0.365454,3.14159,3.14006,1.56006,1.56159,-1.30235,-1.29315,
143911,0.200951,0.200951,-0.0756621,-0.0751651,1.85495,1.85495,-0.365454,-0.365454,3.14159,3.14006,1.56006,1.56159,-1.30235,-1.29315,
143931,0.200951,0.200951,-0.0756621,-0.0751651,1.85495,1.85342,-0.365454,-0.365454,3.14159,3.14006,1.56006,1.56159,-1.30235,-1.29315,
143951,0.200951,0.200951,-0.0756621,-0.0751651,1.85495,1.85342,-0.365454,-0.365454,3.14159,3.14006,1.56006,1.56159,-1.30235,-1.29315,
143971,0.200951,0.200951,-0.0756621,-0.0751651,1.85495,1.85342,-0.365454,-0.365454,3.14159,3.14006,1.56006,1.56159,-1.30235,-1.29315,
143991,0.200951,0.200951,-0.0756621,-0.0751651,1.85495,1.85342,-0.365454,-0.365454,3.14159,3.14006,1.56006,1.56159,-1.30235,-1.29315,
144011,0.200951,0.200951,-0.0756621,-0.0751651,1.85495,1.85342,-0.365454,-0.365454,3.14159,3.14006,1.56006,1.56159,-1.30235,-1.29315,
144031,0.200951,0.200951,-0.0756621,-0.0751651,1.85495,1.85342,-0.365454,-0.365454,3.14159,3.14006,1.56006,1.56159,-1.30235,-1.29315,
144051,0.200951,0.200951,-0.0756621,-0.0751651,1.85495,1.85342,-0.365454,-0.365454,3.14159,3.14006,1.56006,1.56159,-1.30235,-1.29315,
144071,0.200951,0.200951,-0.0756621,-0.0751651,1.85495,1.85342,-0.365454,-0.365454,3.14159,3.14006,1.56006,1.56159,-1.30235,-1.29315,
144091,0.200951,0.200951,-0.0756621,-0.0751651,1.85495,1.85342,-0.365454,-0.365454,3.14159,3.14006,1.56006,1.56159,-1.30235,-1.29315,
144111,0.200951,0.200951,-0.0756621,-0.0751651,1.85495,1.85342,-0.365454,-0.365454,3.14159,3.14006,1.56006,1.56159,-1.30235,-1.29315,
144131,0.200951,0.200951,-0.0756621,-0.0751651,1.85495,1.85342,-0.365454,-0.365454,3.14159,3.14006,1.56006,1.56159,-1.30235,-1.29315,
144151,0.200951,0.200951,-0.0756621,-0.0751651,1.85495,1.85342,-0.365454,-0.365454,3.14159,3.14006,1.56006,1.56159,-1.30235,-1.29315,
144171,0.200951,0.200951,-0.0756621,-0.0751651,1.85495,1.85342,-0.365454,-0.365454,3.14159,3.14006,1.56006,1.56159,-1.30235,-1.29315,
144191,0.200951,0.200951,-0.0756621,-0.0751651,1.85495,1.85342,-0.365454,-0.365454,3.14159,3.14006,1.56006,1.56159,-1.30235,-1.29315,
144211,0.200951,0.200951,-0.0756621,-0.0751651,1.85495,1.85342,-0.365454,-0.365454,3.14159,3.14006,1.56006,1.56159,-1.30235,-1.29315,
144231,0.200951,0.200951,-0.0756621,-0.0751651,1.85495,1.85342,-0.365454,-0.365454,3.14159,3.14006,1.56006,1.56159,-1.30235,-1.29315,
144251,0.200951,0.200951,-0.0756621,-0.0751651,1.85495,1.85342,-0.365454,-0.365454,3.14159,3.14006,1.56006,1.56159,-1.30235,-1.29315,
144271,0.200951,0.200951,-0.0756621,-0.0751651,1.85495,1.85342,-0.365454,-0.365454,3.14159,3.14006,1.56006,1.56159,-1.30235,-1.29315,
144291,0.200951,0.200951,-0.0756621,-0.0751651,1.85495,1.85342,-0.365454,-0.365454,3.14159,3.14006,1.56006,1.56159,-1.30235,-1.29315,
144311,0.200951,0.200951,-0.0756621,-0.0751651,1.85495,1.85342,-0.365454,-0.365454,3.14159,3.14006,1.56006,1.56159,-1.30235,-1.29315,
144331,0.200951,0.200951,-0.0756621,-0.0751651,1.85495,1.85342,-0.365454,-0.365454,3.14159,3.14006,1.56006,1.56159,-1.30235,-1.29315,
144351,0.200951,0.200951,-0.0756621,-0.0751651,1.85495,1.85342,-0.365454,-0.365454,3.14159,3.14006,1.56006,1.56159,-1.30235,-1.29315,
144371,0.200951,0.200951,-0.0756621,-0.0751651,1.85495,1.85342,-0.365454,-0.365454,3.14159,3.14006,1.56006,1.56159,-1.30235,-1.29315,
144391,0.200951,0.200951,-0.0756621,-0.0751651,1.85495,1.85342,-0.365454,-0.365454,3.14159,3.14006,1.56006,1.56159,-1.30235,-1.29315,
144411,0.200951,0.200951,-0.0756621,-0.0751651,1.85495,1.85342,-0.365454,-0.365454,3.14159,3.14006,1.56006,1.56159,-1.30235,-1.29315,
144431,0.200951,0.200951,-0.0756621,-0.0751651,1.85495,1.85342,-0.365454,-0.365454,3.14159,3.14006,1.56006,1.56159,-1.30235,-1.29315,
144451,0.200951,0.200951,-0.0756621,-0.0751651,1.85495,1.85342,-0.365454,-0.365454,3.14159,3.14006,1.56006,1.56159,-1.30235,-1.29315,
144471,0.200951,0.200951,-0.0756621,-0.0751651,1.85495,1.85342,-0.365454,-0.365454,3.14159,3.14006,1.56006,1.56159,-1.30235,-1.29315,
144491,0.200951,0.200951,-0.0756621,-0.0751651,1.85495,1.85342,-0.365454,-0.365454,3.14159,3.14006,1.56006,1.56159,-1.30235,-1.29315,
144511,0.200951,0.200951,-0.0756621,-0.0751651,1.85495,1.85342,-0.365454,-0.365454,3.14159,3.14006,1.56006,1.56159,-1.30235,-1.29315,
144531,0.200951,0.200951,-0.0756621,-0.0751651,1.85495,1.85342,-0.365454,-0.365454,3.14159,3.14006,1.56006,1.56159,-1.30235,-1.29315,
144551,0.200951,0.200951,-0.0756621,-0.0751651,1.85495,1.85342,-0.365454,-0.365454,3.14159,3.14006,1.56006,1.56159,-1.30235,-1.29315,
144571,0.200951,0.200951,-0.0756621,-0.0751651,1.85495,1.85342,-0.365454,-0.365454,3.14159,3.14006,1.56006,1.56159,-1.30235,-1.29315,
144591,0.200951,0.200951,-0.0756621,-0.0751651,1.85495,1.85342,-0.365454,-0.365454,3.14159,3.14006,1.56006,1.56159,-1.30235,-1.29315,
144611,0.200951,0.200951,-0.0756621,-0.0751651,1.85495,1.85342,-0.365454,-0.365454,3.14159,3.14006,1.56006,1.56159,-1.30235,-1.29315,
144631,0.200951,0.200951,-0.0756621,-0.0751651,1.85495,1.85342,-0.365454,-0.365454,3.14159,3.14006,1.56006,1.56159,-1.30235,-1.29315,
144651,0.200951,0.200951,-0.0756621,-0.0751651,1.85495,1.85342,-0.365454,-0.365454,3.14159,3.14006,1.56006,1.56159,-1.30235,-1.29315,
144671,0.200951,0.200951,-0.0756621,-0.0751651,1.85495,1.85342,-0.365454,-0.365454,3.14159,3.14006,1.56006,1.56159,-1.30235,-1.29315,
144691,0.200951,0.200951,-0.0756621,-0.0751651,1.85495,1.85342,-0.365454,-0.365454,3.14159,3.14006,1.56006,1.56159,-1.30235,-1.29315,
144711,0.200951,0.200951,-0.0756621,-0.0751651,1.85495,1.85342,-0.365454,-0.365454,3.14159,3.14006,1.56006,1.56159,-1.30235,-1.29315,
144731,0.200951,0.200951,-0.0756621,-0.0751651,1.85495,1.85342,-0.365454,-0.365454,3.14159,3.14006,1.56006,1.56159,-1.30235,-1.29315,
144751,0.200951,0.200951,-0.0756621,-0.0751651,1.85495,1.85342,-0.365454,-0.365454,3.14159,3.14006,1.56006,1.56159,-1.30235,-1.29315,
144771,0.200951,0.200951,-0.0756621,-0.0751651,1.85495,1.85342,-0.365454,-0.365454,3.14159,3.14006,1.56006,1.56159,-1.30235,-1.29315,
144791,0.200951,0.200951,-0.0756621,-0.0751651,1.85495,1.85342,-0.365454,-0.365454,3.14159,3.14006,1.56006,1.56159,-1.30235,-1.29315,
144811,0.200951,0.200951,-0.0756621,-0.0751651,1.85495,1.85342,-0.365454,-0.365454,3.14159,3.14006,1.56006,1.56159,-1.30235,-1.29315,
144831,0.200951,0.200951,-0.0756621,-0.0751651,1.85495,1.85342,-0.365454,-0.365454,3.14159,3.14006,1.56006,1.56159,-1.30235,-1.29315,
144851,0.200951,0.200951,-0.0756621,-0.0751651,1.85495,1.85342,-0.365454,-0.365454,3.14159,3.14006,1.56006,1.56159,-1.30235,-1.29315,
144871,0.200951,0.200951,-0.0756621,-0.0751651,1.85495,1.85342,-0.365454,-0.365454,3.14159,3.14006,1.56006,1.56159,-1.30235,-1.29315,
144891,0.200951,0.200951,-0.0756621,-0.0751651,1.85495,1.85342,-0.365454,-0.365454,3.14159,3.14006,1.56006,1.56159,-1.30235,-1.29315,
144911,0.200951,0.200951,-0.0756621,-0.0751651,1.85495,1.85342,-0.365454,-0.36392,3.14159,3.14006,1.56006,1.56159,-1.30235,-1.29315,
144931,0.200951,0.200951,-0.0756621,-0.0751651,1.85495,1.85342,-0.365454,-0.36392,3.14159,3.14006,1.56006,1.56159,-1.30235,-1.29315,
144951,0.200951,0.200951,-0.0756621,-0.0751651,1.85495,1.85342,-0.365454,-0.36392,3.14159,3.14006,1.56006,1.56159,-1.30235,-1.29315,
144971,0.200951,0.200951,-0.0756621,-0.0751651,1.85495,1.85342,-0.365454,-0.36392,3.14159,3.14006,1.56006,1.56159,-1.30235,-1.29315,
144991,0.200951,0.200951,-0.0756621,-0.0751651,1.85495,1.85342,-0.365454,-0.36392,3.14159,3.14006,1.56006,1.56159,-1.30235,-1.29315,
145011,0.200951,0.200951,-0.0756621,-0.0751651,1.85495,1.85342,-0.365454,-0.36392,3.14159,3.14006,1.56006,1.56159,-1.30235,-1.29315,
145031,0.200951,0.200951,-0.0756621,-0.0751651,1.85495,1.85342,-0.365454,-0.365454,3.14159,3.14006,1.56006,1.56159,-1.30235,-1.29315,
145051,0.200951,0.200951,-0.0756621,-0.0751651,1.85495,1.85342,-0.365454,-0.365454,3.14159,3.14006,1.56006,1.56159,-1.30235,-1.29315,
145071,0.200951,0.200951,-0.0756621,-0.0751651,1.85495,1.85342,-0.365454,-0.365454,3.14159,3.14006,1.56006,1.56159,-1.30235,-1.29315,
145091,0.200951,0.200951,-0.0756621,-0.0751651,1.85495,1.85342,-0.365454,-0.365454,3.14159,3.14006,1.56006,1.56159,-1.30235,-1.29315,
145111,0.200951,0.200951,-0.0756621,-0.0751651,1.85495,1.85342,-0.365454,-0.365454,3.14159,3.14006,1.56006,1.56159,-1.30235,-1.29315,
145131,0.200951,0.200951,-0.0756621,-0.0751651,1.85495,1.85342,-0.365454,-0.365454,3.14159,3.14006,1.56006,1.56159,-1.30235,-1.29315,
145151,0.200951,0.200951,-0.0756621,-0.0751651,1.85495,1.85342,-0.365454,-0.365454,3.14159,3.14006,1.56006,1.56159,-1.30235,-1.29315,
145171,0.200951,0.200951,-0.0756621,-0.0751651,1.85495,1.85342,-0.365454,-0.365454,3.14159,3.14006,1.56006,1.56159,-1.30235,-1.29315,
145191,0.200951,0.200951,-0.0756621,-0.0751651,1.85495,1.85342,-0.365454,-0.365454,3.14159,3.14006,1.56006,1.56159,-1.30235,-1.29315,
145211,0.200951,0.200951,-0.0756621,-0.0751651,1.85495,1.85342,-0.365454,-0.365454,3.14159,3.14159,1.56006,1.56159,-1.30235,-1.29315,
145231,0.200951,0.200951,-0.0756621,-0.0751651,1.85495,1.85342,-0.365454,-0.365454,3.14159,3.14159,1.56006,1.56159,-1.30235,-1.29315,
145251,0.200951,0.200951,-0.0756621,-0.0751651,1.85495,1.85342,-0.365454,-0.365454,3.14159,3.14159,1.56006,1.56159,-1.30235,-1.29315,
145271,0.200951,0.200951,-0.0756621,-0.0751651,1.85495,1.85342,-0.365454,-0.365454,3.14159,3.14159,1.56006,1.56159,-1.30235,-1.29315,
145291,0.200951,0.200951,-0.0756621,-0.0751651,1.85495,1.85342,-0.365454,-0.365454,3.14159,3.14159,1.56006,1.56159,-1.30235,-1.29315,
145311,0.200951,0.200951,-0.0756621,-0.0751651,1.85495,1.85342,-0.365454,-0.365454,3.14159,3.14006,1.56006,1.56159,-1.30235,-1.29315,
145331,0.200951,0.200951,-0.0756621,-0.0751651,1.85495,1.85342,-0.365454,-0.365454,3.14159,3.14006,1.56006,1.56159,-1.30235,-1.29315,
145351,0.200951,0.200951,-0.0756621,-0.0751651,1.85495,1.85342,-0.365454,-0.365454,3.14159,3.14006,1.56006,1.56159,-1.30235,-1.29315,
145371,0.200951,0.200951,-0.0756621,-0.0751651,1.85495,1.85342,-0.365454,-0.365454,3.14159,3.14006,1.56006,1.56159,-1.30235,-1.29315,
145391,0.200951,0.200951,-0.0756621,-0.0751651,1.85495,1.85342,-0.365454,-0.365454,3.14159,3.14006,1.56006,1.56159,-1.30235,-1.29315,
145411,0.200951,0.200951,-0.0756621,-0.0751651,1.85495,1.85342,-0.365454,-0.365454,3.14159,3.14006,1.56006,1.56159,-1.30235,-1.29315,
145431,0.200951,0.200951,-0.0756621,-0.0751651,1.85495,1.85495,-0.365454,-0.365454,3.14159,3.14006,1.56006,1.56159,-1.30235,-1.29315,
145451,0.200951,0.200951,-0.0756621,-0.0751651,1.85495,1.85495,-0.365454,-0.365454,3.14159,3.14006,1.56006,1.56159,-1.30235,-1.29315,
145471,0.200951,0.200951,-0.0756621,-0.0751651,1.85495,1.85495,-0.365454,-0.365454,3.14159,3.14006,1.56006,1.56159,-1.30235,-1.29315,
145491,0.200951,0.200951,-0.0756621,-0.0751651,1.85495,1.85495,-0.365454,-0.365454,3.14159,3.14006,1.56006,1.56159,-1.30235,-1.29315,
145511,0.200951,0.200951,-0.0756621,-0.0751651,1.85495,1.85495,-0.365454,-0.365454,3.14159,3.14006,1.56006,1.56159,-1.30235,-1.29315,
145531,0.200951,0.200951,-0.0756621,-0.0751651,1.85495,1.85495,-0.365454,-0.365454,3.14159,3.14006,1.56006,1.56159,-1.30235,-1.29315,
145551,0.200951,0.200951,-0.0756621,-0.0751651,1.85495,1.85495,-0.365454,-0.365454,3.14159,3.14006,1.56006,1.56159,-1.30235,-1.29315,
145571,0.200951,0.200951,-0.0756621,-0.0751651,1.85495,1.85495,-0.365454,-0.365454,3.14159,3.14006,1.56006,1.56159,-1.30235,-1.29315,
145591,0.200951,0.200951,-0.0756621,-0.0751651,1.85495,1.85495,-0.365454,-0.365454,3.14159,3.14006,1.56006,1.56159,-1.30235,-1.29315,
145611,0.200951,0.200951,-0.0756621,-0.0751651,1.85495,1.85648,-0.365454,-0.365454,3.14159,3.14006,1.56006,1.56159,-1.30235,-1.29315,
145631,0.200951,0.200951,-0.0756621,-0.0751651,1.85495,1.85648,-0.365454,-0.365454,3.14159,3.14006,1.56006,1.56159,-1.30235,-1.29315,
145651,0.200951,0.200951,-0.0756621,-0.0751651,1.85495,1.85648,-0.365454,-0.365454,3.14159,3.14006,1.56006,1.56159,-1.30235,-1.29315,
145671,0.200951,0.200951,-0.0756621,-0.0751651,1.85495,1.85648,-0.365454,-0.365454,3.14159,3.14006,1.56006,1.56159,-1.30235,-1.29315,
145691,0.200951,0.200951,-0.0756621,-0.0751651,1.85495,1.85648,-0.365454,-0.365454,3.14159,3.14006,1.56006,1.56159,-1.30235,-1.29315,
145711,0.200951,0.200951,-0.0756621,-0.0751651,1.85495,1.85648,-0.365454,-0.365454,3.14159,3.14006,1.56006,1.56159,-1.30235,-1.29315,
145731,0.200951,0.200951,-0.0756621,-0.0751651,1.85495,1.85648,-0.365454,-0.365454,3.14159,3.14006,1.56006,1.56159,-1.30235,-1.29315,
145751,0.200951,0.200951,-0.0756621,-0.0751651,1.85495,1.85648,-0.365454,-0.365454,3.14159,3.14006,1.56006,1.56159,-1.30235,-1.29315,
145771,0.200951,0.200951,-0.0756621,-0.0751651,1.85495,1.85648,-0.365454,-0.365454,3.14159,3.14006,1.56006,1.56159,-1.30235,-1.29315,
145791,0.200951,0.200951,-0.0756621,-0.0751651,1.85495,1.85648,-0.365454,-0.365454,3.14159,3.14006,1.56006,1.56159,-1.30235,-1.29315,
145811,0.200951,0.200951,-0.0756621,-0.0751651,1.85495,1.85648,-0.365454,-0.365454,3.14159,3.14006,1.56006,1.56159,-1.30235,-1.29315,
145831,0.200951,0.200951,-0.0756621,-0.0736311,1.85495,1.85648,-0.365454,-0.365454,3.14159,3.14006,1.56006,1.56159,-1.30235,-1.29315,
145851,0.200951,0.200951,-0.0756621,-0.0736311,1.85495,1.85648,-0.365454,-0.365454,3.14159,3.14006,1.56006,1.56159,-1.30235,-1.29315,
145871,0.200951,0.200951,-0.0756621,-0.0736311,1.85495,1.85648,-0.365454,-0.365454,3.14159,3.14006,1.56006,1.56159,-1.30235,-1.29315,
145891,0.200951,0.200951,-0.0756621,-0.0736311,1.85495,1.85648,-0.365454,-0.365454,3.14159,3.14006,1.56006,1.56159,-1.30235,-1.29315,
145911,0.200951,0.200951,-0.0756621,-0.0736311,1.85495,1.85648,-0.365454,-0.365454,3.14159,3.14006,1.56006,1.56159,-1.30235,-1.29315,
145931,0.200951,0.200951,-0.0756621,-0.0751651,1.85495,1.85648,-0.365454,-0.36392,3.14159,3.14006,1.56006,1.56159,-1.30235,-1.29315,
145951,0.200951,0.200951,-0.0756621,-0.0751651,1.85495,1.85648,-0.365454,-0.36392,3.14159,3.14006,1.56006,1.56159,-1.30235,-1.29315,
145971,0.200951,0.200951,-0.0756621,-0.0751651,1.85495,1.85648,-0.365454,-0.36392,3.14159,3.14006,1.56006,1.56159,-1.30235,-1.29315,
145991,0.200951,0.200951,-0.0756621,-0.0751651,1.85495,1.85648,-0.365454,-0.36392,3.14159,3.14006,1.56006,1.56159,-1.30235,-1.29315,
146011,0.200951,0.202485,-0.0756621,-0.0751651,1.85495,1.86415,-0.365454,-0.365454,3.14159,3.14006,1.56006,1.56159,-1.30235,-1.29315,
146031,0.200951,0.202485,-0.0756621,-0.0751651,1.85495,1.86415,-0.365454,-0.365454,3.14159,3.14006,1.56006,1.56159,-1.30235,-1.29315,
146051,0.200951,0.202485,-0.0756621,-0.0751651,1.85495,1.86415,-0.365454,-0.365454,3.14159,3.14006,1.56006,1.56159,-1.30235,-1.29315,
146071,0.200951,0.202485,-0.0756621,-0.0751651,1.85495,1.86415,-0.365454,-0.365454,3.14159,3.14006,1.56006,1.56159,-1.30235,-1.29315,
146091,0.200951,0.202485,-0.0756621,-0.0751651,1.85495,1.86415,-0.365454,-0.365454,3.14159,3.14006,1.56006,1.56159,-1.30235,-1.29315,
146111,0.200951,0.202485,-0.0756621,-0.0751651,1.85495,1.86262,-0.365454,-0.365454,3.14159,3.14006,1.56006,1.56159,-1.30235,-1.29315,
146132,0.200951,0.202485,-0.0756621,-0.0751651,1.85495,1.86262,-0.365454,-0.365454,3.14159,3.14006,1.56006,1.56159,-1.30235,-1.29315,
146151,0.200951,0.202485,-0.0756621,-0.0751651,1.85495,1.86262,-0.365454,-0.365454,3.14159,3.14006,1.56006,1.56159,-1.30235,-1.29315,
146171,0.200951,0.202485,-0.0756621,-0.0751651,1.85495,1.86262,-0.365454,-0.365454,3.14159,3.14006,1.56006,1.56159,-1.30235,-1.29315,
146191,0.200951,0.202485,-0.0756621,-0.0751651,1.85495,1.86262,-0.365454,-0.365454,3.14159,3.14006,1.56006,1.56159,-1.30235,-1.29315,
146211,0.200951,0.202485,-0.0756621,-0.0751651,1.85495,1.86262,-0.365454,-0.365454,3.14159,3.14006,1.56006,1.56159,-1.30235,-1.29315,
146231,0.200951,0.202485,-0.0756621,-0.0736311,1.85495,1.86415,-0.365454,-0.365454,3.14159,3.14006,1.56006,1.56159,-1.30235,-1.29315,
146251,0.200951,0.202485,-0.0756621,-0.0736311,1.85495,1.86415,-0.365454,-0.365454,3.14159,3.14006,1.56006,1.56159,-1.30235,-1.29315,
146271,0.200951,0.202485,-0.0756621,-0.0736311,1.85495,1.86415,-0.365454,-0.365454,3.14159,3.14006,1.56006,1.56159,-1.30235,-1.29315,
146291,0.200951,0.202485,-0.0756621,-0.0736311,1.85495,1.86415,-0.365454,-0.365454,3.14159,3.14006,1.56006,1.56159,-1.30235,-1.29315,
146311,0.200951,0.202485,-0.0756621,-0.0736311,1.85495,1.86415,-0.365454,-0.365454,3.14159,3.14006,1.56006,1.56159,-1.30235,-1.29315,
146331,0.200951,0.200951,-0.0756621,-0.0736311,1.85495,1.85495,-0.365454,-0.362386,3.14159,3.13852,1.56006,1.56159,-1.30235,-1.29468,
146351,0.200951,0.200951,-0.0756621,-0.0736311,1.85495,1.85495,-0.365454,-0.362386,3.14159,3.13852,1.56006,1.56159,-1.30235,-1.29468,
146371,0.200951,0.200951,-0.0756621,-0.0736311,1.85495,1.85495,-0.365454,-0.362386,3.14159,3.13852,1.56006,1.56159,-1.30235,-1.29468,
146391,0.200951,0.200951,-0.0756621,-0.0736311,1.85495,1.85495,-0.365454,-0.362386,3.14159,3.13852,1.56006,1.56159,-1.30235,-1.29468,
146411,0.200951,0.200951,-0.0756621,-0.0736311,1.85495,1.85495,-0.365454,-0.362386,3.14159,3.13852,1.56006,1.56159,-1.30235,-1.29468,
146431,0.200951,0.202485,-0.0756621,-0.0751651,1.85495,1.86108,-0.365454,-0.359318,3.14159,3.13699,1.56006,1.56006,-1.30235,-1.29468,
146451,0.200951,0.202485,-0.0756621,-0.0751651,1.85495,1.86108,-0.365454,-0.359318,3.14159,3.13699,1.56006,1.56006,-1.30235,-1.29468,
146471,0.200951,0.202485,-0.0756621,-0.0751651,1.85495,1.86108,-0.365454,-0.359318,3.14159,3.13699,1.56006,1.56006,-1.30235,-1.29468,
146491,0.200951,0.202485,-0.0756621,-0.0751651,1.85495,1.86108,-0.365454,-0.359318,3.14159,3.13699,1.56006,1.56006,-1.30235,-1.29468,
146511,0.200951,0.202485,-0.0756621,-0.0751651,1.85495,1.86108,-0.365454,-0.359318,3.14159,3.13699,1.56006,1.56006,-1.30235,-1.29468,
146531,0.200951,0.202485,-0.0756621,-0.0736311,1.85495,1.85955,-0.365454,-0.357784,3.14159,3.13546,1.56006,1.56006,-1.30235,-1.29315,
146551,0.200951,0.202485,-0.0756621,-0.0736311,1.85495,1.85955,-0.365454,-0.357784,3.14159,3.13546,1.56006,1.56006,-1.30235,-1.29315,
146571,0.200951,0.202485,-0.0756621,-0.0736311,1.85495,1.85955,-0.365454,-0.357784,3.14159,3.13546,1.56006,1.56006,-1.30235,-1.29315,
146591,0.200951,0.202485,-0.0756621,-0.0736311,1.85495,1.85955,-0.365454,-0.357784,3.14159,3.13546,1.56006,1.56006,-1.30235,-1.29315,
146611,0.200951,0.202485,-0.0756621,-0.0736311,1.85495,1.85955,-0.365454,-0.357784,3.14159,3.13546,1.56006,1.56006,-1.30235,-1.29315,
146631,0.200951,0.200951,-0.0756621,-0.0751651,1.85495,1.86108,-0.365454,-0.357784,3.14159,3.13546,1.56006,1.56006,-1.30235,-1.29315,
146651,0.200951,0.200951,-0.0756621,-0.0751651,1.85495,1.86108,-0.365454,-0.357784,3.14159,3.13546,1.56006,1.56006,-1.30235,-1.29315,
146671,0.200951,0.200951,-0.0756621,-0.0751651,1.85495,1.86108,-0.365454,-0.357784,3.14159,3.13546,1.56006,1.56006,-1.30235,-1.29315,
146691,0.200951,0.200951,-0.0756621,-0.0751651,1.85495,1.86108,-0.365454,-0.357784,3.14159,3.13546,1.56006,1.56006,-1.30235,-1.29315,
146711,0.200951,0.200951,-0.0756621,-0.0751651,1.85495,1.86108,-0.365454,-0.357784,3.14159,3.13546,1.56006,1.56006,-1.30235,-1.29315,
146731,0.200951,0.200951,-0.0756621,-0.0736311,1.85495,1.85188,-0.365454,-0.357784,3.14159,3.13546,1.56006,1.56006,-1.30235,-1.29775,
146751,0.200951,0.200951,-0.0756621,-0.0736311,1.85495,1.85188,-0.365454,-0.357784,3.14159,3.13546,1.56006,1.56006,-1.30235,-1.29775,
146771,0.200951,0.200951,-0.0756621,-0.0736311,1.85495,1.85188,-0.365454,-0.357784,3.14159,3.13546,1.56006,1.56006,-1.30235,-1.29775,
146791,0.200951,0.200951,-0.0756621,-0.0736311,1.85495,1.85188,-0.365454,-0.357784,3.14159,3.13546,1.56006,1.56006,-1.30235,-1.29775,
146811,0.200951,0.200951,-0.0756621,-0.0736311,1.85495,1.85188,-0.365454,-0.357784,3.14159,3.13546,1.56006,1.56006,-1.30235,-1.29775,
146831,0.200951,0.200951,-0.0756621,-0.0720971,1.85495,1.84881,-0.354716,-0.354716,3.14159,3.13392,1.56006,1.56006,-1.30235,-1.29928,
146851,0.200951,0.200951,-0.0756621,-0.0720971,1.85495,1.84881,-0.354716,-0.354716,3.14159,3.13392,1.56006,1.56006,-1.30235,-1.29928,
146871,0.200951,0.200951,-0.0756621,-0.0720971,1.85495,1.84881,-0.354716,-0.354716,3.14159,3.13392,1.56006,1.56006,-1.30235,-1.29928,
146891,0.200951,0.200951,-0.0756621,-0.0720971,1.85495,1.84881,-0.354716,-0.354716,3.14159,3.13392,1.56006,1.56006,-1.30235,-1.29928,
146911,0.200951,0.202485,-0.0756621,-0.0720971,1.85495,1.84881,-0.354716,-0.35625,3.12779,3.12779,1.56006,1.55852,-1.30235,-1.29621,
146931,0.200951,0.202485,-0.0756621,-0.0720971,1.85495,1.84881,-0.354716,-0.35625,3.12779,3.12779,1.56006,1.55852,-1.30235,-1.29621,
146951,0.200951,0.202485,-0.0756621,-0.0720971,1.85495,1.84881,-0.354716,-0.35625,3.12779,3.12779,1.56006,1.55852,-1.30235,-1.29621,
146971,0.200951,0.202485,-0.0756621,-0.0720971,1.85495,1.84881,-0.354716,-0.35625,3.12779,3.12779,1.56006,1.55852,-1.30235,-1.29621,
146991,0.200951,0.202485,-0.0756621,-0.0720971,1.85495,1.84881,-0.354716,-0.35625,3.12779,3.12779,1.56006,1.55852,-1.30235,-1.29621,
147011,0.200951,0.202485,-0.0756621,-0.0720971,1.85495,1.84881,-0.354716,-0.35625,3.12779,3.12779,1.56006,1.55852,-1.30235,-1.29621,
147031,0.200951,0.200951,-0.0756621,-0.0720971,1.85495,1.85342,-0.354716,-0.35625,3.12779,3.12779,1.56006,1.55852,-1.30235,-1.29315,
147051,0.200951,0.200951,-0.0756621,-0.0720971,1.85495,1.85342,-0.354716,-0.35625,3.12779,3.12779,1.56006,1.55852,-1.30235,-1.29315,
147071,0.200951,0.200951,-0.0756621,-0.0720971,1.85495,1.85342,-0.354716,-0.35625,3.12779,3.12779,1.56006,1.55852,-1.30235,-1.29315,
147091,0.200951,0.200951,-0.0756621,-0.0720971,1.85495,1.85342,-0.354716,-0.35625,3.12779,3.12779,1.56006,1.55852,-1.30235,-1.29315,
147111,0.200951,0.200951,-0.0756621,-0.0720971,1.85495,1.85342,-0.354716,-0.35625,3.12779,3.12779,1.56006,1.55852,-1.30235,-1.29315,
147131,0.200951,0.200951,-0.0756621,-0.0720971,1.85495,1.85495,-0.354716,-0.354716,3.12779,3.12625,1.56006,1.55852,-1.30235,-1.29315,
147151,0.200951,0.200951,-0.0756621,-0.0720971,1.85495,1.85495,-0.354716,-0.354716,3.12779,3.12625,1.56006,1.55852,-1.30235,-1.29315,
147171,0.200951,0.200951,-0.0756621,-0.0720971,1.85495,1.85495,-0.354716,-0.354716,3.12779,3.12625,1.56006,1.55852,-1.30235,-1.29315,
147191,0.200951,0.200951,-0.0756621,-0.0720971,1.85495,1.85495,-0.354716,-0.354716,3.12779,3.12625,1.56006,1.55852,-1.30235,-1.29315,
147211,0.200951,0.200951,-0.0756621,-0.0720971,1.85495,1.85495,-0.354716,-0.354716,3.12779,3.12625,1.56006,1.55852,-1.30235,-1.29315,
147231,0.200951,0.200951,-0.0756621,-0.0720971,1.85495,1.84881,-0.354716,-0.347046,3.12779,3.12625,1.56006,1.55852,-1.30235,-1.29928,
147251,0.200951,0.200951,-0.0756621,-0.0720971,1.85495,1.84881,-0.354716,-0.347046,3.12779,3.12625,1.56006,1.55852,-1.30235,-1.29928,
147271,0.200951,0.200951,-0.0756621,-0.0720971,1.85495,1.84881,-0.354716,-0.347046,3.12779,3.12625,1.56006,1.55852,-1.30235,-1.29928,
147291,0.200951,0.200951,-0.0756621,-0.0720971,1.85495,1.84881,-0.354716,-0.347046,3.12779,3.12625,1.56006,1.55852,-1.30235,-1.29928,
147311,0.200951,0.202485,-0.0756621,-0.0720971,1.85495,1.85035,-0.354716,-0.347046,3.12779,3.12318,1.56006,1.55546,-1.30235,-1.29928,
147331,0.200951,0.202485,-0.0756621,-0.0720971,1.85495,1.85035,-0.354716,-0.347046,3.12779,3.12318,1.56006,1.55546,-1.30235,-1.29928,
147351,0.200951,0.202485,-0.0756621,-0.0720971,1.85495,1.85035,-0.354716,-0.347046,3.12779,3.12318,1.56006,1.55546,-1.30235,-1.29928,
147371,0.200951,0.202485,-0.0756621,-0.0720971,1.85495,1.85035,-0.354716,-0.347046,3.12779,3.12318,1.56006,1.55546,-1.30235,-1.29928,
147391,0.200951,0.202485,-0.0756621,-0.0720971,1.85495,1.85035,-0.354716,-0.347046,3.12779,3.12318,1.56006,1.55546,-1.30235,-1.29928,
147411,0.200951,0.202485,-0.0756621,-0.0720971,1.85495,1.85035,-0.354716,-0.347046,3.12779,3.12318,1.56006,1.55546,-1.30235,-1.29928,
147431,0.200951,0.200951,-0.0756621,-0.0705631,1.84268,1.84268,-0.34091,-0.34091,3.12779,3.12012,1.56006,1.55699,-1.30235,-1.30082,
147451,0.200951,0.200951,-0.0756621,-0.0705631,1.84268,1.84268,-0.34091,-0.34091,3.12779,3.12012,1.56006,1.55699,-1.30235,-1.30082,
147471,0.200951,0.200951,-0.0756621,-0.0705631,1.84268,1.84268,-0.34091,-0.34091,3.12779,3.12012,1.56006,1.55699,-1.30235,-1.30082,
147491,0.200951,0.200951,-0.0756621,-0.0705631,1.84268,1.84268,-0.34091,-0.34091,3.12779,3.12012,1.56006,1.55699,-1.30235,-1.30082,
147511,0.200951,0.200951,-0.0756621,-0.0705631,1.84268,1.84268,-0.34091,-0.34091,3.12779,3.12012,1.56006,1.55699,-1.30235,-1.30082,
147531,0.200951,0.207087,-0.0756621,-0.0690291,1.84268,1.84575,-0.34091,-0.331706,3.10018,3.10018,1.56006,1.55392,-1.30235,-1.29621,
147551,0.200951,0.207087,-0.0756621,-0.0690291,1.84268,1.84575,-0.34091,-0.331706,3.10018,3.10018,1.56006,1.55392,-1.30235,-1.29621,
147571,0.200951,0.207087,-0.0756621,-0.0690291,1.84268,1.84575,-0.34091,-0.331706,3.10018,3.10018,1.56006,1.55392,-1.30235,-1.29621,
147591,0.200951,0.207087,-0.0756621,-0.0690291,1.84268,1.84575,-0.34091,-0.331706,3.10018,3.10018,1.56006,1.55392,-1.30235,-1.29621,
147611,0.200951,0.202485,-0.0756621,-0.0705631,1.84268,1.84421,-0.34091,-0.331706,3.10018,3.09097,1.56006,1.55392,-1.30235,-1.29468,
147631,0.200951,0.202485,-0.0756621,-0.0705631,1.84268,1.84421,-0.34091,-0.331706,3.10018,3.09097,1.56006,1.55392,-1.30235,-1.29468,
147651,0.200951,0.202485,-0.0756621,-0.0705631,1.84268,1.84421,-0.34091,-0.331706,3.10018,3.09097,1.56006,1.55392,-1.30235,-1.29468,
147671,0.200951,0.202485,-0.0756621,-0.0705631,1.84268,1.84421,-0.34091,-0.331706,3.10018,3.09097,1.56006,1.55392,-1.30235,-1.29468,
147691,0.200951,0.202485,-0.0756621,-0.0705631,1.84268,1.84421,-0.34091,-0.331706,3.10018,3.09097,1.56006,1.55392,-1.30235,-1.29468,
147711,0.200951,0.202485,-0.0756621,-0.0705631,1.84268,1.84268,-0.330172,-0.330172,3.0879,3.0879,1.56006,1.55546,-1.30235,-1.29468,
147731,0.200951,0.202485,-0.0756621,-0.0705631,1.84268,1.84268,-0.330172,-0.330172,3.0879,3.0879,1.56006,1.55546,-1.30235,-1.29468,
147751,0.200951,0.202485,-0.0756621,-0.0705631,1.84268,1.84268,-0.330172,-0.330172,3.0879,3.0879,1.56006,1.55546,-1.30235,-1.29468,
147771,0.200951,0.202485,-0.0756621,-0.0705631,1.84268,1.84268,-0.330172,-0.330172,3.0879,3.0879,1.56006,1.55546,-1.30235,-1.29468,
147791,0.200951,0.202485,-0.0756621,-0.0705631,1.84268,1.84268,-0.330172,-0.330172,3.0879,3.0879,1.56006,1.55546,-1.30235,-1.29468,
147811,0.200951,0.202485,-0.0756621,-0.0705631,1.84268,1.84268,-0.330172,-0.330172,3.0879,3.0879,1.56006,1.55546,-1.30235,-1.29468,
147831,0.200951,0.202485,-0.0756621,-0.0690291,1.84268,1.84114,-0.330172,-0.322502,3.0879,3.0879,1.56006,1.55392,-1.30235,-1.29621,
147851,0.200951,0.202485,-0.0756621,-0.0690291,1.84268,1.84114,-0.330172,-0.322502,3.0879,3.0879,1.56006,1.55392,-1.30235,-1.29621,
147871,0.200951,0.202485,-0.0756621,-0.0690291,1.84268,1.84114,-0.330172,-0.322502,3.0879,3.0879,1.56006,1.55392,-1.30235,-1.29621,
147891,0.200951,0.202485,-0.0756621,-0.0690291,1.84268,1.84114,-0.330172,-0.322502,3.0879,3.0879,1.56006,1.55392,-1.30235,-1.29621,
147911,0.200951,0.202485,-0.0756621,-0.0690291,1.84268,1.84114,-0.330172,-0.322502,3.0879,3.0879,1.56006,1.55392,-1.30235,-1.29621,
147931,0.200951,0.200951,-0.0628932,-0.0628932,1.84268,1.83654,-0.308696,-0.308696,3.0879,3.0879,1.56006,1.55239,-1.30235,-1.30082,
147951,0.200951,0.200951,-0.0628932,-0.0628932,1.84268,1.83654,-0.308696,-0.308696,3.0879,3.0879,1.56006,1.55239,-1.30235,-1.30082,
147971,0.200951,0.200951,-0.0628932,-0.0628932,1.84268,1.83654,-0.308696,-0.308696,3.0879,3.0879,1.56006,1.55239,-1.30235,-1.30082,
147991,0.200951,0.200951,-0.0628932,-0.0628932,1.84268,1.83654,-0.308696,-0.308696,3.0879,3.0879,1.56006,1.55239,-1.30235,-1.30082,
148011,0.200951,0.208621,-0.0628932,-0.0613592,1.84268,1.85035,-0.308696,-0.297959,3.0879,3.04649,1.56006,1.54779,-1.30235,-1.29621,
148031,0.200951,0.208621,-0.0628932,-0.0613592,1.84268,1.85035,-0.297959,-0.297959,3.04649,3.04649,1.54779,1.54779,-1.30235,-1.29621,
148051,0.200951,0.208621,-0.0628932,-0.0613592,1.84268,1.85035,-0.297959,-0.297959,3.04649,3.04649,1.54779,1.54779,-1.30235,-1.29621,
148071,0.200951,0.208621,-0.0628932,-0.0613592,1.84268,1.85035,-0.297959,-0.297959,3.04649,3.04649,1.54779,1.54779,-1.30235,-1.29621,
148091,0.200951,0.208621,-0.0628932,-0.0613592,1.84268,1.85035,-0.297959,-0.297959,3.04649,3.04649,1.54779,1.54779,-1.30235,-1.29621,
148111,0.200951,0.200951,-0.0628932,-0.0552233,1.84268,1.83961,-0.297959,-0.291823,3.02961,3.02961,1.54779,1.54932,-1.30235,-1.29775,
148131,0.200951,0.200951,-0.0628932,-0.0552233,1.84268,1.83961,-0.297959,-0.291823,3.02961,3.02961,1.54779,1.54932,-1.30235,-1.29775,
148151,0.200951,0.200951,-0.0628932,-0.0552233,1.84268,1.83961,-0.297959,-0.291823,3.02961,3.02961,1.54779,1.54932,-1.30235,-1.29775,
148171,0.200951,0.200951,-0.0628932,-0.0552233,1.84268,1.83961,-0.297959,-0.291823,3.02961,3.02961,1.54779,1.54932,-1.30235,-1.29775,
148191,0.200951,0.200951,-0.0628932,-0.0552233,1.84268,1.83961,-0.297959,-0.291823,3.02961,3.02961,1.54779,1.54932,-1.30235,-1.29775,
148211,0.200951,0.200951,-0.0628932,-0.0552233,1.84268,1.83961,-0.297959,-0.291823,3.02961,3.02961,1.54779,1.54932,-1.30235,-1.29775,
148231,0.200951,0.200951,-0.0628932,-0.0552233,1.84268,1.83961,-0.297959,-0.291823,3.02961,3.02961,1.54779,1.54932,-1.30235,-1.29775,
148251,0.200951,0.202485,-0.0490874,-0.0490874,1.85342,1.85342,-0.262677,-0.262677,2.98359,2.98359,1.48489,1.48489,-1.30235,-1.30082,
148271,0.200951,0.202485,-0.0490874,-0.0490874,1.85342,1.85342,-0.262677,-0.262677,2.98359,2.98359,1.48489,1.48489,-1.30235,-1.30082,
148291,0.200951,0.202485,-0.0490874,-0.0490874,1.85342,1.85342,-0.262677,-0.262677,2.98359,2.98359,1.48489,1.48489,-1.30235,-1.30082,
148311,0.200951,0.202485,-0.0490874,-0.0490874,1.85342,1.85342,-0.262677,-0.262677,2.98359,2.98359,1.48489,1.48489,-1.30235,-1.30082,
148331,0.200951,0.200951,-0.0490874,-0.0460194,1.85342,1.84881,-0.262677,-0.256541,2.96979,2.96979,1.46188,1.46188,-1.30235,-1.29468,
148351,0.200951,0.200951,-0.0490874,-0.0460194,1.85342,1.84881,-0.262677,-0.256541,2.96979,2.96979,1.46188,1.46188,-1.30235,-1.29468,
148371,0.200951,0.200951,-0.0490874,-0.0460194,1.85342,1.84881,-0.262677,-0.256541,2.96979,2.96979,1.46188,1.46188,-1.30235,-1.29468,
148391,0.213419,0.200951,-0.0747345,-0.0460194,1.82185,1.84881,-0.363466,-0.256541,3.14159,2.96979,1.5708,1.46188,0,-1.29468,
148411,0.211896,0.208621,-0.0444854,-0.0444854,1.86569,1.86569,-0.241201,-0.241201,2.93144,2.93144,1.43581,1.43581,-1.29468,-1.29468,
148431,0.211896,0.208621,-0.0444854,-0.0444854,1.86569,1.86569,-0.241201,-0.241201,2.93144,2.93144,1.43581,1.43581,-1.29468,-1.29468,
148451,0.210356,0.208621,-0.0727922,-0.0444854,1.83063,1.86569,-0.374186,-0.241201,3.14159,2.93144,1.5708,1.43581,0,-1.29468,
148471,0.2088,0.208621,-0.0717775,-0.0444854,1.83498,1.86569,-0.379553,-0.241201,3.14159,2.93144,1.5708,1.43581,0,-1.29468,
148491,0.2088,0.208621,-0.0717775,-0.0444854,1.83498,1.86569,-0.379553,-0.241201,3.14159,2.93144,1.5708,1.43581,0,-1.29468,
148511,0.207226,0.208621,-0.0707337,-0.0444854,1.83931,1.86569,-0.384923,-0.241201,3.14159,2.93144,1.5708,1.43581,0,-1.29468,
148531,0.207226,0.210155,-0.0460194,-0.0460194,1.86262,1.86262,-0.281085,-0.281085,2.96518,2.96518,1.42967,1.42967,-1.29621,-1.29621,
148551,0.205636,0.210155,-0.0696607,-0.0460194,1.84361,1.86262,-0.390299,-0.281085,3.14159,2.96518,1.5708,1.42967,0,-1.29621,
148571,0.205636,0.210155,-0.0696607,-0.0460194,1.84361,1.86262,-0.390299,-0.281085,3.14159,2.96518,1.5708,1.42967,0,-1.29621,
148591,0.204028,0.210155,-0.0685586,-0.0460194,1.84789,1.86262,-0.395678,-0.281085,3.14159,2.96518,1.5708,1.42967,0,-1.29621,
148611,0.204028,0.210155,-0.0685586,-0.0460194,1.84789,1.86262,-0.395678,-0.281085,3.14159,2.96518,1.5708,1.42967,0,-1.29621,
148631,0.202402,0.210155,-0.0444854,-0.0444854,1.85214,1.85188,-0.274949,-0.274949,2.93297,2.93297,1.40513,1.40513,-1.29928,-1.29928,
148651,0.200758,0.210155,-0.0662666,-0.0444854,1.85637,1.85188,-0.40645,-0.274949,3.14159,2.93297,1.5708,1.40513,0,-1.29928,
148671,0.200758,0.210155,-0.0662666,-0.0444854,1.85637,1.85188,-0.40645,-0.274949,3.14159,2.93297,1.5708,1.40513,0,-1.29928,
148691,0.199096,0.210155,-0.0650766,-0.0444854,1.86057,1.85188,-0.411843,-0.274949,3.14159,2.93297,1.5708,1.40513,0,-1.29928,
148711,0.197416,0.210155,-0.0638574,-0.0444854,1.86475,1.85188,-0.41724,-0.274949,3.14159,2.93297,1.5708,1.40513,0,-1.29928,
148731,0.214757,0.214757,-0.0475534,-0.0475534,1.84728,1.84728,-0.334774,-0.334774,3.08177,3.08177,1.35297,1.35297,-1.29468,-1.29468,
148751,0.195716,0.214757,-0.0626087,-0.0475534,1.8689,1.84728,-0.422642,-0.334774,3.14159,3.08177,1.5708,1.35297,0,-1.29468,
148771,0.193997,0.214757,-0.0613307,-0.0475534,1.87303,1.84728,-0.428048,-0.334774,3.14159,3.08177,1.5708,1.35297,0,-1.29468,
148791,0.193997,0.214757,-0.0613307,-0.0475534,1.87303,1.84728,-0.428048,-0.334774,3.14159,3.08177,1.5708,1.35297,0,-1.29468,
148811,0.192259,0.208621,-0.0600232,-0.0475534,1.87713,1.84881,-0.433458,-0.324036,3.14159,2.97132,1.5708,1.35451,0,-1.29928,
148831,0.1905,0.208621,-0.0586862,-0.0475534,1.88121,1.84881,-0.438874,-0.324036,3.14159,2.97132,1.5708,1.35451,0,-1.29928,
148851,0.1905,0.208621,-0.0586862,-0.0475534,1.88121,1.84881,-0.438874,-0.324036,3.14159,2.97132,1.5708,1.35451,0,-1.29928,
148871,0.188722,0.208621,-0.0573198,-0.0475534,1.88526,1.84881,-0.444293,-0.324036,3.14159,2.97132,1.5708,1.35451,0,-1.29928,
148891,0.186923,0.208621,-0.0559238,-0.0475534,1.88929,1.84881,-0.449717,-0.324036,3.14159,2.97132,1.5708,1.35451,0,-1.29928,
148911,0.186923,0.208621,-0.0559238,-0.0475534,1.88929,1.84881,-0.449717,-0.324036,3.14159,2.97132,1.5708,1.35451,0,-1.29928,
148931,0.208621,0.208621,-0.0544983,-0.0490874,1.85802,1.85802,-0.353182,-0.353182,3.0741,3.0741,1.33763,1.33763,-1.29468,-1.29468,
148951,0.183262,0.208621,-0.0530432,-0.0490874,1.89727,1.85802,-0.460579,-0.353182,3.14159,3.0741,1.5708,1.33763,0,-1.29468,
148971,0.183262,0.208621,-0.0530432,-0.0490874,1.89727,1.85802,-0.460579,-0.353182,3.14159,3.0741,1.5708,1.33763,0,-1.29468,
148991,0.181399,0.208621,-0.0515586,-0.0490874,1.90123,1.85802,-0.466017,-0.353182,3.14159,3.0741,1.5708,1.33763,0,-1.29468,
149011,0.181399,0.208621,-0.0515586,-0.0490874,1.90123,1.85802,-0.466017,-0.353182,3.14159,3.0741,1.5708,1.33763,0,-1.29468,
149031,0.200951,0.200951,-0.0500443,-0.0490874,1.87029,1.87029,-0.389997,-0.389997,3.09251,3.09251,1.3361,1.3361,-1.29315,-1.29315,
149051,0.177607,0.200951,-0.0485003,-0.0490874,1.90906,1.87029,-0.476907,-0.389997,3.14159,3.09251,1.5708,1.3361,0,-1.29315,
149071,0.177607,0.200951,-0.0485003,-0.0490874,1.90906,1.87029,-0.476907,-0.389997,3.14159,3.09251,1.5708,1.3361,0,-1.29315,
149091,0.175677,0.200951,-0.0469267,-0.0490874,1.91294,1.87029,-0.482358,-0.389997,3.14159,3.09251,1.5708,1.3361,0,-1.29315,
149111,0.173724,0.200951,-0.0453235,-0.0490874,1.91679,1.87029,-0.487814,-0.389997,3.14159,3.09251,1.5708,1.3361,0,-1.29315,
149131,0.200951,0.200951,-0.0453235,-0.0490874,1.87489,1.87489,-0.393065,-0.393065,3.09097,3.09097,1.32229,1.32229,-1.29468,-1.29468,
149151,0.171748,0.200951,-0.0436905,-0.0490874,1.92062,1.87489,-0.493274,-0.393065,3.14159,3.09097,1.5708,1.32229,0,-1.29468,
149171,0.169747,0.200951,-0.0420279,-0.0490874,1.92442,1.87489,-0.498739,-0.393065,3.14159,3.09097,1.5708,1.32229,0,-1.29468,
149191,0.169747,0.200951,-0.0420279,-0.0490874,1.92442,1.87489,-0.498739,-0.393065,3.14159,3.09097,1.5708,1.32229,0,-1.29468,
149211,0.167722,0.191748,-0.0403356,-0.0490874,1.92819,1.89023,-0.504208,-0.420677,3.14159,3.09251,1.5708,1.29008,0,-1.29315,
149231,0.165673,0.191748,-0.0386135,-0.0490874,1.93195,1.89023,-0.509681,-0.420677,3.14159,3.09251,1.5708,1.29008,0,-1.29315,
149251,0.165673,0.191748,-0.0386135,-0.0490874,1.93195,1.89023,-0.509681,-0.420677,3.14159,3.09251,1.5708,1.29008,0,-1.29315,
149271,0.163598,0.191748,-0.0368618,-0.0490874,1.93567,1.89023,-0.515159,-0.420677,3.14159,3.09251,1.5708,1.29008,0,-1.29315,
149291,0.163598,0.191748,-0.0368618,-0.0490874,1.93567,1.89023,-0.515159,-0.420677,3.14159,3.09251,1.5708,1.29008,0,-1.29315,
149311,0.161497,0.191748,-0.0350804,-0.0490874,1.93937,1.89023,-0.52064,-0.420677,3.14159,3.09251,1.5708,1.29008,0,-1.29315,
149331,0.15937,0.19635,-0.0332693,-0.0490874,1.94305,1.88563,-0.526127,-0.397667,3.14159,3.05876,1.5708,1.28548,0,-1.29775,
149351,0.15937,0.19635,-0.0332693,-0.0490874,1.94305,1.88563,-0.526127,-0.397667,3.14159,3.05876,1.5708,1.28548,0,-1.29775,
149371,0.157217,0.19635,-0.0314284,-0.0490874,1.9467,1.88563,-0.531617,-0.397667,3.14159,3.05876,1.5708,1.28548,0,-1.29775,
149391,0.155036,0.19635,-0.0295579,-0.0490874,1.95032,1.88563,-0.537111,-0.397667,3.14159,3.05876,1.5708,1.28548,0,-1.29775,
149411,0.155036,0.19635,-0.0295579,-0.0490874,1.95032,1.88563,-0.537111,-0.397667,3.14159,3.05876,1.5708,1.28548,0,-1.29775,
149431,0.185612,0.185612,-0.0475534,-0.0475534,1.91017,1.91017,-0.445221,-0.445221,3.10478,3.10478,1.26707,1.26707,-1.29315,-1.29315,
149451,0.150592,0.185612,-0.025728,-0.0475534,1.95749,1.91017,-0.548112,-0.445221,3.14159,3.10478,1.5708,1.26707,0,-1.29315,
149471,0.150592,0.185612,-0.025728,-0.0475534,1.95749,1.91017,-0.548112,-0.445221,3.14159,3.10478,1.5708,1.26707,0,-1.29315,
149491,0.148327,0.185612,-0.0237686,-0.0475534,1.96104,1.91017,-0.553618,-0.445221,3.14159,3.10478,1.5708,1.26707,0,-1.29315,
149511,0.148327,0.185612,-0.0237686,-0.0475534,1.96104,1.91017,-0.553618,-0.445221,3.14159,3.10478,1.5708,1.26707,0,-1.29315,
149531,0.179476,0.179476,-0.0444854,-0.0444854,1.92705,1.92705,-0.472832,-0.472832,3.10785,3.10785,1.25786,1.25786,-1.29315,-1.29315,
149551,0.143709,0.179476,-0.0197609,-0.0444854,1.96805,1.92705,-0.564641,-0.472832,3.14159,3.10785,1.5708,1.25786,0,-1.29315,
149571,0.143709,0.179476,-0.0197609,-0.0444854,1.96805,1.92705,-0.564641,-0.472832,3.14159,3.10785,1.5708,1.25786,0,-1.29315,
149591,0.141355,0.179476,-0.0177128,-0.0444854,1.97152,1.92705,-0.570159,-0.472832,3.14159,3.10785,1.5708,1.25786,0,-1.29315,
149611,0.13897,0.179476,-0.0156352,-0.0444854,1.97497,1.92705,-0.575679,-0.472832,3.14159,3.10785,1.5708,1.25786,0,-1.29315,
149631,0.17334,0.17334,-0.0414175,-0.0414175,1.93318,1.93318,-0.489706,-0.489706,3.10631,3.10631,1.23792,1.23792,-1.29315,-1.29315,
149651,0.136554,0.17334,-0.0135281,-0.0414175,1.97838,1.93318,-0.581204,-0.489706,3.14159,3.10631,1.5708,1.23792,0,-1.29315,
149671,0.134105,0.17334,-0.0113916,-0.0414175,1.98177,1.93318,-0.586731,-0.489706,3.14159,3.10631,1.5708,1.23792,0,-1.29315,
149691,0.134105,0.17334,-0.0113916,-0.0414175,1.98177,1.93318,-0.586731,-0.489706,3.14159,3.10631,1.5708,1.23792,0,-1.29315,
149711,0.131624,0.17334,-0.00922578,-0.0414175,1.98514,1.93318,-0.592262,-0.489706,3.14159,3.10631,1.5708,1.23792,0,-1.29315,
149731,0.161068,0.161068,-0.0337476,-0.0337476,1.94085,1.94085,-0.517318,-0.517318,3.10631,3.10631,1.23792,1.23792,-1.29315,-1.29315,
149751,0.12911,0.161068,-0.00703064,-0.0337476,1.98848,1.94085,-0.597796,-0.517318,3.14159,3.10631,1.5708,1.23792,0,-1.29315,
149771,0.126562,0.161068,-0.00480625,-0.0337476,1.99179,1.94085,-0.603332,-0.517318,3.14159,3.10631,1.5708,1.23792,0,-1.29315,
149791,0.126562,0.161068,-0.00480625,-0.0337476,1.99179,1.94085,-0.603332,-0.517318,3.14159,3.10631,1.5708,1.23792,0,-1.29315,
149811,0.123979,0.161068,-0.0025527,-0.0337476,1.99508,1.94085,-0.608872,-0.517318,3.14159,3.10631,1.5708,1.23792,0,-1.29315,
149831,0.121362,0.156466,-0.000270039,-0.0291456,1.99834,1.94852,-0.614414,-0.531124,3.14159,3.11398,1.5708,1.22258,0,-1.29315,
149851,0.121362,0.156466,-0.000270039,-0.0291456,1.99834,1.94852,-0.614414,-0.531124,3.14159,3.11398,1.5708,1.22258,0,-1.29315,
149871,0.118708,0.156466,0.00204164,-0.0291456,2.00157,1.94852,-0.619959,-0.531124,3.14159,3.11398,1.5708,1.22258,0,-1.29315,
149891,0.116018,0.156466,0.00438226,-0.0291456,2.00477,1.94852,-0.625506,-0.531124,3.14159,3.11398,1.5708,1.22258,0,-1.29315,
149911,0.116018,0.156466,0.00438226,-0.0291456,2.00477,1.94852,-0.625506,-0.531124,3.14159,3.11398,1.5708,1.22258,0,-1.29315,
149931,0.145728,0.145728,-0.0230097,-0.0230097,1.97153,1.97153,-0.552599,-0.552599,3.11551,3.11551,1.21031,1.21031,-1.29315,-1.29315,
149951,0.110524,0.145728,0.00914995,-0.0230097,2.01111,1.97153,-0.636607,-0.552599,3.14159,3.11551,1.5708,1.21031,0,-1.29315,
149971,0.110524,0.145728,0.00914995,-0.0230097,2.01111,1.97153,-0.636607,-0.552599,3.14159,3.11551,1.5708,1.21031,0,-1.29315,
149991,0.10772,0.145728,0.0115768,-0.0230097,2.01423,1.97153,-0.642161,-0.552599,3.14159,3.11551,1.5708,1.21031,0,-1.29315,
150011,0.144194,0.144194,-0.0168738,-0.0168738,1.9792,1.9792,-0.567939,-0.567939,3.11398,3.11398,1.20264,1.20264,-1.29468,-1.29468,
150031,0.144194,0.144194,-0.0168738,-0.0168738,1.9792,1.9792,-0.567939,-0.567939,3.11398,3.11398,1.20264,1.20264,-1.29468,-1.29468,
150051,0.101991,0.144194,0.0165161,-0.0168738,2.02041,1.9792,-0.653273,-0.567939,3.14159,3.11398,1.5708,1.20264,0,-1.29468,
150071,0.101991,0.144194,0.0165161,-0.0168738,2.02041,1.9792,-0.653273,-0.567939,3.14159,3.11398,1.5708,1.20264,0,-1.29468,
150091,0.099065,0.144194,0.0190283,-0.0168738,2.02345,1.9792,-0.658831,-0.567939,3.14159,3.11398,1.5708,1.20264,0,-1.29468,
150111,0.0960972,0.144194,0.0215686,-0.0168738,2.02647,1.9792,-0.66439,-0.567939,3.14159,3.11398,1.5708,1.20264,0,-1.29468,
150131,0.144194,0.144194,-0.0138058,-0.0138058,1.97613,1.97613,-0.571007,-0.571007,3.09864,3.09864,1.19957,1.19957,-1.29468,-1.29468,
150151,0.0930864,0.144194,0.024137,-0.0138058,2.02946,1.97613,-0.66995,-0.571007,3.14159,3.09864,1.5708,1.19957,0,-1.29468,
150171,0.0930864,0.144194,0.024137,-0.0138058,2.02946,1.97613,-0.66995,-0.571007,3.14159,3.09864,1.5708,1.19957,0,-1.29468,
150191,0.0900318,0.144194,0.0267333,-0.0138058,2.03243,1.97613,-0.675511,-0.571007,3.14159,3.09864,1.5708,1.19957,0,-1.29468,
150211,0.0869324,0.144194,0.0293574,-0.0138058,2.03537,1.97613,-0.681073,-0.571007,3.14159,3.09864,1.5708,1.19957,0,-1.29468,
150231,0.124252,0.124252,-0.00306796,-0.00306796,1.98841,1.98841,-0.607823,-0.607823,3.12318,3.12318,1.1919,1.1919,-1.29468,-1.29468,
150251,0.0837875,0.124252,0.032009,-0.00306796,2.03828,1.98841,-0.686635,-0.607823,3.14159,3.12318,1.5708,1.1919,0,-1.29468,
150271,0.0805959,0.124252,0.0346881,-0.00306796,2.04116,1.98841,-0.692197,-0.607823,3.14159,3.12318,1.5708,1.1919,0,-1.29468,
150291,0.0805959,0.124252,0.0346881,-0.00306796,2.04116,1.98841,-0.692197,-0.607823,3.14159,3.12318,1.5708,1.1919,0,-1.29468,
150311,0.0773568,0.124252,0.0373944,-0.00306796,2.04401,1.98841,-0.697758,-0.607823,3.14159,3.12318,1.5708,1.1919,0,-1.29468,
150331,0.111981,0.111981,0.00460194,0.00460194,2.00068,2.00068,-0.629298,-0.629298,3.12318,3.12318,1.1827,1.1827,-1.29315,-1.29315,
150351,0.0740691,0.111981,0.0401278,0.00460194,2.04684,2.00068,-0.70332,-0.629298,3.14159,3.12318,1.5708,1.1827,0,-1.29315,
150371,0.0707319,0.111981,0.0428881,0.00460194,2.04964,2.00068,-0.70888,-0.629298,3.14159,3.12318,1.5708,1.1827,0,-1.29315,
150391,0.0707319,0.111981,0.0428881,0.00460194,2.04964,2.00068,-0.70888,-0.629298,3.14159,3.12318,1.5708,1.1827,0,-1.29315,
150411,0.110447,0.110447,0.0122718,0.0122718,2.01602,2.01602,-0.636968,-0.636968,3.12165,3.12165,1.17963,1.17963,-1.29315,-1.29315,
150431,0.110447,0.110447,0.0122718,0.0122718,2.01602,2.01602,-0.636968,-0.636968,3.12165,3.12165,1.17963,1.17963,-1.29315,-1.29315,
150451,0.0639043,0.110447,0.0484885,0.0122718,2.05516,2.01602,-0.719998,-0.636968,3.14159,3.12165,1.5708,1.17963,0,-1.29315,
150471,0.0639043,0.110447,0.0484885,0.0122718,2.05516,2.01602,-0.719998,-0.636968,3.14159,3.12165,1.5708,1.17963,0,-1.29315,
150491,0.0604117,0.110447,0.0513281,0.0122718,2.05788,2.01602,-0.725555,-0.636968,3.14159,3.12165,1.5708,1.17963,0,-1.29315,
150511,0.0568652,0.110447,0.0541938,0.0122718,2.06057,2.01602,-0.73111,-0.636968,3.14159,3.12165,1.5708,1.17963,0,-1.29315,
150531,0.0935728,0.0935728,0.0214757,0.0214757,2.03596,2.03596,-0.669182,-0.669182,3.12012,3.12012,1.17503,1.17503,-1.29315,-1.29315,
150551,0.0532636,0.0935728,0.0570852,0.0214757,2.06323,2.03596,-0.736663,-0.669182,3.14159,3.12012,1.5708,1.17503,0,-1.29315,
150571,0.0496055,0.0935728,0.0600022,0.0214757,2.06586,2.03596,-0.742213,-0.669182,3.14159,3.12012,1.5708,1.17503,0,-1.29315,
150591,0.0496055,0.0935728,0.0600022,0.0214757,2.06586,2.03596,-0.742213,-0.669182,3.14159,3.12012,1.5708,1.17503,0,-1.29315,
150611,0.0458899,0.0935728,0.0629444,0.0214757,2.06847,2.03596,-0.747761,-0.669182,3.14159,3.12012,1.5708,1.17503,0,-1.29315,
150631,0.082835,0.082835,0.0276117,0.0276117,2.03136,2.03136,-0.684522,-0.684522,3.12779,3.12779,1.16736,1.16736,-1.29315,-1.29315,
150651,0.0421155,0.082835,0.0659116,0.0276117,2.07104,2.03136,-0.753306,-0.684522,3.14159,3.12779,1.5708,1.16736,0,-1.29315,
150671,0.0382808,0.082835,0.0689035,0.0276117,2.07359,2.03136,-0.758847,-0.684522,3.14159,3.12779,1.5708,1.16736,0,-1.29315,
150691,0.0382808,0.082835,0.0689035,0.0276117,2.07359,2.03136,-0.758847,-0.684522,3.14159,3.12779,1.5708,1.16736,0,-1.29315,
150711,0.0343847,0.082835,0.0719199,0.0276117,2.07611,2.03136,-0.764384,-0.684522,3.14159,3.12779,1.5708,1.16736,0,-1.29315,
150731,0.0304258,0.082835,0.0749603,0.0276117,2.07861,2.03136,-0.769917,-0.684522,3.14159,3.12779,1.5708,1.16736,0,-1.29315,
150751,0.0935728,0.0935728,0.0276117,0.0276117,2.02829,2.02829,-0.666114,-0.666114,3.12318,3.12318,1.16276,1.16276,-1.29621,-1.29621,
150771,0.0264025,0.0935728,0.0780245,0.0276117,2.08107,2.02829,-0.775445,-0.666114,3.14159,3.12318,1.5708,1.16276,0,-1.29621,
150791,0.0264025,0.0935728,0.0780245,0.0276117,2.08107,2.02829,-0.775445,-0.666114,3.14159,3.12318,1.5708,1.16276,0,-1.29621,
150811,0.0223136,0.0935728,0.0811122,0.0276117,2.08351,2.02829,-0.780969,-0.666114,3.14159,3.12318,1.5708,1.16276,0,-1.29621,
150831,0.0659612,0.0659612,0.0444854,0.0444854,2.04976,2.04976,-0.725939,-0.725939,3.12318,3.12318,1.15355,1.15355,-1.29315,-1.29315,
150851,0.0659612,0.0659612,0.0444854,0.0444854,2.04976,2.04976,-0.725939,-0.725939,3.12318,3.12318,1.15355,1.15355,-1.29315,-1.29315,
150871,0.0139326,0.0659612,0.0873565,0.0444854,2.08829,2.04976,-0.791999,-0.725939,3.14159,3.12318,1.5708,1.15355,0,-1.29315,
150891,0.00963741,0.0659612,0.0905124,0.0444854,2.09064,2.04976,-0.797505,-0.725939,3.14159,3.12318,1.5708,1.15355,0,-1.29315,
150911,0.00963741,0.0659612,0.0905124,0.0444854,2.09064,2.04976,-0.797505,-0.725939,3.14159,3.12318,1.5708,1.15355,0,-1.29315,
150931,0.0567573,0.0567573,0.0536893,0.0536893,2.0605,2.0605,-0.729007,-0.729007,3.12472,3.12472,1.15202,1.15202,-1.29315,-1.29315,
150951,0.0567573,0.0567573,0.0536893,0.0536893,2.0605,2.0605,-0.729007,-0.729007,3.12472,3.12472,1.15202,1.15202,-1.29315,-1.29315,
150971,0.000829814,0.0567573,0.0968897,0.0536893,2.09526,2.0605,-0.808497,-0.729007,3.14159,3.12472,1.5708,1.15202,0,-1.29315,
150991,-0.00368598,0.0567573,0.10011,0.0536893,2.09752,2.0605,-0.813981,-0.729007,3.14159,3.12472,1.5708,1.15202,0,-1.29315,
151011,-0.00827874,0.0567573,0.103352,0.0536893,2.09976,2.0605,-0.819458,-0.729007,3.14159,3.12472,1.5708,1.15202,0,-1.29315,
151031,0.0460194,0.0460194,0.0613592,0.0613592,2.07277,2.07277,-0.752017,-0.752017,3.12779,3.12779,1.14742,1.14742,-1.29315,-1.29315,
151052,-0.0129503,0.0460194,0.106613,0.0613592,2.10196,2.07277,-0.824926,-0.752017,3.14159,3.12779,1.5708,1.14742,0,-1.29315,
151071,-0.0129503,0.0460194,0.106613,0.0613592,2.10196,2.07277,-0.824926,-0.752017,3.14159,3.12779,1.5708,1.14742,0,-1.29315,
151091,-0.0177024,0.0460194,0.109895,0.0613592,2.10414,2.07277,-0.830385,-0.752017,3.14159,3.12779,1.5708,1.14742,0,-1.29315,
151111,-0.0225369,0.0460194,0.113196,0.0613592,2.10629,2.07277,-0.835834,-0.752017,3.14159,3.12779,1.5708,1.14742,0,-1.29315,
151131,0.0613592,0.0613592,0.0536893,0.0536893,2.0605,2.0605,-0.712133,-0.712133,3.11398,3.11398,1.14588,1.14588,-1.29315,-1.29315,
151151,-0.0274559,0.0613592,0.116516,0.0536893,2.10841,2.0605,-0.841274,-0.712133,3.14159,3.11398,1.5708,1.14588,0,-1.29315,
151171,-0.0324613,0.0613592,0.119854,0.0536893,2.1105,2.0605,-0.846702,-0.712133,3.14159,3.11398,1.5708,1.14588,0,-1.29315,
151191,-0.0324613,0.0613592,0.119854,0.0536893,2.1105,2.0605,-0.846702,-0.712133,3.14159,3.11398,1.5708,1.14588,0,-1.29315,
151211,-0.0375551,0.0536893,0.12321,0.0582913,2.11256,2.06817,-0.85212,-0.744347,3.14159,3.11551,1.5708,1.13668,0,-1.29315,
151231,-0.0427394,0.0536893,0.126583,0.0582913,2.11459,2.06817,-0.857525,-0.744347,3.14159,3.11551,1.5708,1.13668,0,-1.29315,
151251,-0.0427394,0.0536893,0.126583,0.0582913,2.11459,2.06817,-0.857525,-0.744347,3.14159,3.11551,1.5708,1.13668,0,-1.29315,
151271,-0.0480164,0.0536893,0.129973,0.0582913,2.1166,2.06817,-0.862919,-0.744347,3.14159,3.11551,1.5708,1.13668,0,-1.29315,
151291,-0.0533883,0.0536893,0.133379,0.0582913,2.11857,2.06817,-0.868299,-0.744347,3.14159,3.11551,1.5708,1.13668,0,-1.29315,
151311,-0.0533883,0.0536893,0.133379,0.0582913,2.11857,2.06817,-0.868299,-0.744347,3.14159,3.11551,1.5708,1.13668,0,-1.29315,
151331,0.0322136,0.0322136,0.0751651,0.0751651,2.08505,2.08505,-0.776561,-0.776561,3.11858,3.11858,1.13668,1.13668,-1.29315,-1.29315,
151351,-0.0644258,0.0322136,0.140237,0.0751651,2.12243,2.08505,-0.879018,-0.776561,3.14159,3.11858,1.5708,1.13668,0,-1.29315,
151371,-0.0644258,0.0322136,0.140237,0.0751651,2.12243,2.08505,-0.879018,-0.776561,3.14159,3.11858,1.5708,1.13668,0,-1.29315,
151391,-0.0700961,0.0322136,0.143688,0.0751651,2.12432,2.08505,-0.884355,-0.776561,3.14159,3.11858,1.5708,1.13668,0,-1.29315,
151411,-0.0758707,0.0322136,0.147152,0.0751651,2.12618,2.08505,-0.889676,-0.776561,3.14159,3.11858,1.5708,1.13668,0,-1.29315,
151431,0.00613592,0.00613592,0.0935728,0.0935728,2.10039,2.10039,-0.80724,-0.80724,3.11858,3.11858,1.13515,1.13515,-1.29315,-1.29315,
151451,-0.0817521,0.00613592,0.150629,0.0935728,2.128,2.10039,-0.894982,-0.80724,3.14159,3.11858,1.5708,1.13515,0,-1.29315,
151471,-0.0817521,0.00613592,0.150629,0.0935728,2.128,2.10039,-0.894982,-0.80724,3.14159,3.11858,1.5708,1.13515,0,-1.29315,
151491,-0.0877429,0.00613592,0.154119,0.0935728,2.1298,2.10039,-0.90027,-0.80724,3.14159,3.11858,1.5708,1.13515,0,-1.29315,
151511,-0.0938456,0.00613592,0.157619,0.0935728,2.13157,2.10039,-0.90554,-0.80724,3.14159,3.11858,1.5708,1.13515,0,-1.29315,
151531,-0.0107379,-0.0107379,0.107379,0.107379,2.10959,2.10959,-0.827182,-0.827182,3.12318,3.12318,1.13361,1.13361,-1.29315,-1.29315,
151551,-0.0107379,-0.0107379,0.107379,0.107379,2.10959,2.10959,-0.827182,-0.827182,3.12318,3.12318,1.13361,1.13361,-1.29315,-1.29315,
151571,-0.0107379,-0.0107379,0.107379,0.107379,2.10959,2.10959,-0.827182,-0.827182,3.12318,3.12318,1.13361,1.13361,-1.29315,-1.29315,
151591,-0.0107379,-0.0107379,0.107379,0.107379,2.10959,2.10959,-0.827182,-0.827182,3.12318,3.12318,1.13361,1.13361,-1.29315,-1.29315,
151611,-0.0107379,-0.0107379,0.107379,0.107379,2.10959,2.10959,-0.827182,-0.827182,3.12318,3.12318,1.13361,1.13361,-1.29315,-1.29315,
151631,-0.0107379,-0.0352816,0.107379,0.118117,2.10959,2.11726,-0.827182,-0.854794,3.12318,3.12472,1.13361,1.12594,-1.29315,-1.29315,
151651,-0.0352816,-0.0352816,0.118117,0.118117,2.10959,2.11726,-0.854794,-0.854794,3.12318,3.12472,1.13361,1.12594,-1.29315,-1.29315,
151671,-0.0352816,-0.0352816,0.118117,0.118117,2.10959,2.11726,-0.854794,-0.854794,3.12318,3.12472,1.13361,1.12594,-1.29315,-1.29315,
151691,-0.0352816,-0.0352816,0.118117,0.118117,2.10959,2.11726,-0.854794,-0.854794,3.12318,3.12472,1.13361,1.12594,-1.29315,-1.29315,
151711,-0.0352816,-0.0352816,0.118117,0.118117,2.10959,2.11726,-0.854794,-0.854794,3.12318,3.12472,1.13361,1.12594,-1.29315,-1.29315,
151731,-0.0138058,-0.0138058,0.118117,0.110447,2.10959,2.10959,-0.827182,-0.827182,3.11245,3.11245,1.12134,1.12134,-1.29315,-1.29315,
151751,-0.0138058,-0.0138058,0.118117,0.110447,2.10959,2.10959,-0.827182,-0.827182,3.11245,3.11245,1.12134,1.12134,-1.29315,-1.29315,
151771,-0.0138058,-0.0138058,0.118117,0.110447,2.10959,2.10959,-0.827182,-0.827182,3.11245,3.11245,1.12134,1.12134,-1.29315,-1.29315,
151791,-0.0138058,-0.0138058,0.118117,0.110447,2.10959,2.10959,-0.827182,-0.827182,3.11245,3.11245,1.12134,1.12134,-1.29315,-1.29315,
151811,-0.0138058,-0.0138058,0.118117,0.110447,2.10959,2.10959,-0.827182,-0.827182,3.11245,3.11245,1.12134,1.12134,-1.29315,-1.29315,
151831,-0.0521553,-0.0521553,0.128854,0.128854,2.12186,2.12186,-0.877803,-0.877803,3.12318,3.12318,1.12134,1.11674,-1.29315,-1.29315,
151851,-0.0521553,-0.0521553,0.128854,0.128854,2.12186,2.12186,-0.877803,-0.877803,3.12318,3.12318,1.12134,1.11674,-1.29315,-1.29315,
151871,-0.0521553,-0.0521553,0.128854,0.128854,2.12186,2.12186,-0.877803,-0.877803,3.12318,3.12318,1.12134,1.11674,-1.29315,-1.29315,
151891,-0.0521553,-0.0521553,0.128854,0.128854,2.12186,2.12186,-0.877803,-0.877803,3.12318,3.12318,1.12134,1.11674,-1.29315,-1.29315,
151911,-0.0521553,-0.0521553,0.128854,0.128854,2.12186,2.12186,-0.877803,-0.877803,3.12318,3.12318,1.12134,1.11674,-1.29315,-1.29315,
151931,-0.0368155,-0.0368155,0.128854,0.125786,2.11112,2.11112,-0.851726,-0.851726,3.12318,3.11551,1.12134,1.1152,-1.29315,-1.29315,
151951,-0.0368155,-0.0368155,0.128854,0.125786,2.11112,2.11112,-0.851726,-0.851726,3.12318,3.11551,1.12134,1.1152,-1.29315,-1.29315,
151971,-0.0368155,-0.0368155,0.128854,0.125786,2.11112,2.11112,-0.851726,-0.851726,3.12318,3.11551,1.12134,1.1152,-1.29315,-1.29315,
151991,-0.0368155,-0.0368155,0.128854,0.125786,2.11112,2.11112,-0.851726,-0.851726,3.12318,3.11551,1.12134,1.1152,-1.29315,-1.29315,
152011,-0.0368155,-0.0368155,0.128854,0.125786,2.11112,2.11112,-0.851726,-0.851726,3.12318,3.11551,1.12134,1.1152,-1.29315,-1.29315,
152031,-0.0720971,-0.0720971,0.141126,0.141126,2.12186,2.12186,-0.894677,-0.894677,3.12318,3.12472,1.12134,1.1152,-1.29315,-1.29315,
152051,-0.0720971,-0.0720971,0.141126,0.141126,2.12186,2.12186,-0.894677,-0.894677,3.12318,3.12472,1.12134,1.1152,-1.29315,-1.29315,
152071,-0.0720971,-0.0720971,0.141126,0.141126,2.12186,2.12186,-0.894677,-0.894677,3.12318,3.12472,1.12134,1.1152,-1.29315,-1.29315,
152091,-0.0720971,-0.0720971,0.141126,0.141126,2.12186,2.12186,-0.894677,-0.894677,3.12318,3.12472,1.12134,1.1152,-1.29315,-1.29315,
152111,-0.0720971,-0.0720971,0.141126,0.141126,2.12186,2.12186,-0.894677,-0.894677,3.12318,3.12472,1.12134,1.1152,-1.29315,-1.29315,
152131,-0.0398835,-0.0398835,0.12732,0.12732,2.12186,2.11266,-0.84559,-0.84559,3.12318,3.12625,1.12134,1.11367,-1.29315,-1.29315,
152151,-0.0398835,-0.0398835,0.12732,0.12732,2.12186,2.11266,-0.84559,-0.84559,3.12318,3.12625,1.12134,1.11367,-1.29315,-1.29315,
152171,-0.0398835,-0.0398835,0.12732,0.12732,2.12186,2.11266,-0.84559,-0.84559,3.12318,3.12625,1.12134,1.11367,-1.29315,-1.29315,
152191,-0.0398835,-0.0398835,0.12732,0.12732,2.12186,2.11266,-0.84559,-0.84559,3.12318,3.12625,1.12134,1.11367,-1.29315,-1.29315,
152211,-0.0398835,-0.0398835,0.12732,0.12732,2.12186,2.11266,-0.84559,-0.84559,3.12318,3.12625,1.12134,1.11367,-1.29315,-1.29315,
152231,-0.0521553,-0.0521553,0.12732,0.130388,2.12186,2.12033,-0.882405,-0.882405,3.12318,3.12318,1.10293,1.10293,-1.29315,-1.29315,
152251,-0.0521553,-0.0521553,0.12732,0.130388,2.12186,2.12033,-0.882405,-0.882405,3.12318,3.12318,1.10293,1.10293,-1.29315,-1.29315,
152271,-0.0521553,-0.0521553,0.12732,0.130388,2.12186,2.12033,-0.882405,-0.882405,3.12318,3.12318,1.10293,1.10293,-1.29315,-1.29315,
152291,-0.0521553,-0.0521553,0.12732,0.130388,2.12186,2.12033,-0.882405,-0.882405,3.12318,3.12318,1.10293,1.10293,-1.29315,-1.29315,
152311,-0.0521553,-0.0521553,0.12732,0.130388,2.12186,2.12033,-0.882405,-0.882405,3.12318,3.12318,1.10293,1.10293,-1.29315,-1.29315,
152331,-0.0521553,-0.0613592,0.12732,0.133456,2.12186,2.11573,-0.882405,-0.880871,3.12318,3.12318,1.10293,1.10293,-1.29315,-1.29315,
152351,-0.0521553,-0.0613592,0.12732,0.133456,2.12186,2.11573,-0.882405,-0.880871,3.12318,3.12318,1.10293,1.10293,-1.29315,-1.29315,
152371,-0.0521553,-0.0613592,0.12732,0.133456,2.12186,2.11573,-0.882405,-0.880871,3.12318,3.12318,1.10293,1.10293,-1.29315,-1.29315,
152391,-0.0521553,-0.0613592,0.12732,0.133456,2.12186,2.11573,-0.882405,-0.880871,3.12318,3.12318,1.10293,1.10293,-1.29315,-1.29315,
152411,-0.0521553,-0.0613592,0.12732,0.133456,2.12186,2.11573,-0.882405,-0.880871,3.12318,3.12318,1.10293,1.10293,-1.29315,-1.29315,
152431,-0.0521553,-0.0598252,0.12732,0.133456,2.12186,2.11726,-0.882405,-0.883939,3.12318,3.12318,1.10293,1.0968,-1.29315,-1.29315,
152451,-0.0521553,-0.0598252,0.12732,0.133456,2.12186,2.11726,-0.882405,-0.883939,3.12318,3.12318,1.10293,1.0968,-1.29315,-1.29315,
152471,-0.0521553,-0.0598252,0.12732,0.133456,2.12186,2.11726,-0.882405,-0.883939,3.12318,3.12318,1.10293,1.0968,-1.29315,-1.29315,
152491,-0.0521553,-0.0598252,0.12732,0.133456,2.12186,2.11726,-0.882405,-0.883939,3.12318,3.12318,1.10293,1.0968,-1.29315,-1.29315,
152511,-0.0521553,-0.0598252,0.12732,0.133456,2.12186,2.11573,-0.882405,-0.882405,3.12318,3.12318,1.08913,1.08913,-1.29315,-1.29315,
152531,-0.0521553,-0.0598252,0.12732,0.133456,2.12186,2.11573,-0.882405,-0.882405,3.12318,3.12318,1.08913,1.08913,-1.29315,-1.29315,
152551,-0.0521553,-0.0598252,0.12732,0.133456,2.12186,2.11573,-0.882405,-0.882405,3.12318,3.12318,1.08913,1.08913,-1.29315,-1.29315,
152571,-0.0521553,-0.0598252,0.12732,0.133456,2.12186,2.11573,-0.882405,-0.882405,3.12318,3.12318,1.08913,1.08913,-1.29315,-1.29315,
152591,-0.0521553,-0.0598252,0.12732,0.133456,2.12186,2.11573,-0.882405,-0.882405,3.12318,3.12318,1.08913,1.08913,-1.29315,-1.29315,
152611,-0.0521553,-0.0598252,0.12732,0.133456,2.12186,2.11573,-0.882405,-0.882405,3.12318,3.12318,1.08913,1.08913,-1.29315,-1.29315,
152631,-0.0521553,-0.0598252,0.12732,0.131922,2.12186,2.11573,-0.882405,-0.888541,3.12318,3.12318,1.08913,1.08452,-1.29315,-1.29315,
152651,-0.0521553,-0.0598252,0.12732,0.131922,2.12186,2.11573,-0.882405,-0.888541,3.12318,3.12318,1.08913,1.08452,-1.29315,-1.29315,
152671,-0.0521553,-0.0598252,0.12732,0.131922,2.12186,2.11573,-0.882405,-0.888541,3.12318,3.12318,1.08913,1.08452,-1.29315,-1.29315,
152691,-0.0521553,-0.0598252,0.12732,0.131922,2.12186,2.11573,-0.882405,-0.888541,3.12318,3.12318,1.08913,1.08452,-1.29315,-1.29315,
152711,-0.0521553,-0.0598252,0.12732,0.131922,2.12186,2.11573,-0.882405,-0.888541,3.12318,3.12318,1.08913,1.08452,-1.29315,-1.29315,
152731,-0.0521553,-0.0567573,0.12732,0.131922,2.12186,2.11573,-0.882405,-0.887007,3.12318,3.12318,1.08913,1.08299,-1.29315,-1.29315,
152751,-0.0521553,-0.0567573,0.12732,0.131922,2.12186,2.11573,-0.882405,-0.887007,3.12318,3.12318,1.08913,1.08299,-1.29315,-1.29315,
152771,-0.0521553,-0.0567573,0.12732,0.131922,2.12186,2.11573,-0.882405,-0.887007,3.12318,3.12318,1.08913,1.08299,-1.29315,-1.29315,
152791,-0.0521553,-0.0567573,0.12732,0.131922,2.12186,2.11573,-0.882405,-0.887007,3.12318,3.12318,1.08913,1.08299,-1.29315,-1.29315,
152811,-0.0521553,-0.0567573,0.12732,0.130388,2.12186,2.11726,-0.882405,-0.885473,3.12318,3.12318,1.08913,1.07992,-1.29315,-1.29315,
152831,-0.0521553,-0.0567573,0.12732,0.130388,2.12186,2.11726,-0.882405,-0.885473,3.12318,3.12318,1.08913,1.07992,-1.29315,-1.29315,
152851,-0.0521553,-0.0567573,0.12732,0.130388,2.12186,2.11726,-0.882405,-0.885473,3.12318,3.12318,1.08913,1.07992,-1.29315,-1.29315,
152871,-0.0521553,-0.0567573,0.12732,0.130388,2.12186,2.11726,-0.882405,-0.885473,3.12318,3.12318,1.08913,1.07992,-1.29315,-1.29315,
152891,-0.0521553,-0.0567573,0.12732,0.130388,2.12186,2.11726,-0.882405,-0.885473,3.12318,3.12318,1.08913,1.07992,-1.29315,-1.29315,
152911,-0.0521553,-0.0582913,0.12732,0.130388,2.11112,2.11112,-0.882405,-0.880871,3.12318,3.12318,1.05845,1.05845,-1.29315,-1.29315,
152931,-0.0521553,-0.0582913,0.12732,0.130388,2.11112,2.11112,-0.882405,-0.880871,3.12318,3.12318,1.05845,1.05845,-1.29315,-1.29315,
152951,-0.0521553,-0.0582913,0.12732,0.130388,2.11112,2.11112,-0.882405,-0.880871,3.12318,3.12318,1.05845,1.05845,-1.29315,-1.29315,
152971,-0.0521553,-0.0582913,0.12732,0.130388,2.11112,2.11112,-0.882405,-0.880871,3.12318,3.12318,1.05845,1.05845,-1.29315,-1.29315,
152991,-0.0521553,-0.0582913,0.12732,0.130388,2.11112,2.11112,-0.882405,-0.880871,3.12318,3.12318,1.05845,1.05845,-1.29315,-1.29315,
153011,-0.0521553,-0.0582913,0.12732,0.130388,2.11112,2.11112,-0.882405,-0.880871,3.12318,3.12318,1.05845,1.05845,-1.29315,-1.29315,
153031,-0.0521553,-0.0567573,0.12732,0.128854,2.11112,2.11112,-0.882405,-0.885473,3.12318,3.12779,1.05845,1.06458,-1.29315,-1.29315,
153051,-0.0521553,-0.0567573,0.12732,0.128854,2.11112,2.11112,-0.882405,-0.885473,3.12318,3.12779,1.05845,1.06458,-1.29315,-1.29315,
153071,-0.0521553,-0.0567573,0.12732,0.128854,2.11112,2.11112,-0.882405,-0.885473,3.12318,3.12779,1.05845,1.06458,-1.29315,-1.29315,
153091,-0.0521553,-0.0567573,0.12732,0.128854,2.11112,2.11112,-0.882405,-0.885473,3.12318,3.12779,1.05845,1.06458,-1.29315,-1.29315,
153111,-0.0521553,-0.0567573,0.12732,0.128854,2.11112,2.11112,-0.882405,-0.885473,3.12318,3.12779,1.05845,1.06458,-1.29315,-1.29315,
153131,-0.0521553,-0.0567573,0.12732,0.128854,2.11112,2.11112,-0.882405,-0.883939,3.12318,3.12165,1.05845,1.05691,-1.29315,-1.29315,
153151,-0.0521553,-0.0567573,0.12732,0.128854,2.11112,2.11112,-0.882405,-0.883939,3.12318,3.12165,1.05845,1.05691,-1.29315,-1.29315,
153171,-0.0521553,-0.0567573,0.12732,0.128854,2.11112,2.11112,-0.882405,-0.883939,3.12318,3.12165,1.05845,1.05691,-1.29315,-1.29315,
153191,-0.0521553,-0.0567573,0.12732,0.128854,2.11112,2.11112,-0.882405,-0.883939,3.12318,3.12165,1.05845,1.05691,-1.29315,-1.29315,
153211,-0.0521553,-0.0582913,0.12732,0.125786,2.11112,2.10039,-0.882405,-0.879337,3.12318,3.12165,1.05845,1.0293,-1.29315,-1.29315,
153231,-0.0521553,-0.0582913,0.12732,0.125786,2.10039,2.10039,-0.882405,-0.879337,3.12318,3.12165,1.0293,1.0293,-1.29315,-1.29315,
153251,-0.0521553,-0.0582913,0.12732,0.125786,2.10039,2.10039,-0.882405,-0.879337,3.12318,3.12165,1.0293,1.0293,-1.29315,-1.29315,
153271,-0.0521553,-0.0582913,0.12732,0.125786,2.10039,2.10039,-0.882405,-0.879337,3.12318,3.12165,1.0293,1.0293,-1.29315,-1.29315,
153291,-0.0521553,-0.0582913,0.12732,0.125786,2.10039,2.10039,-0.882405,-0.879337,3.12318,3.12165,1.0293,1.0293,-1.29315,-1.29315,
153311,-0.0521553,-0.0598252,0.12732,0.12732,2.10039,2.09885,-0.882405,-0.880871,3.12318,3.13239,1.0293,1.0201,-1.29315,-1.29315,
153331,-0.0521553,-0.0598252,0.12732,0.12732,2.10039,2.09885,-0.882405,-0.880871,3.12318,3.13239,1.0293,1.0201,-1.29315,-1.29315,
153351,-0.0521553,-0.0598252,0.12732,0.12732,2.10039,2.09885,-0.882405,-0.880871,3.12318,3.13239,1.0293,1.0201,-1.29315,-1.29315,
153371,-0.0521553,-0.0598252,0.12732,0.12732,2.10039,2.09885,-0.882405,-0.880871,3.12318,3.13239,1.0293,1.0201,-1.29315,-1.29315,
153391,-0.0521553,-0.0598252,0.12732,0.12732,2.10039,2.09885,-0.882405,-0.880871,3.12318,3.13239,1.0293,1.0201,-1.29315,-1.29315,
153411,-0.0521553,-0.0598252,0.12732,0.12732,2.10039,2.09885,-0.882405,-0.880871,3.12318,3.13239,1.0293,1.0201,-1.29315,-1.29315,
153431,-0.0521553,-0.0567573,0.12732,0.12732,2.10039,2.09732,-0.882405,-0.885473,3.12318,3.12165,1.01089,1.01089,-1.29315,-1.29315,
153451,-0.0521553,-0.0567573,0.12732,0.12732,2.10039,2.09732,-0.882405,-0.885473,3.12318,3.12165,1.01089,1.01089,-1.29315,-1.29315,
153471,-0.0521553,-0.0567573,0.12732,0.12732,2.10039,2.09732,-0.882405,-0.885473,3.12318,3.12165,1.01089,1.01089,-1.29315,-1.29315,
153491,-0.0521553,-0.0567573,0.12732,0.12732,2.10039,2.09732,-0.882405,-0.885473,3.12318,3.12165,1.01089,1.01089,-1.29315,-1.29315,
153511,-0.0521553,-0.0567573,0.12732,0.12732,2.10039,2.09732,-0.882405,-0.885473,3.12318,3.12165,1.01089,1.01089,-1.29315,-1.29315,
153531,-0.0521553,-0.0567573,0.12732,0.128854,2.10039,2.10345,-0.882405,-0.885473,3.12318,3.12932,1.01089,1.01703,-1.29315,-1.29315,
153551,-0.0521553,-0.0567573,0.12732,0.128854,2.10039,2.10345,-0.882405,-0.885473,3.12318,3.12932,1.01089,1.01703,-1.29315,-1.29315,
153571,-0.0521553,-0.0567573,0.12732,0.128854,2.10039,2.10345,-0.882405,-0.885473,3.12318,3.12932,1.01089,1.01703,-1.29315,-1.29315,
153591,-0.0521553,-0.0567573,0.12732,0.128854,2.10039,2.10345,-0.882405,-0.885473,3.12318,3.12932,1.01089,1.01703,-1.29315,-1.29315,
153611,-0.0521553,-0.0567573,0.12732,0.128854,2.10039,2.09578,-0.882405,-0.880871,3.12318,3.11858,1.01089,0.984816,-1.29315,-1.29315,
153631,-0.0521553,-0.0567573,0.12732,0.128854,2.10039,2.09578,-0.882405,-0.880871,3.12318,3.11858,0.984816,0.984816,-1.29315,-1.29315,
153651,-0.0521553,-0.0567573,0.12732,0.128854,2.10039,2.09578,-0.882405,-0.880871,3.12318,3.11858,0.984816,0.984816,-1.29315,-1.29315,
153671,-0.0521553,-0.0567573,0.12732,0.128854,2.10039,2.09578,-0.882405,-0.880871,3.12318,3.11858,0.984816,0.984816,-1.29315,-1.29315,
153691,-0.0521553,-0.0567573,0.12732,0.128854,2.10039,2.09578,-0.882405,-0.880871,3.12318,3.11858,0.984816,0.984816,-1.29315,-1.29315,
153711,-0.0521553,-0.0567573,0.12732,0.128854,2.10039,2.09425,-0.882405,-0.879337,3.12318,3.12318,0.984816,0.97101,-1.29315,-1.29468,
153731,-0.0521553,-0.0567573,0.12732,0.128854,2.10039,2.09425,-0.882405,-0.879337,3.12318,3.12318,0.97101,0.97101,-1.29315,-1.29468,
153751,-0.0521553,-0.0567573,0.12732,0.128854,2.10039,2.09425,-0.882405,-0.879337,3.12318,3.12318,0.97101,0.97101,-1.29315,-1.29468,
153771,-0.0521553,-0.0567573,0.12732,0.128854,2.10039,2.09425,-0.882405,-0.879337,3.12318,3.12318,0.97101,0.97101,-1.29315,-1.29468,
153791,-0.0521553,-0.0567573,0.12732,0.128854,2.10039,2.09425,-0.882405,-0.879337,3.12318,3.12318,0.97101,0.97101,-1.29315,-1.29468,
153811,-0.0521553,-0.0567573,0.12732,0.128854,2.10039,2.09425,-0.882405,-0.879337,3.12318,3.12318,0.97101,0.97101,-1.29315,-1.29468,
153831,-0.0521553,-0.0552233,0.12732,0.128854,2.10039,2.09578,-0.882405,-0.882405,3.12318,3.13239,0.960272,0.960272,-1.29315,-1.29468,
153851,-0.0521553,-0.0552233,0.12732,0.128854,2.10039,2.09578,-0.882405,-0.882405,3.12318,3.13239,0.960272,0.960272,-1.29315,-1.29468,
153871,-0.0521553,-0.0552233,0.12732,0.128854,2.10039,2.09578,-0.882405,-0.882405,3.12318,3.13239,0.960272,0.960272,-1.29315,-1.29468,
153891,-0.0521553,-0.0552233,0.12732,0.128854,2.10039,2.09578,-0.882405,-0.882405,3.12318,3.13239,0.960272,0.960272,-1.29315,-1.29468,
153911,-0.0521553,-0.0552233,0.12732,0.128854,2.10039,2.09578,-0.882405,-0.882405,3.12318,3.13239,0.960272,0.960272,-1.29315,-1.29468,
153931,-0.0521553,-0.0567573,0.12732,0.128854,2.10039,2.09425,-0.882405,-0.887007,3.12318,3.12625,0.960272,0.958738,-1.29315,-1.29468,
153951,-0.0521553,-0.0567573,0.12732,0.128854,2.10039,2.09425,-0.882405,-0.887007,3.12318,3.12625,0.960272,0.958738,-1.29315,-1.29468,
153971,-0.0521553,-0.0567573,0.12732,0.128854,2.10039,2.09425,-0.882405,-0.887007,3.12318,3.12625,0.960272,0.958738,-1.29315,-1.29468,
153991,-0.0521553,-0.0567573,0.12732,0.128854,2.10039,2.09425,-0.882405,-0.887007,3.12318,3.12625,0.960272,0.958738,-1.29315,-1.29468,
154011,-0.0521553,-0.0567573,0.12732,0.128854,2.10039,2.09272,-0.882405,-0.879337,3.12318,3.12779,0.960272,0.935728,-1.29315,-1.29468,
154031,-0.0521553,-0.0567573,0.12732,0.128854,2.10039,2.09272,-0.882405,-0.879337,3.12318,3.12779,0.935728,0.935728,-1.29315,-1.29468,
154051,-0.0521553,-0.0567573,0.12732,0.128854,2.10039,2.09272,-0.882405,-0.879337,3.12318,3.12779,0.935728,0.935728,-1.29315,-1.29468,
154071,-0.0521553,-0.0567573,0.12732,0.128854,2.10039,2.09272,-0.882405,-0.879337,3.12318,3.12779,0.935728,0.935728,-1.29315,-1.29468,
154091,-0.0521553,-0.0567573,0.12732,0.128854,2.10039,2.09272,-0.882405,-0.879337,3.12318,3.12779,0.935728,0.935728,-1.29315,-1.29468,
154111,-0.0521553,-0.0552233,0.12732,0.128854,2.10039,2.09272,-0.882405,-0.879337,3.12318,3.12779,0.935728,0.93266,-1.29315,-1.29468,
154132,-0.0521553,-0.0552233,0.12732,0.128854,2.10039,2.09272,-0.882405,-0.879337,3.12318,3.12779,0.935728,0.93266,-1.29315,-1.29468,
154151,-0.0521553,-0.0552233,0.12732,0.128854,2.10039,2.09272,-0.882405,-0.879337,3.12318,3.12779,0.935728,0.93266,-1.29315,-1.29468,
154171,-0.0521553,-0.0552233,0.12732,0.128854,2.10039,2.09272,-0.882405,-0.879337,3.12318,3.12779,0.935728,0.93266,-1.29315,-1.29468,
154191,-0.0521553,-0.0552233,0.12732,0.128854,2.10039,2.09272,-0.882405,-0.879337,3.12318,3.12779,0.935728,0.93266,-1.29315,-1.29468,
154211,-0.0521553,-0.0552233,0.12732,0.128854,2.10039,2.09272,-0.882405,-0.879337,3.12318,3.12779,0.935728,0.93266,-1.29315,-1.29468,
154231,-0.0521553,-0.0552233,0.12732,0.128854,2.10039,2.09732,-0.882405,-0.880871,3.12318,3.12779,0.915787,0.915787,-1.29315,-1.29315,
154251,-0.0521553,-0.0552233,0.12732,0.128854,2.10039,2.09732,-0.882405,-0.880871,3.12318,3.12779,0.915787,0.915787,-1.29315,-1.29315,
154271,-0.0521553,-0.0552233,0.12732,0.128854,2.10039,2.09732,-0.882405,-0.880871,3.12318,3.12779,0.915787,0.915787,-1.29315,-1.29315,
154291,-0.0521553,-0.0552233,0.12732,0.128854,2.10039,2.09732,-0.882405,-0.880871,3.12318,3.12779,0.915787,0.915787,-1.29315,-1.29315,
154311,-0.0521553,-0.0552233,0.12732,0.128854,2.10039,2.09732,-0.882405,-0.880871,3.12318,3.12779,0.915787,0.915787,-1.29315,-1.29315,
154331,-0.0521553,-0.0552233,0.12732,0.128854,2.10039,2.09732,-0.882405,-0.882405,3.12318,3.11858,0.915787,0.914253,-1.29315,-1.29468,
154351,-0.0521553,-0.0552233,0.12732,0.128854,2.10039,2.09732,-0.882405,-0.882405,3.12318,3.11858,0.915787,0.914253,-1.29315,-1.29468,
154371,-0.0521553,-0.0552233,0.12732,0.128854,2.10039,2.09732,-0.882405,-0.882405,3.12318,3.11858,0.915787,0.914253,-1.29315,-1.29468,
154391,-0.0521553,-0.0552233,0.12732,0.128854,2.10039,2.09732,-0.882405,-0.882405,3.12318,3.11858,0.915787,0.914253,-1.29315,-1.29468,
154411,-0.0521553,-0.0552233,0.12732,0.128854,2.10039,2.09578,-0.882405,-0.880871,3.12318,3.12779,0.915787,0.895845,-1.29315,-1.29468,
154431,-0.0521553,-0.0552233,0.12732,0.128854,2.10039,2.09578,-0.882405,-0.880871,3.12318,3.12779,0.895845,0.895845,-1.29315,-1.29468,
154451,-0.0521553,-0.0552233,0.12732,0.128854,2.10039,2.09578,-0.882405,-0.880871,3.12318,3.12779,0.895845,0.895845,-1.29315,-1.29468,
154471,-0.0521553,-0.0552233,0.12732,0.128854,2.10039,2.09578,-0.882405,-0.880871,3.12318,3.12779,0.895845,0.895845,-1.29315,-1.29468,
154491,-0.0521553,-0.0552233,0.12732,0.128854,2.10039,2.09578,-0.882405,-0.880871,3.12318,3.12779,0.895845,0.895845,-1.29315,-1.29468,
154511,-0.0521553,-0.0552233,0.12732,0.128854,2.10039,2.09885,-0.882405,-0.879337,3.12318,3.12472,0.883573,0.883573,-1.29315,-1.29621,
154531,-0.0521553,-0.0552233,0.12732,0.128854,2.10039,2.09885,-0.882405,-0.879337,3.12318,3.12472,0.883573,0.883573,-1.29315,-1.29621,
154551,-0.0521553,-0.0552233,0.12732,0.128854,2.10039,2.09885,-0.882405,-0.879337,3.12318,3.12472,0.883573,0.883573,-1.29315,-1.29621,
154571,-0.0521553,-0.0552233,0.12732,0.128854,2.10039,2.09885,-0.882405,-0.879337,3.12318,3.12472,0.883573,0.883573,-1.29315,-1.29621,
154591,-0.0521553,-0.0552233,0.12732,0.128854,2.10039,2.09885,-0.882405,-0.879337,3.12318,3.12472,0.883573,0.883573,-1.29315,-1.29621,
154611,-0.0521553,-0.0552233,0.12732,0.128854,2.10039,2.09885,-0.882405,-0.879337,3.12318,3.12472,0.883573,0.883573,-1.29315,-1.29621,
154631,-0.0521553,-0.0552233,0.12732,0.128854,2.10039,2.09885,-0.882405,-0.879337,3.12318,3.12472,0.883573,0.883573,-1.29315,-1.29621,
154651,-0.0521553,-0.0552233,0.12732,0.128854,2.10039,2.09578,-0.882405,-0.882405,3.12318,3.12165,0.883573,0.874369,-1.29315,-1.29468,
154671,-0.0521553,-0.0552233,0.12732,0.128854,2.10039,2.09578,-0.882405,-0.882405,3.12318,3.12165,0.883573,0.874369,-1.29315,-1.29468,
154691,-0.0521553,-0.0552233,0.12732,0.128854,2.10039,2.09578,-0.882405,-0.882405,3.12318,3.12165,0.883573,0.874369,-1.29315,-1.29468,
154711,-0.0521553,-0.0552233,0.12732,0.128854,2.10039,2.09578,-0.882405,-0.882405,3.12318,3.12165,0.883573,0.874369,-1.29315,-1.29468,
154731,-0.0521553,-0.0552233,0.12732,0.128854,2.10039,2.09732,-0.882405,-0.882405,3.12318,3.12318,0.868233,0.868233,-1.29315,-1.29468,
154751,-0.0521553,-0.0552233,0.12732,0.128854,2.10039,2.09732,-0.882405,-0.882405,3.12318,3.12318,0.868233,0.868233,-1.29315,-1.29468,
154771,-0.0521553,-0.0552233,0.12732,0.128854,2.10039,2.09732,-0.882405,-0.882405,3.12318,3.12318,0.868233,0.868233,-1.29315,-1.29468,
154791,-0.0521553,-0.0552233,0.12732,0.128854,2.10039,2.09732,-0.882405,-0.882405,3.12318,3.12318,0.868233,0.868233,-1.29315,-1.29468,
154811,-0.0521553,-0.0552233,0.12732,0.128854,2.10039,2.09732,-0.882405,-0.882405,3.12318,3.12318,0.868233,0.868233,-1.29315,-1.29468,
154831,-0.0521553,-0.0552233,0.12732,0.128854,2.10039,2.09732,-0.882405,-0.882405,3.12318,3.12318,0.868233,0.868233,-1.29315,-1.29468,
154851,-0.0521553,-0.0552233,0.12732,0.128854,2.10039,2.09578,-0.882405,-0.879337,3.12318,3.11858,0.854427,0.854427,-1.29315,-1.29315,
154871,-0.0521553,-0.0552233,0.12732,0.128854,2.10039,2.09578,-0.882405,-0.879337,3.12318,3.11858,0.854427,0.854427,-1.29315,-1.29315,
154891,-0.0521553,-0.0552233,0.12732,0.128854,2.10039,2.09578,-0.882405,-0.879337,3.12318,3.11858,0.854427,0.854427,-1.29315,-1.29315,
154911,-0.0521553,-0.0536893,0.12732,0.128854,2.10039,2.09425,-0.882405,-0.882405,3.12318,3.13085,0.854427,0.848291,-1.29315,-1.29621,
154931,-0.0521553,-0.0536893,0.12732,0.128854,2.10039,2.09425,-0.882405,-0.882405,3.12318,3.13085,0.854427,0.848291,-1.29315,-1.29621,
154951,-0.0521553,-0.0536893,0.12732,0.128854,2.10039,2.09425,-0.882405,-0.882405,3.12318,3.13085,0.854427,0.848291,-1.29315,-1.29621,
154971,-0.0521553,-0.0536893,0.12732,0.128854,2.10039,2.09425,-0.882405,-0.882405,3.12318,3.13085,0.854427,0.848291,-1.29315,-1.29621,
154991,-0.0521553,-0.0536893,0.12732,0.128854,2.10039,2.09425,-0.882405,-0.882405,3.12318,3.13085,0.854427,0.848291,-1.29315,-1.29621,
155011,-0.0521553,-0.0536893,0.12732,0.128854,2.10039,2.09425,-0.882405,-0.882405,3.12318,3.13085,0.854427,0.848291,-1.29315,-1.29621,
155031,-0.0521553,-0.0536893,0.12732,0.128854,2.10039,2.10192,-0.882405,-0.882405,3.12318,3.12932,0.842155,0.842155,-1.29315,-1.29468,
155051,-0.0521553,-0.0536893,0.12732,0.128854,2.10039,2.10192,-0.882405,-0.882405,3.12318,3.12932,0.842155,0.842155,-1.29315,-1.29468,
155071,-0.0521553,-0.0536893,0.12732,0.128854,2.10039,2.10192,-0.882405,-0.882405,3.12318,3.12932,0.842155,0.842155,-1.29315,-1.29468,
155091,-0.0521553,-0.0536893,0.12732,0.128854,2.10039,2.10192,-0.882405,-0.882405,3.12318,3.12932,0.842155,0.842155,-1.29315,-1.29468,
155111,-0.0521553,-0.0536893,0.12732,0.128854,2.10039,2.10192,-0.882405,-0.882405,3.12318,3.12932,0.842155,0.842155,-1.29315,-1.29468,
155131,-0.0521553,-0.0536893,0.12732,0.128854,2.10039,2.09732,-0.882405,-0.882405,3.11245,3.11245,0.829884,0.829884,-1.29315,-1.29928,
155151,-0.0521553,-0.0536893,0.12732,0.128854,2.10039,2.09732,-0.882405,-0.882405,3.11245,3.11245,0.829884,0.829884,-1.29315,-1.29928,
155171,-0.0521553,-0.0536893,0.12732,0.128854,2.10039,2.09732,-0.882405,-0.882405,3.11245,3.11245,0.829884,0.829884,-1.29315,-1.29928,
155191,-0.0521553,-0.0536893,0.12732,0.128854,2.10039,2.09732,-0.882405,-0.882405,3.11245,3.11245,0.829884,0.829884,-1.29315,-1.29928,
155211,-0.0521553,-0.0536893,0.12732,0.128854,2.10039,2.09578,-0.882405,-0.883939,3.11245,3.12012,0.829884,0.826816,-1.29315,-1.29468,
155231,-0.0521553,-0.0536893,0.12732,0.128854,2.10039,2.09578,-0.882405,-0.883939,3.11245,3.12012,0.829884,0.826816,-1.29315,-1.29468,
155251,-0.0521553,-0.0536893,0.12732,0.128854,2.10039,2.09578,-0.882405,-0.883939,3.11245,3.12012,0.829884,0.826816,-1.29315,-1.29468,
155271,-0.0521553,-0.0536893,0.12732,0.128854,2.10039,2.09578,-0.882405,-0.883939,3.11245,3.12012,0.829884,0.826816,-1.29315,-1.29468,
155291,-0.0521553,-0.0536893,0.12732,0.128854,2.10039,2.09578,-0.882405,-0.883939,3.11245,3.12012,0.829884,0.826816,-1.29315,-1.29468,
155311,-0.0521553,-0.0536893,0.12732,0.128854,2.10039,2.09578,-0.882405,-0.882405,3.11245,3.12012,0.816078,0.816078,-1.29315,-1.29468,
155331,-0.0521553,-0.0536893,0.12732,0.128854,2.10039,2.09578,-0.882405,-0.882405,3.11245,3.12012,0.816078,0.816078,-1.29315,-1.29468,
155351,-0.0521553,-0.0536893,0.12732,0.128854,2.10039,2.09578,-0.882405,-0.882405,3.11245,3.12012,0.816078,0.816078,-1.29315,-1.29468,
155371,-0.0521553,-0.0536893,0.12732,0.128854,2.10039,2.09578,-0.882405,-0.882405,3.11245,3.12012,0.816078,0.816078,-1.29315,-1.29468,
155391,-0.0521553,-0.0536893,0.12732,0.128854,2.10039,2.09578,-0.882405,-0.882405,3.11245,3.12012,0.816078,0.816078,-1.29315,-1.29468,
155411,-0.0521553,-0.0536893,0.12732,0.128854,2.10039,2.09578,-0.882405,-0.882405,3.11245,3.12012,0.816078,0.816078,-1.29315,-1.29468,
155431,-0.0521553,-0.0536893,0.12732,0.128854,2.10039,2.10192,-0.882405,-0.880871,3.11245,3.11551,0.816078,0.806874,-1.29315,-1.29468,
155451,-0.0521553,-0.0536893,0.12732,0.128854,2.10039,2.10192,-0.882405,-0.880871,3.11245,3.11551,0.816078,0.806874,-1.29315,-1.29468,
155471,-0.0521553,-0.0536893,0.12732,0.128854,2.10039,2.10192,-0.882405,-0.880871,3.11245,3.11551,0.816078,0.806874,-1.29315,-1.29468,
155491,-0.0521553,-0.0536893,0.12732,0.128854,2.10039,2.10192,-0.882405,-0.880871,3.11245,3.11551,0.816078,0.806874,-1.29315,-1.29468,
155511,-0.0521553,-0.0536893,0.12732,0.128854,2.10039,2.10192,-0.882405,-0.880871,3.11245,3.11551,0.816078,0.806874,-1.29315,-1.29468,
155531,-0.0521553,-0.0536893,0.12732,0.128854,2.10039,2.10192,-0.882405,-0.880871,3.11245,3.11551,0.803806,0.803806,-1.29315,-1.29468,
155551,-0.0521553,-0.0536893,0.12732,0.128854,2.10039,2.10192,-0.882405,-0.880871,3.11245,3.11551,0.803806,0.803806,-1.29315,-1.29468,
155571,-0.0521553,-0.0536893,0.12732,0.128854,2.10039,2.10192,-0.882405,-0.880871,3.11245,3.11551,0.803806,0.803806,-1.29315,-1.29468,
155591,-0.0521553,-0.0536893,0.12732,0.128854,2.10039,2.10192,-0.882405,-0.880871,3.11245,3.11551,0.803806,0.803806,-1.29315,-1.29468,
155611,-0.0521553,-0.0536893,0.12732,0.128854,2.10039,2.10039,-0.882405,-0.880871,3.11245,3.11398,0.803806,0.799204,-1.29315,-1.29468,
155631,-0.0521553,-0.0536893,0.12732,0.128854,2.10039,2.10039,-0.882405,-0.880871,3.11245,3.11398,0.803806,0.799204,-1.29315,-1.29468,
155651,-0.0521553,-0.0536893,0.12732,0.128854,2.10039,2.10039,-0.882405,-0.880871,3.11245,3.11398,0.803806,0.799204,-1.29315,-1.29468,
155671,-0.0521553,-0.0536893,0.12732,0.128854,2.10039,2.10039,-0.882405,-0.880871,3.11245,3.11398,0.803806,0.799204,-1.29315,-1.29468,
155691,-0.0521553,-0.0536893,0.12732,0.128854,2.10039,2.10039,-0.882405,-0.880871,3.11245,3.11398,0.803806,0.799204,-1.29315,-1.29468,
155711,-0.0521553,-0.0536893,0.12732,0.128854,2.10039,2.10039,-0.882405,-0.880871,3.11245,3.11398,0.79,0.79,-1.29315,-1.29468,
155731,-0.0521553,-0.0536893,0.12732,0.128854,2.10039,2.10039,-0.882405,-0.880871,3.11245,3.11398,0.79,0.79,-1.29315,-1.29468,
155751,-0.0521553,-0.0536893,0.12732,0.128854,2.10039,2.10039,-0.882405,-0.880871,3.11245,3.11398,0.79,0.79,-1.29315,-1.29468,
155771,-0.0521553,-0.0536893,0.12732,0.128854,2.10039,2.10039,-0.882405,-0.880871,3.11245,3.11398,0.79,0.79,-1.29315,-1.29468,
155791,-0.0521553,-0.0536893,0.12732,0.128854,2.10039,2.10039,-0.882405,-0.880871,3.11245,3.11398,0.79,0.79,-1.29315,-1.29468,
155811,-0.0521553,-0.0536893,0.12732,0.128854,2.10039,2.10039,-0.882405,-0.880871,3.11245,3.11398,0.79,0.79,-1.29315,-1.29468,
155831,-0.0521553,-0.0536893,0.12732,0.128854,2.10039,2.09885,-0.882405,-0.880871,3.11245,3.11398,0.79,0.78233,-1.29315,-1.29468,
155851,-0.0521553,-0.0536893,0.12732,0.128854,2.10039,2.09885,-0.882405,-0.880871,3.11245,3.11398,0.79,0.78233,-1.29315,-1.29468,
155871,-0.0521553,-0.0536893,0.12732,0.128854,2.10039,2.09885,-0.882405,-0.880871,3.11245,3.11398,0.79,0.78233,-1.29315,-1.29468,
155891,-0.0521553,-0.0536893,0.12732,0.128854,2.10039,2.09885,-0.882405,-0.880871,3.11245,3.11398,0.79,0.78233,-1.29315,-1.29468,
155911,-0.0521553,-0.0536893,0.12732,0.128854,2.10039,2.09885,-0.882405,-0.880871,3.11245,3.11398,0.79,0.78233,-1.29315,-1.29468,
155931,-0.0521553,-0.0536893,0.12732,0.128854,2.10039,2.09885,-0.882405,-0.880871,3.11245,3.11398,0.779262,0.779262,-1.29315,-1.29468,
155951,-0.0521553,-0.0536893,0.12732,0.128854,2.10039,2.09885,-0.882405,-0.880871,3.11245,3.11398,0.779262,0.779262,-1.29315,-1.29468,
155971,-0.0521553,-0.0536893,0.12732,0.128854,2.10039,2.09885,-0.882405,-0.880871,3.11245,3.11398,0.779262,0.779262,-1.29315,-1.29468,
155991,-0.0521553,-0.0536893,0.12732,0.128854,2.10039,2.09885,-0.882405,-0.880871,3.11245,3.11398,0.779262,0.779262,-1.29315,-1.29468,
156011,-0.0521553,-0.0521553,0.12732,0.128854,2.10039,2.09885,-0.882405,-0.880871,3.11245,3.11551,0.779262,0.776194,-1.29315,-1.29468,
156031,-0.0521553,-0.0521553,0.12732,0.128854,2.10039,2.09885,-0.882405,-0.880871,3.11245,3.11551,0.779262,0.776194,-1.29315,-1.29468,
156051,-0.0521553,-0.0521553,0.12732,0.128854,2.10039,2.09885,-0.882405,-0.880871,3.11245,3.11551,0.779262,0.776194,-1.29315,-1.29468,
156071,-0.0521553,-0.0521553,0.12732,0.128854,2.10039,2.09885,-0.882405,-0.880871,3.11245,3.11551,0.779262,0.776194,-1.29315,-1.29468,
156091,-0.0521553,-0.0521553,0.12732,0.128854,2.10039,2.09885,-0.882405,-0.880871,3.11245,3.11551,0.779262,0.776194,-1.29315,-1.29468,
156111,-0.0521553,-0.0521553,0.12732,0.128854,2.10039,2.10039,-0.882405,-0.880871,3.11245,3.11398,0.779262,0.770058,-1.29315,-1.29468,
156131,-0.0521553,-0.0521553,0.12732,0.128854,2.10039,2.10039,-0.882405,-0.880871,3.11245,3.11398,0.779262,0.770058,-1.29315,-1.29468,
156151,-0.0521553,-0.0521553,0.12732,0.128854,2.10039,2.10039,-0.882405,-0.880871,3.11245,3.11398,0.779262,0.770058,-1.29315,-1.29468,
156171,-0.0521553,-0.0521553,0.12732,0.128854,2.10039,2.10039,-0.882405,-0.880871,3.11245,3.11398,0.779262,0.770058,-1.29315,-1.29468,
156191,-0.0521553,-0.0521553,0.12732,0.128854,2.10039,2.10039,-0.882405,-0.880871,3.11245,3.11398,0.779262,0.770058,-1.29315,-1.29468,
156211,-0.0521553,-0.0521553,0.12732,0.128854,2.10039,2.10039,-0.882405,-0.880871,3.11245,3.11398,0.779262,0.770058,-1.29315,-1.29468,
156231,-0.0521553,-0.0536893,0.12732,0.128854,2.10039,2.09885,-0.882405,-0.880871,3.11245,3.11245,0.768524,0.768524,-1.29315,-1.29468,
156251,-0.0521553,-0.0536893,0.12732,0.128854,2.10039,2.09885,-0.882405,-0.880871,3.11245,3.11245,0.768524,0.768524,-1.29315,-1.29468,
156271,-0.0521553,-0.0536893,0.12732,0.128854,2.10039,2.09885,-0.882405,-0.880871,3.11245,3.11245,0.768524,0.768524,-1.29315,-1.29468,
156291,-0.0521553,-0.0536893,0.12732,0.128854,2.10039,2.09885,-0.882405,-0.880871,3.11245,3.11245,0.768524,0.768524,-1.29315,-1.29468,
156311,-0.0521553,-0.0536893,0.12732,0.128854,2.10039,2.09885,-0.882405,-0.880871,3.11245,3.11245,0.768524,0.768524,-1.29315,-1.29468,
156331,-0.0521553,-0.0536893,0.12732,0.128854,2.10039,2.09885,-0.882405,-0.880871,3.11245,3.11245,0.768524,0.765456,-1.29315,-1.29468,
156351,-0.0521553,-0.0536893,0.12732,0.128854,2.10039,2.09885,-0.882405,-0.880871,3.11245,3.11245,0.768524,0.765456,-1.29315,-1.29468,
156371,-0.0521553,-0.0536893,0.12732,0.128854,2.10039,2.09885,-0.882405,-0.880871,3.11245,3.11245,0.768524,0.765456,-1.29315,-1.29468,
156391,-0.0521553,-0.0536893,0.12732,0.128854,2.10039,2.09885,-0.882405,-0.880871,3.11245,3.11245,0.768524,0.765456,-1.29315,-1.29468,
156411,-0.0521553,-0.0536893,0.12732,0.128854,2.10039,2.10039,-0.882405,-0.880871,3.11245,3.11245,0.768524,0.75932,-1.29315,-1.29468,
156431,-0.0521553,-0.0536893,0.12732,0.128854,2.10039,2.10039,-0.882405,-0.880871,3.11245,3.11245,0.768524,0.75932,-1.29315,-1.29468,
156451,-0.0521553,-0.0536893,0.12732,0.128854,2.10039,2.10039,-0.882405,-0.880871,3.11245,3.11245,0.768524,0.75932,-1.29315,-1.29468,
156471,-0.0521553,-0.0536893,0.12732,0.128854,2.10039,2.10039,-0.882405,-0.880871,3.11245,3.11245,0.768524,0.75932,-1.29315,-1.29468,
156491,-0.0521553,-0.0536893,0.12732,0.128854,2.10039,2.10039,-0.882405,-0.880871,3.11245,3.11245,0.768524,0.75932,-1.29315,-1.29468,
156511,-0.0521553,-0.0521553,0.12732,0.128854,2.10039,2.09885,-0.882405,-0.880871,3.11245,3.11245,0.768524,0.75932,-1.29315,-1.29468,
156531,-0.0521553,-0.0521553,0.12732,0.128854,2.10039,2.09885,-0.882405,-0.880871,3.11245,3.11245,0.768524,0.75932,-1.29315,-1.29468,
156551,-0.0521553,-0.0521553,0.12732,0.128854,2.10039,2.09885,-0.882405,-0.880871,3.11245,3.11245,0.768524,0.75932,-1.29315,-1.29468,
156571,-0.0521553,-0.0521553,0.12732,0.128854,2.10039,2.09885,-0.882405,-0.880871,3.11245,3.11245,0.768524,0.75932,-1.29315,-1.29468,
156591,-0.0521553,-0.0521553,0.12732,0.128854,2.10039,2.09885,-0.882405,-0.880871,3.11245,3.11245,0.768524,0.75932,-1.29315,-1.29468,
156611,-0.0521553,-0.0521553,0.12732,0.128854,2.10039,2.09885,-0.882405,-0.880871,3.11245,3.11245,0.768524,0.75932,-1.29315,-1.29468,
156631,-0.0521553,-0.0521553,0.12732,0.128854,2.10039,2.10039,-0.882405,-0.880871,3.11245,3.11245,0.768524,0.75932,-1.29315,-1.29468,
156651,-0.0521553,-0.0521553,0.12732,0.128854,2.10039,2.10039,-0.882405,-0.880871,3.11245,3.11245,0.768524,0.75932,-1.29315,-1.29468,
156671,-0.0521553,-0.0521553,0.12732,0.128854,2.10039,2.10039,-0.882405,-0.880871,3.11245,3.11245,0.768524,0.75932,-1.29315,-1.29468,
156691,-0.0521553,-0.0521553,0.12732,0.128854,2.10039,2.10039,-0.882405,-0.880871,3.11245,3.11245,0.768524,0.75932,-1.29315,-1.29468,
156711,-0.0521553,-0.0521553,0.12732,0.128854,2.10039,2.10039,-0.882405,-0.880871,3.11245,3.11245,0.768524,0.75932,-1.29315,-1.29468,
156731,-0.0521553,-0.0521553,0.12732,0.128854,2.10039,2.09885,-0.882405,-0.880871,3.11245,3.11091,0.768524,0.75932,-1.29315,-1.29468,
156751,-0.0521553,-0.0521553,0.12732,0.128854,2.10039,2.09885,-0.882405,-0.880871,3.11245,3.11091,0.768524,0.75932,-1.29315,-1.29468,
156771,-0.0521553,-0.0521553,0.12732,0.128854,2.10039,2.09885,-0.882405,-0.880871,3.11245,3.11091,0.768524,0.75932,-1.29315,-1.29468,
156791,-0.0521553,-0.0521553,0.12732,0.128854,2.10039,2.09885,-0.882405,-0.880871,3.11245,3.11091,0.768524,0.75932,-1.29315,-1.29468,
156811,-0.0521553,-0.0521553,0.12732,0.128854,2.10039,2.09885,-0.882405,-0.880871,3.11245,3.11091,0.768524,0.75932,-1.29315,-1.29468,
156831,-0.0521553,-0.0536893,0.12732,0.128854,2.10039,2.09885,-0.882405,-0.880871,3.11245,3.11091,0.768524,0.75932,-1.29315,-1.29468,
156851,-0.0521553,-0.0536893,0.12732,0.128854,2.10039,2.09885,-0.882405,-0.880871,3.11245,3.11091,0.768524,0.75932,-1.29315,-1.29468,
156871,-0.0521553,-0.0536893,0.12732,0.128854,2.10039,2.09885,-0.882405,-0.880871,3.11245,3.11091,0.768524,0.75932,-1.29315,-1.29468,
156891,-0.0521553,-0.0536893,0.12732,0.128854,2.10039,2.09885,-0.882405,-0.880871,3.11245,3.11091,0.768524,0.75932,-1.29315,-1.29468,
156911,-0.0521553,-0.0536893,0.12732,0.128854,2.10039,2.09885,-0.882405,-0.882405,3.11245,3.11091,0.768524,0.75932,-1.29315,-1.29468,
156931,-0.0521553,-0.0536893,0.12732,0.128854,2.10039,2.09885,-0.882405,-0.882405,3.11245,3.11091,0.768524,0.75932,-1.29315,-1.29468,
156951,-0.0521553,-0.0536893,0.12732,0.128854,2.10039,2.09885,-0.882405,-0.882405,3.11245,3.11091,0.768524,0.75932,-1.29315,-1.29468,
156971,-0.0521553,-0.0536893,0.12732,0.128854,2.10039,2.09885,-0.882405,-0.882405,3.11245,3.11091,0.768524,0.75932,-1.29315,-1.29468,
156991,-0.0521553,-0.0536893,0.12732,0.128854,2.10039,2.09885,-0.882405,-0.882405,3.11245,3.11091,0.768524,0.75932,-1.29315,-1.29468,
157011,-0.0521553,-0.0536893,0.12732,0.128854,2.10039,2.09885,-0.882405,-0.882405,3.11245,3.11091,0.768524,0.75932,-1.29315,-1.29468,
157031,-0.0521553,-0.0521553,0.12732,0.128854,2.10039,2.09885,-0.882405,-0.882405,3.11245,3.11091,0.768524,0.75932,-1.29315,-1.29468,
157051,-0.0521553,-0.0521553,0.12732,0.128854,2.10039,2.09885,-0.882405,-0.882405,3.11245,3.11091,0.768524,0.75932,-1.29315,-1.29468,
157071,-0.0521553,-0.0521553,0.12732,0.128854,2.10039,2.09885,-0.882405,-0.882405,3.11245,3.11091,0.768524,0.75932,-1.29315,-1.29468,
157091,-0.0521553,-0.0521553,0.12732,0.128854,2.10039,2.09885,-0.882405,-0.882405,3.11245,3.11091,0.768524,0.75932,-1.29315,-1.29468,
157111,-0.0521553,-0.0521553,0.12732,0.128854,2.10039,2.09885,-0.882405,-0.882405,3.11245,3.11091,0.768524,0.75932,-1.29315,-1.29468,
157131,-0.0521553,-0.0521553,0.12732,0.130388,2.10039,2.09885,-0.882405,-0.880871,3.11245,3.11091,0.768524,0.75932,-1.29315,-1.29468,
157151,-0.0521553,-0.0521553,0.12732,0.130388,2.10039,2.09885,-0.882405,-0.880871,3.11245,3.11091,0.768524,0.75932,-1.29315,-1.29468,
157171,-0.0521553,-0.0521553,0.12732,0.130388,2.10039,2.09885,-0.882405,-0.880871,3.11245,3.11091,0.768524,0.75932,-1.29315,-1.29468,
157191,-0.0521553,-0.0521553,0.12732,0.130388,2.10039,2.09885,-0.882405,-0.880871,3.11245,3.11091,0.768524,0.75932,-1.29315,-1.29468,
157211,-0.0521553,-0.0536893,0.12732,0.128854,2.10039,2.09885,-0.882405,-0.882405,3.11245,3.11091,0.768524,0.75932,-1.29315,-1.29468,
157231,-0.0521553,-0.0536893,0.12732,0.128854,2.10039,2.09885,-0.882405,-0.882405,3.11245,3.11091,0.768524,0.75932,-1.29315,-1.29468,
157251,-0.0521553,-0.0536893,0.12732,0.128854,2.10039,2.09885,-0.882405,-0.882405,3.11245,3.11091,0.768524,0.75932,-1.29315,-1.29468,
157271,-0.0521553,-0.0536893,0.12732,0.128854,2.10039,2.09885,-0.882405,-0.882405,3.11245,3.11091,0.768524,0.75932,-1.29315,-1.29468,
157291,-0.0521553,-0.0536893,0.12732,0.128854,2.10039,2.09885,-0.882405,-0.882405,3.11245,3.11091,0.768524,0.75932,-1.29315,-1.29468,
157311,-0.0521553,-0.0521553,0.12732,0.128854,2.10039,2.09885,-0.882405,-0.882405,3.11245,3.11091,0.768524,0.75932,-1.29315,-1.29468,
157331,-0.0521553,-0.0521553,0.12732,0.128854,2.10039,2.09885,-0.882405,-0.882405,3.11245,3.11091,0.768524,0.75932,-1.29315,-1.29468,
157351,-0.0521553,-0.0521553,0.12732,0.128854,2.10039,2.09885,-0.882405,-0.882405,3.11245,3.11091,0.768524,0.75932,-1.29315,-1.29468,
157371,-0.0521553,-0.0521553,0.12732,0.128854,2.10039,2.09885,-0.882405,-0.882405,3.11245,3.11091,0.768524,0.75932,-1.29315,-1.29468,
157391,-0.0521553,-0.0521553,0.12732,0.128854,2.10039,2.09885,-0.882405,-0.882405,3.11245,3.11091,0.768524,0.75932,-1.29315,-1.29468,
157411,-0.0521553,-0.0521553,0.12732,0.128854,2.10039,2.09885,-0.882405,-0.882405,3.11245,3.11091,0.768524,0.75932,-1.29315,-1.29468,
157431,-0.0521553,-0.0521553,0.12732,0.128854,2.10039,2.09885,-0.882405,-0.880871,3.11245,3.11091,0.768524,0.75932,-1.29315,-1.29468,
157451,-0.0521553,-0.0521553,0.12732,0.128854,2.10039,2.09885,-0.882405,-0.880871,3.11245,3.11091,0.768524,0.75932,-1.29315,-1.29468,
157471,-0.0521553,-0.0521553,0.12732,0.128854,2.10039,2.09885,-0.882405,-0.880871,3.11245,3.11091,0.768524,0.75932,-1.29315,-1.29468,
157491,-0.0521553,-0.0521553,0.12732,0.128854,2.10039,2.09885,-0.882405,-0.880871,3.11245,3.11091,0.768524,0.75932,-1.29315,-1.29468,
157511,-0.0521553,-0.0521553,0.12732,0.128854,2.10039,2.09885,-0.882405,-0.880871,3.11245,3.11091,0.768524,0.75932,-1.29315,-1.29468,
157531,-0.0521553,-0.0521553,0.12732,0.128854,2.10039,2.09885,-0.882405,-0.880871,3.11245,3.11091,0.768524,0.75932,-1.29315,-1.29468,
157551,-0.0521553,-0.0521553,0.12732,0.128854,2.10039,2.09885,-0.882405,-0.880871,3.11245,3.11091,0.768524,0.75932,-1.29315,-1.29468,
157571,-0.0521553,-0.0521553,0.12732,0.128854,2.10039,2.09885,-0.882405,-0.880871,3.11245,3.11091,0.768524,0.75932,-1.29315,-1.29468,
157591,-0.0521553,-0.0521553,0.12732,0.128854,2.10039,2.09885,-0.882405,-0.880871,3.11245,3.11091,0.768524,0.75932,-1.29315,-1.29468,
157611,-0.0521553,-0.0536893,0.12732,0.128854,2.10039,2.09885,-0.882405,-0.882405,3.11245,3.11091,0.768524,0.75932,-1.29315,-1.29468,
157631,-0.0521553,-0.0536893,0.12732,0.128854,2.10039,2.09885,-0.882405,-0.882405,3.11245,3.11091,0.768524,0.75932,-1.29315,-1.29468,
157651,-0.0521553,-0.0536893,0.12732,0.128854,2.10039,2.09885,-0.882405,-0.882405,3.11245,3.11091,0.768524,0.75932,-1.29315,-1.29468,
157671,-0.0521553,-0.0536893,0.12732,0.128854,2.10039,2.09885,-0.882405,-0.882405,3.11245,3.11091,0.768524,0.75932,-1.29315,-1.29468,
157691,-0.0521553,-0.0536893,0.12732,0.128854,2.10039,2.09885,-0.882405,-0.882405,3.11245,3.11091,0.768524,0.75932,-1.29315,-1.29468,
157711,-0.0521553,-0.0536893,0.12732,0.128854,2.10039,2.09885,-0.882405,-0.882405,3.11245,3.11091,0.768524,0.75932,-1.29315,-1.29468,
157731,-0.0521553,-0.0536893,0.12732,0.128854,2.10039,2.09885,-0.882405,-0.882405,3.11245,3.11091,0.768524,0.75932,-1.29315,-1.29468,
157751,-0.0521553,-0.0521553,0.12732,0.128854,2.10039,2.09885,-0.882405,-0.882405,3.11245,3.11091,0.768524,0.75932,-1.29315,-1.29468,
157771,-0.0521553,-0.0521553,0.12732,0.128854,2.10039,2.09885,-0.882405,-0.882405,3.11245,3.11091,0.768524,0.75932,-1.29315,-1.29468,
157791,-0.0521553,-0.0521553,0.12732,0.128854,2.10039,2.09885,-0.882405,-0.882405,3.11245,3.11091,0.768524,0.75932,-1.29315,-1.29468,
157811,-0.0521553,-0.0521553,0.12732,0.128854,2.10039,2.09885,-0.882405,-0.882405,3.11245,3.11091,0.768524,0.75932,-1.29315,-1.29468,
157831,-0.0521553,-0.0521553,0.12732,0.128854,2.10039,2.09885,-0.882405,-0.882405,3.11245,3.11091,0.768524,0.75932,-1.29315,-1.29468,
157851,-0.0521553,-0.0521553,0.12732,0.128854,2.10039,2.09885,-0.882405,-0.882405,3.11245,3.11091,0.768524,0.75932,-1.29315,-1.29468,
157871,-0.0521553,-0.0521553,0.12732,0.128854,2.10039,2.09885,-0.882405,-0.882405,3.11245,3.11091,0.768524,0.75932,-1.29315,-1.29468,
157891,-0.0521553,-0.0521553,0.12732,0.128854,2.10039,2.09885,-0.882405,-0.882405,3.11245,3.11091,0.768524,0.75932,-1.29315,-1.29468,
157911,-0.0521553,-0.0521553,0.12732,0.128854,2.10039,2.09885,-0.882405,-0.882405,3.11245,3.11091,0.768524,0.75932,-1.29315,-1.29468,
157931,-0.0521553,-0.0521553,0.12732,0.128854,2.10039,2.09885,-0.882405,-0.882405,3.11245,3.11091,0.768524,0.75932,-1.29315,-1.29468,
157951,-0.0521553,-0.0521553,0.12732,0.128854,2.10039,2.09885,-0.882405,-0.882405,3.11245,3.11091,0.768524,0.75932,-1.29315,-1.29468,
157971,-0.0521553,-0.0521553,0.12732,0.128854,2.10039,2.09885,-0.882405,-0.882405,3.11245,3.11091,0.768524,0.75932,-1.29315,-1.29468,
157991,-0.0521553,-0.0521553,0.12732,0.128854,2.10039,2.09885,-0.882405,-0.882405,3.11245,3.11091,0.768524,0.75932,-1.29315,-1.29468,
158011,-0.0521553,-0.0521553,0.12732,0.128854,2.10039,2.09885,-0.882405,-0.882405,3.11245,3.11091,0.768524,0.75932,-1.29315,-1.29468,
158031,-0.0521553,-0.0521553,0.12732,0.128854,2.10039,2.09885,-0.882405,-0.882405,3.11245,3.11091,0.768524,0.75932,-1.29315,-1.29468,
158051,-0.0521553,-0.0521553,0.12732,0.128854,2.10039,2.09885,-0.882405,-0.882405,3.11245,3.11091,0.768524,0.75932,-1.29315,-1.29468,
158071,-0.0521553,-0.0521553,0.12732,0.128854,2.10039,2.09885,-0.882405,-0.882405,3.11245,3.11091,0.768524,0.75932,-1.29315,-1.29468,
158091,-0.0521553,-0.0521553,0.12732,0.128854,2.10039,2.09885,-0.882405,-0.882405,3.11245,3.11091,0.768524,0.75932,-1.29315,-1.29468,
158111,-0.0521553,-0.0521553,0.12732,0.128854,2.10039,2.09885,-0.882405,-0.882405,3.11245,3.11091,0.768524,0.75932,-1.29315,-1.29468,
158131,-0.0521553,-0.0521553,0.12732,0.128854,2.10039,2.09885,-0.882405,-0.882405,3.11245,3.11091,0.768524,0.75932,-1.29315,-1.29468,
158151,-0.0521553,-0.0521553,0.12732,0.128854,2.10039,2.09885,-0.882405,-0.882405,3.11245,3.11091,0.768524,0.75932,-1.29315,-1.29468,
158171,-0.0521553,-0.0521553,0.12732,0.128854,2.10039,2.09885,-0.882405,-0.882405,3.11245,3.11091,0.768524,0.75932,-1.29315,-1.29468,
158191,-0.0521553,-0.0521553,0.12732,0.128854,2.10039,2.09885,-0.882405,-0.882405,3.11245,3.11091,0.768524,0.75932,-1.29315,-1.29468,
158211,-0.0521553,-0.0521553,0.12732,0.128854,2.10039,2.09885,-0.882405,-0.882405,3.11245,3.11091,0.768524,0.75932,-1.29315,-1.29468,
158231,-0.0521553,-0.0521553,0.12732,0.128854,2.10039,2.09885,-0.882405,-0.882405,3.11245,3.11091,0.768524,0.75932,-1.29315,-1.29315,
158251,-0.0521553,-0.0521553,0.12732,0.128854,2.10039,2.09885,-0.882405,-0.882405,3.11245,3.11091,0.768524,0.75932,-1.29315,-1.29315,
158271,-0.0521553,-0.0521553,0.12732,0.128854,2.10039,2.09885,-0.882405,-0.882405,3.11245,3.11091,0.768524,0.75932,-1.29315,-1.29315,
158291,-0.0521553,-0.0521553,0.12732,0.128854,2.10039,2.09885,-0.882405,-0.882405,3.11245,3.11091,0.768524,0.75932,-1.29315,-1.29315,
158311,-0.0521553,-0.0521553,0.12732,0.128854,2.10039,2.09885,-0.882405,-0.882405,3.11245,3.11091,0.768524,0.75932,-1.29315,-1.29315,
158331,-0.0521553,-0.0521553,0.12732,0.128854,2.10039,2.09885,-0.882405,-0.882405,3.11245,3.11091,0.768524,0.75932,-1.29315,-1.29468,
158351,-0.0521553,-0.0521553,0.12732,0.128854,2.10039,2.09885,-0.882405,-0.882405,3.11245,3.11091,0.768524,0.75932,-1.29315,-1.29468,
158371,-0.0521553,-0.0521553,0.12732,0.128854,2.10039,2.09885,-0.882405,-0.882405,3.11245,3.11091,0.768524,0.75932,-1.29315,-1.29468,
158391,-0.0521553,-0.0521553,0.12732,0.128854,2.10039,2.09885,-0.882405,-0.882405,3.11245,3.11091,0.768524,0.75932,-1.29315,-1.29468,
158411,-0.0521553,-0.0521553,0.12732,0.128854,2.10039,2.09885,-0.882405,-0.882405,3.11245,3.11091,0.768524,0.75932,-1.29315,-1.29468,
158431,-0.0521553,-0.0521553,0.12732,0.128854,2.10039,2.09885,-0.882405,-0.882405,3.11245,3.11091,0.768524,0.75932,-1.29315,-1.29468,
158451,-0.0521553,-0.0521553,0.12732,0.128854,2.10039,2.09885,-0.882405,-0.882405,3.11245,3.11091,0.768524,0.75932,-1.29315,-1.29468,
158471,-0.0521553,-0.0521553,0.12732,0.128854,2.10039,2.09885,-0.882405,-0.882405,3.11245,3.11091,0.768524,0.75932,-1.29315,-1.29468,
158491,-0.0521553,-0.0521553,0.12732,0.128854,2.10039,2.09885,-0.882405,-0.882405,3.11245,3.11091,0.768524,0.75932,-1.29315,-1.29468,
158511,-0.0521553,-0.0521553,0.12732,0.128854,2.10039,2.09885,-0.882405,-0.882405,3.11245,3.11091,0.768524,0.75932,-1.29315,-1.29468,
158531,-0.0521553,-0.0521553,0.12732,0.128854,2.10039,2.09885,-0.882405,-0.882405,3.11245,3.11091,0.768524,0.75932,-1.29315,-1.29468,
158551,-0.0521553,-0.0521553,0.12732,0.128854,2.10039,2.09885,-0.882405,-0.882405,3.11245,3.11091,0.768524,0.75932,-1.29315,-1.29468,
158571,-0.0521553,-0.0521553,0.12732,0.128854,2.10039,2.09885,-0.882405,-0.882405,3.11245,3.11091,0.768524,0.75932,-1.29315,-1.29468,
158591,-0.0521553,-0.0521553,0.12732,0.128854,2.10039,2.09885,-0.882405,-0.882405,3.11245,3.11091,0.768524,0.75932,-1.29315,-1.29468,
158611,-0.0521553,-0.0521553,0.12732,0.128854,2.10039,2.09885,-0.882405,-0.882405,3.11245,3.11091,0.768524,0.75932,-1.29315,-1.29468,
158631,-0.0521553,-0.0521553,0.12732,0.128854,2.10039,2.09885,-0.882405,-0.880871,3.11245,3.11091,0.768524,0.75932,-1.29315,-1.29468,
158651,-0.0521553,-0.0521553,0.12732,0.128854,2.10039,2.09885,-0.882405,-0.880871,3.11245,3.11091,0.768524,0.75932,-1.29315,-1.29468,
158671,-0.0521553,-0.0521553,0.12732,0.128854,2.10039,2.09885,-0.882405,-0.880871,3.11245,3.11091,0.768524,0.75932,-1.29315,-1.29468,
158691,-0.0521553,-0.0521553,0.12732,0.128854,2.10039,2.09885,-0.882405,-0.880871,3.11245,3.11091,0.768524,0.75932,-1.29315,-1.29468,
158711,-0.0521553,-0.0521553,0.12732,0.128854,2.10039,2.09885,-0.882405,-0.880871,3.11245,3.11091,0.768524,0.75932,-1.29315,-1.29468,
158731,-0.0521553,-0.0521553,0.12732,0.128854,2.10039,2.09885,-0.882405,-0.882405,3.11245,3.11091,0.768524,0.75932,-1.29315,-1.29468,
158751,-0.0521553,-0.0521553,0.12732,0.128854,2.10039,2.09885,-0.882405,-0.882405,3.11245,3.11091,0.768524,0.75932,-1.29315,-1.29468,
158771,-0.0521553,-0.0521553,0.12732,0.128854,2.10039,2.09885,-0.882405,-0.882405,3.11245,3.11091,0.768524,0.75932,-1.29315,-1.29468,
158791,-0.0521553,-0.0521553,0.12732,0.128854,2.10039,2.09885,-0.882405,-0.882405,3.11245,3.11091,0.768524,0.75932,-1.29315,-1.29468,
158811,-0.0521553,-0.0521553,0.12732,0.128854,2.10039,2.09885,-0.882405,-0.882405,3.11245,3.11091,0.768524,0.75932,-1.29315,-1.29468,
158831,-0.0521553,-0.0521553,0.12732,0.128854,2.10039,2.09885,-0.882405,-0.882405,3.11245,3.11091,0.768524,0.75932,-1.29315,-1.29468,
158851,-0.0521553,-0.0521553,0.12732,0.128854,2.10039,2.09885,-0.882405,-0.882405,3.11245,3.11091,0.768524,0.75932,-1.29315,-1.29468,
158871,-0.0521553,-0.0521553,0.12732,0.128854,2.10039,2.09885,-0.882405,-0.882405,3.11245,3.11091,0.768524,0.75932,-1.29315,-1.29468,
158891,-0.0521553,-0.0521553,0.12732,0.128854,2.10039,2.09885,-0.882405,-0.882405,3.11245,3.11091,0.768524,0.75932,-1.29315,-1.29468,
158911,-0.0521553,-0.0521553,0.12732,0.128854,2.10039,2.09885,-0.882405,-0.882405,3.11245,3.11091,0.768524,0.75932,-1.29315,-1.29468,
158931,-0.0521553,-0.0521553,0.12732,0.128854,2.10039,2.09885,-0.882405,-0.882405,3.11245,3.11091,0.768524,0.75932,-1.29315,-1.29468,
158951,-0.0521553,-0.0521553,0.12732,0.128854,2.10039,2.09885,-0.882405,-0.882405,3.11245,3.11091,0.768524,0.75932,-1.29315,-1.29468,
158971,-0.0521553,-0.0521553,0.12732,0.128854,2.10039,2.09885,-0.882405,-0.882405,3.11245,3.11091,0.768524,0.75932,-1.29315,-1.29468,
158992,-0.0521553,-0.0521553,0.12732,0.128854,2.10039,2.09885,-0.882405,-0.882405,3.11245,3.11091,0.768524,0.75932,-1.29315,-1.29468,
159011,-0.0521553,-0.0521553,0.12732,0.128854,2.10039,2.09885,-0.882405,-0.882405,3.11245,3.11091,0.768524,0.75932,-1.29315,-1.29468,
159033,-0.0521553,-0.0521553,0.12732,0.128854,2.10039,2.09885,-0.882405,-0.882405,3.11245,3.11091,0.768524,0.75932,-1.29315,-1.29468,
159051,-0.0521553,-0.0521553,0.12732,0.128854,2.10039,2.09885,-0.882405,-0.882405,3.11245,3.11091,0.768524,0.75932,-1.29315,-1.29468,
159071,-0.0521553,-0.0521553,0.12732,0.128854,2.10039,2.09885,-0.882405,-0.882405,3.11245,3.11091,0.768524,0.75932,-1.29315,-1.29468,
159091,-0.0521553,-0.0521553,0.12732,0.128854,2.10039,2.09885,-0.882405,-0.882405,3.11245,3.11091,0.768524,0.75932,-1.29315,-1.29468,
159111,-0.0521553,-0.0521553,0.12732,0.128854,2.10039,2.09885,-0.882405,-0.882405,3.11245,3.11091,0.768524,0.75932,-1.29315,-1.29468,
159131,-0.0521553,-0.0521553,0.12732,0.128854,2.10039,2.09885,-0.882405,-0.882405,3.11245,3.11091,0.768524,0.75932,-1.29315,-1.29468,
159151,-0.0521553,-0.0521553,0.12732,0.128854,2.10039,2.09885,-0.882405,-0.882405,3.11245,3.11091,0.768524,0.75932,-1.29315,-1.29468,
159171,-0.0521553,-0.0521553,0.12732,0.128854,2.10039,2.09885,-0.882405,-0.882405,3.11245,3.11091,0.768524,0.75932,-1.29315,-1.29468,
159191,-0.0521553,-0.0521553,0.12732,0.128854,2.10039,2.09885,-0.882405,-0.882405,3.11245,3.11091,0.768524,0.75932,-1.29315,-1.29468,
159211,-0.0521553,-0.0521553,0.12732,0.128854,2.10039,2.09885,-0.882405,-0.882405,3.11245,3.11091,0.768524,0.75932,-1.29315,-1.29468,
159231,-0.0521553,-0.0521553,0.12732,0.128854,2.10039,2.09885,-0.882405,-0.880871,3.11245,3.11091,0.768524,0.75932,-1.29315,-1.29468,
159251,-0.0521553,-0.0521553,0.12732,0.128854,2.10039,2.09885,-0.882405,-0.880871,3.11245,3.11091,0.768524,0.75932,-1.29315,-1.29468,
159271,-0.0521553,-0.0521553,0.12732,0.128854,2.10039,2.09885,-0.882405,-0.880871,3.11245,3.11091,0.768524,0.75932,-1.29315,-1.29468,
159291,-0.0521553,-0.0521553,0.12732,0.128854,2.10039,2.09885,-0.882405,-0.880871,3.11245,3.11091,0.768524,0.75932,-1.29315,-1.29468,
159311,-0.0521553,-0.0521553,0.12732,0.128854,2.10039,2.09885,-0.882405,-0.880871,3.11245,3.11091,0.768524,0.75932,-1.29315,-1.29468,
159331,-0.0521553,-0.0521553,0.12732,0.128854,2.10039,2.09885,-0.882405,-0.882405,3.11245,3.11091,0.768524,0.75932,-1.29315,-1.29468,
159351,-0.0521553,-0.0521553,0.12732,0.128854,2.10039,2.09885,-0.882405,-0.882405,3.11245,3.11091,0.768524,0.75932,-1.29315,-1.29468,
159371,-0.0521553,-0.0521553,0.12732,0.128854,2.10039,2.09885,-0.882405,-0.882405,3.11245,3.11091,0.768524,0.75932,-1.29315,-1.29468,
159391,-0.0521553,-0.0521553,0.12732,0.128854,2.10039,2.09885,-0.882405,-0.882405,3.11245,3.11091,0.768524,0.75932,-1.29315,-1.29468,
159411,-0.0521553,-0.0521553,0.12732,0.128854,2.10039,2.09885,-0.882405,-0.882405,3.11245,3.11091,0.768524,0.75932,-1.29315,-1.29468,
159431,-0.0521553,-0.0521553,0.12732,0.128854,2.10039,2.09885,-0.882405,-0.882405,3.11245,3.11245,0.768524,0.75932,-1.29315,-1.29468,
159451,-0.0521553,-0.0521553,0.12732,0.128854,2.10039,2.09885,-0.882405,-0.882405,3.11245,3.11245,0.768524,0.75932,-1.29315,-1.29468,
159471,-0.0521553,-0.0521553,0.12732,0.128854,2.10039,2.09885,-0.882405,-0.882405,3.11245,3.11245,0.768524,0.75932,-1.29315,-1.29468,
159491,-0.0521553,-0.0521553,0.12732,0.128854,2.10039,2.09885,-0.882405,-0.882405,3.11245,3.11245,0.768524,0.75932,-1.29315,-1.29468,
159511,-0.0521553,-0.0521553,0.12732,0.128854,2.10039,2.09885,-0.882405,-0.882405,3.11245,3.11245,0.768524,0.75932,-1.29315,-1.29468,
159531,-0.0521553,-0.0521553,0.12732,0.128854,2.10039,2.09885,-0.882405,-0.882405,3.11245,3.11245,0.768524,0.75932,-1.29315,-1.29468,
159551,-0.0521553,-0.0521553,0.12732,0.128854,2.10039,2.09885,-0.882405,-0.882405,3.11245,3.11245,0.768524,0.75932,-1.29315,-1.29468,
159571,-0.0521553,-0.0521553,0.12732,0.128854,2.10039,2.09885,-0.882405,-0.882405,3.11245,3.11245,0.768524,0.75932,-1.29315,-1.29468,
159591,-0.0521553,-0.0521553,0.12732,0.128854,2.10039,2.09885,-0.882405,-0.882405,3.11245,3.11245,0.768524,0.75932,-1.29315,-1.29468,
159611,-0.0521553,-0.0521553,0.12732,0.128854,2.10039,2.10039,-0.882405,-0.882405,3.11245,3.11398,0.768524,0.75932,-1.29315,-1.29468,
159631,-0.0521553,-0.0521553,0.12732,0.128854,2.10039,2.10039,-0.882405,-0.882405,3.11245,3.11398,0.768524,0.75932,-1.29315,-1.29468,
159651,-0.0521553,-0.0521553,0.12732,0.128854,2.10039,2.10039,-0.882405,-0.882405,3.11245,3.11398,0.768524,0.75932,-1.29315,-1.29468,
159671,-0.0521553,-0.0521553,0.12732,0.128854,2.10039,2.10039,-0.882405,-0.882405,3.11245,3.11398,0.768524,0.75932,-1.29315,-1.29468,
159691,-0.0521553,-0.0521553,0.12732,0.128854,2.10039,2.10039,-0.882405,-0.882405,3.11245,3.11398,0.768524,0.75932,-1.29315,-1.29468,
159711,-0.0521553,-0.0506214,0.12732,0.128854,2.10039,2.09732,-0.882405,-0.882405,3.11245,3.11245,0.768524,0.75932,-1.29315,-1.29468,
159731,-0.0521553,-0.0506214,0.12732,0.128854,2.10039,2.09732,-0.882405,-0.882405,3.11245,3.11245,0.768524,0.75932,-1.29315,-1.29468,
159751,-0.0521553,-0.0506214,0.12732,0.128854,2.10039,2.09732,-0.882405,-0.882405,3.11245,3.11245,0.768524,0.75932,-1.29315,-1.29468,
159771,-0.0521553,-0.0506214,0.12732,0.128854,2.10039,2.09732,-0.882405,-0.882405,3.11245,3.11245,0.768524,0.75932,-1.29315,-1.29468,
159791,-0.0521553,-0.0506214,0.12732,0.128854,2.10039,2.09732,-0.882405,-0.882405,3.11245,3.11245,0.768524,0.75932,-1.29315,-1.29468,
159811,-0.0521553,-0.0506214,0.12732,0.128854,2.10039,2.09732,-0.882405,-0.882405,3.11245,3.11245,0.768524,0.75932,-1.29315,-1.29468,
159831,-0.0521553,-0.0506214,0.12732,0.128854,2.10039,2.09732,-0.882405,-0.882405,3.11245,3.11245,0.768524,0.75932,-1.29315,-1.29468,
159851,-0.0521553,-0.0521553,0.12732,0.12732,2.10039,2.09732,-0.882405,-0.883939,3.11245,3.11398,0.768524,0.75932,-1.29315,-1.29468,
159871,-0.0521553,-0.0521553,0.12732,0.12732,2.10039,2.09732,-0.882405,-0.883939,3.11245,3.11398,0.768524,0.75932,-1.29315,-1.29468,
159891,-0.0521553,-0.0521553,0.12732,0.12732,2.10039,2.09732,-0.882405,-0.883939,3.11245,3.11398,0.768524,0.75932,-1.29315,-1.29468,
159911,-0.0521553,-0.0521553,0.12732,0.12732,2.10039,2.09732,-0.882405,-0.883939,3.11245,3.11398,0.768524,0.75932,-1.29315,-1.29468,
159931,-0.0521553,-0.0536893,0.12732,0.12732,2.10039,2.09885,-0.882405,-0.882405,3.11245,3.11858,0.757787,0.757787,-1.29315,-1.29468,
159951,-0.0521553,-0.0536893,0.12732,0.12732,2.10039,2.09885,-0.882405,-0.882405,3.11245,3.11858,0.757787,0.757787,-1.29315,-1.29468,
159971,-0.0521553,-0.0536893,0.12732,0.12732,2.10039,2.09885,-0.882405,-0.882405,3.11245,3.11858,0.757787,0.757787,-1.29315,-1.29468,
159991,-0.0521553,-0.0536893,0.12732,0.12732,2.10039,2.09885,-0.882405,-0.882405,3.11245,3.11858,0.757787,0.757787,-1.29315,-1.29468,
160011,-0.0521553,-0.0490874,0.12732,0.12732,2.10039,2.09732,-0.882405,-0.883939,3.11245,3.11245,0.757787,0.75932,-1.29315,-1.29468,
160031,-0.0521553,-0.0490874,0.12732,0.12732,2.10039,2.09732,-0.882405,-0.883939,3.11245,3.11245,0.757787,0.75932,-1.29315,-1.29468,
160051,-0.0521553,-0.0490874,0.12732,0.12732,2.10039,2.09732,-0.882405,-0.883939,3.11245,3.11245,0.757787,0.75932,-1.29315,-1.29468,
160071,-0.0521553,-0.0490874,0.12732,0.12732,2.10039,2.09732,-0.882405,-0.883939,3.11245,3.11245,0.757787,0.75932,-1.29315,-1.29468,
160091,-0.0521553,-0.0490874,0.12732,0.12732,2.10039,2.09732,-0.882405,-0.883939,3.11245,3.11245,0.757787,0.75932,-1.29315,-1.29468,
160111,-0.0521553,-0.0536893,0.12732,0.12732,2.10039,2.09885,-0.882405,-0.882405,3.11245,3.11551,0.757787,0.75932,-1.29315,-1.29468,
160131,-0.0521553,-0.0536893,0.12732,0.12732,2.10039,2.09885,-0.882405,-0.882405,3.11245,3.11551,0.757787,0.75932,-1.29315,-1.29468,
160151,-0.0521553,-0.0536893,0.12732,0.12732,2.10039,2.09885,-0.882405,-0.882405,3.11245,3.11551,0.757787,0.75932,-1.29315,-1.29468,
160171,-0.0521553,-0.0536893,0.12732,0.12732,2.10039,2.09885,-0.882405,-0.882405,3.11245,3.11551,0.757787,0.75932,-1.29315,-1.29468,
160191,-0.0521553,-0.0536893,0.12732,0.12732,2.10039,2.09885,-0.882405,-0.882405,3.11245,3.11551,0.757787,0.75932,-1.29315,-1.29468,
160211,-0.0521553,-0.0536893,0.12732,0.12732,2.10039,2.09885,-0.882405,-0.882405,3.11245,3.11551,0.757787,0.75932,-1.29315,-1.29468,
160231,-0.0521553,-0.0521553,0.12732,0.12732,2.10039,2.09732,-0.882405,-0.883939,3.11245,3.11091,0.757787,0.75932,-1.29315,-1.29468,
160251,-0.0521553,-0.0521553,0.12732,0.12732,2.10039,2.09732,-0.882405,-0.883939,3.11245,3.11091,0.757787,0.75932,-1.29315,-1.29468,
160271,-0.0521553,-0.0521553,0.12732,0.12732,2.10039,2.09732,-0.882405,-0.883939,3.11245,3.11091,0.757787,0.75932,-1.29315,-1.29468,
160291,-0.0521553,-0.0521553,0.12732,0.12732,2.10039,2.09732,-0.882405,-0.883939,3.11245,3.11091,0.757787,0.75932,-1.29315,-1.29468,
160311,-0.0521553,-0.0521553,0.12732,0.12732,2.10039,2.09732,-0.882405,-0.883939,3.11245,3.11091,0.757787,0.75932,-1.29315,-1.29468,
160331,-0.0521553,-0.0536893,0.12732,0.12732,2.10039,2.09732,-0.882405,-0.882405,3.11245,3.11398,0.757787,0.75932,-1.29315,-1.29468,
160351,-0.0521553,-0.0536893,0.12732,0.12732,2.10039,2.09732,-0.882405,-0.882405,3.11245,3.11398,0.757787,0.75932,-1.29315,-1.29468,
160371,-0.0521553,-0.0536893,0.12732,0.12732,2.10039,2.09732,-0.882405,-0.882405,3.11245,3.11398,0.757787,0.75932,-1.29315,-1.29468,
160391,-0.0521553,-0.0536893,0.12732,0.12732,2.10039,2.09732,-0.882405,-0.882405,3.11245,3.11398,0.757787,0.75932,-1.29315,-1.29468,
160411,-0.0521553,-0.0536893,0.12732,0.12732,2.10039,2.09732,-0.882405,-0.883939,3.11245,3.11245,0.757787,0.75932,-1.29315,-1.29468,
160431,-0.0521553,-0.0536893,0.12732,0.12732,2.10039,2.09732,-0.882405,-0.883939,3.11245,3.11245,0.757787,0.75932,-1.29315,-1.29468,
160451,-0.0521553,-0.0536893,0.12732,0.12732,2.10039,2.09732,-0.882405,-0.883939,3.11245,3.11245,0.757787,0.75932,-1.29315,-1.29468,
160471,-0.0521553,-0.0536893,0.12732,0.12732,2.10039,2.09732,-0.882405,-0.883939,3.11245,3.11245,0.757787,0.75932,-1.29315,-1.29468,
160491,-0.0521553,-0.0536893,0.12732,0.12732,2.10039,2.09732,-0.882405,-0.883939,3.11245,3.11245,0.757787,0.75932,-1.29315,-1.29468,
160511,-0.0521553,-0.0521553,0.12732,0.12732,2.10039,2.09732,-0.882405,-0.883939,3.11245,3.11245,0.757787,0.75932,-1.29315,-1.29468,
160531,-0.0521553,-0.0521553,0.12732,0.12732,2.10039,2.09732,-0.882405,-0.883939,3.11245,3.11245,0.757787,0.75932,-1.29315,-1.29468,
160551,-0.0521553,-0.0521553,0.12732,0.12732,2.10039,2.09732,-0.882405,-0.883939,3.11245,3.11245,0.757787,0.75932,-1.29315,-1.29468,
160571,-0.0521553,-0.0521553,0.12732,0.12732,2.10039,2.09732,-0.882405,-0.883939,3.11245,3.11245,0.757787,0.75932,-1.29315,-1.29468,
160591,-0.0521553,-0.0521553,0.12732,0.12732,2.10039,2.09732,-0.882405,-0.883939,3.11245,3.11245,0.757787,0.75932,-1.29315,-1.29468,
160611,-0.0521553,-0.0521553,0.12732,0.12732,2.10039,2.09732,-0.882405,-0.883939,3.11245,3.11245,0.757787,0.75932,-1.29315,-1.29468,
160631,-0.0521553,-0.0521553,0.12732,0.12732,2.10039,2.09732,-0.882405,-0.882405,3.11245,3.11245,0.757787,0.75932,-1.29315,-1.29468,
160651,-0.0521553,-0.0521553,0.12732,0.12732,2.10039,2.09732,-0.882405,-0.882405,3.11245,3.11245,0.757787,0.75932,-1.29315,-1.29468,
160671,-0.0521553,-0.0521553,0.12732,0.12732,2.10039,2.09732,-0.882405,-0.882405,3.11245,3.11245,0.757787,0.75932,-1.29315,-1.29468,
160691,-0.0521553,-0.0521553,0.12732,0.12732,2.10039,2.09732,-0.882405,-0.882405,3.11245,3.11245,0.757787,0.75932,-1.29315,-1.29468,
160711,-0.0521553,-0.0521553,0.12732,0.12732,2.10039,2.09732,-0.882405,-0.882405,3.11245,3.11245,0.757787,0.75932,-1.29315,-1.29468,
160731,-0.0521553,-0.0521553,0.12732,0.12732,2.10039,2.09732,-0.882405,-0.882405,3.11245,3.11245,0.757787,0.75932,-1.29315,-1.29468,
160751,-0.0521553,-0.0521553,0.12732,0.12732,2.10039,2.09732,-0.882405,-0.882405,3.11245,3.11245,0.757787,0.75932,-1.29315,-1.29468,
160771,-0.0521553,-0.0521553,0.12732,0.12732,2.10039,2.09732,-0.882405,-0.882405,3.11245,3.11245,0.757787,0.75932,-1.29315,-1.29468,
160791,-0.0521553,-0.0521553,0.12732,0.12732,2.10039,2.09732,-0.882405,-0.882405,3.11245,3.11245,0.757787,0.75932,-1.29315,-1.29468,
160811,-0.0521553,-0.0521553,0.12732,0.12732,2.10039,2.09732,-0.882405,-0.882405,3.11245,3.11245,0.757787,0.75932,-1.29315,-1.29468,
160831,-0.0521553,-0.0521553,0.12732,0.128854,2.10039,2.09732,-0.882405,-0.883939,3.11245,3.11245,0.757787,0.75932,-1.29315,-1.29468,
160851,-0.0521553,-0.0521553,0.12732,0.128854,2.10039,2.09732,-0.882405,-0.883939,3.11245,3.11245,0.757787,0.75932,-1.29315,-1.29468,
160871,-0.0521553,-0.0521553,0.12732,0.128854,2.10039,2.09732,-0.882405,-0.883939,3.11245,3.11245,0.757787,0.75932,-1.29315,-1.29468,
160891,-0.0521553,-0.0521553,0.12732,0.128854,2.10039,2.09732,-0.882405,-0.883939,3.11245,3.11245,0.757787,0.75932,-1.29315,-1.29468,
160911,-0.0521553,-0.0521553,0.12732,0.12732,2.10039,2.09732,-0.882405,-0.883939,3.11245,3.11245,0.757787,0.75932,-1.29315,-1.29315,
160931,-0.0521553,-0.0521553,0.12732,0.12732,2.10039,2.09732,-0.882405,-0.883939,3.11245,3.11245,0.757787,0.75932,-1.29315,-1.29315,
160951,-0.0521553,-0.0521553,0.12732,0.12732,2.10039,2.09732,-0.882405,-0.883939,3.11245,3.11245,0.757787,0.75932,-1.29315,-1.29315,
160971,-0.0521553,-0.0521553,0.12732,0.12732,2.10039,2.09732,-0.882405,-0.883939,3.11245,3.11245,0.757787,0.75932,-1.29315,-1.29315,
160991,-0.0521553,-0.0521553,0.12732,0.12732,2.10039,2.09732,-0.882405,-0.883939,3.11245,3.11245,0.757787,0.75932,-1.29315,-1.29315,
161011,-0.0521553,-0.0521553,0.12732,0.12732,2.10039,2.09732,-0.882405,-0.883939,3.11245,3.11245,0.757787,0.75932,-1.29315,-1.29315,
161031,-0.0521553,-0.0521553,0.12732,0.12732,2.10039,2.09732,-0.882405,-0.882405,3.11245,3.11245,0.757787,0.75932,-1.29315,-1.29468,
161051,-0.0521553,-0.0521553,0.12732,0.12732,2.10039,2.09732,-0.882405,-0.882405,3.11245,3.11245,0.757787,0.75932,-1.29315,-1.29468,
161071,-0.0521553,-0.0521553,0.12732,0.12732,2.10039,2.09732,-0.882405,-0.882405,3.11245,3.11245,0.757787,0.75932,-1.29315,-1.29468,
161091,-0.0521553,-0.0521553,0.12732,0.12732,2.10039,2.09732,-0.882405,-0.882405,3.11245,3.11245,0.757787,0.75932,-1.29315,-1.29468,
161111,-0.0521553,-0.0521553,0.12732,0.12732,2.10039,2.09732,-0.882405,-0.882405,3.11245,3.11245,0.757787,0.75932,-1.29315,-1.29468,
161131,-0.0521553,-0.0521553,0.12732,0.12732,2.10039,2.09732,-0.882405,-0.883939,3.11245,3.11245,0.757787,0.75932,-1.29315,-1.29468,
161151,-0.0521553,-0.0521553,0.12732,0.12732,2.10039,2.09732,-0.882405,-0.883939,3.11245,3.11245,0.757787,0.75932,-1.29315,-1.29468,
161171,-0.0521553,-0.0521553,0.12732,0.12732,2.10039,2.09732,-0.882405,-0.883939,3.11245,3.11245,0.757787,0.75932,-1.29315,-1.29468,
161191,-0.0521553,-0.0521553,0.12732,0.12732,2.10039,2.09732,-0.882405,-0.883939,3.11245,3.11245,0.757787,0.75932,-1.29315,-1.29468,
161211,-0.0521553,-0.0521553,0.12732,0.12732,2.10039,2.09732,-0.882405,-0.882405,3.11245,3.11245,0.757787,0.75932,-1.29315,-1.29468,
161231,-0.0521553,-0.0521553,0.12732,0.12732,2.10039,2.09732,-0.882405,-0.882405,3.11245,3.11245,0.757787,0.75932,-1.29315,-1.29468,
161251,-0.0521553,-0.0521553,0.12732,0.12732,2.10039,2.09732,-0.882405,-0.882405,3.11245,3.11245,0.757787,0.75932,-1.29315,-1.29468,
161271,-0.0521553,-0.0521553,0.12732,0.12732,2.10039,2.09732,-0.882405,-0.882405,3.11245,3.11245,0.757787,0.75932,-1.29315,-1.29468,
161291,-0.0521553,-0.0521553,0.12732,0.12732,2.10039,2.09732,-0.882405,-0.882405,3.11245,3.11245,0.757787,0.75932,-1.29315,-1.29468,
161311,-0.0521553,-0.0521553,0.12732,0.12732,2.10039,2.09732,-0.882405,-0.883939,3.11245,3.11245,0.757787,0.75932,-1.29315,-1.29468,
161331,-0.0521553,-0.0521553,0.12732,0.12732,2.10039,2.09732,-0.882405,-0.883939,3.11245,3.11245,0.757787,0.75932,-1.29315,-1.29468,
161351,-0.0521553,-0.0521553,0.12732,0.12732,2.10039,2.09732,-0.882405,-0.883939,3.11245,3.11245,0.757787,0.75932,-1.29315,-1.29468,
161371,-0.0521553,-0.0521553,0.12732,0.12732,2.10039,2.09732,-0.882405,-0.883939,3.11245,3.11245,0.757787,0.75932,-1.29315,-1.29468,
161391,-0.0521553,-0.0521553,0.12732,0.12732,2.10039,2.09732,-0.882405,-0.883939,3.11245,3.11245,0.757787,0.75932,-1.29315,-1.29468,
161411,-0.0521553,-0.0521553,0.12732,0.12732,2.10039,2.09732,-0.882405,-0.883939,3.11245,3.11245,0.757787,0.75932,-1.29315,-1.29468,
161431,-0.0521553,-0.0521553,0.12732,0.12732,2.10039,2.09732,-0.882405,-0.882405,3.11245,3.11245,0.757787,0.75932,-1.29315,-1.29468,
161451,-0.0521553,-0.0521553,0.12732,0.12732,2.10039,2.09732,-0.882405,-0.882405,3.11245,3.11245,0.757787,0.75932,-1.29315,-1.29468,
161471,-0.0521553,-0.0521553,0.12732,0.12732,2.10039,2.09732,-0.882405,-0.882405,3.11245,3.11245,0.757787,0.75932,-1.29315,-1.29468,
161491,-0.0521553,-0.0521553,0.12732,0.12732,2.10039,2.09732,-0.882405,-0.882405,3.11245,3.11245,0.757787,0.75932,-1.29315,-1.29468,
161511,-0.0521553,-0.0521553,0.12732,0.12732,2.10039,2.09732,-0.882405,-0.882405,3.11245,3.11245,0.757787,0.75932,-1.29315,-1.29468,
161531,-0.0521553,-0.0521553,0.12732,0.12732,2.10039,2.09732,-0.882405,-0.883939,3.11245,3.11245,0.757787,0.75932,-1.29315,-1.29468,
161551,-0.0521553,-0.0521553,0.12732,0.12732,2.10039,2.09732,-0.882405,-0.883939,3.11245,3.11245,0.757787,0.75932,-1.29315,-1.29468,
161571,-0.0521553,-0.0521553,0.12732,0.12732,2.10039,2.09732,-0.882405,-0.883939,3.11245,3.11245,0.757787,0.75932,-1.29315,-1.29468,
161591,-0.0521553,-0.0521553,0.12732,0.12732,2.10039,2.09732,-0.882405,-0.883939,3.11245,3.11245,0.757787,0.75932,-1.29315,-1.29468,
161611,-0.0521553,-0.0521553,0.12732,0.12732,2.10039,2.09732,-0.882405,-0.883939,3.11245,3.11245,0.757787,0.75932,-1.29315,-1.29468,
161631,-0.0521553,-0.0521553,0.12732,0.12732,2.10039,2.09732,-0.882405,-0.883939,3.11245,3.11245,0.757787,0.75932,-1.29315,-1.29468,
161651,-0.0521553,-0.0521553,0.12732,0.12732,2.10039,2.09732,-0.882405,-0.883939,3.11245,3.11245,0.757787,0.75932,-1.29315,-1.29468,
161671,-0.0521553,-0.0521553,0.12732,0.12732,2.10039,2.09732,-0.882405,-0.883939,3.11245,3.11245,0.757787,0.75932,-1.29315,-1.29468,
161691,-0.0521553,-0.0521553,0.12732,0.12732,2.10039,2.09732,-0.882405,-0.883939,3.11245,3.11245,0.757787,0.75932,-1.29315,-1.29468,
161711,-0.0521553,-0.0521553,0.12732,0.12732,2.10039,2.09732,-0.882405,-0.882405,3.11245,3.11245,0.757787,0.75932,-1.29315,-1.29468,
161731,-0.0521553,-0.0521553,0.12732,0.12732,2.10039,2.09732,-0.882405,-0.882405,3.11245,3.11245,0.757787,0.75932,-1.29315,-1.29468,
161751,-0.0521553,-0.0521553,0.12732,0.12732,2.10039,2.09732,-0.882405,-0.882405,3.11245,3.11245,0.757787,0.75932,-1.29315,-1.29468,
161771,-0.0521553,-0.0521553,0.12732,0.12732,2.10039,2.09732,-0.882405,-0.882405,3.11245,3.11245,0.757787,0.75932,-1.29315,-1.29468,
161791,-0.0521553,-0.0521553,0.12732,0.12732,2.10039,2.09732,-0.882405,-0.882405,3.11245,3.11245,0.757787,0.75932,-1.29315,-1.29468,
161811,-0.0521553,-0.0521553,0.12732,0.12732,2.10039,2.09732,-0.882405,-0.882405,3.11245,3.11245,0.757787,0.75932,-1.29315,-1.29468,
161831,-0.0521553,-0.0521553,0.12732,0.12732,2.10039,2.09732,-0.882405,-0.882405,3.11245,3.11245,0.757787,0.75932,-1.29315,-1.29468,
161851,-0.0521553,-0.0521553,0.12732,0.12732,2.10039,2.09732,-0.882405,-0.882405,3.11245,3.11245,0.757787,0.75932,-1.29315,-1.29468,
161871,-0.0521553,-0.0521553,0.12732,0.12732,2.10039,2.09732,-0.882405,-0.882405,3.11245,3.11245,0.757787,0.75932,-1.29315,-1.29468,
161891,-0.0521553,-0.0521553,0.12732,0.12732,2.10039,2.09732,-0.882405,-0.882405,3.11245,3.11245,0.757787,0.75932,-1.29315,-1.29468,
161911,-0.0521553,-0.0521553,0.12732,0.12732,2.10039,2.09732,-0.882405,-0.882405,3.11245,3.11245,0.757787,0.75932,-1.29315,-1.29468,
161931,-0.0521553,-0.0521553,0.12732,0.12732,2.10039,2.09732,-0.882405,-0.883939,3.11245,3.11245,0.757787,0.75932,-1.29315,-1.29468,
161951,-0.0521553,-0.0521553,0.12732,0.12732,2.10039,2.09732,-0.882405,-0.883939,3.11245,3.11245,0.757787,0.75932,-1.29315,-1.29468,
161971,-0.0521553,-0.0521553,0.12732,0.12732,2.10039,2.09732,-0.882405,-0.883939,3.11245,3.11245,0.757787,0.75932,-1.29315,-1.29468,
161991,-0.0521553,-0.0521553,0.12732,0.12732,2.10039,2.09732,-0.882405,-0.883939,3.11245,3.11245,0.757787,0.75932,-1.29315,-1.29468,
162011,-0.0521553,-0.0521553,0.12732,0.12732,2.10039,2.09732,-0.882405,-0.882405,3.11245,3.11245,0.757787,0.75932,-1.29315,-1.29468,
162031,-0.0521553,-0.0521553,0.12732,0.12732,2.10039,2.09732,-0.882405,-0.882405,3.11245,3.11245,0.757787,0.75932,-1.29315,-1.29468,
162051,-0.0521553,-0.0521553,0.12732,0.12732,2.10039,2.09732,-0.882405,-0.882405,3.11245,3.11245,0.757787,0.75932,-1.29315,-1.29468,
162071,-0.0521553,-0.0521553,0.12732,0.12732,2.10039,2.09732,-0.882405,-0.882405,3.11245,3.11245,0.757787,0.75932,-1.29315,-1.29468,
162091,-0.0521553,-0.0521553,0.12732,0.12732,2.10039,2.09732,-0.882405,-0.882405,3.11245,3.11245,0.757787,0.75932,-1.29315,-1.29468,
162111,-0.0521553,-0.0521553,0.12732,0.12732,2.10039,2.09732,-0.882405,-0.882405,3.11245,3.11245,0.757787,0.75932,-1.29315,-1.29468,
162131,-0.0521553,-0.0521553,0.12732,0.12732,2.10039,2.09732,-0.882405,-0.883939,3.11245,3.11245,0.757787,0.75932,-1.29315,-1.29468,
162151,-0.0521553,-0.0521553,0.12732,0.12732,2.10039,2.09732,-0.882405,-0.883939,3.11245,3.11245,0.757787,0.75932,-1.29315,-1.29468,
162171,-0.0521553,-0.0521553,0.12732,0.12732,2.10039,2.09732,-0.882405,-0.883939,3.11245,3.11245,0.757787,0.75932,-1.29315,-1.29468,
162191,-0.0521553,-0.0521553,0.12732,0.12732,2.10039,2.09732,-0.882405,-0.883939,3.11245,3.11245,0.757787,0.75932,-1.29315,-1.29468,
162211,-0.0521553,-0.0521553,0.12732,0.12732,2.10039,2.09732,-0.882405,-0.883939,3.11245,3.11245,0.757787,0.75932,-1.29315,-1.29468,
162231,-0.0521553,-0.0521553,0.12732,0.12732,2.10039,2.09732,-0.882405,-0.883939,3.11245,3.11245,0.757787,0.75932,-1.29315,-1.29468,
162251,-0.0521553,-0.0521553,0.12732,0.12732,2.10039,2.09732,-0.882405,-0.883939,3.11245,3.11245,0.757787,0.75932,-1.29315,-1.29468,
162271,-0.0521553,-0.0521553,0.12732,0.12732,2.10039,2.09732,-0.882405,-0.883939,3.11245,3.11245,0.757787,0.75932,-1.29315,-1.29468,
162291,-0.0521553,-0.0521553,0.12732,0.12732,2.10039,2.09732,-0.882405,-0.883939,3.11245,3.11245,0.757787,0.75932,-1.29315,-1.29468,
162311,-0.0521553,-0.0521553,0.12732,0.12732,2.10039,2.09732,-0.882405,-0.883939,3.11245,3.11245,0.757787,0.75932,-1.29315,-1.29468,
162331,-0.0521553,-0.0521553,0.12732,0.12732,2.10039,2.09732,-0.882405,-0.883939,3.11245,3.11245,0.757787,0.75932,-1.29315,-1.29468,
162351,-0.0521553,-0.0521553,0.12732,0.12732,2.10039,2.09732,-0.882405,-0.883939,3.11245,3.11245,0.757787,0.75932,-1.29315,-1.29468,
162371,-0.0521553,-0.0521553,0.12732,0.12732,2.10039,2.09732,-0.882405,-0.883939,3.11245,3.11245,0.757787,0.75932,-1.29315,-1.29468,
162391,-0.0521553,-0.0521553,0.12732,0.12732,2.10039,2.09732,-0.882405,-0.883939,3.11245,3.11245,0.757787,0.75932,-1.29315,-1.29468,
162411,-0.0521553,-0.0521553,0.12732,0.12732,2.10039,2.09732,-0.882405,-0.883939,3.11245,3.11245,0.757787,0.75932,-1.29315,-1.29468,
162431,-0.0521553,-0.0521553,0.12732,0.12732,2.10039,2.09732,-0.882405,-0.882405,3.11245,3.11245,0.757787,0.75932,-1.29315,-1.29468,
162451,-0.0521553,-0.0521553,0.12732,0.12732,2.10039,2.09732,-0.882405,-0.882405,3.11245,3.11245,0.757787,0.75932,-1.29315,-1.29468,
162471,-0.0521553,-0.0521553,0.12732,0.12732,2.10039,2.09732,-0.882405,-0.882405,3.11245,3.11245,0.757787,0.75932,-1.29315,-1.29468,
162491,-0.0521553,-0.0521553,0.12732,0.12732,2.10039,2.09732,-0.882405,-0.882405,3.11245,3.11245,0.757787,0.75932,-1.29315,-1.29468,
162511,-0.0521553,-0.0521553,0.12732,0.12732,2.10039,2.09732,-0.882405,-0.882405,3.11245,3.11245,0.757787,0.75932,-1.29315,-1.29468,
162531,-0.0521553,-0.0536893,0.12732,0.12732,2.10039,2.09732,-0.882405,-0.883939,3.11245,3.11245,0.757787,0.75932,-1.29315,-1.29315,
162551,-0.0521553,-0.0536893,0.12732,0.12732,2.10039,2.09732,-0.882405,-0.883939,3.11245,3.11245,0.757787,0.75932,-1.29315,-1.29315,
162571,-0.0521553,-0.0536893,0.12732,0.12732,2.10039,2.09732,-0.882405,-0.883939,3.11245,3.11245,0.757787,0.75932,-1.29315,-1.29315,
162591,-0.0521553,-0.0536893,0.12732,0.12732,2.10039,2.09732,-0.882405,-0.883939,3.11245,3.11245,0.757787,0.75932,-1.29315,-1.29315,
162611,-0.0521553,-0.0536893,0.12732,0.12732,2.10039,2.09732,-0.882405,-0.883939,3.11245,3.11245,0.757787,0.75932,-1.29315,-1.29315,
162631,-0.0521553,-0.0521553,0.12732,0.12732,2.10039,2.09732,-0.882405,-0.882405,3.11245,3.11245,0.757787,0.75932,-1.29315,-1.29468,
162651,-0.0521553,-0.0521553,0.12732,0.12732,2.10039,2.09732,-0.882405,-0.882405,3.11245,3.11245,0.757787,0.75932,-1.29315,-1.29468,
162671,-0.0521553,-0.0521553,0.12732,0.12732,2.10039,2.09732,-0.882405,-0.882405,3.11245,3.11245,0.757787,0.75932,-1.29315,-1.29468,
162691,-0.0521553,-0.0521553,0.12732,0.12732,2.10039,2.09732,-0.882405,-0.882405,3.11245,3.11245,0.757787,0.75932,-1.29315,-1.29468,
162711,-0.0521553,-0.0521553,0.12732,0.12732,2.10039,2.09732,-0.882405,-0.882405,3.11245,3.11245,0.757787,0.75932,-1.29315,-1.29468,
162731,-0.0521553,-0.0521553,0.12732,0.12732,2.10039,2.09732,-0.882405,-0.882405,3.11245,3.11245,0.757787,0.75932,-1.29315,-1.29468,
162751,-0.0521553,-0.0521553,0.12732,0.12732,2.10039,2.09732,-0.882405,-0.882405,3.11245,3.11245,0.757787,0.75932,-1.29315,-1.29468,
162771,-0.0521553,-0.0521553,0.12732,0.12732,2.10039,2.09732,-0.882405,-0.882405,3.11245,3.11245,0.757787,0.75932,-1.29315,-1.29468,
162791,-0.0521553,-0.0521553,0.12732,0.12732,2.10039,2.09732,-0.882405,-0.882405,3.11245,3.11245,0.757787,0.75932,-1.29315,-1.29468,
162811,-0.0521553,-0.0521553,0.12732,0.12732,2.10039,2.09732,-0.882405,-0.883939,3.11245,3.11245,0.757787,0.75932,-1.29315,-1.29468,
162831,-0.0521553,-0.0521553,0.12732,0.12732,2.10039,2.09732,-0.882405,-0.883939,3.11245,3.11245,0.757787,0.75932,-1.29315,-1.29468,
162851,-0.0521553,-0.0521553,0.12732,0.12732,2.10039,2.09732,-0.882405,-0.883939,3.11245,3.11245,0.757787,0.75932,-1.29315,-1.29468,
162871,-0.0521553,-0.0521553,0.12732,0.12732,2.10039,2.09732,-0.882405,-0.883939,3.11245,3.11245,0.757787,0.75932,-1.29315,-1.29468,
162891,-0.0521553,-0.0521553,0.12732,0.12732,2.10039,2.09732,-0.882405,-0.883939,3.11245,3.11245,0.757787,0.75932,-1.29315,-1.29468,
162911,-0.0521553,-0.0521553,0.12732,0.12732,2.10039,2.09732,-0.882405,-0.882405,3.11245,3.11245,0.757787,0.75932,-1.29315,-1.29468,
162931,-0.0521553,-0.0521553,0.12732,0.12732,2.10039,2.09732,-0.882405,-0.882405,3.11245,3.11245,0.757787,0.75932,-1.29315,-1.29468,
162951,-0.0521553,-0.0521553,0.12732,0.12732,2.10039,2.09732,-0.882405,-0.882405,3.11245,3.11245,0.757787,0.75932,-1.29315,-1.29468,
162971,-0.0521553,-0.0521553,0.12732,0.12732,2.10039,2.09732,-0.882405,-0.882405,3.11245,3.11245,0.757787,0.75932,-1.29315,-1.29468,
162991,-0.0521553,-0.0521553,0.12732,0.12732,2.10039,2.09732,-0.882405,-0.882405,3.11245,3.11245,0.757787,0.75932,-1.29315,-1.29468,
163011,-0.0521553,-0.0521553,0.12732,0.12732,2.10039,2.09732,-0.882405,-0.882405,3.11245,3.11245,0.757787,0.75932,-1.29315,-1.29468,
163031,-0.0521553,-0.0521553,0.12732,0.128854,2.10039,2.09732,-0.882405,-0.882405,3.11245,3.11245,0.757787,0.75932,-1.29315,-1.29468,
163051,-0.0521553,-0.0521553,0.12732,0.128854,2.10039,2.09732,-0.882405,-0.882405,3.11245,3.11245,0.757787,0.75932,-1.29315,-1.29468,
163071,-0.0521553,-0.0521553,0.12732,0.128854,2.10039,2.09732,-0.882405,-0.882405,3.11245,3.11245,0.757787,0.75932,-1.29315,-1.29468,
163091,-0.0521553,-0.0521553,0.12732,0.128854,2.10039,2.09732,-0.882405,-0.882405,3.11245,3.11245,0.757787,0.75932,-1.29315,-1.29468,
163111,-0.0521553,-0.0521553,0.12732,0.128854,2.10039,2.09732,-0.882405,-0.882405,3.11245,3.11245,0.757787,0.75932,-1.29315,-1.29468,
163131,-0.0521553,-0.0521553,0.12732,0.12732,2.10039,2.09732,-0.882405,-0.882405,3.11245,3.11245,0.757787,0.75932,-1.29315,-1.29468,
163151,-0.0521553,-0.0521553,0.12732,0.12732,2.10039,2.09732,-0.882405,-0.882405,3.11245,3.11245,0.757787,0.75932,-1.29315,-1.29468,
163171,-0.0521553,-0.0521553,0.12732,0.12732,2.10039,2.09732,-0.882405,-0.882405,3.11245,3.11245,0.757787,0.75932,-1.29315,-1.29468,
163191,-0.0521553,-0.0521553,0.12732,0.12732,2.10039,2.09732,-0.882405,-0.882405,3.11245,3.11245,0.757787,0.75932,-1.29315,-1.29468,
163211,-0.0521553,-0.0521553,0.12732,0.12732,2.10039,2.09732,-0.882405,-0.882405,3.11245,3.11245,0.757787,0.75932,-1.29315,-1.29468,
163231,-0.0521553,-0.0521553,0.12732,0.12732,2.10039,2.09732,-0.882405,-0.882405,3.11245,3.11245,0.757787,0.75932,-1.29315,-1.29468,
163251,-0.0521553,-0.0521553,0.12732,0.12732,2.10039,2.09732,-0.882405,-0.882405,3.11245,3.11245,0.757787,0.75932,-1.29315,-1.29468,
163271,-0.0521553,-0.0521553,0.12732,0.12732,2.10039,2.09732,-0.882405,-0.882405,3.11245,3.11245,0.757787,0.75932,-1.29315,-1.29468,
163291,-0.0521553,-0.0521553,0.12732,0.12732,2.10039,2.09732,-0.882405,-0.882405,3.11245,3.11245,0.757787,0.75932,-1.29315,-1.29468,
163311,-0.0521553,-0.0521553,0.12732,0.12732,2.10039,2.09732,-0.882405,-0.882405,3.11245,3.11245,0.757787,0.75932,-1.29315,-1.29468,
163331,-0.0521553,-0.0521553,0.12732,0.12732,2.10039,2.09732,-0.882405,-0.882405,3.11245,3.11245,0.757787,0.75932,-1.29315,-1.29468,
163351,-0.0521553,-0.0521553,0.12732,0.12732,2.10039,2.09732,-0.882405,-0.883939,3.11245,3.11245,0.757787,0.75932,-1.29315,-1.29468,
163371,-0.0521553,-0.0521553,0.12732,0.12732,2.10039,2.09732,-0.882405,-0.883939,3.11245,3.11245,0.757787,0.75932,-1.29315,-1.29468,
163391,-0.0521553,-0.0521553,0.12732,0.12732,2.10039,2.09732,-0.882405,-0.883939,3.11245,3.11245,0.757787,0.75932,-1.29315,-1.29468,
163411,-0.0521553,-0.0521553,0.12732,0.12732,2.10039,2.09732,-0.882405,-0.883939,3.11245,3.11245,0.757787,0.75932,-1.29315,-1.29468,
163431,-0.0521553,-0.0521553,0.12732,0.12732,2.10039,2.09732,-0.882405,-0.883939,3.11245,3.11245,0.757787,0.75932,-1.29315,-1.29468,
163451,-0.0521553,-0.0521553,0.12732,0.12732,2.10039,2.09732,-0.882405,-0.883939,3.11245,3.11245,0.757787,0.75932,-1.29315,-1.29468,
163471,-0.0521553,-0.0521553,0.12732,0.12732,2.10039,2.09732,-0.882405,-0.883939,3.11245,3.11245,0.757787,0.75932,-1.29315,-1.29468,
163491,-0.0521553,-0.0521553,0.12732,0.12732,2.10039,2.09732,-0.882405,-0.883939,3.11245,3.11245,0.757787,0.75932,-1.29315,-1.29468,
163511,-0.0521553,-0.0521553,0.12732,0.12732,2.10039,2.09732,-0.882405,-0.883939,3.11245,3.11245,0.757787,0.75932,-1.29315,-1.29468,
163531,-0.0521553,-0.0521553,0.12732,0.12732,2.10039,2.09732,-0.882405,-0.882405,3.11245,3.11245,0.757787,0.75932,-1.29315,-1.29315,
163551,-0.0521553,-0.0521553,0.12732,0.12732,2.10039,2.09732,-0.882405,-0.882405,3.11245,3.11245,0.757787,0.75932,-1.29315,-1.29315,
163571,-0.0521553,-0.0521553,0.12732,0.12732,2.10039,2.09732,-0.882405,-0.882405,3.11245,3.11245,0.757787,0.75932,-1.29315,-1.29315,
163591,-0.0521553,-0.0521553,0.12732,0.12732,2.10039,2.09732,-0.882405,-0.882405,3.11245,3.11245,0.757787,0.75932,-1.29315,-1.29315,
163611,-0.0521553,-0.0521553,0.12732,0.12732,2.10039,2.09732,-0.882405,-0.882405,3.11245,3.11245,0.757787,0.75932,-1.29315,-1.29468,
163631,-0.0521553,-0.0521553,0.12732,0.12732,2.10039,2.09732,-0.882405,-0.882405,3.11245,3.11245,0.757787,0.75932,-1.29315,-1.29468,
163651,-0.0521553,-0.0521553,0.12732,0.12732,2.10039,2.09732,-0.882405,-0.882405,3.11245,3.11245,0.757787,0.75932,-1.29315,-1.29468,
163671,-0.0521553,-0.0521553,0.12732,0.12732,2.10039,2.09732,-0.882405,-0.882405,3.11245,3.11245,0.757787,0.75932,-1.29315,-1.29468,
163691,-0.0521553,-0.0521553,0.12732,0.12732,2.10039,2.09732,-0.882405,-0.882405,3.11245,3.11245,0.757787,0.75932,-1.29315,-1.29468,
163711,-0.0521553,-0.0536893,0.12732,0.12732,2.10039,2.09732,-0.882405,-0.882405,3.11245,3.11245,0.757787,0.75932,-1.29315,-1.29468,
163731,-0.0521553,-0.0536893,0.12732,0.12732,2.10039,2.09732,-0.882405,-0.882405,3.11245,3.11245,0.757787,0.75932,-1.29315,-1.29468,
163751,-0.0521553,-0.0536893,0.12732,0.12732,2.10039,2.09732,-0.882405,-0.882405,3.11245,3.11245,0.757787,0.75932,-1.29315,-1.29468,
163771,-0.0521553,-0.0536893,0.12732,0.12732,2.10039,2.09732,-0.882405,-0.882405,3.11245,3.11245,0.757787,0.75932,-1.29315,-1.29468,
163791,-0.0521553,-0.0536893,0.12732,0.12732,2.10039,2.09732,-0.882405,-0.882405,3.11245,3.11245,0.757787,0.75932,-1.29315,-1.29468,
163811,-0.0521553,-0.0536893,0.12732,0.12732,2.10039,2.09732,-0.882405,-0.882405,3.11245,3.11245,0.757787,0.75932,-1.29315,-1.29468,
163831,-0.0521553,-0.0521553,0.12732,0.12732,2.10039,2.09732,-0.882405,-0.882405,3.11245,3.11245,0.757787,0.75932,-1.29315,-1.29468,
163851,-0.0521553,-0.0521553,0.12732,0.12732,2.10039,2.09732,-0.882405,-0.882405,3.11245,3.11245,0.757787,0.75932,-1.29315,-1.29468,
163871,-0.0521553,-0.0521553,0.12732,0.12732,2.10039,2.09732,-0.882405,-0.882405,3.11245,3.11245,0.757787,0.75932,-1.29315,-1.29468,
163891,-0.0521553,-0.0521553,0.12732,0.12732,2.10039,2.09732,-0.882405,-0.882405,3.11245,3.11245,0.757787,0.75932,-1.29315,-1.29468,
163911,-0.0521553,-0.0521553,0.12732,0.12732,2.10039,2.09732,-0.882405,-0.882405,3.11245,3.11245,0.757787,0.75932,-1.29315,-1.29468,
163931,-0.0521553,-0.0521553,0.12732,0.12732,2.10039,2.09732,-0.882405,-0.882405,3.11245,3.11245,0.757787,0.75932,-1.29315,-1.29468,
163953,-0.0521553,-0.0521553,0.12732,0.12732,2.10039,2.09732,-0.882405,-0.882405,3.11245,3.11245,0.757787,0.75932,-1.29315,-1.29468,
163971,-0.0521553,-0.0521553,0.12732,0.12732,2.10039,2.09732,-0.882405,-0.882405,3.11245,3.11245,0.757787,0.75932,-1.29315,-1.29468,
163991,-0.0521553,-0.0521553,0.12732,0.12732,2.10039,2.09732,-0.882405,-0.882405,3.11245,3.11245,0.757787,0.75932,-1.29315,-1.29468,
164011,-0.0521553,-0.0521553,0.12732,0.12732,2.10039,2.09732,-0.882405,-0.882405,3.11245,3.11245,0.757787,0.75932,-1.29315,-1.29468,
164031,-0.0521553,-0.0521553,0.12732,0.12732,2.10039,2.09732,-0.882405,-0.882405,3.11245,3.11245,0.757787,0.75932,-1.29315,-1.29468,
164051,-0.0521553,-0.0521553,0.12732,0.12732,2.10039,2.09732,-0.882405,-0.882405,3.11245,3.11245,0.757787,0.75932,-1.29315,-1.29468,
164071,-0.0521553,-0.0521553,0.12732,0.12732,2.10039,2.09732,-0.882405,-0.882405,3.11245,3.11245,0.757787,0.75932,-1.29315,-1.29468,
164091,-0.0521553,-0.0521553,0.12732,0.12732,2.10039,2.09732,-0.882405,-0.882405,3.11245,3.11245,0.757787,0.75932,-1.29315,-1.29468,
164111,-0.0521553,-0.0521553,0.12732,0.12732,2.10039,2.09732,-0.882405,-0.882405,3.11245,3.11245,0.757787,0.75932,-1.29315,-1.29468,
164131,-0.0521553,-0.0521553,0.12732,0.12732,2.10039,2.09732,-0.882405,-0.882405,3.11245,3.11245,0.757787,0.75932,-1.29315,-1.29468,
164151,-0.0521553,-0.0521553,0.12732,0.12732,2.10039,2.09732,-0.882405,-0.882405,3.11245,3.11245,0.757787,0.75932,-1.29315,-1.29468,
164171,-0.0521553,-0.0521553,0.12732,0.12732,2.10039,2.09732,-0.882405,-0.882405,3.11245,3.11245,0.757787,0.75932,-1.29315,-1.29468,
164191,-0.0521553,-0.0521553,0.12732,0.12732,2.10039,2.09732,-0.882405,-0.882405,3.11245,3.11245,0.757787,0.75932,-1.29315,-1.29468,
164211,-0.0521553,-0.0521553,0.12732,0.12732,2.10039,2.09732,-0.882405,-0.882405,3.11245,3.11245,0.757787,0.75932,-1.29315,-1.29468,
164231,-0.0521553,-0.0521553,0.12732,0.12732,2.10039,2.09732,-0.882405,-0.882405,3.11245,3.11245,0.757787,0.75932,-1.29315,-1.29468,
164251,-0.0521553,-0.0521553,0.12732,0.12732,2.10039,2.09732,-0.882405,-0.882405,3.11245,3.11245,0.757787,0.75932,-1.29315,-1.29468,
164271,-0.0521553,-0.0521553,0.12732,0.12732,2.10039,2.09732,-0.882405,-0.882405,3.11245,3.11245,0.757787,0.75932,-1.29315,-1.29468,
164291,-0.0521553,-0.0521553,0.12732,0.12732,2.10039,2.09732,-0.882405,-0.882405,3.11245,3.11245,0.757787,0.75932,-1.29315,-1.29468,
164311,-0.0521553,-0.0521553,0.12732,0.12732,2.10039,2.09732,-0.882405,-0.882405,3.11245,3.11245,0.757787,0.75932,-1.29315,-1.29468,
164331,-0.0521553,-0.0521553,0.12732,0.12732,2.10039,2.09732,-0.882405,-0.882405,3.11245,3.11245,0.757787,0.75932,-1.29315,-1.29468,
164351,-0.0521553,-0.0521553,0.12732,0.12732,2.10039,2.09732,-0.882405,-0.882405,3.11245,3.11245,0.757787,0.75932,-1.29315,-1.29468,
164371,-0.0521553,-0.0521553,0.12732,0.12732,2.10039,2.09732,-0.882405,-0.882405,3.11245,3.11245,0.757787,0.75932,-1.29315,-1.29468,
164391,-0.0521553,-0.0521553,0.12732,0.12732,2.10039,2.09732,-0.882405,-0.882405,3.11245,3.11245,0.757787,0.75932,-1.29315,-1.29468,
164411,-0.0521553,-0.0521553,0.12732,0.12732,2.10039,2.09732,-0.882405,-0.882405,3.11245,3.11245,0.757787,0.75932,-1.29315,-1.29468,
164431,-0.0521553,-0.0521553,0.12732,0.12732,2.10039,2.09732,-0.882405,-0.882405,3.11245,3.11245,0.757787,0.75932,-1.29315,-1.29468,
164451,-0.0521553,-0.0521553,0.12732,0.12732,2.10039,2.09732,-0.882405,-0.882405,3.11245,3.11245,0.757787,0.75932,-1.29315,-1.29468,
164471,-0.0521553,-0.0521553,0.12732,0.12732,2.10039,2.09732,-0.882405,-0.882405,3.11245,3.11245,0.757787,0.75932,-1.29315,-1.29468,
164491,-0.0521553,-0.0521553,0.12732,0.12732,2.10039,2.09732,-0.882405,-0.882405,3.11245,3.11245,0.757787,0.75932,-1.29315,-1.29468,
164511,-0.0521553,-0.0521553,0.12732,0.12732,2.10039,2.09732,-0.882405,-0.882405,3.11245,3.11245,0.757787,0.75932,-1.29315,-1.29468,
164531,-0.0521553,-0.0521553,0.12732,0.12732,2.10039,2.09732,-0.882405,-0.882405,3.11245,3.11245,0.757787,0.75932,-1.29315,-1.29468,
164551,-0.0521553,-0.0521553,0.12732,0.12732,2.10039,2.09732,-0.882405,-0.882405,3.11245,3.11245,0.757787,0.75932,-1.29315,-1.29468,
164571,-0.0521553,-0.0521553,0.12732,0.12732,2.10039,2.09732,-0.882405,-0.882405,3.11245,3.11245,0.757787,0.75932,-1.29315,-1.29468,
164591,-0.0521553,-0.0521553,0.12732,0.12732,2.10039,2.09732,-0.882405,-0.882405,3.11245,3.11245,0.757787,0.75932,-1.29315,-1.29468,
164611,-0.0521553,-0.0521553,0.12732,0.12732,2.10039,2.09732,-0.882405,-0.882405,3.11245,3.11245,0.757787,0.75932,-1.29315,-1.29468,
164631,-0.0521553,-0.0521553,0.12732,0.12732,2.10039,2.09732,-0.882405,-0.882405,3.11245,3.11245,0.757787,0.75932,-1.29315,-1.29468,
164651,-0.0521553,-0.0521553,0.12732,0.12732,2.10039,2.09732,-0.882405,-0.882405,3.11245,3.11245,0.757787,0.75932,-1.29315,-1.29468,
164671,-0.0521553,-0.0521553,0.12732,0.12732,2.10039,2.09732,-0.882405,-0.882405,3.11245,3.11245,0.757787,0.75932,-1.29315,-1.29468,
164691,-0.0521553,-0.0521553,0.12732,0.12732,2.10039,2.09732,-0.882405,-0.882405,3.11245,3.11245,0.757787,0.75932,-1.29315,-1.29468,
164711,-0.0521553,-0.0521553,0.12732,0.12732,2.10039,2.09732,-0.882405,-0.882405,3.11245,3.11245,0.757787,0.75932,-1.29315,-1.29468,
164731,-0.0521553,-0.0521553,0.12732,0.12732,2.10039,2.09732,-0.882405,-0.882405,3.11245,3.11245,0.757787,0.75932,-1.29315,-1.29468,
164751,-0.0521553,-0.0521553,0.12732,0.12732,2.10039,2.09732,-0.882405,-0.882405,3.11245,3.11245,0.757787,0.75932,-1.29315,-1.29468,
164771,-0.0521553,-0.0521553,0.12732,0.12732,2.10039,2.09732,-0.882405,-0.882405,3.11245,3.11245,0.757787,0.75932,-1.29315,-1.29468,
164791,-0.0521553,-0.0521553,0.12732,0.12732,2.10039,2.09732,-0.882405,-0.882405,3.11245,3.11245,0.757787,0.75932,-1.29315,-1.29468,
164811,-0.0521553,-0.0521553,0.12732,0.12732,2.10039,2.09732,-0.882405,-0.882405,3.11245,3.11245,0.757787,0.75932,-1.29315,-1.29468,
164831,-0.0521553,-0.0521553,0.12732,0.12732,2.10039,2.09732,-0.882405,-0.882405,3.11245,3.11245,0.757787,0.75932,-1.29315,-1.29468,
164851,-0.0521553,-0.0521553,0.12732,0.12732,2.10039,2.09732,-0.882405,-0.882405,3.11245,3.11245,0.757787,0.75932,-1.29315,-1.29468,
164871,-0.0521553,-0.0521553,0.12732,0.12732,2.10039,2.09732,-0.882405,-0.882405,3.11245,3.11245,0.757787,0.75932,-1.29315,-1.29468,
164891,-0.0521553,-0.0521553,0.12732,0.12732,2.10039,2.09732,-0.882405,-0.882405,3.11245,3.11245,0.757787,0.75932,-1.29315,-1.29468,
164911,-0.0521553,-0.0521553,0.12732,0.12732,2.10039,2.09732,-0.882405,-0.882405,3.11245,3.11245,0.757787,0.75932,-1.29315,-1.29468,
164931,-0.0521553,-0.0521553,0.12732,0.12732,2.10039,2.09732,-0.882405,-0.882405,3.11245,3.11245,0.757787,0.75932,-1.29315,-1.29468,
164951,-0.0521553,-0.0521553,0.12732,0.12732,2.10039,2.09732,-0.882405,-0.882405,3.11245,3.11245,0.757787,0.75932,-1.29315,-1.29468,
164971,-0.0521553,-0.0521553,0.12732,0.12732,2.10039,2.09732,-0.882405,-0.882405,3.11245,3.11245,0.757787,0.75932,-1.29315,-1.29468,
164991,-0.0521553,-0.0521553,0.12732,0.12732,2.10039,2.09732,-0.882405,-0.882405,3.11245,3.11245,0.757787,0.75932,-1.29315,-1.29468,
165011,-0.0521553,-0.0521553,0.12732,0.12732,2.10039,2.09732,-0.882405,-0.882405,3.11245,3.11245,0.757787,0.75932,-1.29315,-1.29468,
165031,-0.0521553,-0.0521553,0.12732,0.12732,2.10039,2.09732,-0.882405,-0.882405,3.11245,3.11245,0.757787,0.75932,-1.29315,-1.29468,
165051,-0.0521553,-0.0521553,0.12732,0.12732,2.10039,2.09732,-0.882405,-0.882405,3.11245,3.11245,0.757787,0.75932,-1.29315,-1.29468,
165071,-0.0521553,-0.0521553,0.12732,0.12732,2.10039,2.09732,-0.882405,-0.882405,3.11245,3.11245,0.757787,0.75932,-1.29315,-1.29468,
165091,-0.0521553,-0.0521553,0.12732,0.12732,2.10039,2.09732,-0.882405,-0.882405,3.11245,3.11245,0.757787,0.75932,-1.29315,-1.29468,
165111,-0.0521553,-0.0521553,0.12732,0.12732,2.10039,2.09732,-0.882405,-0.882405,3.11245,3.11245,0.757787,0.75932,-1.29315,-1.29468,
165131,-0.0521553,-0.0521553,0.12732,0.12732,2.10039,2.09732,-0.882405,-0.882405,3.11245,3.11245,0.757787,0.75932,-1.29315,-1.29468,
165151,-0.0521553,-0.0521553,0.12732,0.12732,2.10039,2.09732,-0.882405,-0.882405,3.11245,3.11245,0.757787,0.75932,-1.29315,-1.29468,
165171,-0.0521553,-0.0521553,0.12732,0.12732,2.10039,2.09732,-0.882405,-0.882405,3.11245,3.11245,0.757787,0.75932,-1.29315,-1.29468,
165191,-0.0521553,-0.0521553,0.12732,0.12732,2.10039,2.09732,-0.882405,-0.882405,3.11245,3.11245,0.757787,0.75932,-1.29315,-1.29468,
165211,-0.0521553,-0.0521553,0.12732,0.12732,2.10039,2.09732,-0.882405,-0.882405,3.11245,3.11245,0.757787,0.75932,-1.29315,-1.29468,
165231,-0.0521553,-0.0521553,0.12732,0.12732,2.10039,2.09732,-0.882405,-0.882405,3.11245,3.11245,0.757787,0.75932,-1.29315,-1.29468,
165251,-0.0521553,-0.0521553,0.12732,0.12732,2.10039,2.09732,-0.882405,-0.882405,3.11245,3.11245,0.757787,0.75932,-1.29315,-1.29468,
165271,-0.0521553,-0.0521553,0.12732,0.12732,2.10039,2.09732,-0.882405,-0.882405,3.11245,3.11245,0.757787,0.75932,-1.29315,-1.29468,
165291,-0.0521553,-0.0521553,0.12732,0.12732,2.10039,2.09732,-0.882405,-0.882405,3.11245,3.11245,0.757787,0.75932,-1.29315,-1.29468,
165311,-0.0521553,-0.0521553,0.12732,0.12732,2.10039,2.09732,-0.882405,-0.882405,3.11245,3.11245,0.757787,0.75932,-1.29315,-1.29468,
165331,-0.0521553,-0.0521553,0.12732,0.12732,2.10039,2.09732,-0.882405,-0.882405,3.11245,3.11245,0.757787,0.75932,-1.29315,-1.29468,
165351,-0.0521553,-0.0521553,0.12732,0.12732,2.10039,2.09732,-0.882405,-0.882405,3.11245,3.11245,0.757787,0.75932,-1.29315,-1.29468,
165371,-0.0521553,-0.0521553,0.12732,0.12732,2.10039,2.09732,-0.882405,-0.882405,3.11245,3.11245,0.757787,0.75932,-1.29315,-1.29468,
165391,-0.0521553,-0.0521553,0.12732,0.12732,2.10039,2.09732,-0.882405,-0.882405,3.11245,3.11245,0.757787,0.75932,-1.29315,-1.29468,
165411,-0.0521553,-0.0521553,0.12732,0.12732,2.10039,2.09732,-0.882405,-0.882405,3.11245,3.11245,0.757787,0.75932,-1.29315,-1.29468,
165431,-0.0521553,-0.0521553,0.12732,0.12732,2.10039,2.09732,-0.882405,-0.882405,3.11245,3.11245,0.757787,0.75932,-1.29315,-1.29468,
165451,-0.0521553,-0.0521553,0.12732,0.12732,2.10039,2.09732,-0.882405,-0.882405,3.11245,3.11245,0.757787,0.75932,-1.29315,-1.29468,
165471,-0.0521553,-0.0521553,0.12732,0.12732,2.10039,2.09732,-0.882405,-0.882405,3.11245,3.11245,0.757787,0.75932,-1.29315,-1.29468,
165491,-0.0521553,-0.0521553,0.12732,0.12732,2.10039,2.09732,-0.882405,-0.882405,3.11245,3.11245,0.757787,0.75932,-1.29315,-1.29468,
165511,-0.0521553,-0.0521553,0.12732,0.12732,2.10039,2.09732,-0.882405,-0.882405,3.11245,3.11245,0.757787,0.75932,-1.29315,-1.29468,
165531,-0.0521553,-0.0521553,0.12732,0.12732,2.10039,2.09732,-0.882405,-0.882405,3.11245,3.11245,0.757787,0.75932,-1.29315,-1.29468,
165551,-0.0521553,-0.0521553,0.12732,0.12732,2.10039,2.09732,-0.882405,-0.882405,3.11245,3.11245,0.757787,0.75932,-1.29315,-1.29468,
165571,-0.0521553,-0.0521553,0.12732,0.12732,2.10039,2.09732,-0.882405,-0.882405,3.11245,3.11245,0.757787,0.75932,-1.29315,-1.29468,
165591,-0.0521553,-0.0521553,0.12732,0.12732,2.10039,2.09732,-0.882405,-0.882405,3.11245,3.11245,0.757787,0.75932,-1.29315,-1.29468,
165611,-0.0521553,-0.0521553,0.12732,0.12732,2.10039,2.09732,-0.882405,-0.882405,3.11245,3.11245,0.757787,0.75932,-1.29315,-1.29468,
165631,-0.0521553,-0.0521553,0.12732,0.12732,2.10039,2.09732,-0.882405,-0.882405,3.11245,3.11245,0.757787,0.75932,-1.29315,-1.29468,
165651,-0.0521553,-0.0521553,0.12732,0.12732,2.10039,2.09732,-0.882405,-0.882405,3.11245,3.11245,0.757787,0.75932,-1.29315,-1.29468,
165671,-0.0521553,-0.0521553,0.12732,0.12732,2.10039,2.09732,-0.882405,-0.882405,3.11245,3.11245,0.757787,0.75932,-1.29315,-1.29468,
165691,-0.0521553,-0.0521553,0.12732,0.12732,2.10039,2.09732,-0.882405,-0.882405,3.11245,3.11245,0.757787,0.75932,-1.29315,-1.29468,
165711,-0.0521553,-0.0521553,0.12732,0.12732,2.10039,2.09732,-0.882405,-0.882405,3.11245,3.11245,0.757787,0.75932,-1.29315,-1.29468,
165731,-0.0521553,-0.0521553,0.12732,0.12732,2.10039,2.09732,-0.882405,-0.882405,3.11245,3.11245,0.757787,0.75932,-1.29315,-1.29468,
165751,-0.0521553,-0.0521553,0.12732,0.12732,2.10039,2.09732,-0.882405,-0.882405,3.11245,3.11245,0.757787,0.75932,-1.29315,-1.29468,
165771,-0.0521553,-0.0521553,0.12732,0.12732,2.10039,2.09732,-0.882405,-0.882405,3.11245,3.11245,0.757787,0.75932,-1.29315,-1.29468,
165791,-0.0521553,-0.0521553,0.12732,0.12732,2.10039,2.09732,-0.882405,-0.882405,3.11245,3.11245,0.757787,0.75932,-1.29315,-1.29468,
165811,-0.0521553,-0.0521553,0.12732,0.12732,2.10039,2.09732,-0.882405,-0.882405,3.11245,3.11245,0.757787,0.75932,-1.29315,-1.29468,
165831,-0.0521553,-0.0521553,0.12732,0.12732,2.10039,2.09732,-0.882405,-0.882405,3.11245,3.11245,0.757787,0.75932,-1.29315,-1.29468,
165851,-0.0521553,-0.0521553,0.12732,0.12732,2.10039,2.09732,-0.882405,-0.882405,3.11245,3.11245,0.757787,0.75932,-1.29315,-1.29468,
165871,-0.0521553,-0.0521553,0.12732,0.12732,2.10039,2.09732,-0.882405,-0.882405,3.11245,3.11245,0.757787,0.75932,-1.29315,-1.29468,
165891,-0.0521553,-0.0521553,0.12732,0.12732,2.10039,2.09732,-0.882405,-0.882405,3.11245,3.11245,0.757787,0.75932,-1.29315,-1.29468,
165911,-0.0521553,-0.0521553,0.12732,0.12732,2.10039,2.09732,-0.882405,-0.882405,3.11245,3.11245,0.757787,0.75932,-1.29315,-1.29468,
165931,-0.0521553,-0.0521553,0.12732,0.12732,2.10039,2.09732,-0.882405,-0.882405,3.11245,3.11245,0.757787,0.75932,-1.29315,-1.29468,
165951,-0.0521553,-0.0521553,0.12732,0.12732,2.10039,2.09732,-0.882405,-0.882405,3.11245,3.11245,0.757787,0.75932,-1.29315,-1.29468,
165971,-0.0521553,-0.0521553,0.12732,0.12732,2.10039,2.09732,-0.882405,-0.882405,3.11245,3.11245,0.757787,0.75932,-1.29315,-1.29468,
165991,-0.0521553,-0.0521553,0.12732,0.12732,2.10039,2.09732,-0.882405,-0.882405,3.11245,3.11245,0.757787,0.75932,-1.29315,-1.29468,
166011,-0.0521553,-0.0521553,0.12732,0.12732,2.10039,2.09732,-0.882405,-0.882405,3.11245,3.11245,0.757787,0.75932,-1.29315,-1.29468,
166031,-0.0521553,-0.0521553,0.12732,0.12732,2.10039,2.09732,-0.882405,-0.882405,3.11245,3.11245,0.757787,0.75932,-1.29315,-1.29468,
166051,-0.0521553,-0.0521553,0.12732,0.12732,2.10039,2.09732,-0.882405,-0.882405,3.11245,3.11245,0.757787,0.75932,-1.29315,-1.29468,
166071,-0.0521553,-0.0521553,0.12732,0.12732,2.10039,2.09732,-0.882405,-0.882405,3.11245,3.11245,0.757787,0.75932,-1.29315,-1.29468,
166091,-0.0521553,-0.0521553,0.12732,0.12732,2.10039,2.09732,-0.882405,-0.882405,3.11245,3.11245,0.757787,0.75932,-1.29315,-1.29468,
166111,-0.0521553,-0.0521553,0.12732,0.12732,2.10039,2.09732,-0.882405,-0.882405,3.11245,3.11245,0.757787,0.75932,-1.29315,-1.29468,
166131,-0.0521553,-0.0521553,0.12732,0.12732,2.10039,2.09732,-0.882405,-0.882405,3.11245,3.11245,0.757787,0.75932,-1.29315,-1.29468,
166151,-0.0521553,-0.0521553,0.12732,0.12732,2.10039,2.09732,-0.882405,-0.882405,3.11245,3.11245,0.757787,0.75932,-1.29315,-1.29468,
166171,-0.0521553,-0.0521553,0.12732,0.12732,2.10039,2.09732,-0.882405,-0.882405,3.11245,3.11245,0.757787,0.75932,-1.29315,-1.29468,
166191,-0.0521553,-0.0521553,0.12732,0.12732,2.10039,2.09732,-0.882405,-0.882405,3.11245,3.11245,0.757787,0.75932,-1.29315,-1.29468,
166211,-0.0521553,-0.0521553,0.12732,0.12732,2.10039,2.09732,-0.882405,-0.882405,3.11245,3.11245,0.757787,0.75932,-1.29315,-1.29468,
166231,-0.0521553,-0.0521553,0.12732,0.12732,2.10039,2.09732,-0.882405,-0.882405,3.11245,3.11245,0.757787,0.75932,-1.29315,-1.29468,
166251,-0.0521553,-0.0521553,0.12732,0.12732,2.10039,2.09732,-0.882405,-0.882405,3.11245,3.11245,0.757787,0.75932,-1.29315,-1.29468,
166271,-0.0521553,-0.0521553,0.12732,0.12732,2.10039,2.09732,-0.882405,-0.882405,3.11245,3.11245,0.757787,0.75932,-1.29315,-1.29468,
166291,-0.0521553,-0.0521553,0.12732,0.12732,2.10039,2.09732,-0.882405,-0.882405,3.11245,3.11245,0.757787,0.75932,-1.29315,-1.29468,
166311,-0.0521553,-0.0521553,0.12732,0.12732,2.10039,2.09732,-0.882405,-0.882405,3.11245,3.11245,0.757787,0.75932,-1.29315,-1.29468,
166331,-0.0521553,-0.0521553,0.12732,0.12732,2.10039,2.09732,-0.882405,-0.882405,3.11245,3.11245,0.757787,0.75932,-1.29315,-1.29468,
166351,-0.0521553,-0.0521553,0.12732,0.12732,2.10039,2.09732,-0.882405,-0.882405,3.11245,3.11245,0.757787,0.75932,-1.29315,-1.29468,
166371,-0.0521553,-0.0521553,0.12732,0.12732,2.10039,2.09732,-0.882405,-0.882405,3.11245,3.11245,0.757787,0.75932,-1.29315,-1.29468,
166391,-0.0521553,-0.0521553,0.12732,0.12732,2.10039,2.09732,-0.882405,-0.882405,3.11245,3.11245,0.757787,0.75932,-1.29315,-1.29468,
166411,-0.0521553,-0.0521553,0.12732,0.12732,2.10039,2.09732,-0.882405,-0.882405,3.11245,3.11245,0.757787,0.75932,-1.29315,-1.29468,
166431,-0.0521553,-0.0521553,0.12732,0.12732,2.10039,2.09732,-0.882405,-0.882405,3.11245,3.11245,0.757787,0.75932,-1.29315,-1.29468,
166451,-0.0521553,-0.0521553,0.12732,0.12732,2.10039,2.09732,-0.882405,-0.882405,3.11245,3.11245,0.757787,0.75932,-1.29315,-1.29468,
166471,-0.0521553,-0.0521553,0.12732,0.12732,2.10039,2.09732,-0.882405,-0.882405,3.11245,3.11245,0.757787,0.75932,-1.29315,-1.29468,
166491,-0.0521553,-0.0521553,0.12732,0.12732,2.10039,2.09732,-0.882405,-0.882405,3.11245,3.11245,0.757787,0.75932,-1.29315,-1.29468,
166511,-0.0521553,-0.0521553,0.12732,0.12732,2.10039,2.09732,-0.882405,-0.882405,3.11245,3.11245,0.757787,0.75932,-1.29315,-1.29468,
166531,-0.0521553,-0.0521553,0.12732,0.12732,2.10039,2.09732,-0.882405,-0.882405,3.11245,3.11245,0.757787,0.75932,-1.29315,-1.29468,
166551,-0.0521553,-0.0521553,0.12732,0.12732,2.10039,2.09732,-0.882405,-0.882405,3.11245,3.11245,0.757787,0.75932,-1.29315,-1.29468,
166571,-0.0521553,-0.0521553,0.12732,0.12732,2.10039,2.09732,-0.882405,-0.882405,3.11245,3.11245,0.757787,0.75932,-1.29315,-1.29468,
166591,-0.0521553,-0.0521553,0.12732,0.12732,2.10039,2.09732,-0.882405,-0.882405,3.11245,3.11245,0.757787,0.75932,-1.29315,-1.29468,
166611,-0.0521553,-0.0521553,0.12732,0.12732,2.10039,2.09732,-0.882405,-0.882405,3.11245,3.11245,0.757787,0.75932,-1.29315,-1.29468,
166631,-0.0521553,-0.0521553,0.12732,0.12732,2.10039,2.09732,-0.882405,-0.882405,3.11245,3.11245,0.757787,0.75932,-1.29315,-1.29468,
166651,-0.0521553,-0.0521553,0.12732,0.12732,2.10039,2.09732,-0.882405,-0.882405,3.11245,3.11245,0.757787,0.75932,-1.29315,-1.29468,
166671,-0.0521553,-0.0521553,0.12732,0.12732,2.10039,2.09732,-0.882405,-0.882405,3.11245,3.11245,0.757787,0.75932,-1.29315,-1.29468,
166691,-0.0521553,-0.0521553,0.12732,0.12732,2.10039,2.09732,-0.882405,-0.882405,3.11245,3.11245,0.757787,0.75932,-1.29315,-1.29468,
166711,-0.0521553,-0.0521553,0.12732,0.12732,2.10039,2.09732,-0.882405,-0.882405,3.11245,3.11245,0.757787,0.75932,-1.29315,-1.29468,
166731,-0.0521553,-0.0521553,0.12732,0.12732,2.10039,2.09732,-0.882405,-0.882405,3.11245,3.11245,0.757787,0.75932,-1.29315,-1.29468,
166751,-0.0521553,-0.0521553,0.12732,0.12732,2.10039,2.09732,-0.882405,-0.882405,3.11245,3.11245,0.757787,0.75932,-1.29315,-1.29468,
166771,-0.0521553,-0.0521553,0.12732,0.12732,2.10039,2.09732,-0.882405,-0.882405,3.11245,3.11245,0.757787,0.75932,-1.29315,-1.29468,
166791,-0.0521553,-0.0521553,0.12732,0.12732,2.10039,2.09732,-0.882405,-0.882405,3.11245,3.11245,0.757787,0.75932,-1.29315,-1.29468,
166811,-0.0521553,-0.0521553,0.12732,0.12732,2.10039,2.09732,-0.882405,-0.882405,3.11245,3.11245,0.757787,0.75932,-1.29315,-1.29468,
166831,-0.0521553,-0.0521553,0.12732,0.12732,2.10039,2.09732,-0.882405,-0.882405,3.11245,3.11245,0.757787,0.75932,-1.29315,-1.29468,
166851,-0.0521553,-0.0521553,0.12732,0.12732,2.10039,2.09732,-0.882405,-0.882405,3.11245,3.11245,0.757787,0.75932,-1.29315,-1.29468,
166871,-0.0521553,-0.0521553,0.12732,0.12732,2.10039,2.09732,-0.882405,-0.882405,3.11245,3.11245,0.757787,0.75932,-1.29315,-1.29468,
166891,-0.0521553,-0.0521553,0.12732,0.12732,2.10039,2.09732,-0.882405,-0.882405,3.11245,3.11245,0.757787,0.75932,-1.29315,-1.29468,
166911,-0.0521553,-0.0521553,0.12732,0.12732,2.10039,2.09732,-0.882405,-0.882405,3.11245,3.11245,0.757787,0.75932,-1.29315,-1.29468,
166931,-0.0521553,-0.0521553,0.12732,0.12732,2.10039,2.09732,-0.882405,-0.882405,3.11245,3.11245,0.757787,0.75932,-1.29315,-1.29468,
166951,-0.0521553,-0.0521553,0.12732,0.12732,2.10039,2.09732,-0.882405,-0.882405,3.11245,3.11245,0.757787,0.75932,-1.29315,-1.29468,
166971,-0.0521553,-0.0521553,0.12732,0.12732,2.10039,2.09732,-0.882405,-0.882405,3.11245,3.11245,0.757787,0.75932,-1.29315,-1.29468,
166991,-0.0521553,-0.0521553,0.12732,0.12732,2.10039,2.09732,-0.882405,-0.882405,3.11245,3.11245,0.757787,0.75932,-1.29315,-1.29468,
167011,-0.0521553,-0.0521553,0.12732,0.12732,2.10039,2.09732,-0.882405,-0.882405,3.11245,3.11245,0.757787,0.75932,-1.29315,-1.29468,
167031,-0.0521553,-0.0521553,0.12732,0.12732,2.10039,2.09732,-0.882405,-0.882405,3.11245,3.11245,0.757787,0.75932,-1.29315,-1.29468,
167051,-0.0521553,-0.0521553,0.12732,0.12732,2.10039,2.09732,-0.882405,-0.882405,3.11245,3.11245,0.757787,0.75932,-1.29315,-1.29468,
167071,-0.0521553,-0.0521553,0.12732,0.12732,2.10039,2.09732,-0.882405,-0.882405,3.11245,3.11245,0.757787,0.75932,-1.29315,-1.29468,
167091,-0.0521553,-0.0521553,0.12732,0.12732,2.10039,2.09732,-0.882405,-0.882405,3.11245,3.11245,0.757787,0.75932,-1.29315,-1.29468,
167111,-0.0521553,-0.0521553,0.12732,0.12732,2.10039,2.09732,-0.882405,-0.882405,3.11245,3.11245,0.757787,0.75932,-1.29315,-1.29468,
167131,-0.0521553,-0.0521553,0.12732,0.12732,2.10039,2.09732,-0.882405,-0.882405,3.11245,3.11245,0.757787,0.75932,-1.29315,-1.29468,
167151,-0.0521553,-0.0521553,0.12732,0.12732,2.10039,2.09732,-0.882405,-0.882405,3.11245,3.11245,0.757787,0.75932,-1.29315,-1.29468,
167171,-0.0521553,-0.0521553,0.12732,0.12732,2.10039,2.09732,-0.882405,-0.882405,3.11245,3.11245,0.757787,0.75932,-1.29315,-1.29468,
167191,-0.0521553,-0.0521553,0.12732,0.12732,2.10039,2.09732,-0.882405,-0.882405,3.11245,3.11245,0.757787,0.75932,-1.29315,-1.29468,
167211,-0.0521553,-0.0521553,0.12732,0.12732,2.10039,2.09732,-0.882405,-0.882405,3.11245,3.11245,0.757787,0.75932,-1.29315,-1.29468,
167231,-0.0521553,-0.0521553,0.12732,0.12732,2.10039,2.09732,-0.882405,-0.882405,3.11245,3.11245,0.757787,0.75932,-1.29315,-1.29468,
167251,-0.0521553,-0.0521553,0.12732,0.12732,2.10039,2.09732,-0.882405,-0.882405,3.11245,3.11245,0.757787,0.75932,-1.29315,-1.29468,
167271,-0.0521553,-0.0521553,0.12732,0.12732,2.10039,2.09732,-0.882405,-0.882405,3.11245,3.11245,0.757787,0.75932,-1.29315,-1.29468,
167291,-0.0521553,-0.0521553,0.12732,0.12732,2.10039,2.09732,-0.882405,-0.882405,3.11245,3.11245,0.757787,0.75932,-1.29315,-1.29468,
167311,-0.0521553,-0.0521553,0.12732,0.12732,2.10039,2.09732,-0.882405,-0.882405,3.11245,3.11245,0.757787,0.75932,-1.29315,-1.29468,
167331,-0.0521553,-0.0521553,0.12732,0.12732,2.10039,2.09732,-0.882405,-0.882405,3.11245,3.11245,0.757787,0.75932,-1.29315,-1.29468,
167351,-0.0521553,-0.0521553,0.12732,0.12732,2.10039,2.09732,-0.882405,-0.882405,3.11245,3.11245,0.757787,0.75932,-1.29315,-1.29468,
167371,-0.0521553,-0.0521553,0.12732,0.12732,2.10039,2.09732,-0.882405,-0.882405,3.11245,3.11245,0.757787,0.75932,-1.29315,-1.29468,
167391,-0.0521553,-0.0521553,0.12732,0.12732,2.10039,2.09732,-0.882405,-0.882405,3.11245,3.11245,0.757787,0.75932,-1.29315,-1.29468,
167411,-0.0521553,-0.0521553,0.12732,0.12732,2.10039,2.09732,-0.882405,-0.882405,3.11245,3.11245,0.757787,0.75932,-1.29315,-1.29468,
167431,-0.0521553,-0.0521553,0.12732,0.12732,2.10039,2.09732,-0.882405,-0.882405,3.11245,3.11245,0.757787,0.75932,-1.29315,-1.29468,
167451,-0.0521553,-0.0521553,0.12732,0.12732,2.10039,2.09732,-0.882405,-0.882405,3.11245,3.11245,0.757787,0.75932,-1.29315,-1.29468,
167471,-0.0521553,-0.0521553,0.12732,0.12732,2.10039,2.09732,-0.882405,-0.882405,3.11245,3.11245,0.757787,0.75932,-1.29315,-1.29468,
167491,-0.0521553,-0.0521553,0.12732,0.12732,2.10039,2.09732,-0.882405,-0.882405,3.11245,3.11245,0.757787,0.75932,-1.29315,-1.29468,
167511,-0.0521553,-0.0521553,0.12732,0.12732,2.10039,2.09732,-0.882405,-0.882405,3.11245,3.11245,0.757787,0.75932,-1.29315,-1.29468,
167531,-0.0521553,-0.0521553,0.12732,0.12732,2.10039,2.09732,-0.882405,-0.882405,3.11245,3.11245,0.757787,0.75932,-1.29315,-1.29468,
167551,-0.0521553,-0.0521553,0.12732,0.12732,2.10039,2.09732,-0.882405,-0.882405,3.11245,3.11245,0.757787,0.75932,-1.29315,-1.29468,
167571,-0.0521553,-0.0521553,0.12732,0.12732,2.10039,2.09732,-0.882405,-0.882405,3.11245,3.11245,0.757787,0.75932,-1.29315,-1.29468,
167591,-0.0521553,-0.0521553,0.12732,0.12732,2.10039,2.09732,-0.882405,-0.882405,3.11245,3.11245,0.757787,0.75932,-1.29315,-1.29468,
167611,-0.0521553,-0.0521553,0.12732,0.12732,2.10039,2.09732,-0.882405,-0.882405,3.11245,3.11245,0.757787,0.75932,-1.29315,-1.29468,
167631,-0.0521553,-0.0521553,0.12732,0.12732,2.10039,2.09732,-0.882405,-0.882405,3.11245,3.11245,0.757787,0.75932,-1.29315,-1.29468,
167651,-0.0521553,-0.0521553,0.12732,0.12732,2.10039,2.09732,-0.882405,-0.882405,3.11245,3.11245,0.757787,0.75932,-1.29315,-1.29468,
167671,-0.0521553,-0.0521553,0.12732,0.12732,2.10039,2.09732,-0.882405,-0.882405,3.11245,3.11245,0.757787,0.75932,-1.29315,-1.29468,
167691,-0.0521553,-0.0521553,0.12732,0.12732,2.10039,2.09732,-0.882405,-0.882405,3.11245,3.11245,0.757787,0.75932,-1.29315,-1.29468,
167711,-0.0521553,-0.0521553,0.12732,0.12732,2.10039,2.09732,-0.882405,-0.882405,3.11245,3.11245,0.757787,0.75932,-1.29315,-1.29468,
167731,-0.0521553,-0.0521553,0.12732,0.12732,2.10039,2.09732,-0.882405,-0.882405,3.11245,3.11245,0.757787,0.75932,-1.29315,-1.29468,
167751,-0.0521553,-0.0521553,0.12732,0.12732,2.10039,2.09732,-0.882405,-0.882405,3.11245,3.11245,0.757787,0.75932,-1.29315,-1.29468,
167771,-0.0521553,-0.0521553,0.12732,0.12732,2.10039,2.09732,-0.882405,-0.882405,3.11245,3.11245,0.757787,0.75932,-1.29315,-1.29468,
167791,-0.0521553,-0.0521553,0.12732,0.12732,2.10039,2.09732,-0.882405,-0.882405,3.11245,3.11245,0.757787,0.75932,-1.29315,-1.29468,
167811,-0.0521553,-0.0521553,0.12732,0.12732,2.10039,2.09732,-0.882405,-0.882405,3.11245,3.11245,0.757787,0.75932,-1.29315,-1.29468,
167831,-0.0521553,-0.0521553,0.12732,0.12732,2.10039,2.09732,-0.882405,-0.882405,3.11245,3.11245,0.757787,0.75932,-1.29315,-1.29468,
167851,-0.0521553,-0.0521553,0.12732,0.12732,2.10039,2.09732,-0.882405,-0.882405,3.11245,3.11245,0.757787,0.75932,-1.29315,-1.29468,
167871,-0.0521553,-0.0521553,0.12732,0.12732,2.10039,2.09732,-0.882405,-0.882405,3.11245,3.11245,0.757787,0.75932,-1.29315,-1.29468,
167891,-0.0521553,-0.0521553,0.12732,0.12732,2.10039,2.09732,-0.882405,-0.882405,3.11245,3.11245,0.757787,0.75932,-1.29315,-1.29468,
167911,-0.0521553,-0.0521553,0.12732,0.12732,2.10039,2.09732,-0.882405,-0.882405,3.11245,3.11245,0.757787,0.75932,-1.29315,-1.29468,
