time,B2C_reference,B2C_state,C2F_reference,C2F_state,F2T_reference,F2T_state,T2E_reference,T2E_state,wristH_reference,wristH_state,wristV_reference,wristV_state,driving_reference,driving_state,
14608.3,-0.0889709,-0.0889709,-0.0690291,-0.0690291,1.90557,1.90557,-0.261143,-0.261143,0.527689,0.527689,0,0,0.745515,0.745515,
14628.4,-0.0889709,-0.0889709,-0.0690291,-0.0690291,1.90557,1.90557,-0.261143,-0.261143,0.527689,0.527689,0,0,0.745515,0.745515,
14648.4,-0.0889709,-0.0889709,-0.0690291,-0.0690291,1.90557,1.90557,-0.261143,-0.261143,0.527689,0.527689,0,0,0.745515,0.745515,
14668.4,-0.0889709,-0.0889709,-0.0690291,-0.0690291,1.90557,1.90557,-0.261143,-0.261143,0.527689,0.527689,0,0,0.745515,0.745515,
14688.5,-0.0889709,-0.0889709,-0.0690291,-0.0690291,1.90557,1.90557,-0.261143,-0.261143,0.527689,0.527689,0,0,0.745515,0.745515,
14708.5,-0.0889709,-0.0889709,-0.0690291,-0.0690291,1.90557,1.90557,-0.261143,-0.261143,0.527689,0.527689,0,0,0.745515,0.745515,
14728.4,-0.0889709,-0.0889709,-0.0690291,-0.0690291,1.90557,1.90557,-0.261143,-0.261143,0.527689,0.527689,0,0,0.745515,0.745515,
14748.4,-0.0889709,-0.0889709,-0.0690291,-0.0690291,1.90557,1.90557,-0.261143,-0.261143,0.527689,0.527689,0,0,0.745515,0.745515,
14768.4,-0.0889709,-0.0889709,-0.0690291,-0.0690291,1.90557,1.90557,-0.261143,-0.261143,0.527689,0.527689,0,0,0.745515,0.745515,
14788.4,-0.0889709,-0.0889709,-0.0690291,-0.0690291,1.90557,1.90557,-0.261143,-0.261143,0.527689,0.527689,0,0,0.745515,0.745515,
14808.4,-0.0889709,-0.0920388,-0.0690291,-0.0690291,1.90557,1.90557,-0.261143,-0.261143,0.527689,0.527689,0,0,0.745515,0.745515,
14828.4,-0.0889709,-0.0920388,-0.0690291,-0.0690291,1.90557,1.90557,-0.261143,-0.261143,0.527689,0.527689,0,0,0.745515,0.745515,
14848.5,-0.0889709,-0.0920388,-0.0690291,-0.0690291,1.90557,1.90557,-0.261143,-0.261143,0.527689,0.527689,0,0,0.745515,0.745515,
14868.5,-0.0889709,-0.0920388,-0.0690291,-0.0690291,1.90557,1.90557,-0.261143,-0.261143,0.527689,0.527689,0,0,0.745515,0.745515,
14888.5,-0.0889709,-0.0920388,-0.0690291,-0.0690291,1.90557,1.90557,-0.261143,-0.261143,0.527689,0.527689,0,0,0.745515,0.745515,
14908.5,-0.0889709,-0.0920388,-0.0690291,-0.0690291,1.90557,1.90864,-0.261143,-0.267279,0.527689,0.526155,0,0,0.745515,0.745515,
14928.5,-0.0889709,-0.0920388,-0.0690291,-0.0690291,1.90557,1.90864,-0.261143,-0.267279,0.527689,0.526155,0,0,0.745515,0.745515,
14948.5,-0.0889709,-0.0920388,-0.0690291,-0.0690291,1.90557,1.90864,-0.261143,-0.267279,0.527689,0.526155,0,0,0.745515,0.745515,
14968.5,-0.0889709,-0.0920388,-0.0690291,-0.0690291,1.90557,1.90864,-0.261143,-0.267279,0.527689,0.526155,0,0,0.745515,0.745515,
14988.4,-0.0889709,-0.0920388,-0.0690291,-0.0690291,1.90557,1.90864,-0.261143,-0.267279,0.527689,0.526155,0,0,0.745515,0.745515,
15008.5,-0.0889709,-0.0920388,-0.0690291,-0.0690291,1.90557,1.90864,-0.261143,-0.265745,0.527689,0.526155,0,0,0.745515,0.745515,
15028.5,-0.0889709,-0.0920388,-0.0690291,-0.0690291,1.90557,1.90864,-0.261143,-0.265745,0.527689,0.526155,0,0,0.745515,0.745515,
15048.5,-0.0889709,-0.0920388,-0.0690291,-0.0690291,1.90557,1.90864,-0.261143,-0.265745,0.527689,0.526155,0,0,0.745515,0.745515,
15068.5,-0.0889709,-0.0920388,-0.0690291,-0.0690291,1.90557,1.90864,-0.261143,-0.265745,0.527689,0.526155,0,0,0.745515,0.745515,
15088.3,-0.0889709,-0.0920388,-0.0690291,-0.0690291,1.90557,1.90864,-0.261143,-0.264211,0.527689,0.524621,0,0,0.745515,0.745515,
15108.4,-0.0889709,-0.0920388,-0.0690291,-0.0690291,1.90557,1.90864,-0.261143,-0.264211,0.527689,0.524621,0,0,0.745515,0.745515,
15128.3,-0.0889709,-0.0920388,-0.0690291,-0.0690291,1.90557,1.90864,-0.261143,-0.264211,0.527689,0.524621,0,0,0.745515,0.745515,
15148.4,-0.0889709,-0.0920388,-0.0690291,-0.0690291,1.90557,1.90864,-0.261143,-0.264211,0.527689,0.524621,0,0,0.745515,0.745515,
15168.5,-0.0889709,-0.0920388,-0.0690291,-0.0690291,1.90557,1.90864,-0.261143,-0.264211,0.527689,0.524621,0,0,0.745515,0.745515,
15188.4,-0.0889709,-0.0920388,-0.0690291,-0.0674952,1.90557,1.90864,-0.261143,-0.264211,0.527689,0.526155,0,0.00153398,0.745515,0.745515,
15208.4,-0.0889709,-0.0920388,-0.0690291,-0.0674952,1.90557,1.90864,-0.261143,-0.264211,0.527689,0.526155,0,0.00153398,0.745515,0.745515,
15228.4,-0.0889709,-0.0920388,-0.0690291,-0.0674952,1.90557,1.90864,-0.261143,-0.264211,0.527689,0.526155,0,0.00153398,0.745515,0.745515,
15248.3,-0.0889709,-0.0920388,-0.0690291,-0.0674952,1.90557,1.90864,-0.261143,-0.264211,0.527689,0.526155,0,0.00153398,0.745515,0.745515,
15268.3,-0.0889709,-0.0920388,-0.0690291,-0.0674952,1.90557,1.90864,-0.261143,-0.264211,0.527689,0.526155,0,0.00153398,0.745515,0.745515,
15288.3,-0.0889709,-0.0920388,-0.0690291,-0.0674952,1.90557,1.90864,-0.261143,-0.264211,0.527689,0.526155,0,0.00153398,0.745515,0.745515,
15308.3,-0.0889709,-0.0920388,-0.0690291,-0.0674952,1.90557,1.90864,-0.261143,-0.264211,0.527689,0.526155,0,0.00153398,0.745515,0.745515,
15328.3,-0.0889709,-0.0920388,-0.0690291,-0.0674952,1.90557,1.90864,-0.261143,-0.264211,0.527689,0.526155,0,0.00153398,0.745515,0.745515,
15348.3,-0.0889709,-0.0920388,-0.0690291,-0.0674952,1.90557,1.90864,-0.261143,-0.264211,0.527689,0.526155,0,0.00153398,0.745515,0.745515,
15368.4,-0.0889709,-0.0920388,-0.0690291,-0.0674952,1.90557,1.90864,-0.261143,-0.264211,0.527689,0.526155,0,0.00153398,0.745515,0.745515,
15388.3,-0.0889709,-0.0920388,-0.0690291,-0.0674952,1.90557,1.90864,-0.261143,-0.264211,0.527689,0.526155,0,0.00153398,0.745515,0.745515,
15408.4,-0.0889709,-0.0920388,-0.0690291,-0.0674952,1.90557,1.90864,-0.261143,-0.264211,0.527689,0.526155,0,0.00153398,0.745515,0.745515,
15428.3,-0.0889709,-0.0920388,-0.0690291,-0.0674952,1.90557,1.90864,-0.261143,-0.264211,0.527689,0.526155,0,0.00153398,0.745515,0.745515,
15448.4,-0.0889709,-0.0920388,-0.0690291,-0.0674952,1.90557,1.90864,-0.261143,-0.264211,0.527689,0.526155,0,0.00153398,0.745515,0.745515,
15468.4,-0.0889709,-0.0920388,-0.0690291,-0.0674952,1.90557,1.90864,-0.261143,-0.264211,0.527689,0.526155,0,0.00153398,0.745515,0.745515,
15488.4,-0.0889709,-0.0920388,-0.0690291,-0.0674952,1.90557,1.90864,-0.261143,-0.264211,0.527689,0.526155,0,0.00153398,0.745515,0.745515,
15508.4,-0.0889709,-0.0920388,-0.0690291,-0.0674952,1.90557,1.90864,-0.261143,-0.264211,0.527689,0.526155,0,0.00153398,0.745515,0.745515,
15528.4,-0.0889709,-0.0920388,-0.0690291,-0.0674952,1.90557,1.90864,-0.261143,-0.264211,0.527689,0.526155,0,0.00153398,0.745515,0.745515,
15548.4,-0.0889709,-0.0920388,-0.0690291,-0.0674952,1.90557,1.90864,-0.261143,-0.264211,0.527689,0.526155,0,0.00153398,0.745515,0.745515,
15568.4,-0.0889709,-0.0920388,-0.0690291,-0.0690291,1.90557,1.90864,-0.261143,-0.264211,0.527689,0.526155,0,0.00153398,0.745515,0.745515,
15588.4,-0.0889709,-0.0920388,-0.0690291,-0.0674952,1.90557,1.90864,-0.261143,-0.264211,0.527689,0.526155,0,0.00153398,0.745515,0.745515,
15608.4,-0.0889709,-0.0920388,-0.0690291,-0.0674952,1.90557,1.90864,-0.261143,-0.264211,0.527689,0.526155,0,0.00153398,0.745515,0.745515,
15628.3,-0.0889709,-0.0920388,-0.0690291,-0.0674952,1.90557,1.90864,-0.261143,-0.264211,0.527689,0.526155,0,0.00153398,0.745515,0.745515,
15648.5,-0.0889709,-0.0920388,-0.0690291,-0.0674952,1.90557,1.90864,-0.261143,-0.264211,0.527689,0.526155,0,0.00153398,0.745515,0.745515,
15668.4,-0.0889709,-0.0920388,-0.0690291,-0.0674952,1.90557,1.90864,-0.261143,-0.264211,0.527689,0.526155,0,0.00153398,0.745515,0.745515,
15688.4,-0.0889709,-0.0920388,-0.0690291,-0.0674952,1.90557,1.90864,-0.261143,-0.264211,0.527689,0.526155,0,0.00153398,0.745515,0.745515,
15708.4,-0.0889709,-0.0920388,-0.0690291,-0.0690291,1.90557,1.90864,-0.261143,-0.262677,0.527689,0.526155,0,0,0.745515,0.745515,
15728.4,-0.0889709,-0.0920388,-0.0690291,-0.0690291,1.90557,1.90864,-0.261143,-0.262677,0.527689,0.526155,0,0,0.745515,0.745515,
15748.4,-0.0889709,-0.0920388,-0.0690291,-0.0690291,1.90557,1.90864,-0.261143,-0.262677,0.527689,0.526155,0,0,0.745515,0.745515,
15768.4,-0.0889709,-0.0920388,-0.0690291,-0.0690291,1.90557,1.90864,-0.261143,-0.262677,0.527689,0.526155,0,0,0.745515,0.745515,
15788.3,-0.0889709,-0.0920388,-0.0690291,-0.0674952,1.90557,1.90864,-0.261143,-0.264211,0.527689,0.526155,0,0,0.745515,0.745515,
15808.4,-0.0889709,-0.0920388,-0.0690291,-0.0674952,1.90557,1.90864,-0.261143,-0.264211,0.527689,0.526155,0,0,0.745515,0.745515,
15828.5,-0.0889709,-0.0920388,-0.0690291,-0.0674952,1.90557,1.90864,-0.261143,-0.264211,0.527689,0.526155,0,0,0.745515,0.745515,
15848.4,-0.0889709,-0.0920388,-0.0690291,-0.0674952,1.90557,1.90864,-0.261143,-0.264211,0.527689,0.526155,0,0,0.745515,0.745515,
15868.3,-0.0889709,-0.0920388,-0.0690291,-0.0674952,1.90557,1.90864,-0.261143,-0.264211,0.527689,0.526155,0,0,0.745515,0.745515,
15888.4,-0.0889709,-0.0920388,-0.0690291,-0.0674952,1.90557,1.90864,-0.261143,-0.262677,0.527689,0.526155,0,0,0.745515,0.745515,
15908.4,-0.0889709,-0.0920388,-0.0690291,-0.0674952,1.90557,1.90864,-0.261143,-0.262677,0.527689,0.526155,0,0,0.745515,0.745515,
15928.3,-0.0889709,-0.0920388,-0.0690291,-0.0674952,1.90557,1.90864,-0.261143,-0.262677,0.527689,0.526155,0,0,0.745515,0.745515,
15948.3,-0.0889709,-0.0920388,-0.0690291,-0.0674952,1.90557,1.90864,-0.261143,-0.262677,0.527689,0.526155,0,0,0.745515,0.745515,
15968.4,-0.0889709,-0.0920388,-0.0690291,-0.0674952,1.90557,1.90864,-0.261143,-0.262677,0.527689,0.526155,0,0,0.745515,0.745515,
15988.4,-0.0889709,-0.0920388,-0.0690291,-0.0674952,1.90557,1.91017,-0.261143,-0.262677,0.527689,0.526155,0,0.00153398,0.745515,0.745515,
16008.4,-0.0889709,-0.0920388,-0.0690291,-0.0674952,1.90557,1.91017,-0.261143,-0.262677,0.527689,0.526155,0,0.00153398,0.745515,0.745515,
16028.3,-0.0889709,-0.0920388,-0.0690291,-0.0674952,1.90557,1.91017,-0.261143,-0.262677,0.527689,0.526155,0,0.00153398,0.745515,0.745515,
16048.4,-0.0889709,-0.0920388,-0.0690291,-0.0674952,1.90557,1.91017,-0.261143,-0.262677,0.527689,0.526155,0,0.00153398,0.745515,0.745515,
16068.3,-0.0889709,-0.0920388,-0.0690291,-0.0674952,1.90557,1.91017,-0.261143,-0.262677,0.527689,0.526155,0,0.00153398,0.745515,0.745515,
16088.4,-0.0889709,-0.0920388,-0.0690291,-0.0674952,1.90557,1.91017,-0.261143,-0.262677,0.527689,0.526155,0,0.00153398,0.745515,0.745515,
16108.3,-0.0889709,-0.0920388,-0.0690291,-0.0690291,1.90557,1.90864,-0.261143,-0.262677,0.527689,0.526155,0,0.00153398,0.745515,0.745515,
16128.4,-0.0889709,-0.0920388,-0.0690291,-0.0690291,1.90557,1.90864,-0.261143,-0.262677,0.527689,0.526155,0,0.00153398,0.745515,0.745515,
16148.4,-0.0889709,-0.0920388,-0.0690291,-0.0690291,1.90557,1.90864,-0.261143,-0.262677,0.527689,0.526155,0,0.00153398,0.745515,0.745515,
16168.4,-0.0889709,-0.0920388,-0.0690291,-0.0690291,1.90557,1.90864,-0.261143,-0.262677,0.527689,0.526155,0,0.00153398,0.745515,0.745515,
16188.3,-0.0889709,-0.0920388,-0.0690291,-0.0674952,1.90557,1.90864,-0.261143,-0.264211,0.527689,0.526155,0,0,0.745515,0.745515,
16208.3,-0.0889709,-0.0920388,-0.0690291,-0.0674952,1.90557,1.90864,-0.261143,-0.264211,0.527689,0.526155,0,0,0.745515,0.745515,
16228.3,-0.0889709,-0.0920388,-0.0690291,-0.0674952,1.90557,1.90864,-0.261143,-0.264211,0.527689,0.526155,0,0,0.745515,0.745515,
16248.3,-0.0889709,-0.0920388,-0.0690291,-0.0674952,1.90557,1.90864,-0.261143,-0.264211,0.527689,0.526155,0,0,0.745515,0.745515,
16268.4,-0.0889709,-0.0920388,-0.0690291,-0.0674952,1.90557,1.90864,-0.261143,-0.264211,0.527689,0.526155,0,0,0.745515,0.745515,
16288.4,-0.0889709,-0.0920388,-0.0690291,-0.0674952,1.90557,1.90864,-0.261143,-0.262677,0.527689,0.526155,0,0,0.745515,0.745515,
16308.4,-0.0889709,-0.0920388,-0.0690291,-0.0674952,1.90557,1.90864,-0.261143,-0.262677,0.527689,0.526155,0,0,0.745515,0.745515,
16328.4,-0.0889709,-0.0920388,-0.0690291,-0.0674952,1.90557,1.90864,-0.261143,-0.262677,0.527689,0.526155,0,0,0.745515,0.745515,
16348.3,-0.0889709,-0.0920388,-0.0690291,-0.0674952,1.90557,1.90864,-0.261143,-0.262677,0.527689,0.526155,0,0,0.745515,0.745515,
16368.4,-0.0889709,-0.0920388,-0.0690291,-0.0674952,1.90557,1.90864,-0.261143,-0.262677,0.527689,0.526155,0,0,0.745515,0.745515,
16388.4,-0.0889709,-0.0920388,-0.0690291,-0.0674952,1.90557,1.91017,-0.261143,-0.262677,0.527689,0.526155,0,0.00153398,0.745515,0.745515,
16408.4,-0.0889709,-0.0920388,-0.0690291,-0.0674952,1.90557,1.91017,-0.261143,-0.262677,0.527689,0.526155,0,0.00153398,0.745515,0.745515,
16428.4,-0.0889709,-0.0920388,-0.0690291,-0.0674952,1.90557,1.91017,-0.261143,-0.262677,0.527689,0.526155,0,0.00153398,0.745515,0.745515,
16448.4,-0.0889709,-0.0920388,-0.0690291,-0.0674952,1.90557,1.91017,-0.261143,-0.262677,0.527689,0.526155,0,0.00153398,0.745515,0.745515,
16468.4,-0.0889709,-0.0920388,-0.0690291,-0.0674952,1.90557,1.91017,-0.261143,-0.262677,0.527689,0.526155,0,0.00153398,0.745515,0.745515,
16488.4,-0.0889709,-0.0920388,-0.0690291,-0.0674952,1.90557,1.91017,-0.261143,-0.262677,0.527689,0.526155,0,0.00153398,0.745515,0.745515,
16508.4,-0.0889709,-0.0920388,-0.0690291,-0.0674952,1.90557,1.90864,-0.261143,-0.262677,0.527689,0.526155,0,0,0.745515,0.745515,
16528.3,-0.0889709,-0.0920388,-0.0690291,-0.0674952,1.90557,1.90864,-0.261143,-0.262677,0.527689,0.526155,0,0,0.745515,0.745515,
16548.3,-0.0889709,-0.0920388,-0.0690291,-0.0674952,1.90557,1.90864,-0.261143,-0.262677,0.527689,0.526155,0,0,0.745515,0.745515,
16568.3,-0.0889709,-0.0920388,-0.0690291,-0.0674952,1.90557,1.90864,-0.261143,-0.262677,0.527689,0.526155,0,0,0.745515,0.745515,
16588.9,-0.0889709,-0.0920388,-0.0690291,-0.0674952,1.90557,1.90864,-0.261143,-0.262677,0.527689,0.526155,0,0,0.745515,0.745515,
16611.9,-0.0889709,-0.0920388,-0.0690291,-0.0674952,1.90557,1.90864,-0.261143,-0.262677,0.527689,0.526155,0,0,0.745515,0.745515,
16628.3,-0.0889709,-0.0920388,-0.0690291,-0.0674952,1.90557,1.90864,-0.261143,-0.262677,0.527689,0.526155,0,0,0.745515,0.745515,
16650.2,-0.0889709,-0.0920388,-0.0690291,-0.0674952,1.90557,1.90864,-0.261143,-0.262677,0.527689,0.526155,0,0,0.745515,0.745515,
16668.3,-0.0889709,-0.0920388,-0.0690291,-0.0674952,1.90557,1.90864,-0.261143,-0.262677,0.527689,0.526155,0,0,0.745515,0.745515,
16688.4,-0.0889709,-0.0920388,-0.0690291,-0.0674952,1.90557,1.90864,-0.261143,-0.262677,0.527689,0.526155,0,0,0.745515,0.745515,
16708.3,-0.0889709,-0.0920388,-0.0690291,-0.0674952,1.90557,1.90864,-0.261143,-0.262677,0.527689,0.526155,0,0,0.745515,0.745515,
16728.4,-0.0889709,-0.0920388,-0.0690291,-0.0674952,1.90557,1.90864,-0.261143,-0.262677,0.527689,0.526155,0,0,0.745515,0.745515,
16748.4,-0.0889709,-0.0920388,-0.0690291,-0.0674952,1.90557,1.90864,-0.261143,-0.262677,0.527689,0.526155,0,0,0.745515,0.745515,
16768.3,-0.0889709,-0.0920388,-0.0690291,-0.0674952,1.90557,1.90864,-0.261143,-0.262677,0.527689,0.526155,0,0,0.745515,0.745515,
16788.3,-0.0889709,-0.0920388,-0.0690291,-0.0674952,1.90557,1.90864,-0.261143,-0.262677,0.527689,0.526155,0,0,0.745515,0.745515,
16808.3,-0.0889709,-0.0920388,-0.0690291,-0.0674952,1.90557,1.90864,-0.261143,-0.264211,0.527689,0.526155,0,0,0.745515,0.745515,
16828.4,-0.0889709,-0.0920388,-0.0690291,-0.0674952,1.90557,1.90864,-0.261143,-0.264211,0.527689,0.526155,0,0,0.745515,0.745515,
16848.3,-0.0889709,-0.0920388,-0.0690291,-0.0674952,1.90557,1.90864,-0.261143,-0.264211,0.527689,0.526155,0,0,0.745515,0.745515,
16868.4,-0.0889709,-0.0920388,-0.0690291,-0.0674952,1.90557,1.90864,-0.261143,-0.264211,0.527689,0.526155,0,0,0.745515,0.745515,
16888.5,-0.0889709,-0.0920388,-0.0690291,-0.0674952,1.90557,1.90864,-0.261143,-0.264211,0.527689,0.526155,0,0,0.745515,0.745515,
16908.5,-0.0889709,-0.0920388,-0.0690291,-0.0674952,1.90557,1.90864,-0.261143,-0.262677,0.527689,0.526155,0,0,0.745515,0.745515,
16928.4,-0.0889709,-0.0920388,-0.0690291,-0.0674952,1.90557,1.90864,-0.261143,-0.262677,0.527689,0.526155,0,0,0.745515,0.745515,
16948.4,-0.0889709,-0.0920388,-0.0690291,-0.0674952,1.90557,1.90864,-0.261143,-0.262677,0.527689,0.526155,0,0,0.745515,0.745515,
16968.4,-0.0889709,-0.0920388,-0.0690291,-0.0674952,1.90557,1.90864,-0.261143,-0.262677,0.527689,0.526155,0,0,0.745515,0.745515,
16988.3,-0.0889709,-0.0905049,-0.0690291,-0.0674952,1.90557,1.90864,-0.261143,-0.262677,0.527689,0.526155,0,0,0.745515,0.745515,
17008.4,-0.0889709,-0.0905049,-0.0690291,-0.0674952,1.90557,1.90864,-0.261143,-0.262677,0.527689,0.526155,0,0,0.745515,0.745515,
17028.4,-0.0889709,-0.0905049,-0.0690291,-0.0674952,1.90557,1.90864,-0.261143,-0.262677,0.527689,0.526155,0,0,0.745515,0.745515,
17048.4,-0.0889709,-0.0905049,-0.0690291,-0.0674952,1.90557,1.90864,-0.261143,-0.262677,0.527689,0.526155,0,0,0.745515,0.745515,
17068.5,-0.0889709,-0.0905049,-0.0690291,-0.0674952,1.90557,1.90864,-0.261143,-0.262677,0.527689,0.526155,0,0,0.745515,0.745515,
17088.4,-0.0889709,-0.0905049,-0.0690291,-0.0674952,1.90557,1.90864,-0.261143,-0.262677,0.527689,0.526155,0,0,0.745515,0.745515,
17108.5,-0.0889709,-0.0905049,-0.0690291,-0.0674952,1.90557,1.90864,-0.261143,-0.262677,0.527689,0.526155,0,0,0.745515,0.745515,
17128.4,-0.0889709,-0.0905049,-0.0690291,-0.0674952,1.90557,1.90864,-0.261143,-0.262677,0.527689,0.526155,0,0,0.745515,0.745515,
17148.5,-0.0889709,-0.0905049,-0.0690291,-0.0674952,1.90557,1.90864,-0.261143,-0.262677,0.527689,0.526155,0,0,0.745515,0.745515,
17168.4,-0.0889709,-0.0905049,-0.0690291,-0.0674952,1.90557,1.90864,-0.261143,-0.262677,0.527689,0.526155,0,0,0.745515,0.745515,
17188.4,-0.0889709,-0.0905049,-0.0690291,-0.0674952,1.90557,1.90864,-0.261143,-0.262677,0.527689,0.526155,0,0,0.745515,0.745515,
17208.4,-0.0889709,-0.0905049,-0.0690291,-0.0674952,1.90557,1.90864,-0.261143,-0.262677,0.527689,0.526155,0,0,0.745515,0.745515,
17228.3,-0.0889709,-0.0905049,-0.0690291,-0.0674952,1.90557,1.90864,-0.261143,-0.262677,0.527689,0.526155,0,0,0.745515,0.745515,
17248.4,-0.0889709,-0.0905049,-0.0690291,-0.0674952,1.90557,1.90864,-0.261143,-0.262677,0.527689,0.526155,0,0,0.745515,0.745515,
17268.4,-0.0889709,-0.0905049,-0.0690291,-0.0674952,1.90557,1.90864,-0.261143,-0.262677,0.527689,0.526155,0,0,0.745515,0.745515,
17288.4,-0.0889709,-0.0905049,-0.0690291,-0.0674952,1.90557,1.90864,-0.261143,-0.262677,0.527689,0.526155,0,0,0.745515,0.745515,
17308.3,-0.0889709,-0.0905049,-0.0690291,-0.0674952,1.90557,1.90864,-0.261143,-0.262677,0.527689,0.526155,0,0,0.745515,0.745515,
17328.4,-0.0889709,-0.0905049,-0.0690291,-0.0674952,1.90557,1.90864,-0.261143,-0.262677,0.527689,0.526155,0,0,0.745515,0.745515,
17348.4,-0.0889709,-0.0905049,-0.0690291,-0.0674952,1.90557,1.90864,-0.261143,-0.262677,0.527689,0.526155,0,0,0.745515,0.745515,
17368.4,-0.0889709,-0.0905049,-0.0690291,-0.0674952,1.90557,1.90864,-0.261143,-0.262677,0.527689,0.526155,0,0,0.745515,0.745515,
17388.3,-0.0889709,-0.0905049,-0.0690291,-0.0674952,1.90557,1.90864,-0.261143,-0.262677,0.527689,0.526155,0,0,0.745515,0.745515,
17408.3,-0.0889709,-0.0905049,-0.0690291,-0.0674952,1.90557,1.90864,-0.261143,-0.262677,0.527689,0.526155,0,0,0.745515,0.745515,
17428.4,-0.0889709,-0.0905049,-0.0690291,-0.0674952,1.90557,1.90864,-0.261143,-0.262677,0.527689,0.526155,0,0,0.745515,0.745515,
17448.4,-0.0889709,-0.0905049,-0.0690291,-0.0674952,1.90557,1.90864,-0.261143,-0.262677,0.527689,0.526155,0,0,0.745515,0.745515,
17468.5,-0.0889709,-0.0905049,-0.0690291,-0.0674952,1.90557,1.90864,-0.261143,-0.262677,0.527689,0.526155,0,0,0.745515,0.745515,
17488.4,-0.0889709,-0.0905049,-0.0690291,-0.0674952,1.90557,1.90864,-0.261143,-0.264211,0.527689,0.526155,0,0,0.745515,0.745515,
17508.4,-0.0889709,-0.0905049,-0.0690291,-0.0674952,1.90557,1.90864,-0.261143,-0.264211,0.527689,0.526155,0,0,0.745515,0.745515,
17528.4,-0.0889709,-0.0905049,-0.0690291,-0.0674952,1.90557,1.90864,-0.261143,-0.264211,0.527689,0.526155,0,0,0.745515,0.745515,
17548.4,-0.0889709,-0.0905049,-0.0690291,-0.0674952,1.90557,1.90864,-0.261143,-0.264211,0.527689,0.526155,0,0,0.745515,0.745515,
17568.5,-0.0889709,-0.0905049,-0.0690291,-0.0674952,1.90557,1.90864,-0.261143,-0.264211,0.527689,0.526155,0,0,0.745515,0.745515,
17588.4,-0.0889709,-0.0905049,-0.0690291,-0.0674952,1.90557,1.90864,-0.261143,-0.262677,0.527689,0.526155,0,0.00153398,0.745515,0.745515,
17608.5,-0.0889709,-0.0905049,-0.0690291,-0.0674952,1.90557,1.90864,-0.261143,-0.262677,0.527689,0.526155,0,0.00153398,0.745515,0.745515,
17628.4,-0.0889709,-0.0905049,-0.0690291,-0.0674952,1.90557,1.90864,-0.261143,-0.262677,0.527689,0.526155,0,0.00153398,0.745515,0.745515,
17648.5,-0.0889709,-0.0905049,-0.0690291,-0.0674952,1.90557,1.90864,-0.261143,-0.262677,0.527689,0.526155,0,0.00153398,0.745515,0.745515,
17668.4,-0.0889709,-0.0905049,-0.0690291,-0.0674952,1.90557,1.90864,-0.261143,-0.262677,0.527689,0.526155,0,0.00153398,0.745515,0.745515,
17688.4,-0.0889709,-0.0905049,-0.0690291,-0.0674952,1.90557,1.90864,-0.261143,-0.262677,0.527689,0.526155,0,0.00153398,0.745515,0.745515,
17708.3,-0.0889709,-0.0905049,-0.0690291,-0.0674952,1.90557,1.90864,-0.261143,-0.264211,0.527689,0.526155,0,0,0.745515,0.745515,
17728.4,-0.0889709,-0.0905049,-0.0690291,-0.0674952,1.90557,1.90864,-0.261143,-0.264211,0.527689,0.526155,0,0,0.745515,0.745515,
17748.5,-0.0889709,-0.0905049,-0.0690291,-0.0674952,1.90557,1.90864,-0.261143,-0.264211,0.527689,0.526155,0,0,0.745515,0.745515,
17768.4,-0.0889709,-0.0905049,-0.0690291,-0.0674952,1.90557,1.90864,-0.261143,-0.264211,0.527689,0.526155,0,0,0.745515,0.745515,
17788.3,-0.0889709,-0.0905049,-0.0690291,-0.0674952,1.90557,1.9071,-0.261143,-0.262677,0.527689,0.526155,0,0,0.745515,0.745515,
17808.4,-0.0889709,-0.0905049,-0.0690291,-0.0674952,1.90557,1.9071,-0.261143,-0.262677,0.527689,0.526155,0,0,0.745515,0.745515,
17828.4,-0.0889709,-0.0905049,-0.0690291,-0.0674952,1.90557,1.9071,-0.261143,-0.262677,0.527689,0.526155,0,0,0.745515,0.745515,
17848.4,-0.0889709,-0.0905049,-0.0690291,-0.0674952,1.90557,1.9071,-0.261143,-0.262677,0.527689,0.526155,0,0,0.745515,0.745515,
17868.4,-0.0889709,-0.0905049,-0.0690291,-0.0674952,1.90557,1.9071,-0.261143,-0.262677,0.527689,0.526155,0,0,0.745515,0.745515,
17888.4,-0.0889709,-0.0889709,-0.0690291,-0.0674952,1.90557,1.9071,-0.261143,-0.262677,0.527689,0.526155,0,0,0.745515,0.745515,
17908.3,-0.0889709,-0.0889709,-0.0690291,-0.0674952,1.90557,1.9071,-0.261143,-0.262677,0.527689,0.526155,0,0,0.745515,0.745515,
17928.5,-0.0889709,-0.0889709,-0.0690291,-0.0674952,1.90557,1.9071,-0.261143,-0.262677,0.527689,0.526155,0,0,0.745515,0.745515,
17948.3,-0.0889709,-0.0889709,-0.0690291,-0.0674952,1.90557,1.9071,-0.261143,-0.262677,0.527689,0.526155,0,0,0.745515,0.745515,
17968.4,-0.0889709,-0.0889709,-0.0690291,-0.0674952,1.90557,1.9071,-0.261143,-0.262677,0.527689,0.526155,0,0,0.745515,0.745515,
17988.4,-0.0889709,-0.0905049,-0.0690291,-0.0674952,1.90557,1.9071,-0.261143,-0.261143,0.527689,0.526155,0,0,0.745515,0.745515,
18008.4,-0.0889709,-0.0905049,-0.0690291,-0.0674952,1.90557,1.9071,-0.261143,-0.261143,0.527689,0.526155,0,0,0.745515,0.745515,
18028.4,-0.0889709,-0.0905049,-0.0690291,-0.0674952,1.90557,1.9071,-0.261143,-0.261143,0.527689,0.526155,0,0,0.745515,0.745515,
18048.4,-0.0889709,-0.0905049,-0.0690291,-0.0674952,1.90557,1.9071,-0.261143,-0.261143,0.527689,0.526155,0,0,0.745515,0.745515,
18068.4,-0.0889709,-0.0905049,-0.0690291,-0.0674952,1.90557,1.9071,-0.261143,-0.261143,0.527689,0.526155,0,0,0.745515,0.745515,
18088.4,-0.0889709,-0.0905049,-0.0690291,-0.0674952,1.90557,1.9071,-0.261143,-0.261143,0.527689,0.526155,0,0,0.745515,0.745515,
18108.4,-0.0889709,-0.0889709,-0.0690291,-0.0674952,1.90557,1.9071,-0.261143,-0.262677,0.527689,0.526155,0,0,0.745515,0.745515,
18128.3,-0.0889709,-0.0889709,-0.0690291,-0.0674952,1.90557,1.9071,-0.261143,-0.262677,0.527689,0.526155,0,0,0.745515,0.745515,
18148.4,-0.0889709,-0.0889709,-0.0690291,-0.0674952,1.90557,1.9071,-0.261143,-0.262677,0.527689,0.526155,0,0,0.745515,0.745515,
18168.4,-0.0889709,-0.0889709,-0.0690291,-0.0674952,1.90557,1.9071,-0.261143,-0.262677,0.527689,0.526155,0,0,0.745515,0.745515,
18188.3,-0.0889709,-0.0905049,-0.0690291,-0.0674952,1.90557,1.9071,-0.261143,-0.262677,0.527689,0.526155,0,0,0.745515,0.745515,
18208.3,-0.0889709,-0.0905049,-0.0690291,-0.0674952,1.90557,1.9071,-0.261143,-0.262677,0.527689,0.526155,0,0,0.745515,0.745515,
18228.4,-0.0889709,-0.0905049,-0.0690291,-0.0674952,1.90557,1.9071,-0.261143,-0.262677,0.527689,0.526155,0,0,0.745515,0.745515,
18248.4,-0.0889709,-0.0905049,-0.0690291,-0.0674952,1.90557,1.9071,-0.261143,-0.262677,0.527689,0.526155,0,0,0.745515,0.745515,
18268.4,-0.0889709,-0.0905049,-0.0690291,-0.0674952,1.90557,1.9071,-0.261143,-0.262677,0.527689,0.526155,0,0,0.745515,0.745515,
18288.4,-0.0889709,-0.0905049,-0.0690291,-0.0674952,1.90557,1.9071,-0.261143,-0.262677,0.527689,0.526155,0,0,0.745515,0.745515,
18308.3,-0.0889709,-0.0905049,-0.0690291,-0.0674952,1.90557,1.9071,-0.261143,-0.262677,0.527689,0.526155,0,0,0.745515,0.745515,
18328.4,-0.0889709,-0.0905049,-0.0690291,-0.0674952,1.90557,1.9071,-0.261143,-0.262677,0.527689,0.526155,0,0,0.745515,0.745515,
18348.4,-0.0889709,-0.0905049,-0.0690291,-0.0674952,1.90557,1.9071,-0.261143,-0.262677,0.527689,0.526155,0,0,0.745515,0.745515,
18368.3,-0.0889709,-0.0905049,-0.0690291,-0.0674952,1.90557,1.9071,-0.261143,-0.262677,0.527689,0.526155,0,0,0.745515,0.745515,
18388.4,-0.0889709,-0.0889709,-0.0690291,-0.0674952,1.90557,1.9071,-0.261143,-0.262677,0.527689,0.526155,0,0,0.745515,0.745515,
18408.3,-0.0889709,-0.0889709,-0.0690291,-0.0674952,1.90557,1.9071,-0.261143,-0.262677,0.527689,0.526155,0,0,0.745515,0.745515,
18428.4,-0.0889709,-0.0889709,-0.0690291,-0.0674952,1.90557,1.9071,-0.261143,-0.262677,0.527689,0.526155,0,0,0.745515,0.745515,
18448.4,-0.0889709,-0.0889709,-0.0690291,-0.0674952,1.90557,1.9071,-0.261143,-0.262677,0.527689,0.526155,0,0,0.745515,0.745515,
18468.5,-0.0889709,-0.0889709,-0.0690291,-0.0674952,1.90557,1.9071,-0.261143,-0.262677,0.527689,0.526155,0,0,0.745515,0.745515,
18488.4,-0.0889709,-0.0889709,-0.0690291,-0.0674952,1.90557,1.9071,-0.261143,-0.262677,0.527689,0.526155,0,0,0.745515,0.745515,
18508.4,-0.0889709,-0.0889709,-0.0690291,-0.0674952,1.90557,1.9071,-0.261143,-0.262677,0.527689,0.526155,0,0,0.745515,0.745515,
18528.4,-0.0889709,-0.0889709,-0.0690291,-0.0674952,1.90557,1.9071,-0.261143,-0.262677,0.527689,0.526155,0,0,0.745515,0.745515,
18548.5,-0.0889709,-0.0889709,-0.0690291,-0.0674952,1.90557,1.9071,-0.261143,-0.262677,0.527689,0.526155,0,0,0.745515,0.745515,
18568.5,-0.0889709,-0.0889709,-0.0690291,-0.0674952,1.90557,1.9071,-0.261143,-0.262677,0.527689,0.526155,0,0,0.745515,0.745515,
18588.4,-0.0889709,-0.0889709,-0.0690291,-0.0674952,1.90557,1.9071,-0.261143,-0.262677,0.527689,0.526155,0,0,0.745515,0.745515,
18608.5,-0.0889709,-0.0889709,-0.0690291,-0.0674952,1.90557,1.9071,-0.261143,-0.262677,0.527689,0.526155,0,0,0.745515,0.745515,
18628.5,-0.0889709,-0.0889709,-0.0690291,-0.0674952,1.90557,1.9071,-0.261143,-0.262677,0.527689,0.526155,0,0,0.745515,0.745515,
18648.5,-0.0889709,-0.0889709,-0.0690291,-0.0674952,1.90557,1.9071,-0.261143,-0.262677,0.527689,0.526155,0,0,0.745515,0.745515,
18668.4,-0.0889709,-0.0889709,-0.0690291,-0.0674952,1.90557,1.9071,-0.261143,-0.262677,0.527689,0.526155,0,0,0.745515,0.745515,
18688.4,-0.0889709,-0.0889709,-0.0690291,-0.0674952,1.90557,1.9071,-0.261143,-0.262677,0.527689,0.526155,0,0,0.745515,0.745515,
18708.4,-0.0889709,-0.0889709,-0.0690291,-0.0674952,1.90557,1.9071,-0.261143,-0.262677,0.527689,0.526155,0,0,0.745515,0.745515,
18728.4,-0.0889709,-0.0889709,-0.0690291,-0.0674952,1.90557,1.9071,-0.261143,-0.262677,0.527689,0.526155,0,0,0.745515,0.745515,
18748.4,-0.0889709,-0.0889709,-0.0690291,-0.0674952,1.90557,1.9071,-0.261143,-0.262677,0.527689,0.526155,0,0,0.745515,0.745515,
18768.4,-0.0889709,-0.0889709,-0.0690291,-0.0674952,1.90557,1.9071,-0.261143,-0.262677,0.527689,0.526155,0,0,0.745515,0.745515,
18788.4,-0.0889709,-0.0889709,-0.0690291,-0.0674952,1.90557,1.9071,-0.261143,-0.262677,0.527689,0.526155,0,0,0.745515,0.745515,
18808.5,-0.0889709,-0.0889709,-0.0690291,-0.0674952,1.90557,1.90557,-0.261143,-0.262677,0.527689,0.526155,0,0,0.745515,0.745515,
18828.4,-0.0889709,-0.0889709,-0.0690291,-0.0674952,1.90557,1.90557,-0.261143,-0.262677,0.527689,0.526155,0,0,0.745515,0.745515,
18848.4,-0.0889709,-0.0889709,-0.0690291,-0.0674952,1.90557,1.90557,-0.261143,-0.262677,0.527689,0.526155,0,0,0.745515,0.745515,
18868.5,-0.0889709,-0.0889709,-0.0690291,-0.0674952,1.90557,1.90557,-0.261143,-0.262677,0.527689,0.526155,0,0,0.745515,0.745515,
18888.5,-0.0889709,-0.0889709,-0.0690291,-0.0674952,1.90557,1.90557,-0.261143,-0.262677,0.527689,0.526155,0,0,0.745515,0.745515,
18908.4,-0.0889709,-0.0889709,-0.0690291,-0.0674952,1.90557,1.9071,-0.261143,-0.262677,0.527689,0.526155,0,0,0.745515,0.745515,
18928.3,-0.0889709,-0.0889709,-0.0690291,-0.0674952,1.90557,1.9071,-0.261143,-0.262677,0.527689,0.526155,0,0,0.745515,0.745515,
18948.3,-0.0889709,-0.0889709,-0.0690291,-0.0674952,1.90557,1.9071,-0.261143,-0.262677,0.527689,0.526155,0,0,0.745515,0.745515,
18968.4,-0.0889709,-0.0889709,-0.0690291,-0.0674952,1.90557,1.9071,-0.261143,-0.262677,0.527689,0.526155,0,0,0.745515,0.745515,
18988.3,-0.0889709,-0.0889709,-0.0690291,-0.0674952,1.90557,1.9071,-0.261143,-0.262677,0.527689,0.526155,0,0,0.745515,0.745515,
19008.4,-0.0889709,-0.0889709,-0.0690291,-0.0674952,1.90557,1.9071,-0.261143,-0.262677,0.527689,0.526155,0,0,0.745515,0.745515,
19028.4,-0.0889709,-0.0889709,-0.0690291,-0.0674952,1.90557,1.9071,-0.261143,-0.262677,0.527689,0.526155,0,0,0.745515,0.745515,
19048.5,-0.0889709,-0.0889709,-0.0690291,-0.0674952,1.90557,1.9071,-0.261143,-0.262677,0.527689,0.526155,0,0,0.745515,0.745515,
19068.4,-0.0889709,-0.0889709,-0.0690291,-0.0674952,1.90557,1.9071,-0.261143,-0.262677,0.527689,0.526155,0,0,0.745515,0.745515,
19088.5,-0.0889709,-0.0889709,-0.0690291,-0.0659612,1.90557,1.90557,-0.261143,-0.262677,0.527689,0.527689,0,0.00153398,0.745515,0.745515,
19108.5,-0.0889709,-0.0889709,-0.0690291,-0.0659612,1.90557,1.90557,-0.261143,-0.262677,0.527689,0.527689,0,0.00153398,0.745515,0.745515,
19128.4,-0.0889709,-0.0889709,-0.0690291,-0.0659612,1.90557,1.90557,-0.261143,-0.262677,0.527689,0.527689,0,0.00153398,0.745515,0.745515,
19148.5,-0.0889709,-0.0889709,-0.0690291,-0.0659612,1.90557,1.90557,-0.261143,-0.262677,0.527689,0.527689,0,0.00153398,0.745515,0.745515,
19168.4,-0.0889709,-0.0889709,-0.0690291,-0.0659612,1.90557,1.90557,-0.261143,-0.262677,0.527689,0.527689,0,0.00153398,0.745515,0.745515,
19188.4,-0.0889709,-0.0889709,-0.0690291,-0.0659612,1.90557,1.90557,-0.261143,-0.262677,0.527689,0.527689,0,0.00153398,0.745515,0.745515,
19208.4,-0.0889709,-0.0889709,-0.0690291,-0.0674952,1.90557,1.90557,-0.261143,-0.262677,0.527689,0.526155,0,0,0.745515,0.745515,
19228.4,-0.0889709,-0.0889709,-0.0690291,-0.0674952,1.90557,1.90557,-0.261143,-0.262677,0.527689,0.526155,0,0,0.745515,0.745515,
19248.4,-0.0889709,-0.0889709,-0.0690291,-0.0674952,1.90557,1.90557,-0.261143,-0.262677,0.527689,0.526155,0,0,0.745515,0.745515,
19268.4,-0.0889709,-0.0889709,-0.0690291,-0.0674952,1.90557,1.90557,-0.261143,-0.262677,0.527689,0.526155,0,0,0.745515,0.745515,
19288.4,-0.0889709,-0.0889709,-0.0690291,-0.0674952,1.90557,1.90557,-0.261143,-0.262677,0.527689,0.526155,0,0,0.745515,0.745515,
19308.3,-0.0889709,-0.0889709,-0.0690291,-0.0674952,1.90557,1.90557,-0.261143,-0.262677,0.527689,0.526155,0,0,0.745515,0.745515,
19328.3,-0.0889709,-0.0889709,-0.0690291,-0.0674952,1.90557,1.90557,-0.261143,-0.262677,0.527689,0.526155,0,0,0.745515,0.745515,
19348.3,-0.0889709,-0.0889709,-0.0690291,-0.0674952,1.90557,1.90557,-0.261143,-0.262677,0.527689,0.526155,0,0,0.745515,0.745515,
19368.4,-0.0889709,-0.0889709,-0.0690291,-0.0674952,1.90557,1.90557,-0.261143,-0.262677,0.527689,0.526155,0,0,0.745515,0.745515,
19388.3,-0.0889709,-0.0889709,-0.0690291,-0.0674952,1.90557,1.90557,-0.261143,-0.262677,0.527689,0.526155,0,0,0.745515,0.745515,
19408.3,-0.0889709,-0.0889709,-0.0690291,-0.0674952,1.90557,1.90557,-0.261143,-0.261143,0.527689,0.526155,0,0,0.745515,0.745515,
19428.3,-0.0889709,-0.0889709,-0.0690291,-0.0674952,1.90557,1.90557,-0.261143,-0.261143,0.527689,0.526155,0,0,0.745515,0.745515,
19448.3,-0.0889709,-0.0889709,-0.0690291,-0.0674952,1.90557,1.90557,-0.261143,-0.261143,0.527689,0.526155,0,0,0.745515,0.745515,
19468.4,-0.0889709,-0.0889709,-0.0690291,-0.0674952,1.90557,1.90557,-0.261143,-0.261143,0.527689,0.526155,0,0,0.745515,0.745515,
19488.3,-0.0889709,-0.0889709,-0.0690291,-0.0674952,1.90557,1.90557,-0.261143,-0.262677,0.527689,0.526155,0,0.00153398,0.745515,0.745515,
19508.4,-0.0889709,-0.0889709,-0.0690291,-0.0674952,1.90557,1.90557,-0.261143,-0.262677,0.527689,0.526155,0,0.00153398,0.745515,0.745515,
19528.3,-0.0889709,-0.0889709,-0.0690291,-0.0674952,1.90557,1.90557,-0.261143,-0.262677,0.527689,0.526155,0,0.00153398,0.745515,0.745515,
19548.3,-0.0889709,-0.0889709,-0.0690291,-0.0674952,1.90557,1.90557,-0.261143,-0.262677,0.527689,0.526155,0,0.00153398,0.745515,0.745515,
19568.4,-0.0889709,-0.0889709,-0.0690291,-0.0674952,1.90557,1.90557,-0.261143,-0.262677,0.527689,0.526155,0,0.00153398,0.745515,0.745515,
19588.4,-0.0889709,-0.0889709,-0.0690291,-0.0674952,1.90557,1.90557,-0.261143,-0.262677,0.527689,0.526155,0,0.00153398,0.745515,0.745515,
19608.4,-0.0889709,-0.0889709,-0.0690291,-0.0674952,1.90557,1.90557,-0.261143,-0.261143,0.527689,0.526155,0,0,0.745515,0.745515,
19628.3,-0.0889709,-0.0889709,-0.0690291,-0.0674952,1.90557,1.90557,-0.261143,-0.261143,0.527689,0.526155,0,0,0.745515,0.745515,
19648.3,-0.0889709,-0.0889709,-0.0690291,-0.0674952,1.90557,1.90557,-0.261143,-0.261143,0.527689,0.526155,0,0,0.745515,0.745515,
19668.4,-0.0889709,-0.0889709,-0.0690291,-0.0674952,1.90557,1.90557,-0.261143,-0.261143,0.527689,0.526155,0,0,0.745515,0.745515,
19688.4,-0.0889709,-0.0889709,-0.0690291,-0.0674952,1.90557,1.90557,-0.261143,-0.261143,0.527689,0.526155,0,0,0.745515,0.745515,
19708.3,-0.0889709,-0.0889709,-0.0690291,-0.0659612,1.90557,1.90557,-0.261143,-0.262677,0.527689,0.526155,0,0.00153398,0.745515,0.745515,
19728.4,-0.0889709,-0.0889709,-0.0690291,-0.0659612,1.90557,1.90557,-0.261143,-0.262677,0.527689,0.526155,0,0.00153398,0.745515,0.745515,
19748.4,-0.0889709,-0.0889709,-0.0690291,-0.0659612,1.90557,1.90557,-0.261143,-0.262677,0.527689,0.526155,0,0.00153398,0.745515,0.745515,
19768.3,-0.0889709,-0.0889709,-0.0690291,-0.0659612,1.90557,1.90557,-0.261143,-0.262677,0.527689,0.526155,0,0.00153398,0.745515,0.745515,
19788.3,-0.0889709,-0.0889709,-0.0690291,-0.0674952,1.90557,1.9071,-0.261143,-0.262677,0.527689,0.526155,0,0,0.745515,0.745515,
19808.4,-0.0889709,-0.0889709,-0.0690291,-0.0674952,1.90557,1.9071,-0.261143,-0.262677,0.527689,0.526155,0,0,0.745515,0.745515,
19828.4,-0.0889709,-0.0889709,-0.0690291,-0.0674952,1.90557,1.9071,-0.261143,-0.262677,0.527689,0.526155,0,0,0.745515,0.745515,
19848.3,-0.0889709,-0.0889709,-0.0690291,-0.0674952,1.90557,1.9071,-0.261143,-0.262677,0.527689,0.526155,0,0,0.745515,0.745515,
19868.4,-0.0889709,-0.0889709,-0.0690291,-0.0674952,1.90557,1.9071,-0.261143,-0.262677,0.527689,0.526155,0,0,0.745515,0.745515,
19888.3,-0.0889709,-0.0889709,-0.0690291,-0.0674952,1.90557,1.90557,-0.261143,-0.262677,0.527689,0.526155,0,0,0.745515,0.745515,
19908.4,-0.0889709,-0.0889709,-0.0690291,-0.0674952,1.90557,1.90557,-0.261143,-0.262677,0.527689,0.526155,0,0,0.745515,0.745515,
19928.3,-0.0889709,-0.0889709,-0.0690291,-0.0674952,1.90557,1.90557,-0.261143,-0.262677,0.527689,0.526155,0,0,0.745515,0.745515,
19948.4,-0.0889709,-0.0889709,-0.0690291,-0.0674952,1.90557,1.90557,-0.261143,-0.262677,0.527689,0.526155,0,0,0.745515,0.745515,
19968.4,-0.0889709,-0.0889709,-0.0690291,-0.0674952,1.90557,1.90557,-0.261143,-0.262677,0.527689,0.526155,0,0,0.745515,0.745515,
19988.3,-0.0889709,-0.0889709,-0.0690291,-0.0674952,1.90557,1.90557,-0.261143,-0.262677,0.527689,0.527689,0,0,0.745515,0.745515,
20008.4,-0.0889709,-0.0889709,-0.0690291,-0.0674952,1.90557,1.90557,-0.261143,-0.262677,0.527689,0.527689,0,0,0.745515,0.745515,
20028.4,-0.0889709,-0.0889709,-0.0690291,-0.0674952,1.90557,1.90557,-0.261143,-0.262677,0.527689,0.527689,0,0,0.745515,0.745515,
20048.3,-0.0889709,-0.0889709,-0.0690291,-0.0674952,1.90557,1.90557,-0.261143,-0.262677,0.527689,0.527689,0,0,0.745515,0.745515,
20068.4,-0.0889709,-0.0889709,-0.0690291,-0.0674952,1.90557,1.90557,-0.261143,-0.262677,0.527689,0.527689,0,0,0.745515,0.745515,
20088.4,-0.0889709,-0.0889709,-0.0690291,-0.0674952,1.90557,1.90557,-0.261143,-0.262677,0.527689,0.527689,0,0,0.745515,0.745515,
20108.3,-0.0889709,-0.0889709,-0.0690291,-0.0674952,1.90557,1.90557,-0.261143,-0.262677,0.527689,0.526155,0,0.00153398,0.745515,0.745515,
20128.3,-0.0889709,-0.0889709,-0.0690291,-0.0674952,1.90557,1.90557,-0.261143,-0.262677,0.527689,0.526155,0,0.00153398,0.745515,0.745515,
20148.4,-0.0889709,-0.0889709,-0.0690291,-0.0674952,1.90557,1.90557,-0.261143,-0.262677,0.527689,0.526155,0,0.00153398,0.745515,0.745515,
20168.4,-0.0889709,-0.0889709,-0.0690291,-0.0674952,1.90557,1.90557,-0.261143,-0.262677,0.527689,0.526155,0,0.00153398,0.745515,0.745515,
20188.4,-0.0889709,-0.0889709,-0.0690291,-0.0659612,1.90557,1.90557,-0.261143,-0.262677,0.527689,0.526155,0,0,0.745515,0.745515,
20208.4,-0.0889709,-0.0889709,-0.0690291,-0.0659612,1.90557,1.90557,-0.261143,-0.262677,0.527689,0.526155,0,0,0.745515,0.745515,
20228.4,-0.0889709,-0.0889709,-0.0690291,-0.0659612,1.90557,1.90557,-0.261143,-0.262677,0.527689,0.526155,0,0,0.745515,0.745515,
20248.4,-0.0889709,-0.0889709,-0.0690291,-0.0659612,1.90557,1.90557,-0.261143,-0.262677,0.527689,0.526155,0,0,0.745515,0.745515,
20268.4,-0.0889709,-0.0889709,-0.0690291,-0.0659612,1.90557,1.90557,-0.261143,-0.262677,0.527689,0.526155,0,0,0.745515,0.745515,
20288.4,-0.0889709,-0.0889709,-0.0690291,-0.0674952,1.90557,1.90557,-0.261143,-0.262677,0.527689,0.526155,0,0,0.745515,0.745515,
20308.4,-0.0889709,-0.0889709,-0.0690291,-0.0674952,1.90557,1.90557,-0.261143,-0.262677,0.527689,0.526155,0,0,0.745515,0.745515,
20328.3,-0.0889709,-0.0889709,-0.0690291,-0.0674952,1.90557,1.90557,-0.261143,-0.262677,0.527689,0.526155,0,0,0.745515,0.745515,
20348.3,-0.0889709,-0.0889709,-0.0690291,-0.0674952,1.90557,1.90557,-0.261143,-0.262677,0.527689,0.526155,0,0,0.745515,0.745515,
20368.4,-0.0889709,-0.0889709,-0.0690291,-0.0674952,1.90557,1.90557,-0.261143,-0.262677,0.527689,0.526155,0,0,0.745515,0.745515,
20388.4,-0.0889709,-0.0889709,-0.0690291,-0.0674952,1.90557,1.90557,-0.261143,-0.262677,0.527689,0.526155,0,0,0.745515,0.745515,
20408.4,-0.0889709,-0.0889709,-0.0690291,-0.0674952,1.90557,1.90557,-0.261143,-0.262677,0.527689,0.527689,0,0,0.745515,0.745515,
20428.3,-0.0889709,-0.0889709,-0.0690291,-0.0674952,1.90557,1.90557,-0.261143,-0.262677,0.527689,0.527689,0,0,0.745515,0.745515,
20448.4,-0.0889709,-0.0889709,-0.0690291,-0.0674952,1.90557,1.90557,-0.261143,-0.262677,0.527689,0.527689,0,0,0.745515,0.745515,
20468.3,-0.0889709,-0.0889709,-0.0690291,-0.0674952,1.90557,1.90557,-0.261143,-0.262677,0.527689,0.527689,0,0,0.745515,0.745515,
20488.4,-0.0889709,-0.0889709,-0.0690291,-0.0674952,1.90557,1.90557,-0.261143,-0.262677,0.527689,0.527689,0,0,0.745515,0.745515,
20508.3,-0.0889709,-0.0889709,-0.0690291,-0.0674952,1.90557,1.90557,-0.261143,-0.261143,0.527689,0.526155,0,0,0.745515,0.745515,
20528.4,-0.0889709,-0.0889709,-0.0690291,-0.0674952,1.90557,1.90557,-0.261143,-0.261143,0.527689,0.526155,0,0,0.745515,0.745515,
20548.4,-0.0889709,-0.0889709,-0.0690291,-0.0674952,1.90557,1.90557,-0.261143,-0.261143,0.527689,0.526155,0,0,0.745515,0.745515,
20568.4,-0.0889709,-0.0889709,-0.0690291,-0.0674952,1.90557,1.90557,-0.261143,-0.261143,0.527689,0.526155,0,0,0.745515,0.745515,
20588.4,-0.0889709,-0.0889709,-0.0690291,-0.0674952,1.90557,1.9071,-0.261143,-0.261143,0.527689,0.526155,0,0,0.745515,0.745515,
20608.5,-0.0889709,-0.0889709,-0.0690291,-0.0674952,1.90557,1.9071,-0.261143,-0.261143,0.527689,0.526155,0,0,0.745515,0.745515,
20628.4,-0.0889709,-0.0889709,-0.0690291,-0.0674952,1.90557,1.9071,-0.261143,-0.261143,0.527689,0.526155,0,0,0.745515,0.745515,
20648.4,-0.0889709,-0.0889709,-0.0690291,-0.0674952,1.90557,1.9071,-0.261143,-0.261143,0.527689,0.526155,0,0,0.745515,0.745515,
20668.3,-0.0889709,-0.0889709,-0.0690291,-0.0674952,1.90557,1.9071,-0.261143,-0.261143,0.527689,0.526155,0,0,0.745515,0.745515,
20688.5,-0.0889709,-0.0889709,-0.0690291,-0.0674952,1.90557,1.90557,-0.261143,-0.262677,0.527689,0.526155,0,0,0.745515,0.745515,
20708.4,-0.0889709,-0.0889709,-0.0690291,-0.0674952,1.90557,1.90557,-0.261143,-0.262677,0.527689,0.526155,0,0,0.745515,0.745515,
20728.4,-0.0889709,-0.0889709,-0.0690291,-0.0674952,1.90557,1.90557,-0.261143,-0.262677,0.527689,0.526155,0,0,0.745515,0.745515,
20748.4,-0.0889709,-0.0889709,-0.0690291,-0.0674952,1.90557,1.90557,-0.261143,-0.262677,0.527689,0.526155,0,0,0.745515,0.745515,
20768.5,-0.0889709,-0.0889709,-0.0690291,-0.0674952,1.90557,1.90557,-0.261143,-0.262677,0.527689,0.526155,0,0,0.745515,0.745515,
20788.4,-0.0889709,-0.0889709,-0.0690291,-0.0674952,1.90557,1.90557,-0.261143,-0.262677,0.527689,0.526155,0,0,0.745515,0.745515,
20808.4,-0.0889709,-0.0889709,-0.0690291,-0.0674952,1.90557,1.90557,-0.261143,-0.262677,0.527689,0.526155,0,0,0.745515,0.745515,
20828.4,-0.0889709,-0.0889709,-0.0690291,-0.0674952,1.90557,1.90557,-0.261143,-0.262677,0.527689,0.526155,0,0,0.745515,0.745515,
20848.3,-0.0889709,-0.0889709,-0.0690291,-0.0674952,1.90557,1.90557,-0.261143,-0.262677,0.527689,0.526155,0,0,0.745515,0.745515,
20868.3,-0.0889709,-0.0889709,-0.0690291,-0.0674952,1.90557,1.90557,-0.261143,-0.262677,0.527689,0.526155,0,0,0.745515,0.745515,
20888.4,-0.0889709,-0.0889709,-0.0690291,-0.0674952,1.90557,1.90557,-0.261143,-0.262677,0.527689,0.526155,0,0,0.745515,0.745515,
20908.4,-0.0889709,-0.0889709,-0.0690291,-0.0674952,1.90557,1.90557,-0.261143,-0.261143,0.527689,0.526155,0,0.00153398,0.745515,0.745515,
20928.4,-0.0889709,-0.0889709,-0.0690291,-0.0674952,1.90557,1.90557,-0.261143,-0.261143,0.527689,0.526155,0,0.00153398,0.745515,0.745515,
20948.4,-0.0889709,-0.0889709,-0.0690291,-0.0674952,1.90557,1.90557,-0.261143,-0.261143,0.527689,0.526155,0,0.00153398,0.745515,0.745515,
20968.4,-0.0889709,-0.0889709,-0.0690291,-0.0674952,1.90557,1.90557,-0.261143,-0.261143,0.527689,0.526155,0,0.00153398,0.745515,0.745515,
20988.4,-0.0889709,-0.0889709,-0.0690291,-0.0674952,1.90557,1.90557,-0.261143,-0.261143,0.527689,0.526155,0,0.00153398,0.745515,0.745515,
21008.4,-0.0889709,-0.0889709,-0.0690291,-0.0674952,1.90557,1.90557,-0.261143,-0.262677,0.527689,0.526155,0,0,0.745515,0.745515,
21028.5,-0.0889709,-0.0889709,-0.0690291,-0.0674952,1.90557,1.90557,-0.261143,-0.262677,0.527689,0.526155,0,0,0.745515,0.745515,
21048.4,-0.0889709,-0.0889709,-0.0690291,-0.0674952,1.90557,1.90557,-0.261143,-0.262677,0.527689,0.526155,0,0,0.745515,0.745515,
21068.5,-0.0889709,-0.0889709,-0.0690291,-0.0674952,1.90557,1.90557,-0.261143,-0.262677,0.527689,0.526155,0,0,0.745515,0.745515,
21088.3,-0.0889709,-0.0889709,-0.0690291,-0.0674952,1.90557,1.90557,-0.261143,-0.262677,0.527689,0.526155,0,0,0.745515,0.745515,
21108.3,-0.0889709,-0.0889709,-0.0690291,-0.0674952,1.90557,1.90557,-0.261143,-0.262677,0.527689,0.526155,0,0,0.745515,0.745515,
21128.4,-0.0889709,-0.0889709,-0.0690291,-0.0674952,1.90557,1.90557,-0.261143,-0.262677,0.527689,0.526155,0,0,0.745515,0.745515,
21148.3,-0.0889709,-0.0889709,-0.0690291,-0.0674952,1.90557,1.90557,-0.261143,-0.262677,0.527689,0.526155,0,0,0.745515,0.745515,
21168.4,-0.0889709,-0.0889709,-0.0690291,-0.0674952,1.90557,1.90557,-0.261143,-0.262677,0.527689,0.526155,0,0,0.745515,0.745515,
21188.4,-0.0889709,-0.0889709,-0.0690291,-0.0674952,1.90557,1.90557,-0.261143,-0.262677,0.527689,0.526155,0,0,0.745515,0.745515,
21208.5,-0.0889709,-0.0889709,-0.0690291,-0.0659612,1.90557,1.90557,-0.261143,-0.262677,0.527689,0.526155,0,0.00153398,0.745515,0.745515,
21228.5,-0.0889709,-0.0889709,-0.0690291,-0.0659612,1.90557,1.90557,-0.261143,-0.262677,0.527689,0.526155,0,0.00153398,0.745515,0.745515,
21248.5,-0.0889709,-0.0889709,-0.0690291,-0.0659612,1.90557,1.90557,-0.261143,-0.262677,0.527689,0.526155,0,0.00153398,0.745515,0.745515,
21268.5,-0.0889709,-0.0889709,-0.0690291,-0.0659612,1.90557,1.90557,-0.261143,-0.262677,0.527689,0.526155,0,0.00153398,0.745515,0.745515,
21288.5,-0.0889709,-0.0889709,-0.0690291,-0.0659612,1.90557,1.90557,-0.261143,-0.262677,0.527689,0.526155,0,0.00153398,0.745515,0.745515,
21308.5,-0.0889709,-0.0889709,-0.0690291,-0.0674952,1.90557,1.90557,-0.261143,-0.262677,0.527689,0.526155,0,0,0.745515,0.745515,
21328.5,-0.0889709,-0.0889709,-0.0690291,-0.0674952,1.90557,1.90557,-0.261143,-0.262677,0.527689,0.526155,0,0,0.745515,0.745515,
21348.5,-0.0889709,-0.0889709,-0.0690291,-0.0674952,1.90557,1.90557,-0.261143,-0.262677,0.527689,0.526155,0,0,0.745515,0.745515,
21368.4,-0.0889709,-0.0889709,-0.0690291,-0.0674952,1.90557,1.90557,-0.261143,-0.262677,0.527689,0.526155,0,0,0.745515,0.745515,
21388.4,-0.0889709,-0.0889709,-0.0690291,-0.0674952,1.90557,1.90557,-0.261143,-0.262677,0.527689,0.526155,0,0,0.745515,0.745515,
21408.3,-0.0889709,-0.0889709,-0.0690291,-0.0674952,1.90557,1.90557,-0.261143,-0.261143,0.527689,0.526155,0,0,0.745515,0.745515,
21428.4,-0.0889709,-0.0889709,-0.0690291,-0.0674952,1.90557,1.90557,-0.261143,-0.261143,0.527689,0.526155,0,0,0.745515,0.745515,
21448.4,-0.0889709,-0.0889709,-0.0690291,-0.0674952,1.90557,1.90557,-0.261143,-0.261143,0.527689,0.526155,0,0,0.745515,0.745515,
21468.4,-0.0889709,-0.0889709,-0.0690291,-0.0674952,1.90557,1.90557,-0.261143,-0.261143,0.527689,0.526155,0,0,0.745515,0.745515,
21488.4,-0.0889709,-0.0889709,-0.0690291,-0.0674952,1.90557,1.90557,-0.261143,-0.262677,0.527689,0.526155,0,0,0.745515,0.745515,
21508.5,-0.0889709,-0.0889709,-0.0690291,-0.0674952,1.90557,1.90557,-0.261143,-0.262677,0.527689,0.526155,0,0,0.745515,0.745515,
21528.4,-0.0889709,-0.0889709,-0.0690291,-0.0674952,1.90557,1.90557,-0.261143,-0.262677,0.527689,0.526155,0,0,0.745515,0.745515,
21548.4,-0.0889709,-0.0889709,-0.0690291,-0.0674952,1.90557,1.90557,-0.261143,-0.262677,0.527689,0.526155,0,0,0.745515,0.745515,
21568.5,-0.0889709,-0.0889709,-0.0690291,-0.0674952,1.90557,1.90557,-0.261143,-0.262677,0.527689,0.526155,0,0,0.745515,0.745515,
21588.5,-0.0889709,-0.0889709,-0.0690291,-0.0674952,1.90557,1.90557,-0.261143,-0.262677,0.527689,0.526155,0,0,0.745515,0.745515,
21608.4,-0.0889709,-0.0889709,-0.0690291,-0.0674952,1.90557,1.90557,-0.261143,-0.262677,0.527689,0.526155,0,0,0.745515,0.745515,
21628.5,-0.0889709,-0.0889709,-0.0690291,-0.0674952,1.90557,1.90557,-0.261143,-0.262677,0.527689,0.526155,0,0,0.745515,0.745515,
21648.5,-0.0889709,-0.0889709,-0.0690291,-0.0674952,1.90557,1.90557,-0.261143,-0.262677,0.527689,0.526155,0,0,0.745515,0.745515,
21668.5,-0.0889709,-0.0889709,-0.0690291,-0.0674952,1.90557,1.90557,-0.261143,-0.262677,0.527689,0.526155,0,0,0.745515,0.745515,
21688.5,-0.0889709,-0.0889709,-0.0690291,-0.0674952,1.90557,1.90557,-0.261143,-0.262677,0.527689,0.526155,0,0,0.745515,0.745515,
21708.5,-0.0889709,-0.0889709,-0.0690291,-0.0674952,1.90557,1.90557,-0.261143,-0.262677,0.527689,0.526155,0,0,0.745515,0.745515,
21728.5,-0.0889709,-0.0889709,-0.0690291,-0.0674952,1.90557,1.90557,-0.261143,-0.262677,0.527689,0.526155,0,0,0.745515,0.745515,
21748.5,-0.0889709,-0.0889709,-0.0690291,-0.0674952,1.90557,1.90557,-0.261143,-0.262677,0.527689,0.526155,0,0,0.745515,0.745515,
21768.4,-0.0889709,-0.0889709,-0.0690291,-0.0674952,1.90557,1.90557,-0.261143,-0.262677,0.527689,0.526155,0,0,0.745515,0.745515,
21788.4,-0.0889709,-0.0889709,-0.0690291,-0.0674952,1.90557,1.90557,-0.261143,-0.262677,0.527689,0.526155,0,0,0.745515,0.745515,
21808.4,-0.0889709,-0.0889709,-0.0690291,-0.0674952,1.90557,1.90557,-0.261143,-0.262677,0.527689,0.526155,0,0,0.745515,0.745515,
21828.4,-0.0889709,-0.0889709,-0.0690291,-0.0674952,1.90557,1.90557,-0.261143,-0.262677,0.527689,0.526155,0,0,0.745515,0.745515,
21848.4,-0.0889709,-0.0889709,-0.0690291,-0.0674952,1.90557,1.90557,-0.261143,-0.262677,0.527689,0.526155,0,0,0.745515,0.745515,
21868.4,-0.0889709,-0.0889709,-0.0690291,-0.0674952,1.90557,1.90557,-0.261143,-0.262677,0.527689,0.526155,0,0,0.745515,0.745515,
21888.4,-0.0889709,-0.0889709,-0.0690291,-0.0674952,1.90557,1.90557,-0.261143,-0.262677,0.527689,0.526155,0,0,0.745515,0.745515,
21908.4,-0.0889709,-0.0889709,-0.0690291,-0.0674952,1.90557,1.90557,-0.261143,-0.262677,0.527689,0.526155,0,0,0.745515,0.745515,
21928.3,-0.0889709,-0.0889709,-0.0690291,-0.0674952,1.90557,1.90557,-0.261143,-0.262677,0.527689,0.526155,0,0,0.745515,0.745515,
21948.5,-0.0889709,-0.0889709,-0.0690291,-0.0674952,1.90557,1.90557,-0.261143,-0.262677,0.527689,0.526155,0,0,0.745515,0.745515,
21968.5,-0.0889709,-0.0889709,-0.0690291,-0.0674952,1.90557,1.90557,-0.261143,-0.262677,0.527689,0.526155,0,0,0.745515,0.745515,
21988.4,-0.0889709,-0.0889709,-0.0690291,-0.0674952,1.90557,1.90557,-0.261143,-0.261143,0.527689,0.526155,0,0,0.745515,0.745515,
22008.5,-0.0889709,-0.0889709,-0.0690291,-0.0674952,1.90557,1.90557,-0.261143,-0.261143,0.527689,0.526155,0,0,0.745515,0.745515,
22028.4,-0.0889709,-0.0889709,-0.0690291,-0.0674952,1.90557,1.90557,-0.261143,-0.261143,0.527689,0.526155,0,0,0.745515,0.745515,
22048.5,-0.0889709,-0.0889709,-0.0690291,-0.0674952,1.90557,1.90557,-0.261143,-0.261143,0.527689,0.526155,0,0,0.745515,0.745515,
22068.5,-0.0889709,-0.0889709,-0.0690291,-0.0674952,1.90557,1.90557,-0.261143,-0.261143,0.527689,0.526155,0,0,0.745515,0.745515,
22088.4,-0.0889709,-0.0889709,-0.0690291,-0.0674952,1.90557,1.90557,-0.261143,-0.261143,0.527689,0.526155,0,0,0.745515,0.745515,
22108.5,-0.0889709,-0.0889709,-0.0690291,-0.0674952,1.90557,1.90557,-0.261143,-0.262677,0.527689,0.527689,0,0,0.745515,0.745515,
22128.4,-0.0889709,-0.0889709,-0.0690291,-0.0674952,1.90557,1.90557,-0.261143,-0.262677,0.527689,0.527689,0,0,0.745515,0.745515,
22148.4,-0.0889709,-0.0889709,-0.0690291,-0.0674952,1.90557,1.90557,-0.261143,-0.262677,0.527689,0.527689,0,0,0.745515,0.745515,
22168.4,-0.0889709,-0.0889709,-0.0690291,-0.0674952,1.90557,1.90557,-0.261143,-0.262677,0.527689,0.527689,0,0,0.745515,0.745515,
22188.4,-0.0889709,-0.0889709,-0.0690291,-0.0674952,1.90557,1.90557,-0.261143,-0.262677,0.527689,0.527689,0,0,0.745515,0.745515,
22208.4,-0.0889709,-0.0889709,-0.0690291,-0.0674952,1.90557,1.90557,-0.261143,-0.261143,0.527689,0.526155,0,0,0.745515,0.745515,
22228.4,-0.0889709,-0.0889709,-0.0690291,-0.0674952,1.90557,1.90557,-0.261143,-0.261143,0.527689,0.526155,0,0,0.745515,0.745515,
22248.4,-0.0889709,-0.0889709,-0.0690291,-0.0674952,1.90557,1.90557,-0.261143,-0.261143,0.527689,0.526155,0,0,0.745515,0.745515,
22268.5,-0.0889709,-0.0889709,-0.0690291,-0.0674952,1.90557,1.90557,-0.261143,-0.261143,0.527689,0.526155,0,0,0.745515,0.745515,
22288.4,-0.0889709,-0.0889709,-0.0690291,-0.0674952,1.90557,1.90557,-0.261143,-0.262677,0.527689,0.526155,0,0,0.745515,0.745515,
22308.5,-0.0889709,-0.0889709,-0.0690291,-0.0674952,1.90557,1.90557,-0.261143,-0.262677,0.527689,0.526155,0,0,0.745515,0.745515,
22328.4,-0.0889709,-0.0889709,-0.0690291,-0.0674952,1.90557,1.90557,-0.261143,-0.262677,0.527689,0.526155,0,0,0.745515,0.745515,
22348.4,-0.0889709,-0.0889709,-0.0690291,-0.0674952,1.90557,1.90557,-0.261143,-0.262677,0.527689,0.526155,0,0,0.745515,0.745515,
22368.4,-0.0889709,-0.0889709,-0.0690291,-0.0674952,1.90557,1.90557,-0.261143,-0.262677,0.527689,0.526155,0,0,0.745515,0.745515,
22388.4,-0.0889709,-0.0889709,-0.0690291,-0.0674952,1.90557,1.90557,-0.261143,-0.262677,0.527689,0.526155,0,0,0.745515,0.745515,
22408.4,-0.0889709,-0.0889709,-0.0690291,-0.0674952,1.90557,1.90557,-0.261143,-0.262677,0.527689,0.526155,0,0,0.745515,0.745515,
22428.4,-0.0889709,-0.0889709,-0.0690291,-0.0674952,1.90557,1.90557,-0.261143,-0.262677,0.527689,0.526155,0,0,0.745515,0.745515,
22448.4,-0.0889709,-0.0889709,-0.0690291,-0.0674952,1.90557,1.90557,-0.261143,-0.262677,0.527689,0.526155,0,0,0.745515,0.745515,
22468.4,-0.0889709,-0.0889709,-0.0690291,-0.0674952,1.90557,1.90557,-0.261143,-0.262677,0.527689,0.526155,0,0,0.745515,0.745515,
22488.5,-0.0889709,-0.0889709,-0.0690291,-0.0674952,1.90557,1.90557,-0.261143,-0.262677,0.527689,0.526155,0,0,0.745515,0.745515,
22508.4,-0.0889709,-0.0889709,-0.0690291,-0.0674952,1.90557,1.90557,-0.261143,-0.262677,0.527689,0.526155,0,0,0.745515,0.745515,
22528.5,-0.0889709,-0.0889709,-0.0690291,-0.0674952,1.90557,1.90557,-0.261143,-0.262677,0.527689,0.526155,0,0,0.745515,0.745515,
22548.5,-0.0889709,-0.0889709,-0.0690291,-0.0674952,1.90557,1.90557,-0.261143,-0.262677,0.527689,0.526155,0,0,0.745515,0.745515,
22568.5,-0.0889709,-0.0889709,-0.0690291,-0.0674952,1.90557,1.90557,-0.261143,-0.262677,0.527689,0.526155,0,0,0.745515,0.745515,
22588.4,-0.0889709,-0.0889709,-0.0690291,-0.0674952,1.90557,1.90557,-0.261143,-0.262677,0.527689,0.526155,0,0,0.745515,0.745515,
22608.5,-0.0889709,-0.0889709,-0.0690291,-0.0674952,1.90557,1.90557,-0.261143,-0.261143,0.527689,0.526155,0,0,0.745515,0.745515,
22628.5,-0.0889709,-0.0889709,-0.0690291,-0.0674952,1.90557,1.90557,-0.261143,-0.261143,0.527689,0.526155,0,0,0.745515,0.745515,
22648.4,-0.0889709,-0.0889709,-0.0690291,-0.0674952,1.90557,1.90557,-0.261143,-0.261143,0.527689,0.526155,0,0,0.745515,0.745515,
22668.5,-0.0889709,-0.0889709,-0.0690291,-0.0674952,1.90557,1.90557,-0.261143,-0.261143,0.527689,0.526155,0,0,0.745515,0.745515,
22688.5,-0.0889709,-0.0889709,-0.0690291,-0.0674952,1.90557,1.90557,-0.261143,-0.262677,0.527689,0.526155,0,0,0.745515,0.745515,
22708.4,-0.0889709,-0.0889709,-0.0690291,-0.0674952,1.90557,1.90557,-0.261143,-0.262677,0.527689,0.526155,0,0,0.745515,0.745515,
22728.5,-0.0889709,-0.0889709,-0.0690291,-0.0674952,1.90557,1.90557,-0.261143,-0.262677,0.527689,0.526155,0,0,0.745515,0.745515,
22748.5,-0.0889709,-0.0889709,-0.0690291,-0.0674952,1.90557,1.90557,-0.261143,-0.262677,0.527689,0.526155,0,0,0.745515,0.745515,
22768.5,-0.0889709,-0.0889709,-0.0690291,-0.0674952,1.90557,1.90557,-0.261143,-0.262677,0.527689,0.526155,0,0,0.745515,0.745515,
22788.5,-0.0889709,-0.0889709,-0.0690291,-0.0674952,1.90557,1.90557,-0.261143,-0.262677,0.527689,0.526155,0,0,0.745515,0.745515,
22808.4,-0.0889709,-0.0889709,-0.0690291,-0.0674952,1.90557,1.90557,-0.261143,-0.262677,0.527689,0.526155,0,0,0.745515,0.745515,
22828.5,-0.0889709,-0.0889709,-0.0690291,-0.0674952,1.90557,1.90557,-0.261143,-0.262677,0.527689,0.526155,0,0,0.745515,0.745515,
22848.4,-0.0889709,-0.0889709,-0.0690291,-0.0674952,1.90557,1.90557,-0.261143,-0.262677,0.527689,0.526155,0,0,0.745515,0.745515,
22868.5,-0.0889709,-0.0889709,-0.0690291,-0.0674952,1.90557,1.90557,-0.261143,-0.262677,0.527689,0.526155,0,0,0.745515,0.745515,
22888.5,-0.0889709,-0.0889709,-0.0690291,-0.0674952,1.90557,1.90557,-0.261143,-0.262677,0.527689,0.526155,0,0,0.745515,0.745515,
22908.5,-0.0889709,-0.0889709,-0.0690291,-0.0674952,1.90557,1.90557,-0.261143,-0.262677,0.527689,0.527689,0,0,0.745515,0.745515,
22928.5,-0.0889709,-0.0889709,-0.0690291,-0.0674952,1.90557,1.90557,-0.261143,-0.262677,0.527689,0.527689,0,0,0.745515,0.745515,
22948.5,-0.0889709,-0.0889709,-0.0690291,-0.0674952,1.90557,1.90557,-0.261143,-0.262677,0.527689,0.527689,0,0,0.745515,0.745515,
22968.5,-0.0889709,-0.0889709,-0.0690291,-0.0674952,1.90557,1.90557,-0.261143,-0.262677,0.527689,0.527689,0,0,0.745515,0.745515,
22988.4,-0.0889709,-0.0889709,-0.0690291,-0.0674952,1.90557,1.90557,-0.261143,-0.262677,0.527689,0.526155,0,0,0.745515,0.745515,
23008.5,-0.0889709,-0.0889709,-0.0690291,-0.0674952,1.90557,1.90557,-0.261143,-0.262677,0.527689,0.526155,0,0,0.745515,0.745515,
23028.5,-0.0889709,-0.0889709,-0.0690291,-0.0674952,1.90557,1.90557,-0.261143,-0.262677,0.527689,0.526155,0,0,0.745515,0.745515,
23048.5,-0.0889709,-0.0889709,-0.0690291,-0.0674952,1.90557,1.90557,-0.261143,-0.262677,0.527689,0.526155,0,0,0.745515,0.745515,
23068.4,-0.0889709,-0.0889709,-0.0690291,-0.0674952,1.90557,1.90557,-0.261143,-0.262677,0.527689,0.526155,0,0,0.745515,0.745515,
23088.4,-0.0889709,-0.0889709,-0.0690291,-0.0674952,1.90557,1.90557,-0.261143,-0.262677,0.527689,0.526155,0,0,0.745515,0.745515,
23108.5,-0.0889709,-0.0889709,-0.0690291,-0.0674952,1.90557,1.90557,-0.261143,-0.262677,0.527689,0.526155,0,0,0.745515,0.745515,
23128.4,-0.0889709,-0.0889709,-0.0690291,-0.0674952,1.90557,1.90557,-0.261143,-0.262677,0.527689,0.526155,0,0,0.745515,0.745515,
23148.5,-0.0889709,-0.0889709,-0.0690291,-0.0674952,1.90557,1.90557,-0.261143,-0.262677,0.527689,0.526155,0,0,0.745515,0.745515,
23168.4,-0.0889709,-0.0889709,-0.0690291,-0.0674952,1.90557,1.90557,-0.261143,-0.262677,0.527689,0.526155,0,0,0.745515,0.745515,
23188.4,-0.0889709,-0.0889709,-0.0690291,-0.0674952,1.90557,1.90557,-0.261143,-0.262677,0.527689,0.527689,0,0,0.745515,0.745515,
23208.4,-0.0889709,-0.0889709,-0.0690291,-0.0674952,1.90557,1.90557,-0.261143,-0.262677,0.527689,0.527689,0,0,0.745515,0.745515,
23228.4,-0.0889709,-0.0889709,-0.0690291,-0.0674952,1.90557,1.90557,-0.261143,-0.262677,0.527689,0.527689,0,0,0.745515,0.745515,
23248.5,-0.0889709,-0.0889709,-0.0690291,-0.0674952,1.90557,1.90557,-0.261143,-0.262677,0.527689,0.527689,0,0,0.745515,0.745515,
23268.4,-0.0889709,-0.0889709,-0.0690291,-0.0674952,1.90557,1.90557,-0.261143,-0.262677,0.527689,0.527689,0,0,0.745515,0.745515,
23288.5,-0.0889709,-0.0889709,-0.0690291,-0.0674952,1.90557,1.90557,-0.261143,-0.262677,0.527689,0.527689,0,0,0.745515,0.745515,
23308.5,-0.0889709,-0.0889709,-0.0690291,-0.0674952,1.90557,1.90557,-0.261143,-0.261143,0.527689,0.526155,0,0,0.745515,0.745515,
23328.5,-0.0889709,-0.0889709,-0.0690291,-0.0674952,1.90557,1.90557,-0.261143,-0.261143,0.527689,0.526155,0,0,0.745515,0.745515,
23348.4,-0.0889709,-0.0889709,-0.0690291,-0.0674952,1.90557,1.90557,-0.261143,-0.261143,0.527689,0.526155,0,0,0.745515,0.745515,
23368.5,-0.0889709,-0.0889709,-0.0690291,-0.0674952,1.90557,1.90557,-0.261143,-0.261143,0.527689,0.526155,0,0,0.745515,0.745515,
23388.4,-0.0889709,-0.0889709,-0.0690291,-0.0674952,1.90557,1.90557,-0.261143,-0.261143,0.527689,0.526155,0,0,0.745515,0.745515,
23408.4,-0.0889709,-0.0889709,-0.0690291,-0.0674952,1.90557,1.90557,-0.261143,-0.261143,0.527689,0.527689,0,0.00153398,0.745515,0.745515,
23428.4,-0.0889709,-0.0889709,-0.0690291,-0.0674952,1.90557,1.90557,-0.261143,-0.261143,0.527689,0.527689,0,0.00153398,0.745515,0.745515,
23448.4,-0.0889709,-0.0889709,-0.0690291,-0.0674952,1.90557,1.90557,-0.261143,-0.261143,0.527689,0.527689,0,0.00153398,0.745515,0.745515,
23468.4,-0.0889709,-0.0889709,-0.0690291,-0.0674952,1.90557,1.90557,-0.261143,-0.261143,0.527689,0.527689,0,0.00153398,0.745515,0.745515,
23488.3,-0.0889709,-0.0889709,-0.0690291,-0.0674952,1.90557,1.90557,-0.261143,-0.262677,0.527689,0.527689,0,0,0.745515,0.745515,
23508.4,-0.0889709,-0.0889709,-0.0690291,-0.0674952,1.90557,1.90557,-0.261143,-0.262677,0.527689,0.527689,0,0,0.745515,0.745515,
23528.3,-0.0889709,-0.0889709,-0.0690291,-0.0674952,1.90557,1.90557,-0.261143,-0.262677,0.527689,0.527689,0,0,0.745515,0.745515,
23548.4,-0.0889709,-0.0889709,-0.0690291,-0.0674952,1.90557,1.90557,-0.261143,-0.262677,0.527689,0.527689,0,0,0.745515,0.745515,
23568.4,-0.0889709,-0.0889709,-0.0690291,-0.0674952,1.90557,1.90557,-0.261143,-0.262677,0.527689,0.527689,0,0,0.745515,0.745515,
23588.3,-0.0889709,-0.0889709,-0.0690291,-0.0674952,1.90557,1.90557,-0.261143,-0.262677,0.527689,0.526155,0,0,0.745515,0.745515,
23608.4,-0.0889709,-0.0889709,-0.0690291,-0.0674952,1.90557,1.90557,-0.261143,-0.262677,0.527689,0.526155,0,0,0.745515,0.745515,
23628.4,-0.0889709,-0.0889709,-0.0690291,-0.0674952,1.90557,1.90557,-0.261143,-0.262677,0.527689,0.526155,0,0,0.745515,0.745515,
23648.3,-0.0889709,-0.0889709,-0.0690291,-0.0674952,1.90557,1.90557,-0.261143,-0.262677,0.527689,0.526155,0,0,0.745515,0.745515,
23668.4,-0.0889709,-0.0889709,-0.0690291,-0.0674952,1.90557,1.90557,-0.261143,-0.262677,0.527689,0.526155,0,0,0.745515,0.745515,
23688.4,-0.0889709,-0.0889709,-0.0690291,-0.0674952,1.90557,1.90557,-0.261143,-0.262677,0.527689,0.526155,0,0,0.745515,0.745515,
23708.4,-0.0889709,-0.0889709,-0.0690291,-0.0674952,1.90557,1.90557,-0.261143,-0.262677,0.527689,0.526155,0,0,0.745515,0.745515,
23728.4,-0.0889709,-0.0889709,-0.0690291,-0.0674952,1.90557,1.90557,-0.261143,-0.262677,0.527689,0.526155,0,0,0.745515,0.745515,
23748.4,-0.0889709,-0.0889709,-0.0690291,-0.0674952,1.90557,1.90557,-0.261143,-0.262677,0.527689,0.526155,0,0,0.745515,0.745515,
23768.4,-0.0889709,-0.0889709,-0.0690291,-0.0674952,1.90557,1.90557,-0.261143,-0.262677,0.527689,0.526155,0,0,0.745515,0.745515,
23788.4,-0.0889709,-0.0889709,-0.0690291,-0.0674952,1.90557,1.90557,-0.261143,-0.262677,0.527689,0.527689,0,0,0.745515,0.745515,
23808.4,-0.0889709,-0.0889709,-0.0690291,-0.0674952,1.90557,1.90557,-0.261143,-0.262677,0.527689,0.527689,0,0,0.745515,0.745515,
23828.4,-0.0889709,-0.0889709,-0.0690291,-0.0674952,1.90557,1.90557,-0.261143,-0.262677,0.527689,0.527689,0,0,0.745515,0.745515,
23848.4,-0.0889709,-0.0889709,-0.0690291,-0.0674952,1.90557,1.90557,-0.261143,-0.262677,0.527689,0.527689,0,0,0.745515,0.745515,
23868.4,-0.0889709,-0.0889709,-0.0690291,-0.0674952,1.90557,1.90557,-0.261143,-0.262677,0.527689,0.527689,0,0,0.745515,0.745515,
23888.4,-0.0889709,-0.0889709,-0.0690291,-0.0674952,1.90557,1.90557,-0.261143,-0.262677,0.527689,0.527689,0,0,0.745515,0.745515,
23908.4,-0.0889709,-0.0889709,-0.0690291,-0.0674952,1.90557,1.90557,-0.261143,-0.262677,0.527689,0.527689,0,0,0.745515,0.745515,
23928.4,-0.0889709,-0.0889709,-0.0690291,-0.0674952,1.90557,1.90557,-0.261143,-0.262677,0.527689,0.527689,0,0,0.745515,0.745515,
23948.3,-0.0889709,-0.0889709,-0.0690291,-0.0674952,1.90557,1.90557,-0.261143,-0.262677,0.527689,0.527689,0,0,0.745515,0.745515,
23968.3,-0.0889709,-0.0889709,-0.0690291,-0.0674952,1.90557,1.90557,-0.261143,-0.262677,0.527689,0.527689,0,0,0.745515,0.745515,
23988.3,-0.0889709,-0.0889709,-0.0690291,-0.0674952,1.90557,1.90557,-0.261143,-0.262677,0.527689,0.526155,0,0,0.745515,0.745515,
24008.3,-0.0889709,-0.0889709,-0.0690291,-0.0674952,1.90557,1.90557,-0.261143,-0.262677,0.527689,0.526155,0,0,0.745515,0.745515,
24028.4,-0.0889709,-0.0889709,-0.0690291,-0.0674952,1.90557,1.90557,-0.261143,-0.262677,0.527689,0.526155,0,0,0.745515,0.745515,
24048.4,-0.0889709,-0.0889709,-0.0690291,-0.0674952,1.90557,1.90557,-0.261143,-0.262677,0.527689,0.526155,0,0,0.745515,0.745515,
24068.4,-0.0889709,-0.0889709,-0.0690291,-0.0674952,1.90557,1.90557,-0.261143,-0.262677,0.527689,0.526155,0,0,0.745515,0.745515,
24088.4,-0.0889709,-0.0889709,-0.0690291,-0.0674952,1.90557,1.90557,-0.261143,-0.262677,0.527689,0.526155,0,0,0.745515,0.745515,
24108.4,-0.0889709,-0.0889709,-0.0690291,-0.0674952,1.90557,1.90557,-0.261143,-0.262677,0.527689,0.527689,0,0,0.745515,0.745515,
24128.4,-0.0889709,-0.0889709,-0.0690291,-0.0674952,1.90557,1.90557,-0.261143,-0.262677,0.527689,0.527689,0,0,0.745515,0.745515,
24148.4,-0.0889709,-0.0889709,-0.0690291,-0.0674952,1.90557,1.90557,-0.261143,-0.262677,0.527689,0.527689,0,0,0.745515,0.745515,
24168.4,-0.0889709,-0.0889709,-0.0690291,-0.0674952,1.90557,1.90557,-0.261143,-0.262677,0.527689,0.527689,0,0,0.745515,0.745515,
24188.4,-0.0889709,-0.0889709,-0.0690291,-0.0674952,1.90557,1.90557,-0.261143,-0.262677,0.527689,0.526155,0,0,0.745515,0.745515,
24208.4,-0.0889709,-0.0889709,-0.0690291,-0.0674952,1.90557,1.90557,-0.261143,-0.262677,0.527689,0.526155,0,0,0.745515,0.745515,
24228.5,-0.0889709,-0.0889709,-0.0690291,-0.0674952,1.90557,1.90557,-0.261143,-0.262677,0.527689,0.526155,0,0,0.745515,0.745515,
24248.5,-0.0889709,-0.0889709,-0.0690291,-0.0674952,1.90557,1.90557,-0.261143,-0.262677,0.527689,0.526155,0,0,0.745515,0.745515,
24268.5,-0.0889709,-0.0889709,-0.0690291,-0.0674952,1.90557,1.90557,-0.261143,-0.262677,0.527689,0.526155,0,0,0.745515,0.745515,
24288.5,-0.0889709,-0.0889709,-0.0690291,-0.0674952,1.90557,1.90557,-0.261143,-0.262677,0.527689,0.527689,0,0,0.745515,0.745515,
24308.5,-0.0889709,-0.0889709,-0.0690291,-0.0674952,1.90557,1.90557,-0.261143,-0.262677,0.527689,0.527689,0,0,0.745515,0.745515,
24328.5,-0.0889709,-0.0889709,-0.0690291,-0.0674952,1.90557,1.90557,-0.261143,-0.262677,0.527689,0.527689,0,0,0.745515,0.745515,
24348.5,-0.0889709,-0.0889709,-0.0690291,-0.0674952,1.90557,1.90557,-0.261143,-0.262677,0.527689,0.527689,0,0,0.745515,0.745515,
24368.5,-0.0889709,-0.0889709,-0.0690291,-0.0674952,1.90557,1.90557,-0.261143,-0.262677,0.527689,0.527689,0,0,0.745515,0.745515,
24388.5,-0.0889709,-0.0889709,-0.0690291,-0.0674952,1.90557,1.90557,-0.261143,-0.262677,0.527689,0.527689,0,0,0.745515,0.745515,
24408.4,-0.0889709,-0.0889709,-0.0690291,-0.0674952,1.90557,1.90557,-0.261143,-0.262677,0.527689,0.527689,0,0,0.745515,0.745515,
24428.5,-0.0889709,-0.0889709,-0.0690291,-0.0674952,1.90557,1.90557,-0.261143,-0.262677,0.527689,0.527689,0,0,0.745515,0.745515,
24448.4,-0.0889709,-0.0889709,-0.0690291,-0.0674952,1.90557,1.90557,-0.261143,-0.262677,0.527689,0.527689,0,0,0.745515,0.745515,
24468.5,-0.0889709,-0.0889709,-0.0690291,-0.0674952,1.90557,1.90557,-0.261143,-0.262677,0.527689,0.527689,0,0,0.745515,0.745515,
24488.4,-0.0889709,-0.0889709,-0.0690291,-0.0674952,1.90557,1.90557,-0.261143,-0.262677,0.527689,0.527689,0,0,0.745515,0.745515,
24508.4,-0.0889709,-0.0889709,-0.0690291,-0.0674952,1.90557,1.90557,-0.261143,-0.262677,0.527689,0.526155,0,0,0.745515,0.745515,
24528.4,-0.0889709,-0.0889709,-0.0690291,-0.0674952,1.90557,1.90557,-0.261143,-0.262677,0.527689,0.526155,0,0,0.745515,0.745515,
24548.4,-0.0889709,-0.0889709,-0.0690291,-0.0674952,1.90557,1.90557,-0.261143,-0.262677,0.527689,0.526155,0,0,0.745515,0.745515,
24568.5,-0.0889709,-0.0889709,-0.0690291,-0.0674952,1.90557,1.90557,-0.261143,-0.262677,0.527689,0.526155,0,0,0.745515,0.745515,
24588.5,-0.0889709,-0.0889709,-0.0690291,-0.0674952,1.90557,1.90557,-0.261143,-0.262677,0.527689,0.526155,0,0,0.745515,0.745515,
24608.5,-0.0889709,-0.0889709,-0.0690291,-0.0674952,1.90557,1.90557,-0.261143,-0.262677,0.527689,0.527689,0,0,0.745515,0.745515,
24628.5,-0.0889709,-0.0889709,-0.0690291,-0.0674952,1.90557,1.90557,-0.261143,-0.262677,0.527689,0.527689,0,0,0.745515,0.745515,
24648.5,-0.0889709,-0.0889709,-0.0690291,-0.0674952,1.90557,1.90557,-0.261143,-0.262677,0.527689,0.527689,0,0,0.745515,0.745515,
24668.5,-0.0889709,-0.0889709,-0.0690291,-0.0674952,1.90557,1.90557,-0.261143,-0.262677,0.527689,0.527689,0,0,0.745515,0.745515,
24688.5,-0.0889709,-0.0889709,-0.0690291,-0.0674952,1.90557,1.90557,-0.261143,-0.262677,0.527689,0.527689,0,0,0.745515,0.745515,
24708.4,-0.0889709,-0.0889709,-0.0690291,-0.0674952,1.90557,1.90557,-0.261143,-0.262677,0.527689,0.526155,0,0,0.745515,0.745515,
24728.5,-0.0889709,-0.0889709,-0.0690291,-0.0674952,1.90557,1.90557,-0.261143,-0.262677,0.527689,0.526155,0,0,0.745515,0.745515,
24748.5,-0.0889709,-0.0889709,-0.0690291,-0.0674952,1.90557,1.90557,-0.261143,-0.262677,0.527689,0.526155,0,0,0.745515,0.745515,
24768.5,-0.0889709,-0.0889709,-0.0690291,-0.0674952,1.90557,1.90557,-0.261143,-0.262677,0.527689,0.526155,0,0,0.745515,0.745515,
24788.5,-0.0889709,-0.0889709,-0.0690291,-0.0674952,1.90557,1.90557,-0.261143,-0.262677,0.527689,0.526155,0,0,0.745515,0.745515,
24808.5,-0.0889709,-0.0889709,-0.0690291,-0.0674952,1.90557,1.90557,-0.261143,-0.262677,0.527689,0.527689,0,0,0.745515,0.745515,
24828.5,-0.0889709,-0.0889709,-0.0690291,-0.0674952,1.90557,1.90557,-0.261143,-0.262677,0.527689,0.527689,0,0,0.745515,0.745515,
24848.5,-0.0889709,-0.0889709,-0.0690291,-0.0674952,1.90557,1.90557,-0.261143,-0.262677,0.527689,0.527689,0,0,0.745515,0.745515,
24868.5,-0.0889709,-0.0889709,-0.0690291,-0.0674952,1.90557,1.90557,-0.261143,-0.262677,0.527689,0.527689,0,0,0.745515,0.745515,
24888.5,-0.0889709,-0.0889709,-0.0690291,-0.0674952,1.90557,1.90557,-0.261143,-0.262677,0.527689,0.527689,0,0,0.745515,0.745515,
24908.5,-0.0889709,-0.0889709,-0.0690291,-0.0674952,1.90557,1.90557,-0.261143,-0.262677,0.527689,0.527689,0,0,0.745515,0.745515,
24928.4,-0.0889709,-0.0889709,-0.0690291,-0.0674952,1.90557,1.90557,-0.261143,-0.262677,0.527689,0.527689,0,0,0.745515,0.745515,
24948.5,-0.0889709,-0.0889709,-0.0690291,-0.0674952,1.90557,1.90557,-0.261143,-0.262677,0.527689,0.527689,0,0,0.745515,0.745515,
24968.5,-0.0889709,-0.0889709,-0.0690291,-0.0674952,1.90557,1.90557,-0.261143,-0.262677,0.527689,0.527689,0,0,0.745515,0.745515,
24988.4,-0.0889709,-0.0889709,-0.0690291,-0.0674952,1.90557,1.90557,-0.261143,-0.262677,0.527689,0.527689,0,0,0.745515,0.745515,
25008.4,-0.0889709,-0.0889709,-0.0690291,-0.0674952,1.90557,1.90557,-0.261143,-0.262677,0.527689,0.527689,0,0,0.745515,0.745515,
25028.5,-0.0889709,-0.0889709,-0.0690291,-0.0674952,1.90557,1.90557,-0.261143,-0.262677,0.527689,0.527689,0,0,0.745515,0.745515,
25048.5,-0.0889709,-0.0889709,-0.0690291,-0.0674952,1.90557,1.90557,-0.261143,-0.262677,0.527689,0.527689,0,0,0.745515,0.745515,
25068.4,-0.0889709,-0.0889709,-0.0690291,-0.0674952,1.90557,1.90557,-0.261143,-0.262677,0.527689,0.527689,0,0,0.745515,0.745515,
25088.4,-0.0889709,-0.0889709,-0.0690291,-0.0674952,1.90557,1.90557,-0.261143,-0.262677,0.527689,0.527689,0,0,0.745515,0.745515,
25108.5,-0.0889709,-0.0889709,-0.0690291,-0.0674952,1.90557,1.90557,-0.261143,-0.262677,0.527689,0.527689,0,0,0.745515,0.745515,
25128.5,-0.0889709,-0.0889709,-0.0690291,-0.0674952,1.90557,1.90557,-0.261143,-0.262677,0.527689,0.527689,0,0,0.745515,0.745515,
25148.5,-0.0889709,-0.0889709,-0.0690291,-0.0674952,1.90557,1.90557,-0.261143,-0.262677,0.527689,0.527689,0,0,0.745515,0.745515,
25168.5,-0.0889709,-0.0889709,-0.0690291,-0.0674952,1.90557,1.90557,-0.261143,-0.262677,0.527689,0.527689,0,0,0.745515,0.745515,
25188.4,-0.0889709,-0.0889709,-0.0690291,-0.0674952,1.90557,1.90557,-0.261143,-0.262677,0.527689,0.527689,0,0,0.745515,0.745515,
25208.4,-0.0889709,-0.0889709,-0.0690291,-0.0674952,1.90557,1.90557,-0.261143,-0.262677,0.527689,0.526155,0,0,0.745515,0.745515,
25228.4,-0.0889709,-0.0889709,-0.0690291,-0.0674952,1.90557,1.90557,-0.261143,-0.262677,0.527689,0.526155,0,0,0.745515,0.745515,
25248.5,-0.0889709,-0.0889709,-0.0690291,-0.0674952,1.90557,1.90557,-0.261143,-0.262677,0.527689,0.526155,0,0,0.745515,0.745515,
25268.5,-0.0889709,-0.0889709,-0.0690291,-0.0674952,1.90557,1.90557,-0.261143,-0.262677,0.527689,0.526155,0,0,0.745515,0.745515,
25288.5,-0.0889709,-0.0889709,-0.0690291,-0.0674952,1.90557,1.90557,-0.261143,-0.262677,0.527689,0.526155,0,0,0.745515,0.745515,
25308.5,-0.0889709,-0.0889709,-0.0690291,-0.0659612,1.90557,1.90557,-0.261143,-0.262677,0.527689,0.526155,0,0,0.745515,0.745515,
25328.5,-0.0889709,-0.0889709,-0.0690291,-0.0659612,1.90557,1.90557,-0.261143,-0.262677,0.527689,0.526155,0,0,0.745515,0.745515,
25348.4,-0.0889709,-0.0889709,-0.0690291,-0.0659612,1.90557,1.90557,-0.261143,-0.262677,0.527689,0.526155,0,0,0.745515,0.745515,
25368.5,-0.0889709,-0.0889709,-0.0690291,-0.0659612,1.90557,1.90557,-0.261143,-0.262677,0.527689,0.526155,0,0,0.745515,0.745515,
25388.3,-0.0889709,-0.0889709,-0.0690291,-0.0674952,1.90557,1.90557,-0.261143,-0.262677,0.527689,0.526155,0,0,0.745515,0.745515,
25408.4,-0.0889709,-0.0889709,-0.0690291,-0.0674952,1.90557,1.90557,-0.261143,-0.262677,0.527689,0.526155,0,0,0.745515,0.745515,
25428.5,-0.0889709,-0.0889709,-0.0690291,-0.0674952,1.90557,1.90557,-0.261143,-0.262677,0.527689,0.526155,0,0,0.745515,0.745515,
25448.4,-0.0889709,-0.0889709,-0.0690291,-0.0674952,1.90557,1.90557,-0.261143,-0.262677,0.527689,0.526155,0,0,0.745515,0.745515,
25468.4,-0.0889709,-0.0889709,-0.0690291,-0.0674952,1.90557,1.90557,-0.261143,-0.262677,0.527689,0.526155,0,0,0.745515,0.745515,
25488.4,-0.0889709,-0.0889709,-0.0690291,-0.0674952,1.90557,1.90557,-0.261143,-0.262677,0.527689,0.527689,0,0,0.745515,0.745515,
25508.4,-0.0889709,-0.0889709,-0.0690291,-0.0674952,1.90557,1.90557,-0.261143,-0.262677,0.527689,0.527689,0,0,0.745515,0.745515,
25528.4,-0.0889709,-0.0889709,-0.0690291,-0.0674952,1.90557,1.90557,-0.261143,-0.262677,0.527689,0.527689,0,0,0.745515,0.745515,
25548.4,-0.0889709,-0.0889709,-0.0690291,-0.0674952,1.90557,1.90557,-0.261143,-0.262677,0.527689,0.527689,0,0,0.745515,0.745515,
25568.4,-0.0889709,-0.0889709,-0.0690291,-0.0674952,1.90557,1.90557,-0.261143,-0.262677,0.527689,0.527689,0,0,0.745515,0.745515,
25588.5,-0.0889709,-0.0889709,-0.0690291,-0.0674952,1.90557,1.90557,-0.261143,-0.262677,0.527689,0.526155,0,0,0.745515,0.745515,
25608.4,-0.0889709,-0.0889709,-0.0690291,-0.0674952,1.90557,1.90557,-0.261143,-0.262677,0.527689,0.526155,0,0,0.745515,0.745515,
25628.5,-0.0889709,-0.0889709,-0.0690291,-0.0674952,1.90557,1.90557,-0.261143,-0.262677,0.527689,0.526155,0,0,0.745515,0.745515,
25648.4,-0.0889709,-0.0889709,-0.0690291,-0.0674952,1.90557,1.90557,-0.261143,-0.262677,0.527689,0.526155,0,0,0.745515,0.745515,
25668.5,-0.0889709,-0.0889709,-0.0690291,-0.0674952,1.90557,1.90557,-0.261143,-0.262677,0.527689,0.526155,0,0,0.745515,0.745515,
25688.4,-0.0889709,-0.0889709,-0.0690291,-0.0674952,1.90557,1.90557,-0.261143,-0.262677,0.527689,0.526155,0,0,0.745515,0.745515,
25708.4,-0.0889709,-0.0889709,-0.0690291,-0.0674952,1.90557,1.90557,-0.261143,-0.262677,0.527689,0.527689,0,0,0.745515,0.745515,
25728.5,-0.0889709,-0.0889709,-0.0690291,-0.0674952,1.90557,1.90557,-0.261143,-0.262677,0.527689,0.527689,0,0,0.745515,0.745515,
25748.5,-0.0889709,-0.0889709,-0.0690291,-0.0674952,1.90557,1.90557,-0.261143,-0.262677,0.527689,0.527689,0,0,0.745515,0.745515,
25768.5,-0.0889709,-0.0889709,-0.0690291,-0.0674952,1.90557,1.90557,-0.261143,-0.262677,0.527689,0.527689,0,0,0.745515,0.745515,
25788.4,-0.0889709,-0.0889709,-0.0690291,-0.0674952,1.90557,1.90557,-0.261143,-0.262677,0.527689,0.526155,0,0,0.745515,0.745515,
25808.5,-0.0889709,-0.0889709,-0.0690291,-0.0674952,1.90557,1.90557,-0.261143,-0.262677,0.527689,0.526155,0,0,0.745515,0.745515,
25828.5,-0.0889709,-0.0889709,-0.0690291,-0.0674952,1.90557,1.90557,-0.261143,-0.262677,0.527689,0.526155,0,0,0.745515,0.745515,
25848.4,-0.0889709,-0.0889709,-0.0690291,-0.0674952,1.90557,1.90557,-0.261143,-0.262677,0.527689,0.526155,0,0,0.745515,0.745515,
25868.5,-0.0889709,-0.0889709,-0.0690291,-0.0674952,1.90557,1.90557,-0.261143,-0.262677,0.527689,0.526155,0,0,0.745515,0.745515,
25888.5,-0.0889709,-0.0889709,-0.0690291,-0.0674952,1.90557,1.90557,-0.261143,-0.262677,0.527689,0.526155,0,0,0.745515,0.745515,
25908.3,-0.0889709,-0.0889709,-0.0690291,-0.0674952,1.90557,1.90557,-0.261143,-0.262677,0.527689,0.526155,0,0,0.745515,0.745515,
25928.4,-0.0889709,-0.0889709,-0.0690291,-0.0674952,1.90557,1.90557,-0.261143,-0.262677,0.527689,0.526155,0,0,0.745515,0.745515,
25948.5,-0.0889709,-0.0889709,-0.0690291,-0.0674952,1.90557,1.90557,-0.261143,-0.262677,0.527689,0.526155,0,0,0.745515,0.745515,
25968.4,-0.0889709,-0.0889709,-0.0690291,-0.0674952,1.90557,1.90557,-0.261143,-0.262677,0.527689,0.526155,0,0,0.745515,0.745515,
25988.5,-0.0889709,-0.0889709,-0.0690291,-0.0674952,1.90557,1.90557,-0.261143,-0.262677,0.527689,0.526155,0,0,0.745515,0.745515,
26008.5,-0.0889709,-0.0889709,-0.0690291,-0.0659612,1.90557,1.90557,-0.261143,-0.262677,0.527689,0.527689,0,0,0.745515,0.745515,
26028.4,-0.0889709,-0.0889709,-0.0690291,-0.0659612,1.90557,1.90557,-0.261143,-0.262677,0.527689,0.527689,0,0,0.745515,0.745515,
26048.4,-0.0889709,-0.0889709,-0.0690291,-0.0659612,1.90557,1.90557,-0.261143,-0.262677,0.527689,0.527689,0,0,0.745515,0.745515,
26068.4,-0.0889709,-0.0889709,-0.0690291,-0.0659612,1.90557,1.90557,-0.261143,-0.262677,0.527689,0.527689,0,0,0.745515,0.745515,
26088.5,-0.0889709,-0.0889709,-0.0690291,-0.0659612,1.90557,1.90557,-0.261143,-0.262677,0.527689,0.527689,0,0,0.745515,0.745515,
26110.6,-0.0889709,-0.0889709,-0.0690291,-0.0659612,1.90557,1.90557,-0.261143,-0.262677,0.527689,0.527689,0,0,0.745515,0.745515,
26128.5,-0.0889709,-0.0889709,-0.0690291,-0.0659612,1.90557,1.90557,-0.261143,-0.262677,0.527689,0.527689,0,0,0.745515,0.745515,
26148.5,-0.0889709,-0.0889709,-0.0690291,-0.0659612,1.90557,1.90557,-0.261143,-0.262677,0.527689,0.527689,0,0,0.745515,0.745515,
26168.4,-0.0889709,-0.0889709,-0.0690291,-0.0659612,1.90557,1.90557,-0.261143,-0.262677,0.527689,0.527689,0,0,0.745515,0.745515,
26188.5,-0.0889709,-0.0889709,-0.0690291,-0.0659612,1.90557,1.90557,-0.261143,-0.262677,0.527689,0.527689,0,0,0.745515,0.745515,
26208.5,-0.0889709,-0.0889709,-0.0690291,-0.0674952,1.90557,1.90557,-0.261143,-0.262677,0.527689,0.526155,0,0,0.745515,0.745515,
26228.4,-0.0889709,-0.0889709,-0.0690291,-0.0674952,1.90557,1.90557,-0.261143,-0.262677,0.527689,0.526155,0,0,0.745515,0.745515,
26248.4,-0.0889709,-0.0889709,-0.0690291,-0.0674952,1.90557,1.90557,-0.261143,-0.262677,0.527689,0.526155,0,0,0.745515,0.745515,
26268.4,-0.0889709,-0.0889709,-0.0690291,-0.0674952,1.90557,1.90557,-0.261143,-0.262677,0.527689,0.526155,0,0,0.745515,0.745515,
26288.4,-0.0889709,-0.0889709,-0.0690291,-0.0659612,1.90557,1.90557,-0.261143,-0.262677,0.527689,0.527689,0,0,0.745515,0.745515,
26308.5,-0.0889709,-0.0889709,-0.0690291,-0.0659612,1.90557,1.90557,-0.261143,-0.262677,0.527689,0.527689,0,0,0.745515,0.745515,
26328.4,-0.0889709,-0.0889709,-0.0690291,-0.0659612,1.90557,1.90557,-0.261143,-0.262677,0.527689,0.527689,0,0,0.745515,0.745515,
26348.4,-0.0889709,-0.0889709,-0.0690291,-0.0659612,1.90557,1.90557,-0.261143,-0.262677,0.527689,0.527689,0,0,0.745515,0.745515,
26368.4,-0.0889709,-0.0889709,-0.0690291,-0.0659612,1.90557,1.90557,-0.261143,-0.262677,0.527689,0.527689,0,0,0.745515,0.745515,
26388.5,-0.0889709,-0.0889709,-0.0690291,-0.0674952,1.90557,1.90557,-0.261143,-0.262677,0.527689,0.527689,0,0,0.745515,0.745515,
26408.5,-0.0889709,-0.0889709,-0.0690291,-0.0674952,1.90557,1.90557,-0.261143,-0.262677,0.527689,0.527689,0,0,0.745515,0.745515,
26428.5,-0.0889709,-0.0889709,-0.0690291,-0.0674952,1.90557,1.90557,-0.261143,-0.262677,0.527689,0.527689,0,0,0.745515,0.745515,
26448.5,-0.0889709,-0.0889709,-0.0690291,-0.0674952,1.90557,1.90557,-0.261143,-0.262677,0.527689,0.527689,0,0,0.745515,0.745515,
26468.4,-0.0889709,-0.0889709,-0.0690291,-0.0674952,1.90557,1.90557,-0.261143,-0.262677,0.527689,0.527689,0,0,0.745515,0.745515,
26488.5,-0.0889709,-0.0889709,-0.0690291,-0.0674952,1.90557,1.90557,-0.261143,-0.262677,0.527689,0.527689,0,0,0.745515,0.745515,
26508.5,-0.0889709,-0.0889709,-0.0690291,-0.0674952,1.90557,1.90557,-0.261143,-0.262677,0.527689,0.527689,0,0,0.745515,0.745515,
26528.5,-0.0889709,-0.0889709,-0.0690291,-0.0674952,1.90557,1.90557,-0.261143,-0.262677,0.527689,0.527689,0,0,0.745515,0.745515,
26548.5,-0.0889709,-0.0889709,-0.0690291,-0.0674952,1.90557,1.90557,-0.261143,-0.262677,0.527689,0.527689,0,0,0.745515,0.745515,
26568.5,-0.0889709,-0.0889709,-0.0690291,-0.0674952,1.90557,1.90557,-0.261143,-0.262677,0.527689,0.527689,0,0,0.745515,0.745515,
26588.3,-0.0889709,-0.0889709,-0.0690291,-0.0674952,1.90557,1.90557,-0.261143,-0.262677,0.527689,0.526155,0,0,0.745515,0.745515,
26608.5,-0.0889709,-0.0889709,-0.0690291,-0.0674952,1.90557,1.90557,-0.261143,-0.262677,0.527689,0.526155,0,0,0.745515,0.745515,
26628.4,-0.0889709,-0.0889709,-0.0690291,-0.0674952,1.90557,1.90557,-0.261143,-0.262677,0.527689,0.526155,0,0,0.745515,0.745515,
26648.5,-0.0889709,-0.0889709,-0.0690291,-0.0674952,1.90557,1.90557,-0.261143,-0.262677,0.527689,0.526155,0,0,0.745515,0.745515,
26668.5,-0.0889709,-0.0889709,-0.0690291,-0.0674952,1.90557,1.90557,-0.261143,-0.262677,0.527689,0.526155,0,0,0.745515,0.745515,
26688.5,-0.0889709,-0.0889709,-0.0690291,-0.0674952,1.90557,1.90557,-0.261143,-0.262677,0.527689,0.526155,0,0,0.745515,0.745515,
26708.5,-0.0889709,-0.0889709,-0.0690291,-0.0674952,1.90557,1.90557,-0.261143,-0.262677,0.527689,0.526155,0,0,0.745515,0.745515,
26728.5,-0.0889709,-0.0889709,-0.0690291,-0.0674952,1.90557,1.90557,-0.261143,-0.262677,0.527689,0.526155,0,0,0.745515,0.745515,
26748.5,-0.0889709,-0.0889709,-0.0690291,-0.0674952,1.90557,1.90557,-0.261143,-0.262677,0.527689,0.526155,0,0,0.745515,0.745515,
26768.5,-0.0889709,-0.0889709,-0.0690291,-0.0674952,1.90557,1.90557,-0.261143,-0.262677,0.527689,0.526155,0,0,0.745515,0.745515,
26788.4,-0.0889709,-0.0889709,-0.0690291,-0.0674952,1.90557,1.90557,-0.261143,-0.262677,0.527689,0.527689,0,0,0.745515,0.745515,
26808.5,-0.0889709,-0.0889709,-0.0690291,-0.0674952,1.90557,1.90557,-0.261143,-0.262677,0.527689,0.527689,0,0,0.745515,0.745515,
26828.5,-0.0889709,-0.0889709,-0.0690291,-0.0674952,1.90557,1.90557,-0.261143,-0.262677,0.527689,0.527689,0,0,0.745515,0.745515,
26848.5,-0.0889709,-0.0889709,-0.0690291,-0.0674952,1.90557,1.90557,-0.261143,-0.262677,0.527689,0.527689,0,0,0.745515,0.745515,
26868.5,-0.0889709,-0.0889709,-0.0690291,-0.0674952,1.90557,1.90557,-0.261143,-0.262677,0.527689,0.527689,0,0,0.745515,0.745515,
26888.4,-0.0889709,-0.0889709,-0.0690291,-0.0674952,1.90557,1.90557,-0.261143,-0.262677,0.527689,0.527689,0,0,0.745515,0.745515,
26908.4,-0.0889709,-0.0889709,-0.0690291,-0.0659612,1.90557,1.90557,-0.261143,-0.262677,0.527689,0.527689,0,0,0.745515,0.745515,
26928.5,-0.0889709,-0.0889709,-0.0690291,-0.0659612,1.90557,1.90557,-0.261143,-0.262677,0.527689,0.527689,0,0,0.745515,0.745515,
26948.5,-0.0889709,-0.0889709,-0.0690291,-0.0659612,1.90557,1.90557,-0.261143,-0.262677,0.527689,0.527689,0,0,0.745515,0.745515,
26968.5,-0.0889709,-0.0889709,-0.0690291,-0.0659612,1.90557,1.90557,-0.261143,-0.262677,0.527689,0.527689,0,0,0.745515,0.745515,
26988.5,-0.0889709,-0.0889709,-0.0690291,-0.0659612,1.90557,1.90557,-0.261143,-0.262677,0.527689,0.527689,0,0,0.745515,0.745515,
27008.5,-0.0889709,-0.0889709,-0.0690291,-0.0674952,1.90557,1.90557,-0.261143,-0.262677,0.527689,0.527689,0,0,0.745515,0.745515,
27028.5,-0.0889709,-0.0889709,-0.0690291,-0.0674952,1.90557,1.90557,-0.261143,-0.262677,0.527689,0.527689,0,0,0.745515,0.745515,
27048.5,-0.0889709,-0.0889709,-0.0690291,-0.0674952,1.90557,1.90557,-0.261143,-0.262677,0.527689,0.527689,0,0,0.745515,0.745515,
27068.5,-0.0889709,-0.0889709,-0.0690291,-0.0674952,1.90557,1.90557,-0.261143,-0.262677,0.527689,0.527689,0,0,0.745515,0.745515,
27088.4,-0.0889709,-0.0889709,-0.0690291,-0.0674952,1.90557,1.90557,-0.261143,-0.262677,0.527689,0.527689,0,0,0.745515,0.745515,
27108.5,-0.0889709,-0.0889709,-0.0690291,-0.0674952,1.90557,1.90557,-0.261143,-0.262677,0.527689,0.527689,0,0,0.745515,0.745515,
27128.5,-0.0889709,-0.0889709,-0.0690291,-0.0674952,1.90557,1.90557,-0.261143,-0.262677,0.527689,0.527689,0,0,0.745515,0.745515,
27148.5,-0.0889709,-0.0889709,-0.0690291,-0.0674952,1.90557,1.90557,-0.261143,-0.262677,0.527689,0.527689,0,0,0.745515,0.745515,
27168.5,-0.0889709,-0.0889709,-0.0690291,-0.0674952,1.90557,1.90557,-0.261143,-0.262677,0.527689,0.527689,0,0,0.745515,0.745515,
27188.5,-0.0889709,-0.0889709,-0.0690291,-0.0674952,1.90557,1.90557,-0.261143,-0.262677,0.527689,0.527689,0,0,0.745515,0.745515,
27208.4,-0.0889709,-0.0889709,-0.0690291,-0.0674952,1.90557,1.90557,-0.261143,-0.262677,0.527689,0.527689,0,0,0.745515,0.745515,
27228.5,-0.0889709,-0.0889709,-0.0690291,-0.0674952,1.90557,1.90557,-0.261143,-0.262677,0.527689,0.527689,0,0,0.745515,0.745515,
27248.5,-0.0889709,-0.0889709,-0.0690291,-0.0674952,1.90557,1.90557,-0.261143,-0.262677,0.527689,0.527689,0,0,0.745515,0.745515,
27268.5,-0.0889709,-0.0889709,-0.0690291,-0.0674952,1.90557,1.90557,-0.261143,-0.262677,0.527689,0.527689,0,0,0.745515,0.745515,
27288.5,-0.0889709,-0.0889709,-0.0690291,-0.0674952,1.90557,1.90557,-0.261143,-0.262677,0.527689,0.527689,0,0,0.745515,0.745515,
27308.5,-0.0889709,-0.0889709,-0.0690291,-0.0674952,1.90557,1.90557,-0.261143,-0.262677,0.527689,0.527689,0,0,0.745515,0.745515,
27328.5,-0.0889709,-0.0889709,-0.0690291,-0.0674952,1.90557,1.90557,-0.261143,-0.262677,0.527689,0.527689,0,0,0.745515,0.745515,
27348.4,-0.0889709,-0.0889709,-0.0690291,-0.0674952,1.90557,1.90557,-0.261143,-0.262677,0.527689,0.527689,0,0,0.745515,0.745515,
27368.4,-0.0889709,-0.0889709,-0.0690291,-0.0674952,1.90557,1.90557,-0.261143,-0.262677,0.527689,0.527689,0,0,0.745515,0.745515,
27388.4,-0.0889709,-0.0889709,-0.0690291,-0.0674952,1.90557,1.90557,-0.261143,-0.262677,0.527689,0.527689,0,0,0.745515,0.745515,
27408.4,-0.0889709,-0.0889709,-0.0690291,-0.0674952,1.90557,1.90557,-0.261143,-0.262677,0.527689,0.527689,0,0,0.745515,0.745515,
27428.4,-0.0889709,-0.0889709,-0.0690291,-0.0674952,1.90557,1.90557,-0.261143,-0.262677,0.527689,0.527689,0,0,0.745515,0.745515,
27448.5,-0.0889709,-0.0889709,-0.0690291,-0.0674952,1.90557,1.90557,-0.261143,-0.262677,0.527689,0.527689,0,0,0.745515,0.745515,
27468.3,-0.0889709,-0.0889709,-0.0690291,-0.0674952,1.90557,1.90557,-0.261143,-0.262677,0.527689,0.527689,0,0,0.745515,0.745515,
27488.4,-0.0889709,-0.0889709,-0.0690291,-0.0674952,1.90557,1.90557,-0.261143,-0.262677,0.527689,0.527689,0,0,0.745515,0.745515,
27508.3,-0.0889709,-0.0889709,-0.0690291,-0.0674952,1.90557,1.90557,-0.261143,-0.262677,0.527689,0.527689,0,0,0.745515,0.745515,
27528.4,-0.0889709,-0.0889709,-0.0690291,-0.0674952,1.90557,1.90557,-0.261143,-0.262677,0.527689,0.527689,0,0,0.745515,0.745515,
27548.4,-0.0889709,-0.0889709,-0.0690291,-0.0674952,1.90557,1.90557,-0.261143,-0.262677,0.527689,0.527689,0,0,0.745515,0.745515,
27568.4,-0.0889709,-0.0889709,-0.0690291,-0.0674952,1.90557,1.90557,-0.261143,-0.262677,0.527689,0.527689,0,0,0.745515,0.745515,
27588.4,-0.0889709,-0.0889709,-0.0690291,-0.0659612,1.90557,1.90557,-0.261143,-0.262677,0.527689,0.526155,0,0,0.745515,0.745515,
27608.5,-0.0889709,-0.0889709,-0.0690291,-0.0659612,1.90557,1.90557,-0.261143,-0.262677,0.527689,0.526155,0,0,0.745515,0.745515,
27628.5,-0.0889709,-0.0889709,-0.0690291,-0.0659612,1.90557,1.90557,-0.261143,-0.262677,0.527689,0.526155,0,0,0.745515,0.745515,
27648.5,-0.0889709,-0.0889709,-0.0690291,-0.0659612,1.90557,1.90557,-0.261143,-0.262677,0.527689,0.526155,0,0,0.745515,0.745515,
27668.5,-0.0889709,-0.0889709,-0.0690291,-0.0659612,1.90557,1.90557,-0.261143,-0.262677,0.527689,0.526155,0,0,0.745515,0.745515,
27688.5,-0.0889709,-0.0889709,-0.0690291,-0.0659612,1.90557,1.90557,-0.261143,-0.262677,0.527689,0.526155,0,0,0.745515,0.745515,
27708.4,-0.0889709,-0.0889709,-0.0690291,-0.0674952,1.90557,1.90557,-0.261143,-0.262677,0.527689,0.527689,0,0,0.745515,0.745515,
27728.6,-0.0889709,-0.0889709,-0.0690291,-0.0674952,1.90557,1.90557,-0.261143,-0.262677,0.527689,0.527689,0,0,0.745515,0.745515,
27748.3,-0.0889709,-0.0889709,-0.0690291,-0.0674952,1.90557,1.90557,-0.261143,-0.262677,0.527689,0.527689,0,0,0.745515,0.745515,
27769.1,-0.0889709,-0.0889709,-0.0690291,-0.0674952,1.90557,1.90557,-0.261143,-0.262677,0.527689,0.527689,0,0,0.745515,0.745515,
27788.3,-0.0889709,-0.0889709,-0.0690291,-0.0674952,1.90557,1.90557,-0.261143,-0.262677,0.527689,0.527689,0,0,0.745515,0.745515,
27808.4,-0.0889709,-0.0889709,-0.0690291,-0.0674952,1.90557,1.90557,-0.261143,-0.262677,0.527689,0.527689,0,0,0.745515,0.745515,
27828.4,-0.0889709,-0.0889709,-0.0690291,-0.0674952,1.90557,1.90557,-0.261143,-0.262677,0.527689,0.527689,0,0,0.745515,0.745515,
27848.4,-0.0889709,-0.0889709,-0.0690291,-0.0674952,1.90557,1.90557,-0.261143,-0.262677,0.527689,0.527689,0,0,0.745515,0.745515,
27868.4,-0.0889709,-0.0889709,-0.0690291,-0.0674952,1.90557,1.90557,-0.261143,-0.262677,0.527689,0.527689,0,0,0.745515,0.745515,
27888.3,-0.0889709,-0.0889709,-0.0690291,-0.0674952,1.90557,1.90557,-0.261143,-0.261143,0.527689,0.527689,0,0,0.745515,0.745515,
27908.5,-0.0889709,-0.0889709,-0.0690291,-0.0674952,1.90557,1.90557,-0.261143,-0.261143,0.527689,0.527689,0,0,0.745515,0.745515,
27928.5,-0.0889709,-0.0889709,-0.0690291,-0.0674952,1.90557,1.90557,-0.261143,-0.261143,0.527689,0.527689,0,0,0.745515,0.745515,
27948.5,-0.0889709,-0.0889709,-0.0690291,-0.0674952,1.90557,1.90557,-0.261143,-0.261143,0.527689,0.527689,0,0,0.745515,0.745515,
27968.4,-0.0889709,-0.0889709,-0.0690291,-0.0674952,1.90557,1.90557,-0.261143,-0.261143,0.527689,0.527689,0,0,0.745515,0.745515,
27988.3,-0.0889709,-0.0889709,-0.0690291,-0.0659612,1.90557,1.9071,-0.261143,-0.262677,0.527689,0.527689,0,0,0.745515,0.745515,
28008.4,-0.0889709,-0.0889709,-0.0690291,-0.0659612,1.90557,1.9071,-0.261143,-0.262677,0.527689,0.527689,0,0,0.745515,0.745515,
28028.4,-0.0889709,-0.0889709,-0.0690291,-0.0659612,1.90557,1.9071,-0.261143,-0.262677,0.527689,0.527689,0,0,0.745515,0.745515,
28048.4,-0.0889709,-0.0889709,-0.0690291,-0.0659612,1.90557,1.9071,-0.261143,-0.262677,0.527689,0.527689,0,0,0.745515,0.745515,
28068.4,-0.0889709,-0.0889709,-0.0690291,-0.0659612,1.90557,1.9071,-0.261143,-0.262677,0.527689,0.527689,0,0,0.745515,0.745515,
28088.5,-0.0889709,-0.0889709,-0.0690291,-0.0659612,1.90557,1.9071,-0.261143,-0.262677,0.527689,0.527689,0,0,0.745515,0.745515,
28108.5,-0.0889709,-0.0889709,-0.0690291,-0.0659612,1.90557,1.90557,-0.261143,-0.262677,0.527689,0.526155,0,0,0.745515,0.745515,
28128.5,-0.0889709,-0.0889709,-0.0690291,-0.0659612,1.90557,1.90557,-0.261143,-0.262677,0.527689,0.526155,0,0,0.745515,0.745515,
28148.5,-0.0889709,-0.0889709,-0.0690291,-0.0659612,1.90557,1.90557,-0.261143,-0.262677,0.527689,0.526155,0,0,0.745515,0.745515,
28168.5,-0.0889709,-0.0889709,-0.0690291,-0.0659612,1.90557,1.90557,-0.261143,-0.262677,0.527689,0.526155,0,0,0.745515,0.745515,
28188.5,-0.0889709,-0.0889709,-0.0690291,-0.0659612,1.90557,1.90557,-0.261143,-0.262677,0.527689,0.526155,0,0,0.745515,0.745515,
28208.4,-0.0889709,-0.0889709,-0.0690291,-0.0674952,1.90557,1.90557,-0.261143,-0.262677,0.527689,0.527689,0,0,0.745515,0.745515,
28228.5,-0.0889709,-0.0889709,-0.0690291,-0.0674952,1.90557,1.90557,-0.261143,-0.262677,0.527689,0.527689,0,0,0.745515,0.745515,
28248.5,-0.0889709,-0.0889709,-0.0690291,-0.0674952,1.90557,1.90557,-0.261143,-0.262677,0.527689,0.527689,0,0,0.745515,0.745515,
28268.5,-0.0889709,-0.0889709,-0.0690291,-0.0674952,1.90557,1.90557,-0.261143,-0.262677,0.527689,0.527689,0,0,0.745515,0.745515,
28288.5,-0.0889709,-0.0889709,-0.0690291,-0.0674952,1.90557,1.90557,-0.261143,-0.262677,0.527689,0.527689,0,0,0.745515,0.745515,
28308.5,-0.0889709,-0.0889709,-0.0690291,-0.0674952,1.90557,1.90557,-0.261143,-0.262677,0.527689,0.527689,0,0,0.745515,0.745515,
28328.5,-0.0889709,-0.0889709,-0.0690291,-0.0674952,1.90557,1.90557,-0.261143,-0.262677,0.527689,0.527689,0,0,0.745515,0.745515,
28348.4,-0.0889709,-0.0889709,-0.0690291,-0.0674952,1.90557,1.90557,-0.261143,-0.262677,0.527689,0.527689,0,0,0.745515,0.745515,
28368.5,-0.0889709,-0.0889709,-0.0690291,-0.0674952,1.90557,1.90557,-0.261143,-0.262677,0.527689,0.527689,0,0,0.745515,0.745515,
28388.4,-0.0889709,-0.0889709,-0.0690291,-0.0674952,1.90557,1.90557,-0.261143,-0.262677,0.527689,0.527689,0,0,0.745515,0.745515,
28408.5,-0.0889709,-0.0889709,-0.0690291,-0.0674952,1.90557,1.90557,-0.261143,-0.262677,0.527689,0.527689,0,0,0.745515,0.745515,
28428.5,-0.0889709,-0.0889709,-0.0690291,-0.0674952,1.90557,1.90557,-0.261143,-0.262677,0.527689,0.526155,0,0,0.745515,0.745515,
28448.4,-0.0889709,-0.0889709,-0.0690291,-0.0674952,1.90557,1.90557,-0.261143,-0.262677,0.527689,0.526155,0,0,0.745515,0.745515,
28468.4,-0.0889709,-0.0889709,-0.0690291,-0.0674952,1.90557,1.90557,-0.261143,-0.262677,0.527689,0.526155,0,0,0.745515,0.745515,
28488.4,-0.0889709,-0.0889709,-0.0690291,-0.0674952,1.90557,1.90557,-0.261143,-0.262677,0.527689,0.526155,0,0,0.745515,0.745515,
28508.4,-0.0889709,-0.0889709,-0.0690291,-0.0674952,1.90557,1.90557,-0.261143,-0.262677,0.527689,0.527689,0,0,0.745515,0.745515,
28528.4,-0.0889709,-0.0889709,-0.0690291,-0.0674952,1.90557,1.90557,-0.261143,-0.262677,0.527689,0.527689,0,0,0.745515,0.745515,
28548.5,-0.0889709,-0.0889709,-0.0690291,-0.0674952,1.90557,1.90557,-0.261143,-0.262677,0.527689,0.527689,0,0,0.745515,0.745515,
28568.4,-0.0889709,-0.0889709,-0.0690291,-0.0674952,1.90557,1.90557,-0.261143,-0.262677,0.527689,0.527689,0,0,0.745515,0.745515,
28588.3,-0.0889709,-0.0889709,-0.0690291,-0.0674952,1.90557,1.90557,-0.261143,-0.262677,0.527689,0.527689,0,0,0.745515,0.745515,
28608.5,-0.0889709,-0.0889709,-0.0690291,-0.0674952,1.90557,1.90557,-0.261143,-0.262677,0.527689,0.527689,0,0,0.745515,0.745515,
28628.5,-0.0889709,-0.0889709,-0.0690291,-0.0674952,1.90557,1.90557,-0.261143,-0.262677,0.527689,0.527689,0,0,0.745515,0.745515,
28648.5,-0.0889709,-0.0889709,-0.0690291,-0.0674952,1.90557,1.90557,-0.261143,-0.262677,0.527689,0.527689,0,0,0.745515,0.745515,
28668.5,-0.0889709,-0.0889709,-0.0690291,-0.0674952,1.90557,1.90557,-0.261143,-0.262677,0.527689,0.527689,0,0,0.745515,0.745515,
28688.4,-0.0889709,-0.0889709,-0.0690291,-0.0674952,1.90557,1.90557,-0.261143,-0.262677,0.527689,0.527689,0,0,0.745515,0.745515,
28708.4,-0.0889709,-0.0889709,-0.0690291,-0.0674952,1.90557,1.90557,-0.261143,-0.262677,0.527689,0.527689,0,0,0.745515,0.745515,
28728.5,-0.0889709,-0.0889709,-0.0690291,-0.0674952,1.90557,1.90557,-0.261143,-0.262677,0.527689,0.527689,0,0,0.745515,0.745515,
28748.5,-0.0889709,-0.0889709,-0.0690291,-0.0674952,1.90557,1.90557,-0.261143,-0.262677,0.527689,0.527689,0,0,0.745515,0.745515,
28768.5,-0.0889709,-0.0889709,-0.0690291,-0.0674952,1.90557,1.90557,-0.261143,-0.262677,0.527689,0.527689,0,0,0.745515,0.745515,
28788.5,-0.0889709,-0.0889709,-0.0690291,-0.0674952,1.90557,1.90557,-0.261143,-0.262677,0.527689,0.527689,0,0,0.745515,0.745515,
28808.4,-0.0889709,-0.0889709,-0.0690291,-0.0674952,1.90557,1.90557,-0.261143,-0.262677,0.527689,0.527689,0,0,0.745515,0.745515,
28828.5,-0.0889709,-0.0889709,-0.0690291,-0.0674952,1.90557,1.90557,-0.261143,-0.262677,0.527689,0.527689,0,0,0.745515,0.745515,
28848.5,-0.0889709,-0.0889709,-0.0690291,-0.0674952,1.90557,1.90557,-0.261143,-0.262677,0.527689,0.527689,0,0,0.745515,0.745515,
28868.5,-0.0889709,-0.0889709,-0.0690291,-0.0674952,1.90557,1.90557,-0.261143,-0.262677,0.527689,0.527689,0,0,0.745515,0.745515,
28888.5,-0.0889709,-0.0889709,-0.0690291,-0.0674952,1.90557,1.90557,-0.261143,-0.262677,0.527689,0.527689,0,0,0.745515,0.745515,
28908.5,-0.0889709,-0.0889709,-0.0690291,-0.0674952,1.90557,1.90557,-0.261143,-0.262677,0.527689,0.527689,0,0,0.745515,0.745515,
28928.5,-0.0889709,-0.0889709,-0.0690291,-0.0674952,1.90557,1.90557,-0.261143,-0.262677,0.527689,0.527689,0,0,0.745515,0.745515,
28948.5,-0.0889709,-0.0889709,-0.0690291,-0.0674952,1.90557,1.90557,-0.261143,-0.262677,0.527689,0.527689,0,0,0.745515,0.745515,
28968.5,-0.0889709,-0.0889709,-0.0690291,-0.0674952,1.90557,1.90557,-0.261143,-0.262677,0.527689,0.527689,0,0,0.745515,0.745515,
28988.4,-0.0889709,-0.0889709,-0.0690291,-0.0659612,1.90557,1.90557,-0.261143,-0.262677,0.527689,0.527689,0,0,0.745515,0.745515,
29008.4,-0.0889709,-0.0889709,-0.0690291,-0.0659612,1.90557,1.90557,-0.261143,-0.262677,0.527689,0.527689,0,0,0.745515,0.745515,
29028.4,-0.0889709,-0.0889709,-0.0690291,-0.0659612,1.90557,1.90557,-0.261143,-0.262677,0.527689,0.527689,0,0,0.745515,0.745515,
29048.5,-0.0889709,-0.0889709,-0.0690291,-0.0659612,1.90557,1.90557,-0.261143,-0.262677,0.527689,0.527689,0,0,0.745515,0.745515,
29068.5,-0.0889709,-0.0889709,-0.0690291,-0.0659612,1.90557,1.90557,-0.261143,-0.262677,0.527689,0.527689,0,0,0.745515,0.745515,
29088.5,-0.0889709,-0.0889709,-0.0690291,-0.0674952,1.90557,1.90557,-0.261143,-0.262677,0.527689,0.527689,0,0,0.745515,0.745515,
29108.5,-0.0889709,-0.0889709,-0.0690291,-0.0674952,1.90557,1.90557,-0.261143,-0.262677,0.527689,0.527689,0,0,0.745515,0.745515,
29128.5,-0.0889709,-0.0889709,-0.0690291,-0.0674952,1.90557,1.90557,-0.261143,-0.262677,0.527689,0.527689,0,0,0.745515,0.745515,
29148.5,-0.0889709,-0.0889709,-0.0690291,-0.0674952,1.90557,1.90557,-0.261143,-0.262677,0.527689,0.527689,0,0,0.745515,0.745515,
29168.5,-0.0889709,-0.0889709,-0.0690291,-0.0674952,1.90557,1.90557,-0.261143,-0.262677,0.527689,0.527689,0,0,0.745515,0.745515,
29188.5,-0.0889709,-0.0889709,-0.0690291,-0.0674952,1.90557,1.90557,-0.261143,-0.262677,0.527689,0.527689,0,0,0.745515,0.745515,
29208.4,-0.0889709,-0.0889709,-0.0690291,-0.0674952,1.90557,1.90557,-0.261143,-0.262677,0.527689,0.527689,0,0,0.745515,0.745515,
29228.4,-0.0889709,-0.0889709,-0.0690291,-0.0674952,1.90557,1.90557,-0.261143,-0.262677,0.527689,0.527689,0,0,0.745515,0.745515,
29248.4,-0.0889709,-0.0889709,-0.0690291,-0.0674952,1.90557,1.90557,-0.261143,-0.262677,0.527689,0.527689,0,0,0.745515,0.745515,
29268.6,-0.0889709,-0.0889709,-0.0690291,-0.0674952,1.90557,1.90557,-0.261143,-0.262677,0.527689,0.527689,0,0,0.745515,0.745515,
29288.4,-0.0889709,-0.0889709,-0.0690291,-0.0674952,1.90557,1.90557,-0.261143,-0.262677,0.527689,0.527689,0,0,0.745515,0.745515,
29308.4,-0.0889709,-0.0889709,-0.0690291,-0.0674952,1.90557,1.90557,-0.261143,-0.262677,0.527689,0.527689,0,0.00153398,0.745515,0.745515,
29328.4,-0.0889709,-0.0889709,-0.0690291,-0.0674952,1.90557,1.90557,-0.261143,-0.262677,0.527689,0.527689,0,0.00153398,0.745515,0.745515,
29348.4,-0.0889709,-0.0889709,-0.0690291,-0.0674952,1.90557,1.90557,-0.261143,-0.262677,0.527689,0.527689,0,0.00153398,0.745515,0.745515,
29368.5,-0.0889709,-0.0889709,-0.0690291,-0.0674952,1.90557,1.90557,-0.261143,-0.262677,0.527689,0.527689,0,0.00153398,0.745515,0.745515,
29388.4,-0.0889709,-0.0889709,-0.0690291,-0.0674952,1.90557,1.90557,-0.261143,-0.262677,0.527689,0.527689,0,0.00153398,0.745515,0.745515,
29408.4,-0.0889709,-0.0889709,-0.0690291,-0.0674952,1.90557,1.90557,-0.261143,-0.262677,0.527689,0.527689,0,0,0.745515,0.745515,
29428.4,-0.0889709,-0.0889709,-0.0690291,-0.0674952,1.90557,1.90557,-0.261143,-0.262677,0.527689,0.527689,0,0,0.745515,0.745515,
29448.5,-0.0889709,-0.0889709,-0.0690291,-0.0674952,1.90557,1.90557,-0.261143,-0.262677,0.527689,0.527689,0,0,0.745515,0.745515,
29468.5,-0.0889709,-0.0889709,-0.0690291,-0.0674952,1.90557,1.90557,-0.261143,-0.262677,0.527689,0.527689,0,0,0.745515,0.745515,
29488.4,-0.0889709,-0.0889709,-0.0690291,-0.0674952,1.90557,1.90557,-0.261143,-0.262677,0.527689,0.527689,0,0,0.745515,0.745515,
29508.4,-0.0889709,-0.0889709,-0.0690291,-0.0674952,1.90557,1.90557,-0.261143,-0.262677,0.527689,0.527689,0,0,0.745515,0.745515,
29528.5,-0.0889709,-0.0889709,-0.0690291,-0.0674952,1.90557,1.90557,-0.261143,-0.262677,0.527689,0.527689,0,0,0.745515,0.745515,
29548.5,-0.0889709,-0.0889709,-0.0690291,-0.0674952,1.90557,1.90557,-0.261143,-0.262677,0.527689,0.527689,0,0,0.745515,0.745515,
29568.4,-0.0889709,-0.0889709,-0.0690291,-0.0674952,1.90557,1.90557,-0.261143,-0.262677,0.527689,0.527689,0,0,0.745515,0.745515,
29588.4,-0.0889709,-0.0889709,-0.0690291,-0.0674952,1.90557,1.90557,-0.261143,-0.262677,0.527689,0.527689,0,0,0.745515,0.745515,
29608.4,-0.0889709,-0.0889709,-0.0690291,-0.0674952,1.90557,1.90557,-0.261143,-0.262677,0.527689,0.527689,0,0,0.745515,0.745515,
29628.4,-0.0889709,-0.0889709,-0.0690291,-0.0674952,1.90557,1.90557,-0.261143,-0.262677,0.527689,0.527689,0,0,0.745515,0.745515,
29648.3,-0.0889709,-0.0889709,-0.0690291,-0.0674952,1.90557,1.90557,-0.261143,-0.262677,0.527689,0.527689,0,0,0.745515,0.745515,
29668.4,-0.0889709,-0.0889709,-0.0690291,-0.0674952,1.90557,1.90557,-0.261143,-0.262677,0.527689,0.527689,0,0,0.745515,0.745515,
29688.4,-0.0889709,-0.0889709,-0.0690291,-0.0674952,1.90557,1.90557,-0.261143,-0.262677,0.527689,0.527689,0,0,0.745515,0.745515,
29708.5,-0.0889709,-0.0889709,-0.0690291,-0.0674952,1.90557,1.90557,-0.261143,-0.262677,0.527689,0.527689,0,0,0.745515,0.745515,
29728.5,-0.0889709,-0.0889709,-0.0690291,-0.0674952,1.90557,1.90557,-0.261143,-0.262677,0.527689,0.527689,0,0,0.745515,0.745515,
29748.5,-0.0889709,-0.0889709,-0.0690291,-0.0674952,1.90557,1.90557,-0.261143,-0.262677,0.527689,0.527689,0,0,0.745515,0.745515,
29768.5,-0.0889709,-0.0889709,-0.0690291,-0.0674952,1.90557,1.90557,-0.261143,-0.262677,0.527689,0.527689,0,0,0.745515,0.745515,
29788.5,-0.0889709,-0.0889709,-0.0690291,-0.0674952,1.90557,1.90557,-0.261143,-0.262677,0.527689,0.527689,0,0,0.745515,0.745515,
29808.3,-0.0889709,-0.0889709,-0.0690291,-0.0674952,1.90557,1.90557,-0.261143,-0.262677,0.527689,0.527689,0,0,0.745515,0.745515,
29828.3,-0.0889709,-0.0889709,-0.0690291,-0.0674952,1.90557,1.90557,-0.261143,-0.262677,0.527689,0.527689,0,0,0.745515,0.745515,
29848.4,-0.0889709,-0.0889709,-0.0690291,-0.0674952,1.90557,1.90557,-0.261143,-0.262677,0.527689,0.527689,0,0,0.745515,0.745515,
29868.4,-0.0889709,-0.0889709,-0.0690291,-0.0674952,1.90557,1.90557,-0.261143,-0.262677,0.527689,0.527689,0,0,0.745515,0.745515,
29888.4,-0.0889709,-0.0889709,-0.0690291,-0.0674952,1.90557,1.90557,-0.261143,-0.262677,0.527689,0.527689,0,0,0.745515,0.745515,
29908.4,-0.0889709,-0.0889709,-0.0690291,-0.0674952,1.90557,1.90557,-0.261143,-0.262677,0.527689,0.527689,0,0,0.745515,0.745515,
29928.5,-0.0889709,-0.0889709,-0.0690291,-0.0674952,1.90557,1.90557,-0.261143,-0.262677,0.527689,0.527689,0,0,0.745515,0.745515,
29948.5,-0.0889709,-0.0889709,-0.0690291,-0.0674952,1.90557,1.90557,-0.261143,-0.262677,0.527689,0.527689,0,0,0.745515,0.745515,
29968.5,-0.0889709,-0.0889709,-0.0690291,-0.0674952,1.90557,1.90557,-0.261143,-0.262677,0.527689,0.527689,0,0,0.745515,0.745515,
29988.4,-0.0889709,-0.0889709,-0.0690291,-0.0674952,1.90557,1.90557,-0.261143,-0.262677,0.527689,0.527689,0,0,0.745515,0.745515,
30008.5,-0.0889709,-0.0889709,-0.0690291,-0.0674952,1.90557,1.90557,-0.261143,-0.262677,0.527689,0.527689,0,0,0.745515,0.745515,
30028.4,-0.0889709,-0.0889709,-0.0690291,-0.0674952,1.90557,1.90557,-0.261143,-0.262677,0.527689,0.527689,0,0,0.745515,0.745515,
30048.4,-0.0889709,-0.0889709,-0.0690291,-0.0674952,1.90557,1.90557,-0.261143,-0.262677,0.527689,0.527689,0,0,0.745515,0.745515,
30068.4,-0.0889709,-0.0889709,-0.0690291,-0.0674952,1.90557,1.90557,-0.261143,-0.262677,0.527689,0.527689,0,0,0.745515,0.745515,
30088.5,-0.0889709,-0.0889709,-0.0690291,-0.0674952,1.90557,1.90557,-0.261143,-0.262677,0.527689,0.527689,0,0,0.745515,0.745515,
30108.4,-0.0889709,-0.0889709,-0.0690291,-0.0674952,1.90557,1.90557,-0.261143,-0.262677,0.527689,0.527689,0,0,0.745515,0.745515,
30128.4,-0.0889709,-0.0889709,-0.0690291,-0.0674952,1.90557,1.90557,-0.261143,-0.262677,0.527689,0.527689,0,0,0.745515,0.745515,
30148.4,-0.0889709,-0.0889709,-0.0690291,-0.0674952,1.90557,1.90557,-0.261143,-0.262677,0.527689,0.527689,0,0,0.745515,0.745515,
30168.5,-0.0889709,-0.0889709,-0.0690291,-0.0674952,1.90557,1.90557,-0.261143,-0.262677,0.527689,0.527689,0,0,0.745515,0.745515,
30188.5,-0.0889709,-0.0889709,-0.0690291,-0.0674952,1.90557,1.90557,-0.261143,-0.262677,0.527689,0.527689,0,0,0.745515,0.745515,
30208.5,-0.0889709,-0.0889709,-0.0690291,-0.0674952,1.90557,1.90557,-0.261143,-0.262677,0.527689,0.527689,0,0,0.745515,0.745515,
30228.4,-0.0889709,-0.0889709,-0.0690291,-0.0674952,1.90557,1.90557,-0.261143,-0.262677,0.527689,0.527689,0,0,0.745515,0.745515,
30248.5,-0.0889709,-0.0889709,-0.0690291,-0.0674952,1.90557,1.90557,-0.261143,-0.262677,0.527689,0.527689,0,0,0.745515,0.745515,
30268.4,-0.0889709,-0.0889709,-0.0690291,-0.0674952,1.90557,1.90557,-0.261143,-0.262677,0.527689,0.527689,0,0,0.745515,0.745515,
30288.5,-0.0889709,-0.0889709,-0.0690291,-0.0674952,1.90557,1.90557,-0.261143,-0.261143,0.527689,0.527689,0,0,0.745515,0.745515,
30308.5,-0.0889709,-0.0889709,-0.0690291,-0.0674952,1.90557,1.90557,-0.261143,-0.261143,0.527689,0.527689,0,0,0.745515,0.745515,
30328.4,-0.0889709,-0.0889709,-0.0690291,-0.0674952,1.90557,1.90557,-0.261143,-0.261143,0.527689,0.527689,0,0,0.745515,0.745515,
30348.4,-0.0889709,-0.0889709,-0.0690291,-0.0674952,1.90557,1.90557,-0.261143,-0.261143,0.527689,0.527689,0,0,0.745515,0.745515,
30368.5,-0.0889709,-0.0889709,-0.0690291,-0.0674952,1.90557,1.90557,-0.261143,-0.261143,0.527689,0.527689,0,0,0.745515,0.745515,
30388.5,-0.0889709,-0.0889709,-0.0690291,-0.0674952,1.90557,1.90557,-0.261143,-0.262677,0.527689,0.527689,0,0,0.745515,0.745515,
30408.4,-0.0889709,-0.0889709,-0.0690291,-0.0674952,1.90557,1.90557,-0.261143,-0.262677,0.527689,0.527689,0,0,0.745515,0.745515,
30428.4,-0.0889709,-0.0889709,-0.0690291,-0.0674952,1.90557,1.90557,-0.261143,-0.262677,0.527689,0.527689,0,0,0.745515,0.745515,
30448.5,-0.0889709,-0.0889709,-0.0690291,-0.0674952,1.90557,1.90557,-0.261143,-0.262677,0.527689,0.527689,0,0,0.745515,0.745515,
30468.5,-0.0889709,-0.0889709,-0.0690291,-0.0674952,1.90557,1.90557,-0.261143,-0.262677,0.527689,0.527689,0,0,0.745515,0.745515,
30488.5,-0.0889709,-0.0889709,-0.0690291,-0.0674952,1.90557,1.90557,-0.261143,-0.262677,0.527689,0.527689,0,0,0.745515,0.745515,
30508.5,-0.0889709,-0.0889709,-0.0690291,-0.0674952,1.90557,1.90557,-0.261143,-0.262677,0.527689,0.527689,0,0,0.745515,0.745515,
30528.5,-0.0889709,-0.0889709,-0.0690291,-0.0674952,1.90557,1.90557,-0.261143,-0.262677,0.527689,0.527689,0,0,0.745515,0.745515,
30548.5,-0.0889709,-0.0889709,-0.0690291,-0.0674952,1.90557,1.90557,-0.261143,-0.262677,0.527689,0.527689,0,0,0.745515,0.745515,
30568.5,-0.0889709,-0.0889709,-0.0690291,-0.0674952,1.90557,1.90557,-0.261143,-0.262677,0.527689,0.527689,0,0,0.745515,0.745515,
30588.5,-0.0889709,-0.0889709,-0.0690291,-0.0674952,1.90557,1.90557,-0.261143,-0.262677,0.527689,0.527689,0,0,0.745515,0.745515,
30608.4,-0.0889709,-0.0889709,-0.0690291,-0.0674952,1.90557,1.90557,-0.261143,-0.262677,0.527689,0.526155,0,0,0.745515,0.745515,
30628.4,-0.0889709,-0.0889709,-0.0690291,-0.0674952,1.90557,1.90557,-0.261143,-0.262677,0.527689,0.526155,0,0,0.745515,0.745515,
30648.4,0,-0.0889709,-0.0690752,-0.0674952,1.90926,1.90557,-0.26479,-0.262677,0,0.526155,0,0,0,0.745515,
30668.4,0,-0.0889709,-0.0732071,-0.0674952,1.91309,1.90557,-0.264485,-0.262677,0,0.526155,0,0,0,0.745515,
30688.3,0,-0.0889709,-0.0778626,-0.0674952,1.91738,1.90557,-0.264121,-0.262677,0,0.526155,0,0,0,0.745515,
30708.5,0,-0.0889709,-0.0799342,-0.0674952,1.91928,1.90557,-0.263951,-0.262677,0,0.527689,0,0.00153398,0,0.745515,
30728.3,0,-0.0889709,-0.0835632,-0.0674952,1.92261,1.90557,-0.263644,-0.262677,0,0.527689,0,0.00153398,0,0.745515,
30748.4,0,-0.0889709,-0.0960417,-0.0674952,1.93392,1.90557,-0.262484,-0.262677,0,0.527689,0,0.00153398,0,0.745515,
30768.4,0,-0.0889709,-0.0991703,-0.0674952,1.93674,1.90557,-0.262168,-0.262677,0,0.527689,0,0.00153398,0,0.745515,
30788.5,0,-0.0889709,-0.10387,-0.0674952,1.94094,1.90557,-0.261674,-0.262677,0,0.527689,0,0.00153398,0,0.745515,
30808.4,0,-0.0490874,-0.108578,-0.0720971,1.94513,1.91171,-0.261156,-0.261143,0,0.452524,0,0,0,0.756253,
30828.4,0,-0.0490874,-0.113819,-0.0720971,1.94977,1.91171,-0.260554,-0.261143,0,0.452524,0,0,0,0.756253,
30848.4,0,-0.0490874,-0.115393,-0.0720971,1.95116,1.91171,-0.260367,-0.261143,0,0.452524,0,0,0,0.756253,
30868.4,0,-0.0490874,-0.116969,-0.0720971,1.95254,1.91171,-0.260178,-0.261143,0,0.452524,0,0,0,0.756253,
30888.4,0,-0.0490874,-0.120122,-0.0720971,1.95531,1.91171,-0.259792,-0.261143,0,0.452524,0,0,0,0.756253,
30908.3,0,-0.0184078,-0.122227,-0.0859029,1.95715,1.93165,-0.259528,-0.259609,0,0.0905049,0,0.00306796,0,0.747049,
30928.3,-0.0184078,-0.0184078,-0.0859029,-0.0859029,1.93165,1.93165,-0.259327,-0.259609,0.0905049,0.0905049,0,0.00306796,0.747049,0.747049,
30948.4,0,-0.0184078,-0.126441,-0.0859029,1.96083,1.93165,-0.258987,-0.259609,0,0.0905049,0,0.00306796,0,0.747049,
30968.3,0,-0.0184078,-0.127495,-0.0859029,1.96174,1.93165,-0.258848,-0.259609,0,0.0905049,0,0.00306796,0,0.747049,
30988.3,0,-0.0184078,-0.12855,-0.0859029,1.96266,1.93165,-0.258709,-0.259609,0,0.0905049,0,0.00306796,0,0.747049,
31008.3,0,-0.0076699,-0.130134,-0.102777,1.96403,1.93472,-0.258497,-0.262677,0,-0.0122718,0,0.00153398,0,0.740913,
31028.3,0,-0.0076699,-0.130662,-0.102777,1.96449,1.93472,-0.258426,-0.262677,0,-0.0122718,0,0.00153398,0,0.740913,
31048.3,0,-0.0076699,-0.132775,-0.102777,1.96631,1.93472,-0.258139,-0.262677,0,-0.0122718,0,0.00153398,0,0.740913,
31068.3,0,-0.0076699,-0.134361,-0.102777,1.96768,1.93472,-0.25792,-0.262677,0,-0.0122718,0,0.00153398,0,0.740913,
31088.4,0,-0.0076699,-0.135419,-0.102777,1.96859,1.93472,-0.257773,-0.262677,0,-0.0122718,0,0.00153398,0,0.740913,
31108.3,0,-0.0076699,-0.138066,-0.102777,1.97086,1.93472,-0.257399,-0.262677,0,-0.0122718,0,0.00153398,0,0.740913,
31128.6,0,0,-0.139655,-0.11965,1.97222,1.95159,-0.257171,-0.253473,0,-0.00920388,0,0.00306796,0,0.742447,
31148.3,0,0,-0.142306,-0.11965,1.97449,1.95159,-0.256786,-0.253473,0,-0.00920388,0,0.00306796,0,0.742447,
31168.3,0,0,-0.147086,-0.11965,1.97856,1.95159,-0.256072,-0.253473,0,-0.00920388,0,0.00306796,0,0.742447,
31188.3,0,0,-0.150277,-0.11965,1.98126,1.95159,-0.255583,-0.253473,0,-0.00920388,0,0.00306796,0,0.742447,
31208.3,0,0.00306796,-0.151342,-0.124252,1.98216,1.96693,-0.255418,-0.255007,0,-0.00920388,0,0.00306796,0,0.742447,
31228.4,0,0.00306796,-0.15294,-0.124252,1.98351,1.96693,-0.255167,-0.255007,0,-0.00920388,0,0.00306796,0,0.742447,
31248.4,0,0.00306796,-0.156139,-0.124252,1.9862,1.96693,-0.254658,-0.255007,0,-0.00920388,0,0.00306796,0,0.742447,
31268.4,0,0.00306796,-0.157207,-0.124252,1.98709,1.96693,-0.254485,-0.255007,0,-0.00920388,0,0.00306796,0,0.742447,
31288.4,0,0.00306796,-0.157741,-0.124252,1.98754,1.96693,-0.254399,-0.255007,0,-0.00920388,0,0.00306796,0,0.742447,
31308.3,0,0.00306796,-0.159343,-0.124252,1.98888,1.96693,-0.254137,-0.255007,0,-0.00920388,0,0.00306796,0,0.742447,
31328.3,0,0.00306796,-0.164691,-0.13499,1.99333,1.9746,-0.253245,-0.253473,0,-0.00920388,0,0.00306796,0,0.745515,
31348.3,0,0.00306796,-0.166298,-0.13499,1.99467,1.9746,-0.252971,-0.253473,0,-0.00920388,0,0.00306796,0,0.745515,
31368.4,0,0.00306796,-0.168442,-0.13499,1.99644,1.9746,-0.252602,-0.253473,0,-0.00920388,0,0.00306796,0,0.745515,
31388.3,0,0.00306796,-0.171125,-0.145728,1.99866,1.97767,-0.252133,-0.253473,0,-0.00920388,0,0.00306796,0,0.745515,
31408.4,0,0.00306796,-0.173274,-0.145728,2.00042,1.97767,-0.251752,-0.253473,0,-0.00920388,0,0.00306796,0,0.745515,
31428.3,0,0.00306796,-0.173274,-0.145728,2.00042,1.97767,-0.251752,-0.253473,0,-0.00920388,0,0.00306796,0,0.745515,
31448.4,0,0.00306796,-0.173274,-0.145728,2.00042,1.97767,-0.251752,-0.253473,0,-0.00920388,0,0.00306796,0,0.745515,
31468.3,0,0.00306796,-0.173274,-0.145728,2.00042,1.97767,-0.251752,-0.253473,0,-0.00920388,0,0.00306796,0,0.745515,
31488.3,0,0.00306796,-0.173274,-0.145728,2.00042,1.97767,-0.251752,-0.253473,0,-0.00920388,0,0.00306796,0,0.745515,
31508.4,0,0.00460194,-0.161068,-0.161068,2.00042,1.99147,-0.251752,-0.251939,0,-0.0076699,0,0.00306796,0.745515,0.745515,
31528.4,0,0.00460194,-0.161068,-0.161068,2.00042,1.99147,-0.251752,-0.251939,0,-0.0076699,0,0.00306796,0.745515,0.745515,
31548.4,0,0.00460194,-0.161068,-0.161068,2.00042,1.99147,-0.251752,-0.251939,0,-0.0076699,0,0.00306796,0.745515,0.745515,
31568.4,0,0.00460194,-0.161068,-0.161068,2.00042,1.99147,-0.251752,-0.251939,0,-0.0076699,0,0.00306796,0.745515,0.745515,
31588.4,0,0.00460194,-0.161068,-0.161068,2.00042,1.99147,-0.251752,-0.251939,0,-0.0076699,0,0.00306796,0.745515,0.745515,
31608.4,0,0.00306796,-0.161068,-0.167204,2.00042,2.00068,-0.251752,-0.250405,0,-0.0076699,0,0.00306796,0.745515,0.745515,
31628.4,0,0.00306796,-0.161068,-0.167204,2.00042,2.00068,-0.251752,-0.250405,0,-0.0076699,0,0.00306796,0.745515,0.745515,
31648.4,0,0.00306796,-0.161068,-0.167204,2.00042,2.00068,-0.251752,-0.250405,0,-0.0076699,0,0.00306796,0.745515,0.745515,
31668.4,0,0.00306796,-0.161068,-0.167204,2.00042,2.00068,-0.251752,-0.250405,0,-0.0076699,0,0.00306796,0.745515,0.745515,
31688.4,0,0.00306796,-0.161068,-0.167204,2.00042,2.00068,-0.251752,-0.250405,0,-0.0076699,0,0.00306796,0.745515,0.745515,
31708.4,0,0.00460194,-0.171806,-0.171806,2.00042,2.00221,-0.251752,-0.250405,0,-0.0076699,0,0.00306796,0.745515,0.745515,
31728.3,0,0.00460194,-0.171806,-0.171806,2.00042,2.00221,-0.251752,-0.250405,0,-0.0076699,0,0.00306796,0.745515,0.745515,
31748.4,0,0.00460194,-0.171806,-0.171806,2.00042,2.00221,-0.251752,-0.250405,0,-0.0076699,0,0.00306796,0.745515,0.745515,
31768.4,0,0.00460194,-0.171806,-0.171806,2.00042,2.00221,-0.251752,-0.250405,0,-0.0076699,0,0.00306796,0.745515,0.745515,
31788.4,0,0.00460194,-0.171806,-0.171806,2.00042,2.00221,-0.251752,-0.250405,0,-0.0076699,0,0.00306796,0.745515,0.745515,
31808.4,0,0.00460194,-0.171806,-0.171806,2.00042,2.00221,-0.251752,-0.250405,0,-0.00613592,0,0.00306796,0.745515,0.747049,
31828.5,0,0.00460194,-0.171806,-0.171806,2.00042,2.00221,-0.251752,-0.250405,0,-0.00613592,0,0.00306796,0.745515,0.747049,
31848.4,0,0.00460194,-0.171806,-0.171806,2.00042,2.00221,-0.251752,-0.250405,0,-0.00613592,0,0.00306796,0.745515,0.747049,
31868.4,0,0.00460194,-0.171806,-0.171806,2.00042,2.00221,-0.251752,-0.250405,0,-0.00613592,0,0.00306796,0.745515,0.747049,
31888.5,0,0.00460194,-0.171806,-0.171806,2.00042,2.00221,-0.251752,-0.250405,0,-0.00613592,0,0.00306796,0.745515,0.747049,
31908.5,0,0.00460194,-0.171806,-0.17334,2.00042,2.00375,-0.251752,-0.248871,0,-0.00613592,0,0.00306796,0.745515,0.747049,
31928.5,0,0.00460194,-0.171806,-0.17334,2.00042,2.00375,-0.251752,-0.248871,0,-0.00613592,0,0.00306796,0.745515,0.747049,
31948.4,0,0.00460194,-0.171806,-0.17334,2.00042,2.00375,-0.251752,-0.248871,0,-0.00613592,0,0.00306796,0.745515,0.747049,
31968.4,0,0.00460194,-0.171806,-0.17334,2.00042,2.00375,-0.251752,-0.248871,0,-0.00613592,0,0.00306796,0.745515,0.747049,
31988.4,0,0.00460194,-0.171806,-0.17334,2.00042,2.00375,-0.251752,-0.248871,0,-0.00613592,0,0.00306796,0.745515,0.747049,
32008.4,0,0.00306796,-0.171806,-0.17334,2.00042,2.00221,-0.251752,-0.248871,0,-0.00613592,0,0.00306796,0.745515,0.747049,
32028.4,0,0.00306796,-0.171806,-0.17334,2.00042,2.00221,-0.251752,-0.248871,0,-0.00613592,0,0.00306796,0.745515,0.747049,
32048.3,0,0.00306796,-0.171806,-0.17334,2.00042,2.00221,-0.251752,-0.248871,0,-0.00613592,0,0.00306796,0.745515,0.747049,
32068.4,0,0.00306796,-0.171806,-0.17334,2.00042,2.00221,-0.251752,-0.248871,0,-0.00613592,0,0.00306796,0.745515,0.747049,
32088.3,0,0.00306796,-0.171806,-0.17334,2.00042,2.00221,-0.251752,-0.248871,0,-0.00613592,0,0.00306796,0.745515,0.747049,
32108.3,0,0.00460194,-0.171806,-0.17334,2.00042,2.00221,-0.251752,-0.248871,0,-0.00460194,0,0.00306796,0.745515,0.747049,
32128.3,0,0.00460194,-0.171806,-0.17334,2.00042,2.00221,-0.251752,-0.248871,0,-0.00460194,0,0.00306796,0.745515,0.747049,
32148.4,0,0.00460194,-0.171806,-0.17334,2.00042,2.00221,-0.251752,-0.248871,0,-0.00460194,0,0.00306796,0.745515,0.747049,
32168.4,0,0.00460194,-0.171806,-0.17334,2.00042,2.00221,-0.251752,-0.248871,0,-0.00460194,0,0.00306796,0.745515,0.747049,
32188.3,0,0.00460194,-0.171806,-0.17334,2.00042,2.00221,-0.251752,-0.248871,0,-0.00460194,0,0.00306796,0.745515,0.747049,
32208.4,0,0.00460194,-0.171806,-0.174874,2.00042,2.00221,-0.251752,-0.248871,0,-0.00460194,0,0.00306796,0.745515,0.747049,
32228.4,0,0.00460194,-0.171806,-0.174874,2.00042,2.00221,-0.251752,-0.248871,0,-0.00460194,0,0.00306796,0.745515,0.747049,
32248.4,0,0.00460194,-0.171806,-0.174874,2.00042,2.00221,-0.251752,-0.248871,0,-0.00460194,0,0.00306796,0.745515,0.747049,
32268.4,0,0.00460194,-0.171806,-0.174874,2.00042,2.00221,-0.251752,-0.248871,0,-0.00460194,0,0.00306796,0.745515,0.747049,
32288.4,0,0.00306796,-0.171806,-0.174874,2.00042,2.00221,-0.251752,-0.248871,0,-0.00460194,0,0.00306796,0.745515,0.747049,
32308.3,0,0.00306796,-0.171806,-0.174874,2.00042,2.00221,-0.251752,-0.248871,0,-0.00460194,0,0.00306796,0.745515,0.747049,
32328.4,0,0.00306796,-0.171806,-0.174874,2.00042,2.00221,-0.251752,-0.248871,0,-0.00460194,0,0.00306796,0.745515,0.747049,
32348.4,0,0.00306796,-0.171806,-0.174874,2.00042,2.00221,-0.251752,-0.248871,0,-0.00460194,0,0.00306796,0.745515,0.747049,
32368.4,0,0.00306796,-0.171806,-0.174874,2.00042,2.00221,-0.251752,-0.248871,0,-0.00460194,0,0.00306796,0.745515,0.747049,
32388.4,0,0.00306796,-0.171806,-0.174874,2.00042,2.00221,-0.251752,-0.248871,0,-0.00460194,0,0.00306796,0.745515,0.747049,
32408.3,0,0.00460194,-0.171806,-0.174874,2.00042,2.00221,-0.251752,-0.248871,0,-0.00460194,0,0.00306796,0.745515,0.747049,
32428.4,0,0.00460194,-0.171806,-0.174874,2.00042,2.00221,-0.251752,-0.248871,0,-0.00460194,0,0.00306796,0.745515,0.747049,
32448.4,0,0.00460194,-0.171806,-0.174874,2.00042,2.00221,-0.251752,-0.248871,0,-0.00460194,0,0.00306796,0.745515,0.747049,
32468.4,0,0.00460194,-0.171806,-0.174874,2.00042,2.00221,-0.251752,-0.248871,0,-0.00460194,0,0.00306796,0.745515,0.747049,
32488.4,0,0.00460194,-0.171806,-0.174874,2.00042,2.00221,-0.251752,-0.248871,0,-0.00460194,0,0.00306796,0.745515,0.747049,
32508.3,0,0.00306796,-0.171806,-0.174874,2.00042,2.00221,-0.251752,-0.248871,0,-0.00460194,0,0.00306796,0.745515,0.747049,
32528.4,0,0.00306796,-0.171806,-0.174874,2.00042,2.00221,-0.251752,-0.248871,0,-0.00460194,0,0.00306796,0.745515,0.747049,
32548.5,0,0.00306796,-0.171806,-0.174874,2.00042,2.00221,-0.251752,-0.248871,0,-0.00460194,0,0.00306796,0.745515,0.747049,
32568.4,0,0.00306796,-0.171806,-0.174874,2.00042,2.00221,-0.251752,-0.248871,0,-0.00460194,0,0.00306796,0.745515,0.747049,
32588.4,0,0.00306796,-0.173811,-0.174874,2.00087,2.00221,-0.251656,-0.248871,0,-0.00460194,0,0.00306796,0,0.747049,
32608.3,0,0.00306796,-0.181888,-0.17334,2.00747,2.00221,-0.250179,-0.248871,0,-0.00460194,0,0.00306796,0,0.747049,
32628.3,0,0.00306796,-0.184046,-0.17334,2.00922,2.00221,-0.249774,-0.248871,0,-0.00460194,0,0.00306796,0,0.747049,
32648.7,0,0.00306796,-0.187288,-0.17334,2.01184,2.00221,-0.249155,-0.248871,0,-0.00460194,0,0.00306796,0,0.747049,
32669,0,0.00306796,-0.188369,-0.17334,2.01271,2.00221,-0.248947,-0.248871,0,-0.00460194,0,0.00306796,0,0.747049,
32688.3,0,0.00306796,-0.189992,-0.17334,2.01402,2.00221,-0.248632,-0.248871,0,-0.00460194,0,0.00306796,0,0.747049,
32708.5,0,0.00306796,-0.191075,-0.17334,2.01489,2.00221,-0.24842,-0.248871,0,-0.00460194,0,0.00306796,0,0.747049,
32728.3,0,0.00306796,-0.193784,-0.176408,2.01707,2.00375,-0.247885,-0.248871,0,-0.00460194,0,0.00306796,0,0.747049,
32748.3,0,0.00306796,-0.195954,-0.176408,2.0188,2.00375,-0.247451,-0.248871,0,-0.00460194,0,0.00306796,0,0.747049,
32768.3,0,0.00306796,-0.200299,-0.176408,2.02226,2.00375,-0.246568,-0.248871,0,-0.00460194,0,0.00306796,0,0.747049,
32788.3,0,0.00306796,-0.204652,-0.176408,2.02571,2.00375,-0.245664,-0.248871,0,-0.00460194,0,0.00306796,0,0.747049,
32808.4,0,0.00306796,-0.206287,-0.176408,2.02701,2.00375,-0.24532,-0.248871,0,-0.00460194,0,0.00306796,0,0.747049,
32828.3,0,0.00306796,-0.20956,-0.176408,2.02958,2.00375,-0.244622,-0.248871,0,-0.00460194,0,0.00306796,0,0.747049,
32848.3,0,0.00306796,-0.217764,-0.176408,2.03599,2.00375,-0.242828,-0.248871,0,-0.00460194,0,0.00306796,0,0.747049,
32868.3,0,0.00306796,-0.228748,-0.176408,2.04447,2.00375,-0.24032,-0.248871,0,-0.00460194,0,0.00306796,0,0.747049,
32888.4,0,0.00306796,-0.230401,-0.176408,2.04573,2.00375,-0.239933,-0.248871,0,-0.00460194,0,0.00306796,0,0.747049,
32908.3,0,0.00306796,-0.256452,-0.176408,2.06532,2.00375,-0.233466,-0.248871,0,-0.00460194,0,0.00306796,0,0.747049,
32928.3,0,0.00306796,-0.205553,-0.176408,2.02982,2.00375,-0.242735,-0.248871,0,-0.00460194,0,0.00306796,0.747049,0.747049,
32948.3,0,0.00306796,-0.273808,-0.176408,2.078,2.00375,-0.228789,-0.248871,0,-0.00460194,0,0.00306796,0,0.747049,
32968.3,0,0.00306796,-0.287341,-0.176408,2.08768,2.00375,-0.224939,-0.248871,0,-0.00460194,0,0.00306796,0,0.747049,
32988.4,0,0.00306796,-0.290172,-0.176408,2.08968,2.00375,-0.224111,-0.248871,0,-0.00460194,0,0.00306796,0,0.747049,
33008.4,0,0.00306796,-0.291872,-0.176408,2.09088,2.00375,-0.223611,-0.248871,0,-0.00460194,0,0.00306796,0,0.747049,
33028.3,0,0.00306796,-0.295276,-0.176408,2.09327,2.00375,-0.222599,-0.248871,0,-0.00460194,0,0.00306796,0,0.747049,
33048.4,0,0.00306796,-0.298117,-0.176408,2.09526,2.00375,-0.221747,-0.248871,0,-0.00460194,0,0.00306796,0,0.747049,
33068.4,0,0.00306796,-0.307234,-0.176408,2.10159,2.00375,-0.218959,-0.248871,0,-0.00460194,0,0.00306796,0,0.747049,
33088.5,0,0.00306796,-0.30952,-0.176408,2.10317,2.00375,-0.218248,-0.248871,0,-0.00460194,0,0.00306796,0,0.747049,
33108.5,0,0.00306796,-0.315818,-0.176408,2.10748,2.00375,-0.216262,-0.248871,0,-0.00460194,0,0.00306796,0,0.747049,
33128.4,0,0.00306796,-0.320985,-0.176408,2.11099,2.00375,-0.214604,-0.248871,0,-0.00460194,0,0.00306796,0,0.747049,
33148.4,0,0.00306796,-0.330202,-0.176408,2.11719,2.00375,-0.211585,-0.248871,0,-0.00460194,0,0.00306796,0,0.747049,
33168.3,0,0.00306796,-0.335405,-0.176408,2.12065,2.00375,-0.209845,-0.248871,0,-0.00460194,0,0.00306796,0,0.747049,
33188.4,0,0.00306796,-0.34062,-0.176408,2.12409,2.00375,-0.208075,-0.248871,0,-0.00460194,0,0.00306796,0,0.747049,
33208.4,0,0.00306796,-0.30833,-0.176408,2.10806,2.00375,-0.208075,-0.248871,0,-0.00460194,0,0.00306796,0.747049,0.747049,
33228.4,0,0.00306796,-0.30833,-0.176408,2.10806,2.00375,-0.208075,-0.248871,0,-0.00460194,0,0.00306796,0.747049,0.747049,
33248.4,0,0.00306796,-0.30833,-0.176408,2.10806,2.00375,-0.208075,-0.248871,0,-0.00460194,0,0.00306796,0.747049,0.747049,
33268.4,0,0.00306796,-0.30833,-0.176408,2.10806,2.00375,-0.208075,-0.248871,0,-0.00460194,0,0.00306796,0.747049,0.747049,
33288.3,0,0.00306796,-0.30833,-0.176408,2.10806,2.00375,-0.208075,-0.248871,0,-0.00460194,0,0.00306796,0.747049,0.747049,
33308.4,0,0.00306796,-0.30833,-0.176408,2.10806,2.00375,-0.208075,-0.248871,0,-0.00460194,0,0.00306796,0.747049,0.747049,
33328.3,0,0.00306796,-0.30833,-0.176408,2.10806,2.00375,-0.208075,-0.248871,0,-0.00460194,0,0.00306796,0.747049,0.747049,
33348.3,0,0.00306796,-0.30833,-0.176408,2.10806,2.00375,-0.208075,-0.248871,0,-0.00460194,0,0.00306796,0.747049,0.747049,
33368.4,0,0.00306796,-0.30833,-0.176408,2.10806,2.00375,-0.208075,-0.248871,0,-0.00460194,0,0.00306796,0.747049,0.747049,
33388.3,0,0.00306796,-0.30833,-0.176408,2.10806,2.00375,-0.208075,-0.248871,0,-0.00460194,0,0.00306796,0.747049,0.747049,
33408.3,0,0.00306796,-0.340544,-0.176408,2.128,2.00375,-0.208075,-0.248871,0,-0.00460194,0,0.00306796,0.747049,0.747049,
33428.4,0,0.00306796,-0.340544,-0.176408,2.128,2.00375,-0.208075,-0.248871,0,-0.00460194,0,0.00306796,0.747049,0.747049,
33448.3,0,0.00306796,-0.340544,-0.176408,2.128,2.00375,-0.208075,-0.248871,0,-0.00460194,0,0.00306796,0.747049,0.747049,
33468.4,0,0.00306796,-0.340544,-0.176408,2.128,2.00375,-0.208075,-0.248871,0,-0.00460194,0,0.00306796,0.747049,0.747049,
33488.4,0,0.00306796,-0.340544,-0.176408,2.128,2.00375,-0.208075,-0.248871,0,-0.00460194,0,0.00306796,0.747049,0.747049,
33508.4,0,0.00306796,-0.352816,-0.176408,2.128,2.00375,-0.208075,-0.248871,0,-0.00460194,0,0.00306796,0.747049,0.747049,
33528.5,0,0.00306796,-0.352816,-0.176408,2.128,2.00375,-0.208075,-0.248871,0,-0.00460194,0,0.00306796,0.747049,0.747049,
33548.5,0,0.00306796,-0.352816,-0.176408,2.128,2.00375,-0.208075,-0.248871,0,-0.00460194,0,0.00306796,0.747049,0.747049,
33568.4,0,0.00306796,-0.352816,-0.176408,2.128,2.00375,-0.208075,-0.248871,0,-0.00460194,0,0.00306796,0.747049,0.747049,
33588.4,0,0.00306796,-0.352816,-0.176408,2.128,2.00375,-0.208075,-0.248871,0,-0.00460194,0,0.00306796,0.747049,0.747049,
33608.4,0,0.00306796,-0.352816,-0.176408,2.128,2.00375,-0.208075,-0.248871,0,-0.00460194,0,0.00306796,0.747049,0.747049,
33628.3,0,0.00153398,-0.352816,-0.352816,2.128,2.12953,-0.208075,-0.204386,0,0,0,0.00306796,0.747049,0.748583,
33648.4,0,0.00153398,-0.352816,-0.352816,2.128,2.12953,-0.208075,-0.204386,0,0,0,0.00306796,0.747049,0.748583,
33668.3,0,0.00153398,-0.352816,-0.352816,2.128,2.12953,-0.208075,-0.204386,0,0,0,0.00306796,0.747049,0.748583,
33688.4,0,0.00153398,-0.352816,-0.352816,2.128,2.12953,-0.208075,-0.204386,0,0,0,0.00306796,0.747049,0.748583,
33708.5,0,0.00153398,-0.33888,-0.349748,2.12295,2.12953,-0.208669,-0.204386,0,0,0,0.00460194,0,0.748583,
33728.4,0,0.00153398,-0.337142,-0.349748,2.1218,2.12953,-0.209258,-0.204386,0,0,0,0.00460194,0,0.748583,
33748.3,0,0.00153398,-0.334247,-0.349748,2.11988,2.12953,-0.210234,-0.204386,0,0,0,0.00460194,0,0.748583,
33768.4,0,0.00153398,-0.330779,-0.349748,2.11757,2.12953,-0.211393,-0.204386,0,0,0,0.00460194,0,0.748583,
33788.4,0,0.00153398,-0.327894,-0.349748,2.11564,2.12953,-0.212349,-0.204386,0,0,0,0.00460194,0,0.748583,
33808.3,0,0.00153398,-0.324436,-0.340544,2.11332,2.128,-0.213483,-0.20592,0,0,0,0.00306796,0,0.748583,
33828.5,0,0.00153398,-0.322135,-0.340544,2.11176,2.128,-0.214232,-0.20592,0,0,0,0.00306796,0,0.748583,
33848.3,0,0.00153398,-0.32156,-0.340544,2.11138,2.128,-0.214419,-0.20592,0,0,0,0.00306796,0,0.748583,
33868.3,0,0.00153398,-0.311808,-0.340544,2.10474,2.128,-0.217531,-0.20592,0,0,0,0.00306796,0,0.748583,
33888.3,0,0.00153398,-0.307234,-0.340544,2.10159,2.128,-0.218959,-0.20592,0,0,0,0.00306796,0,0.748583,
33908.3,0,0.00306796,-0.34668,-0.34668,2.128,2.128,-0.20592,-0.20592,0,0,0,0.00460194,0.748583,0.748583,
33928.3,0,0.00306796,-0.300962,-0.34668,2.09725,2.128,-0.220886,-0.20592,0,0,0,0.00460194,0,0.748583,
33948.3,0,0.00306796,-0.299824,-0.34668,2.09645,2.128,-0.221231,-0.20592,0,0,0,0.00460194,0,0.748583,
33968.3,0,0.00306796,-0.298117,-0.34668,2.09526,2.128,-0.221747,-0.20592,0,0,0,0.00460194,0,0.748583,
33988.3,0,0.00306796,-0.295844,-0.34668,2.09367,2.128,-0.22243,-0.20592,0,0,0,0.00460194,0,0.748583,
34008.3,0,0.00153398,-0.294141,-0.332874,2.09248,2.12186,-0.222938,-0.212056,0,0,0,0.00306796,0,0.750117,
34028.3,0,0.00153398,-0.292439,-0.332874,2.09128,2.12186,-0.223443,-0.212056,0,0,0,0.00306796,0,0.750117,
34048.4,0,0.00153398,-0.287341,-0.332874,2.08768,2.12186,-0.224939,-0.212056,0,0,0,0.00306796,0,0.750117,
34068.3,0,0.00153398,-0.28508,-0.332874,2.08607,2.12186,-0.225595,-0.212056,0,0,0,0.00306796,0,0.750117,
34088.3,0,0.00153398,-0.282256,-0.332874,2.08406,2.12186,-0.226407,-0.212056,0,0,0,0.00306796,0,0.750117,
34108.3,0,0.00153398,-0.28,-0.317534,2.08245,2.11419,-0.22705,-0.218192,0,0,0,0.00306796,0,0.750117,
34128.4,0,0.00153398,-0.278309,-0.317534,2.08124,2.11419,-0.227528,-0.218192,0,0,0,0.00306796,0,0.750117,
34148.3,0,0.00153398,-0.274932,-0.317534,2.07881,2.11419,-0.228476,-0.218192,0,0,0,0.00306796,0,0.750117,
34168.3,0,0.00153398,-0.27437,-0.317534,2.0784,2.11419,-0.228633,-0.218192,0,0,0,0.00306796,0,0.750117,
34188.3,0,0.00153398,-0.270438,-0.317534,2.07556,2.11419,-0.22972,-0.218192,0,0,0,0.00306796,0,0.750117,
34208.3,0,0.00306796,-0.269315,-0.303728,2.07474,2.10959,-0.230028,-0.222794,0,0,0,0.00306796,0,0.748583,
34228.3,0,0.00306796,-0.260918,-0.303728,2.06861,2.10959,-0.232291,-0.222794,0,0,0,0.00306796,0,0.748583,
34248.4,0,0.00306796,-0.253666,-0.303728,2.06325,2.10959,-0.23419,-0.222794,0,0,0,0.00306796,0,0.748583,
34268.3,0,0.00306796,-0.248104,-0.303728,2.05911,2.10959,-0.235611,-0.222794,0,0,0,0.00306796,0,0.748583,
34288.3,0,0.00306796,-0.243665,-0.303728,2.05579,2.10959,-0.236724,-0.222794,0,0,0,0.00306796,0,0.748583,
34308.4,0,0.00306796,-0.240341,-0.303728,2.05328,2.10959,-0.237544,-0.222794,0,0,0,0.00306796,0,0.748583,
34328.4,0,0.00153398,-0.237576,-0.286854,2.05119,2.09732,-0.238219,-0.227395,0,0,0,0.00306796,0,0.750117,
34348.4,0,0.00153398,-0.232606,-0.286854,2.04742,2.09732,-0.239411,-0.227395,0,0,0,0.00306796,0,0.750117,
34368.3,0,0.00153398,-0.228748,-0.286854,2.04447,2.09732,-0.24032,-0.227395,0,0,0,0.00306796,0,0.750117,
34388.5,0,0.00153398,-0.227647,-0.286854,2.04362,2.09732,-0.240577,-0.227395,0,0,0,0.00306796,0,0.750117,
34408.4,0,0.00153398,-0.263845,-0.263845,2.07891,2.07891,-0.240577,-0.233531,0,0,0,0.00306796,0.750117,0.750117,
34428.4,0,0.00153398,-0.263845,-0.263845,2.07891,2.07891,-0.240577,-0.233531,0,0,0,0.00306796,0.750117,0.750117,
34448.4,0,0.00153398,-0.263845,-0.263845,2.07891,2.07891,-0.240577,-0.233531,0,0,0,0.00306796,0.750117,0.750117,
34468.4,0,0.00153398,-0.263845,-0.263845,2.07891,2.07891,-0.240577,-0.233531,0,0,0,0.00306796,0.750117,0.750117,
34488.4,0,0.00153398,-0.263845,-0.263845,2.07891,2.07891,-0.240577,-0.233531,0,0,0,0.00306796,0.750117,0.750117,
34508.4,0,0.00153398,-0.263845,-0.240835,2.07891,2.06204,-0.240577,-0.239667,0,-0.00153398,0,0.00306796,0.750117,0.750117,
34528.3,0,0.00153398,-0.240835,-0.240835,2.06204,2.06204,-0.240577,-0.239667,0,-0.00153398,0,0.00306796,0.750117,0.750117,
34548.4,0,0.00153398,-0.240835,-0.240835,2.06204,2.06204,-0.240577,-0.239667,0,-0.00153398,0,0.00306796,0.750117,0.750117,
34568.3,0,0.00153398,-0.240835,-0.240835,2.06204,2.06204,-0.240577,-0.239667,0,-0.00153398,0,0.00306796,0.750117,0.750117,
34588.3,0,0.00153398,-0.240835,-0.240835,2.06204,2.06204,-0.240577,-0.239667,0,-0.00153398,0,0.00306796,0.750117,0.750117,
34608.3,0,0.00153398,-0.240835,-0.233165,2.06204,2.0559,-0.240577,-0.241201,0,0,0,0.00306796,0.750117,0.750117,
34628.3,0,0.00153398,-0.240835,-0.233165,2.06204,2.0559,-0.240577,-0.241201,0,0,0,0.00306796,0.750117,0.750117,
34648.3,0,0.00153398,-0.240835,-0.233165,2.06204,2.0559,-0.240577,-0.241201,0,0,0,0.00306796,0.750117,0.750117,
34668.4,0,0.00153398,-0.240835,-0.233165,2.06204,2.0559,-0.240577,-0.241201,0,0,0,0.00306796,0.750117,0.750117,
34688.3,0,0.00153398,-0.230097,-0.230097,2.0513,2.0513,-0.240577,-0.241201,0,0,0,0.00306796,0.750117,0.750117,
34708.3,0,0.00153398,-0.230097,-0.230097,2.0513,2.0513,-0.240577,-0.241201,0,0,0,0.00306796,0.750117,0.750117,
34728.4,0,0.00153398,-0.230097,-0.230097,2.0513,2.0513,-0.240577,-0.241201,0,0,0,0.00306796,0.750117,0.750117,
34748.5,0,0.00153398,-0.230097,-0.230097,2.0513,2.0513,-0.240577,-0.241201,0,0,0,0.00306796,0.750117,0.750117,
34768.4,0,0.00153398,-0.230097,-0.230097,2.0513,2.0513,-0.240577,-0.241201,0,0,0,0.00306796,0.750117,0.750117,
34788.4,0,0.00153398,-0.230097,-0.230097,2.0513,2.0513,-0.240577,-0.241201,0,0,0,0.00306796,0.750117,0.750117,
34808.4,0,0.00153398,-0.230097,-0.228563,2.0513,2.04976,-0.240577,-0.241201,0,0,0,0.00306796,0.750117,0.750117,
34828.4,0,0.00153398,-0.230097,-0.228563,2.0513,2.04976,-0.240577,-0.241201,0,0,0,0.00306796,0.750117,0.750117,
34848.4,0,0.00153398,-0.230097,-0.228563,2.0513,2.04976,-0.240577,-0.241201,0,0,0,0.00306796,0.750117,0.750117,
34868.4,0,0.00153398,-0.230097,-0.228563,2.0513,2.04976,-0.240577,-0.241201,0,0,0,0.00306796,0.750117,0.750117,
34888.4,0,0.00153398,-0.230097,-0.228563,2.0513,2.04976,-0.240577,-0.241201,0,0,0,0.00306796,0.750117,0.750117,
34908.3,0,0.00153398,-0.230097,-0.225495,2.0513,2.0467,-0.240577,-0.239667,0,0,0,0.00306796,0.750117,0.750117,
34928.5,0,0.00153398,-0.230097,-0.225495,2.0513,2.0467,-0.240577,-0.239667,0,0,0,0.00306796,0.750117,0.750117,
34948.5,0,0.00153398,-0.230097,-0.225495,2.0513,2.0467,-0.240577,-0.239667,0,0,0,0.00306796,0.750117,0.750117,
34968.5,0,0.00153398,-0.230097,-0.225495,2.0513,2.0467,-0.240577,-0.239667,0,0,0,0.00306796,0.750117,0.750117,
34988.4,0,0,-0.230097,-0.231631,2.0513,2.04976,-0.240577,-0.241201,0,0,0,0.00306796,0.750117,0.750117,
35008.4,0,0,-0.230097,-0.231631,2.0513,2.04976,-0.240577,-0.241201,0,0,0,0.00306796,0.750117,0.750117,
35028.4,0,0,-0.230097,-0.231631,2.0513,2.04976,-0.240577,-0.241201,0,0,0,0.00306796,0.750117,0.750117,
35048.4,0,0,-0.230097,-0.231631,2.0513,2.04976,-0.240577,-0.241201,0,0,0,0.00306796,0.750117,0.750117,
35068.3,0,0,-0.230097,-0.231631,2.0513,2.04976,-0.240577,-0.241201,0,0,0,0.00306796,0.750117,0.750117,
35088.3,0,0.00153398,-0.230097,-0.231631,2.0513,2.04976,-0.240577,-0.239667,0,0,0,0.00306796,0.750117,0.750117,
35108.3,0,0.00153398,-0.230097,-0.231631,2.0513,2.04976,-0.240577,-0.239667,0,0,0,0.00306796,0.750117,0.750117,
35128.3,0,0.00153398,-0.230097,-0.231631,2.0513,2.04976,-0.240577,-0.239667,0,0,0,0.00306796,0.750117,0.750117,
35148.3,0,0.00153398,-0.230097,-0.231631,2.0513,2.04976,-0.240577,-0.239667,0,0,0,0.00306796,0.750117,0.750117,
35168.4,0,0.00153398,-0.230097,-0.231631,2.0513,2.04976,-0.240577,-0.239667,0,0,0,0.00306796,0.750117,0.750117,
35188.3,0,0.00153398,-0.230097,-0.231631,2.0513,2.04976,-0.240577,-0.239667,0,0,0,0.00306796,0.750117,0.750117,
35208.3,0,0.00153398,-0.230097,-0.228563,2.0513,2.04976,-0.240577,-0.241201,0,0,0,0.00306796,0.750117,0.750117,
35228.3,0,0.00153398,-0.230097,-0.228563,2.0513,2.04976,-0.240577,-0.241201,0,0,0,0.00306796,0.750117,0.750117,
35248.4,0,0.00153398,-0.230097,-0.228563,2.0513,2.04976,-0.240577,-0.241201,0,0,0,0.00306796,0.750117,0.750117,
35268.4,0,0.00153398,-0.230097,-0.228563,2.0513,2.04976,-0.240577,-0.241201,0,0,0,0.00306796,0.750117,0.750117,
35288.4,0,0.00153398,-0.230097,-0.228563,2.0513,2.04976,-0.240577,-0.241201,0,0,0,0.00306796,0.750117,0.750117,
35308.3,0,0,-0.230097,-0.228563,2.0513,2.04976,-0.240577,-0.239667,0,-0.00153398,0,0.00306796,0.750117,0.750117,
35328.4,0,0,-0.230097,-0.228563,2.0513,2.04976,-0.240577,-0.239667,0,-0.00153398,0,0.00306796,0.750117,0.750117,
35348.4,0,0,-0.230097,-0.228563,2.0513,2.04976,-0.240577,-0.239667,0,-0.00153398,0,0.00306796,0.750117,0.750117,
35368.4,0,0,-0.230097,-0.228563,2.0513,2.04976,-0.240577,-0.239667,0,-0.00153398,0,0.00306796,0.750117,0.750117,
35388.4,0,0,-0.230097,-0.228563,2.0513,2.04976,-0.240577,-0.239667,0,0,0,0.00306796,0.750117,0.750117,
35408.4,0,0,-0.230097,-0.228563,2.0513,2.04976,-0.240577,-0.239667,0,0,0,0.00306796,0.750117,0.750117,
35428.5,0,0,-0.230097,-0.228563,2.0513,2.04976,-0.240577,-0.239667,0,0,0,0.00306796,0.750117,0.750117,
35448.4,0,0,-0.230097,-0.228563,2.0513,2.04976,-0.240577,-0.239667,0,0,0,0.00306796,0.750117,0.750117,
35468.4,0,0,-0.230097,-0.228563,2.0513,2.04976,-0.240577,-0.239667,0,0,0,0.00306796,0.750117,0.750117,
35488.4,0,0,-0.230097,-0.228563,2.0513,2.04976,-0.240577,-0.239667,0,0,0,0.00306796,0.750117,0.751651,
35508.4,0,0,-0.230097,-0.228563,2.0513,2.04976,-0.240577,-0.239667,0,0,0,0.00306796,0.750117,0.751651,
35528.4,0,0,-0.230097,-0.228563,2.0513,2.04976,-0.240577,-0.239667,0,0,0,0.00306796,0.750117,0.751651,
35548.4,0,0,-0.230097,-0.228563,2.0513,2.04976,-0.240577,-0.239667,0,0,0,0.00306796,0.750117,0.751651,
35568.4,0,0,-0.230097,-0.228563,2.0513,2.04976,-0.240577,-0.239667,0,0,0,0.00306796,0.750117,0.751651,
35588.4,0,0,-0.230097,-0.228563,2.0513,2.04976,-0.240577,-0.239667,0,0,0,0.00306796,0.750117,0.751651,
35608.4,0,0,-0.230097,-0.228563,2.0513,2.04976,-0.240577,-0.239667,0,0,0,0.00306796,0.750117,0.750117,
35628.4,0,0,-0.230097,-0.228563,2.0513,2.04976,-0.240577,-0.239667,0,0,0,0.00306796,0.750117,0.750117,
35648.3,0,0,-0.230097,-0.228563,2.0513,2.04976,-0.240577,-0.239667,0,0,0,0.00306796,0.750117,0.750117,
35668.3,0,0,-0.230097,-0.228563,2.0513,2.04976,-0.240577,-0.239667,0,0,0,0.00306796,0.750117,0.750117,
35688.3,0,0,-0.230097,-0.228563,2.0513,2.04976,-0.240577,-0.239667,0,0,0,0.00306796,0.750117,0.750117,
35708.3,0,0,-0.230097,-0.228563,2.0513,2.04823,-0.240577,-0.239667,0,0,0,0.00306796,0.750117,0.750117,
35728.3,0,0,-0.230097,-0.228563,2.0513,2.04823,-0.240577,-0.239667,0,0,0,0.00306796,0.750117,0.750117,
35748.3,0,0,-0.230097,-0.228563,2.0513,2.04823,-0.240577,-0.239667,0,0,0,0.00306796,0.750117,0.750117,
35768.4,0,0,-0.230097,-0.228563,2.0513,2.04823,-0.240577,-0.239667,0,0,0,0.00306796,0.750117,0.750117,
35788.3,0,0,-0.230097,-0.228563,2.0513,2.04823,-0.240577,-0.239667,0,0,0,0.00306796,0.750117,0.750117,
35808.4,0,0,-0.230097,-0.228563,2.0513,2.04823,-0.240577,-0.239667,0,0,0,0.00306796,0.750117,0.750117,
35828.4,0,0.00153398,-0.230097,-0.228563,2.0513,2.04976,-0.240577,-0.239667,0,0,0,0.00306796,0.750117,0.750117,
35848.5,0,0.00153398,-0.230097,-0.228563,2.0513,2.04976,-0.240577,-0.239667,0,0,0,0.00306796,0.750117,0.750117,
35868.5,0,0.00153398,-0.230097,-0.228563,2.0513,2.04976,-0.240577,-0.239667,0,0,0,0.00306796,0.750117,0.750117,
35888.4,0,0.00153398,-0.230097,-0.228563,2.0513,2.04976,-0.240577,-0.239667,0,0,0,0.00306796,0.750117,0.750117,
35908.3,0,0,-0.230097,-0.228563,2.0513,2.04976,-0.240577,-0.241201,0,0,0,0.00306796,0.750117,0.750117,
35928.3,0,0,-0.230097,-0.228563,2.0513,2.04976,-0.240577,-0.241201,0,0,0,0.00306796,0.750117,0.750117,
35948.4,0,0,-0.230097,-0.228563,2.0513,2.04976,-0.240577,-0.241201,0,0,0,0.00306796,0.750117,0.750117,
35968.5,0,0,-0.230097,-0.228563,2.0513,2.04976,-0.240577,-0.241201,0,0,0,0.00306796,0.750117,0.750117,
35988.4,0,0,-0.230097,-0.228563,2.0513,2.04976,-0.240577,-0.241201,0,0,0,0.00306796,0.750117,0.750117,
36008.4,0,0,-0.230097,-0.228563,2.0513,2.04976,-0.240577,-0.239667,0,0,0,0.00306796,0.750117,0.750117,
36028.4,0,0,-0.230097,-0.228563,2.0513,2.04976,-0.240577,-0.239667,0,0,0,0.00306796,0.750117,0.750117,
36048.4,0,0,-0.230097,-0.228563,2.0513,2.04976,-0.240577,-0.239667,0,0,0,0.00306796,0.750117,0.750117,
36068.4,0,0,-0.230097,-0.228563,2.0513,2.04976,-0.240577,-0.239667,0,0,0,0.00306796,0.750117,0.750117,
36088.4,0,0,-0.230097,-0.228563,2.0513,2.04976,-0.240577,-0.239667,0,0,0,0.00306796,0.750117,0.750117,
36108.5,0,0,-0.230097,-0.228563,2.0513,2.04976,-0.240577,-0.239667,0,0,0,0.00306796,0.750117,0.750117,
36128.5,0,0,-0.230097,-0.228563,2.0513,2.04976,-0.240577,-0.239667,0,0,0,0.00306796,0.750117,0.750117,
36148.4,0,0,-0.230097,-0.228563,2.0513,2.04976,-0.240577,-0.239667,0,0,0,0.00306796,0.750117,0.750117,
36168.4,0,0,-0.230097,-0.228563,2.0513,2.04976,-0.240577,-0.239667,0,0,0,0.00306796,0.750117,0.750117,
36188.3,0,0,-0.227097,-0.228563,2.0432,2.04976,-0.240705,-0.239667,0,0,0,0.00306796,0,0.750117,
36208.3,0,0,-0.2227,-0.228563,2.03981,2.04976,-0.241716,-0.239667,0,0,0,0.00306796,0,0.750117,
36228.3,0,0,-0.220505,-0.228563,2.03812,2.04976,-0.242213,-0.239667,0,0,0,0.00306796,0,0.750117,
36248.3,0,0,-0.219408,-0.228563,2.03727,2.04976,-0.24246,-0.239667,0,0,0,0.00306796,0,0.750117,
36268.3,0,0,-0.21612,-0.228563,2.03471,2.04976,-0.243193,-0.239667,0,0,0,0.00306796,0,0.750117,
36288.3,0,0,-0.211745,-0.228563,2.03129,2.04976,-0.244151,-0.239667,0,0,0,0.00306796,0,0.750117,
36308.3,0,0,-0.204652,-0.228563,2.02571,2.04976,-0.245664,-0.239667,0,0,0,0.00306796,0,0.750117,
36328.3,0,0,-0.199755,-0.228563,2.02183,2.04976,-0.246679,-0.239667,0,0,0,0.00306796,0,0.750117,
36348.3,0,0,-0.195411,-0.228563,2.01837,2.04976,-0.24756,-0.239667,0,0,0,0.00306796,0,0.750117,
36368.3,0,0,-0.191075,-0.228563,2.01489,2.04976,-0.24842,-0.239667,0,0,0,0.00306796,0,0.750117,
36388.3,0,0,-0.187288,-0.228563,2.01184,2.04976,-0.249155,-0.239667,0,0,0,0.00306796,0,0.750117,
36408.3,0,0,-0.184586,-0.228563,2.00966,2.04976,-0.249671,-0.239667,0,0,0,0.00306796,0,0.750117,
36428.3,0,0.00153398,-0.180809,-0.220893,2.00659,2.04363,-0.25038,-0.241201,0,0,0,0.00306796,0,0.750117,
36448.4,0,0.00153398,-0.173811,-0.220893,2.00087,2.04363,-0.251656,-0.241201,0,0,0,0.00306796,0,0.750117,
36468.5,0,0.00153398,-0.173274,-0.220893,2.00042,2.04363,-0.251752,-0.241201,0,0,0,0.00306796,0,0.750117,
36488.4,0,0.00153398,-0.173274,-0.220893,2.00042,2.04363,-0.251752,-0.241201,0,0,0,0.00306796,0,0.750117,
36508.4,0,0.00153398,-0.210155,-0.210155,2.03749,2.03749,-0.251752,-0.244269,0,0,0,0.00306796,0.750117,0.750117,
36528.4,0,0.00153398,-0.210155,-0.210155,2.03749,2.03749,-0.251752,-0.244269,0,0,0,0.00306796,0.750117,0.750117,
36548.3,0,0.00153398,-0.210155,-0.210155,2.03749,2.03749,-0.251752,-0.244269,0,0,0,0.00306796,0.750117,0.750117,
36569.9,0,0.00153398,-0.210155,-0.210155,2.03749,2.03749,-0.251752,-0.244269,0,0,0,0.00306796,0.750117,0.750117,
36588.3,0,0.00153398,-0.210155,-0.210155,2.03749,2.03749,-0.251752,-0.244269,0,0,0,0.00306796,0.750117,0.750117,
36608.3,0,0.00306796,-0.187146,-0.187146,2.02062,2.02062,-0.251752,-0.250405,0,0,0,0.00306796,0.750117,0.750117,
36628.3,0,0.00306796,-0.187146,-0.187146,2.02062,2.02062,-0.251752,-0.250405,0,0,0,0.00306796,0.750117,0.750117,
36648.4,0,0.00306796,-0.187146,-0.187146,2.02062,2.02062,-0.251752,-0.250405,0,0,0,0.00306796,0.750117,0.750117,
36668.4,0,0.00306796,-0.187146,-0.187146,2.02062,2.02062,-0.251752,-0.250405,0,0,0,0.00306796,0.750117,0.750117,
36688.3,0,0.00306796,-0.187146,-0.187146,2.02062,2.02062,-0.251752,-0.250405,0,0,0,0.00306796,0.750117,0.750117,
36708.3,0,0.00306796,-0.187146,-0.187146,2.02062,2.02062,-0.251752,-0.250405,0,0,0,0.00306796,0.750117,0.750117,
36728.4,0,0,-0.187146,-0.177942,2.00835,2.00835,-0.251752,-0.250405,0,-0.00153398,0,0.00306796,0.750117,0.751651,
36748.4,0,0,-0.187146,-0.177942,2.00835,2.00835,-0.251752,-0.250405,0,-0.00153398,0,0.00306796,0.750117,0.751651,
36768.4,0,0,-0.187146,-0.177942,2.00835,2.00835,-0.251752,-0.250405,0,-0.00153398,0,0.00306796,0.750117,0.751651,
36788.3,0,0,-0.187146,-0.177942,2.00835,2.00835,-0.251752,-0.250405,0,-0.00153398,0,0.00306796,0.750117,0.751651,
36808.4,0,0.00153398,-0.174874,-0.174874,2.00835,2.00681,-0.251752,-0.250405,0,0,0,0.00306796,0.750117,0.751651,
36828.4,0,0.00153398,-0.174874,-0.174874,2.00835,2.00681,-0.251752,-0.250405,0,0,0,0.00306796,0.750117,0.751651,
36848.3,0,0.00153398,-0.174874,-0.174874,2.00835,2.00681,-0.251752,-0.250405,0,0,0,0.00306796,0.750117,0.751651,
36868.4,0,0.00153398,-0.174874,-0.174874,2.00835,2.00681,-0.251752,-0.250405,0,0,0,0.00306796,0.750117,0.751651,
36888.4,0,0.00153398,-0.174874,-0.174874,2.00835,2.00681,-0.251752,-0.250405,0,0,0,0.00306796,0.750117,0.751651,
36908.3,0,0,-0.174874,-0.17334,2.00835,2.00681,-0.251752,-0.250405,0,-0.00153398,0,0.00306796,0.750117,0.751651,
36928.4,0,0,-0.174874,-0.17334,2.00835,2.00681,-0.251752,-0.250405,0,-0.00153398,0,0.00306796,0.750117,0.751651,
36948.4,0,0,-0.174874,-0.17334,2.00835,2.00681,-0.251752,-0.250405,0,-0.00153398,0,0.00306796,0.750117,0.751651,
36968.4,0,0,-0.174874,-0.17334,2.00835,2.00681,-0.251752,-0.250405,0,-0.00153398,0,0.00306796,0.750117,0.751651,
36988.3,0,0,-0.174874,-0.17334,2.00835,2.00681,-0.251752,-0.250405,0,-0.00153398,0,0.00306796,0.750117,0.751651,
37008.3,0,0.00153398,-0.174874,-0.171806,2.00835,2.00528,-0.251752,-0.250405,0,0,0,0.00306796,0.750117,0.751651,
37028.4,0,0.00153398,-0.174874,-0.171806,2.00835,2.00528,-0.251752,-0.250405,0,0,0,0.00306796,0.750117,0.751651,
37048.4,0,0.00153398,-0.174874,-0.171806,2.00835,2.00528,-0.251752,-0.250405,0,0,0,0.00306796,0.750117,0.751651,
37068.3,0,0.00153398,-0.174874,-0.171806,2.00835,2.00528,-0.251752,-0.250405,0,0,0,0.00306796,0.750117,0.751651,
37088.4,0,0.00153398,-0.174874,-0.171806,2.00835,2.00528,-0.251752,-0.250405,0,0,0,0.00306796,0.750117,0.751651,
37108.4,0,0.00153398,-0.174874,-0.171806,2.00835,2.00528,-0.251752,-0.250405,0,0,0,0.00306796,0.750117,0.751651,
37128.4,0,0,-0.174874,-0.171806,2.00835,2.00528,-0.251752,-0.250405,0,-0.00153398,0,0.00306796,0.750117,0.750117,
37148.4,0,0,-0.174874,-0.171806,2.00835,2.00528,-0.251752,-0.250405,0,-0.00153398,0,0.00306796,0.750117,0.750117,
37168.4,0,0,-0.174874,-0.171806,2.00835,2.00528,-0.251752,-0.250405,0,-0.00153398,0,0.00306796,0.750117,0.750117,
37188.4,0,0,-0.174874,-0.171806,2.00835,2.00528,-0.251752,-0.250405,0,-0.00153398,0,0.00306796,0.750117,0.750117,
37208.3,0,0.00153398,-0.174874,-0.176408,2.00835,2.00835,-0.251752,-0.250405,0,-0.00153398,0,0.00306796,0.750117,0.751651,
37228.4,0,0.00153398,-0.174874,-0.176408,2.00835,2.00835,-0.251752,-0.250405,0,-0.00153398,0,0.00306796,0.750117,0.751651,
37248.5,0,0.00153398,-0.174874,-0.176408,2.00835,2.00835,-0.251752,-0.250405,0,-0.00153398,0,0.00306796,0.750117,0.751651,
37268.5,0,0.00153398,-0.174874,-0.176408,2.00835,2.00835,-0.251752,-0.250405,0,-0.00153398,0,0.00306796,0.750117,0.751651,
37288.5,0,0.00153398,-0.174874,-0.176408,2.00835,2.00835,-0.251752,-0.250405,0,-0.00153398,0,0.00306796,0.750117,0.751651,
37308.5,0,0,-0.18868,-0.18868,2.00835,2.01142,-0.251752,-0.250405,0,0,0,0.00306796,0.750117,0.751651,
37328.4,0,0,-0.18868,-0.18868,2.00835,2.01142,-0.251752,-0.250405,0,0,0,0.00306796,0.750117,0.751651,
37348.4,0,0,-0.18868,-0.18868,2.00835,2.01142,-0.251752,-0.250405,0,0,0,0.00306796,0.750117,0.751651,
37368.4,0,0,-0.18868,-0.18868,2.00835,2.01142,-0.251752,-0.250405,0,0,0,0.00306796,0.750117,0.751651,
37389.8,0,0,-0.18868,-0.18868,2.00835,2.01142,-0.251752,-0.250405,0,0,0,0.00306796,0.750117,0.751651,
37408.9,0,0,-0.18868,-0.18868,2.00835,2.01142,-0.251752,-0.250405,0,0,0,0.00306796,0.750117,0.751651,
37428.3,0,0.00153398,-0.18868,-0.184078,2.00835,2.00988,-0.251752,-0.250405,0,-0.00153398,0,0.00460194,0.750117,0.750117,
37448.3,0,0.00153398,-0.18868,-0.184078,2.00835,2.00988,-0.251752,-0.250405,0,-0.00153398,0,0.00460194,0.750117,0.750117,
37468.3,0,0.00153398,-0.18868,-0.184078,2.00835,2.00988,-0.251752,-0.250405,0,-0.00153398,0,0.00460194,0.750117,0.750117,
37488.3,0,0.00153398,-0.18868,-0.184078,2.00835,2.00988,-0.251752,-0.250405,0,-0.00153398,0,0.00460194,0.750117,0.750117,
37508.3,0,0,-0.18868,-0.185612,2.00835,2.00988,-0.251752,-0.250405,0,0,0,0.00460194,0.750117,0.751651,
37528.3,0,0,-0.18868,-0.185612,2.00835,2.00988,-0.251752,-0.250405,0,0,0,0.00460194,0.750117,0.751651,
37548.3,0,0,-0.18868,-0.185612,2.00835,2.00988,-0.251752,-0.250405,0,0,0,0.00460194,0.750117,0.751651,
37568.3,0,0,-0.18868,-0.185612,2.00835,2.00988,-0.251752,-0.250405,0,0,0,0.00460194,0.750117,0.751651,
37588.3,0,0,-0.18868,-0.185612,2.00835,2.00988,-0.251752,-0.250405,0,0,0,0.00460194,0.750117,0.751651,
37608.3,0,0,-0.18868,-0.184078,2.00835,2.00988,-0.251752,-0.250405,0,0,0,0.00306796,0.750117,0.751651,
37628.3,0,0,-0.18868,-0.184078,2.00835,2.00988,-0.251752,-0.250405,0,0,0,0.00306796,0.750117,0.751651,
37648.3,0,0,-0.18868,-0.184078,2.00835,2.00988,-0.251752,-0.250405,0,0,0,0.00306796,0.750117,0.751651,
37668.4,0,0,-0.18868,-0.184078,2.00835,2.00988,-0.251752,-0.250405,0,0,0,0.00306796,0.750117,0.751651,
37688.3,0,0,-0.18868,-0.184078,2.00835,2.00988,-0.251752,-0.250405,0,0,0,0.00306796,0.750117,0.751651,
37708.3,0,0,-0.18868,-0.185612,2.00835,2.00988,-0.251752,-0.250405,0,-0.00153398,0,0.00460194,0.750117,0.751651,
37728.3,0,0,-0.18868,-0.185612,2.00835,2.00988,-0.251752,-0.250405,0,-0.00153398,0,0.00460194,0.750117,0.751651,
37748.3,0,0,-0.18868,-0.185612,2.00835,2.00988,-0.251752,-0.250405,0,-0.00153398,0,0.00460194,0.750117,0.751651,
37768.4,0,0,-0.18868,-0.185612,2.00835,2.00988,-0.251752,-0.250405,0,-0.00153398,0,0.00460194,0.750117,0.751651,
37788.3,0,0,-0.18868,-0.185612,2.00835,2.00988,-0.251752,-0.250405,0,0,0,0.00460194,0.750117,0.751651,
37808.3,0,0,-0.18868,-0.185612,2.00835,2.00988,-0.251752,-0.250405,0,0,0,0.00460194,0.750117,0.751651,
37828.3,0,0,-0.18868,-0.185612,2.00835,2.00988,-0.251752,-0.250405,0,0,0,0.00460194,0.750117,0.751651,
37848.3,0,0,-0.18868,-0.185612,2.00835,2.00988,-0.251752,-0.250405,0,0,0,0.00460194,0.750117,0.751651,
37868.4,0,0,-0.18868,-0.185612,2.00835,2.00988,-0.251752,-0.250405,0,0,0,0.00460194,0.750117,0.751651,
37888.3,0,0,-0.18868,-0.185612,2.00835,2.00988,-0.251752,-0.250405,0,0,0,0.00460194,0.750117,0.751651,
37908.4,0,0,-0.18868,-0.185612,2.00835,2.00988,-0.251752,-0.250405,0,0,0,0.00460194,0.750117,0.751651,
37928.3,0,0,-0.18868,-0.185612,2.00835,2.00988,-0.251752,-0.250405,0,0,0,0.00460194,0.750117,0.751651,
37948.3,0,0,-0.18868,-0.185612,2.00835,2.00988,-0.251752,-0.250405,0,0,0,0.00460194,0.750117,0.751651,
37968.3,0,0,-0.18868,-0.185612,2.00835,2.00988,-0.251752,-0.250405,0,0,0,0.00460194,0.750117,0.751651,
37988.3,0,0,-0.18868,-0.185612,2.00835,2.00988,-0.251752,-0.250405,0,0,0,0.00460194,0.750117,0.751651,
38008.3,0,0.00153398,-0.18868,-0.184078,2.00835,2.00988,-0.251752,-0.250405,0,0,0,0.00460194,0.750117,0.750117,
38028.4,0,0.00153398,-0.18868,-0.184078,2.00835,2.00988,-0.251752,-0.250405,0,0,0,0.00460194,0.750117,0.750117,
38048.3,0,0.00153398,-0.18868,-0.184078,2.00835,2.00988,-0.251752,-0.250405,0,0,0,0.00460194,0.750117,0.750117,
38068.4,0,0.00153398,-0.18868,-0.184078,2.00835,2.00988,-0.251752,-0.250405,0,0,0,0.00460194,0.750117,0.750117,
38088.4,0,0.00153398,-0.18868,-0.184078,2.00835,2.00988,-0.251752,-0.250405,0,0,0,0.00460194,0.750117,0.750117,
38108.4,0,0,-0.18868,-0.185612,2.00835,2.00988,-0.251752,-0.250405,0,0,0,0.00460194,0.750117,0.750117,
38128.4,0,0,-0.18868,-0.185612,2.00835,2.00988,-0.251752,-0.250405,0,0,0,0.00460194,0.750117,0.750117,
38148.4,0,0,-0.18868,-0.185612,2.00835,2.00988,-0.251752,-0.250405,0,0,0,0.00460194,0.750117,0.750117,
38168.4,0,0,-0.18868,-0.185612,2.00835,2.00988,-0.251752,-0.250405,0,0,0,0.00460194,0.750117,0.750117,
38188.5,0,0,-0.18868,-0.185612,2.00835,2.00988,-0.251752,-0.250405,0,0,0,0.00460194,0.750117,0.750117,
38208.4,0,0,-0.18868,-0.185612,2.00835,2.00988,-0.251752,-0.250405,0,-0.00153398,0,0.00460194,0.750117,0.750117,
38228.4,0,0,-0.18868,-0.185612,2.00835,2.00988,-0.251752,-0.250405,0,-0.00153398,0,0.00460194,0.750117,0.750117,
38248.4,0,0,-0.18868,-0.185612,2.00835,2.00988,-0.251752,-0.250405,0,-0.00153398,0,0.00460194,0.750117,0.750117,
38268.4,0,0,-0.18868,-0.185612,2.00835,2.00988,-0.251752,-0.250405,0,-0.00153398,0,0.00460194,0.750117,0.750117,
38288.4,0,0,-0.18868,-0.185612,2.00835,2.00988,-0.251752,-0.250405,0,0,0,0.00460194,0.750117,0.751651,
38308.3,0,0,-0.18868,-0.185612,2.00835,2.00988,-0.251752,-0.250405,0,0,0,0.00460194,0.750117,0.751651,
38328.3,0,0,-0.18868,-0.185612,2.00835,2.00988,-0.251752,-0.250405,0,0,0,0.00460194,0.750117,0.751651,
38348.3,0,0,-0.18868,-0.185612,2.00835,2.00988,-0.251752,-0.250405,0,0,0,0.00460194,0.750117,0.751651,
38368.3,0,0,-0.18868,-0.185612,2.00835,2.00988,-0.251752,-0.250405,0,0,0,0.00460194,0.750117,0.751651,
38388.4,0,0,-0.18868,-0.185612,2.00835,2.00988,-0.251752,-0.250405,0,0,0,0.00460194,0.750117,0.751651,
38408.3,0,0,-0.18868,-0.185612,2.00835,2.00988,-0.251752,-0.250405,0,-0.00153398,0,0.00306796,0.750117,0.750117,
38428.3,0,0,-0.18868,-0.185612,2.00835,2.00988,-0.251752,-0.250405,0,-0.00153398,0,0.00306796,0.750117,0.750117,
38448.3,0,0,-0.18868,-0.185612,2.00835,2.00988,-0.251752,-0.250405,0,-0.00153398,0,0.00306796,0.750117,0.750117,
38468.4,0,0,-0.18868,-0.185612,2.00835,2.00988,-0.251752,-0.250405,0,-0.00153398,0,0.00306796,0.750117,0.750117,
38488.4,0,0,-0.18868,-0.185612,2.00835,2.00988,-0.251752,-0.250405,0,-0.00153398,0,0.00306796,0.750117,0.750117,
38508.4,0,0.00153398,-0.18868,-0.185612,2.00835,2.00988,-0.251752,-0.250405,0,-0.00153398,0,0.00460194,0.750117,0.750117,
38528.4,0,0.00153398,-0.18868,-0.185612,2.00835,2.00988,-0.251752,-0.250405,0,-0.00153398,0,0.00460194,0.750117,0.750117,
38548.3,0,0.00153398,-0.18868,-0.185612,2.00835,2.00988,-0.251752,-0.250405,0,-0.00153398,0,0.00460194,0.750117,0.750117,
38568.3,0,0.00153398,-0.18868,-0.185612,2.00835,2.00988,-0.251752,-0.250405,0,-0.00153398,0,0.00460194,0.750117,0.750117,
38588.3,0,0.00153398,-0.18868,-0.185612,2.00835,2.00988,-0.251752,-0.250405,0,-0.00153398,0,0.00460194,0.750117,0.750117,
38608.5,0,0,-0.18868,-0.185612,2.00835,2.00988,-0.251752,-0.250405,0,0,0,0.00306796,0.750117,0.751651,
38628.4,0,0,-0.18868,-0.185612,2.00835,2.00988,-0.251752,-0.250405,0,0,0,0.00306796,0.750117,0.751651,
38648.3,0,0,-0.18868,-0.185612,2.00835,2.00988,-0.251752,-0.250405,0,0,0,0.00306796,0.750117,0.751651,
38668.3,0,0,-0.18868,-0.185612,2.00835,2.00988,-0.251752,-0.250405,0,0,0,0.00306796,0.750117,0.751651,
38688.4,0,0,-0.18868,-0.185612,2.00835,2.00988,-0.251752,-0.250405,0,0,0,0.00306796,0.750117,0.751651,
38708.3,0,0,-0.18868,-0.185612,2.00835,2.00988,-0.251752,-0.250405,0,0,0,0.00306796,0.750117,0.751651,
38728.3,0,0,-0.18868,-0.185612,2.00835,2.00988,-0.251752,-0.250405,0,0,0,0.00306796,0.750117,0.751651,
38748.3,0,0,-0.18868,-0.185612,2.00835,2.00988,-0.251752,-0.250405,0,0,0,0.00306796,0.750117,0.751651,
38768.3,0,0,-0.18868,-0.185612,2.00835,2.00988,-0.251752,-0.250405,0,0,0,0.00306796,0.750117,0.751651,
38788.4,0,0,-0.18868,-0.185612,2.00835,2.00988,-0.251752,-0.250405,0,0,0,0.00306796,0.750117,0.751651,
38808.3,0,0,-0.18868,-0.185612,2.00835,2.00988,-0.251752,-0.250405,0,0,0,0.00306796,0.750117,0.751651,
38828.3,0,0,-0.18868,-0.185612,2.00835,2.00988,-0.251752,-0.250405,0,0,0,0.00306796,0.750117,0.751651,
38848.3,0,0,-0.18868,-0.185612,2.00835,2.00988,-0.251752,-0.250405,0,0,0,0.00306796,0.750117,0.751651,
38868.4,0,0,-0.18868,-0.185612,2.00835,2.00988,-0.251752,-0.250405,0,0,0,0.00306796,0.750117,0.751651,
38888.3,0,0,-0.18868,-0.185612,2.00835,2.00988,-0.251752,-0.250405,0,0,0,0.00306796,0.750117,0.751651,
38908.4,0,0,-0.18868,-0.187146,2.00835,2.00988,-0.251752,-0.250405,0,0,0,0.00460194,0.750117,0.751651,
38928.3,0,0,-0.18868,-0.187146,2.00835,2.00988,-0.251752,-0.250405,0,0,0,0.00460194,0.750117,0.751651,
38948.3,0,0,-0.18868,-0.187146,2.00835,2.00988,-0.251752,-0.250405,0,0,0,0.00460194,0.750117,0.751651,
38968.3,0,0,-0.18868,-0.187146,2.00835,2.00988,-0.251752,-0.250405,0,0,0,0.00460194,0.750117,0.751651,
38988.5,0,0,-0.18868,-0.187146,2.00835,2.00988,-0.251752,-0.250405,0,0,0,0.00460194,0.750117,0.751651,
39008.4,0,0,-0.18868,-0.187146,2.00835,2.00988,-0.251752,-0.250405,0,0,0,0.00460194,0.750117,0.751651,
39028.4,0,0,-0.18868,-0.187146,2.00835,2.00988,-0.251752,-0.250405,0,0,0,0.00460194,0.750117,0.751651,
39048.4,0,0,-0.18868,-0.187146,2.00835,2.00988,-0.251752,-0.250405,0,0,0,0.00460194,0.750117,0.751651,
39068.4,0,0,-0.18868,-0.187146,2.00835,2.00988,-0.251752,-0.250405,0,0,0,0.00460194,0.750117,0.751651,
39088.5,0,0,-0.18868,-0.187146,2.00835,2.00988,-0.251752,-0.250405,0,0,0,0.00306796,0.750117,0.751651,
39108.4,0,0,-0.18868,-0.187146,2.00835,2.00988,-0.251752,-0.250405,0,0,0,0.00306796,0.750117,0.751651,
39128.4,0,0,-0.18868,-0.187146,2.00835,2.00988,-0.251752,-0.250405,0,0,0,0.00306796,0.750117,0.751651,
39148.4,0,0,-0.18868,-0.187146,2.00835,2.00988,-0.251752,-0.250405,0,0,0,0.00306796,0.750117,0.751651,
39168.4,0,0,-0.18868,-0.187146,2.00835,2.00988,-0.251752,-0.250405,0,0,0,0.00306796,0.750117,0.751651,
39188.4,0,0,-0.18868,-0.187146,2.00835,2.00988,-0.251752,-0.250405,0,0,0,0.00306796,0.750117,0.751651,
39208.3,0,0,-0.18868,-0.18868,2.00835,2.00988,-0.251752,-0.250405,0,-0.00153398,0,0.00460194,0.750117,0.750117,
39228.3,0,0,-0.18868,-0.18868,2.00835,2.00988,-0.251752,-0.250405,0,-0.00153398,0,0.00460194,0.750117,0.750117,
39248.3,0,0,-0.18868,-0.18868,2.00835,2.00988,-0.251752,-0.250405,0,-0.00153398,0,0.00460194,0.750117,0.750117,
39268.3,0,0,-0.18868,-0.18868,2.00835,2.00988,-0.251752,-0.250405,0,-0.00153398,0,0.00460194,0.750117,0.750117,
39288.4,0,0,-0.18868,-0.18868,2.00835,2.00988,-0.251752,-0.250405,0,-0.00153398,0,0.00460194,0.750117,0.750117,
39308.4,0,0,-0.18868,-0.187146,2.00835,2.00988,-0.251752,-0.250405,0,0,0,0.00460194,0.750117,0.751651,
39328.4,0,0,-0.18868,-0.187146,2.00835,2.00988,-0.251752,-0.250405,0,0,0,0.00460194,0.750117,0.751651,
39348.3,0,0,-0.18868,-0.187146,2.00835,2.00988,-0.251752,-0.250405,0,0,0,0.00460194,0.750117,0.751651,
39368.3,0,0,-0.18868,-0.187146,2.00835,2.00988,-0.251752,-0.250405,0,0,0,0.00460194,0.750117,0.751651,
39388.4,0,0,-0.18868,-0.187146,2.00835,2.00988,-0.251752,-0.250405,0,0,0,0.00460194,0.750117,0.751651,
39408.4,0,0,-0.18868,-0.187146,2.00835,2.00988,-0.251752,-0.250405,0,-0.00153398,0,0.00460194,0.750117,0.751651,
39428.4,0,0,-0.18868,-0.187146,2.00835,2.00988,-0.251752,-0.250405,0,-0.00153398,0,0.00460194,0.750117,0.751651,
39448.5,0,0,-0.18868,-0.187146,2.00835,2.00988,-0.251752,-0.250405,0,-0.00153398,0,0.00460194,0.750117,0.751651,
39468.4,0,0,-0.18868,-0.187146,2.00835,2.00988,-0.251752,-0.250405,0,-0.00153398,0,0.00460194,0.750117,0.751651,
39488.5,0,0,-0.18868,-0.187146,2.00835,2.00988,-0.251752,-0.250405,0,-0.00153398,0,0.00460194,0.750117,0.751651,
39508.4,0,0,-0.18868,-0.18868,2.00835,2.00988,-0.251752,-0.250405,0,0,0,0.00460194,0.750117,0.750117,
39528.4,0,0,-0.18868,-0.18868,2.00835,2.00988,-0.251752,-0.250405,0,0,0,0.00460194,0.750117,0.750117,
39548.4,0,0,-0.18868,-0.18868,2.00835,2.00988,-0.251752,-0.250405,0,0,0,0.00460194,0.750117,0.750117,
39568.4,0,0,-0.18868,-0.18868,2.00835,2.00988,-0.251752,-0.250405,0,0,0,0.00460194,0.750117,0.750117,
39588.4,0,0,-0.18868,-0.18868,2.00835,2.00988,-0.251752,-0.250405,0,0,0,0.00460194,0.750117,0.750117,
39608.3,0,0,-0.18868,-0.187146,2.00835,2.00988,-0.251752,-0.250405,0,-0.00153398,0,0.00460194,0.750117,0.751651,
39628.3,0,0,-0.18868,-0.187146,2.00835,2.00988,-0.251752,-0.250405,0,-0.00153398,0,0.00460194,0.750117,0.751651,
39648.3,0,0,-0.18868,-0.187146,2.00835,2.00988,-0.251752,-0.250405,0,-0.00153398,0,0.00460194,0.750117,0.751651,
39668.3,0,0,-0.18868,-0.187146,2.00835,2.00988,-0.251752,-0.250405,0,-0.00153398,0,0.00460194,0.750117,0.751651,
39689.7,0,0,-0.18868,-0.187146,2.00835,2.00988,-0.251752,-0.250405,0,-0.00153398,0,0.00460194,0.750117,0.751651,
39711.4,0,0,-0.18868,-0.187146,2.00835,2.00988,-0.251752,-0.250405,0,0,0,0.00460194,0.750117,0.750117,
39728.3,0,0,-0.18868,-0.187146,2.00835,2.00988,-0.251752,-0.250405,0,0,0,0.00460194,0.750117,0.750117,
39748.3,0,0,-0.18868,-0.187146,2.00835,2.00988,-0.251752,-0.250405,0,0,0,0.00460194,0.750117,0.750117,
39768.4,0,0,-0.18868,-0.187146,2.00835,2.00988,-0.251752,-0.250405,0,0,0,0.00460194,0.750117,0.750117,
39788.3,0,0,-0.18868,-0.18868,2.00835,2.00988,-0.251752,-0.250405,0,0,0,0.00460194,0.750117,0.750117,
39808.3,0,0,-0.18868,-0.18868,2.00835,2.00988,-0.251752,-0.250405,0,0,0,0.00460194,0.750117,0.750117,
39828.4,0,0,-0.18868,-0.18868,2.00835,2.00988,-0.251752,-0.250405,0,0,0,0.00460194,0.750117,0.750117,
39848.3,0,0,-0.18868,-0.18868,2.00835,2.00988,-0.251752,-0.250405,0,0,0,0.00460194,0.750117,0.750117,
39868.4,0,0,-0.18868,-0.18868,2.00835,2.00988,-0.251752,-0.250405,0,0,0,0.00460194,0.750117,0.750117,
39888.4,0.00152705,0,-0.173431,-0.187146,1.99997,2.00988,-0.251142,-0.250405,0,-0.00153398,0,0.00460194,0,0.751651,
39908.5,0.00152705,0,-0.173431,-0.187146,1.99997,2.00988,-0.251142,-0.250405,0,-0.00153398,0,0.00460194,0,0.751651,
39928.4,0.00305215,0,-0.173588,-0.187146,1.99952,2.00988,-0.25053,-0.250405,0,-0.00153398,0,0.00460194,0,0.751651,
39948.4,0.00305215,0,-0.173588,-0.187146,1.99952,2.00988,-0.25053,-0.250405,0,-0.00153398,0,0.00460194,0,0.751651,
39968.4,0.00457531,0,-0.173745,-0.187146,1.99906,2.00988,-0.249915,-0.250405,0,-0.00153398,0,0.00460194,0,0.751651,
39988.4,0.00609652,0,-0.173902,-0.187146,1.9986,2.00988,-0.249299,-0.250405,0,-0.00153398,0,0.00460194,0,0.751651,
40008.4,0.00609652,0,-0.185612,-0.185612,1.9986,2.00528,-0.249299,-0.250405,0,0,0,0.00460194,0.750117,0.750117,
40028.3,0.00761579,0,-0.17406,-0.185612,1.99814,2.00528,-0.248681,-0.250405,0,0,0,0.00460194,0,0.750117,
40048.4,0.00761579,0,-0.17406,-0.185612,1.99814,2.00528,-0.248681,-0.250405,0,0,0,0.00460194,0,0.750117,
40068.4,0.00913309,0,-0.174218,-0.185612,1.99768,2.00528,-0.24806,-0.250405,0,0,0,0.00460194,0,0.750117,
40088.4,0.0106484,0,-0.174376,-0.185612,1.99721,2.00528,-0.247437,-0.250405,0,0,0,0.00460194,0,0.750117,
40108.4,0.0106484,0.00153398,-0.174376,-0.182544,1.99721,2.00221,-0.247437,-0.250405,0,0,0,0.00460194,0.751651,0.751651,
40128.4,0.0121618,0.00153398,-0.174534,-0.182544,1.99674,2.00221,-0.246813,-0.250405,0,0,0,0.00460194,0,0.751651,
40148.5,0.0136733,0.00153398,-0.174692,-0.182544,1.99628,2.00221,-0.246186,-0.250405,0,0,0,0.00460194,0,0.751651,
40168.4,0.0136733,0.00153398,-0.174692,-0.182544,1.99628,2.00221,-0.246186,-0.250405,0,0,0,0.00460194,0,0.751651,
40188.4,0.0151827,0.00153398,-0.17485,-0.182544,1.99581,2.00221,-0.245557,-0.250405,0,0,0,0.00460194,0,0.751651,
40208.4,0.00153398,0.00153398,-0.17485,-0.182544,1.99581,2.00221,-0.245557,-0.250405,0,0,0,0.00460194,0.751651,0.751651,
40228.4,0.0166902,0.00153398,-0.175008,-0.182544,1.99533,2.00221,-0.244926,-0.250405,0,0,0,0.00460194,0,0.751651,
40248.5,0.0181957,0.00153398,-0.175167,-0.182544,1.99486,2.00221,-0.244294,-0.250405,0,0,0,0.00460194,0,0.751651,
40268.5,0.0181957,0.00153398,-0.175167,-0.182544,1.99486,2.00221,-0.244294,-0.250405,0,0,0,0.00460194,0,0.751651,
40288.5,0.0196992,0.00153398,-0.175325,-0.182544,1.99438,2.00221,-0.243659,-0.250405,0,0,0,0.00460194,0,0.751651,
40308.4,0.0212008,0.00153398,-0.175484,-0.182544,1.9939,2.00221,-0.243022,-0.250405,0,0,0,0.00460194,0,0.751651,
40328.4,0.0212008,0.00460194,-0.175484,-0.18101,1.9939,2.00068,-0.243022,-0.248871,0,0,0,0.00460194,0,0.751651,
40348.5,0.0227004,0.00460194,-0.175643,-0.18101,1.99342,2.00068,-0.242383,-0.248871,0,0,0,0.00460194,0,0.751651,
40368.4,0.0227004,0.00460194,-0.175643,-0.18101,1.99342,2.00068,-0.242383,-0.248871,0,0,0,0.00460194,0,0.751651,
40388.4,0.024198,0.00460194,-0.175802,-0.18101,1.99294,2.00068,-0.241742,-0.248871,0,0,0,0.00460194,0,0.751651,
40408.4,0.0256936,0.00460194,-0.175961,-0.18101,1.99246,2.00068,-0.241099,-0.248871,0,0,0,0.00460194,0,0.751651,
40428.5,0.00613592,0.00613592,-0.175961,-0.179476,1.99246,2.00068,-0.241099,-0.247337,0,0.00153398,0,0.00306796,0.751651,0.751651,
40448.4,0.0271872,0.00613592,-0.17612,-0.179476,1.99197,2.00068,-0.240454,-0.247337,0,0.00153398,0,0.00306796,0,0.751651,
40468.4,0.0286788,0.00613592,-0.176279,-0.179476,1.99148,2.00068,-0.239807,-0.247337,0,0.00153398,0,0.00306796,0,0.751651,
40488.4,0.0286788,0.00613592,-0.176279,-0.179476,1.99148,2.00068,-0.239807,-0.247337,0,0.00153398,0,0.00306796,0,0.751651,
40508.4,0.0301684,0.00613592,-0.176439,-0.179476,1.991,2.00068,-0.239158,-0.247337,0,0,0,0.00460194,0,0.751651,
40528.4,0.0301684,0.00613592,-0.176439,-0.179476,1.991,2.00068,-0.239158,-0.247337,0,0,0,0.00460194,0,0.751651,
40548.4,0.0316561,0.00613592,-0.176598,-0.179476,1.9905,2.00068,-0.238507,-0.247337,0,0,0,0.00460194,0,0.751651,
40568.5,0.0331417,0.00613592,-0.176757,-0.179476,1.99001,2.00068,-0.237854,-0.247337,0,0,0,0.00460194,0,0.751651,
40588.4,0.0331417,0.00613592,-0.176757,-0.179476,1.99001,2.00068,-0.237854,-0.247337,0,0,0,0.00460194,0,0.751651,
40608.4,0.0346253,0.0076699,-0.176917,-0.177942,1.98951,1.99608,-0.2372,-0.244269,0,0.00153398,0,0.00460194,0,0.751651,
40628.4,0.0346253,0.0076699,-0.176917,-0.177942,1.98951,1.99608,-0.2372,-0.244269,0,0.00153398,0,0.00460194,0,0.751651,
40648.5,0.0361069,0.0076699,-0.177077,-0.177942,1.98902,1.99608,-0.236543,-0.244269,0,0.00153398,0,0.00460194,0,0.751651,
40668.4,0.0361069,0.0076699,-0.177077,-0.177942,1.98902,1.99608,-0.236543,-0.244269,0,0.00153398,0,0.00460194,0,0.751651,
40688.5,0.0375865,0.0076699,-0.177236,-0.177942,1.98852,1.99608,-0.235884,-0.244269,0,0.00153398,0,0.00460194,0,0.751651,
40708.4,0.0390641,0.0076699,-0.177396,-0.177942,1.98802,1.99608,-0.235223,-0.244269,0,0.00153398,0,0.00460194,0,0.751651,
40728.4,0.00920388,0.00920388,-0.177396,-0.177942,1.98802,1.99301,-0.235223,-0.242735,0,0.00153398,0,0.00306796,0.751651,0.751651,
40748.4,0.0405397,0.00920388,-0.177556,-0.177942,1.98751,1.99301,-0.23456,-0.242735,0,0.00153398,0,0.00306796,0,0.751651,
40768.4,0.0405397,0.00920388,-0.177556,-0.177942,1.98751,1.99301,-0.23456,-0.242735,0,0.00153398,0,0.00306796,0,0.751651,
40788.3,0.0405397,0.00920388,-0.177556,-0.177942,1.98751,1.99301,-0.23456,-0.242735,0,0.00153398,0,0.00306796,0,0.751651,
40808.3,0.0420133,0.00920388,-0.177715,-0.177942,1.98701,1.99301,-0.233896,-0.242735,0,0.00153398,0,0.00306796,0,0.751651,
40828.4,0.0434848,0.0184078,-0.177875,-0.177942,1.9865,1.99301,-0.233229,-0.239667,0,0.00153398,0,0.00306796,0,0.751651,
40848.3,0.0434848,0.0184078,-0.177875,-0.177942,1.9865,1.99301,-0.233229,-0.239667,0,0.00153398,0,0.00306796,0,0.751651,
40868.4,0.0449544,0.0184078,-0.178035,-0.177942,1.98599,1.99301,-0.232561,-0.239667,0,0.00153398,0,0.00306796,0,0.751651,
40888.3,0.0449544,0.0184078,-0.178035,-0.177942,1.98599,1.99301,-0.232561,-0.239667,0,0.00153398,0,0.00306796,0,0.751651,
40908.5,0.0230097,0.0230097,-0.178195,-0.177942,1.98548,1.99301,-0.23189,-0.239667,0,0.00153398,0,0.00306796,0.751651,0.751651,
40928.5,0.0478874,0.0230097,-0.178355,-0.177942,1.98497,1.99301,-0.231218,-0.239667,0,0.00153398,0,0.00306796,0,0.751651,
40948.4,0.0478874,0.0230097,-0.178355,-0.177942,1.98497,1.99301,-0.231218,-0.239667,0,0.00153398,0,0.00306796,0,0.751651,
40968.4,0.0493508,0.0230097,-0.178514,-0.177942,1.98446,1.99301,-0.230543,-0.239667,0,0.00153398,0,0.00306796,0,0.751651,
40988.5,0.0508123,0.0230097,-0.178674,-0.177942,1.98394,1.99301,-0.229867,-0.239667,0,0.00153398,0,0.00306796,0,0.751651,
41008.4,0.0199418,0.0199418,-0.178674,-0.177942,1.98394,1.98994,-0.229867,-0.236599,0,0.00153398,0,0.00306796,0.751651,0.751651,
41028.4,0.0522717,0.0199418,-0.178834,-0.177942,1.98342,1.98994,-0.229189,-0.236599,0,0.00153398,0,0.00306796,0,0.751651,
41048.4,0.0522717,0.0199418,-0.178834,-0.177942,1.98342,1.98994,-0.229189,-0.236599,0,0.00153398,0,0.00306796,0,0.751651,
41068.5,0.053729,0.0199418,-0.178994,-0.177942,1.9829,1.98994,-0.228509,-0.236599,0,0.00153398,0,0.00306796,0,0.751651,
41088.4,0.0551844,0.0199418,-0.179154,-0.177942,1.98238,1.98994,-0.227827,-0.236599,0,0.00153398,0,0.00306796,0,0.751651,
41108.4,0.0551844,0.0306796,-0.179154,-0.177942,1.98238,1.98534,-0.227827,-0.233531,0,0.00153398,0,0.00460194,0,0.751651,
41128.4,0.0566377,0.0306796,-0.179314,-0.177942,1.98186,1.98534,-0.227143,-0.233531,0,0.00153398,0,0.00460194,0,0.751651,
41148.4,0.058089,0.0306796,-0.179474,-0.177942,1.98133,1.98534,-0.226458,-0.233531,0,0.00153398,0,0.00460194,0,0.751651,
41168.4,0.058089,0.0306796,-0.179474,-0.177942,1.98133,1.98534,-0.226458,-0.233531,0,0.00153398,0,0.00460194,0,0.751651,
41188.5,0.0595382,0.0306796,-0.179633,-0.177942,1.9808,1.98534,-0.22577,-0.233531,0,0.00153398,0,0.00460194,0,0.751651,
41208.5,0.0368155,0.0368155,-0.179633,-0.177942,1.9808,1.98534,-0.22577,-0.231997,0,0.00153398,0,0.00460194,0.751651,0.751651,
41228.4,0.0609854,0.0368155,-0.179793,-0.177942,1.98027,1.98534,-0.225081,-0.231997,0,0.00153398,0,0.00460194,0,0.751651,
41248.4,0.0624305,0.0368155,-0.179953,-0.177942,1.97974,1.98534,-0.22439,-0.231997,0,0.00153398,0,0.00460194,0,0.751651,
41268.4,0.0624305,0.0368155,-0.179953,-0.177942,1.97974,1.98534,-0.22439,-0.231997,0,0.00153398,0,0.00460194,0,0.751651,
41288.4,0.0638736,0.0368155,-0.180112,-0.177942,1.97921,1.98534,-0.223696,-0.231997,0,0.00153398,0,0.00460194,0,0.751651,
41308.4,0.0653146,0.0322136,-0.180272,-0.177942,1.97867,1.98227,-0.223001,-0.228929,0,0.00153398,0,0.00306796,0,0.751651,
41328.4,0.0653146,0.0322136,-0.180272,-0.177942,1.97867,1.98227,-0.223001,-0.228929,0,0.00153398,0,0.00306796,0,0.751651,
41348.5,0.0667537,0.0322136,-0.180432,-0.177942,1.97813,1.98227,-0.222305,-0.228929,0,0.00153398,0,0.00306796,0,0.751651,
41368.5,0.0667537,0.0322136,-0.180432,-0.177942,1.97813,1.98227,-0.222305,-0.228929,0,0.00153398,0,0.00306796,0,0.751651,
41388.5,0.0681906,0.0322136,-0.180591,-0.177942,1.9776,1.98227,-0.221606,-0.228929,0,0.00153398,0,0.00306796,0,0.751651,
41408.4,0.0429515,0.0429515,-0.180751,-0.177942,1.97705,1.97767,-0.220905,-0.227395,0,0.00153398,0,0.00460194,0.751651,0.751651,
41428.4,0.0429515,0.0429515,-0.180751,-0.177942,1.97705,1.97767,-0.220905,-0.227395,0,0.00153398,0,0.00460194,0.751651,0.751651,
41448.5,0.0710584,0.0429515,-0.18091,-0.177942,1.97651,1.97767,-0.220203,-0.227395,0,0.00153398,0,0.00460194,0,0.751651,
41468.5,0.0724891,0.0429515,-0.181069,-0.177942,1.97597,1.97767,-0.219499,-0.227395,0,0.00153398,0,0.00460194,0,0.751651,
41488.5,0.0724891,0.0429515,-0.181069,-0.177942,1.97597,1.97767,-0.219499,-0.227395,0,0.00153398,0,0.00460194,0,0.751651,
41508.5,0.0398835,0.0398835,-0.181229,-0.177942,1.97542,1.97767,-0.218793,-0.225861,0,0.00153398,0,0.00460194,0.751651,0.751651,
41528.5,0.0398835,0.0398835,-0.181229,-0.177942,1.97542,1.97767,-0.218793,-0.225861,0,0.00153398,0,0.00460194,0.751651,0.751651,
41548.5,0.0753446,0.0398835,-0.181388,-0.177942,1.97487,1.97767,-0.218085,-0.225861,0,0.00153398,0,0.00460194,0,0.751651,
41568.4,0.0767692,0.0398835,-0.181547,-0.177942,1.97432,1.97767,-0.217375,-0.225861,0,0.00153398,0,0.00460194,0,0.751651,
41588.5,0.0767692,0.0398835,-0.181547,-0.177942,1.97432,1.97767,-0.217375,-0.225861,0,0.00153398,0,0.00460194,0,0.751651,
41608.4,0.0475534,0.0475534,-0.181706,-0.179476,1.97377,1.97613,-0.216664,-0.222794,0,0.00153398,0,0.00460194,0.751651,0.751651,
41628.4,0.0475534,0.0475534,-0.181706,-0.179476,1.97377,1.97613,-0.216664,-0.222794,0,0.00153398,0,0.00460194,0.751651,0.751651,
41648.5,0.0796123,0.0475534,-0.181865,-0.179476,1.97321,1.97613,-0.215951,-0.222794,0,0.00153398,0,0.00460194,0,0.751651,
41668.5,0.0810307,0.0475534,-0.182024,-0.179476,1.97266,1.97613,-0.215236,-0.222794,0,0.00153398,0,0.00460194,0,0.751651,
41688.5,0.0810307,0.0475534,-0.182024,-0.179476,1.97266,1.97613,-0.215236,-0.222794,0,0.00153398,0,0.00460194,0,0.751651,
41708.4,0.0567573,0.0567573,-0.182182,-0.179476,1.9721,1.97307,-0.214519,-0.219726,0,0.00153398,0,0.00460194,0.753185,0.753185,
41728.4,0.0838614,0.0567573,-0.182341,-0.179476,1.97154,1.97307,-0.2138,-0.219726,0,0.00153398,0,0.00460194,0,0.753185,
41748.4,0.0838614,0.0567573,-0.182341,-0.179476,1.97154,1.97307,-0.2138,-0.219726,0,0.00153398,0,0.00460194,0,0.753185,
41768.5,0.0852736,0.0567573,-0.182499,-0.179476,1.97098,1.97307,-0.21308,-0.219726,0,0.00153398,0,0.00460194,0,0.753185,
41788.4,0.0852736,0.0567573,-0.182499,-0.179476,1.97098,1.97307,-0.21308,-0.219726,0,0.00153398,0,0.00460194,0,0.753185,
41808.5,0.0552233,0.0552233,-0.182658,-0.179476,1.97041,1.96846,-0.212358,-0.218192,0,0.00153398,0,0.00460194,0.751651,0.751651,
41828.5,0.0880919,0.0552233,-0.182816,-0.179476,1.96985,1.96846,-0.211634,-0.218192,0,0.00153398,0,0.00460194,0,0.751651,
41848.5,0.0880919,0.0552233,-0.182816,-0.179476,1.96985,1.96846,-0.211634,-0.218192,0,0.00153398,0,0.00460194,0,0.751651,
41868.5,0.089498,0.0552233,-0.182974,-0.179476,1.96928,1.96846,-0.210908,-0.218192,0,0.00153398,0,0.00460194,0,0.751651,
41888.4,0.089498,0.0552233,-0.182974,-0.179476,1.96928,1.96846,-0.210908,-0.218192,0,0.00153398,0,0.00460194,0,0.751651,
41908.5,0.0567573,0.0567573,-0.183132,-0.179476,1.96871,1.96693,-0.210181,-0.216658,0,0.00153398,0,0.00460194,0.751651,0.751651,
41928.3,0.0923038,0.0567573,-0.18329,-0.179476,1.96814,1.96693,-0.209452,-0.216658,0,0.00153398,0,0.00460194,0,0.751651,
41948.5,0.0923038,0.0567573,-0.18329,-0.179476,1.96814,1.96693,-0.209452,-0.216658,0,0.00153398,0,0.00460194,0,0.751651,
41968.5,0.0937037,0.0567573,-0.183447,-0.179476,1.96757,1.96693,-0.208721,-0.216658,0,0.00153398,0,0.00460194,0,0.751651,
41988.5,0.0937037,0.0567573,-0.183447,-0.179476,1.96757,1.96693,-0.208721,-0.216658,0,0.00153398,0,0.00460194,0,0.751651,
42008.5,0.0690291,0.0690291,-0.183605,-0.18101,1.96699,1.9654,-0.207988,-0.21359,0,0.00153398,0,0.00460194,0.753185,0.753185,
42028.5,0.0690291,0.0690291,-0.183605,-0.18101,1.96699,1.9654,-0.207988,-0.21359,0,0.00153398,0,0.00460194,0.753185,0.753185,
42048.4,0.0964971,0.0690291,-0.183762,-0.18101,1.96641,1.9654,-0.207254,-0.21359,0,0.00153398,0,0.00460194,0,0.753185,
42068.4,0.0978907,0.0690291,-0.183919,-0.18101,1.96584,1.9654,-0.206518,-0.21359,0,0.00153398,0,0.00460194,0,0.753185,
42088.5,0.0978907,0.0690291,-0.183919,-0.18101,1.96584,1.9654,-0.206518,-0.21359,0,0.00153398,0,0.00460194,0,0.753185,
42108.4,0.0992823,0.0659612,-0.184076,-0.18101,1.96525,1.9654,-0.20578,-0.212056,0,0.00153398,0,0.00460194,0,0.751651,
42128.4,0.100672,0.0659612,-0.184233,-0.18101,1.96467,1.9654,-0.205041,-0.212056,0,0.00153398,0,0.00460194,0,0.751651,
42148.4,0.100672,0.0659612,-0.184233,-0.18101,1.96467,1.9654,-0.205041,-0.212056,0,0.00153398,0,0.00460194,0,0.751651,
42168.3,0.102059,0.0659612,-0.18439,-0.18101,1.96409,1.9654,-0.204299,-0.212056,0,0.00153398,0,0.00460194,0,0.751651,
42188.3,0.103444,0.0659612,-0.184546,-0.18101,1.9635,1.9654,-0.203556,-0.212056,0,0.00153398,0,0.00460194,0,0.751651,
42208.4,0.0613592,0.0613592,-0.184546,-0.182544,1.9635,1.96386,-0.203556,-0.210522,0,0.00153398,0,0.00460194,0.751651,0.751651,
42228.4,0.104828,0.0613592,-0.184702,-0.182544,1.96291,1.96386,-0.202812,-0.210522,0,0.00153398,0,0.00460194,0,0.751651,
42248.4,0.104828,0.0613592,-0.184702,-0.182544,1.96291,1.96386,-0.202812,-0.210522,0,0.00153398,0,0.00460194,0,0.751651,
42268.4,0.106209,0.0613592,-0.184859,-0.182544,1.96232,1.96386,-0.202066,-0.210522,0,0.00153398,0,0.00460194,0,0.751651,
42288.5,0.107588,0.0613592,-0.185014,-0.182544,1.96173,1.96386,-0.201318,-0.210522,0,0.00153398,0,0.00460194,0,0.751651,
42308.5,0.0659612,0.0659612,-0.185014,-0.184078,1.96173,1.96233,-0.201318,-0.207454,0,0.00153398,0,0.00460194,0.751651,0.751651,
42328.4,0.108965,0.0659612,-0.18517,-0.184078,1.96114,1.96233,-0.200568,-0.207454,0,0.00153398,0,0.00460194,0,0.751651,
42348.4,0.11034,0.0659612,-0.185326,-0.184078,1.96054,1.96233,-0.199817,-0.207454,0,0.00153398,0,0.00460194,0,0.751651,
42368.4,0.11034,0.0659612,-0.185326,-0.184078,1.96054,1.96233,-0.199817,-0.207454,0,0.00153398,0,0.00460194,0,0.751651,
42388.5,0.111713,0.0659612,-0.185481,-0.184078,1.95994,1.96233,-0.199064,-0.207454,0,0.00153398,0,0.00460194,0,0.751651,
42408.4,0.0720971,0.0720971,-0.185481,-0.184078,1.95994,1.96079,-0.199064,-0.20592,0,0.00153398,0,0.00460194,0.751651,0.751651,
42428.5,0.113083,0.0720971,-0.185636,-0.184078,1.95934,1.96079,-0.198309,-0.20592,0,0.00153398,0,0.00460194,0,0.751651,
42448.5,0.114452,0.0720971,-0.185791,-0.184078,1.95874,1.96079,-0.197553,-0.20592,0,0.00153398,0,0.00460194,0,0.751651,
42468.4,0.114452,0.0720971,-0.185791,-0.184078,1.95874,1.96079,-0.197553,-0.20592,0,0.00153398,0,0.00460194,0,0.751651,
42488.4,0.115819,0.0720971,-0.185945,-0.184078,1.95814,1.96079,-0.196795,-0.20592,0,0.00153398,0,0.00460194,0,0.751651,
42508.4,0.117183,0.0874369,-0.186099,-0.185612,1.95753,1.96079,-0.196035,-0.202852,0,0.00153398,0,0.00460194,0,0.751651,
42528.4,0.117183,0.0874369,-0.186099,-0.185612,1.95753,1.96079,-0.196035,-0.202852,0,0.00153398,0,0.00460194,0,0.751651,
42548.4,0.118546,0.0874369,-0.186254,-0.185612,1.95693,1.96079,-0.195274,-0.202852,0,0.00153398,0,0.00460194,0,0.751651,
42568.4,0.119906,0.0874369,-0.186407,-0.185612,1.95632,1.96079,-0.194511,-0.202852,0,0.00153398,0,0.00460194,0,0.751651,
42588.4,0.119906,0.078233,-0.186407,-0.185612,1.95632,1.95619,-0.194511,-0.201318,0,0.00153398,0,0.00460194,0,0.751651,
42608.4,0.121264,0.078233,-0.186561,-0.185612,1.95571,1.95619,-0.193746,-0.201318,0,0.00153398,0,0.00460194,0,0.751651,
42628.4,0.121264,0.078233,-0.186561,-0.185612,1.95571,1.95619,-0.193746,-0.201318,0,0.00153398,0,0.00460194,0,0.751651,
42648.4,0.12262,0.078233,-0.186714,-0.185612,1.95509,1.95619,-0.19298,-0.201318,0,0.00153398,0,0.00460194,0,0.751651,
42668.4,0.123974,0.078233,-0.186867,-0.185612,1.95448,1.95619,-0.192212,-0.201318,0,0.00153398,0,0.00460194,0,0.751651,
42688.5,0.123974,0.078233,-0.186867,-0.185612,1.95448,1.95619,-0.192212,-0.201318,0,0.00153398,0,0.00460194,0,0.751651,
42708.5,0.0981748,0.0981748,-0.18702,-0.187146,1.95386,1.95466,-0.191443,-0.196716,0,0.00153398,0,0.00460194,0.751651,0.751651,
42728.4,0.0981748,0.0981748,-0.18702,-0.187146,1.95386,1.95466,-0.191443,-0.196716,0,0.00153398,0,0.00460194,0.751651,0.751651,
42748.5,0.126676,0.0981748,-0.187173,-0.187146,1.95324,1.95466,-0.190672,-0.196716,0,0.00153398,0,0.00460194,0,0.751651,
42768.5,0.126676,0.0981748,-0.187173,-0.187146,1.95324,1.95466,-0.190672,-0.196716,0,0.00153398,0,0.00460194,0,0.751651,
42788.5,0.128024,0.0981748,-0.187325,-0.187146,1.95262,1.95466,-0.189899,-0.196716,0,0.00153398,0,0.00460194,0,0.751651,
42808.5,0.12937,0.0981748,-0.187477,-0.187146,1.952,1.95466,-0.189125,-0.196716,0,0.00153398,0,0.00460194,0,0.751651,
42828.5,0.12937,0.0981748,-0.187477,-0.187146,1.952,1.95466,-0.189125,-0.196716,0,0.00153398,0,0.00460194,0,0.751651,
42848.5,0.130714,0.0981748,-0.187629,-0.187146,1.95138,1.95466,-0.188349,-0.196716,0,0.00153398,0,0.00460194,0,0.751651,
42868.4,0.132055,0.0981748,-0.18778,-0.187146,1.95075,1.95466,-0.187572,-0.196716,0,0.00153398,0,0.00460194,0,0.751651,
42888.4,0.107379,0.107379,-0.18778,-0.187146,1.95075,1.95466,-0.187572,-0.195182,0,0.00153398,0,0.00460194,0.753185,0.753185,
42908.5,0.133395,0.107379,-0.187931,-0.187146,1.95012,1.95466,-0.186793,-0.195182,0,0.00153398,0,0.00460194,0,0.753185,
42928.4,0.134732,0.107379,-0.188082,-0.187146,1.94949,1.95466,-0.186012,-0.195182,0,0.00153398,0,0.00460194,0,0.753185,
42948.5,0.134732,0.107379,-0.188082,-0.187146,1.94949,1.95466,-0.186012,-0.195182,0,0.00153398,0,0.00460194,0,0.753185,
42968.5,0.136067,0.107379,-0.188233,-0.187146,1.94886,1.95466,-0.18523,-0.195182,0,0.00153398,0,0.00460194,0,0.753185,
42988.4,0.115049,0.115049,-0.188233,-0.187146,1.94886,1.95159,-0.18523,-0.193648,0,0.00153398,0,0.00460194,0.751651,0.751651,
43008.4,0.137401,0.115049,-0.188383,-0.187146,1.94823,1.95159,-0.184447,-0.193648,0,0.00153398,0,0.00460194,0,0.751651,
43028.4,0.137401,0.115049,-0.188383,-0.187146,1.94823,1.95159,-0.184447,-0.193648,0,0.00153398,0,0.00460194,0,0.751651,
43048.4,0.116583,0.116583,-0.188383,-0.187146,1.94823,1.95006,-0.184447,-0.19058,0,0.00153398,0,0.00460194,0.751651,0.751651,
43068.4,0.138732,0.116583,-0.188533,-0.187146,1.94759,1.95006,-0.183661,-0.19058,0,0.00153398,0,0.00460194,0,0.751651,
43088.4,0.140061,0.116583,-0.188683,-0.187146,1.94696,1.95006,-0.182875,-0.19058,0,0.00153398,0,0.00460194,0,0.751651,
43108.3,0.140061,0.116583,-0.188683,-0.187146,1.94696,1.95006,-0.182875,-0.19058,0,0.00153398,0,0.00460194,0,0.751651,
43128.4,0.110447,0.110447,-0.188683,-0.187146,1.94696,1.94852,-0.182875,-0.19058,0,0.00153398,0,0.00460194,0.751651,0.751651,
43148.4,0.141388,0.110447,-0.188832,-0.187146,1.94632,1.94852,-0.182086,-0.19058,0,0.00153398,0,0.00460194,0,0.751651,
43168.4,0.142713,0.110447,-0.188981,-0.187146,1.94568,1.94852,-0.181296,-0.19058,0,0.00153398,0,0.00460194,0,0.751651,
43188.4,0.142713,0.110447,-0.188981,-0.187146,1.94568,1.94852,-0.181296,-0.19058,0,0.00153398,0,0.00460194,0,0.751651,
43208.4,0.11965,0.11965,-0.188981,-0.18868,1.94568,1.94699,-0.181296,-0.189046,0,0.00153398,0,0.00460194,0.751651,0.751651,
43228.3,0.11965,0.11965,-0.188981,-0.18868,1.94568,1.94699,-0.181296,-0.189046,0,0.00153398,0,0.00460194,0.751651,0.751651,
43248.4,0.11965,0.11965,-0.188981,-0.18868,1.94568,1.94699,-0.181296,-0.189046,0,0.00153398,0,0.00460194,0.751651,0.751651,
43268.4,0.11965,0.11965,-0.188981,-0.18868,1.94568,1.94699,-0.181296,-0.189046,0,0.00153398,0,0.00460194,0.751651,0.751651,
43288.5,0.11965,0.11965,-0.188981,-0.18868,1.94568,1.94699,-0.181296,-0.189046,0,0.00153398,0,0.00460194,0.751651,0.751651,
43308.4,0.11965,0.118117,-0.188981,-0.18868,1.94568,1.94545,-0.181296,-0.185978,0,0.00153398,0,0.00460194,0.751651,0.751651,
43328.4,0.11965,0.118117,-0.188981,-0.18868,1.94568,1.94545,-0.181296,-0.185978,0,0.00153398,0,0.00460194,0.751651,0.751651,
43348.4,0.11965,0.118117,-0.188981,-0.18868,1.94568,1.94545,-0.181296,-0.185978,0,0.00153398,0,0.00460194,0.751651,0.751651,
43368.4,0.11965,0.118117,-0.188981,-0.18868,1.94568,1.94545,-0.181296,-0.185978,0,0.00153398,0,0.00460194,0.751651,0.751651,
43388.4,0.11965,0.118117,-0.188981,-0.18868,1.94568,1.94545,-0.181296,-0.185978,0,0.00153398,0,0.00460194,0.751651,0.751651,
43408.4,0.11965,0.11965,-0.188981,-0.190214,1.94568,1.94392,-0.181296,-0.18291,0,0.00153398,0,0.00460194,0.751651,0.751651,
43428.4,0.11965,0.11965,-0.188981,-0.190214,1.94568,1.94392,-0.181296,-0.18291,0,0.00153398,0,0.00460194,0.751651,0.751651,
43448.4,0.11965,0.11965,-0.188981,-0.190214,1.94568,1.94392,-0.181296,-0.18291,0,0.00153398,0,0.00460194,0.751651,0.751651,
43468.4,0.11965,0.11965,-0.188981,-0.190214,1.94568,1.94392,-0.181296,-0.18291,0,0.00153398,0,0.00460194,0.751651,0.751651,
43488.4,0.11965,0.11965,-0.188981,-0.190214,1.94568,1.94392,-0.181296,-0.18291,0,0.00153398,0,0.00460194,0.751651,0.751651,
43508.4,0.130388,0.130388,-0.188981,-0.18868,1.94568,1.94392,-0.181296,-0.18291,0,0.00153398,0,0.00460194,0.751651,0.751651,
43528.4,0.130388,0.130388,-0.188981,-0.18868,1.94568,1.94392,-0.181296,-0.18291,0,0.00153398,0,0.00460194,0.751651,0.751651,
43548.4,0.130388,0.130388,-0.188981,-0.18868,1.94568,1.94392,-0.181296,-0.18291,0,0.00153398,0,0.00460194,0.751651,0.751651,
43568.4,0.130388,0.130388,-0.188981,-0.18868,1.94568,1.94392,-0.181296,-0.18291,0,0.00153398,0,0.00460194,0.751651,0.751651,
43588.3,0.130388,0.130388,-0.188981,-0.18868,1.94568,1.94392,-0.181296,-0.18291,0,0.00153398,0,0.00460194,0.751651,0.751651,
43608.3,0.130388,0.131922,-0.188981,-0.190214,1.94568,1.94392,-0.181296,-0.181376,0,0.00153398,0,0.00460194,0.751651,0.751651,
43628.4,0.130388,0.131922,-0.188981,-0.190214,1.94568,1.94392,-0.181296,-0.181376,0,0.00153398,0,0.00460194,0.751651,0.751651,
43648.3,0.130388,0.131922,-0.188981,-0.190214,1.94568,1.94392,-0.181296,-0.181376,0,0.00153398,0,0.00460194,0.751651,0.751651,
43668.3,0.130388,0.131922,-0.188981,-0.190214,1.94568,1.94392,-0.181296,-0.181376,0,0.00153398,0,0.00460194,0.751651,0.751651,
43688.4,0.130388,0.131922,-0.188981,-0.190214,1.94568,1.94392,-0.181296,-0.181376,0,0.00153398,0,0.00460194,0.751651,0.751651,
43708.4,0.130388,0.13499,-0.188981,-0.190214,1.94568,1.94392,-0.181296,-0.179842,0,0.00153398,0,0.00460194,0.751651,0.751651,
43728.3,0.130388,0.13499,-0.188981,-0.190214,1.94568,1.94392,-0.181296,-0.179842,0,0.00153398,0,0.00460194,0.751651,0.751651,
43748.4,0.130388,0.13499,-0.188981,-0.190214,1.94568,1.94392,-0.181296,-0.179842,0,0.00153398,0,0.00460194,0.751651,0.751651,
43768.4,0.130388,0.13499,-0.188981,-0.190214,1.94568,1.94392,-0.181296,-0.179842,0,0.00153398,0,0.00460194,0.751651,0.751651,
43788.3,0.130388,0.13499,-0.188981,-0.190214,1.94568,1.94392,-0.181296,-0.179842,0,0.00153398,0,0.00460194,0.751651,0.751651,
43808.5,0.130388,0.128854,-0.188981,-0.190214,1.94568,1.94392,-0.181296,-0.179842,0,0.00153398,0,0.00460194,0.751651,0.751651,
43828.4,0.130388,0.128854,-0.188981,-0.190214,1.94568,1.94392,-0.181296,-0.179842,0,0.00153398,0,0.00460194,0.751651,0.751651,
43848.3,0.130388,0.128854,-0.188981,-0.190214,1.94568,1.94392,-0.181296,-0.179842,0,0.00153398,0,0.00460194,0.751651,0.751651,
43868.4,0.130388,0.128854,-0.188981,-0.190214,1.94568,1.94392,-0.181296,-0.179842,0,0.00153398,0,0.00460194,0.751651,0.751651,
43888.4,0.130388,0.128854,-0.188981,-0.190214,1.94568,1.94392,-0.181296,-0.179842,0,0.00153398,0,0.00460194,0.751651,0.751651,
43908.5,0.130388,0.130388,-0.188981,-0.191748,1.94568,1.94392,-0.181296,-0.179842,0,0.00153398,0,0.00460194,0.751651,0.753185,
43928.4,0.130388,0.130388,-0.188981,-0.191748,1.94568,1.94392,-0.181296,-0.179842,0,0.00153398,0,0.00460194,0.751651,0.753185,
43948.4,0.130388,0.130388,-0.188981,-0.191748,1.94568,1.94392,-0.181296,-0.179842,0,0.00153398,0,0.00460194,0.751651,0.753185,
43968.3,0.130388,0.130388,-0.188981,-0.191748,1.94568,1.94392,-0.181296,-0.179842,0,0.00153398,0,0.00460194,0.751651,0.753185,
43988.4,0.130388,0.130388,-0.188981,-0.191748,1.94568,1.94392,-0.181296,-0.179842,0,0.00153398,0,0.00460194,0.751651,0.753185,
44008.4,0.130388,0.130388,-0.188981,-0.191748,1.94568,1.94392,-0.181296,-0.179842,0,0.00153398,0,0.00460194,0.751651,0.751651,
44028.4,0.130388,0.130388,-0.188981,-0.191748,1.94568,1.94392,-0.181296,-0.179842,0,0.00153398,0,0.00460194,0.751651,0.751651,
44048.4,0.130388,0.130388,-0.188981,-0.191748,1.94568,1.94392,-0.181296,-0.179842,0,0.00153398,0,0.00460194,0.751651,0.751651,
44068.4,0.130388,0.130388,-0.188981,-0.191748,1.94568,1.94392,-0.181296,-0.179842,0,0.00153398,0,0.00460194,0.751651,0.751651,
44088.4,0.130388,0.130388,-0.188981,-0.191748,1.94568,1.94392,-0.181296,-0.179842,0,0.00153398,0,0.00460194,0.751651,0.751651,
44108.5,0.130388,0.130388,-0.188981,-0.191748,1.94568,1.94392,-0.181296,-0.179842,0,0.00153398,0,0.00460194,0.751651,0.751651,
44128.3,0.130388,0.130388,-0.188981,-0.191748,1.94568,1.94392,-0.181296,-0.179842,0,0.00153398,0,0.00460194,0.751651,0.751651,
44148.4,0.130388,0.130388,-0.188981,-0.191748,1.94568,1.94392,-0.181296,-0.179842,0,0.00153398,0,0.00460194,0.751651,0.751651,
44168.4,0.130388,0.130388,-0.188981,-0.191748,1.94568,1.94392,-0.181296,-0.179842,0,0.00153398,0,0.00460194,0.751651,0.751651,
44188.3,0.130388,0.130388,-0.188981,-0.191748,1.94568,1.94392,-0.181296,-0.179842,0,0.00153398,0,0.00460194,0.751651,0.751651,
44208.4,0.130388,0.130388,-0.188981,-0.193282,1.94568,1.94392,-0.181296,-0.179842,0,0.00153398,0,0.00460194,0.751651,0.751651,
44228.5,0.130388,0.130388,-0.188981,-0.193282,1.94568,1.94392,-0.181296,-0.179842,0,0.00153398,0,0.00460194,0.751651,0.751651,
44248.3,0.130388,0.130388,-0.188981,-0.193282,1.94568,1.94392,-0.181296,-0.179842,0,0.00153398,0,0.00460194,0.751651,0.751651,
44268.4,0.130388,0.130388,-0.188981,-0.193282,1.94568,1.94392,-0.181296,-0.179842,0,0.00153398,0,0.00460194,0.751651,0.751651,
44288.3,0.130388,0.130388,-0.188981,-0.193282,1.94568,1.94392,-0.181296,-0.179842,0,0.00306796,0,0.00613592,0.751651,0.751651,
44308.3,0.130388,0.130388,-0.188981,-0.193282,1.94568,1.94392,-0.181296,-0.179842,0,0.00306796,0,0.00613592,0.751651,0.751651,
44328.4,0.130388,0.130388,-0.188981,-0.193282,1.94568,1.94392,-0.181296,-0.179842,0,0.00306796,0,0.00613592,0.751651,0.751651,
44348.5,0.130388,0.130388,-0.188981,-0.193282,1.94568,1.94392,-0.181296,-0.179842,0,0.00306796,0,0.00613592,0.751651,0.751651,
44368.4,0.130388,0.130388,-0.188981,-0.193282,1.94568,1.94392,-0.181296,-0.179842,0,0.00306796,0,0.00613592,0.751651,0.751651,
44388.4,0.130388,0.130388,-0.188981,-0.193282,1.94568,1.94392,-0.181296,-0.179842,0,0.00306796,0,0.00613592,0.751651,0.751651,
44408.4,0.130388,0.130388,-0.188981,-0.193282,1.94568,1.94239,-0.181296,-0.178308,0,0.00306796,0,0.00613592,0.751651,0.751651,
44428.4,0.130388,0.130388,-0.188981,-0.193282,1.94568,1.94239,-0.181296,-0.178308,0,0.00306796,0,0.00613592,0.751651,0.751651,
44448.4,0.130388,0.130388,-0.188981,-0.193282,1.94568,1.94239,-0.181296,-0.178308,0,0.00306796,0,0.00613592,0.751651,0.751651,
44468.4,0.130388,0.130388,-0.188981,-0.193282,1.94568,1.94239,-0.181296,-0.178308,0,0.00306796,0,0.00613592,0.751651,0.751651,
44488.4,0.130388,0.130388,-0.188981,-0.193282,1.94568,1.94239,-0.181296,-0.178308,0,0.00306796,0,0.00613592,0.751651,0.751651,
44508.3,0.130388,0.133456,-0.188981,-0.194816,1.94568,1.94085,-0.181296,-0.178308,0,0.00153398,0,0.00613592,0.751651,0.751651,
44528.4,0.130388,0.133456,-0.188981,-0.194816,1.94568,1.94085,-0.181296,-0.178308,0,0.00153398,0,0.00613592,0.751651,0.751651,
44548.3,0.130388,0.133456,-0.188981,-0.194816,1.94568,1.94085,-0.181296,-0.178308,0,0.00153398,0,0.00613592,0.751651,0.751651,
44568.4,0.130388,0.133456,-0.188981,-0.194816,1.94568,1.94085,-0.181296,-0.178308,0,0.00153398,0,0.00613592,0.751651,0.751651,
44588.3,0.130388,0.133456,-0.188981,-0.194816,1.94568,1.94085,-0.181296,-0.178308,0,0.00153398,0,0.00613592,0.751651,0.751651,
44608.4,0.130388,0.131922,-0.188981,-0.194816,1.94568,1.94085,-0.181296,-0.178308,0,0.00306796,0,0.00613592,0.751651,0.751651,
44628.4,0.130388,0.131922,-0.188981,-0.194816,1.94568,1.94085,-0.181296,-0.178308,0,0.00306796,0,0.00613592,0.751651,0.751651,
44648.4,0.130388,0.131922,-0.188981,-0.194816,1.94568,1.94085,-0.181296,-0.178308,0,0.00306796,0,0.00613592,0.751651,0.751651,
44668.4,0.130388,0.131922,-0.188981,-0.194816,1.94568,1.94085,-0.181296,-0.178308,0,0.00306796,0,0.00613592,0.751651,0.751651,
44688.4,0.130388,0.13499,-0.200951,-0.200951,1.94568,1.94392,-0.181296,-0.178308,0,0.00306796,0,0.0076699,0.751651,0.751651,
44708.4,0.130388,0.13499,-0.200951,-0.200951,1.94568,1.94392,-0.181296,-0.178308,0,0.00306796,0,0.0076699,0.751651,0.751651,
44728.4,0.130388,0.13499,-0.200951,-0.200951,1.94568,1.94392,-0.181296,-0.178308,0,0.00306796,0,0.0076699,0.751651,0.751651,
44748.4,0.130388,0.13499,-0.200951,-0.200951,1.94568,1.94392,-0.181296,-0.178308,0,0.00306796,0,0.0076699,0.751651,0.751651,
44768.4,0.130388,0.13499,-0.200951,-0.200951,1.94568,1.94392,-0.181296,-0.178308,0,0.00306796,0,0.0076699,0.751651,0.751651,
44788.4,0.130388,0.13499,-0.200951,-0.200951,1.94568,1.94392,-0.181296,-0.178308,0,0.00306796,0,0.0076699,0.751651,0.751651,
44808.4,0.130388,0.133456,-0.200951,-0.19635,1.94568,1.93932,-0.181296,-0.179842,0,0.00460194,0,0.00460194,0.751651,0.751651,
44828.3,0.130388,0.133456,-0.200951,-0.19635,1.94568,1.93932,-0.181296,-0.179842,0,0.00460194,0,0.00460194,0.751651,0.751651,
44848.4,0.130388,0.133456,-0.200951,-0.19635,1.94568,1.93932,-0.181296,-0.179842,0,0.00460194,0,0.00460194,0.751651,0.751651,
44868.4,0.130388,0.133456,-0.200951,-0.19635,1.94568,1.93932,-0.181296,-0.179842,0,0.00460194,0,0.00460194,0.751651,0.751651,
44888.3,0.130388,0.133456,-0.200951,-0.19635,1.94568,1.93932,-0.181296,-0.179842,0,0.00460194,0,0.00460194,0.751651,0.751651,
44908.3,0.130388,0.138058,-0.200951,-0.208621,1.94568,1.94085,-0.181296,-0.178308,0,0.00153398,0,0.00613592,0.751651,0.753185,
44928.4,0.130388,0.138058,-0.200951,-0.208621,1.94568,1.94085,-0.181296,-0.178308,0,0.00153398,0,0.00613592,0.751651,0.753185,
44948.4,0.130388,0.138058,-0.200951,-0.208621,1.94568,1.94085,-0.181296,-0.178308,0,0.00153398,0,0.00613592,0.751651,0.753185,
44968.4,0.130388,0.138058,-0.200951,-0.208621,1.94568,1.94085,-0.181296,-0.178308,0,0.00153398,0,0.00613592,0.751651,0.753185,
44988.4,0.130388,0.138058,-0.200951,-0.208621,1.94568,1.94085,-0.181296,-0.178308,0,0.00153398,0,0.00613592,0.751651,0.753185,
45008.4,0.130388,0.138058,-0.200951,-0.210155,1.94568,1.94085,-0.181296,-0.178308,0,0.00153398,0,0.00613592,0.751651,0.753185,
45028.4,0.130388,0.138058,-0.200951,-0.210155,1.94568,1.94085,-0.181296,-0.178308,0,0.00153398,0,0.00613592,0.751651,0.753185,
45048.4,0.130388,0.138058,-0.200951,-0.210155,1.94568,1.94085,-0.181296,-0.178308,0,0.00153398,0,0.00613592,0.751651,0.753185,
45068.3,0.130388,0.138058,-0.200951,-0.210155,1.94568,1.94085,-0.181296,-0.178308,0,0.00153398,0,0.00613592,0.751651,0.753185,
45088.3,0.130388,0.136524,-0.200951,-0.208621,1.94568,1.94085,-0.181296,-0.179842,0,0.00153398,0,0.00613592,0.751651,0.753185,
45108.4,0.130388,0.136524,-0.200951,-0.208621,1.94568,1.94085,-0.181296,-0.179842,0,0.00153398,0,0.00613592,0.751651,0.753185,
45128.4,0.130388,0.136524,-0.200951,-0.208621,1.94568,1.94085,-0.181296,-0.179842,0,0.00153398,0,0.00613592,0.751651,0.753185,
45148.4,0.130388,0.136524,-0.200951,-0.208621,1.94568,1.94085,-0.181296,-0.179842,0,0.00153398,0,0.00613592,0.751651,0.753185,
45168.4,0.130388,0.136524,-0.200951,-0.208621,1.94568,1.94085,-0.181296,-0.179842,0,0.00153398,0,0.00613592,0.751651,0.753185,
45188.4,0.130388,0.136524,-0.200951,-0.208621,1.94568,1.94085,-0.181296,-0.179842,0,0.00153398,0,0.00613592,0.751651,0.753185,
45208.3,0.130388,0.136524,-0.200951,-0.210155,1.94568,1.94085,-0.181296,-0.178308,0,0,0,0.00613592,0.751651,0.753185,
45228.4,0.130388,0.136524,-0.200951,-0.210155,1.94568,1.94085,-0.181296,-0.178308,0,0,0,0.00613592,0.751651,0.753185,
45248.4,0.130388,0.136524,-0.200951,-0.210155,1.94568,1.94085,-0.181296,-0.178308,0,0,0,0.00613592,0.751651,0.753185,
45268.4,0.130388,0.136524,-0.200951,-0.210155,1.94568,1.94085,-0.181296,-0.178308,0,0,0,0.00613592,0.751651,0.753185,
45288.4,0.130388,0.136524,-0.200951,-0.210155,1.94568,1.94085,-0.181296,-0.178308,0,0,0,0.00613592,0.751651,0.753185,
45308.5,0.130388,0.130388,-0.200951,-0.200951,1.94568,1.94085,-0.181296,-0.179842,0,0,0,0.00613592,0.751651,0.753185,
45328.4,0.130388,0.130388,-0.200951,-0.200951,1.94568,1.94085,-0.181296,-0.179842,0,0,0,0.00613592,0.751651,0.753185,
45348.4,0.130388,0.130388,-0.200951,-0.200951,1.94568,1.94085,-0.181296,-0.179842,0,0,0,0.00613592,0.751651,0.753185,
45368.4,0.130388,0.130388,-0.200951,-0.200951,1.94568,1.94085,-0.181296,-0.179842,0,0,0,0.00613592,0.751651,0.753185,
45388.5,0.130388,0.130388,-0.200951,-0.200951,1.94568,1.94085,-0.181296,-0.179842,0,0,0,0.00613592,0.751651,0.753185,
45408.5,0.130388,0.136524,-0.211689,-0.211689,1.94568,1.94545,-0.181296,-0.178308,0,0.00153398,0,0.0076699,0.751651,0.753185,
45428.4,0.130388,0.136524,-0.211689,-0.211689,1.94568,1.94545,-0.181296,-0.178308,0,0.00153398,0,0.0076699,0.751651,0.753185,
45448.5,0.130388,0.136524,-0.211689,-0.211689,1.94568,1.94545,-0.181296,-0.178308,0,0.00153398,0,0.0076699,0.751651,0.753185,
45468.4,0.130388,0.136524,-0.211689,-0.211689,1.94568,1.94545,-0.181296,-0.178308,0,0.00153398,0,0.0076699,0.751651,0.753185,
45488.4,0.130388,0.133456,-0.211689,-0.208621,1.94568,1.94392,-0.181296,-0.179842,0,0,0,0.0076699,0.751651,0.753185,
45508.3,0.130388,0.133456,-0.211689,-0.208621,1.94568,1.94392,-0.181296,-0.179842,0,0,0,0.0076699,0.751651,0.753185,
45528.4,0.130388,0.133456,-0.211689,-0.208621,1.94568,1.94392,-0.181296,-0.179842,0,0,0,0.0076699,0.751651,0.753185,
45548.3,0.130388,0.133456,-0.211689,-0.208621,1.94568,1.94392,-0.181296,-0.179842,0,0,0,0.0076699,0.751651,0.753185,
45568.4,0.130388,0.133456,-0.211689,-0.208621,1.94568,1.94392,-0.181296,-0.179842,0,0,0,0.0076699,0.751651,0.753185,
45588.4,0.130388,0.133456,-0.211689,-0.208621,1.94568,1.94392,-0.181296,-0.179842,0,0,0,0.0076699,0.751651,0.753185,
45608.4,0.130388,0.131922,-0.211689,-0.208621,1.94568,1.94392,-0.181296,-0.178308,0,0,0,0.00613592,0.751651,0.753185,
45628.4,0.130388,0.131922,-0.211689,-0.208621,1.94568,1.94392,-0.181296,-0.178308,0,0,0,0.00613592,0.751651,0.753185,
45648.4,0.130388,0.131922,-0.211689,-0.208621,1.94568,1.94392,-0.181296,-0.178308,0,0,0,0.00613592,0.751651,0.753185,
45668.4,0.130388,0.131922,-0.211689,-0.208621,1.94568,1.94392,-0.181296,-0.178308,0,0,0,0.00613592,0.751651,0.753185,
45688.4,0.130388,0.131922,-0.211689,-0.208621,1.94568,1.94392,-0.181296,-0.178308,0,0,0,0.00613592,0.751651,0.753185,
45708.4,0.130388,0.13499,-0.211689,-0.219359,1.94568,1.94545,-0.181296,-0.178308,0,0,0,0.0076699,0.751651,0.753185,
45728.4,0.130388,0.13499,-0.211689,-0.219359,1.94568,1.94545,-0.181296,-0.178308,0,0,0,0.0076699,0.751651,0.753185,
45748.3,0.130388,0.13499,-0.211689,-0.219359,1.94568,1.94545,-0.181296,-0.178308,0,0,0,0.0076699,0.751651,0.753185,
45768.3,0.130388,0.13499,-0.211689,-0.219359,1.94568,1.94545,-0.181296,-0.178308,0,0,0,0.0076699,0.751651,0.753185,
45788.4,0.130388,0.130388,-0.211689,-0.214757,1.94568,1.94392,-0.181296,-0.178308,0,0,0,0.00613592,0.751651,0.753185,
45808.4,0.130388,0.130388,-0.211689,-0.214757,1.94568,1.94392,-0.181296,-0.178308,0,0,0,0.00613592,0.751651,0.753185,
45828.4,0.130388,0.130388,-0.211689,-0.214757,1.94568,1.94392,-0.181296,-0.178308,0,0,0,0.00613592,0.751651,0.753185,
45848.4,0.130388,0.130388,-0.211689,-0.214757,1.94568,1.94392,-0.181296,-0.178308,0,0,0,0.00613592,0.751651,0.753185,
45868.4,0.130388,0.130388,-0.211689,-0.214757,1.94568,1.94392,-0.181296,-0.178308,0,0,0,0.00613592,0.751651,0.753185,
45888.4,0.130388,0.130388,-0.211689,-0.211689,1.94568,1.94392,-0.181296,-0.179842,0,0,0,0.00613592,0.751651,0.753185,
45908.5,0.130388,0.130388,-0.211689,-0.211689,1.94568,1.94392,-0.181296,-0.179842,0,0,0,0.00613592,0.751651,0.753185,
45928.4,0.130388,0.130388,-0.211689,-0.211689,1.94568,1.94392,-0.181296,-0.179842,0,0,0,0.00613592,0.751651,0.753185,
45948.4,0.130388,0.130388,-0.211689,-0.211689,1.94568,1.94392,-0.181296,-0.179842,0,0,0,0.00613592,0.751651,0.753185,
45968.3,0.130388,0.130388,-0.211689,-0.211689,1.94568,1.94392,-0.181296,-0.179842,0,0,0,0.00613592,0.751651,0.753185,
45988.4,0.130388,0.130388,-0.211689,-0.211689,1.94568,1.94392,-0.181296,-0.179842,0,0,0,0.00613592,0.751651,0.753185,
46008.3,0.130388,0.13499,-0.211689,-0.220893,1.94568,1.94545,-0.181296,-0.179842,0,0,0,0.0076699,0.751651,0.754719,
46028.4,0.130388,0.13499,-0.211689,-0.220893,1.94568,1.94545,-0.181296,-0.179842,0,0,0,0.0076699,0.751651,0.754719,
46048.4,0.130388,0.13499,-0.211689,-0.220893,1.94568,1.94545,-0.181296,-0.179842,0,0,0,0.0076699,0.751651,0.754719,
46068.5,0.130388,0.13499,-0.211689,-0.220893,1.94568,1.94545,-0.181296,-0.179842,0,0,0,0.0076699,0.751651,0.754719,
46088.4,0.130388,0.13499,-0.211689,-0.220893,1.94568,1.94545,-0.181296,-0.179842,0,0,0,0.0076699,0.751651,0.754719,
46108.3,0.130388,0.130388,-0.211689,-0.210155,1.94568,1.94392,-0.181296,-0.179842,0,0,0,0.00613592,0.751651,0.753185,
46128.4,0.130388,0.130388,-0.211689,-0.210155,1.94568,1.94392,-0.181296,-0.179842,0,0,0,0.00613592,0.751651,0.753185,
46148.4,0.130388,0.130388,-0.211689,-0.210155,1.94568,1.94392,-0.181296,-0.179842,0,0,0,0.00613592,0.751651,0.753185,
46168.4,0.130388,0.130388,-0.211689,-0.210155,1.94568,1.94392,-0.181296,-0.179842,0,0,0,0.00613592,0.751651,0.753185,
46188.4,0.130388,0.130388,-0.211689,-0.210155,1.94568,1.94392,-0.181296,-0.179842,0,0,0,0.00613592,0.751651,0.753185,
46208.5,0.130388,0.130388,-0.211689,-0.210155,1.94568,1.94392,-0.181296,-0.179842,0,0,0,0.00613592,0.751651,0.753185,
46228.4,0.130388,0.133456,-0.211689,-0.217825,1.94568,1.94545,-0.181296,-0.179842,0,0,0,0.00613592,0.751651,0.754719,
46248.4,0.130388,0.133456,-0.211689,-0.217825,1.94568,1.94545,-0.181296,-0.179842,0,0,0,0.00613592,0.751651,0.754719,
46268.4,0.130388,0.133456,-0.211689,-0.217825,1.94568,1.94545,-0.181296,-0.179842,0,0,0,0.00613592,0.751651,0.754719,
46288.4,0.130388,0.130388,-0.211689,-0.216291,1.94568,1.94392,-0.181296,-0.178308,0,0,0,0.00613592,0.751651,0.753185,
46308.5,0.130388,0.130388,-0.211689,-0.216291,1.94568,1.94392,-0.181296,-0.178308,0,0,0,0.00613592,0.751651,0.753185,
46328.5,0.130388,0.130388,-0.211689,-0.216291,1.94568,1.94392,-0.181296,-0.178308,0,0,0,0.00613592,0.751651,0.753185,
46348.4,0.130388,0.130388,-0.211689,-0.216291,1.94568,1.94392,-0.181296,-0.178308,0,0,0,0.00613592,0.751651,0.753185,
46368.4,0.130388,0.130388,-0.211689,-0.216291,1.94568,1.94392,-0.181296,-0.178308,0,0,0,0.00613592,0.751651,0.753185,
46388.4,0.130388,0.130388,-0.211689,-0.216291,1.94568,1.94392,-0.181296,-0.178308,0,0,0,0.00613592,0.751651,0.753185,
46408.4,0.130388,0.130388,-0.211689,-0.216291,1.94568,1.94392,-0.181296,-0.178308,0,-0.00153398,0,0.0076699,0.751651,0.753185,
46428.4,0.130388,0.130388,-0.211689,-0.216291,1.94568,1.94392,-0.181296,-0.178308,0,-0.00153398,0,0.0076699,0.751651,0.753185,
46448.4,0.130388,0.130388,-0.211689,-0.216291,1.94568,1.94392,-0.181296,-0.178308,0,-0.00153398,0,0.0076699,0.751651,0.753185,
46468.4,0.130388,0.130388,-0.211689,-0.216291,1.94568,1.94392,-0.181296,-0.178308,0,-0.00153398,0,0.0076699,0.751651,0.753185,
46488.5,0.130388,0.130388,-0.211689,-0.216291,1.94568,1.94392,-0.181296,-0.178308,0,-0.00153398,0,0.0076699,0.751651,0.753185,
46508.4,0.130388,0.130388,-0.211689,-0.214757,1.94568,1.94392,-0.181296,-0.178308,0,-0.00153398,0,0.00613592,0.751651,0.754719,
46528.4,0.130388,0.130388,-0.211689,-0.214757,1.94568,1.94392,-0.181296,-0.178308,0,-0.00153398,0,0.00613592,0.751651,0.754719,
46548.4,0.130388,0.130388,-0.211689,-0.214757,1.94568,1.94392,-0.181296,-0.178308,0,-0.00153398,0,0.00613592,0.751651,0.754719,
46568.4,0.130388,0.130388,-0.211689,-0.214757,1.94568,1.94392,-0.181296,-0.178308,0,-0.00153398,0,0.00613592,0.751651,0.754719,
46588.3,0.130388,0.130388,-0.211689,-0.214757,1.94568,1.94392,-0.181296,-0.178308,0,-0.00153398,0,0.00613592,0.751651,0.754719,
46608.4,0.130388,0.133456,-0.211689,-0.216291,1.94568,1.94392,-0.181296,-0.178308,0,-0.00153398,0,0.00613592,0.751651,0.754719,
46628.3,0.130388,0.133456,-0.211689,-0.216291,1.94568,1.94392,-0.181296,-0.178308,0,-0.00153398,0,0.00613592,0.751651,0.754719,
46648.4,0.130388,0.133456,-0.211689,-0.216291,1.94568,1.94392,-0.181296,-0.178308,0,-0.00153398,0,0.00613592,0.751651,0.754719,
46668.4,0.130388,0.133456,-0.211689,-0.216291,1.94568,1.94392,-0.181296,-0.178308,0,-0.00153398,0,0.00613592,0.751651,0.754719,
46688.4,0.130388,0.13499,-0.211689,-0.216291,1.94568,1.94392,-0.181296,-0.178308,0,-0.00306796,0,0.00613592,0.751651,0.753185,
46708.4,0.130388,0.13499,-0.211689,-0.216291,1.94568,1.94392,-0.181296,-0.178308,0,-0.00306796,0,0.00613592,0.751651,0.753185,
46728.4,0.130388,0.13499,-0.211689,-0.216291,1.94568,1.94392,-0.181296,-0.178308,0,-0.00306796,0,0.00613592,0.751651,0.753185,
46748.4,0.130388,0.13499,-0.211689,-0.216291,1.94568,1.94392,-0.181296,-0.178308,0,-0.00306796,0,0.00613592,0.751651,0.753185,
46768.4,0.130388,0.13499,-0.211689,-0.216291,1.94568,1.94392,-0.181296,-0.178308,0,-0.00306796,0,0.00613592,0.751651,0.753185,
46788.4,0.130388,0.13499,-0.211689,-0.216291,1.94568,1.94392,-0.181296,-0.178308,0,-0.00306796,0,0.00613592,0.751651,0.753185,
46808.3,0.130388,0.130388,-0.211689,-0.211689,1.94568,1.94392,-0.181296,-0.178308,0,-0.00460194,0,0.00613592,0.751651,0.753185,
46828.3,0.130388,0.130388,-0.211689,-0.211689,1.94568,1.94392,-0.181296,-0.178308,0,-0.00460194,0,0.00613592,0.751651,0.753185,
46848.4,0.130388,0.130388,-0.211689,-0.211689,1.94568,1.94392,-0.181296,-0.178308,0,-0.00460194,0,0.00613592,0.751651,0.753185,
46868.4,0.130388,0.130388,-0.211689,-0.211689,1.94568,1.94392,-0.181296,-0.178308,0,-0.00460194,0,0.00613592,0.751651,0.753185,
46888.4,0.130388,0.130388,-0.211689,-0.211689,1.94568,1.94392,-0.181296,-0.178308,0,-0.00460194,0,0.00613592,0.751651,0.753185,
46908.4,0.130388,0.12732,-0.211689,-0.207087,1.94568,1.94392,-0.181296,-0.179842,0,-0.00306796,0,0.00460194,0.751651,0.753185,
46928.3,0.130388,0.12732,-0.211689,-0.207087,1.94568,1.94392,-0.181296,-0.179842,0,-0.00306796,0,0.00460194,0.751651,0.753185,
46948.3,0.130388,0.12732,-0.211689,-0.207087,1.94568,1.94392,-0.181296,-0.179842,0,-0.00306796,0,0.00460194,0.751651,0.753185,
46968.3,0.130388,0.12732,-0.211689,-0.207087,1.94568,1.94392,-0.181296,-0.179842,0,-0.00306796,0,0.00460194,0.751651,0.753185,
46988.4,0.130388,0.12732,-0.211689,-0.207087,1.94568,1.94392,-0.181296,-0.179842,0,-0.00306796,0,0.00460194,0.751651,0.753185,
47008.8,0.130388,0.128854,-0.211689,-0.216291,1.94568,1.94545,-0.181296,-0.179842,0,-0.00460194,0,0.00460194,0.751651,0.754719,
47030.2,0.130388,0.128854,-0.211689,-0.216291,1.94568,1.94545,-0.181296,-0.179842,0,-0.00460194,0,0.00460194,0.751651,0.754719,
47048.4,0.130388,0.128854,-0.211689,-0.216291,1.94568,1.94545,-0.181296,-0.179842,0,-0.00460194,0,0.00460194,0.751651,0.754719,
47068.3,0.130388,0.128854,-0.211689,-0.216291,1.94568,1.94545,-0.181296,-0.179842,0,-0.00460194,0,0.00460194,0.751651,0.754719,
47088.3,0.130388,0.128854,-0.211689,-0.216291,1.94568,1.94545,-0.181296,-0.179842,0,-0.00460194,0,0.00460194,0.751651,0.754719,
47108.4,0.130388,0.133456,-0.211689,-0.217825,1.94568,1.94699,-0.181296,-0.181376,0,-0.00460194,0,0.00460194,0.751651,0.754719,
47128.4,0.130388,0.133456,-0.211689,-0.217825,1.94568,1.94699,-0.181296,-0.181376,0,-0.00460194,0,0.00460194,0.751651,0.754719,
47148.3,0.130388,0.133456,-0.211689,-0.217825,1.94568,1.94699,-0.181296,-0.181376,0,-0.00460194,0,0.00460194,0.751651,0.754719,
47168.4,0.130388,0.133456,-0.211689,-0.217825,1.94568,1.94699,-0.181296,-0.181376,0,-0.00460194,0,0.00460194,0.751651,0.754719,
47188.3,0.130388,0.133456,-0.211689,-0.217825,1.94568,1.94699,-0.181296,-0.181376,0,-0.00460194,0,0.00460194,0.751651,0.754719,
47208.3,0.130388,0.133456,-0.211689,-0.211689,1.94568,1.94545,-0.181296,-0.179842,0,-0.00460194,0,0.00460194,0.751651,0.753185,
47228.3,0.130388,0.133456,-0.211689,-0.211689,1.94568,1.94545,-0.181296,-0.179842,0,-0.00460194,0,0.00460194,0.751651,0.753185,
47248.4,0.130388,0.133456,-0.211689,-0.211689,1.94568,1.94545,-0.181296,-0.179842,0,-0.00460194,0,0.00460194,0.751651,0.753185,
47268.4,0.130388,0.133456,-0.211689,-0.211689,1.94568,1.94545,-0.181296,-0.179842,0,-0.00460194,0,0.00460194,0.751651,0.753185,
47288.4,0.130388,0.133456,-0.211689,-0.211689,1.94568,1.94545,-0.181296,-0.179842,0,-0.00460194,0,0.00460194,0.751651,0.753185,
47308.4,0.130388,0.125786,-0.211689,-0.214757,1.94568,1.94545,-0.181296,-0.179842,0,-0.00306796,0,0.00460194,0.751651,0.754719,
47328.4,0.130388,0.125786,-0.211689,-0.214757,1.94568,1.94545,-0.181296,-0.179842,0,-0.00306796,0,0.00460194,0.751651,0.754719,
47348.4,0.130388,0.125786,-0.211689,-0.214757,1.94568,1.94545,-0.181296,-0.179842,0,-0.00306796,0,0.00460194,0.751651,0.754719,
47368.4,0.130388,0.125786,-0.211689,-0.214757,1.94568,1.94545,-0.181296,-0.179842,0,-0.00306796,0,0.00460194,0.751651,0.754719,
47388.4,0.130388,0.125786,-0.211689,-0.214757,1.94568,1.94545,-0.181296,-0.179842,0,-0.00306796,0,0.00460194,0.751651,0.754719,
47408.3,0.130388,0.12732,-0.211689,-0.208621,1.94568,1.94545,-0.181296,-0.179842,0,-0.00460194,0,0.00306796,0.751651,0.753185,
47428.4,0.130388,0.12732,-0.211689,-0.208621,1.94568,1.94545,-0.181296,-0.179842,0,-0.00460194,0,0.00306796,0.751651,0.753185,
47448.4,0.130388,0.12732,-0.211689,-0.208621,1.94568,1.94545,-0.181296,-0.179842,0,-0.00460194,0,0.00306796,0.751651,0.753185,
47468.4,0.130388,0.12732,-0.211689,-0.208621,1.94568,1.94545,-0.181296,-0.179842,0,-0.00460194,0,0.00306796,0.751651,0.753185,
47488.4,0.130388,0.131922,-0.211689,-0.214757,1.94568,1.94545,-0.181296,-0.181376,0,-0.00460194,0,0.00460194,0.751651,0.754719,
47508.4,0.130388,0.131922,-0.211689,-0.214757,1.94568,1.94545,-0.181296,-0.181376,0,-0.00460194,0,0.00460194,0.751651,0.754719,
47528.3,0.130388,0.131922,-0.211689,-0.214757,1.94568,1.94545,-0.181296,-0.181376,0,-0.00460194,0,0.00460194,0.751651,0.754719,
47548.3,0.130388,0.131922,-0.211689,-0.214757,1.94568,1.94545,-0.181296,-0.181376,0,-0.00460194,0,0.00460194,0.751651,0.754719,
47568.4,0.130388,0.131922,-0.211689,-0.214757,1.94568,1.94545,-0.181296,-0.181376,0,-0.00460194,0,0.00460194,0.751651,0.754719,
47588.4,0.130388,0.131922,-0.211689,-0.214757,1.94568,1.94545,-0.181296,-0.181376,0,-0.00460194,0,0.00460194,0.751651,0.754719,
47608.3,0.130388,0.131922,-0.211689,-0.214757,1.94568,1.94545,-0.181296,-0.179842,0,-0.00460194,0,0.00460194,0.751651,0.753185,
47628.4,0.130388,0.131922,-0.211689,-0.214757,1.94568,1.94545,-0.181296,-0.179842,0,-0.00460194,0,0.00460194,0.751651,0.753185,
47648.4,0.130388,0.131922,-0.211689,-0.214757,1.94568,1.94545,-0.181296,-0.179842,0,-0.00460194,0,0.00460194,0.751651,0.753185,
47668.3,0.130388,0.131922,-0.211689,-0.214757,1.94568,1.94545,-0.181296,-0.179842,0,-0.00460194,0,0.00460194,0.751651,0.753185,
47688.4,0.130388,0.131922,-0.211689,-0.214757,1.94568,1.94545,-0.181296,-0.179842,0,-0.00460194,0,0.00460194,0.751651,0.753185,
47708.4,0.130388,0.131922,-0.211689,-0.213223,1.94568,1.94545,-0.181296,-0.181376,0,-0.00306796,0,0.00460194,0.751651,0.753185,
47728.4,0.130388,0.131922,-0.211689,-0.213223,1.94568,1.94545,-0.181296,-0.181376,0,-0.00306796,0,0.00460194,0.751651,0.753185,
47748.4,0.130388,0.131922,-0.211689,-0.213223,1.94568,1.94545,-0.181296,-0.181376,0,-0.00306796,0,0.00460194,0.751651,0.753185,
47768.4,0.130388,0.131922,-0.211689,-0.213223,1.94568,1.94545,-0.181296,-0.181376,0,-0.00306796,0,0.00460194,0.751651,0.753185,
47788.4,0.130388,0.131922,-0.211689,-0.213223,1.94568,1.94545,-0.181296,-0.181376,0,-0.00306796,0,0.00460194,0.751651,0.753185,
47808.4,0.130388,0.130388,-0.211689,-0.213223,1.94568,1.94545,-0.181296,-0.179842,0,-0.00306796,0,0.00460194,0.751651,0.753185,
47828.5,0.130388,0.130388,-0.211689,-0.213223,1.94568,1.94545,-0.181296,-0.179842,0,-0.00306796,0,0.00460194,0.751651,0.753185,
47848.3,0.130388,0.130388,-0.211689,-0.213223,1.94568,1.94545,-0.181296,-0.179842,0,-0.00306796,0,0.00460194,0.751651,0.753185,
47868.4,0.130388,0.130388,-0.211689,-0.213223,1.94568,1.94545,-0.181296,-0.179842,0,-0.00306796,0,0.00460194,0.751651,0.753185,
47888.4,0.130388,0.130388,-0.211689,-0.214757,1.94568,1.94545,-0.181296,-0.179842,0,-0.00306796,0,0.00460194,0.751651,0.753185,
47908.5,0.130388,0.130388,-0.211689,-0.214757,1.94568,1.94545,-0.181296,-0.179842,0,-0.00306796,0,0.00460194,0.751651,0.753185,
47928.4,0.130388,0.130388,-0.211689,-0.214757,1.94568,1.94545,-0.181296,-0.179842,0,-0.00306796,0,0.00460194,0.751651,0.753185,
47948.4,0.130388,0.130388,-0.211689,-0.214757,1.94568,1.94545,-0.181296,-0.179842,0,-0.00306796,0,0.00460194,0.751651,0.753185,
47968.5,0.130388,0.130388,-0.211689,-0.214757,1.94568,1.94545,-0.181296,-0.179842,0,-0.00306796,0,0.00460194,0.751651,0.753185,
47988.4,0.130388,0.130388,-0.211689,-0.214757,1.94568,1.94545,-0.181296,-0.179842,0,-0.00306796,0,0.00460194,0.751651,0.753185,
48008.4,0.130388,0.130388,-0.211689,-0.214757,1.94568,1.94545,-0.181296,-0.179842,0,-0.00306796,0,0.00460194,0.751651,0.753185,
48028.4,0.130388,0.131922,-0.211689,-0.214757,1.94568,1.94545,-0.181296,-0.179842,0,-0.00306796,0,0.00460194,0.751651,0.754719,
48048.4,0.130388,0.131922,-0.211689,-0.214757,1.94568,1.94545,-0.181296,-0.179842,0,-0.00306796,0,0.00460194,0.751651,0.754719,
48068.3,0.130388,0.131922,-0.211689,-0.214757,1.94568,1.94545,-0.181296,-0.179842,0,-0.00306796,0,0.00460194,0.751651,0.754719,
48088.4,0.130388,0.131922,-0.211689,-0.214757,1.94568,1.94545,-0.181296,-0.179842,0,-0.00306796,0,0.00460194,0.751651,0.754719,
48108.3,0.130388,0.130388,-0.211689,-0.213223,1.94568,1.94545,-0.181296,-0.179842,0,-0.00306796,0,0.00460194,0.751651,0.753185,
48128.4,0.130388,0.130388,-0.211689,-0.213223,1.94568,1.94545,-0.181296,-0.179842,0,-0.00306796,0,0.00460194,0.751651,0.753185,
48148.4,0.130388,0.130388,-0.211689,-0.213223,1.94568,1.94545,-0.181296,-0.179842,0,-0.00306796,0,0.00460194,0.751651,0.753185,
48168.5,0.130388,0.130388,-0.211689,-0.213223,1.94568,1.94545,-0.181296,-0.179842,0,-0.00306796,0,0.00460194,0.751651,0.753185,
48188.3,0.130388,0.130388,-0.211689,-0.214757,1.94568,1.94545,-0.181296,-0.179842,0,-0.00306796,0,0.00460194,0.751651,0.754719,
48208.5,0.130388,0.130388,-0.211689,-0.214757,1.94568,1.94545,-0.181296,-0.179842,0,-0.00306796,0,0.00460194,0.751651,0.754719,
48228.3,0.130388,0.130388,-0.211689,-0.214757,1.94568,1.94545,-0.181296,-0.179842,0,-0.00306796,0,0.00460194,0.751651,0.754719,
48248.4,0.130388,0.130388,-0.211689,-0.214757,1.94568,1.94545,-0.181296,-0.179842,0,-0.00306796,0,0.00460194,0.751651,0.754719,
48268.5,0.130388,0.130388,-0.211689,-0.214757,1.94568,1.94545,-0.181296,-0.179842,0,-0.00306796,0,0.00460194,0.751651,0.754719,
48288.4,0.130388,0.130388,-0.211689,-0.214757,1.94568,1.94545,-0.181296,-0.179842,0,-0.00306796,0,0.00460194,0.751651,0.753185,
48308.5,0.130388,0.130388,-0.211689,-0.214757,1.94568,1.94545,-0.181296,-0.179842,0,-0.00306796,0,0.00460194,0.751651,0.753185,
48328.4,0.130388,0.130388,-0.211689,-0.214757,1.94568,1.94545,-0.181296,-0.179842,0,-0.00306796,0,0.00460194,0.751651,0.753185,
48348.4,0.130388,0.130388,-0.211689,-0.214757,1.94568,1.94545,-0.181296,-0.179842,0,-0.00306796,0,0.00460194,0.751651,0.753185,
48368.4,0.130388,0.130388,-0.211689,-0.214757,1.94568,1.94545,-0.181296,-0.179842,0,-0.00306796,0,0.00460194,0.751651,0.753185,
48388.5,0.130388,0.130388,-0.211689,-0.214757,1.94568,1.94545,-0.181296,-0.179842,0,-0.00306796,0,0.00460194,0.751651,0.753185,
48408.4,0.130388,0.130388,-0.211689,-0.213223,1.94568,1.94545,-0.181296,-0.179842,0,-0.00306796,0,0.00460194,0.751651,0.753185,
48428.4,0.130388,0.130388,-0.211689,-0.213223,1.94568,1.94545,-0.181296,-0.179842,0,-0.00306796,0,0.00460194,0.751651,0.753185,
48448.3,0.130388,0.130388,-0.211689,-0.213223,1.94568,1.94545,-0.181296,-0.179842,0,-0.00306796,0,0.00460194,0.751651,0.753185,
48468.4,0.130388,0.130388,-0.211689,-0.213223,1.94568,1.94545,-0.181296,-0.179842,0,-0.00306796,0,0.00460194,0.751651,0.753185,
48488.4,0.130388,0.130388,-0.211689,-0.213223,1.94568,1.94545,-0.181296,-0.179842,0,-0.00306796,0,0.00460194,0.751651,0.753185,
48508.3,0.130388,0.130388,-0.211689,-0.213223,1.94568,1.94545,-0.181296,-0.179842,0,-0.00153398,0,0.00460194,0.751651,0.754719,
48528.5,0.130388,0.130388,-0.211689,-0.213223,1.94568,1.94545,-0.181296,-0.179842,0,-0.00153398,0,0.00460194,0.751651,0.754719,
48548.4,0.130388,0.130388,-0.211689,-0.213223,1.94568,1.94545,-0.181296,-0.179842,0,-0.00153398,0,0.00460194,0.751651,0.754719,
48568.4,0.130388,0.130388,-0.211689,-0.213223,1.94568,1.94545,-0.181296,-0.179842,0,-0.00153398,0,0.00460194,0.751651,0.754719,
48588.4,0.130388,0.130388,-0.211689,-0.213223,1.94568,1.94545,-0.181296,-0.179842,0,-0.00153398,0,0.00460194,0.751651,0.754719,
48608.5,0.130388,0.130388,-0.211689,-0.214757,1.94568,1.94545,-0.181296,-0.179842,0,-0.00153398,0,0.00460194,0.751651,0.753185,
48628.4,0.130388,0.130388,-0.211689,-0.214757,1.94568,1.94545,-0.181296,-0.179842,0,-0.00153398,0,0.00460194,0.751651,0.753185,
48648.3,0.130388,0.130388,-0.211689,-0.214757,1.94568,1.94545,-0.181296,-0.179842,0,-0.00153398,0,0.00460194,0.751651,0.753185,
48668.3,0.130388,0.130388,-0.211689,-0.214757,1.94568,1.94545,-0.181296,-0.179842,0,-0.00153398,0,0.00460194,0.751651,0.753185,
48688.5,0.130388,0.130388,-0.211689,-0.213223,1.94568,1.94545,-0.181296,-0.179842,0,-0.00153398,0,0.00460194,0.751651,0.754719,
48708.5,0.130388,0.130388,-0.211689,-0.213223,1.94568,1.94545,-0.181296,-0.179842,0,-0.00153398,0,0.00460194,0.751651,0.754719,
48728.5,0.130388,0.130388,-0.211689,-0.213223,1.94568,1.94545,-0.181296,-0.179842,0,-0.00153398,0,0.00460194,0.751651,0.754719,
48748.5,0.130388,0.130388,-0.211689,-0.213223,1.94568,1.94545,-0.181296,-0.179842,0,-0.00153398,0,0.00460194,0.751651,0.754719,
48768.5,0.130388,0.130388,-0.211689,-0.213223,1.94568,1.94545,-0.181296,-0.179842,0,-0.00153398,0,0.00460194,0.751651,0.754719,
48788.5,0.130388,0.130388,-0.211689,-0.213223,1.94568,1.94545,-0.181296,-0.179842,0,-0.00153398,0,0.00460194,0.751651,0.754719,
48808.5,0.130388,0.130388,-0.211689,-0.213223,1.94568,1.94545,-0.181296,-0.181376,0,-0.00153398,0,0.00460194,0.751651,0.753185,
48828.4,0.130388,0.130388,-0.211689,-0.213223,1.94568,1.94545,-0.181296,-0.181376,0,-0.00153398,0,0.00460194,0.751651,0.753185,
48848.5,0.130388,0.130388,-0.211689,-0.213223,1.94568,1.94545,-0.181296,-0.181376,0,-0.00153398,0,0.00460194,0.751651,0.753185,
48868.4,0.130388,0.130388,-0.211689,-0.213223,1.94568,1.94545,-0.181296,-0.181376,0,-0.00153398,0,0.00460194,0.751651,0.753185,
48888.5,0.130388,0.130388,-0.211689,-0.213223,1.94568,1.94545,-0.181296,-0.181376,0,-0.00153398,0,0.00460194,0.751651,0.753185,
48908.4,0.130388,0.130388,-0.211689,-0.213223,1.94568,1.94545,-0.181296,-0.179842,0,-0.00153398,0,0.00460194,0.751651,0.754719,
48928.5,0.130388,0.130388,-0.211689,-0.213223,1.94568,1.94545,-0.181296,-0.179842,0,-0.00153398,0,0.00460194,0.751651,0.754719,
48948.5,0.130388,0.130388,-0.211689,-0.213223,1.94568,1.94545,-0.181296,-0.179842,0,-0.00153398,0,0.00460194,0.751651,0.754719,
48968.4,0.130388,0.130388,-0.211689,-0.213223,1.94568,1.94545,-0.181296,-0.179842,0,-0.00153398,0,0.00460194,0.751651,0.754719,
48988.4,0.130388,0.130388,-0.211689,-0.213223,1.94568,1.94545,-0.181296,-0.179842,0,-0.00153398,0,0.00460194,0.751651,0.754719,
49008.5,0.130388,0.130388,-0.211689,-0.214757,1.94568,1.94545,-0.181296,-0.179842,0,-0.00153398,0,0.00460194,0.751651,0.754719,
49028.4,0.130388,0.130388,-0.211689,-0.214757,1.94568,1.94545,-0.181296,-0.179842,0,-0.00153398,0,0.00460194,0.751651,0.754719,
49048.4,0.130388,0.130388,-0.211689,-0.214757,1.94568,1.94545,-0.181296,-0.179842,0,-0.00153398,0,0.00460194,0.751651,0.754719,
49068.4,0.130388,0.130388,-0.211689,-0.214757,1.94568,1.94545,-0.181296,-0.179842,0,-0.00153398,0,0.00460194,0.751651,0.754719,
49088.4,0.130388,0.130388,-0.211689,-0.214757,1.94568,1.94545,-0.181296,-0.179842,0,-0.00153398,0,0.00460194,0.751651,0.754719,
49108.4,0.130388,0.128854,-0.211689,-0.213223,1.94568,1.94545,-0.181296,-0.179842,0,-0.00153398,0,0.00460194,0.751651,0.754719,
49128.4,0.130388,0.128854,-0.211689,-0.213223,1.94568,1.94545,-0.181296,-0.179842,0,-0.00153398,0,0.00460194,0.751651,0.754719,
49148.4,0.130388,0.128854,-0.211689,-0.213223,1.94568,1.94545,-0.181296,-0.179842,0,-0.00153398,0,0.00460194,0.751651,0.754719,
49168.4,0.130388,0.128854,-0.211689,-0.213223,1.94568,1.94545,-0.181296,-0.179842,0,-0.00153398,0,0.00460194,0.751651,0.754719,
49188.4,0.130388,0.128854,-0.211689,-0.213223,1.94568,1.94545,-0.181296,-0.179842,0,-0.00153398,0,0.00460194,0.751651,0.754719,
49208.4,0.130388,0.128854,-0.211689,-0.214757,1.94568,1.94545,-0.181296,-0.179842,0,-0.00153398,0,0.00460194,0.751651,0.753185,
49228.4,0.130388,0.128854,-0.211689,-0.214757,1.94568,1.94545,-0.181296,-0.179842,0,-0.00153398,0,0.00460194,0.751651,0.753185,
49248.4,0.130388,0.128854,-0.211689,-0.214757,1.94568,1.94545,-0.181296,-0.179842,0,-0.00153398,0,0.00460194,0.751651,0.753185,
49268.4,0.130388,0.128854,-0.211689,-0.214757,1.94568,1.94545,-0.181296,-0.179842,0,-0.00153398,0,0.00460194,0.751651,0.753185,
49288.4,0.130388,0.128854,-0.211689,-0.214757,1.94568,1.94545,-0.181296,-0.179842,0,-0.00153398,0,0.00460194,0.751651,0.753185,
49308.5,0.130388,0.128854,-0.211689,-0.213223,1.94568,1.94545,-0.181296,-0.179842,0,-0.00153398,0,0.00460194,0.751651,0.754719,
49328.4,0.130388,0.128854,-0.211689,-0.213223,1.94568,1.94545,-0.181296,-0.179842,0,-0.00153398,0,0.00460194,0.751651,0.754719,
49348.3,0.130388,0.128854,-0.211689,-0.213223,1.94568,1.94545,-0.181296,-0.179842,0,-0.00153398,0,0.00460194,0.751651,0.754719,
49368.4,0.130388,0.128854,-0.211689,-0.213223,1.94568,1.94545,-0.181296,-0.179842,0,-0.00153398,0,0.00460194,0.751651,0.754719,
49388.4,0.130388,0.128854,-0.211689,-0.213223,1.94568,1.94545,-0.181296,-0.179842,0,-0.00153398,0,0.00460194,0.751651,0.754719,
49408.4,0.130388,0.128854,-0.211689,-0.213223,1.94568,1.94545,-0.181296,-0.179842,0,-0.00153398,0,0.00460194,0.751651,0.754719,
49428.4,0.130388,0.128854,-0.211689,-0.213223,1.94568,1.94545,-0.181296,-0.179842,0,-0.00153398,0,0.00460194,0.751651,0.754719,
49448.4,0.130388,0.128854,-0.211689,-0.213223,1.94568,1.94545,-0.181296,-0.179842,0,-0.00153398,0,0.00460194,0.751651,0.754719,
49468.4,0.130388,0.128854,-0.211689,-0.213223,1.94568,1.94545,-0.181296,-0.179842,0,-0.00153398,0,0.00460194,0.751651,0.754719,
49488.4,0.130388,0.128854,-0.211689,-0.213223,1.94568,1.94545,-0.181296,-0.179842,0,-0.00153398,0,0.00460194,0.751651,0.753185,
49508.4,0.130388,0.128854,-0.211689,-0.213223,1.94568,1.94545,-0.181296,-0.179842,0,-0.00153398,0,0.00460194,0.751651,0.753185,
49528.4,0.130388,0.128854,-0.211689,-0.213223,1.94568,1.94545,-0.181296,-0.179842,0,-0.00153398,0,0.00460194,0.751651,0.753185,
49548.3,0.130388,0.128854,-0.211689,-0.213223,1.94568,1.94545,-0.181296,-0.179842,0,-0.00153398,0,0.00460194,0.751651,0.753185,
49568.3,0.130388,0.128854,-0.211689,-0.213223,1.94568,1.94545,-0.181296,-0.179842,0,-0.00153398,0,0.00460194,0.751651,0.753185,
49588.4,0.130388,0.128854,-0.211689,-0.213223,1.94568,1.94545,-0.181296,-0.179842,0,-0.00153398,0,0.00460194,0.751651,0.753185,
49608.4,0.130388,0.128854,-0.211689,-0.213223,1.94568,1.94545,-0.181296,-0.181376,0,-0.00153398,0,0.00460194,0.751651,0.754719,
49628.4,0.130388,0.128854,-0.211689,-0.213223,1.94568,1.94545,-0.181296,-0.181376,0,-0.00153398,0,0.00460194,0.751651,0.754719,
49648.4,0.130388,0.128854,-0.211689,-0.213223,1.94568,1.94545,-0.181296,-0.181376,0,-0.00153398,0,0.00460194,0.751651,0.754719,
49668.5,0.130388,0.128854,-0.211689,-0.213223,1.94568,1.94545,-0.181296,-0.181376,0,-0.00153398,0,0.00460194,0.751651,0.754719,
49688.4,0.130388,0.128854,-0.211689,-0.213223,1.94568,1.94545,-0.181296,-0.181376,0,-0.00153398,0,0.00460194,0.751651,0.754719,
49708.6,0.130388,0.128854,-0.211689,-0.213223,1.94568,1.94545,-0.181296,-0.179842,0,-0.00153398,0,0.00460194,0.751651,0.754719,
49728.4,0.130388,0.128854,-0.211689,-0.213223,1.94568,1.94545,-0.181296,-0.179842,0,-0.00153398,0,0.00460194,0.751651,0.754719,
49748.3,0.130388,0.128854,-0.211689,-0.213223,1.94568,1.94545,-0.181296,-0.179842,0,-0.00153398,0,0.00460194,0.751651,0.754719,
49768.4,0.130388,0.128854,-0.211689,-0.213223,1.94568,1.94545,-0.181296,-0.179842,0,-0.00153398,0,0.00460194,0.751651,0.754719,
49788.4,0.130388,0.128854,-0.211689,-0.213223,1.94568,1.94545,-0.181296,-0.179842,0,-0.00153398,0,0.00460194,0.751651,0.754719,
49808.4,0.130388,0.130388,-0.211689,-0.213223,1.94568,1.94545,-0.181296,-0.179842,0,-0.00153398,0,0.00460194,0.751651,0.754719,
49828.4,0.130388,0.130388,-0.211689,-0.213223,1.94568,1.94545,-0.181296,-0.179842,0,-0.00153398,0,0.00460194,0.751651,0.754719,
49848.4,0.130388,0.130388,-0.211689,-0.213223,1.94568,1.94545,-0.181296,-0.179842,0,-0.00153398,0,0.00460194,0.751651,0.754719,
49868.4,0.130388,0.130388,-0.211689,-0.213223,1.94568,1.94545,-0.181296,-0.179842,0,-0.00153398,0,0.00460194,0.751651,0.754719,
49888.5,0.130388,0.130388,-0.211689,-0.213223,1.94568,1.94545,-0.181296,-0.179842,0,-0.00153398,0,0.00460194,0.751651,0.754719,
49908.4,0.130388,0.128854,-0.211689,-0.213223,1.94568,1.94545,-0.181296,-0.179842,0,-0.00153398,0,0.00460194,0.751651,0.754719,
49928.3,0.130388,0.128854,-0.211689,-0.213223,1.94568,1.94545,-0.181296,-0.179842,0,-0.00153398,0,0.00460194,0.751651,0.754719,
49948.4,0.130388,0.128854,-0.211689,-0.213223,1.94568,1.94545,-0.181296,-0.179842,0,-0.00153398,0,0.00460194,0.751651,0.754719,
49968.4,0.130388,0.128854,-0.211689,-0.213223,1.94568,1.94545,-0.181296,-0.179842,0,-0.00153398,0,0.00460194,0.751651,0.754719,
49988.3,0.130388,0.128854,-0.211689,-0.213223,1.94568,1.94545,-0.181296,-0.179842,0,-0.00153398,0,0.00460194,0.751651,0.754719,
50008.3,0.130388,0.130388,-0.211689,-0.213223,1.94568,1.94545,-0.181296,-0.179842,0,-0.00153398,0,0.00460194,0.751651,0.754719,
50028.4,0.130388,0.130388,-0.211689,-0.213223,1.94568,1.94545,-0.181296,-0.179842,0,-0.00153398,0,0.00460194,0.751651,0.754719,
50048.4,0.130388,0.130388,-0.211689,-0.213223,1.94568,1.94545,-0.181296,-0.179842,0,-0.00153398,0,0.00460194,0.751651,0.754719,
50068.4,0.130388,0.130388,-0.211689,-0.213223,1.94568,1.94545,-0.181296,-0.179842,0,-0.00153398,0,0.00460194,0.751651,0.754719,
50088.4,0.130388,0.130388,-0.211689,-0.213223,1.94568,1.94545,-0.181296,-0.179842,0,-0.00153398,0,0.00460194,0.751651,0.754719,
50108.4,0.130388,0.130388,-0.211689,-0.213223,1.94568,1.94545,-0.181296,-0.179842,0,-0.00153398,0,0.00460194,0.751651,0.754719,
50128.4,0.130388,0.130388,-0.211689,-0.213223,1.94568,1.94545,-0.181296,-0.179842,0,-0.00153398,0,0.00460194,0.751651,0.754719,
50148.4,0.130388,0.130388,-0.211689,-0.213223,1.94568,1.94545,-0.181296,-0.179842,0,-0.00153398,0,0.00460194,0.751651,0.754719,
50168.4,0.130388,0.130388,-0.211689,-0.213223,1.94568,1.94545,-0.181296,-0.179842,0,-0.00153398,0,0.00460194,0.751651,0.754719,
50188.4,0.130388,0.130388,-0.211689,-0.213223,1.94568,1.94545,-0.181296,-0.179842,0,-0.00153398,0,0.00460194,0.751651,0.753185,
50208.3,0.130388,0.130388,-0.211689,-0.213223,1.94568,1.94545,-0.181296,-0.179842,0,-0.00153398,0,0.00460194,0.751651,0.753185,
50228.4,0.130388,0.130388,-0.211689,-0.213223,1.94568,1.94545,-0.181296,-0.179842,0,-0.00153398,0,0.00460194,0.751651,0.753185,
50248.3,0.130388,0.130388,-0.211689,-0.213223,1.94568,1.94545,-0.181296,-0.179842,0,-0.00153398,0,0.00460194,0.751651,0.753185,
50268.4,0.130388,0.130388,-0.211689,-0.213223,1.94568,1.94545,-0.181296,-0.179842,0,-0.00153398,0,0.00460194,0.751651,0.753185,
50288.4,0.130388,0.130388,-0.211689,-0.213223,1.94568,1.94545,-0.181296,-0.179842,0,-0.00153398,0,0.00460194,0.751651,0.753185,
50308.4,0.130388,0.130388,-0.211689,-0.213223,1.94568,1.94545,-0.181296,-0.179842,0,-0.00153398,0,0.00460194,0.751651,0.754719,
50328.4,0.130388,0.130388,-0.211689,-0.213223,1.94568,1.94545,-0.181296,-0.179842,0,-0.00153398,0,0.00460194,0.751651,0.754719,
50348.3,0.130388,0.130388,-0.211689,-0.213223,1.94568,1.94545,-0.181296,-0.179842,0,-0.00153398,0,0.00460194,0.751651,0.754719,
50368.4,0.130388,0.130388,-0.211689,-0.213223,1.94568,1.94545,-0.181296,-0.179842,0,-0.00153398,0,0.00460194,0.751651,0.754719,
50388.5,0.130388,0.130388,-0.211689,-0.213223,1.94568,1.94545,-0.181296,-0.179842,0,-0.00153398,0,0.00460194,0.751651,0.754719,
50408.4,0.130388,0.128854,-0.211689,-0.213223,1.94568,1.94545,-0.181296,-0.179842,0,-0.00153398,0,0.00460194,0.751651,0.753185,
50428.4,0.130388,0.128854,-0.211689,-0.213223,1.94568,1.94545,-0.181296,-0.179842,0,-0.00153398,0,0.00460194,0.751651,0.753185,
50448.4,0.130388,0.128854,-0.211689,-0.213223,1.94568,1.94545,-0.181296,-0.179842,0,-0.00153398,0,0.00460194,0.751651,0.753185,
50468.4,0.130388,0.128854,-0.211689,-0.213223,1.94568,1.94545,-0.181296,-0.179842,0,-0.00153398,0,0.00460194,0.751651,0.753185,
50488.4,0.130388,0.128854,-0.211689,-0.213223,1.94568,1.94545,-0.181296,-0.179842,0,-0.00153398,0,0.00460194,0.751651,0.753185,
50508.5,0.130388,0.128854,-0.211689,-0.214757,1.94568,1.94545,-0.181296,-0.179842,0,-0.00153398,0,0.00460194,0.751651,0.753185,
50528.4,0.130388,0.128854,-0.211689,-0.214757,1.94568,1.94545,-0.181296,-0.179842,0,-0.00153398,0,0.00460194,0.751651,0.753185,
50548.4,0.130388,0.128854,-0.211689,-0.214757,1.94568,1.94545,-0.181296,-0.179842,0,-0.00153398,0,0.00460194,0.751651,0.753185,
50568.4,0.130388,0.128854,-0.211689,-0.214757,1.94568,1.94545,-0.181296,-0.179842,0,-0.00153398,0,0.00460194,0.751651,0.753185,
50588.4,0.130388,0.128854,-0.211689,-0.214757,1.94568,1.94545,-0.181296,-0.179842,0,-0.00153398,0,0.00460194,0.751651,0.753185,
50608.5,0.130388,0.128854,-0.211689,-0.213223,1.94568,1.94545,-0.181296,-0.179842,0,-0.00153398,0,0.00460194,0.751651,0.754719,
50628.4,0.130388,0.128854,-0.211689,-0.213223,1.94568,1.94545,-0.181296,-0.179842,0,-0.00153398,0,0.00460194,0.751651,0.754719,
50648.4,0.130388,0.128854,-0.211689,-0.213223,1.94568,1.94545,-0.181296,-0.179842,0,-0.00153398,0,0.00460194,0.751651,0.754719,
50668.4,0.130388,0.128854,-0.211689,-0.213223,1.94568,1.94545,-0.181296,-0.179842,0,-0.00153398,0,0.00460194,0.751651,0.754719,
50688.5,0.130388,0.128854,-0.211689,-0.213223,1.94568,1.94545,-0.181296,-0.179842,0,-0.00153398,0,0.00460194,0.751651,0.754719,
50708.4,0.130388,0.130388,-0.211689,-0.213223,1.94568,1.94545,-0.181296,-0.179842,0,-0.00153398,0,0.00460194,0.751651,0.754719,
50728.4,0.130388,0.130388,-0.211689,-0.213223,1.94568,1.94545,-0.181296,-0.179842,0,-0.00153398,0,0.00460194,0.751651,0.754719,
50748.4,0.130388,0.130388,-0.211689,-0.213223,1.94568,1.94545,-0.181296,-0.179842,0,-0.00153398,0,0.00460194,0.751651,0.754719,
50768.5,0.130388,0.130388,-0.211689,-0.213223,1.94568,1.94545,-0.181296,-0.179842,0,-0.00153398,0,0.00460194,0.751651,0.754719,
50788.4,0.130388,0.130388,-0.211689,-0.213223,1.94568,1.94545,-0.181296,-0.179842,0,-0.00153398,0,0.00460194,0.751651,0.754719,
50808.4,0.130388,0.128854,-0.211689,-0.213223,1.94568,1.94545,-0.181296,-0.179842,0,-0.00153398,0,0.00460194,0.751651,0.753185,
50828.4,0.130388,0.128854,-0.211689,-0.213223,1.94568,1.94545,-0.181296,-0.179842,0,-0.00153398,0,0.00460194,0.751651,0.753185,
50848.3,0.130388,0.128854,-0.211689,-0.213223,1.94568,1.94545,-0.181296,-0.179842,0,-0.00153398,0,0.00460194,0.751651,0.753185,
50868.4,0.130388,0.128854,-0.211689,-0.213223,1.94568,1.94545,-0.181296,-0.179842,0,-0.00153398,0,0.00460194,0.751651,0.753185,
50888.4,0.130388,0.128854,-0.211689,-0.213223,1.94568,1.94545,-0.181296,-0.179842,0,-0.00153398,0,0.00460194,0.751651,0.753185,
50908.3,0.130388,0.128854,-0.211689,-0.214757,1.94568,1.94545,-0.181296,-0.179842,0,-0.00153398,0,0.00460194,0.751651,0.753185,
50928.4,0.130388,0.128854,-0.211689,-0.214757,1.94568,1.94545,-0.181296,-0.179842,0,-0.00153398,0,0.00460194,0.751651,0.753185,
50948.4,0.130388,0.128854,-0.211689,-0.214757,1.94568,1.94545,-0.181296,-0.179842,0,-0.00153398,0,0.00460194,0.751651,0.753185,
50968.4,0.130388,0.128854,-0.211689,-0.214757,1.94568,1.94545,-0.181296,-0.179842,0,-0.00153398,0,0.00460194,0.751651,0.753185,
50988.4,0.130388,0.128854,-0.211689,-0.214757,1.94568,1.94545,-0.181296,-0.179842,0,-0.00153398,0,0.00460194,0.751651,0.753185,
51008.4,0.130388,0.128854,-0.211689,-0.213223,1.94568,1.94545,-0.181296,-0.179842,0,-0.00153398,0,0.00460194,0.751651,0.753185,
51028.4,0.130388,0.128854,-0.211689,-0.213223,1.94568,1.94545,-0.181296,-0.179842,0,-0.00153398,0,0.00460194,0.751651,0.753185,
51048.4,0.130388,0.128854,-0.211689,-0.213223,1.94568,1.94545,-0.181296,-0.179842,0,-0.00153398,0,0.00460194,0.751651,0.753185,
51068.4,0.130388,0.128854,-0.211689,-0.213223,1.94568,1.94545,-0.181296,-0.179842,0,-0.00153398,0,0.00460194,0.751651,0.753185,
51088.4,0.130388,0.128854,-0.211689,-0.213223,1.94568,1.94545,-0.181296,-0.179842,0,-0.00153398,0,0.00460194,0.751651,0.753185,
51108.4,0.130388,0.128854,-0.211689,-0.213223,1.94568,1.94545,-0.181296,-0.179842,0,-0.00153398,0,0.00460194,0.751651,0.754719,
51128.5,0.130388,0.128854,-0.211689,-0.213223,1.94568,1.94545,-0.181296,-0.179842,0,-0.00153398,0,0.00460194,0.751651,0.754719,
51148.5,0.130388,0.128854,-0.211689,-0.213223,1.94568,1.94545,-0.181296,-0.179842,0,-0.00153398,0,0.00460194,0.751651,0.754719,
51168.4,0.130388,0.128854,-0.211689,-0.213223,1.94568,1.94545,-0.181296,-0.179842,0,-0.00153398,0,0.00460194,0.751651,0.754719,
51188.4,0.130388,0.128854,-0.211689,-0.213223,1.94568,1.94545,-0.181296,-0.179842,0,-0.00153398,0,0.00460194,0.751651,0.754719,
51208.5,0.130388,0.128854,-0.211689,-0.213223,1.94568,1.94545,-0.181296,-0.179842,0,-0.00153398,0,0.00460194,0.751651,0.754719,
51228.4,0.130388,0.128854,-0.211689,-0.213223,1.94568,1.94545,-0.181296,-0.179842,0,-0.00153398,0,0.00460194,0.751651,0.754719,
51248.4,0.130388,0.128854,-0.211689,-0.213223,1.94568,1.94545,-0.181296,-0.179842,0,-0.00153398,0,0.00460194,0.751651,0.754719,
51268.4,0.130388,0.128854,-0.211689,-0.213223,1.94568,1.94545,-0.181296,-0.179842,0,-0.00153398,0,0.00460194,0.751651,0.754719,
51288.4,0.130388,0.128854,-0.211689,-0.213223,1.94568,1.94545,-0.181296,-0.179842,0,-0.00153398,0,0.00460194,0.751651,0.754719,
51308.4,0.130388,0.128854,-0.211689,-0.213223,1.94568,1.94699,-0.181296,-0.179842,0,0,0,0.00460194,0.751651,0.754719,
51328.4,0.130388,0.128854,-0.211689,-0.213223,1.94568,1.94699,-0.181296,-0.179842,0,0,0,0.00460194,0.751651,0.754719,
51348.4,0.130388,0.128854,-0.211689,-0.213223,1.94568,1.94699,-0.181296,-0.179842,0,0,0,0.00460194,0.751651,0.754719,
51368.4,0.130388,0.128854,-0.211689,-0.213223,1.94568,1.94699,-0.181296,-0.179842,0,0,0,0.00460194,0.751651,0.754719,
51388.4,0.130388,0.128854,-0.211689,-0.213223,1.94568,1.94545,-0.181296,-0.179842,0,0.00306796,0,0.00460194,0.751651,0.754719,
51408.3,0.130388,0.128854,-0.211689,-0.213223,1.94568,1.94545,-0.181296,-0.179842,0,0.00306796,0,0.00460194,0.751651,0.754719,
51428.4,0.130388,0.128854,-0.211689,-0.213223,1.94568,1.94545,-0.181296,-0.179842,0,0.00306796,0,0.00460194,0.751651,0.754719,
51448.4,0.130388,0.128854,-0.211689,-0.213223,1.94568,1.94545,-0.181296,-0.179842,0,0.00306796,0,0.00460194,0.751651,0.754719,
51468.3,0.130388,0.128854,-0.211689,-0.213223,1.94568,1.94545,-0.181296,-0.179842,0,0.00306796,0,0.00460194,0.751651,0.754719,
51488.4,0.130388,0.128854,-0.211689,-0.211689,1.94568,1.94545,-0.181296,-0.179842,0,0,0,0.00306796,0.751651,0.754719,
51508.4,0.130388,0.128854,-0.211689,-0.211689,1.94568,1.94545,-0.181296,-0.179842,0,0,0,0.00306796,0.751651,0.754719,
51528.4,0.130388,0.128854,-0.211689,-0.211689,1.94568,1.94545,-0.181296,-0.179842,0,0,0,0.00306796,0.751651,0.754719,
51548.5,0.130388,0.128854,-0.211689,-0.211689,1.94568,1.94545,-0.181296,-0.179842,0,0,0,0.00306796,0.751651,0.754719,
51568.4,0.130388,0.128854,-0.211689,-0.211689,1.94568,1.94545,-0.181296,-0.179842,0,0,0,0.00306796,0.751651,0.754719,
51588.4,0.130388,0.128854,-0.211689,-0.211689,1.94568,1.94545,-0.181296,-0.179842,0,0,0,0.00306796,0.751651,0.754719,
51608.4,0.130388,0.128854,-0.211689,-0.213223,1.94568,1.94699,-0.181296,-0.179842,0,0,0,0.00460194,0.751651,0.753185,
51628.4,0.130388,0.128854,-0.211689,-0.213223,1.94568,1.94699,-0.181296,-0.179842,0,0,0,0.00460194,0.751651,0.753185,
51648.4,0.130388,0.128854,-0.211689,-0.213223,1.94568,1.94699,-0.181296,-0.179842,0,0,0,0.00460194,0.751651,0.753185,
51668.3,0.130388,0.128854,-0.211689,-0.213223,1.94568,1.94699,-0.181296,-0.179842,0,0,0,0.00460194,0.751651,0.753185,
51688.3,0.130388,0.128854,-0.211689,-0.213223,1.94568,1.94699,-0.181296,-0.179842,0,0,0,0.00460194,0.751651,0.753185,
51708.4,0.130388,0.128854,-0.211689,-0.213223,1.94568,1.94545,-0.181296,-0.179842,0,0.00153398,0,0.00460194,0.751651,0.754719,
51728.4,0.130388,0.128854,-0.211689,-0.213223,1.94568,1.94545,-0.181296,-0.179842,0,0.00153398,0,0.00460194,0.751651,0.754719,
51748.4,0.130388,0.128854,-0.211689,-0.213223,1.94568,1.94545,-0.181296,-0.179842,0,0.00153398,0,0.00460194,0.751651,0.754719,
51768.3,0.130388,0.128854,-0.211689,-0.213223,1.94568,1.94545,-0.181296,-0.179842,0,0.00153398,0,0.00460194,0.751651,0.754719,
51788.4,0.130388,0.128854,-0.211689,-0.211689,1.94568,1.94545,-0.181296,-0.181376,0,0.00460194,0,0.00306796,0.751651,0.754719,
51808.4,0.130388,0.128854,-0.211689,-0.211689,1.94568,1.94545,-0.181296,-0.181376,0,0.00460194,0,0.00306796,0.751651,0.754719,
51828.4,0.130388,0.128854,-0.211689,-0.211689,1.94568,1.94545,-0.181296,-0.181376,0,0.00460194,0,0.00306796,0.751651,0.754719,
51848.4,0.130388,0.128854,-0.211689,-0.211689,1.94568,1.94545,-0.181296,-0.181376,0,0.00460194,0,0.00306796,0.751651,0.754719,
51868.4,0.130388,0.128854,-0.211689,-0.211689,1.94568,1.94545,-0.181296,-0.181376,0,0.00460194,0,0.00306796,0.751651,0.754719,
51888.4,0.130388,0.130388,-0.211689,-0.213223,1.94568,1.94545,-0.181296,-0.179842,0,0.00460194,0,0.00460194,0.751651,0.754719,
51908.4,0.130388,0.130388,-0.211689,-0.213223,1.94568,1.94545,-0.181296,-0.179842,0,0.00460194,0,0.00460194,0.751651,0.754719,
51928.4,0.130388,0.130388,-0.211689,-0.213223,1.94568,1.94545,-0.181296,-0.179842,0,0.00460194,0,0.00460194,0.751651,0.754719,
51948.4,0.130388,0.130388,-0.211689,-0.213223,1.94568,1.94545,-0.181296,-0.179842,0,0.00460194,0,0.00460194,0.751651,0.754719,
51968.4,0.130388,0.130388,-0.211689,-0.213223,1.94568,1.94545,-0.181296,-0.179842,0,0.00460194,0,0.00460194,0.751651,0.754719,
51988.5,0.130388,0.130388,-0.211689,-0.213223,1.94568,1.94545,-0.181296,-0.179842,0,0.00460194,0,0.00460194,0.751651,0.754719,
52008.5,0.130388,0.128854,-0.211689,-0.213223,1.94568,1.94545,-0.181296,-0.179842,0,0.00306796,0,0.00460194,0.751651,0.754719,
52028.5,0.130388,0.128854,-0.211689,-0.213223,1.94568,1.94545,-0.181296,-0.179842,0,0.00306796,0,0.00460194,0.751651,0.754719,
52048.5,0.130388,0.128854,-0.211689,-0.213223,1.94568,1.94545,-0.181296,-0.179842,0,0.00306796,0,0.00460194,0.751651,0.754719,
52068.4,0.130388,0.128854,-0.211689,-0.213223,1.94568,1.94545,-0.181296,-0.179842,0,0.00306796,0,0.00460194,0.751651,0.754719,
52088.5,0.130388,0.128854,-0.211689,-0.213223,1.94568,1.94545,-0.181296,-0.179842,0,0.00306796,0,0.00460194,0.751651,0.754719,
52108.4,0.130388,0.128854,-0.211689,-0.213223,1.94568,1.94545,-0.181296,-0.179842,0,0.00153398,0,0.00306796,0.751651,0.754719,
52128.5,0.130388,0.128854,-0.211689,-0.213223,1.94568,1.94545,-0.181296,-0.179842,0,0.00153398,0,0.00306796,0.751651,0.754719,
52148.4,0.130388,0.128854,-0.211689,-0.213223,1.94568,1.94545,-0.181296,-0.179842,0,0.00153398,0,0.00306796,0.751651,0.754719,
52168.5,0.130388,0.128854,-0.211689,-0.213223,1.94568,1.94545,-0.181296,-0.179842,0,0.00153398,0,0.00306796,0.751651,0.754719,
52188.5,0.130388,0.128854,-0.211689,-0.213223,1.94568,1.94545,-0.181296,-0.179842,0,0.00153398,0,0.00306796,0.751651,0.754719,
52208.5,0.130388,0.128854,-0.211689,-0.213223,1.94568,1.94545,-0.181296,-0.179842,0,0.00153398,0,0.00460194,0.751651,0.754719,
52228.5,0.130388,0.128854,-0.211689,-0.213223,1.94568,1.94545,-0.181296,-0.179842,0,0.00153398,0,0.00460194,0.751651,0.754719,
52248.5,0.130388,0.128854,-0.211689,-0.213223,1.94568,1.94545,-0.181296,-0.179842,0,0.00153398,0,0.00460194,0.751651,0.754719,
52268.5,0.130388,0.128854,-0.211689,-0.213223,1.94568,1.94545,-0.181296,-0.179842,0,0.00153398,0,0.00460194,0.751651,0.754719,
52288.5,0.130388,0.128854,-0.211689,-0.213223,1.94568,1.94545,-0.181296,-0.179842,0,0.00153398,0,0.00460194,0.751651,0.754719,
52308.5,0.130388,0.128854,-0.211689,-0.213223,1.94568,1.94545,-0.181296,-0.179842,0,0.00153398,0,0.00460194,0.751651,0.753185,
52328.5,0.130388,0.128854,-0.211689,-0.213223,1.94568,1.94545,-0.181296,-0.179842,0,0.00153398,0,0.00460194,0.751651,0.753185,
52348.5,0.130388,0.128854,-0.211689,-0.213223,1.94568,1.94545,-0.181296,-0.179842,0,0.00153398,0,0.00460194,0.751651,0.753185,
52368.5,0.130388,0.128854,-0.211689,-0.213223,1.94568,1.94545,-0.181296,-0.179842,0,0.00153398,0,0.00460194,0.751651,0.753185,
52388.5,0.130388,0.128854,-0.211689,-0.213223,1.94568,1.94545,-0.181296,-0.179842,0,0.00153398,0,0.00460194,0.751651,0.753185,
52408.4,0.130388,0.128854,-0.211689,-0.213223,1.94568,1.94545,-0.181296,-0.179842,0,0.00153398,0,0.00306796,0.751651,0.753185,
52428.4,0.130388,0.128854,-0.211689,-0.213223,1.94568,1.94545,-0.181296,-0.179842,0,0.00153398,0,0.00306796,0.751651,0.753185,
52448.4,0.130388,0.128854,-0.211689,-0.213223,1.94568,1.94545,-0.181296,-0.179842,0,0.00153398,0,0.00306796,0.751651,0.753185,
52468.5,0.130388,0.128854,-0.211689,-0.213223,1.94568,1.94545,-0.181296,-0.179842,0,0.00153398,0,0.00306796,0.751651,0.753185,
52488.5,0.130388,0.128854,-0.211689,-0.213223,1.94568,1.94545,-0.181296,-0.179842,0,0.00153398,0,0.00306796,0.751651,0.753185,
52508.5,0.130388,0.128854,-0.211689,-0.213223,1.94568,1.94545,-0.181296,-0.179842,0,0,0,0.00460194,0.751651,0.754719,
52528.5,0.130388,0.128854,-0.211689,-0.213223,1.94568,1.94545,-0.181296,-0.179842,0,0,0,0.00460194,0.751651,0.754719,
52548.5,0.130388,0.128854,-0.211689,-0.213223,1.94568,1.94545,-0.181296,-0.179842,0,0,0,0.00460194,0.751651,0.754719,
52568.4,0.130388,0.128854,-0.211689,-0.213223,1.94568,1.94545,-0.181296,-0.179842,0,0,0,0.00460194,0.751651,0.754719,
52588.4,0.130388,0.128854,-0.211689,-0.213223,1.94568,1.94545,-0.181296,-0.179842,0,0,0,0.00460194,0.751651,0.754719,
52608.5,0.130388,0.128854,-0.211689,-0.213223,1.94568,1.94545,-0.181296,-0.179842,0,0.00153398,0,0.00460194,0.751651,0.754719,
52628.4,0.130388,0.128854,-0.211689,-0.213223,1.94568,1.94545,-0.181296,-0.179842,0,0.00153398,0,0.00460194,0.751651,0.754719,
52648.5,0.130388,0.128854,-0.211689,-0.213223,1.94568,1.94545,-0.181296,-0.179842,0,0.00153398,0,0.00460194,0.751651,0.754719,
52668.4,0.130388,0.128854,-0.211689,-0.213223,1.94568,1.94545,-0.181296,-0.179842,0,0.00153398,0,0.00460194,0.751651,0.754719,
52688.5,0.130388,0.128854,-0.211689,-0.213223,1.94568,1.94545,-0.181296,-0.179842,0,0.00153398,0,0.00460194,0.751651,0.754719,
52708.4,0.130388,0.128854,-0.211689,-0.213223,1.94568,1.94545,-0.181296,-0.179842,0,0.00153398,0,0.00460194,0.751651,0.754719,
52728.5,0.130388,0.128854,-0.211689,-0.213223,1.94568,1.94545,-0.181296,-0.179842,0,0.00153398,0,0.00460194,0.751651,0.754719,
52748.5,0.130388,0.128854,-0.211689,-0.213223,1.94568,1.94545,-0.181296,-0.179842,0,0.00153398,0,0.00460194,0.751651,0.754719,
52768.4,0.130388,0.128854,-0.211689,-0.213223,1.94568,1.94545,-0.181296,-0.179842,0,0.00153398,0,0.00460194,0.751651,0.754719,
52788.4,0.130388,0.128854,-0.211689,-0.213223,1.94568,1.94545,-0.181296,-0.179842,0,0.00153398,0,0.00460194,0.751651,0.754719,
52808.5,0.130388,0.128854,-0.211689,-0.213223,1.94568,1.94545,-0.181296,-0.179842,0,0,0,0.00460194,0.751651,0.754719,
52828.5,0.130388,0.128854,-0.211689,-0.213223,1.94568,1.94545,-0.181296,-0.179842,0,0,0,0.00460194,0.751651,0.754719,
52848.5,0.130388,0.128854,-0.211689,-0.213223,1.94568,1.94545,-0.181296,-0.179842,0,0,0,0.00460194,0.751651,0.754719,
52868.5,0.130388,0.128854,-0.211689,-0.213223,1.94568,1.94545,-0.181296,-0.179842,0,0,0,0.00460194,0.751651,0.754719,
52888.5,0.130388,0.128854,-0.211689,-0.213223,1.94568,1.94545,-0.181296,-0.179842,0,0,0,0.00460194,0.751651,0.754719,
52908.5,0.130388,0.128854,-0.211689,-0.213223,1.94568,1.94545,-0.181296,-0.179842,0,0.00153398,0,0.00460194,0.751651,0.754719,
52928.5,0.130388,0.128854,-0.211689,-0.213223,1.94568,1.94545,-0.181296,-0.179842,0,0.00153398,0,0.00460194,0.751651,0.754719,
52948.5,0.130388,0.128854,-0.211689,-0.213223,1.94568,1.94545,-0.181296,-0.179842,0,0.00153398,0,0.00460194,0.751651,0.754719,
52968.5,0.130388,0.128854,-0.211689,-0.213223,1.94568,1.94545,-0.181296,-0.179842,0,0.00153398,0,0.00460194,0.751651,0.754719,
52988.4,0.130388,0.128854,-0.211689,-0.213223,1.94568,1.94545,-0.181296,-0.179842,0,0,0,0.00460194,0.751651,0.754719,
53008.5,0.130388,0.128854,-0.211689,-0.213223,1.94568,1.94545,-0.181296,-0.179842,0,0,0,0.00460194,0.751651,0.754719,
53028.5,0.130388,0.128854,-0.211689,-0.213223,1.94568,1.94545,-0.181296,-0.179842,0,0,0,0.00460194,0.751651,0.754719,
53048.5,0.130388,0.128854,-0.211689,-0.213223,1.94568,1.94545,-0.181296,-0.179842,0,0,0,0.00460194,0.751651,0.754719,
53068.4,0.130388,0.128854,-0.211689,-0.213223,1.94568,1.94545,-0.181296,-0.179842,0,0,0,0.00460194,0.751651,0.754719,
53088.5,0.130388,0.128854,-0.211689,-0.213223,1.94568,1.94545,-0.181296,-0.179842,0,0.00153398,0,0.00460194,0.751651,0.754719,
53108.4,0.130388,0.128854,-0.211689,-0.213223,1.94568,1.94545,-0.181296,-0.179842,0,0.00153398,0,0.00460194,0.751651,0.754719,
53128.4,0.130388,0.128854,-0.211689,-0.213223,1.94568,1.94545,-0.181296,-0.179842,0,0.00153398,0,0.00460194,0.751651,0.754719,
53148.4,0.130388,0.128854,-0.211689,-0.213223,1.94568,1.94545,-0.181296,-0.179842,0,0.00153398,0,0.00460194,0.751651,0.754719,
53168.5,0.130388,0.128854,-0.211689,-0.213223,1.94568,1.94545,-0.181296,-0.179842,0,0.00153398,0,0.00460194,0.751651,0.754719,
53188.4,0.130388,0.128854,-0.211689,-0.213223,1.94568,1.94545,-0.181296,-0.179842,0,0.00153398,0,0.00460194,0.751651,0.754719,
53208.4,0.130388,0.128854,-0.211689,-0.213223,1.94568,1.94545,-0.181296,-0.179842,0,0.00153398,0,0.00460194,0.751651,0.753185,
53228.5,0.130388,0.128854,-0.211689,-0.213223,1.94568,1.94545,-0.181296,-0.179842,0,0.00153398,0,0.00460194,0.751651,0.753185,
53248.5,0.130388,0.128854,-0.211689,-0.213223,1.94568,1.94545,-0.181296,-0.179842,0,0.00153398,0,0.00460194,0.751651,0.753185,
53268.5,0.130388,0.128854,-0.211689,-0.213223,1.94568,1.94545,-0.181296,-0.179842,0,0.00153398,0,0.00460194,0.751651,0.753185,
53288.5,0.130388,0.128854,-0.211689,-0.213223,1.94568,1.94545,-0.181296,-0.179842,0,0.00153398,0,0.00460194,0.751651,0.753185,
53308.4,0.130388,0.128854,-0.211689,-0.213223,1.94568,1.94545,-0.181296,-0.179842,0,0.00153398,0,0.00460194,0.751651,0.753185,
53328.5,0.130388,0.128854,-0.211689,-0.213223,1.94568,1.94545,-0.181296,-0.179842,0,0.00153398,0,0.00460194,0.751651,0.754719,
53348.5,0.130388,0.128854,-0.211689,-0.213223,1.94568,1.94545,-0.181296,-0.179842,0,0.00153398,0,0.00460194,0.751651,0.754719,
53368.5,0.130388,0.128854,-0.211689,-0.213223,1.94568,1.94545,-0.181296,-0.179842,0,0.00153398,0,0.00460194,0.751651,0.754719,
53388.4,0.130388,0.128854,-0.211689,-0.213223,1.94568,1.94545,-0.181296,-0.179842,0,0.00153398,0,0.00460194,0.751651,0.754719,
53408.5,0.130388,0.128854,-0.211689,-0.213223,1.94568,1.94545,-0.181296,-0.179842,0,0.00153398,0,0.00460194,0.751651,0.753185,
53428.5,0.130388,0.128854,-0.211689,-0.213223,1.94568,1.94545,-0.181296,-0.179842,0,0.00153398,0,0.00460194,0.751651,0.753185,
53448.5,0.130388,0.128854,-0.211689,-0.213223,1.94568,1.94545,-0.181296,-0.179842,0,0.00153398,0,0.00460194,0.751651,0.753185,
53468.5,0.130388,0.128854,-0.211689,-0.213223,1.94568,1.94545,-0.181296,-0.179842,0,0.00153398,0,0.00460194,0.751651,0.753185,
53488.4,0.130388,0.128854,-0.211689,-0.213223,1.94568,1.94545,-0.181296,-0.179842,0,0.00153398,0,0.00460194,0.751651,0.753185,
53508.5,0.130388,0.130388,-0.211689,-0.213223,1.94568,1.94545,-0.181296,-0.179842,0,0.00153398,0,0.00306796,0.751651,0.753185,
53528.5,0.130388,0.130388,-0.211689,-0.213223,1.94568,1.94545,-0.181296,-0.179842,0,0.00153398,0,0.00306796,0.751651,0.753185,
53548.5,0.130388,0.130388,-0.211689,-0.213223,1.94568,1.94545,-0.181296,-0.179842,0,0.00153398,0,0.00306796,0.751651,0.753185,
53568.4,0.130388,0.130388,-0.211689,-0.213223,1.94568,1.94545,-0.181296,-0.179842,0,0.00153398,0,0.00306796,0.751651,0.753185,
53588.4,0.130388,0.130388,-0.211689,-0.213223,1.94568,1.94545,-0.181296,-0.179842,0,0.00153398,0,0.00306796,0.751651,0.753185,
53608.4,0.130388,0.128854,-0.211689,-0.211689,1.94568,1.94545,-0.181296,-0.179842,0,0.00153398,0,0.00460194,0.751651,0.753185,
53628.4,0.130388,0.128854,-0.211689,-0.211689,1.94568,1.94545,-0.181296,-0.179842,0,0.00153398,0,0.00460194,0.751651,0.753185,
53648.4,0.130388,0.128854,-0.211689,-0.211689,1.94568,1.94545,-0.181296,-0.179842,0,0.00153398,0,0.00460194,0.751651,0.753185,
53668.5,0.130388,0.128854,-0.211689,-0.211689,1.94568,1.94545,-0.181296,-0.179842,0,0.00153398,0,0.00460194,0.751651,0.753185,
53688.4,0.130388,0.128854,-0.211689,-0.211689,1.94568,1.94545,-0.181296,-0.179842,0,0.00153398,0,0.00460194,0.751651,0.753185,
53708.5,0.130388,0.128854,-0.211689,-0.213223,1.94568,1.94545,-0.181296,-0.179842,0,0.00153398,0,0.00460194,0.751651,0.754719,
53728.5,0.130388,0.128854,-0.211689,-0.213223,1.94568,1.94545,-0.181296,-0.179842,0,0.00153398,0,0.00460194,0.751651,0.754719,
53748.5,0.130388,0.128854,-0.211689,-0.213223,1.94568,1.94545,-0.181296,-0.179842,0,0.00153398,0,0.00460194,0.751651,0.754719,
53768.5,0.130388,0.128854,-0.211689,-0.213223,1.94568,1.94545,-0.181296,-0.179842,0,0.00153398,0,0.00460194,0.751651,0.754719,
53788.5,0.130388,0.128854,-0.211689,-0.213223,1.94568,1.94545,-0.181296,-0.179842,0,0.00153398,0,0.00460194,0.751651,0.754719,
53808.4,0.130388,0.128854,-0.211689,-0.213223,1.94568,1.94545,-0.181296,-0.179842,0,0.00153398,0,0.00460194,0.751651,0.753185,
53828.4,0.130388,0.128854,-0.211689,-0.213223,1.94568,1.94545,-0.181296,-0.179842,0,0.00153398,0,0.00460194,0.751651,0.753185,
53848.4,0.130388,0.128854,-0.211689,-0.213223,1.94568,1.94545,-0.181296,-0.179842,0,0.00153398,0,0.00460194,0.751651,0.753185,
53868.5,0.130388,0.128854,-0.211689,-0.213223,1.94568,1.94545,-0.181296,-0.179842,0,0.00153398,0,0.00460194,0.751651,0.753185,
53888.4,0.130388,0.128854,-0.211689,-0.213223,1.94568,1.94545,-0.181296,-0.179842,0,0.00153398,0,0.00460194,0.751651,0.753185,
53908.5,0.130388,0.128854,-0.211689,-0.213223,1.94568,1.94545,-0.181296,-0.179842,0,0.00153398,0,0.00460194,0.751651,0.753185,
53928.4,0.130388,0.128854,-0.211689,-0.213223,1.94568,1.94545,-0.181296,-0.179842,0,0.00153398,0,0.00460194,0.751651,0.753185,
53948.4,0.130388,0.128854,-0.211689,-0.213223,1.94568,1.94545,-0.181296,-0.179842,0,0.00153398,0,0.00460194,0.751651,0.753185,
53968.4,0.130388,0.128854,-0.211689,-0.213223,1.94568,1.94545,-0.181296,-0.179842,0,0.00153398,0,0.00460194,0.751651,0.753185,
53988.4,0.130388,0.128854,-0.211689,-0.213223,1.94568,1.94545,-0.181296,-0.179842,0,0.00153398,0,0.00460194,0.751651,0.753185,
54008.4,0.130388,0.130388,-0.211689,-0.213223,1.94568,1.94545,-0.181296,-0.179842,0,0.00153398,0,0.00460194,0.751651,0.754719,
54028.4,0.130388,0.130388,-0.211689,-0.213223,1.94568,1.94545,-0.181296,-0.179842,0,0.00153398,0,0.00460194,0.751651,0.754719,
54048.3,0.130388,0.130388,-0.211689,-0.213223,1.94568,1.94545,-0.181296,-0.179842,0,0.00153398,0,0.00460194,0.751651,0.754719,
54068.4,0.130388,0.130388,-0.211689,-0.213223,1.94568,1.94545,-0.181296,-0.179842,0,0.00153398,0,0.00460194,0.751651,0.754719,
54088.3,0.130388,0.130388,-0.211689,-0.213223,1.94568,1.94545,-0.181296,-0.179842,0,0.00153398,0,0.00460194,0.751651,0.754719,
54108.5,0.130388,0.128854,-0.211689,-0.213223,1.94568,1.94545,-0.181296,-0.179842,0,0.00153398,0,0.00460194,0.751651,0.754719,
54128.4,0.130388,0.128854,-0.211689,-0.213223,1.94568,1.94545,-0.181296,-0.179842,0,0.00153398,0,0.00460194,0.751651,0.754719,
54148.5,0.130388,0.128854,-0.211689,-0.213223,1.94568,1.94545,-0.181296,-0.179842,0,0.00153398,0,0.00460194,0.751651,0.754719,
54168.4,0.130388,0.128854,-0.211689,-0.213223,1.94568,1.94545,-0.181296,-0.179842,0,0.00153398,0,0.00460194,0.751651,0.754719,
54188.4,0.130388,0.128854,-0.211689,-0.213223,1.94568,1.94545,-0.181296,-0.179842,0,0.00153398,0,0.00460194,0.751651,0.754719,
54208.4,0.130388,0.128854,-0.211689,-0.213223,1.94568,1.94545,-0.181296,-0.179842,0,0.00153398,0,0.00460194,0.751651,0.754719,
54228.4,0.130388,0.128854,-0.211689,-0.213223,1.94568,1.94545,-0.181296,-0.179842,0,0.00153398,0,0.00460194,0.751651,0.754719,
54248.4,0.130388,0.128854,-0.211689,-0.213223,1.94568,1.94545,-0.181296,-0.179842,0,0.00153398,0,0.00460194,0.751651,0.754719,
54268.4,0.130388,0.128854,-0.211689,-0.213223,1.94568,1.94545,-0.181296,-0.179842,0,0.00153398,0,0.00460194,0.751651,0.754719,
54288.4,0.130388,0.128854,-0.211689,-0.213223,1.94568,1.94545,-0.181296,-0.179842,0,0.00153398,0,0.00460194,0.751651,0.754719,
54308.4,0.130388,0.128854,-0.211689,-0.213223,1.94568,1.94545,-0.181296,-0.179842,0,0.00153398,0,0.00460194,0.751651,0.753185,
54328.4,0.130388,0.128854,-0.211689,-0.213223,1.94568,1.94545,-0.181296,-0.179842,0,0.00153398,0,0.00460194,0.751651,0.753185,
54348.4,0.130388,0.128854,-0.211689,-0.213223,1.94568,1.94545,-0.181296,-0.179842,0,0.00153398,0,0.00460194,0.751651,0.753185,
54368.4,0.130388,0.128854,-0.211689,-0.213223,1.94568,1.94545,-0.181296,-0.179842,0,0.00153398,0,0.00460194,0.751651,0.753185,
54388.4,0.130388,0.128854,-0.211689,-0.213223,1.94568,1.94545,-0.181296,-0.179842,0,0.00153398,0,0.00460194,0.751651,0.753185,
54408.4,0.130388,0.128854,-0.211689,-0.213223,1.94568,1.94545,-0.181296,-0.179842,0,0.00153398,0,0.00460194,0.751651,0.753185,
54428.5,0.130388,0.128854,-0.211689,-0.213223,1.94568,1.94545,-0.181296,-0.179842,0,0.00153398,0,0.00460194,0.751651,0.754719,
54448.4,0.130388,0.128854,-0.211689,-0.213223,1.94568,1.94545,-0.181296,-0.179842,0,0.00153398,0,0.00460194,0.751651,0.754719,
54468.4,0.130388,0.128854,-0.211689,-0.213223,1.94568,1.94545,-0.181296,-0.179842,0,0.00153398,0,0.00460194,0.751651,0.754719,
54488.5,0.130388,0.128854,-0.211689,-0.213223,1.94568,1.94545,-0.181296,-0.179842,0,0.00153398,0,0.00460194,0.751651,0.754719,
54508.5,0.130388,0.128854,-0.211689,-0.213223,1.94568,1.94545,-0.181296,-0.181376,0,0.00153398,0,0.00460194,0.751651,0.754719,
54528.5,0.130388,0.128854,-0.211689,-0.213223,1.94568,1.94545,-0.181296,-0.181376,0,0.00153398,0,0.00460194,0.751651,0.754719,
54548.4,0.130388,0.128854,-0.211689,-0.213223,1.94568,1.94545,-0.181296,-0.181376,0,0.00153398,0,0.00460194,0.751651,0.754719,
54568.4,0.130388,0.128854,-0.211689,-0.213223,1.94568,1.94545,-0.181296,-0.181376,0,0.00153398,0,0.00460194,0.751651,0.754719,
54588.4,0.130388,0.128854,-0.211689,-0.213223,1.94568,1.94545,-0.181296,-0.179842,0,0.00153398,0,0.00460194,0.751651,0.754719,
54608.4,0.130388,0.128854,-0.211689,-0.213223,1.94568,1.94545,-0.181296,-0.179842,0,0.00153398,0,0.00460194,0.751651,0.754719,
54628.4,0.130388,0.128854,-0.211689,-0.213223,1.94568,1.94545,-0.181296,-0.179842,0,0.00153398,0,0.00460194,0.751651,0.754719,
54648.4,0.130388,0.128854,-0.211689,-0.213223,1.94568,1.94545,-0.181296,-0.179842,0,0.00153398,0,0.00460194,0.751651,0.754719,
54668.4,0.130388,0.128854,-0.211689,-0.213223,1.94568,1.94545,-0.181296,-0.179842,0,0.00153398,0,0.00460194,0.751651,0.754719,
54688.4,0.130388,0.128854,-0.211689,-0.213223,1.94568,1.94545,-0.181296,-0.179842,0,0.00153398,0,0.00460194,0.751651,0.754719,
54708.4,0.130388,0.128854,-0.211689,-0.213223,1.94568,1.94545,-0.181296,-0.179842,0,0.00153398,0,0.00460194,0.751651,0.753185,
54728.4,0.130388,0.128854,-0.211689,-0.213223,1.94568,1.94545,-0.181296,-0.179842,0,0.00153398,0,0.00460194,0.751651,0.753185,
54748.4,0.130388,0.128854,-0.211689,-0.213223,1.94568,1.94545,-0.181296,-0.179842,0,0.00153398,0,0.00460194,0.751651,0.753185,
54768.5,0.130388,0.128854,-0.211689,-0.213223,1.94568,1.94545,-0.181296,-0.179842,0,0.00153398,0,0.00460194,0.751651,0.753185,
54788.5,0.130388,0.128854,-0.211689,-0.213223,1.94568,1.94545,-0.181296,-0.179842,0,0.00153398,0,0.00460194,0.751651,0.753185,
54808.5,0.130388,0.128854,-0.211689,-0.213223,1.94568,1.94545,-0.181296,-0.179842,0,0.00153398,0,0.00460194,0.751651,0.753185,
54828.4,0.130388,0.128854,-0.211689,-0.213223,1.94568,1.94545,-0.181296,-0.179842,0,0.00153398,0,0.00460194,0.751651,0.753185,
54848.4,0.130388,0.128854,-0.211689,-0.213223,1.94568,1.94545,-0.181296,-0.179842,0,0.00153398,0,0.00460194,0.751651,0.753185,
54868.4,0.130388,0.128854,-0.211689,-0.213223,1.94568,1.94545,-0.181296,-0.179842,0,0.00153398,0,0.00460194,0.751651,0.753185,
54888.4,0.130388,0.128854,-0.211689,-0.213223,1.94568,1.94545,-0.181296,-0.179842,0,0.00153398,0,0.00460194,0.751651,0.753185,
54908.5,0.130388,0.128854,-0.211689,-0.213223,1.94568,1.94545,-0.181296,-0.179842,0,0.00153398,0,0.00460194,0.751651,0.754719,
54928.4,0.130388,0.128854,-0.211689,-0.213223,1.94568,1.94545,-0.181296,-0.179842,0,0.00153398,0,0.00460194,0.751651,0.754719,
54948.5,0.130388,0.128854,-0.211689,-0.213223,1.94568,1.94545,-0.181296,-0.179842,0,0.00153398,0,0.00460194,0.751651,0.754719,
54968.4,0.130388,0.128854,-0.211689,-0.213223,1.94568,1.94545,-0.181296,-0.179842,0,0.00153398,0,0.00460194,0.751651,0.754719,
54988.5,0.130388,0.128854,-0.211689,-0.213223,1.94568,1.94545,-0.181296,-0.179842,0,0.00153398,0,0.00460194,0.751651,0.754719,
55008.5,0.130388,0.128854,-0.211689,-0.213223,1.94568,1.94545,-0.181296,-0.179842,0,0.00153398,0,0.00460194,0.751651,0.754719,
55028.5,0.130388,0.128854,-0.211689,-0.213223,1.94568,1.94545,-0.181296,-0.181376,0,0.00153398,0,0.00460194,0.751651,0.753185,
55048.5,0.130388,0.128854,-0.211689,-0.213223,1.94568,1.94545,-0.181296,-0.181376,0,0.00153398,0,0.00460194,0.751651,0.753185,
55068.4,0.130388,0.128854,-0.211689,-0.213223,1.94568,1.94545,-0.181296,-0.181376,0,0.00153398,0,0.00460194,0.751651,0.753185,
55088.4,0.130388,0.128854,-0.211689,-0.213223,1.94568,1.94545,-0.181296,-0.181376,0,0.00153398,0,0.00460194,0.751651,0.753185,
55108.5,0.130388,0.128854,-0.211689,-0.213223,1.94568,1.94545,-0.181296,-0.179842,0,0.00153398,0,0.00460194,0.751651,0.754719,
55128.5,0.130388,0.128854,-0.211689,-0.213223,1.94568,1.94545,-0.181296,-0.179842,0,0.00153398,0,0.00460194,0.751651,0.754719,
55148.5,0.130388,0.128854,-0.211689,-0.213223,1.94568,1.94545,-0.181296,-0.179842,0,0.00153398,0,0.00460194,0.751651,0.754719,
55168.4,0.130388,0.128854,-0.211689,-0.213223,1.94568,1.94545,-0.181296,-0.179842,0,0.00153398,0,0.00460194,0.751651,0.754719,
55188.5,0.130388,0.128854,-0.211689,-0.213223,1.94568,1.94545,-0.181296,-0.179842,0,0.00153398,0,0.00460194,0.751651,0.754719,
55208.5,0.130388,0.128854,-0.211689,-0.213223,1.94568,1.94545,-0.181296,-0.179842,0,0.00153398,0,0.00460194,0.751651,0.753185,
55228.5,0.130388,0.128854,-0.211689,-0.213223,1.94568,1.94545,-0.181296,-0.179842,0,0.00153398,0,0.00460194,0.751651,0.753185,
55248.4,0.130388,0.128854,-0.211689,-0.213223,1.94568,1.94545,-0.181296,-0.179842,0,0.00153398,0,0.00460194,0.751651,0.753185,
55268.4,0.130388,0.128854,-0.211689,-0.213223,1.94568,1.94545,-0.181296,-0.179842,0,0.00153398,0,0.00460194,0.751651,0.753185,
55288.4,0.130388,0.128854,-0.211689,-0.213223,1.94568,1.94545,-0.181296,-0.179842,0,0.00153398,0,0.00460194,0.751651,0.753185,
55308.5,0.130388,0.128854,-0.211689,-0.213223,1.94568,1.94545,-0.181296,-0.179842,0,0.00153398,0,0.00460194,0.751651,0.753185,
55328.4,0.130388,0.128854,-0.211689,-0.213223,1.94568,1.94545,-0.181296,-0.179842,0,0.00153398,0,0.00460194,0.751651,0.753185,
55348.5,0.130388,0.128854,-0.211689,-0.213223,1.94568,1.94545,-0.181296,-0.179842,0,0.00153398,0,0.00460194,0.751651,0.753185,
55368.5,0.130388,0.128854,-0.211689,-0.213223,1.94568,1.94545,-0.181296,-0.179842,0,0.00153398,0,0.00460194,0.751651,0.753185,
55388.4,0.130388,0.128854,-0.211689,-0.213223,1.94568,1.94545,-0.181296,-0.179842,0,0.00153398,0,0.00460194,0.751651,0.753185,
55408.4,0.130388,0.128854,-0.211689,-0.213223,1.94568,1.94545,-0.181296,-0.179842,0,0.00153398,0,0.00460194,0.751651,0.753185,
55428.4,0.130388,0.128854,-0.211689,-0.213223,1.94568,1.94545,-0.181296,-0.179842,0,0.00153398,0,0.00460194,0.751651,0.753185,
55448.5,0.130388,0.128854,-0.211689,-0.213223,1.94568,1.94545,-0.181296,-0.179842,0,0.00153398,0,0.00460194,0.751651,0.753185,
55468.5,0.130388,0.128854,-0.211689,-0.213223,1.94568,1.94545,-0.181296,-0.179842,0,0.00153398,0,0.00460194,0.751651,0.753185,
55488.4,0.130388,0.128854,-0.211689,-0.213223,1.94568,1.94545,-0.181296,-0.179842,0,0.00153398,0,0.00460194,0.751651,0.753185,
55508.5,0.130388,0.128854,-0.211689,-0.213223,1.94568,1.94545,-0.181296,-0.179842,0,0.00153398,0,0.00460194,0.751651,0.753185,
55528.5,0.130388,0.128854,-0.211689,-0.213223,1.94568,1.94545,-0.181296,-0.179842,0,0.00153398,0,0.00460194,0.751651,0.753185,
55548.5,0.130388,0.128854,-0.211689,-0.213223,1.94568,1.94545,-0.181296,-0.179842,0,0.00153398,0,0.00460194,0.751651,0.753185,
55568.4,0.130388,0.128854,-0.211689,-0.213223,1.94568,1.94545,-0.181296,-0.179842,0,0.00153398,0,0.00460194,0.751651,0.753185,
55588.4,0.130388,0.128854,-0.211689,-0.213223,1.94568,1.94545,-0.181296,-0.179842,0,0.00153398,0,0.00460194,0.751651,0.753185,
55608.4,0.130388,0.128854,-0.211689,-0.213223,1.94568,1.94545,-0.181296,-0.179842,0,0.00153398,0,0.00460194,0.751651,0.754719,
55628.4,0.130388,0.128854,-0.211689,-0.213223,1.94568,1.94545,-0.181296,-0.179842,0,0.00153398,0,0.00460194,0.751651,0.754719,
55648.5,0.130388,0.128854,-0.211689,-0.213223,1.94568,1.94545,-0.181296,-0.179842,0,0.00153398,0,0.00460194,0.751651,0.754719,
55668.4,0.130388,0.128854,-0.211689,-0.213223,1.94568,1.94545,-0.181296,-0.179842,0,0.00153398,0,0.00460194,0.751651,0.754719,
55688.5,0.130388,0.128854,-0.211689,-0.213223,1.94568,1.94545,-0.181296,-0.179842,0,0.00153398,0,0.00460194,0.751651,0.754719,
55708.4,0.130388,0.128854,-0.211689,-0.213223,1.94568,1.94545,-0.181296,-0.179842,0,0.00153398,0,0.00460194,0.751651,0.754719,
55728.4,0.130388,0.128854,-0.211689,-0.213223,1.94568,1.94545,-0.181296,-0.179842,0,0.00153398,0,0.00460194,0.751651,0.754719,
55748.4,0.130388,0.128854,-0.211689,-0.213223,1.94568,1.94545,-0.181296,-0.179842,0,0.00153398,0,0.00460194,0.751651,0.754719,
55768.4,0.130388,0.128854,-0.211689,-0.213223,1.94568,1.94545,-0.181296,-0.179842,0,0.00153398,0,0.00460194,0.751651,0.754719,
55788.3,0.130388,0.128854,-0.211689,-0.213223,1.94568,1.94545,-0.181296,-0.179842,0,0.00153398,0,0.00460194,0.751651,0.754719,
55808.4,0.130388,0.128854,-0.211689,-0.213223,1.94568,1.94545,-0.181296,-0.179842,0,0.00153398,0,0.00460194,0.751651,0.754719,
55828.3,0.130388,0.128854,-0.211689,-0.213223,1.94568,1.94545,-0.181296,-0.179842,0,0.00153398,0,0.00460194,0.751651,0.754719,
55849.9,0.130388,0.128854,-0.211689,-0.213223,1.94568,1.94545,-0.181296,-0.179842,0,0.00153398,0,0.00460194,0.751651,0.754719,
55868.3,0.130388,0.128854,-0.211689,-0.213223,1.94568,1.94545,-0.181296,-0.179842,0,0.00153398,0,0.00460194,0.751651,0.754719,
55888.3,0.130388,0.128854,-0.211689,-0.213223,1.94568,1.94545,-0.181296,-0.179842,0,0.00153398,0,0.00460194,0.751651,0.754719,
55908.3,0.130388,0.128854,-0.211689,-0.213223,1.94568,1.94545,-0.181296,-0.179842,0,0.00153398,0,0.00460194,0.751651,0.754719,
55928.3,0.130388,0.128854,-0.211689,-0.213223,1.94568,1.94545,-0.181296,-0.179842,0,0.00153398,0,0.00460194,0.751651,0.754719,
55948.4,0.130388,0.128854,-0.211689,-0.213223,1.94568,1.94545,-0.181296,-0.179842,0,0.00153398,0,0.00460194,0.751651,0.754719,
55968.3,0.130388,0.128854,-0.211689,-0.213223,1.94568,1.94545,-0.181296,-0.179842,0,0.00153398,0,0.00460194,0.751651,0.754719,
55988.4,0.130388,0.128854,-0.211689,-0.213223,1.94568,1.94545,-0.181296,-0.179842,0,0.00153398,0,0.00460194,0.751651,0.754719,
56008.4,0.130388,0.128854,-0.211689,-0.213223,1.94568,1.94545,-0.181296,-0.179842,0,0.00153398,0,0.00460194,0.751651,0.754719,
56028.4,0.130388,0.128854,-0.211689,-0.213223,1.94568,1.94545,-0.181296,-0.179842,0,0.00153398,0,0.00460194,0.751651,0.754719,
56048.4,0.130388,0.128854,-0.211689,-0.213223,1.94568,1.94545,-0.181296,-0.179842,0,0.00153398,0,0.00460194,0.751651,0.754719,
56068.4,0.130388,0.128854,-0.211689,-0.213223,1.94568,1.94545,-0.181296,-0.179842,0,0.00153398,0,0.00460194,0.751651,0.754719,
56088.4,0.130388,0.128854,-0.211689,-0.213223,1.94568,1.94545,-0.181296,-0.179842,0,0.00153398,0,0.00460194,0.751651,0.754719,
56108.4,0.130388,0.128854,-0.211689,-0.213223,1.94568,1.94545,-0.181296,-0.179842,0,0.00153398,0,0.00460194,0.751651,0.754719,
56128.4,0.130388,0.128854,-0.211689,-0.213223,1.94568,1.94545,-0.181296,-0.179842,0,0.00153398,0,0.00460194,0.751651,0.754719,
56148.4,0.130388,0.128854,-0.211689,-0.213223,1.94568,1.94545,-0.181296,-0.179842,0,0.00153398,0,0.00460194,0.751651,0.754719,
56168.3,0.130388,0.128854,-0.211689,-0.213223,1.94568,1.94545,-0.181296,-0.179842,0,0.00153398,0,0.00460194,0.751651,0.754719,
56188.3,0.130388,0.128854,-0.211689,-0.213223,1.94568,1.94545,-0.181296,-0.179842,0,0.00153398,0,0.00460194,0.751651,0.754719,
56208.4,0.130388,0.128854,-0.211689,-0.213223,1.94568,1.94545,-0.181296,-0.179842,0,0.00153398,0,0.00460194,0.751651,0.754719,
56228.5,0.130388,0.128854,-0.211689,-0.213223,1.94568,1.94545,-0.181296,-0.179842,0,0.00153398,0,0.00460194,0.751651,0.754719,
56248.5,0.130388,0.128854,-0.211689,-0.213223,1.94568,1.94545,-0.181296,-0.179842,0,0.00153398,0,0.00460194,0.751651,0.754719,
56268.5,0.130388,0.128854,-0.211689,-0.213223,1.94568,1.94545,-0.181296,-0.179842,0,0.00153398,0,0.00460194,0.751651,0.754719,
56288.4,0.130388,0.128854,-0.211689,-0.213223,1.94568,1.94545,-0.181296,-0.179842,0,0.00153398,0,0.00460194,0.751651,0.754719,
56308.4,0.130388,0.128854,-0.211689,-0.213223,1.94568,1.94545,-0.181296,-0.179842,0,0.00153398,0,0.00460194,0.751651,0.754719,
56328.5,0.130388,0.128854,-0.211689,-0.213223,1.94568,1.94545,-0.181296,-0.179842,0,0.00153398,0,0.00460194,0.751651,0.754719,
56348.5,0.130388,0.128854,-0.211689,-0.213223,1.94568,1.94545,-0.181296,-0.179842,0,0.00153398,0,0.00460194,0.751651,0.754719,
56368.5,0.130388,0.128854,-0.211689,-0.213223,1.94568,1.94545,-0.181296,-0.179842,0,0.00153398,0,0.00460194,0.751651,0.754719,
56388.5,0.130388,0.128854,-0.211689,-0.213223,1.94568,1.94545,-0.181296,-0.179842,0,0.00153398,0,0.00460194,0.751651,0.754719,
56408.5,0.130388,0.128854,-0.211689,-0.213223,1.94568,1.94545,-0.181296,-0.179842,0,0,0,0.00306796,0.751651,0.754719,
56428.4,0.130388,0.128854,-0.211689,-0.213223,1.94568,1.94545,-0.181296,-0.179842,0,0,0,0.00306796,0.751651,0.754719,
56448.5,0.130388,0.128854,-0.211689,-0.213223,1.94568,1.94545,-0.181296,-0.179842,0,0,0,0.00306796,0.751651,0.754719,
56468.5,0.130388,0.128854,-0.211689,-0.213223,1.94568,1.94545,-0.181296,-0.179842,0,0,0,0.00306796,0.751651,0.754719,
56488.5,0.130388,0.128854,-0.211689,-0.213223,1.94568,1.94545,-0.181296,-0.179842,0,0,0,0.00306796,0.751651,0.754719,
56508.5,0.130388,0.128854,-0.211689,-0.213223,1.94568,1.94545,-0.181296,-0.179842,0,0,0,0.00306796,0.751651,0.754719,
56528.5,0.130388,0.128854,-0.211689,-0.213223,1.94568,1.94545,-0.181296,-0.179842,0,0,0,0.00306796,0.751651,0.754719,
56548.5,0.130388,0.128854,-0.211689,-0.213223,1.94568,1.94545,-0.181296,-0.179842,0,0,0,0.00306796,0.751651,0.754719,
56568.4,0.130388,0.128854,-0.211689,-0.213223,1.94568,1.94545,-0.181296,-0.179842,0,0,0,0.00306796,0.751651,0.754719,
56588.5,0.130388,0.128854,-0.211689,-0.213223,1.94568,1.94545,-0.181296,-0.179842,0,0,0,0.00306796,0.751651,0.754719,
56608.4,0.130388,0.128854,-0.211689,-0.213223,1.94568,1.94545,-0.181296,-0.179842,0,0,0,0.00306796,0.751651,0.753185,
56628.4,0.130388,0.128854,-0.211689,-0.213223,1.94568,1.94545,-0.181296,-0.179842,0,0,0,0.00306796,0.751651,0.753185,
56648.4,0.130388,0.128854,-0.211689,-0.213223,1.94568,1.94545,-0.181296,-0.179842,0,0,0,0.00306796,0.751651,0.753185,
56668.5,0.130388,0.128854,-0.211689,-0.213223,1.94568,1.94545,-0.181296,-0.179842,0,0,0,0.00306796,0.751651,0.753185,
56688.4,0.130388,0.128854,-0.211689,-0.211689,1.94568,1.94545,-0.181296,-0.179842,0,0,0,0.00306796,0.751651,0.754719,
56708.5,0.130388,0.128854,-0.211689,-0.211689,1.94568,1.94545,-0.181296,-0.179842,0,0,0,0.00306796,0.751651,0.754719,
56728.4,0.130388,0.128854,-0.211689,-0.211689,1.94568,1.94545,-0.181296,-0.179842,0,0,0,0.00306796,0.751651,0.754719,
56748.4,0.130388,0.128854,-0.211689,-0.211689,1.94568,1.94545,-0.181296,-0.179842,0,0,0,0.00306796,0.751651,0.754719,
56768.5,0.130388,0.128854,-0.211689,-0.211689,1.94568,1.94545,-0.181296,-0.179842,0,0,0,0.00306796,0.751651,0.754719,
56788.5,0.130388,0.128854,-0.211689,-0.211689,1.94568,1.94545,-0.181296,-0.179842,0,0,0,0.00306796,0.751651,0.754719,
56808.4,0.130388,0.128854,-0.211689,-0.213223,1.94568,1.94545,-0.181296,-0.179842,0,0,0,0.00306796,0.751651,0.754719,
56828.5,0.130388,0.128854,-0.211689,-0.213223,1.94568,1.94545,-0.181296,-0.179842,0,0,0,0.00306796,0.751651,0.754719,
56848.4,0.130388,0.128854,-0.211689,-0.213223,1.94568,1.94545,-0.181296,-0.179842,0,0,0,0.00306796,0.751651,0.754719,
56868.3,0.130388,0.128854,-0.211689,-0.213223,1.94568,1.94545,-0.181296,-0.179842,0,0,0,0.00306796,0.751651,0.754719,
56888.4,0.130388,0.128854,-0.211689,-0.213223,1.94568,1.94545,-0.181296,-0.179842,0,0,0,0.00306796,0.751651,0.754719,
56908.4,0.130388,0.128854,-0.211689,-0.213223,1.94568,1.94545,-0.181296,-0.179842,0,0,0,0.00306796,0.751651,0.753185,
56928.4,0.130388,0.128854,-0.211689,-0.213223,1.94568,1.94545,-0.181296,-0.179842,0,0,0,0.00306796,0.751651,0.753185,
56948.4,0.130388,0.128854,-0.211689,-0.213223,1.94568,1.94545,-0.181296,-0.179842,0,0,0,0.00306796,0.751651,0.753185,
56968.4,0.130388,0.128854,-0.211689,-0.213223,1.94568,1.94545,-0.181296,-0.179842,0,0,0,0.00306796,0.751651,0.753185,
56988.4,0.130388,0.128854,-0.211689,-0.213223,1.94568,1.94545,-0.181296,-0.179842,0,0,0,0.00306796,0.751651,0.754719,
57008.5,0.130388,0.128854,-0.211689,-0.213223,1.94568,1.94545,-0.181296,-0.179842,0,0,0,0.00306796,0.751651,0.754719,
57028.5,0.130388,0.128854,-0.211689,-0.213223,1.94568,1.94545,-0.181296,-0.179842,0,0,0,0.00306796,0.751651,0.754719,
57048.4,0.130388,0.128854,-0.211689,-0.213223,1.94568,1.94545,-0.181296,-0.179842,0,0,0,0.00306796,0.751651,0.754719,
57068.4,0.130388,0.128854,-0.211689,-0.213223,1.94568,1.94545,-0.181296,-0.179842,0,0,0,0.00306796,0.751651,0.754719,
57088.4,0.130388,0.128854,-0.211689,-0.213223,1.94568,1.94545,-0.181296,-0.179842,0,0,0,0.00306796,0.751651,0.753185,
57108.4,0.130388,0.128854,-0.211689,-0.213223,1.94568,1.94545,-0.181296,-0.179842,0,0,0,0.00306796,0.751651,0.753185,
57128.5,0.130388,0.128854,-0.211689,-0.213223,1.94568,1.94545,-0.181296,-0.179842,0,0,0,0.00306796,0.751651,0.753185,
57148.5,0.130388,0.128854,-0.211689,-0.213223,1.94568,1.94545,-0.181296,-0.179842,0,0,0,0.00306796,0.751651,0.753185,
57168.5,0.130388,0.128854,-0.211689,-0.213223,1.94568,1.94545,-0.181296,-0.179842,0,0,0,0.00306796,0.751651,0.753185,
57188.5,0.130388,0.128854,-0.211689,-0.213223,1.94568,1.94545,-0.181296,-0.179842,0,0,0,0.00306796,0.751651,0.753185,
57208.5,0.130388,0.128854,-0.211689,-0.213223,1.94568,1.94545,-0.181296,-0.179842,0,0,0,0.00306796,0.751651,0.754719,
57228.5,0.130388,0.128854,-0.211689,-0.213223,1.94568,1.94545,-0.181296,-0.179842,0,0,0,0.00306796,0.751651,0.754719,
57248.5,0.130388,0.128854,-0.211689,-0.213223,1.94568,1.94545,-0.181296,-0.179842,0,0,0,0.00306796,0.751651,0.754719,
57268.5,0.130388,0.128854,-0.211689,-0.213223,1.94568,1.94545,-0.181296,-0.179842,0,0,0,0.00306796,0.751651,0.754719,
57288.5,0.130388,0.128854,-0.211689,-0.213223,1.94568,1.94545,-0.181296,-0.179842,0,0,0,0.00306796,0.751651,0.754719,
57308.4,0.130388,0.128854,-0.211689,-0.213223,1.94568,1.94545,-0.181296,-0.179842,0,0,0,0.00306796,0.751651,0.753185,
57328.4,0.130388,0.128854,-0.211689,-0.213223,1.94568,1.94545,-0.181296,-0.179842,0,0,0,0.00306796,0.751651,0.753185,
57348.4,0.130388,0.128854,-0.211689,-0.213223,1.94568,1.94545,-0.181296,-0.179842,0,0,0,0.00306796,0.751651,0.753185,
57368.4,0.130388,0.128854,-0.211689,-0.213223,1.94568,1.94545,-0.181296,-0.179842,0,0,0,0.00306796,0.751651,0.753185,
57388.4,0.130388,0.128854,-0.211689,-0.213223,1.94568,1.94545,-0.181296,-0.179842,0,0,0,0.00306796,0.751651,0.753185,
57408.4,0.130388,0.128854,-0.211689,-0.213223,1.94568,1.94545,-0.181296,-0.179842,0,0,0,0.00306796,0.751651,0.753185,
57428.4,0.130388,0.128854,-0.211689,-0.213223,1.94568,1.94545,-0.181296,-0.179842,0,0,0,0.00306796,0.751651,0.753185,
57448.4,0.130388,0.128854,-0.211689,-0.213223,1.94568,1.94545,-0.181296,-0.179842,0,0,0,0.00306796,0.751651,0.753185,
57468.5,0.130388,0.128854,-0.211689,-0.213223,1.94568,1.94545,-0.181296,-0.179842,0,0,0,0.00306796,0.751651,0.753185,
57488.4,0.130388,0.128854,-0.211689,-0.213223,1.94568,1.94545,-0.181296,-0.179842,0,0,0,0.00306796,0.751651,0.754719,
57508.5,0.130388,0.128854,-0.211689,-0.213223,1.94568,1.94545,-0.181296,-0.179842,0,0,0,0.00306796,0.751651,0.754719,
57528.5,0.130388,0.128854,-0.211689,-0.213223,1.94568,1.94545,-0.181296,-0.179842,0,0,0,0.00306796,0.751651,0.754719,
57548.5,0.130388,0.128854,-0.211689,-0.213223,1.94568,1.94545,-0.181296,-0.179842,0,0,0,0.00306796,0.751651,0.754719,
57568.4,0.130388,0.128854,-0.211689,-0.213223,1.94568,1.94545,-0.181296,-0.179842,0,0,0,0.00306796,0.751651,0.754719,
57588.5,0.130388,0.128854,-0.211689,-0.213223,1.94568,1.94545,-0.181296,-0.179842,0,0,0,0.00306796,0.751651,0.754719,
57608.4,0.130388,0.128854,-0.211689,-0.213223,1.94568,1.94545,-0.181296,-0.179842,0,0,0,0.00306796,0.751651,0.754719,
57628.4,0.130388,0.128854,-0.211689,-0.213223,1.94568,1.94545,-0.181296,-0.179842,0,0,0,0.00306796,0.751651,0.754719,
57648.5,0.130388,0.128854,-0.211689,-0.213223,1.94568,1.94545,-0.181296,-0.179842,0,0,0,0.00306796,0.751651,0.754719,
57668.5,0.130388,0.128854,-0.211689,-0.213223,1.94568,1.94545,-0.181296,-0.179842,0,0,0,0.00306796,0.751651,0.754719,
57688.5,0.130388,0.128854,-0.211689,-0.213223,1.94568,1.94545,-0.181296,-0.179842,0,0,0,0.00306796,0.751651,0.754719,
57708.4,0.130388,0.128854,-0.211689,-0.213223,1.94568,1.94545,-0.181296,-0.179842,0,0,0,0.00306796,0.751651,0.753185,
57728.5,0.130388,0.128854,-0.211689,-0.213223,1.94568,1.94545,-0.181296,-0.179842,0,0,0,0.00306796,0.751651,0.753185,
57748.4,0.130388,0.128854,-0.211689,-0.213223,1.94568,1.94545,-0.181296,-0.179842,0,0,0,0.00306796,0.751651,0.753185,
57768.5,0.130388,0.128854,-0.211689,-0.213223,1.94568,1.94545,-0.181296,-0.179842,0,0,0,0.00306796,0.751651,0.753185,
57788.3,0.130388,0.128854,-0.211689,-0.213223,1.94568,1.94545,-0.181296,-0.179842,0,0,0,0.00306796,0.751651,0.753185,
57808.5,0.130388,0.128854,-0.211689,-0.213223,1.94568,1.94545,-0.181296,-0.179842,0,0,0,0.00306796,0.751651,0.753185,
57828.5,0.130388,0.128854,-0.211689,-0.213223,1.94568,1.94545,-0.181296,-0.179842,0,0,0,0.00306796,0.751651,0.753185,
57848.4,0.130388,0.128854,-0.211689,-0.213223,1.94568,1.94545,-0.181296,-0.179842,0,0,0,0.00306796,0.751651,0.753185,
57868.4,0.130388,0.128854,-0.211689,-0.213223,1.94568,1.94545,-0.181296,-0.179842,0,0,0,0.00306796,0.751651,0.753185,
57888.4,0.130388,0.128854,-0.211689,-0.213223,1.94568,1.94545,-0.181296,-0.179842,0,0,0,0.00306796,0.751651,0.753185,
57908.5,0.130388,0.128854,-0.211689,-0.213223,1.94568,1.94545,-0.181296,-0.179842,0,0,0,0.00306796,0.751651,0.754719,
57928.5,0.130388,0.128854,-0.211689,-0.213223,1.94568,1.94545,-0.181296,-0.179842,0,0,0,0.00306796,0.751651,0.754719,
57948.5,0.130388,0.128854,-0.211689,-0.213223,1.94568,1.94545,-0.181296,-0.179842,0,0,0,0.00306796,0.751651,0.754719,
57968.4,0.130388,0.128854,-0.211689,-0.213223,1.94568,1.94545,-0.181296,-0.179842,0,0,0,0.00306796,0.751651,0.754719,
57988.5,0.130388,0.128854,-0.211689,-0.213223,1.94568,1.94545,-0.181296,-0.179842,0,0,0,0.00306796,0.751651,0.754719,
58008.5,0.130388,0.128854,-0.211689,-0.213223,1.94568,1.94545,-0.181296,-0.179842,0,0,0,0.00306796,0.751651,0.753185,
58028.5,0.130388,0.128854,-0.211689,-0.213223,1.94568,1.94545,-0.181296,-0.179842,0,0,0,0.00306796,0.751651,0.753185,
58048.5,0.130388,0.128854,-0.211689,-0.213223,1.94568,1.94545,-0.181296,-0.179842,0,0,0,0.00306796,0.751651,0.753185,
58068.4,0.130388,0.128854,-0.211689,-0.213223,1.94568,1.94545,-0.181296,-0.179842,0,0,0,0.00306796,0.751651,0.753185,
58088.5,0.130388,0.128854,-0.211689,-0.213223,1.94568,1.94545,-0.181296,-0.179842,0,0,0,0.00306796,0.751651,0.753185,
58108.4,0.130388,0.128854,-0.211689,-0.213223,1.94568,1.94545,-0.181296,-0.179842,0,0,0,0.00306796,0.751651,0.754719,
58128.4,0.130388,0.128854,-0.211689,-0.213223,1.94568,1.94545,-0.181296,-0.179842,0,0,0,0.00306796,0.751651,0.754719,
58148.5,0.130388,0.128854,-0.211689,-0.213223,1.94568,1.94545,-0.181296,-0.179842,0,0,0,0.00306796,0.751651,0.754719,
58168.5,0.130388,0.128854,-0.211689,-0.213223,1.94568,1.94545,-0.181296,-0.179842,0,0,0,0.00306796,0.751651,0.754719,
58188.5,0.130388,0.128854,-0.211689,-0.213223,1.94568,1.94545,-0.181296,-0.179842,0,0,0,0.00306796,0.751651,0.754719,
58208.4,0.130388,0.128854,-0.211689,-0.213223,1.94568,1.94545,-0.181296,-0.179842,0,0,0,0.00306796,0.751651,0.754719,
58228.5,0.130388,0.128854,-0.211689,-0.213223,1.94568,1.94545,-0.181296,-0.179842,0,0,0,0.00306796,0.751651,0.754719,
58248.4,0.130388,0.128854,-0.211689,-0.213223,1.94568,1.94545,-0.181296,-0.179842,0,0,0,0.00306796,0.751651,0.754719,
58268.5,0.130388,0.128854,-0.211689,-0.213223,1.94568,1.94545,-0.181296,-0.179842,0,0,0,0.00306796,0.751651,0.754719,
58288.5,0.130388,0.128854,-0.211689,-0.213223,1.94568,1.94545,-0.181296,-0.179842,0,0,0,0.00306796,0.751651,0.754719,
58308.5,0.130388,0.128854,-0.211689,-0.213223,1.94568,1.94545,-0.181296,-0.179842,0,0,0,0.00306796,0.751651,0.754719,
58328.5,0.130388,0.128854,-0.211689,-0.213223,1.94568,1.94545,-0.181296,-0.179842,0,0,0,0.00306796,0.751651,0.754719,
58348.5,0.130388,0.128854,-0.211689,-0.213223,1.94568,1.94545,-0.181296,-0.179842,0,0,0,0.00306796,0.751651,0.754719,
58368.4,0.130388,0.128854,-0.211689,-0.213223,1.94568,1.94545,-0.181296,-0.179842,0,0,0,0.00306796,0.751651,0.754719,
58388.5,0.130388,0.128854,-0.211689,-0.213223,1.94568,1.94545,-0.181296,-0.179842,0,0,0,0.00306796,0.751651,0.754719,
58408.4,0.130388,0.128854,-0.211689,-0.213223,1.94568,1.94545,-0.181296,-0.179842,0,0,0,0.00306796,0.751651,0.753185,
58428.5,0.130388,0.128854,-0.211689,-0.213223,1.94568,1.94545,-0.181296,-0.179842,0,0,0,0.00306796,0.751651,0.753185,
58448.5,0.130388,0.128854,-0.211689,-0.213223,1.94568,1.94545,-0.181296,-0.179842,0,0,0,0.00306796,0.751651,0.753185,
58468.5,0.130388,0.128854,-0.211689,-0.213223,1.94568,1.94545,-0.181296,-0.179842,0,0,0,0.00306796,0.751651,0.753185,
58488.5,0.130388,0.128854,-0.211689,-0.213223,1.94568,1.94545,-0.181296,-0.179842,0,0,0,0.00306796,0.751651,0.753185,
58508.4,0.130388,0.128854,-0.211689,-0.213223,1.94568,1.94545,-0.181296,-0.179842,0,0,0,0.00306796,0.751651,0.753185,
58528.5,0.130388,0.128854,-0.211689,-0.213223,1.94568,1.94545,-0.181296,-0.179842,0,0,0,0.00306796,0.751651,0.753185,
58548.5,0.130388,0.128854,-0.211689,-0.213223,1.94568,1.94545,-0.181296,-0.179842,0,0,0,0.00306796,0.751651,0.753185,
58568.4,0.130388,0.128854,-0.211689,-0.213223,1.94568,1.94545,-0.181296,-0.179842,0,0,0,0.00306796,0.751651,0.753185,
58588.4,0.130388,0.128854,-0.211689,-0.213223,1.94568,1.94545,-0.181296,-0.179842,0,0,0,0.00306796,0.751651,0.753185,
58608.4,0.130388,0.128854,-0.211689,-0.213223,1.94568,1.94545,-0.181296,-0.179842,0,0,0,0.00306796,0.751651,0.753185,
58628.4,0.130388,0.128854,-0.211689,-0.213223,1.94568,1.94545,-0.181296,-0.179842,0,0,0,0.00306796,0.751651,0.754719,
58648.4,0.130388,0.128854,-0.211689,-0.213223,1.94568,1.94545,-0.181296,-0.179842,0,0,0,0.00306796,0.751651,0.754719,
58668.5,0.130388,0.128854,-0.211689,-0.213223,1.94568,1.94545,-0.181296,-0.179842,0,0,0,0.00306796,0.751651,0.754719,
58688.4,0.130388,0.128854,-0.211689,-0.213223,1.94568,1.94545,-0.181296,-0.179842,0,0,0,0.00306796,0.751651,0.754719,
58708.4,0.130388,0.128854,-0.211689,-0.213223,1.94568,1.94545,-0.181296,-0.179842,0,0,0,0.00306796,0.751651,0.754719,
58728.5,0.130388,0.128854,-0.211689,-0.213223,1.94568,1.94545,-0.181296,-0.179842,0,0,0,0.00306796,0.751651,0.754719,
58748.4,0.130388,0.128854,-0.211689,-0.213223,1.94568,1.94545,-0.181296,-0.179842,0,0,0,0.00306796,0.751651,0.754719,
58768.4,0.130388,0.128854,-0.211689,-0.213223,1.94568,1.94545,-0.181296,-0.179842,0,0,0,0.00306796,0.751651,0.754719,
58788.4,0.130388,0.128854,-0.211689,-0.213223,1.94568,1.94545,-0.181296,-0.179842,0,0,0,0.00306796,0.751651,0.754719,
58808.5,0.130388,0.128854,-0.211689,-0.213223,1.94568,1.94545,-0.181296,-0.179842,0,0,0,0.00306796,0.751651,0.753185,
58828.4,0.130388,0.128854,-0.211689,-0.213223,1.94568,1.94545,-0.181296,-0.179842,0,0,0,0.00306796,0.751651,0.753185,
58848.5,0.130388,0.128854,-0.211689,-0.213223,1.94568,1.94545,-0.181296,-0.179842,0,0,0,0.00306796,0.751651,0.753185,
58868.5,0.130388,0.128854,-0.211689,-0.213223,1.94568,1.94545,-0.181296,-0.179842,0,0,0,0.00306796,0.751651,0.753185,
58888.4,0.130388,0.128854,-0.211689,-0.213223,1.94568,1.94545,-0.181296,-0.179842,0,0,0,0.00306796,0.751651,0.753185,
58908.4,0.130388,0.128854,-0.211689,-0.213223,1.94568,1.94545,-0.181296,-0.179842,0,0,0,0.00306796,0.751651,0.753185,
58928.5,0.130388,0.128854,-0.211689,-0.213223,1.94568,1.94545,-0.181296,-0.179842,0,0,0,0.00306796,0.751651,0.753185,
58948.5,0.130388,0.128854,-0.211689,-0.213223,1.94568,1.94545,-0.181296,-0.179842,0,0,0,0.00306796,0.751651,0.753185,
58968.5,0.130388,0.128854,-0.211689,-0.213223,1.94568,1.94545,-0.181296,-0.179842,0,0,0,0.00306796,0.751651,0.753185,
58988.4,0.130388,0.128854,-0.211689,-0.213223,1.94568,1.94545,-0.181296,-0.179842,0,0,0,0.00306796,0.751651,0.753185,
59008.5,0.130388,0.128854,-0.211689,-0.213223,1.94568,1.94545,-0.181296,-0.179842,0,0,0,0.00306796,0.751651,0.754719,
59028.5,0.130388,0.128854,-0.211689,-0.213223,1.94568,1.94545,-0.181296,-0.179842,0,0,0,0.00306796,0.751651,0.754719,
59048.5,0.130388,0.128854,-0.211689,-0.213223,1.94568,1.94545,-0.181296,-0.179842,0,0,0,0.00306796,0.751651,0.754719,
59068.4,0.130388,0.128854,-0.211689,-0.213223,1.94568,1.94545,-0.181296,-0.179842,0,0,0,0.00306796,0.751651,0.754719,
59088.4,0.130388,0.128854,-0.211689,-0.213223,1.94568,1.94545,-0.181296,-0.179842,0,0,0,0.00306796,0.751651,0.754719,
59108.4,0.130388,0.128854,-0.211689,-0.213223,1.94568,1.94545,-0.181296,-0.179842,0,0,0,0.00306796,0.751651,0.754719,
59128.3,0.130388,0.128854,-0.211689,-0.213223,1.94568,1.94545,-0.181296,-0.179842,0,0,0,0.00306796,0.751651,0.754719,
59148.4,0.130388,0.128854,-0.211689,-0.213223,1.94568,1.94545,-0.181296,-0.179842,0,0,0,0.00306796,0.751651,0.754719,
59168.5,0.130388,0.128854,-0.211689,-0.213223,1.94568,1.94545,-0.181296,-0.179842,0,0,0,0.00306796,0.751651,0.754719,
59188.5,0.130388,0.128854,-0.211689,-0.213223,1.94568,1.94545,-0.181296,-0.179842,0,0,0,0.00306796,0.751651,0.754719,
59208.5,0.130388,0.128854,-0.211689,-0.213223,1.94568,1.94545,-0.181296,-0.179842,0,0,0,0.00306796,0.751651,0.754719,
59228.5,0.130388,0.128854,-0.211689,-0.213223,1.94568,1.94545,-0.181296,-0.179842,0,0,0,0.00306796,0.751651,0.754719,
59248.5,0.130388,0.128854,-0.211689,-0.213223,1.94568,1.94545,-0.181296,-0.179842,0,0,0,0.00306796,0.751651,0.754719,
59268.5,0.130388,0.128854,-0.211689,-0.213223,1.94568,1.94545,-0.181296,-0.179842,0,0,0,0.00306796,0.751651,0.754719,
59288.5,0.130388,0.128854,-0.211689,-0.213223,1.94568,1.94545,-0.181296,-0.179842,0,0,0,0.00306796,0.751651,0.754719,
59308.4,0.130388,0.128854,-0.211689,-0.213223,1.94568,1.94545,-0.181296,-0.179842,0,0,0,0.00306796,0.751651,0.753185,
59328.5,0.130388,0.128854,-0.211689,-0.213223,1.94568,1.94545,-0.181296,-0.179842,0,0,0,0.00306796,0.751651,0.753185,
59348.5,0.130388,0.128854,-0.211689,-0.213223,1.94568,1.94545,-0.181296,-0.179842,0,0,0,0.00306796,0.751651,0.753185,
59368.5,0.130388,0.128854,-0.211689,-0.213223,1.94568,1.94545,-0.181296,-0.179842,0,0,0,0.00306796,0.751651,0.753185,
59388.4,0.130388,0.128854,-0.211689,-0.213223,1.94568,1.94545,-0.181296,-0.179842,0,0,0,0.00306796,0.751651,0.753185,
59408.4,0.130388,0.128854,-0.211689,-0.213223,1.94568,1.94545,-0.181296,-0.179842,0,0,0,0.00306796,0.751651,0.754719,
59428.5,0.130388,0.128854,-0.211689,-0.213223,1.94568,1.94545,-0.181296,-0.179842,0,0,0,0.00306796,0.751651,0.754719,
59448.4,0.130388,0.128854,-0.211689,-0.213223,1.94568,1.94545,-0.181296,-0.179842,0,0,0,0.00306796,0.751651,0.754719,
59468.5,0.130388,0.128854,-0.211689,-0.213223,1.94568,1.94545,-0.181296,-0.179842,0,0,0,0.00306796,0.751651,0.754719,
59488.5,0.130388,0.128854,-0.211689,-0.211689,1.94568,1.94545,-0.181296,-0.179842,0,0,0,0.00306796,0.751651,0.754719,
59508.5,0.130388,0.128854,-0.211689,-0.211689,1.94568,1.94545,-0.181296,-0.179842,0,0,0,0.00306796,0.751651,0.754719,
59528.5,0.130388,0.128854,-0.211689,-0.211689,1.94568,1.94545,-0.181296,-0.179842,0,0,0,0.00306796,0.751651,0.754719,
59548.5,0.130388,0.128854,-0.211689,-0.211689,1.94568,1.94545,-0.181296,-0.179842,0,0,0,0.00306796,0.751651,0.754719,
59568.4,0.130388,0.128854,-0.211689,-0.211689,1.94568,1.94545,-0.181296,-0.179842,0,0,0,0.00306796,0.751651,0.754719,
59588.5,0.130388,0.128854,-0.211689,-0.211689,1.94568,1.94545,-0.181296,-0.179842,0,0,0,0.00306796,0.751651,0.754719,
59608.4,0.130388,0.128854,-0.211689,-0.213223,1.94568,1.94545,-0.181296,-0.179842,0,0,0,0.00306796,0.751651,0.754719,
59628.5,0.130388,0.128854,-0.211689,-0.213223,1.94568,1.94545,-0.181296,-0.179842,0,0,0,0.00306796,0.751651,0.754719,
59648.4,0.130388,0.128854,-0.211689,-0.213223,1.94568,1.94545,-0.181296,-0.179842,0,0,0,0.00306796,0.751651,0.754719,
59668.5,0.130388,0.128854,-0.211689,-0.213223,1.94568,1.94545,-0.181296,-0.179842,0,0,0,0.00306796,0.751651,0.754719,
59688.5,0.130388,0.128854,-0.211689,-0.213223,1.94568,1.94545,-0.181296,-0.179842,0,0,0,0.00306796,0.751651,0.754719,
59708.5,0.130388,0.128854,-0.211689,-0.213223,1.94568,1.94545,-0.181296,-0.179842,0,0,0,0.00306796,0.751651,0.753185,
59728.4,0.130388,0.128854,-0.211689,-0.213223,1.94568,1.94545,-0.181296,-0.179842,0,0,0,0.00306796,0.751651,0.753185,
59748.4,0.130388,0.128854,-0.211689,-0.213223,1.94568,1.94545,-0.181296,-0.179842,0,0,0,0.00306796,0.751651,0.753185,
59768.4,0.130388,0.128854,-0.211689,-0.213223,1.94568,1.94545,-0.181296,-0.179842,0,0,0,0.00306796,0.751651,0.753185,
59788.4,0.130388,0.128854,-0.211689,-0.213223,1.94568,1.94545,-0.181296,-0.179842,0,0,0,0.00306796,0.751651,0.753185,
59808.3,0.130388,0.128854,-0.211689,-0.213223,1.94568,1.94545,-0.181296,-0.179842,0,0,0,0.00306796,0.751651,0.754719,
59828.4,0.130388,0.128854,-0.211689,-0.213223,1.94568,1.94545,-0.181296,-0.179842,0,0,0,0.00306796,0.751651,0.754719,
59848.5,0.130388,0.128854,-0.211689,-0.213223,1.94568,1.94545,-0.181296,-0.179842,0,0,0,0.00306796,0.751651,0.754719,
59868.3,0.130388,0.128854,-0.211689,-0.213223,1.94568,1.94545,-0.181296,-0.179842,0,0,0,0.00306796,0.751651,0.754719,
59888.4,0.130388,0.128854,-0.211689,-0.213223,1.94568,1.94545,-0.181296,-0.179842,0,0,0,0.00306796,0.751651,0.754719,
59908.4,0.130388,0.128854,-0.211689,-0.213223,1.94568,1.94545,-0.181296,-0.179842,0,0,0,0.00306796,0.751651,0.754719,
59928.4,0.130388,0.128854,-0.211689,-0.213223,1.94568,1.94545,-0.181296,-0.179842,0,0,0,0.00306796,0.751651,0.754719,
59948.4,0.130388,0.128854,-0.211689,-0.213223,1.94568,1.94545,-0.181296,-0.179842,0,0,0,0.00306796,0.751651,0.754719,
59968.5,0.130388,0.128854,-0.211689,-0.213223,1.94568,1.94545,-0.181296,-0.179842,0,0,0,0.00306796,0.751651,0.754719,
59988.5,0.130388,0.128854,-0.211689,-0.213223,1.94568,1.94545,-0.181296,-0.179842,0,0,0,0.00306796,0.751651,0.754719,
60008.5,0.130388,0.128854,-0.211689,-0.213223,1.94568,1.94545,-0.181296,-0.179842,0,0,0,0.00306796,0.751651,0.754719,
60028.4,0.130388,0.128854,-0.211689,-0.213223,1.94568,1.94545,-0.181296,-0.179842,0,0,0,0.00306796,0.751651,0.754719,
60048.5,0.130388,0.128854,-0.211689,-0.213223,1.94568,1.94545,-0.181296,-0.179842,0,0,0,0.00306796,0.751651,0.754719,
60068.4,0.130388,0.128854,-0.211689,-0.213223,1.94568,1.94545,-0.181296,-0.179842,0,0,0,0.00306796,0.751651,0.754719,
60088.5,0.130388,0.128854,-0.211689,-0.213223,1.94568,1.94545,-0.181296,-0.179842,0,0,0,0.00306796,0.751651,0.754719,
60108.3,0.130388,0.128854,-0.211689,-0.213223,1.94568,1.94545,-0.181296,-0.179842,0,0,0,0.00306796,0.751651,0.754719,
60128.5,0.130388,0.128854,-0.211689,-0.213223,1.94568,1.94545,-0.181296,-0.179842,0,0,0,0.00306796,0.751651,0.754719,
60148.5,0.130388,0.128854,-0.211689,-0.213223,1.94568,1.94545,-0.181296,-0.179842,0,0,0,0.00306796,0.751651,0.754719,
60168.5,0.130388,0.128854,-0.211689,-0.213223,1.94568,1.94545,-0.181296,-0.179842,0,0,0,0.00306796,0.751651,0.754719,
60188.5,0.130388,0.128854,-0.211689,-0.213223,1.94568,1.94545,-0.181296,-0.179842,0,0,0,0.00306796,0.751651,0.754719,
60208.5,0.130388,0.128854,-0.211689,-0.213223,1.94568,1.94545,-0.181296,-0.179842,0,0,0,0.00306796,0.751651,0.753185,
60228.5,0.130388,0.128854,-0.211689,-0.213223,1.94568,1.94545,-0.181296,-0.179842,0,0,0,0.00306796,0.751651,0.753185,
60248.4,0.130388,0.128854,-0.211689,-0.213223,1.94568,1.94545,-0.181296,-0.179842,0,0,0,0.00306796,0.751651,0.753185,
60268.5,0.130388,0.128854,-0.211689,-0.213223,1.94568,1.94545,-0.181296,-0.179842,0,0,0,0.00306796,0.751651,0.753185,
60288.5,0.130388,0.128854,-0.211689,-0.213223,1.94568,1.94545,-0.181296,-0.179842,0,0,0,0.00306796,0.751651,0.754719,
60308.5,0.130388,0.128854,-0.211689,-0.213223,1.94568,1.94545,-0.181296,-0.179842,0,0,0,0.00306796,0.751651,0.754719,
60328.5,0.130388,0.128854,-0.211689,-0.213223,1.94568,1.94545,-0.181296,-0.179842,0,0,0,0.00306796,0.751651,0.754719,
60348.5,0.130388,0.128854,-0.211689,-0.213223,1.94568,1.94545,-0.181296,-0.179842,0,0,0,0.00306796,0.751651,0.754719,
60368.5,0.130388,0.128854,-0.211689,-0.213223,1.94568,1.94545,-0.181296,-0.179842,0,0,0,0.00306796,0.751651,0.754719,
60388.5,0.130388,0.128854,-0.211689,-0.213223,1.94568,1.94545,-0.181296,-0.179842,0,0,0,0.00306796,0.751651,0.754719,
60408.5,0.130388,0.128854,-0.211689,-0.213223,1.94568,1.94545,-0.181296,-0.179842,0,0,0,0.00306796,0.751651,0.753185,
60428.4,0.130388,0.128854,-0.211689,-0.213223,1.94568,1.94545,-0.181296,-0.179842,0,0,0,0.00306796,0.751651,0.753185,
60448.4,0.130388,0.128854,-0.211689,-0.213223,1.94568,1.94545,-0.181296,-0.179842,0,0,0,0.00306796,0.751651,0.753185,
60468.5,0.130388,0.128854,-0.211689,-0.213223,1.94568,1.94545,-0.181296,-0.179842,0,0,0,0.00306796,0.751651,0.753185,
60488.5,0.130388,0.128854,-0.211689,-0.213223,1.94568,1.94545,-0.181296,-0.179842,0,0,0,0.00306796,0.751651,0.753185,
60508.5,0.130388,0.128854,-0.211689,-0.213223,1.94568,1.94545,-0.181296,-0.179842,0,0,0,0.00306796,0.751651,0.754719,
60528.4,0.130388,0.128854,-0.211689,-0.213223,1.94568,1.94545,-0.181296,-0.179842,0,0,0,0.00306796,0.751651,0.754719,
60548.5,0.130388,0.128854,-0.211689,-0.213223,1.94568,1.94545,-0.181296,-0.179842,0,0,0,0.00306796,0.751651,0.754719,
60568.4,0.130388,0.128854,-0.211689,-0.213223,1.94568,1.94545,-0.181296,-0.179842,0,0,0,0.00306796,0.751651,0.754719,
60588.4,0.130388,0.128854,-0.211689,-0.213223,1.94568,1.94545,-0.181296,-0.179842,0,0,0,0.00306796,0.751651,0.754719,
60608.5,0.130388,0.128854,-0.211689,-0.213223,1.94568,1.94545,-0.181296,-0.179842,0,0,0,0.00306796,0.751651,0.753185,
60628.5,0.130388,0.128854,-0.211689,-0.213223,1.94568,1.94545,-0.181296,-0.179842,0,0,0,0.00306796,0.751651,0.753185,
60648.4,0.130388,0.128854,-0.211689,-0.213223,1.94568,1.94545,-0.181296,-0.179842,0,0,0,0.00306796,0.751651,0.753185,
60668.4,0.130388,0.128854,-0.211689,-0.213223,1.94568,1.94545,-0.181296,-0.179842,0,0,0,0.00306796,0.751651,0.753185,
60688.4,0.130388,0.128854,-0.211689,-0.213223,1.94568,1.94545,-0.181296,-0.179842,0,0,0,0.00306796,0.751651,0.754719,
60708.4,0.130388,0.128854,-0.211689,-0.213223,1.94568,1.94545,-0.181296,-0.179842,0,0,0,0.00306796,0.751651,0.754719,
60728.4,0.130388,0.128854,-0.211689,-0.213223,1.94568,1.94545,-0.181296,-0.179842,0,0,0,0.00306796,0.751651,0.754719,
60748.4,0.130388,0.128854,-0.211689,-0.213223,1.94568,1.94545,-0.181296,-0.179842,0,0,0,0.00306796,0.751651,0.754719,
60768.4,0.130388,0.128854,-0.211689,-0.213223,1.94568,1.94545,-0.181296,-0.179842,0,0,0,0.00306796,0.751651,0.754719,
60788.4,0.130388,0.128854,-0.211689,-0.213223,1.94568,1.94545,-0.181296,-0.179842,0,0,0,0.00306796,0.751651,0.754719,
60808.4,0.130388,0.128854,-0.211689,-0.213223,1.94568,1.94545,-0.181296,-0.179842,0,0,0,0.00306796,0.751651,0.754719,
60828.3,0.130388,0.128854,-0.211689,-0.213223,1.94568,1.94545,-0.181296,-0.179842,0,0,0,0.00306796,0.751651,0.754719,
60848.4,0.130388,0.128854,-0.211689,-0.213223,1.94568,1.94545,-0.181296,-0.179842,0,0,0,0.00306796,0.751651,0.754719,
60868.3,0.130388,0.128854,-0.211689,-0.213223,1.94568,1.94545,-0.181296,-0.179842,0,0,0,0.00306796,0.751651,0.754719,
60888.4,0.130388,0.128854,-0.211689,-0.213223,1.94568,1.94545,-0.181296,-0.179842,0,0,0,0.00306796,0.751651,0.754719,
60908.5,0.130388,0.128854,-0.211689,-0.211689,1.94568,1.94545,-0.181296,-0.179842,0,0,0,0.00306796,0.751651,0.754719,
60928.4,0.130388,0.128854,-0.211689,-0.211689,1.94568,1.94545,-0.181296,-0.179842,0,0,0,0.00306796,0.751651,0.754719,
60948.5,0.130388,0.128854,-0.211689,-0.211689,1.94568,1.94545,-0.181296,-0.179842,0,0,0,0.00306796,0.751651,0.754719,
60968.4,0.130388,0.128854,-0.211689,-0.211689,1.94568,1.94545,-0.181296,-0.179842,0,0,0,0.00306796,0.751651,0.754719,
60988.4,0.130388,0.128854,-0.211689,-0.211689,1.94568,1.94545,-0.181296,-0.179842,0,0,0,0.00306796,0.751651,0.754719,
61008.4,0.130388,0.128854,-0.211689,-0.214757,1.94568,1.94545,-0.181296,-0.179842,0,0,0,0.00306796,0.751651,0.754719,
61028.5,0.130388,0.128854,-0.211689,-0.214757,1.94568,1.94545,-0.181296,-0.179842,0,0,0,0.00306796,0.751651,0.754719,
61048.5,0.130388,0.128854,-0.211689,-0.214757,1.94568,1.94545,-0.181296,-0.179842,0,0,0,0.00306796,0.751651,0.754719,
61068.4,0.130388,0.128854,-0.211689,-0.214757,1.94568,1.94545,-0.181296,-0.179842,0,0,0,0.00306796,0.751651,0.754719,
61088.4,0.130388,0.128854,-0.211689,-0.214757,1.94568,1.94545,-0.181296,-0.179842,0,0,0,0.00306796,0.751651,0.754719,
61108.3,0.130388,0.128854,-0.211689,-0.213223,1.94568,1.94545,-0.181296,-0.179842,0,0,0,0.00306796,0.751651,0.753185,
61128.3,0.130388,0.128854,-0.211689,-0.213223,1.94568,1.94545,-0.181296,-0.179842,0,0,0,0.00306796,0.751651,0.753185,
61148.5,0.130388,0.128854,-0.211689,-0.213223,1.94568,1.94545,-0.181296,-0.179842,0,0,0,0.00306796,0.751651,0.753185,
61168.5,0.130388,0.128854,-0.211689,-0.213223,1.94568,1.94545,-0.181296,-0.179842,0,0,0,0.00306796,0.751651,0.753185,
61188.5,0.130388,0.128854,-0.211689,-0.213223,1.94568,1.94545,-0.181296,-0.179842,0,0,0,0.00306796,0.751651,0.753185,
61208.5,0.130388,0.128854,-0.211689,-0.213223,1.94568,1.94545,-0.181296,-0.179842,0,0,0,0.00306796,0.751651,0.754719,
61228.4,0.130388,0.128854,-0.211689,-0.213223,1.94568,1.94545,-0.181296,-0.179842,0,0,0,0.00306796,0.751651,0.754719,
61248.5,0.130388,0.128854,-0.211689,-0.213223,1.94568,1.94545,-0.181296,-0.179842,0,0,0,0.00306796,0.751651,0.754719,
61268.5,0.130388,0.128854,-0.211689,-0.213223,1.94568,1.94545,-0.181296,-0.179842,0,0,0,0.00306796,0.751651,0.754719,
61288.5,0.130388,0.128854,-0.211689,-0.213223,1.94568,1.94545,-0.181296,-0.179842,0,0,0,0.00306796,0.751651,0.754719,
61308.4,0.130388,0.128854,-0.211689,-0.213223,1.94568,1.94545,-0.181296,-0.179842,0,0,0,0.00306796,0.751651,0.754719,
61328.4,0.130388,0.128854,-0.211689,-0.213223,1.94568,1.94545,-0.181296,-0.179842,0,0,0,0.00306796,0.751651,0.754719,
61348.5,0.130388,0.128854,-0.211689,-0.213223,1.94568,1.94545,-0.181296,-0.179842,0,0,0,0.00306796,0.751651,0.754719,
61368.5,0.130388,0.128854,-0.211689,-0.213223,1.94568,1.94545,-0.181296,-0.179842,0,0,0,0.00306796,0.751651,0.754719,
61388.4,0.130388,0.128854,-0.211689,-0.213223,1.94568,1.94545,-0.181296,-0.179842,0,0,0,0.00306796,0.751651,0.754719,
61408.5,0.130388,0.128854,-0.211689,-0.213223,1.94568,1.94545,-0.181296,-0.179842,0,0,0,0.00306796,0.751651,0.754719,
61428.5,0.130388,0.128854,-0.211689,-0.213223,1.94568,1.94545,-0.181296,-0.179842,0,0,0,0.00306796,0.751651,0.754719,
61448.5,0.130388,0.128854,-0.211689,-0.213223,1.94568,1.94545,-0.181296,-0.179842,0,0,0,0.00306796,0.751651,0.754719,
61468.5,0.130388,0.128854,-0.211689,-0.213223,1.94568,1.94545,-0.181296,-0.179842,0,0,0,0.00306796,0.751651,0.754719,
61488.5,0.130388,0.128854,-0.211689,-0.213223,1.94568,1.94545,-0.181296,-0.179842,0,0,0,0.00306796,0.751651,0.754719,
61508.5,0.130388,0.128854,-0.211689,-0.213223,1.94568,1.94545,-0.181296,-0.179842,0,0,0,0.00306796,0.751651,0.754719,
61528.5,0.130388,0.128854,-0.211689,-0.213223,1.94568,1.94545,-0.181296,-0.179842,0,0,0,0.00306796,0.751651,0.754719,
61548.5,0.130388,0.128854,-0.211689,-0.213223,1.94568,1.94545,-0.181296,-0.179842,0,0,0,0.00306796,0.751651,0.754719,
61568.4,0.130388,0.128854,-0.211689,-0.213223,1.94568,1.94545,-0.181296,-0.179842,0,0,0,0.00306796,0.751651,0.754719,
61588.5,0.130388,0.128854,-0.211689,-0.213223,1.94568,1.94545,-0.181296,-0.179842,0,0,0,0.00306796,0.751651,0.754719,
61608.3,0.130388,0.128854,-0.211689,-0.213223,1.94568,1.94545,-0.181296,-0.179842,0,0,0,0.00306796,0.751651,0.754719,
61628.4,0.130388,0.128854,-0.211689,-0.213223,1.94568,1.94545,-0.181296,-0.179842,0,0,0,0.00306796,0.751651,0.754719,
61648.4,0.130388,0.128854,-0.211689,-0.213223,1.94568,1.94545,-0.181296,-0.179842,0,0,0,0.00306796,0.751651,0.754719,
61668.4,0.130388,0.128854,-0.211689,-0.213223,1.94568,1.94545,-0.181296,-0.179842,0,0,0,0.00306796,0.751651,0.754719,
61688.5,0.130388,0.128854,-0.211689,-0.213223,1.94568,1.94545,-0.181296,-0.179842,0,0,0,0.00306796,0.751651,0.754719,
61708.4,0.130388,0.128854,-0.211689,-0.213223,1.94568,1.94545,-0.181296,-0.179842,0,0,0,0.00306796,0.751651,0.753185,
61728.5,0.130388,0.128854,-0.211689,-0.213223,1.94568,1.94545,-0.181296,-0.179842,0,0,0,0.00306796,0.751651,0.753185,
61748.5,0.130388,0.128854,-0.211689,-0.213223,1.94568,1.94545,-0.181296,-0.179842,0,0,0,0.00306796,0.751651,0.753185,
61768.5,0.130388,0.128854,-0.211689,-0.213223,1.94568,1.94545,-0.181296,-0.179842,0,0,0,0.00306796,0.751651,0.753185,
61788.4,0.130388,0.128854,-0.211689,-0.213223,1.94568,1.94545,-0.181296,-0.179842,0,0,0,0.00306796,0.751651,0.753185,
61808.4,0.130388,0.128854,-0.211689,-0.213223,1.94568,1.94545,-0.181296,-0.179842,0,0,0,0.00306796,0.751651,0.753185,
61828.5,0.130388,0.128854,-0.211689,-0.213223,1.94568,1.94545,-0.181296,-0.179842,0,0,0,0.00306796,0.751651,0.753185,
61848.4,0.130388,0.128854,-0.211689,-0.213223,1.94568,1.94545,-0.181296,-0.179842,0,0,0,0.00306796,0.751651,0.753185,
61868.5,0.130388,0.128854,-0.211689,-0.213223,1.94568,1.94545,-0.181296,-0.179842,0,0,0,0.00306796,0.751651,0.753185,
61888.4,0.130388,0.128854,-0.211689,-0.213223,1.94568,1.94545,-0.181296,-0.179842,0,0,0,0.00306796,0.751651,0.753185,
61908.5,0.130388,0.128854,-0.211689,-0.213223,1.94568,1.94545,-0.181296,-0.179842,0,0,0,0.00306796,0.751651,0.753185,
61928.5,0.130388,0.128854,-0.211689,-0.213223,1.94568,1.94545,-0.181296,-0.179842,0,0,0,0.00306796,0.751651,0.753185,
61948.5,0.130388,0.128854,-0.211689,-0.213223,1.94568,1.94545,-0.181296,-0.179842,0,0,0,0.00306796,0.751651,0.753185,
61968.5,0.130388,0.128854,-0.211689,-0.213223,1.94568,1.94545,-0.181296,-0.179842,0,0,0,0.00306796,0.751651,0.753185,
61988.5,0.130388,0.128854,-0.211689,-0.213223,1.94568,1.94545,-0.181296,-0.179842,0,0,0,0.00306796,0.751651,0.753185,
62008.5,0.130388,0.128854,-0.211689,-0.213223,1.94568,1.94545,-0.181296,-0.179842,0,0,0,0.00306796,0.751651,0.754719,
62028.4,0.130388,0.128854,-0.211689,-0.213223,1.94568,1.94545,-0.181296,-0.179842,0,0,0,0.00306796,0.751651,0.754719,
62048.5,0.130388,0.128854,-0.211689,-0.213223,1.94568,1.94545,-0.181296,-0.179842,0,0,0,0.00306796,0.751651,0.754719,
62068.4,0.130388,0.128854,-0.211689,-0.213223,1.94568,1.94545,-0.181296,-0.179842,0,0,0,0.00306796,0.751651,0.754719,
62088.4,0.130388,0.128854,-0.211689,-0.213223,1.94568,1.94545,-0.181296,-0.179842,0,0,0,0.00306796,0.751651,0.754719,
62108.3,0.130388,0.128854,-0.211689,-0.213223,1.94568,1.94545,-0.181296,-0.179842,0,0,0,0.00306796,0.751651,0.753185,
62128.5,0.130388,0.128854,-0.211689,-0.213223,1.94568,1.94545,-0.181296,-0.179842,0,0,0,0.00306796,0.751651,0.753185,
62148.5,0.130388,0.128854,-0.211689,-0.213223,1.94568,1.94545,-0.181296,-0.179842,0,0,0,0.00306796,0.751651,0.753185,
62168.5,0.130388,0.128854,-0.211689,-0.213223,1.94568,1.94545,-0.181296,-0.179842,0,0,0,0.00306796,0.751651,0.753185,
62188.5,0.130388,0.128854,-0.211689,-0.213223,1.94568,1.94545,-0.181296,-0.179842,0,0,0,0.00306796,0.751651,0.753185,
62208.4,0.130388,0.128854,-0.211689,-0.213223,1.94568,1.94545,-0.181296,-0.179842,0,0,0,0.00306796,0.751651,0.753185,
62228.4,0.130388,0.128854,-0.211689,-0.213223,1.94568,1.94545,-0.181296,-0.179842,0,0,0,0.00306796,0.751651,0.753185,
62248.4,0.130388,0.128854,-0.211689,-0.213223,1.94568,1.94545,-0.181296,-0.179842,0,0,0,0.00306796,0.751651,0.753185,
62268.4,0.130388,0.128854,-0.211689,-0.213223,1.94568,1.94545,-0.181296,-0.179842,0,0,0,0.00306796,0.751651,0.753185,
62288.4,0.130388,0.128854,-0.211689,-0.213223,1.94568,1.94545,-0.181296,-0.179842,0,0,0,0.00306796,0.751651,0.753185,
62308.5,0.130388,0.128854,-0.211689,-0.213223,1.94568,1.94545,-0.181296,-0.179842,0,0,0,0.00306796,0.751651,0.753185,
62328.5,0.130388,0.128854,-0.211689,-0.213223,1.94568,1.94545,-0.181296,-0.179842,0,0,0,0.00306796,0.751651,0.753185,
62348.5,0.130388,0.128854,-0.211689,-0.213223,1.94568,1.94545,-0.181296,-0.179842,0,0,0,0.00306796,0.751651,0.753185,
62368.5,0.130388,0.128854,-0.211689,-0.213223,1.94568,1.94545,-0.181296,-0.179842,0,0,0,0.00306796,0.751651,0.753185,
62388.5,0.130388,0.128854,-0.211689,-0.213223,1.94568,1.94545,-0.181296,-0.179842,0,0,0,0.00306796,0.751651,0.753185,
62408.5,0.130388,0.128854,-0.211689,-0.213223,1.94568,1.94545,-0.181296,-0.179842,0,0,0,0.00306796,0.751651,0.754719,
62428.5,0.130388,0.128854,-0.211689,-0.213223,1.94568,1.94545,-0.181296,-0.179842,0,0,0,0.00306796,0.751651,0.754719,
62448.5,0.130388,0.128854,-0.211689,-0.213223,1.94568,1.94545,-0.181296,-0.179842,0,0,0,0.00306796,0.751651,0.754719,
62468.5,0.130388,0.128854,-0.211689,-0.213223,1.94568,1.94545,-0.181296,-0.179842,0,0,0,0.00306796,0.751651,0.754719,
62488.5,0.130388,0.128854,-0.211689,-0.213223,1.94568,1.94545,-0.181296,-0.179842,0,0,0,0.00306796,0.751651,0.754719,
62508.4,0.130388,0.128854,-0.211689,-0.213223,1.94568,1.94545,-0.181296,-0.181376,0,0,0,0.00306796,0.751651,0.753185,
62528.5,0.130388,0.128854,-0.211689,-0.213223,1.94568,1.94545,-0.181296,-0.181376,0,0,0,0.00306796,0.751651,0.753185,
62548.5,0.130388,0.128854,-0.211689,-0.213223,1.94568,1.94545,-0.181296,-0.181376,0,0,0,0.00306796,0.751651,0.753185,
62568.4,0.130388,0.128854,-0.211689,-0.213223,1.94568,1.94545,-0.181296,-0.181376,0,0,0,0.00306796,0.751651,0.753185,
62588.4,0.130388,0.128854,-0.211689,-0.213223,1.94568,1.94545,-0.181296,-0.179842,0,0,0,0.00306796,0.751651,0.754719,
62608.5,0.130388,0.128854,-0.211689,-0.213223,1.94568,1.94545,-0.181296,-0.179842,0,0,0,0.00306796,0.751651,0.754719,
62628.4,0.130388,0.128854,-0.211689,-0.213223,1.94568,1.94545,-0.181296,-0.179842,0,0,0,0.00306796,0.751651,0.754719,
62648.5,0.130388,0.128854,-0.211689,-0.213223,1.94568,1.94545,-0.181296,-0.179842,0,0,0,0.00306796,0.751651,0.754719,
62668.5,0.130388,0.128854,-0.211689,-0.213223,1.94568,1.94545,-0.181296,-0.179842,0,0,0,0.00306796,0.751651,0.754719,
62688.4,0.130388,0.128854,-0.211689,-0.213223,1.94568,1.94545,-0.181296,-0.179842,0,0,0,0.00306796,0.751651,0.754719,
62708.5,0.130388,0.128854,-0.211689,-0.213223,1.94568,1.94545,-0.181296,-0.179842,0,0,0,0.00306796,0.751651,0.754719,
62728.5,0.130388,0.128854,-0.211689,-0.213223,1.94568,1.94545,-0.181296,-0.179842,0,0,0,0.00306796,0.751651,0.754719,
62748.5,0.130388,0.128854,-0.211689,-0.213223,1.94568,1.94545,-0.181296,-0.179842,0,0,0,0.00306796,0.751651,0.754719,
62768.5,0.130388,0.128854,-0.211689,-0.213223,1.94568,1.94545,-0.181296,-0.179842,0,0,0,0.00306796,0.751651,0.754719,
62788.5,0.130388,0.128854,-0.211689,-0.213223,1.94568,1.94545,-0.181296,-0.179842,0,0,0,0.00306796,0.751651,0.754719,
62808.5,0.130388,0.128854,-0.211689,-0.213223,1.94568,1.94545,-0.181296,-0.179842,0,0,0,0.00306796,0.751651,0.754719,
62828.5,0.130388,0.128854,-0.211689,-0.213223,1.94568,1.94545,-0.181296,-0.179842,0,0,0,0.00306796,0.751651,0.754719,
62848.5,0.130388,0.128854,-0.211689,-0.213223,1.94568,1.94545,-0.181296,-0.179842,0,0,0,0.00306796,0.751651,0.754719,
62868.5,0.130388,0.128854,-0.211689,-0.213223,1.94568,1.94545,-0.181296,-0.179842,0,0,0,0.00306796,0.751651,0.754719,
62888.4,0.130388,0.128854,-0.211689,-0.213223,1.94568,1.94545,-0.181296,-0.179842,0,0,0,0.00306796,0.751651,0.754719,
62908.4,0.130388,0.128854,-0.211689,-0.213223,1.94568,1.94545,-0.181296,-0.179842,0,0,0,0.00306796,0.751651,0.753185,
62928.5,0.130388,0.128854,-0.211689,-0.213223,1.94568,1.94545,-0.181296,-0.179842,0,0,0,0.00306796,0.751651,0.753185,
62948.5,0.130388,0.128854,-0.211689,-0.213223,1.94568,1.94545,-0.181296,-0.179842,0,0,0,0.00306796,0.751651,0.753185,
62968.5,0.130388,0.128854,-0.211689,-0.213223,1.94568,1.94545,-0.181296,-0.179842,0,0,0,0.00306796,0.751651,0.753185,
62988.5,0.130388,0.128854,-0.211689,-0.213223,1.94568,1.94545,-0.181296,-0.179842,0,0,0,0.00306796,0.751651,0.753185,
63008.5,0.130388,0.128854,-0.211689,-0.213223,1.94568,1.94545,-0.181296,-0.179842,0,0,0,0.00306796,0.751651,0.753185,
63028.4,0.130388,0.128854,-0.211689,-0.213223,1.94568,1.94545,-0.181296,-0.179842,0,0,0,0.00306796,0.751651,0.753185,
63048.5,0.130388,0.128854,-0.211689,-0.213223,1.94568,1.94545,-0.181296,-0.179842,0,0,0,0.00306796,0.751651,0.753185,
63068.4,0.130388,0.128854,-0.211689,-0.213223,1.94568,1.94545,-0.181296,-0.179842,0,0,0,0.00306796,0.751651,0.753185,
63088.4,0.130388,0.128854,-0.211689,-0.213223,1.94568,1.94545,-0.181296,-0.179842,0,0,0,0.00306796,0.751651,0.753185,
63108.5,0.130388,0.128854,-0.211689,-0.213223,1.94568,1.94545,-0.181296,-0.179842,0,0,0,0.00306796,0.751651,0.753185,
63128.4,0.130388,0.128854,-0.211689,-0.213223,1.94568,1.94545,-0.181296,-0.179842,0,0,0,0.00306796,0.751651,0.753185,
63148.5,0.130388,0.128854,-0.211689,-0.213223,1.94568,1.94545,-0.181296,-0.179842,0,0,0,0.00306796,0.751651,0.753185,
63168.5,0.130388,0.128854,-0.211689,-0.213223,1.94568,1.94545,-0.181296,-0.179842,0,0,0,0.00306796,0.751651,0.753185,
63188.5,0.130388,0.128854,-0.211689,-0.213223,1.94568,1.94545,-0.181296,-0.179842,0,0,0,0.00306796,0.751651,0.753185,
63208.5,0.130388,0.128854,-0.211689,-0.213223,1.94568,1.94545,-0.181296,-0.179842,0,0,0,0.00306796,0.751651,0.753185,
63228.5,0.130388,0.128854,-0.211689,-0.213223,1.94568,1.94545,-0.181296,-0.179842,0,0,0,0.00306796,0.751651,0.753185,
63248.4,0.130388,0.128854,-0.211689,-0.213223,1.94568,1.94545,-0.181296,-0.179842,0,0,0,0.00306796,0.751651,0.753185,
63268.5,0.130388,0.128854,-0.211689,-0.213223,1.94568,1.94545,-0.181296,-0.179842,0,0,0,0.00306796,0.751651,0.753185,
63288.5,0.130388,0.128854,-0.211689,-0.213223,1.94568,1.94545,-0.181296,-0.179842,0,0,0,0.00306796,0.751651,0.753185,
63308.4,0.130388,0.128854,-0.211689,-0.213223,1.94568,1.94545,-0.181296,-0.179842,0,0,0,0.00306796,0.751651,0.753185,
63328.5,0.130388,0.128854,-0.211689,-0.213223,1.94568,1.94545,-0.181296,-0.179842,0,0,0,0.00306796,0.751651,0.753185,
63348.5,0.130388,0.128854,-0.211689,-0.213223,1.94568,1.94545,-0.181296,-0.179842,0,0,0,0.00306796,0.751651,0.753185,
63368.5,0.130388,0.128854,-0.211689,-0.213223,1.94568,1.94545,-0.181296,-0.179842,0,0,0,0.00306796,0.751651,0.753185,
63388.5,0.130388,0.128854,-0.211689,-0.213223,1.94568,1.94545,-0.181296,-0.179842,0,0,0,0.00306796,0.751651,0.753185,
63408.5,0.130388,0.128854,-0.211689,-0.213223,1.94568,1.94545,-0.181296,-0.179842,0,0,0,0.00306796,0.751651,0.753185,
63428.5,0.130388,0.128854,-0.211689,-0.213223,1.94568,1.94545,-0.181296,-0.179842,0,0,0,0.00306796,0.751651,0.753185,
63448.5,0.130388,0.128854,-0.211689,-0.213223,1.94568,1.94545,-0.181296,-0.179842,0,0,0,0.00306796,0.751651,0.753185,
63468.4,0.130388,0.128854,-0.211689,-0.213223,1.94568,1.94545,-0.181296,-0.179842,0,0,0,0.00306796,0.751651,0.753185,
63488.4,0.130388,0.128854,-0.211689,-0.213223,1.94568,1.94545,-0.181296,-0.179842,0,0,0,0.00306796,0.751651,0.753185,
63508.5,0.130388,0.128854,-0.211689,-0.213223,1.94568,1.94545,-0.181296,-0.179842,0,0,0,0.00306796,0.751651,0.753185,
63528.5,0.130388,0.128854,-0.211689,-0.213223,1.94568,1.94545,-0.181296,-0.179842,0,0,0,0.00306796,0.751651,0.753185,
63548.5,0.130388,0.128854,-0.211689,-0.213223,1.94568,1.94545,-0.181296,-0.179842,0,0,0,0.00306796,0.751651,0.753185,
63568.4,0.130388,0.128854,-0.211689,-0.213223,1.94568,1.94545,-0.181296,-0.179842,0,0,0,0.00306796,0.751651,0.753185,
63588.4,0.130388,0.128854,-0.211689,-0.213223,1.94568,1.94545,-0.181296,-0.179842,0,0,0,0.00306796,0.751651,0.753185,
63608.5,0.130388,0.128854,-0.211689,-0.213223,1.94568,1.94545,-0.181296,-0.179842,0,0,0,0.00306796,0.751651,0.754719,
63628.4,0.130388,0.128854,-0.211689,-0.213223,1.94568,1.94545,-0.181296,-0.179842,0,0,0,0.00306796,0.751651,0.754719,
63648.5,0.130388,0.128854,-0.211689,-0.213223,1.94568,1.94545,-0.181296,-0.179842,0,0,0,0.00306796,0.751651,0.754719,
63668.5,0.130388,0.128854,-0.211689,-0.213223,1.94568,1.94545,-0.181296,-0.179842,0,0,0,0.00306796,0.751651,0.754719,
63688.5,0.130388,0.128854,-0.211689,-0.213223,1.94568,1.94545,-0.181296,-0.179842,0,0,0,0.00306796,0.751651,0.754719,
63708.5,0.130388,0.128854,-0.211689,-0.213223,1.94568,1.94545,-0.181296,-0.179842,0,0,0,0.00306796,0.751651,0.753185,
63728.5,0.130388,0.128854,-0.211689,-0.213223,1.94568,1.94545,-0.181296,-0.179842,0,0,0,0.00306796,0.751651,0.753185,
63748.5,0.130388,0.128854,-0.211689,-0.213223,1.94568,1.94545,-0.181296,-0.179842,0,0,0,0.00306796,0.751651,0.753185,
63768.5,0.130388,0.128854,-0.211689,-0.213223,1.94568,1.94545,-0.181296,-0.179842,0,0,0,0.00306796,0.751651,0.753185,
63788.5,0.130388,0.128854,-0.211689,-0.213223,1.94568,1.94545,-0.181296,-0.179842,0,0,0,0.00306796,0.751651,0.753185,
63808.5,0.130388,0.128854,-0.211689,-0.213223,1.94568,1.94545,-0.181296,-0.179842,0,0,0,0.00306796,0.751651,0.753185,
63828.5,0.130388,0.128854,-0.211689,-0.213223,1.94568,1.94545,-0.181296,-0.179842,0,0,0,0.00306796,0.751651,0.753185,
63848.5,0.130388,0.128854,-0.211689,-0.213223,1.94568,1.94545,-0.181296,-0.179842,0,0,0,0.00306796,0.751651,0.753185,
63868.5,0.130388,0.128854,-0.211689,-0.213223,1.94568,1.94545,-0.181296,-0.179842,0,0,0,0.00306796,0.751651,0.753185,
63888.5,0.130388,0.128854,-0.211689,-0.213223,1.94568,1.94545,-0.181296,-0.179842,0,0,0,0.00306796,0.751651,0.753185,
63908.4,0.130388,0.128854,-0.211689,-0.213223,1.94568,1.94545,-0.181296,-0.179842,0,0,0,0.00306796,0.751651,0.754719,
63928.5,0.130388,0.128854,-0.211689,-0.213223,1.94568,1.94545,-0.181296,-0.179842,0,0,0,0.00306796,0.751651,0.754719,
63948.5,0.130388,0.128854,-0.211689,-0.213223,1.94568,1.94545,-0.181296,-0.179842,0,0,0,0.00306796,0.751651,0.754719,
63968.5,0.130388,0.128854,-0.211689,-0.213223,1.94568,1.94545,-0.181296,-0.179842,0,0,0,0.00306796,0.751651,0.754719,
63988.5,0.130388,0.128854,-0.211689,-0.213223,1.94568,1.94545,-0.181296,-0.179842,0,0,0,0.00306796,0.751651,0.754719,
64008.4,0.130388,0.128854,-0.211689,-0.213223,1.94568,1.94545,-0.181296,-0.179842,0,0,0,0.00306796,0.751651,0.754719,
64028.5,0.130388,0.128854,-0.211689,-0.213223,1.94568,1.94545,-0.181296,-0.179842,0,0,0,0.00306796,0.751651,0.754719,
64048.5,0.130388,0.128854,-0.211689,-0.213223,1.94568,1.94545,-0.181296,-0.179842,0,0,0,0.00306796,0.751651,0.754719,
64068.4,0.130388,0.128854,-0.211689,-0.213223,1.94568,1.94545,-0.181296,-0.179842,0,0,0,0.00306796,0.751651,0.754719,
64088.4,0.130388,0.128854,-0.211689,-0.213223,1.94568,1.94545,-0.181296,-0.179842,0,0,0,0.00306796,0.751651,0.754719,
64108.4,0.130388,0.128854,-0.211689,-0.211689,1.94568,1.94545,-0.181296,-0.179842,0,0,0,0.00306796,0.751651,0.754719,
64128.4,0.130388,0.128854,-0.211689,-0.211689,1.94568,1.94545,-0.181296,-0.179842,0,0,0,0.00306796,0.751651,0.754719,
64148.5,0.130388,0.128854,-0.211689,-0.211689,1.94568,1.94545,-0.181296,-0.179842,0,0,0,0.00306796,0.751651,0.754719,
64168.5,0.130388,0.128854,-0.211689,-0.211689,1.94568,1.94545,-0.181296,-0.179842,0,0,0,0.00306796,0.751651,0.754719,
64188.4,0.130388,0.128854,-0.211689,-0.214757,1.94568,1.94545,-0.181296,-0.179842,0,0,0,0.00306796,0.751651,0.753185,
64208.5,0.130388,0.128854,-0.211689,-0.214757,1.94568,1.94545,-0.181296,-0.179842,0,0,0,0.00306796,0.751651,0.753185,
64228.5,0.130388,0.128854,-0.211689,-0.214757,1.94568,1.94545,-0.181296,-0.179842,0,0,0,0.00306796,0.751651,0.753185,
64248.5,0.130388,0.128854,-0.211689,-0.214757,1.94568,1.94545,-0.181296,-0.179842,0,0,0,0.00306796,0.751651,0.753185,
64268.5,0.130388,0.128854,-0.211689,-0.214757,1.94568,1.94545,-0.181296,-0.179842,0,0,0,0.00306796,0.751651,0.753185,
64288.5,0.130388,0.128854,-0.211689,-0.214757,1.94568,1.94545,-0.181296,-0.179842,0,0,0,0.00306796,0.751651,0.753185,
64308.5,0.130388,0.128854,-0.211689,-0.213223,1.94568,1.94545,-0.181296,-0.179842,0,0,0,0.00306796,0.751651,0.754719,
64328.5,0.130388,0.128854,-0.211689,-0.213223,1.94568,1.94545,-0.181296,-0.179842,0,0,0,0.00306796,0.751651,0.754719,
64348.5,0.130388,0.128854,-0.211689,-0.213223,1.94568,1.94545,-0.181296,-0.179842,0,0,0,0.00306796,0.751651,0.754719,
64368.4,0.130388,0.128854,-0.211689,-0.213223,1.94568,1.94545,-0.181296,-0.179842,0,0,0,0.00306796,0.751651,0.754719,
64388.5,0.130388,0.128854,-0.211689,-0.213223,1.94568,1.94545,-0.181296,-0.179842,0,0,0,0.00306796,0.751651,0.754719,
64408.4,0.130388,0.128854,-0.211689,-0.213223,1.94568,1.94545,-0.181296,-0.179842,0,0.00153398,0,0.00306796,0.751651,0.754719,
64428.5,0.130388,0.128854,-0.211689,-0.213223,1.94568,1.94545,-0.181296,-0.179842,0,0.00153398,0,0.00306796,0.751651,0.754719,
64448.5,0.130388,0.128854,-0.211689,-0.213223,1.94568,1.94545,-0.181296,-0.179842,0,0.00153398,0,0.00306796,0.751651,0.754719,
64468.5,0.130388,0.128854,-0.211689,-0.213223,1.94568,1.94545,-0.181296,-0.179842,0,0.00153398,0,0.00306796,0.751651,0.754719,
64488.5,0.130388,0.128854,-0.211689,-0.213223,1.94568,1.94545,-0.181296,-0.179842,0,0.00153398,0,0.00306796,0.751651,0.754719,
64508.4,0.130388,0.128854,-0.211689,-0.213223,1.94568,1.94545,-0.181296,-0.179842,0,0,0,0.00306796,0.751651,0.753185,
64528.5,0.130388,0.128854,-0.211689,-0.213223,1.94568,1.94545,-0.181296,-0.179842,0,0,0,0.00306796,0.751651,0.753185,
64548.5,0.130388,0.128854,-0.211689,-0.213223,1.94568,1.94545,-0.181296,-0.179842,0,0,0,0.00306796,0.751651,0.753185,
64568.4,0.130388,0.128854,-0.211689,-0.213223,1.94568,1.94545,-0.181296,-0.179842,0,0,0,0.00306796,0.751651,0.753185,
64588.4,0.130388,0.128854,-0.211689,-0.213223,1.94568,1.94545,-0.181296,-0.179842,0,0,0,0.00306796,0.751651,0.753185,
64608.4,0.130388,0.128854,-0.211689,-0.213223,1.94568,1.94545,-0.181296,-0.179842,0,0,0,0.00306796,0.751651,0.753185,
64628.4,0.130388,0.128854,-0.211689,-0.213223,1.94568,1.94545,-0.181296,-0.179842,0,0,0,0.00306796,0.751651,0.753185,
64648.5,0.130388,0.128854,-0.211689,-0.213223,1.94568,1.94545,-0.181296,-0.179842,0,0,0,0.00306796,0.751651,0.753185,
64668.5,0.130388,0.128854,-0.211689,-0.213223,1.94568,1.94545,-0.181296,-0.179842,0,0,0,0.00306796,0.751651,0.753185,
64688.5,0.130388,0.128854,-0.211689,-0.213223,1.94568,1.94545,-0.181296,-0.179842,0,0.00153398,0,0.00306796,0.751651,0.754719,
64708.4,0.130388,0.128854,-0.211689,-0.213223,1.94568,1.94545,-0.181296,-0.179842,0,0.00153398,0,0.00306796,0.751651,0.754719,
64728.4,0.130388,0.128854,-0.211689,-0.213223,1.94568,1.94545,-0.181296,-0.179842,0,0.00153398,0,0.00306796,0.751651,0.754719,
64748.4,0.130388,0.128854,-0.211689,-0.213223,1.94568,1.94545,-0.181296,-0.179842,0,0.00153398,0,0.00306796,0.751651,0.754719,
64768.4,0.130388,0.128854,-0.211689,-0.213223,1.94568,1.94545,-0.181296,-0.179842,0,0.00153398,0,0.00306796,0.751651,0.754719,
64788.4,0.130388,0.128854,-0.211689,-0.213223,1.94568,1.94545,-0.181296,-0.179842,0,0.00153398,0,0.00306796,0.751651,0.754719,
64808.5,0.130388,0.128854,-0.211689,-0.213223,1.94568,1.94545,-0.181296,-0.179842,0,0,0,0.00306796,0.751651,0.754719,
64828.4,0.130388,0.128854,-0.211689,-0.213223,1.94568,1.94545,-0.181296,-0.179842,0,0,0,0.00306796,0.751651,0.754719,
64848.4,0.130388,0.128854,-0.211689,-0.213223,1.94568,1.94545,-0.181296,-0.179842,0,0,0,0.00306796,0.751651,0.754719,
64868.5,0.130388,0.128854,-0.211689,-0.213223,1.94568,1.94545,-0.181296,-0.179842,0,0,0,0.00306796,0.751651,0.754719,
64888.5,0.130388,0.128854,-0.211689,-0.213223,1.94568,1.94545,-0.181296,-0.179842,0,0,0,0.00306796,0.751651,0.754719,
64908.5,0.130388,0.128854,-0.211689,-0.213223,1.94568,1.94545,-0.181296,-0.179842,0,0.00153398,0,0.00306796,0.751651,0.753185,
64928.5,0.130388,0.128854,-0.211689,-0.213223,1.94568,1.94545,-0.181296,-0.179842,0,0.00153398,0,0.00306796,0.751651,0.753185,
64948.5,0.130388,0.128854,-0.211689,-0.213223,1.94568,1.94545,-0.181296,-0.179842,0,0.00153398,0,0.00306796,0.751651,0.753185,
64968.5,0.130388,0.128854,-0.211689,-0.213223,1.94568,1.94545,-0.181296,-0.179842,0,0.00153398,0,0.00306796,0.751651,0.753185,
64988.5,0.130388,0.128854,-0.211689,-0.213223,1.94568,1.94545,-0.181296,-0.179842,0,0.00153398,0,0.00306796,0.751651,0.753185,
65008.4,0.130388,0.128854,-0.211689,-0.213223,1.94568,1.94545,-0.181296,-0.179842,0,0.00153398,0,0.00306796,0.751651,0.753185,
65028.5,0.130388,0.128854,-0.211689,-0.213223,1.94568,1.94545,-0.181296,-0.179842,0,0.00153398,0,0.00306796,0.751651,0.753185,
65048.5,0.130388,0.128854,-0.211689,-0.213223,1.94568,1.94545,-0.181296,-0.179842,0,0.00153398,0,0.00306796,0.751651,0.753185,
65068.4,0.130388,0.128854,-0.211689,-0.213223,1.94568,1.94545,-0.181296,-0.179842,0,0.00153398,0,0.00306796,0.751651,0.753185,
65088.4,0.130388,0.128854,-0.211689,-0.213223,1.94568,1.94545,-0.181296,-0.179842,0,0.00153398,0,0.00153398,0.751651,0.754719,
65108.4,0.130388,0.128854,-0.211689,-0.213223,1.94568,1.94545,-0.181296,-0.179842,0,0.00153398,0,0.00153398,0.751651,0.754719,
65128.4,0.130388,0.128854,-0.211689,-0.213223,1.94568,1.94545,-0.181296,-0.179842,0,0.00153398,0,0.00153398,0.751651,0.754719,
65148.5,0.130388,0.128854,-0.211689,-0.213223,1.94568,1.94545,-0.181296,-0.179842,0,0.00153398,0,0.00153398,0.751651,0.754719,
65168.5,0.130388,0.128854,-0.211689,-0.213223,1.94568,1.94545,-0.181296,-0.179842,0,0.00153398,0,0.00153398,0.751651,0.754719,
65188.5,0.130388,0.128854,-0.211689,-0.213223,1.94568,1.94545,-0.181296,-0.179842,0,0.00153398,0,0.00153398,0.751651,0.754719,
65208.4,0.130388,0.128854,-0.211689,-0.213223,1.94568,1.94545,-0.181296,-0.179842,0,0.00153398,0,0.00153398,0.751651,0.753185,
65228.5,0.130388,0.128854,-0.211689,-0.213223,1.94568,1.94545,-0.181296,-0.179842,0,0.00153398,0,0.00153398,0.751651,0.753185,
65248.4,0.130388,0.128854,-0.211689,-0.213223,1.94568,1.94545,-0.181296,-0.179842,0,0.00153398,0,0.00153398,0.751651,0.753185,
65268.5,0.130388,0.128854,-0.211689,-0.213223,1.94568,1.94545,-0.181296,-0.179842,0,0.00153398,0,0.00153398,0.751651,0.753185,
65288.5,0.130388,0.128854,-0.211689,-0.213223,1.94568,1.94545,-0.181296,-0.179842,0,0.00153398,0,0.00153398,0.751651,0.753185,
65308.4,0.130388,0.128854,-0.211689,-0.213223,1.94568,1.94545,-0.181296,-0.179842,0,0.00153398,0,0.00306796,0.751651,0.754719,
65328.4,0.130388,0.128854,-0.211689,-0.213223,1.94568,1.94545,-0.181296,-0.179842,0,0.00153398,0,0.00306796,0.751651,0.754719,
65348.5,0.130388,0.128854,-0.211689,-0.213223,1.94568,1.94545,-0.181296,-0.179842,0,0.00153398,0,0.00306796,0.751651,0.754719,
65368.5,0.130388,0.128854,-0.211689,-0.213223,1.94568,1.94545,-0.181296,-0.179842,0,0.00153398,0,0.00306796,0.751651,0.754719,
65388.4,0.130388,0.128854,-0.211689,-0.213223,1.94568,1.94545,-0.181296,-0.179842,0,0.00153398,0,0.00153398,0.751651,0.754719,
65408.5,0.130388,0.128854,-0.211689,-0.213223,1.94568,1.94545,-0.181296,-0.179842,0,0.00153398,0,0.00153398,0.751651,0.754719,
65428.4,0.130388,0.128854,-0.211689,-0.213223,1.94568,1.94545,-0.181296,-0.179842,0,0.00153398,0,0.00153398,0.751651,0.754719,
65448.4,0.130388,0.128854,-0.211689,-0.213223,1.94568,1.94545,-0.181296,-0.179842,0,0.00153398,0,0.00153398,0.751651,0.754719,
65468.5,0.130388,0.128854,-0.211689,-0.213223,1.94568,1.94545,-0.181296,-0.179842,0,0.00153398,0,0.00153398,0.751651,0.754719,
65488.5,0.130388,0.128854,-0.211689,-0.213223,1.94568,1.94545,-0.181296,-0.179842,0,0.00153398,0,0.00153398,0.751651,0.754719,
65508.5,0.130388,0.128854,-0.211689,-0.213223,1.94568,1.94545,-0.181296,-0.179842,0,0.00153398,0,0.00153398,0.751651,0.754719,
65528.5,0.130388,0.128854,-0.211689,-0.213223,1.94568,1.94545,-0.181296,-0.179842,0,0.00153398,0,0.00153398,0.751651,0.754719,
65548.5,0.130388,0.128854,-0.211689,-0.213223,1.94568,1.94545,-0.181296,-0.179842,0,0.00153398,0,0.00153398,0.751651,0.754719,
65568.4,0.130388,0.128854,-0.211689,-0.213223,1.94568,1.94545,-0.181296,-0.179842,0,0.00153398,0,0.00153398,0.751651,0.754719,
65588.4,0.130388,0.128854,-0.211689,-0.213223,1.94568,1.94545,-0.181296,-0.179842,0,0.00153398,0,0.00153398,0.751651,0.754719,
65608.3,0.130388,0.128854,-0.211689,-0.213223,1.94568,1.94545,-0.181296,-0.179842,0,0.00153398,0,0.00153398,0.751651,0.754719,
65628.4,0.130388,0.128854,-0.211689,-0.213223,1.94568,1.94545,-0.181296,-0.179842,0,0.00153398,0,0.00153398,0.751651,0.754719,
65648.3,0.130388,0.128854,-0.211689,-0.213223,1.94568,1.94545,-0.181296,-0.179842,0,0.00153398,0,0.00153398,0.751651,0.754719,
65668.4,0.130388,0.128854,-0.211689,-0.213223,1.94568,1.94545,-0.181296,-0.179842,0,0.00153398,0,0.00153398,0.751651,0.754719,
65688.3,0.130388,0.128854,-0.211689,-0.213223,1.94568,1.94545,-0.181296,-0.179842,0,0.00153398,0,0.00153398,0.751651,0.754719,
65708.4,0.130388,0.128854,-0.211689,-0.213223,1.94568,1.94545,-0.181296,-0.179842,0,0.00153398,0,0.00153398,0.751651,0.753185,
65728.4,0.130388,0.128854,-0.211689,-0.213223,1.94568,1.94545,-0.181296,-0.179842,0,0.00153398,0,0.00153398,0.751651,0.753185,
65748.4,0.130388,0.128854,-0.211689,-0.213223,1.94568,1.94545,-0.181296,-0.179842,0,0.00153398,0,0.00153398,0.751651,0.753185,
65768.3,0.130388,0.128854,-0.211689,-0.213223,1.94568,1.94545,-0.181296,-0.179842,0,0.00153398,0,0.00153398,0.751651,0.753185,
65788.3,0.130388,0.128854,-0.211689,-0.213223,1.94568,1.94545,-0.181296,-0.179842,0,0.00153398,0,0.00153398,0.751651,0.753185,
65808.3,0.130388,0.128854,-0.211689,-0.213223,1.94568,1.94545,-0.181296,-0.179842,0,0.00153398,0,0.00153398,0.751651,0.753185,
65828.3,0.130388,0.128854,-0.211689,-0.213223,1.94568,1.94545,-0.181296,-0.179842,0,0.00153398,0,0.00153398,0.751651,0.753185,
65848.4,0.130388,0.128854,-0.211689,-0.213223,1.94568,1.94545,-0.181296,-0.179842,0,0.00153398,0,0.00153398,0.751651,0.753185,
65868.4,0.130388,0.128854,-0.211689,-0.213223,1.94568,1.94545,-0.181296,-0.179842,0,0.00153398,0,0.00153398,0.751651,0.753185,
65888.3,0.130388,0.128854,-0.211689,-0.213223,1.94568,1.94545,-0.181296,-0.179842,0,0.00153398,0,0.00153398,0.751651,0.753185,
65908.3,0.130388,0.128854,-0.211689,-0.213223,1.94568,1.94545,-0.181296,-0.179842,0,0.00153398,0,0.00153398,0.751651,0.753185,
65928.4,0.130388,0.128854,-0.211689,-0.213223,1.94568,1.94545,-0.181296,-0.179842,0,0.00153398,0,0.00153398,0.751651,0.753185,
65948.4,0.130388,0.128854,-0.211689,-0.213223,1.94568,1.94545,-0.181296,-0.179842,0,0.00153398,0,0.00153398,0.751651,0.753185,
65968.3,0.130388,0.128854,-0.211689,-0.213223,1.94568,1.94545,-0.181296,-0.179842,0,0.00153398,0,0.00153398,0.751651,0.753185,
65988.3,0.130388,0.128854,-0.211689,-0.213223,1.94568,1.94545,-0.181296,-0.179842,0,0.00153398,0,0.00153398,0.751651,0.753185,
66008.3,0.130388,0.128854,-0.211689,-0.213223,1.94568,1.94545,-0.181296,-0.179842,0,0.00153398,0,0.00153398,0.751651,0.754719,
66028.4,0.130388,0.128854,-0.211689,-0.213223,1.94568,1.94545,-0.181296,-0.179842,0,0.00153398,0,0.00153398,0.751651,0.754719,
66048.4,0.130388,0.128854,-0.211689,-0.213223,1.94568,1.94545,-0.181296,-0.179842,0,0.00153398,0,0.00153398,0.751651,0.754719,
66068.3,0.130388,0.128854,-0.211689,-0.213223,1.94568,1.94545,-0.181296,-0.179842,0,0.00153398,0,0.00153398,0.751651,0.754719,
66088.4,0.130388,0.128854,-0.211689,-0.213223,1.94568,1.94545,-0.181296,-0.179842,0,0.00153398,0,0.00153398,0.751651,0.754719,
66108.4,0.130388,0.128854,-0.211689,-0.213223,1.94568,1.94545,-0.181296,-0.179842,0,0.00153398,0,0.00153398,0.751651,0.753185,
66128.4,0.130388,0.128854,-0.211689,-0.213223,1.94568,1.94545,-0.181296,-0.179842,0,0.00153398,0,0.00153398,0.751651,0.753185,
66148.5,0.130388,0.128854,-0.211689,-0.213223,1.94568,1.94545,-0.181296,-0.179842,0,0.00153398,0,0.00153398,0.751651,0.753185,
66168.5,0.130388,0.128854,-0.211689,-0.213223,1.94568,1.94545,-0.181296,-0.179842,0,0.00153398,0,0.00153398,0.751651,0.753185,
66188.5,0.130388,0.128854,-0.211689,-0.213223,1.94568,1.94545,-0.181296,-0.179842,0,0.00153398,0,0.00153398,0.751651,0.753185,
66208.5,0.130388,0.128854,-0.211689,-0.213223,1.94568,1.94545,-0.181296,-0.179842,0,0.00153398,0,0.00153398,0.751651,0.754719,
66228.4,0.130388,0.128854,-0.211689,-0.213223,1.94568,1.94545,-0.181296,-0.179842,0,0.00153398,0,0.00153398,0.751651,0.754719,
66248.4,0.130388,0.128854,-0.211689,-0.213223,1.94568,1.94545,-0.181296,-0.179842,0,0.00153398,0,0.00153398,0.751651,0.754719,
66268.4,0.130388,0.128854,-0.211689,-0.213223,1.94568,1.94545,-0.181296,-0.179842,0,0.00153398,0,0.00153398,0.751651,0.754719,
66288.4,0.130388,0.128854,-0.211689,-0.213223,1.94568,1.94545,-0.181296,-0.179842,0,0.00153398,0,0.00153398,0.751651,0.754719,
66308.5,0.130388,0.128854,-0.211689,-0.213223,1.94568,1.94545,-0.181296,-0.179842,0,0.00153398,0,0.00153398,0.751651,0.754719,
66328.4,0.130388,0.128854,-0.211689,-0.213223,1.94568,1.94545,-0.181296,-0.179842,0,0.00153398,0,0.00153398,0.751651,0.754719,
66348.4,0.130388,0.128854,-0.211689,-0.213223,1.94568,1.94545,-0.181296,-0.179842,0,0.00153398,0,0.00153398,0.751651,0.754719,
66368.4,0.130388,0.128854,-0.211689,-0.213223,1.94568,1.94545,-0.181296,-0.179842,0,0.00153398,0,0.00153398,0.751651,0.754719,
66388.4,0.130388,0.128854,-0.211689,-0.213223,1.94568,1.94545,-0.181296,-0.179842,0,0.00153398,0,0.00153398,0.751651,0.754719,
66408.4,0.130388,0.128854,-0.211689,-0.213223,1.94568,1.94545,-0.181296,-0.179842,0,0.00153398,0,0.00153398,0.751651,0.753185,
66428.4,0.130388,0.128854,-0.211689,-0.213223,1.94568,1.94545,-0.181296,-0.179842,0,0.00153398,0,0.00153398,0.751651,0.753185,
66448.4,0.130388,0.128854,-0.211689,-0.213223,1.94568,1.94545,-0.181296,-0.179842,0,0.00153398,0,0.00153398,0.751651,0.753185,
66468.9,0.130388,0.128854,-0.211689,-0.213223,1.94568,1.94545,-0.181296,-0.179842,0,0.00153398,0,0.00153398,0.751651,0.753185,
66488.3,0.130388,0.128854,-0.211689,-0.213223,1.94568,1.94545,-0.181296,-0.179842,0,0.00153398,0,0.00153398,0.751651,0.753185,
66508.3,0.130388,0.128854,-0.211689,-0.213223,1.94568,1.94545,-0.181296,-0.179842,0,0.00153398,0,0.00153398,0.751651,0.753185,
66528.4,0.130388,0.128854,-0.211689,-0.213223,1.94568,1.94545,-0.181296,-0.179842,0,0.00153398,0,0.00153398,0.751651,0.754719,
66548.4,0.130388,0.128854,-0.211689,-0.213223,1.94568,1.94545,-0.181296,-0.179842,0,0.00153398,0,0.00153398,0.751651,0.754719,
66568.4,0.130388,0.128854,-0.211689,-0.213223,1.94568,1.94545,-0.181296,-0.179842,0,0.00153398,0,0.00153398,0.751651,0.754719,
66588.3,0.130388,0.128854,-0.211689,-0.213223,1.94568,1.94545,-0.181296,-0.179842,0,0.00153398,0,0.00153398,0.751651,0.754719,
66608.4,0.130388,0.128854,-0.211689,-0.213223,1.94568,1.94545,-0.181296,-0.179842,0,0.00153398,0,0.00153398,0.751651,0.754719,
66628.4,0.130388,0.128854,-0.211689,-0.213223,1.94568,1.94545,-0.181296,-0.179842,0,0.00153398,0,0.00153398,0.751651,0.754719,
66648.4,0.130388,0.128854,-0.211689,-0.213223,1.94568,1.94545,-0.181296,-0.179842,0,0.00153398,0,0.00153398,0.751651,0.754719,
66668.4,0.130388,0.128854,-0.211689,-0.213223,1.94568,1.94545,-0.181296,-0.179842,0,0.00153398,0,0.00153398,0.751651,0.754719,
66688.4,0.130388,0.128854,-0.211689,-0.213223,1.94568,1.94545,-0.181296,-0.179842,0,0.00153398,0,0.00153398,0.751651,0.754719,
66708.4,0.130388,0.128854,-0.211689,-0.213223,1.94568,1.94545,-0.181296,-0.179842,0,0.00153398,0,0.00153398,0.751651,0.754719,
66728.5,0.130388,0.128854,-0.211689,-0.213223,1.94568,1.94545,-0.181296,-0.179842,0,0.00153398,0,0.00153398,0.751651,0.754719,
66748.5,0.130388,0.128854,-0.211689,-0.213223,1.94568,1.94545,-0.181296,-0.179842,0,0.00153398,0,0.00153398,0.751651,0.754719,
66768.5,0.130388,0.128854,-0.211689,-0.213223,1.94568,1.94545,-0.181296,-0.179842,0,0.00153398,0,0.00153398,0.751651,0.754719,
66788.5,0.130388,0.128854,-0.211689,-0.213223,1.94568,1.94545,-0.181296,-0.179842,0,0.00153398,0,0.00153398,0.751651,0.754719,
66808.4,0.130388,0.128854,-0.211689,-0.213223,1.94568,1.94545,-0.181296,-0.179842,0,0.00153398,0,0.00153398,0.751651,0.753185,
66828.4,0.130388,0.128854,-0.211689,-0.213223,1.94568,1.94545,-0.181296,-0.179842,0,0.00153398,0,0.00153398,0.751651,0.753185,
66848.4,0.130388,0.128854,-0.211689,-0.213223,1.94568,1.94545,-0.181296,-0.179842,0,0.00153398,0,0.00153398,0.751651,0.753185,
66868.4,0.130388,0.128854,-0.211689,-0.213223,1.94568,1.94545,-0.181296,-0.179842,0,0.00153398,0,0.00153398,0.751651,0.753185,
66888.4,0.130388,0.128854,-0.211689,-0.213223,1.94568,1.94545,-0.181296,-0.179842,0,0.00153398,0,0.00153398,0.751651,0.753185,
66908.5,0.130388,0.128854,-0.211689,-0.214757,1.94568,1.94545,-0.181296,-0.179842,0,0.00153398,0,0.00153398,0.751651,0.753185,
66928.4,0.130388,0.128854,-0.211689,-0.214757,1.94568,1.94545,-0.181296,-0.179842,0,0.00153398,0,0.00153398,0.751651,0.753185,
66948.4,0.130388,0.128854,-0.211689,-0.214757,1.94568,1.94545,-0.181296,-0.179842,0,0.00153398,0,0.00153398,0.751651,0.753185,
66968.5,0.130388,0.128854,-0.211689,-0.214757,1.94568,1.94545,-0.181296,-0.179842,0,0.00153398,0,0.00153398,0.751651,0.753185,
66988.4,0.130388,0.128854,-0.211689,-0.214757,1.94568,1.94545,-0.181296,-0.179842,0,0.00153398,0,0.00153398,0.751651,0.753185,
67008.4,0.130388,0.128854,-0.211689,-0.213223,1.94568,1.94545,-0.181296,-0.179842,0,0.00153398,0,0.00153398,0.751651,0.754719,
67028.5,0.130388,0.128854,-0.211689,-0.213223,1.94568,1.94545,-0.181296,-0.179842,0,0.00153398,0,0.00153398,0.751651,0.754719,
67048.4,0.130388,0.128854,-0.211689,-0.213223,1.94568,1.94545,-0.181296,-0.179842,0,0.00153398,0,0.00153398,0.751651,0.754719,
67071.1,0.130388,0.128854,-0.211689,-0.213223,1.94568,1.94545,-0.181296,-0.179842,0,0.00153398,0,0.00153398,0.751651,0.754719,
67088.4,0.130388,0.128854,-0.211689,-0.213223,1.94568,1.94545,-0.181296,-0.179842,0,0.00153398,0,0.00153398,0.751651,0.754719,
67108.4,0.130388,0.128854,-0.211689,-0.213223,1.94568,1.94545,-0.181296,-0.179842,0,0.00153398,0,0.00153398,0.751651,0.754719,
67128.4,0.130388,0.128854,-0.211689,-0.213223,1.94568,1.94545,-0.181296,-0.179842,0,0.00153398,0,0.00153398,0.751651,0.754719,
67148.4,0.130388,0.128854,-0.211689,-0.213223,1.94568,1.94545,-0.181296,-0.179842,0,0.00153398,0,0.00153398,0.751651,0.754719,
67168.4,0.130388,0.128854,-0.211689,-0.213223,1.94568,1.94545,-0.181296,-0.179842,0,0.00153398,0,0.00153398,0.751651,0.754719,
67188.4,0.130388,0.128854,-0.211689,-0.213223,1.94568,1.94545,-0.181296,-0.179842,0,0.00153398,0,0.00153398,0.751651,0.754719,
67208.5,0.130388,0.128854,-0.211689,-0.213223,1.94568,1.94545,-0.181296,-0.179842,0,0.00153398,0,0.00153398,0.751651,0.754719,
67228.4,0.130388,0.128854,-0.211689,-0.213223,1.94568,1.94545,-0.181296,-0.179842,0,0.00153398,0,0.00153398,0.751651,0.753185,
67248.4,0.130388,0.128854,-0.211689,-0.213223,1.94568,1.94545,-0.181296,-0.179842,0,0.00153398,0,0.00153398,0.751651,0.753185,
67268.4,0.130388,0.128854,-0.211689,-0.213223,1.94568,1.94545,-0.181296,-0.179842,0,0.00153398,0,0.00153398,0.751651,0.753185,
67288.4,0.130388,0.128854,-0.211689,-0.213223,1.94568,1.94545,-0.181296,-0.179842,0,0.00153398,0,0.00153398,0.751651,0.753185,
67308.4,0.130388,0.128854,-0.211689,-0.213223,1.94568,1.94545,-0.181296,-0.179842,0,0.00153398,0,0.00153398,0.751651,0.753185,
67328.5,0.130388,0.128854,-0.211689,-0.213223,1.94568,1.94545,-0.181296,-0.179842,0,0.00153398,0,0.00153398,0.751651,0.754719,
67348.5,0.130388,0.128854,-0.211689,-0.213223,1.94568,1.94545,-0.181296,-0.179842,0,0.00153398,0,0.00153398,0.751651,0.754719,
67368.5,0.130388,0.128854,-0.211689,-0.213223,1.94568,1.94545,-0.181296,-0.179842,0,0.00153398,0,0.00153398,0.751651,0.754719,
67388.4,0.130388,0.128854,-0.211689,-0.213223,1.94568,1.94545,-0.181296,-0.179842,0,0.00153398,0,0.00153398,0.751651,0.754719,
67408.5,0.130388,0.128854,-0.211689,-0.213223,1.94568,1.94545,-0.181296,-0.179842,0,0.00153398,0,0.00153398,0.751651,0.754719,
67428.4,0.130388,0.128854,-0.211689,-0.213223,1.94568,1.94545,-0.181296,-0.179842,0,0.00153398,0,0.00153398,0.751651,0.754719,
67448.4,0.130388,0.128854,-0.211689,-0.213223,1.94568,1.94545,-0.181296,-0.179842,0,0.00153398,0,0.00153398,0.751651,0.754719,
67468.3,0.130388,0.128854,-0.211689,-0.213223,1.94568,1.94545,-0.181296,-0.179842,0,0.00153398,0,0.00153398,0.751651,0.754719,
67488.4,0.130388,0.128854,-0.211689,-0.213223,1.94568,1.94545,-0.181296,-0.179842,0,0.00153398,0,0.00153398,0.751651,0.754719,
67508.4,0.130388,0.128854,-0.211689,-0.213223,1.94568,1.94545,-0.181296,-0.179842,0,0.00153398,0,0.00153398,0.751651,0.754719,
67528.5,0.130388,0.128854,-0.211689,-0.213223,1.94568,1.94545,-0.181296,-0.179842,0,0.00153398,0,0.00153398,0.751651,0.754719,
67548.5,0.130388,0.128854,-0.211689,-0.213223,1.94568,1.94545,-0.181296,-0.179842,0,0.00153398,0,0.00153398,0.751651,0.754719,
67568.5,0.130388,0.128854,-0.211689,-0.213223,1.94568,1.94545,-0.181296,-0.179842,0,0.00153398,0,0.00153398,0.751651,0.754719,
67588.5,0.130388,0.128854,-0.211689,-0.213223,1.94568,1.94545,-0.181296,-0.179842,0,0.00153398,0,0.00153398,0.751651,0.754719,
67608.4,0.130388,0.128854,-0.211689,-0.213223,1.94568,1.94545,-0.181296,-0.179842,0,0.00153398,0,0.00153398,0.751651,0.754719,
67628.5,0.130388,0.128854,-0.211689,-0.213223,1.94568,1.94545,-0.181296,-0.179842,0,0.00153398,0,0.00153398,0.751651,0.754719,
67648.5,0.130388,0.128854,-0.211689,-0.213223,1.94568,1.94545,-0.181296,-0.179842,0,0.00153398,0,0.00153398,0.751651,0.754719,
67668.4,0.130388,0.128854,-0.211689,-0.213223,1.94568,1.94545,-0.181296,-0.179842,0,0.00153398,0,0.00153398,0.751651,0.754719,
67688.4,0.130388,0.128854,-0.211689,-0.213223,1.94568,1.94545,-0.181296,-0.179842,0,0.00153398,0,0.00153398,0.751651,0.754719,
67708.4,0.130388,0.128854,-0.211689,-0.213223,1.94568,1.94545,-0.181296,-0.179842,0,0.00153398,0,0.00153398,0.751651,0.753185,
67728.5,0.130388,0.128854,-0.211689,-0.213223,1.94568,1.94545,-0.181296,-0.179842,0,0.00153398,0,0.00153398,0.751651,0.753185,
67748.5,0.130388,0.128854,-0.211689,-0.213223,1.94568,1.94545,-0.181296,-0.179842,0,0.00153398,0,0.00153398,0.751651,0.753185,
67768.5,0.130388,0.128854,-0.211689,-0.213223,1.94568,1.94545,-0.181296,-0.179842,0,0.00153398,0,0.00153398,0.751651,0.753185,
67788.4,0.130388,0.128854,-0.211689,-0.213223,1.94568,1.94545,-0.181296,-0.179842,0,0.00153398,0,0.00153398,0.751651,0.753185,
67808.5,0.130388,0.128854,-0.211689,-0.213223,1.94568,1.94545,-0.181296,-0.179842,0,0.00153398,0,0.00153398,0.751651,0.753185,
67828.5,0.130388,0.128854,-0.211689,-0.213223,1.94568,1.94545,-0.181296,-0.179842,0,0.00153398,0,0.00153398,0.751651,0.753185,
67848.4,0.130388,0.128854,-0.211689,-0.213223,1.94568,1.94545,-0.181296,-0.179842,0,0.00153398,0,0.00153398,0.751651,0.753185,
67868.5,0.130388,0.128854,-0.211689,-0.213223,1.94568,1.94545,-0.181296,-0.179842,0,0.00153398,0,0.00153398,0.751651,0.753185,
67888.4,0.130388,0.128854,-0.211689,-0.213223,1.94568,1.94545,-0.181296,-0.179842,0,0.00153398,0,0.00153398,0.751651,0.753185,
67908.5,0.130388,0.128854,-0.211689,-0.213223,1.94568,1.94545,-0.181296,-0.179842,0,0.00153398,0,0.00153398,0.751651,0.753185,
67928.5,0.130388,0.128854,-0.211689,-0.213223,1.94568,1.94545,-0.181296,-0.179842,0,0.00153398,0,0.00153398,0.751651,0.753185,
67948.4,0.130388,0.128854,-0.211689,-0.213223,1.94568,1.94545,-0.181296,-0.179842,0,0.00153398,0,0.00153398,0.751651,0.753185,
67968.5,0.130388,0.128854,-0.211689,-0.213223,1.94568,1.94545,-0.181296,-0.179842,0,0.00153398,0,0.00153398,0.751651,0.753185,
67988.5,0.130388,0.128854,-0.211689,-0.213223,1.94568,1.94545,-0.181296,-0.179842,0,0.00153398,0,0.00153398,0.751651,0.753185,
68008.5,0.130388,0.128854,-0.211689,-0.213223,1.94568,1.94545,-0.181296,-0.179842,0,0.00153398,0,0.00153398,0.751651,0.754719,
68028.5,0.130388,0.128854,-0.211689,-0.213223,1.94568,1.94545,-0.181296,-0.179842,0,0.00153398,0,0.00153398,0.751651,0.754719,
68048.5,0.130388,0.128854,-0.211689,-0.213223,1.94568,1.94545,-0.181296,-0.179842,0,0.00153398,0,0.00153398,0.751651,0.754719,
68068.5,0.130388,0.128854,-0.211689,-0.213223,1.94568,1.94545,-0.181296,-0.179842,0,0.00153398,0,0.00153398,0.751651,0.754719,
68088.4,0.130388,0.128854,-0.211689,-0.213223,1.94568,1.94545,-0.181296,-0.179842,0,0.00153398,0,0.00153398,0.751651,0.754719,
68108.4,0.130388,0.128854,-0.211689,-0.213223,1.94568,1.94545,-0.181296,-0.179842,0,0.00153398,0,0.00153398,0.751651,0.753185,
68128.5,0.130388,0.128854,-0.211689,-0.213223,1.94568,1.94545,-0.181296,-0.179842,0,0.00153398,0,0.00153398,0.751651,0.753185,
68148.4,0.130388,0.128854,-0.211689,-0.213223,1.94568,1.94545,-0.181296,-0.179842,0,0.00153398,0,0.00153398,0.751651,0.753185,
68168.4,0.130388,0.128854,-0.211689,-0.213223,1.94568,1.94545,-0.181296,-0.179842,0,0.00153398,0,0.00153398,0.751651,0.753185,
68188.4,0.130388,0.128854,-0.211689,-0.213223,1.94568,1.94545,-0.181296,-0.179842,0,0.00153398,0,0.00153398,0.751651,0.753185,
68208.5,0.130388,0.128854,-0.211689,-0.213223,1.94568,1.94545,-0.181296,-0.179842,0,0.00153398,0,0.00153398,0.751651,0.754719,
68228.5,0.130388,0.128854,-0.211689,-0.213223,1.94568,1.94545,-0.181296,-0.179842,0,0.00153398,0,0.00153398,0.751651,0.754719,
68248.4,0.130388,0.128854,-0.211689,-0.213223,1.94568,1.94545,-0.181296,-0.179842,0,0.00153398,0,0.00153398,0.751651,0.754719,
68268.4,0.130388,0.128854,-0.211689,-0.213223,1.94568,1.94545,-0.181296,-0.179842,0,0.00153398,0,0.00153398,0.751651,0.754719,
68288.5,0.130388,0.128854,-0.211689,-0.213223,1.94568,1.94545,-0.181296,-0.179842,0,0.00153398,0,0.00153398,0.751651,0.754719,
68308.4,0.130388,0.128854,-0.211689,-0.213223,1.94568,1.94545,-0.181296,-0.179842,0,0.00153398,0,0.00153398,0.751651,0.753185,
68328.5,0.130388,0.128854,-0.211689,-0.213223,1.94568,1.94545,-0.181296,-0.179842,0,0.00153398,0,0.00153398,0.751651,0.753185,
68348.5,0.130388,0.128854,-0.211689,-0.213223,1.94568,1.94545,-0.181296,-0.179842,0,0.00153398,0,0.00153398,0.751651,0.753185,
68368.5,0.130388,0.128854,-0.211689,-0.213223,1.94568,1.94545,-0.181296,-0.179842,0,0.00153398,0,0.00153398,0.751651,0.753185,
68388.5,0.130388,0.128854,-0.211689,-0.213223,1.94568,1.94545,-0.181296,-0.179842,0,0.00153398,0,0.00153398,0.751651,0.753185,
68408.4,0.130388,0.128854,-0.211689,-0.213223,1.94568,1.94545,-0.181296,-0.179842,0,0.00153398,0,0.00153398,0.751651,0.754719,
68428.5,0.130388,0.128854,-0.211689,-0.213223,1.94568,1.94545,-0.181296,-0.179842,0,0.00153398,0,0.00153398,0.751651,0.754719,
68448.5,0.130388,0.128854,-0.211689,-0.213223,1.94568,1.94545,-0.181296,-0.179842,0,0.00153398,0,0.00153398,0.751651,0.754719,
68468.5,0.130388,0.128854,-0.211689,-0.213223,1.94568,1.94545,-0.181296,-0.179842,0,0.00153398,0,0.00153398,0.751651,0.754719,
68488.5,0.130388,0.128854,-0.211689,-0.213223,1.94568,1.94545,-0.181296,-0.179842,0,0.00153398,0,0.00153398,0.751651,0.754719,
68508.5,0.130388,0.128854,-0.211689,-0.213223,1.94568,1.94545,-0.181296,-0.179842,0,0.00153398,0,0.00153398,0.751651,0.753185,
68528.4,0.130388,0.128854,-0.211689,-0.213223,1.94568,1.94545,-0.181296,-0.179842,0,0.00153398,0,0.00153398,0.751651,0.753185,
68548.4,0.130388,0.128854,-0.211689,-0.213223,1.94568,1.94545,-0.181296,-0.179842,0,0.00153398,0,0.00153398,0.751651,0.753185,
68568.4,0.130388,0.128854,-0.211689,-0.213223,1.94568,1.94545,-0.181296,-0.179842,0,0.00153398,0,0.00153398,0.751651,0.753185,
68588.4,0.130388,0.128854,-0.211689,-0.213223,1.94568,1.94545,-0.181296,-0.179842,0,0.00153398,0,0.00153398,0.751651,0.754719,
68608.4,0.130388,0.128854,-0.211689,-0.213223,1.94568,1.94545,-0.181296,-0.179842,0,0.00153398,0,0.00153398,0.751651,0.754719,
68628.5,0.130388,0.128854,-0.211689,-0.213223,1.94568,1.94545,-0.181296,-0.179842,0,0.00153398,0,0.00153398,0.751651,0.754719,
68648.5,0.130388,0.128854,-0.211689,-0.213223,1.94568,1.94545,-0.181296,-0.179842,0,0.00153398,0,0.00153398,0.751651,0.754719,
68668.5,0.130388,0.128854,-0.211689,-0.213223,1.94568,1.94545,-0.181296,-0.179842,0,0.00153398,0,0.00153398,0.751651,0.754719,
68688.4,0.130388,0.128854,-0.211689,-0.213223,1.94568,1.94545,-0.181296,-0.179842,0,0.00153398,0,0.00153398,0.751651,0.754719,
68708.4,0.130388,0.128854,-0.211689,-0.213223,1.94568,1.94545,-0.181296,-0.179842,0,0.00153398,0,0.00153398,0.751651,0.754719,
68728.4,0.130388,0.128854,-0.211689,-0.213223,1.94568,1.94545,-0.181296,-0.179842,0,0.00153398,0,0.00153398,0.751651,0.754719,
68748.5,0.130388,0.128854,-0.211689,-0.213223,1.94568,1.94545,-0.181296,-0.179842,0,0.00153398,0,0.00153398,0.751651,0.754719,
68768.4,0.130388,0.128854,-0.211689,-0.213223,1.94568,1.94545,-0.181296,-0.179842,0,0.00153398,0,0.00153398,0.751651,0.754719,
68788.5,0.130388,0.128854,-0.211689,-0.213223,1.94568,1.94545,-0.181296,-0.179842,0,0.00153398,0,0.00153398,0.751651,0.754719,
68808.5,0.130388,0.128854,-0.211689,-0.213223,1.94568,1.94545,-0.181296,-0.179842,0,0.00153398,0,0.00153398,0.751651,0.754719,
68828.4,0.130388,0.128854,-0.211689,-0.213223,1.94568,1.94699,-0.181296,-0.179842,0,0.00153398,0,0.00153398,0.751651,0.754719,
68848.5,0.130388,0.128854,-0.211689,-0.213223,1.94568,1.94699,-0.181296,-0.179842,0,0.00153398,0,0.00153398,0.751651,0.754719,
68868.5,0.130388,0.128854,-0.211689,-0.213223,1.94568,1.94699,-0.181296,-0.179842,0,0.00153398,0,0.00153398,0.751651,0.754719,
68888.5,0.130388,0.128854,-0.211689,-0.213223,1.94568,1.94699,-0.181296,-0.179842,0,0.00153398,0,0.00153398,0.751651,0.754719,
68908.5,0.130388,0.128854,-0.211689,-0.213223,1.94568,1.94545,-0.181296,-0.179842,0,0.00153398,0,0.00153398,0.751651,0.753185,
68928.4,0.130388,0.128854,-0.211689,-0.213223,1.94568,1.94545,-0.181296,-0.179842,0,0.00153398,0,0.00153398,0.751651,0.753185,
68948.5,0.130388,0.128854,-0.211689,-0.213223,1.94568,1.94545,-0.181296,-0.179842,0,0.00153398,0,0.00153398,0.751651,0.753185,
68968.5,0.130388,0.128854,-0.211689,-0.213223,1.94568,1.94545,-0.181296,-0.179842,0,0.00153398,0,0.00153398,0.751651,0.753185,
68988.4,0.130388,0.128854,-0.211689,-0.213223,1.94568,1.94545,-0.181296,-0.179842,0,0.00153398,0,0.00153398,0.751651,0.753185,
69008.4,0.130388,0.128854,-0.211689,-0.214757,1.94568,1.94545,-0.181296,-0.179842,0,0.00153398,0,0.00153398,0.751651,0.754719,
69028.5,0.130388,0.128854,-0.211689,-0.214757,1.94568,1.94545,-0.181296,-0.179842,0,0.00153398,0,0.00153398,0.751651,0.754719,
69048.5,0.130388,0.128854,-0.211689,-0.214757,1.94568,1.94545,-0.181296,-0.179842,0,0.00153398,0,0.00153398,0.751651,0.754719,
69068.4,0.130388,0.128854,-0.211689,-0.214757,1.94568,1.94545,-0.181296,-0.179842,0,0.00153398,0,0.00153398,0.751651,0.754719,
69088.4,0.130388,0.128854,-0.211689,-0.213223,1.94568,1.94545,-0.181296,-0.179842,0,0.00153398,0,0.00153398,0.751651,0.754719,
69108.4,0.130388,0.128854,-0.211689,-0.213223,1.94568,1.94545,-0.181296,-0.179842,0,0.00153398,0,0.00153398,0.751651,0.754719,
69128.4,0.130388,0.128854,-0.211689,-0.213223,1.94568,1.94545,-0.181296,-0.179842,0,0.00153398,0,0.00153398,0.751651,0.754719,
69148.5,0.130388,0.128854,-0.211689,-0.213223,1.94568,1.94545,-0.181296,-0.179842,0,0.00153398,0,0.00153398,0.751651,0.754719,
69168.5,0.130388,0.128854,-0.211689,-0.213223,1.94568,1.94545,-0.181296,-0.179842,0,0.00153398,0,0.00153398,0.751651,0.754719,
69188.5,0.130388,0.128854,-0.211689,-0.213223,1.94568,1.94545,-0.181296,-0.179842,0,0.00153398,0,0.00153398,0.751651,0.754719,
69208.5,0.130388,0.128854,-0.211689,-0.213223,1.94568,1.94545,-0.181296,-0.179842,0,0.00153398,0,0.00153398,0.751651,0.754719,
69228.4,0.130388,0.128854,-0.211689,-0.213223,1.94568,1.94545,-0.181296,-0.179842,0,0.00153398,0,0.00153398,0.751651,0.754719,
69248.5,0.130388,0.128854,-0.211689,-0.213223,1.94568,1.94545,-0.181296,-0.179842,0,0.00153398,0,0.00153398,0.751651,0.754719,
69268.5,0.130388,0.128854,-0.211689,-0.213223,1.94568,1.94545,-0.181296,-0.179842,0,0.00153398,0,0.00153398,0.751651,0.754719,
69288.4,0.130388,0.128854,-0.211689,-0.213223,1.94568,1.94545,-0.181296,-0.179842,0,0.00153398,0,0.00153398,0.751651,0.754719,
69308.5,0.130388,0.128854,-0.211689,-0.213223,1.94568,1.94545,-0.181296,-0.179842,0,0.00153398,0,0.00153398,0.751651,0.754719,
69328.5,0.130388,0.128854,-0.211689,-0.213223,1.94568,1.94545,-0.181296,-0.179842,0,0.00153398,0,0.00153398,0.751651,0.753185,
69348.4,0.130388,0.128854,-0.211689,-0.213223,1.94568,1.94545,-0.181296,-0.179842,0,0.00153398,0,0.00153398,0.751651,0.753185,
69368.5,0.130388,0.128854,-0.211689,-0.213223,1.94568,1.94545,-0.181296,-0.179842,0,0.00153398,0,0.00153398,0.751651,0.753185,
69388.5,0.130388,0.128854,-0.211689,-0.213223,1.94568,1.94545,-0.181296,-0.179842,0,0.00153398,0,0.00153398,0.751651,0.753185,
69408.5,0.130388,0.128854,-0.211689,-0.213223,1.94568,1.94545,-0.181296,-0.179842,0,0.00153398,0,0.00153398,0.751651,0.754719,
69428.4,0.130388,0.128854,-0.211689,-0.213223,1.94568,1.94545,-0.181296,-0.179842,0,0.00153398,0,0.00153398,0.751651,0.754719,
69448.5,0.130388,0.128854,-0.211689,-0.213223,1.94568,1.94545,-0.181296,-0.179842,0,0.00153398,0,0.00153398,0.751651,0.754719,
69468.5,0.130388,0.128854,-0.211689,-0.213223,1.94568,1.94545,-0.181296,-0.179842,0,0.00153398,0,0.00153398,0.751651,0.754719,
69488.5,0.130388,0.128854,-0.211689,-0.213223,1.94568,1.94545,-0.181296,-0.179842,0,0.00153398,0,0.00153398,0.751651,0.753185,
69508.4,0.130388,0.128854,-0.211689,-0.213223,1.94568,1.94545,-0.181296,-0.179842,0,0.00153398,0,0.00153398,0.751651,0.753185,
69528.5,0.130388,0.128854,-0.211689,-0.213223,1.94568,1.94545,-0.181296,-0.179842,0,0.00153398,0,0.00153398,0.751651,0.753185,
69548.4,0.130388,0.128854,-0.211689,-0.213223,1.94568,1.94545,-0.181296,-0.179842,0,0.00153398,0,0.00153398,0.751651,0.753185,
69568.4,0.130388,0.128854,-0.211689,-0.213223,1.94568,1.94545,-0.181296,-0.179842,0,0.00153398,0,0.00153398,0.751651,0.753185,
69588.4,0.130388,0.128854,-0.211689,-0.213223,1.94568,1.94545,-0.181296,-0.179842,0,0.00153398,0,0.00153398,0.751651,0.753185,
69608.4,0.130388,0.128854,-0.211689,-0.213223,1.94568,1.94545,-0.181296,-0.179842,0,0.00153398,0,0.00153398,0.751651,0.754719,
69628.5,0.130388,0.128854,-0.211689,-0.213223,1.94568,1.94545,-0.181296,-0.179842,0,0.00153398,0,0.00153398,0.751651,0.754719,
69648.5,0.130388,0.128854,-0.211689,-0.213223,1.94568,1.94545,-0.181296,-0.179842,0,0.00153398,0,0.00153398,0.751651,0.754719,
69668.5,0.130388,0.128854,-0.211689,-0.213223,1.94568,1.94545,-0.181296,-0.179842,0,0.00153398,0,0.00153398,0.751651,0.754719,
69688.4,0.130388,0.128854,-0.211689,-0.213223,1.94568,1.94545,-0.181296,-0.179842,0,0.00153398,0,0.00153398,0.751651,0.754719,
69708.4,0.130388,0.128854,-0.211689,-0.213223,1.94568,1.94545,-0.181296,-0.179842,0,0.00153398,0,0.00153398,0.751651,0.754719,
69728.5,0.130388,0.128854,-0.211689,-0.213223,1.94568,1.94545,-0.181296,-0.179842,0,0.00153398,0,0.00153398,0.751651,0.754719,
69748.4,0.130388,0.128854,-0.211689,-0.213223,1.94568,1.94545,-0.181296,-0.179842,0,0.00153398,0,0.00153398,0.751651,0.754719,
69768.5,0.130388,0.128854,-0.211689,-0.213223,1.94568,1.94545,-0.181296,-0.179842,0,0.00153398,0,0.00153398,0.751651,0.754719,
69788.5,0.130388,0.128854,-0.211689,-0.213223,1.94568,1.94545,-0.181296,-0.179842,0,0.00153398,0,0.00153398,0.751651,0.754719,
69808.5,0.130388,0.128854,-0.211689,-0.213223,1.94568,1.94545,-0.181296,-0.179842,0,0.00153398,0,0.00153398,0.751651,0.753185,
69828.5,0.130388,0.128854,-0.211689,-0.213223,1.94568,1.94545,-0.181296,-0.179842,0,0.00153398,0,0.00153398,0.751651,0.753185,
69848.5,0.130388,0.128854,-0.211689,-0.213223,1.94568,1.94545,-0.181296,-0.179842,0,0.00153398,0,0.00153398,0.751651,0.753185,
69868.4,0.130388,0.128854,-0.211689,-0.213223,1.94568,1.94545,-0.181296,-0.179842,0,0.00153398,0,0.00153398,0.751651,0.753185,
69888.5,0.130388,0.128854,-0.211689,-0.213223,1.94568,1.94545,-0.181296,-0.179842,0,0.00153398,0,0.00153398,0.751651,0.753185,
69908.5,0.130388,0.128854,-0.211689,-0.213223,1.94568,1.94699,-0.181296,-0.179842,0,0.00153398,0,0.00153398,0.751651,0.753185,
69928.5,0.130388,0.128854,-0.211689,-0.213223,1.94568,1.94699,-0.181296,-0.179842,0,0.00153398,0,0.00153398,0.751651,0.753185,
69948.4,0.130388,0.128854,-0.211689,-0.213223,1.94568,1.94699,-0.181296,-0.179842,0,0.00153398,0,0.00153398,0.751651,0.753185,
69968.4,0.130388,0.128854,-0.211689,-0.213223,1.94568,1.94699,-0.181296,-0.179842,0,0.00153398,0,0.00153398,0.751651,0.753185,
69988.5,0.130388,0.128854,-0.211689,-0.213223,1.94568,1.94699,-0.181296,-0.179842,0,0.00153398,0,0.00153398,0.751651,0.753185,
70008.5,0.130388,0.128854,-0.211689,-0.213223,1.94568,1.94545,-0.181296,-0.179842,0,0.00153398,0,0.00153398,0.751651,0.753185,
70028.5,0.130388,0.128854,-0.211689,-0.213223,1.94568,1.94545,-0.181296,-0.179842,0,0.00153398,0,0.00153398,0.751651,0.753185,
70048.5,0.130388,0.128854,-0.211689,-0.213223,1.94568,1.94545,-0.181296,-0.179842,0,0.00153398,0,0.00153398,0.751651,0.753185,
70068.4,0.130388,0.128854,-0.211689,-0.213223,1.94568,1.94545,-0.181296,-0.179842,0,0.00153398,0,0.00153398,0.751651,0.753185,
70088.4,0.130388,0.128854,-0.211689,-0.213223,1.94568,1.94545,-0.181296,-0.179842,0,0.00153398,0,0.00153398,0.751651,0.753185,
70108.4,0.130388,0.128854,-0.211689,-0.213223,1.94568,1.94545,-0.181296,-0.179842,0,0.00153398,0,0.00153398,0.751651,0.754719,
70128.5,0.130388,0.128854,-0.211689,-0.213223,1.94568,1.94545,-0.181296,-0.179842,0,0.00153398,0,0.00153398,0.751651,0.754719,
70148.5,0.130388,0.128854,-0.211689,-0.213223,1.94568,1.94545,-0.181296,-0.179842,0,0.00153398,0,0.00153398,0.751651,0.754719,
70168.4,0.130388,0.128854,-0.211689,-0.213223,1.94568,1.94545,-0.181296,-0.179842,0,0.00153398,0,0.00153398,0.751651,0.754719,
70188.5,0.130388,0.128854,-0.211689,-0.213223,1.94568,1.94545,-0.181296,-0.179842,0,0.00153398,0,0.00153398,0.751651,0.754719,
70208.4,0.130388,0.128854,-0.211689,-0.213223,1.94568,1.94545,-0.181296,-0.179842,0,0.00153398,0,0.00153398,0.751651,0.753185,
70228.5,0.130388,0.128854,-0.211689,-0.213223,1.94568,1.94545,-0.181296,-0.179842,0,0.00153398,0,0.00153398,0.751651,0.753185,
70248.5,0.130388,0.128854,-0.211689,-0.213223,1.94568,1.94545,-0.181296,-0.179842,0,0.00153398,0,0.00153398,0.751651,0.753185,
70268.5,0.130388,0.128854,-0.211689,-0.213223,1.94568,1.94545,-0.181296,-0.179842,0,0.00153398,0,0.00153398,0.751651,0.753185,
70288.5,0.130388,0.128854,-0.211689,-0.213223,1.94568,1.94545,-0.181296,-0.179842,0,0.00153398,0,0.00153398,0.751651,0.754719,
70308.5,0.130388,0.128854,-0.211689,-0.213223,1.94568,1.94545,-0.181296,-0.179842,0,0.00153398,0,0.00153398,0.751651,0.754719,
70328.4,0.130388,0.128854,-0.211689,-0.213223,1.94568,1.94545,-0.181296,-0.179842,0,0.00153398,0,0.00153398,0.751651,0.754719,
70348.4,0.130388,0.128854,-0.211689,-0.213223,1.94568,1.94545,-0.181296,-0.179842,0,0.00153398,0,0.00153398,0.751651,0.754719,
70368.4,0.130388,0.128854,-0.211689,-0.213223,1.94568,1.94545,-0.181296,-0.179842,0,0.00153398,0,0.00153398,0.751651,0.754719,
70388.4,0.130388,0.128854,-0.211689,-0.213223,1.94568,1.94545,-0.181296,-0.179842,0,0.00153398,0,0.00153398,0.751651,0.754719,
70408.5,0.130388,0.128854,-0.211689,-0.213223,1.94568,1.94545,-0.181296,-0.179842,0,0.00153398,0,0.00153398,0.751651,0.753185,
70428.4,0.130388,0.128854,-0.211689,-0.213223,1.94568,1.94545,-0.181296,-0.179842,0,0.00153398,0,0.00153398,0.751651,0.753185,
70448.5,0.130388,0.128854,-0.211689,-0.213223,1.94568,1.94545,-0.181296,-0.179842,0,0.00153398,0,0.00153398,0.751651,0.753185,
70468.5,0.130388,0.128854,-0.211689,-0.213223,1.94568,1.94545,-0.181296,-0.179842,0,0.00153398,0,0.00153398,0.751651,0.753185,
70488.5,0.130388,0.128854,-0.211689,-0.213223,1.94568,1.94545,-0.181296,-0.179842,0,0.00153398,0,0.00153398,0.751651,0.753185,
70508.4,0.130388,0.128854,-0.211689,-0.213223,1.94568,1.94545,-0.181296,-0.179842,0,0.00153398,0,0.00153398,0.751651,0.754719,
70528.6,0.130388,0.128854,-0.211689,-0.213223,1.94568,1.94545,-0.181296,-0.179842,0,0.00153398,0,0.00153398,0.751651,0.754719,
70548.5,0.130388,0.128854,-0.211689,-0.213223,1.94568,1.94545,-0.181296,-0.179842,0,0.00153398,0,0.00153398,0.751651,0.754719,
70568.4,0.130388,0.128854,-0.211689,-0.213223,1.94568,1.94545,-0.181296,-0.179842,0,0.00153398,0,0.00153398,0.751651,0.754719,
70588.3,0.130388,0.128854,-0.211689,-0.213223,1.94568,1.94545,-0.181296,-0.179842,0,0.00153398,0,0.00153398,0.751651,0.753185,
70608.4,0.130388,0.128854,-0.211689,-0.213223,1.94568,1.94545,-0.181296,-0.179842,0,0.00153398,0,0.00153398,0.751651,0.753185,
70628.4,0.130388,0.128854,-0.211689,-0.213223,1.94568,1.94545,-0.181296,-0.179842,0,0.00153398,0,0.00153398,0.751651,0.753185,
70648.5,0.130388,0.128854,-0.211689,-0.213223,1.94568,1.94545,-0.181296,-0.179842,0,0.00153398,0,0.00153398,0.751651,0.753185,
70668.4,0.130388,0.128854,-0.211689,-0.213223,1.94568,1.94545,-0.181296,-0.179842,0,0.00153398,0,0.00153398,0.751651,0.753185,
70688.5,0.130388,0.128854,-0.211689,-0.213223,1.94568,1.94545,-0.181296,-0.179842,0,0.00153398,0,0.00153398,0.751651,0.753185,
70708.5,0.130388,0.128854,-0.211689,-0.213223,1.94568,1.94545,-0.181296,-0.179842,0,0.00153398,0,0.00153398,0.751651,0.754719,
70728.5,0.130388,0.128854,-0.211689,-0.213223,1.94568,1.94545,-0.181296,-0.179842,0,0.00153398,0,0.00153398,0.751651,0.754719,
70748.5,0.130388,0.128854,-0.211689,-0.213223,1.94568,1.94545,-0.181296,-0.179842,0,0.00153398,0,0.00153398,0.751651,0.754719,
70768.5,0.130388,0.128854,-0.211689,-0.213223,1.94568,1.94545,-0.181296,-0.179842,0,0.00153398,0,0.00153398,0.751651,0.754719,
70788.4,0.130388,0.128854,-0.211689,-0.213223,1.94568,1.94545,-0.181296,-0.179842,0,0.00153398,0,0.00153398,0.751651,0.754719,
70808.5,0.130388,0.128854,-0.211689,-0.211689,1.94568,1.94545,-0.181296,-0.179842,0,0.00153398,0,0.00153398,0.751651,0.754719,
70828.5,0.130388,0.128854,-0.211689,-0.211689,1.94568,1.94545,-0.181296,-0.179842,0,0.00153398,0,0.00153398,0.751651,0.754719,
70848.5,0.130388,0.128854,-0.211689,-0.211689,1.94568,1.94545,-0.181296,-0.179842,0,0.00153398,0,0.00153398,0.751651,0.754719,
70868.5,0.130388,0.128854,-0.211689,-0.211689,1.94568,1.94545,-0.181296,-0.179842,0,0.00153398,0,0.00153398,0.751651,0.754719,
70888.5,0.130388,0.128854,-0.211689,-0.211689,1.94568,1.94545,-0.181296,-0.179842,0,0.00153398,0,0.00153398,0.751651,0.754719,
70908.4,0.130388,0.128854,-0.211689,-0.213223,1.94568,1.94545,-0.181296,-0.179842,0,0.00153398,0,0.00153398,0.751651,0.753185,
70928.4,0.130388,0.128854,-0.211689,-0.213223,1.94568,1.94545,-0.181296,-0.179842,0,0.00153398,0,0.00153398,0.751651,0.753185,
70948.4,0.130388,0.128854,-0.211689,-0.213223,1.94568,1.94545,-0.181296,-0.179842,0,0.00153398,0,0.00153398,0.751651,0.753185,
70968.4,0.130388,0.128854,-0.211689,-0.213223,1.94568,1.94545,-0.181296,-0.179842,0,0.00153398,0,0.00153398,0.751651,0.753185,
70988.4,0.130388,0.128854,-0.211689,-0.213223,1.94568,1.94545,-0.181296,-0.179842,0,0.00153398,0,0.00153398,0.751651,0.753185,
71008.5,0.130388,0.128854,-0.211689,-0.213223,1.94568,1.94545,-0.181296,-0.179842,0,0.00153398,0,0.00153398,0.751651,0.753185,
71028.4,0.130388,0.128854,-0.211689,-0.213223,1.94568,1.94545,-0.181296,-0.179842,0,0.00153398,0,0.00153398,0.751651,0.753185,
71048.5,0.130388,0.128854,-0.211689,-0.213223,1.94568,1.94545,-0.181296,-0.179842,0,0.00153398,0,0.00153398,0.751651,0.753185,
71068.4,0.130388,0.128854,-0.211689,-0.213223,1.94568,1.94545,-0.181296,-0.179842,0,0.00153398,0,0.00153398,0.751651,0.753185,
71088.4,0.130388,0.128854,-0.211689,-0.213223,1.94568,1.94545,-0.181296,-0.179842,0,0.00153398,0,0.00153398,0.751651,0.753185,
71108.4,0.130388,0.128854,-0.211689,-0.213223,1.94568,1.94545,-0.181296,-0.179842,0,0.00153398,0,0.00153398,0.751651,0.753185,
71128.5,0.130388,0.128854,-0.211689,-0.213223,1.94568,1.94545,-0.181296,-0.179842,0,0.00153398,0,0.00153398,0.751651,0.753185,
71148.4,0.130388,0.128854,-0.211689,-0.213223,1.94568,1.94545,-0.181296,-0.179842,0,0.00153398,0,0.00153398,0.751651,0.753185,
71168.4,0.130388,0.128854,-0.211689,-0.213223,1.94568,1.94545,-0.181296,-0.179842,0,0.00153398,0,0.00153398,0.751651,0.753185,
71188.4,0.130388,0.128854,-0.211689,-0.213223,1.94568,1.94545,-0.181296,-0.179842,0,0.00153398,0,0.00153398,0.751651,0.753185,
71208.4,0.130388,0.128854,-0.211689,-0.213223,1.94568,1.94545,-0.181296,-0.179842,0,0.00153398,0,0.00153398,0.751651,0.753185,
71228.4,0.130388,0.128854,-0.211689,-0.213223,1.94568,1.94545,-0.181296,-0.179842,0,0.00153398,0,0.00153398,0.751651,0.753185,
71248.4,0.130388,0.128854,-0.211689,-0.213223,1.94568,1.94545,-0.181296,-0.179842,0,0.00153398,0,0.00153398,0.751651,0.753185,
71268.4,0.130388,0.128854,-0.211689,-0.213223,1.94568,1.94545,-0.181296,-0.179842,0,0.00153398,0,0.00153398,0.751651,0.753185,
71288.4,0.130388,0.128854,-0.211689,-0.213223,1.94568,1.94545,-0.181296,-0.179842,0,0.00153398,0,0.00153398,0.751651,0.753185,
71308.3,0.130388,0.128854,-0.211689,-0.213223,1.94568,1.94545,-0.181296,-0.179842,0,0.00153398,0,0.00153398,0.751651,0.753185,
71328.4,0.130388,0.128854,-0.211689,-0.213223,1.94568,1.94545,-0.181296,-0.179842,0,0.00153398,0,0.00153398,0.751651,0.753185,
71348.3,0.130388,0.128854,-0.211689,-0.213223,1.94568,1.94545,-0.181296,-0.179842,0,0.00153398,0,0.00153398,0.751651,0.753185,
71368.4,0.130388,0.128854,-0.211689,-0.213223,1.94568,1.94545,-0.181296,-0.179842,0,0.00153398,0,0.00153398,0.751651,0.753185,
71388.3,0.130388,0.128854,-0.211689,-0.213223,1.94568,1.94545,-0.181296,-0.179842,0,0.00153398,0,0.00153398,0.751651,0.753185,
71408.4,0.130388,0.128854,-0.211689,-0.213223,1.94568,1.94545,-0.181296,-0.179842,0,0.00153398,0,0.00153398,0.751651,0.754719,
71428.4,0.130388,0.128854,-0.211689,-0.213223,1.94568,1.94545,-0.181296,-0.179842,0,0.00153398,0,0.00153398,0.751651,0.754719,
71448.4,0.130388,0.128854,-0.211689,-0.213223,1.94568,1.94545,-0.181296,-0.179842,0,0.00153398,0,0.00153398,0.751651,0.754719,
71468.3,0.130388,0.128854,-0.211689,-0.213223,1.94568,1.94545,-0.181296,-0.179842,0,0.00153398,0,0.00153398,0.751651,0.754719,
71488.3,0.130388,0.128854,-0.211689,-0.213223,1.94568,1.94545,-0.181296,-0.179842,0,0.00153398,0,0.00153398,0.751651,0.754719,
71508.3,0.130388,0.128854,-0.211689,-0.213223,1.94568,1.94545,-0.181296,-0.179842,0,0.00153398,0,0.00153398,0.751651,0.753185,
71528.4,0.130388,0.128854,-0.211689,-0.213223,1.94568,1.94545,-0.181296,-0.179842,0,0.00153398,0,0.00153398,0.751651,0.753185,
71548.4,0.130388,0.128854,-0.211689,-0.213223,1.94568,1.94545,-0.181296,-0.179842,0,0.00153398,0,0.00153398,0.751651,0.753185,
71568.4,0.130388,0.128854,-0.211689,-0.213223,1.94568,1.94545,-0.181296,-0.179842,0,0.00153398,0,0.00153398,0.751651,0.753185,
71588.4,0.130388,0.128854,-0.211689,-0.213223,1.94568,1.94545,-0.181296,-0.179842,0,0.00153398,0,0.00153398,0.751651,0.753185,
71608.4,0.130388,0.128854,-0.211689,-0.213223,1.94568,1.94545,-0.181296,-0.179842,0,0.00153398,0,0.00153398,0.751651,0.753185,
71628.4,0.130388,0.128854,-0.211689,-0.213223,1.94568,1.94545,-0.181296,-0.179842,0,0.00153398,0,0.00153398,0.751651,0.753185,
71648.4,0.130388,0.128854,-0.211689,-0.213223,1.94568,1.94545,-0.181296,-0.179842,0,0.00153398,0,0.00153398,0.751651,0.753185,
71668.4,0.130388,0.128854,-0.211689,-0.213223,1.94568,1.94545,-0.181296,-0.179842,0,0.00153398,0,0.00153398,0.751651,0.753185,
71688.4,0.130388,0.128854,-0.211689,-0.213223,1.94568,1.94545,-0.181296,-0.179842,0,0.00153398,0,0.00153398,0.751651,0.753185,
71708.5,0.130388,0.128854,-0.211689,-0.214757,1.94568,1.94545,-0.181296,-0.179842,0,0.00153398,0,0.00153398,0.751651,0.753185,
71728.5,0.130388,0.128854,-0.211689,-0.214757,1.94568,1.94545,-0.181296,-0.179842,0,0.00153398,0,0.00153398,0.751651,0.753185,
71748.4,0.130388,0.128854,-0.211689,-0.214757,1.94568,1.94545,-0.181296,-0.179842,0,0.00153398,0,0.00153398,0.751651,0.753185,
71768.4,0.130388,0.128854,-0.211689,-0.214757,1.94568,1.94545,-0.181296,-0.179842,0,0.00153398,0,0.00153398,0.751651,0.753185,
71788.4,0.130388,0.128854,-0.211689,-0.214757,1.94568,1.94545,-0.181296,-0.179842,0,0.00153398,0,0.00153398,0.751651,0.753185,
71808.5,0.130388,0.128854,-0.211689,-0.213223,1.94568,1.94545,-0.181296,-0.179842,0,0.00153398,0,0.00153398,0.751651,0.754719,
71828.4,0.130388,0.128854,-0.211689,-0.213223,1.94568,1.94545,-0.181296,-0.179842,0,0.00153398,0,0.00153398,0.751651,0.754719,
71848.5,0.130388,0.128854,-0.211689,-0.213223,1.94568,1.94545,-0.181296,-0.179842,0,0.00153398,0,0.00153398,0.751651,0.754719,
71868.4,0.130388,0.128854,-0.211689,-0.213223,1.94568,1.94545,-0.181296,-0.179842,0,0.00153398,0,0.00153398,0.751651,0.754719,
71888.4,0.130388,0.128854,-0.211689,-0.213223,1.94568,1.94545,-0.181296,-0.179842,0,0.00153398,0,0.00153398,0.751651,0.754719,
71908.4,0.130388,0.128854,-0.211689,-0.213223,1.94568,1.94545,-0.181296,-0.179842,0,0.00153398,0,0.00153398,0.751651,0.754719,
71928.4,0.130388,0.128854,-0.211689,-0.213223,1.94568,1.94545,-0.181296,-0.179842,0,0.00153398,0,0.00153398,0.751651,0.754719,
71948.4,0.130388,0.128854,-0.211689,-0.213223,1.94568,1.94545,-0.181296,-0.179842,0,0.00153398,0,0.00153398,0.751651,0.754719,
71968.4,0.130388,0.128854,-0.211689,-0.213223,1.94568,1.94545,-0.181296,-0.179842,0,0.00153398,0,0.00153398,0.751651,0.754719,
71988.4,0.130388,0.128854,-0.211689,-0.213223,1.94568,1.94545,-0.181296,-0.179842,0,0.00153398,0,0.00153398,0.751651,0.754719,
72008.5,0.130388,0.128854,-0.211689,-0.213223,1.94568,1.94545,-0.181296,-0.179842,0,0.00153398,0,0.00153398,0.751651,0.754719,
72028.4,0.130388,0.128854,-0.211689,-0.213223,1.94568,1.94545,-0.181296,-0.179842,0,0.00153398,0,0.00153398,0.751651,0.754719,
72048.4,0.130388,0.128854,-0.211689,-0.213223,1.94568,1.94545,-0.181296,-0.179842,0,0.00153398,0,0.00153398,0.751651,0.754719,
72068.3,0.130388,0.128854,-0.211689,-0.213223,1.94568,1.94545,-0.181296,-0.179842,0,0.00153398,0,0.00153398,0.751651,0.754719,
72088.3,0.130388,0.128854,-0.211689,-0.213223,1.94568,1.94545,-0.181296,-0.179842,0,0.00153398,0,0.00153398,0.751651,0.754719,
72108.3,0.130388,0.128854,-0.211689,-0.213223,1.94568,1.94545,-0.181296,-0.179842,0,0.00153398,0,0.00153398,0.751651,0.753185,
72128.4,0.130388,0.128854,-0.211689,-0.213223,1.94568,1.94545,-0.181296,-0.179842,0,0.00153398,0,0.00153398,0.751651,0.753185,
72148.4,0.130388,0.128854,-0.211689,-0.213223,1.94568,1.94545,-0.181296,-0.179842,0,0.00153398,0,0.00153398,0.751651,0.753185,
72168.4,0.130388,0.128854,-0.211689,-0.213223,1.94568,1.94545,-0.181296,-0.179842,0,0.00153398,0,0.00153398,0.751651,0.753185,
72188.4,0.130388,0.128854,-0.211689,-0.213223,1.94568,1.94545,-0.181296,-0.179842,0,0.00153398,0,0.00153398,0.751651,0.753185,
72208.4,0.130388,0.128854,-0.211689,-0.213223,1.94568,1.94545,-0.181296,-0.179842,0,0.00153398,0,0.00153398,0.751651,0.754719,
72228.4,0.130388,0.128854,-0.211689,-0.213223,1.94568,1.94545,-0.181296,-0.179842,0,0.00153398,0,0.00153398,0.751651,0.754719,
72248.5,0.130388,0.128854,-0.211689,-0.213223,1.94568,1.94545,-0.181296,-0.179842,0,0.00153398,0,0.00153398,0.751651,0.754719,
72268.4,0.130388,0.128854,-0.211689,-0.213223,1.94568,1.94545,-0.181296,-0.179842,0,0.00153398,0,0.00153398,0.751651,0.754719,
72288.4,0.130388,0.128854,-0.211689,-0.213223,1.94568,1.94545,-0.181296,-0.179842,0,0.00153398,0,0.00153398,0.751651,0.754719,
72308.5,0.130388,0.128854,-0.211689,-0.213223,1.94568,1.94545,-0.181296,-0.179842,0,0.00153398,0,0.00153398,0.751651,0.754719,
72328.5,0.130388,0.128854,-0.211689,-0.213223,1.94568,1.94545,-0.181296,-0.179842,0,0.00153398,0,0.00153398,0.751651,0.754719,
72348.5,0.130388,0.128854,-0.211689,-0.213223,1.94568,1.94545,-0.181296,-0.179842,0,0.00153398,0,0.00153398,0.751651,0.754719,
72368.5,0.130388,0.128854,-0.211689,-0.213223,1.94568,1.94545,-0.181296,-0.179842,0,0.00153398,0,0.00153398,0.751651,0.754719,
72388.4,0.130388,0.128854,-0.211689,-0.213223,1.94568,1.94545,-0.181296,-0.179842,0,0.00153398,0,0.00153398,0.751651,0.754719,
72408.5,0.130388,0.128854,-0.211689,-0.213223,1.94568,1.94699,-0.181296,-0.179842,0,0.00153398,0,0.00153398,0.751651,0.753185,
72428.5,0.130388,0.128854,-0.211689,-0.213223,1.94568,1.94699,-0.181296,-0.179842,0,0.00153398,0,0.00153398,0.751651,0.753185,
72448.4,0.130388,0.128854,-0.211689,-0.213223,1.94568,1.94699,-0.181296,-0.179842,0,0.00153398,0,0.00153398,0.751651,0.753185,
72468.5,0.130388,0.128854,-0.211689,-0.213223,1.94568,1.94699,-0.181296,-0.179842,0,0.00153398,0,0.00153398,0.751651,0.753185,
72488.5,0.130388,0.128854,-0.211689,-0.213223,1.94568,1.94699,-0.181296,-0.179842,0,0.00153398,0,0.00153398,0.751651,0.753185,
72508.4,0.130388,0.128854,-0.211689,-0.213223,1.94568,1.94545,-0.181296,-0.179842,0,0.00153398,0,0.00153398,0.751651,0.753185,
72528.5,0.130388,0.128854,-0.211689,-0.213223,1.94568,1.94545,-0.181296,-0.179842,0,0.00153398,0,0.00153398,0.751651,0.753185,
72548.5,0.130388,0.128854,-0.211689,-0.213223,1.94568,1.94545,-0.181296,-0.179842,0,0.00153398,0,0.00153398,0.751651,0.753185,
72568.4,0.130388,0.128854,-0.211689,-0.213223,1.94568,1.94545,-0.181296,-0.179842,0,0.00153398,0,0.00153398,0.751651,0.753185,
72588.4,0.130388,0.128854,-0.211689,-0.213223,1.94568,1.94699,-0.181296,-0.179842,0,0.00153398,0,0.00153398,0.751651,0.753185,
72608.3,0.130388,0.128854,-0.211689,-0.213223,1.94568,1.94699,-0.181296,-0.179842,0,0.00153398,0,0.00153398,0.751651,0.753185,
72628.4,0.130388,0.128854,-0.211689,-0.213223,1.94568,1.94699,-0.181296,-0.179842,0,0.00153398,0,0.00153398,0.751651,0.753185,
72648.4,0.130388,0.128854,-0.211689,-0.213223,1.94568,1.94699,-0.181296,-0.179842,0,0.00153398,0,0.00153398,0.751651,0.753185,
72668.4,0.130388,0.128854,-0.211689,-0.213223,1.94568,1.94699,-0.181296,-0.179842,0,0.00153398,0,0.00153398,0.751651,0.753185,
72688.5,0.130388,0.128854,-0.211689,-0.213223,1.94568,1.94699,-0.181296,-0.179842,0,0.00153398,0,0.00153398,0.751651,0.753185,
72708.4,0.130388,0.128854,-0.211689,-0.213223,1.94568,1.94545,-0.181296,-0.179842,0,0.00153398,0,0.00153398,0.751651,0.754719,
72728.5,0.130388,0.128854,-0.211689,-0.213223,1.94568,1.94545,-0.181296,-0.179842,0,0.00153398,0,0.00153398,0.751651,0.754719,
72748.4,0.130388,0.128854,-0.211689,-0.213223,1.94568,1.94545,-0.181296,-0.179842,0,0.00153398,0,0.00153398,0.751651,0.754719,
72768.4,0.130388,0.128854,-0.211689,-0.213223,1.94568,1.94545,-0.181296,-0.179842,0,0.00153398,0,0.00153398,0.751651,0.754719,
72788.4,0.130388,0.128854,-0.211689,-0.213223,1.94568,1.94545,-0.181296,-0.179842,0,0.00153398,0,0.00153398,0.751651,0.754719,
72808.4,0.130388,0.128854,-0.211689,-0.213223,1.94568,1.94545,-0.181296,-0.179842,0,0.00153398,0,0.00153398,0.751651,0.753185,
72828.4,0.130388,0.128854,-0.211689,-0.213223,1.94568,1.94545,-0.181296,-0.179842,0,0.00153398,0,0.00153398,0.751651,0.753185,
72848.4,0.130388,0.128854,-0.211689,-0.213223,1.94568,1.94545,-0.181296,-0.179842,0,0.00153398,0,0.00153398,0.751651,0.753185,
72868.4,0.130388,0.128854,-0.211689,-0.213223,1.94568,1.94545,-0.181296,-0.179842,0,0.00153398,0,0.00153398,0.751651,0.753185,
72888.4,0.130388,0.128854,-0.211689,-0.213223,1.94568,1.94545,-0.181296,-0.179842,0,0.00153398,0,0.00153398,0.751651,0.753185,
72908.4,0.130388,0.128854,-0.211689,-0.213223,1.94568,1.94545,-0.181296,-0.179842,0,0.00153398,0,0.00153398,0.751651,0.754719,
72928.5,0.130388,0.128854,-0.211689,-0.213223,1.94568,1.94545,-0.181296,-0.179842,0,0.00153398,0,0.00153398,0.751651,0.754719,
72948.4,0.130388,0.128854,-0.211689,-0.213223,1.94568,1.94545,-0.181296,-0.179842,0,0.00153398,0,0.00153398,0.751651,0.754719,
72968.3,0.130388,0.128854,-0.211689,-0.213223,1.94568,1.94545,-0.181296,-0.179842,0,0.00153398,0,0.00153398,0.751651,0.754719,
72988.5,0.130388,0.128854,-0.211689,-0.213223,1.94568,1.94545,-0.181296,-0.179842,0,0.00153398,0,0.00153398,0.751651,0.754719,
73008.5,0.130388,0.130388,-0.211689,-0.213223,1.94568,1.94545,-0.181296,-0.179842,0,0.00153398,0,0.00153398,0.751651,0.753185,
73028.5,0.130388,0.130388,-0.211689,-0.213223,1.94568,1.94545,-0.181296,-0.179842,0,0.00153398,0,0.00153398,0.751651,0.753185,
73048.5,0.130388,0.130388,-0.211689,-0.213223,1.94568,1.94545,-0.181296,-0.179842,0,0.00153398,0,0.00153398,0.751651,0.753185,
73068.4,0.130388,0.130388,-0.211689,-0.213223,1.94568,1.94545,-0.181296,-0.179842,0,0.00153398,0,0.00153398,0.751651,0.753185,
73088.4,0.130388,0.130388,-0.211689,-0.213223,1.94568,1.94545,-0.181296,-0.179842,0,0.00153398,0,0.00153398,0.751651,0.753185,
73108.4,0.130388,0.128854,-0.211689,-0.213223,1.94568,1.94545,-0.181296,-0.179842,0,0.00153398,0,0.00153398,0.751651,0.753185,
73128.5,0.130388,0.128854,-0.211689,-0.213223,1.94568,1.94545,-0.181296,-0.179842,0,0.00153398,0,0.00153398,0.751651,0.753185,
73148.5,0.130388,0.128854,-0.211689,-0.213223,1.94568,1.94545,-0.181296,-0.179842,0,0.00153398,0,0.00153398,0.751651,0.753185,
73168.5,0.130388,0.128854,-0.211689,-0.213223,1.94568,1.94545,-0.181296,-0.179842,0,0.00153398,0,0.00153398,0.751651,0.753185,
73188.5,0.130388,0.128854,-0.211689,-0.213223,1.94568,1.94545,-0.181296,-0.179842,0,0.00153398,0,0.00153398,0.751651,0.753185,
73208.5,0.130388,0.128854,-0.211689,-0.213223,1.94568,1.94699,-0.181296,-0.179842,0,0.00153398,0,0.00153398,0.751651,0.754719,
73228.5,0.130388,0.128854,-0.211689,-0.213223,1.94568,1.94699,-0.181296,-0.179842,0,0.00153398,0,0.00153398,0.751651,0.754719,
73248.5,0.130388,0.128854,-0.211689,-0.213223,1.94568,1.94699,-0.181296,-0.179842,0,0.00153398,0,0.00153398,0.751651,0.754719,
73268.5,0.130388,0.128854,-0.211689,-0.213223,1.94568,1.94699,-0.181296,-0.179842,0,0.00153398,0,0.00153398,0.751651,0.754719,
73288.4,0.130388,0.128854,-0.211689,-0.213223,1.94568,1.94699,-0.181296,-0.179842,0,0.00153398,0,0.00153398,0.751651,0.754719,
73308.4,0.130388,0.128854,-0.211689,-0.213223,1.94568,1.94699,-0.181296,-0.179842,0,0.00153398,0,0.00153398,0.751651,0.754719,
73328.5,0.130388,0.128854,-0.211689,-0.213223,1.94568,1.94545,-0.181296,-0.179842,0,0.00153398,0,0.00153398,0.751651,0.753185,
73348.5,0.130388,0.128854,-0.211689,-0.213223,1.94568,1.94545,-0.181296,-0.179842,0,0.00153398,0,0.00153398,0.751651,0.753185,
73368.5,0.130388,0.128854,-0.211689,-0.213223,1.94568,1.94545,-0.181296,-0.179842,0,0.00153398,0,0.00153398,0.751651,0.753185,
73388.4,0.130388,0.128854,-0.211689,-0.213223,1.94568,1.94545,-0.181296,-0.179842,0,0.00153398,0,0.00153398,0.751651,0.753185,
73408.4,0.130388,0.128854,-0.211689,-0.213223,1.94568,1.94545,-0.181296,-0.179842,0,0.00153398,0,0.00153398,0.751651,0.754719,
73428.5,0.130388,0.128854,-0.211689,-0.213223,1.94568,1.94545,-0.181296,-0.179842,0,0.00153398,0,0.00153398,0.751651,0.754719,
73448.5,0.130388,0.128854,-0.211689,-0.213223,1.94568,1.94545,-0.181296,-0.179842,0,0.00153398,0,0.00153398,0.751651,0.754719,
73468.5,0.130388,0.128854,-0.211689,-0.213223,1.94568,1.94545,-0.181296,-0.179842,0,0.00153398,0,0.00153398,0.751651,0.754719,
73488.5,0.130388,0.128854,-0.211689,-0.213223,1.94568,1.94545,-0.181296,-0.179842,0,0.00153398,0,0.00153398,0.751651,0.754719,
73508.5,0.130388,0.128854,-0.211689,-0.213223,1.94568,1.94545,-0.181296,-0.179842,0,0.00153398,0,0.00153398,0.751651,0.753185,
73528.5,0.130388,0.128854,-0.211689,-0.213223,1.94568,1.94545,-0.181296,-0.179842,0,0.00153398,0,0.00153398,0.751651,0.753185,
73548.5,0.130388,0.128854,-0.211689,-0.213223,1.94568,1.94545,-0.181296,-0.179842,0,0.00153398,0,0.00153398,0.751651,0.753185,
73568.4,0.130388,0.128854,-0.211689,-0.213223,1.94568,1.94545,-0.181296,-0.179842,0,0.00153398,0,0.00153398,0.751651,0.753185,
73588.4,0.130388,0.128854,-0.211689,-0.213223,1.94568,1.94545,-0.181296,-0.179842,0,0.00153398,0,0.00153398,0.751651,0.753185,
73608.4,0.130388,0.128854,-0.211689,-0.213223,1.94568,1.94545,-0.181296,-0.179842,0,0.00153398,0,0.00153398,0.751651,0.753185,
73628.4,0.130388,0.128854,-0.211689,-0.213223,1.94568,1.94545,-0.181296,-0.179842,0,0.00153398,0,0.00153398,0.751651,0.753185,
73648.5,0.130388,0.128854,-0.211689,-0.213223,1.94568,1.94545,-0.181296,-0.179842,0,0.00153398,0,0.00153398,0.751651,0.753185,
73668.5,0.130388,0.128854,-0.211689,-0.213223,1.94568,1.94545,-0.181296,-0.179842,0,0.00153398,0,0.00153398,0.751651,0.753185,
73688.4,0.130388,0.128854,-0.211689,-0.213223,1.94568,1.94545,-0.181296,-0.179842,0,0.00153398,0,0.00153398,0.751651,0.753185,
73708.6,0.130388,0.128854,-0.211689,-0.213223,1.94568,1.94545,-0.181296,-0.179842,0,0.00153398,0,0.00153398,0.751651,0.753185,
73728.4,0.130388,0.128854,-0.211689,-0.213223,1.94568,1.94545,-0.181296,-0.179842,0,0.00153398,0,0.00153398,0.751651,0.753185,
73748.4,0.130388,0.128854,-0.211689,-0.213223,1.94568,1.94545,-0.181296,-0.179842,0,0.00153398,0,0.00153398,0.751651,0.753185,
73768.5,0.130388,0.128854,-0.211689,-0.213223,1.94568,1.94545,-0.181296,-0.179842,0,0.00153398,0,0.00153398,0.751651,0.753185,
73788.5,0.130388,0.128854,-0.211689,-0.213223,1.94568,1.94545,-0.181296,-0.179842,0,0.00153398,0,0.00153398,0.751651,0.754719,
73808.5,0.130388,0.128854,-0.211689,-0.213223,1.94568,1.94545,-0.181296,-0.179842,0,0.00153398,0,0.00153398,0.751651,0.754719,
73828.5,0.130388,0.128854,-0.211689,-0.213223,1.94568,1.94545,-0.181296,-0.179842,0,0.00153398,0,0.00153398,0.751651,0.754719,
73848.5,0.130388,0.128854,-0.211689,-0.213223,1.94568,1.94545,-0.181296,-0.179842,0,0.00153398,0,0.00153398,0.751651,0.754719,
73868.5,0.130388,0.128854,-0.211689,-0.213223,1.94568,1.94545,-0.181296,-0.179842,0,0.00153398,0,0.00153398,0.751651,0.754719,
73888.4,0.130388,0.128854,-0.211689,-0.213223,1.94568,1.94545,-0.181296,-0.179842,0,0.00153398,0,0.00153398,0.751651,0.754719,
73908.5,0.130388,0.128854,-0.211689,-0.213223,1.94568,1.94545,-0.181296,-0.181376,0,0.00153398,0,0.00153398,0.751651,0.753185,
73928.5,0.130388,0.128854,-0.211689,-0.213223,1.94568,1.94545,-0.181296,-0.181376,0,0.00153398,0,0.00153398,0.751651,0.753185,
73948.4,0.130388,0.128854,-0.211689,-0.213223,1.94568,1.94545,-0.181296,-0.181376,0,0.00153398,0,0.00153398,0.751651,0.753185,
73968.5,0.130388,0.128854,-0.211689,-0.213223,1.94568,1.94545,-0.181296,-0.181376,0,0.00153398,0,0.00153398,0.751651,0.753185,
73988.5,0.130388,0.128854,-0.211689,-0.213223,1.94568,1.94545,-0.181296,-0.181376,0,0.00153398,0,0.00153398,0.751651,0.753185,
74008.5,0.130388,0.128854,-0.211689,-0.213223,1.94568,1.94545,-0.181296,-0.179842,0,0.00153398,0,0.00153398,0.751651,0.754719,
74028.5,0.130388,0.128854,-0.211689,-0.213223,1.94568,1.94545,-0.181296,-0.179842,0,0.00153398,0,0.00153398,0.751651,0.754719,
74048.4,0.130388,0.128854,-0.211689,-0.213223,1.94568,1.94545,-0.181296,-0.179842,0,0.00153398,0,0.00153398,0.751651,0.754719,
74068.4,0.130388,0.128854,-0.211689,-0.213223,1.94568,1.94545,-0.181296,-0.179842,0,0.00153398,0,0.00153398,0.751651,0.754719,
74088.4,0.130388,0.128854,-0.211689,-0.213223,1.94568,1.94545,-0.181296,-0.179842,0,0.00153398,0,0.00153398,0.751651,0.754719,
74108.4,0.130388,0.128854,-0.211689,-0.213223,1.94568,1.94545,-0.181296,-0.179842,0,0.00153398,0,0.00153398,0.751651,0.754719,
74128.3,0.130388,0.128854,-0.211689,-0.213223,1.94568,1.94545,-0.181296,-0.179842,0,0.00153398,0,0.00153398,0.751651,0.754719,
74148.4,0.130388,0.128854,-0.211689,-0.213223,1.94568,1.94545,-0.181296,-0.179842,0,0.00153398,0,0.00153398,0.751651,0.754719,
74168.5,0.130388,0.128854,-0.211689,-0.213223,1.94568,1.94545,-0.181296,-0.179842,0,0.00153398,0,0.00153398,0.751651,0.754719,
74188.5,0.130388,0.128854,-0.211689,-0.213223,1.94568,1.94545,-0.181296,-0.179842,0,0.00153398,0,0.00153398,0.751651,0.754719,
74208.4,0.130388,0.128854,-0.211689,-0.213223,1.94568,1.94545,-0.181296,-0.179842,0,0.00153398,0,0.00153398,0.751651,0.754719,
74228.5,0.130388,0.128854,-0.211689,-0.213223,1.94568,1.94545,-0.181296,-0.179842,0,0.00153398,0,0.00153398,0.751651,0.754719,
74248.6,0.130388,0.128854,-0.211689,-0.213223,1.94568,1.94545,-0.181296,-0.179842,0,0.00153398,0,0.00153398,0.751651,0.754719,
74268.5,0.130388,0.128854,-0.211689,-0.213223,1.94568,1.94545,-0.181296,-0.179842,0,0.00153398,0,0.00153398,0.751651,0.754719,
74288.5,0.130388,0.128854,-0.211689,-0.213223,1.94568,1.94699,-0.181296,-0.179842,0,0,0,0.00153398,0.751651,0.753185,
74308.4,0.130388,0.128854,-0.211689,-0.213223,1.94568,1.94699,-0.181296,-0.179842,0,0,0,0.00153398,0.751651,0.753185,
74328.4,0.130388,0.128854,-0.211689,-0.213223,1.94568,1.94699,-0.181296,-0.179842,0,0,0,0.00153398,0.751651,0.753185,
74348.5,0.130388,0.128854,-0.211689,-0.213223,1.94568,1.94699,-0.181296,-0.179842,0,0,0,0.00153398,0.751651,0.753185,
74368.4,0.130388,0.128854,-0.211689,-0.213223,1.94568,1.94699,-0.181296,-0.179842,0,0,0,0.00153398,0.751651,0.753185,
74388.5,0.130388,0.128854,-0.211689,-0.213223,1.94568,1.94699,-0.181296,-0.179842,0,0,0,0.00153398,0.751651,0.753185,
74408.5,0.130388,0.128854,-0.211689,-0.213223,1.94568,1.94545,-0.181296,-0.179842,0,0.00153398,0,0.00153398,0.751651,0.753185,
74428.4,0.130388,0.128854,-0.211689,-0.213223,1.94568,1.94545,-0.181296,-0.179842,0,0.00153398,0,0.00153398,0.751651,0.753185,
74448.5,0.130388,0.128854,-0.211689,-0.213223,1.94568,1.94545,-0.181296,-0.179842,0,0.00153398,0,0.00153398,0.751651,0.753185,
74468.5,0.130388,0.128854,-0.211689,-0.213223,1.94568,1.94545,-0.181296,-0.179842,0,0.00153398,0,0.00153398,0.751651,0.753185,
74488.5,0.130388,0.128854,-0.211689,-0.213223,1.94568,1.94545,-0.181296,-0.179842,0,0.00153398,0,0.00153398,0.751651,0.753185,
74508.4,0.130388,0.128854,-0.211689,-0.213223,1.94568,1.94699,-0.181296,-0.179842,0,0.00153398,0,0.00153398,0.751651,0.754719,
74528.5,0.130388,0.128854,-0.211689,-0.213223,1.94568,1.94699,-0.181296,-0.179842,0,0.00153398,0,0.00153398,0.751651,0.754719,
74548.5,0.130388,0.128854,-0.211689,-0.213223,1.94568,1.94699,-0.181296,-0.179842,0,0.00153398,0,0.00153398,0.751651,0.754719,
74568.4,0.130388,0.128854,-0.211689,-0.213223,1.94568,1.94699,-0.181296,-0.179842,0,0.00153398,0,0.00153398,0.751651,0.754719,
74588.4,0.130388,0.128854,-0.211689,-0.213223,1.94568,1.94545,-0.181296,-0.179842,0,0,0,0.00153398,0.751651,0.754719,
74608.3,0.130388,0.128854,-0.211689,-0.213223,1.94568,1.94545,-0.181296,-0.179842,0,0,0,0.00153398,0.751651,0.754719,
74628.4,0.130388,0.128854,-0.211689,-0.213223,1.94568,1.94545,-0.181296,-0.179842,0,0,0,0.00153398,0.751651,0.754719,
74648.4,0.130388,0.128854,-0.211689,-0.213223,1.94568,1.94545,-0.181296,-0.179842,0,0,0,0.00153398,0.751651,0.754719,
74668.4,0.130388,0.128854,-0.211689,-0.213223,1.94568,1.94545,-0.181296,-0.179842,0,0,0,0.00153398,0.751651,0.754719,
74688.5,0.130388,0.128854,-0.211689,-0.213223,1.94568,1.94545,-0.181296,-0.179842,0,0,0,0.00153398,0.751651,0.754719,
74708.5,0.130388,0.128854,-0.211689,-0.213223,1.94568,1.94545,-0.181296,-0.179842,0,0,0,0.00153398,0.751651,0.754719,
74728.4,0.130388,0.128854,-0.211689,-0.213223,1.94568,1.94545,-0.181296,-0.179842,0,0,0,0.00153398,0.751651,0.754719,
74748.5,0.130388,0.128854,-0.211689,-0.213223,1.94568,1.94545,-0.181296,-0.179842,0,0,0,0.00153398,0.751651,0.754719,
74768.5,0.130388,0.128854,-0.211689,-0.213223,1.94568,1.94545,-0.181296,-0.179842,0,0,0,0.00153398,0.751651,0.754719,
74788.5,0.130388,0.128854,-0.211689,-0.213223,1.94568,1.94545,-0.181296,-0.179842,0,0,0,0.00153398,0.751651,0.754719,
74808.5,0.130388,0.128854,-0.211689,-0.213223,1.94568,1.94545,-0.181296,-0.179842,0,0,0,0.00153398,0.751651,0.754719,
74828.5,0.130388,0.128854,-0.211689,-0.213223,1.94568,1.94545,-0.181296,-0.179842,0,0,0,0.00153398,0.751651,0.754719,
74848.5,0.130388,0.128854,-0.211689,-0.213223,1.94568,1.94545,-0.181296,-0.179842,0,0,0,0.00153398,0.751651,0.754719,
74868.5,0.130388,0.128854,-0.211689,-0.213223,1.94568,1.94545,-0.181296,-0.179842,0,0,0,0.00153398,0.751651,0.754719,
74888.5,0.130388,0.128854,-0.211689,-0.213223,1.94568,1.94545,-0.181296,-0.179842,0,0,0,0.00153398,0.751651,0.754719,
74908.5,0.130388,0.128854,-0.211689,-0.213223,1.94568,1.94545,-0.181296,-0.179842,0,0,0,0.00153398,0.751651,0.754719,
74928.5,0.130388,0.128854,-0.211689,-0.213223,1.94568,1.94545,-0.181296,-0.179842,0,0,0,0.00153398,0.751651,0.754719,
74948.5,0.130388,0.128854,-0.211689,-0.213223,1.94568,1.94545,-0.181296,-0.179842,0,0,0,0.00153398,0.751651,0.754719,
74968.5,0.130388,0.128854,-0.211689,-0.213223,1.94568,1.94545,-0.181296,-0.179842,0,0,0,0.00153398,0.751651,0.754719,
74988.5,0.130388,0.128854,-0.211689,-0.213223,1.94568,1.94545,-0.181296,-0.179842,0,0,0,0.00153398,0.751651,0.754719,
75008.5,0.130388,0.128854,-0.211689,-0.213223,1.94568,1.94545,-0.181296,-0.179842,0,0,0,0.00153398,0.751651,0.754719,
75028.5,0.130388,0.128854,-0.211689,-0.213223,1.94568,1.94545,-0.181296,-0.179842,0,0,0,0.00153398,0.751651,0.754719,
75048.5,0.130388,0.128854,-0.211689,-0.213223,1.94568,1.94545,-0.181296,-0.179842,0,0,0,0.00153398,0.751651,0.754719,
75068.4,0.130388,0.128854,-0.211689,-0.213223,1.94568,1.94545,-0.181296,-0.179842,0,0,0,0.00153398,0.751651,0.754719,
75088.4,0.130388,0.128854,-0.211689,-0.213223,1.94568,1.94545,-0.181296,-0.179842,0,0,0,0.00153398,0.751651,0.754719,
75108.3,0.130388,0.128854,-0.211689,-0.213223,1.94568,1.94545,-0.181296,-0.179842,0,0,0,0.00153398,0.751651,0.754719,
75128.4,0.130388,0.128854,-0.211689,-0.213223,1.94568,1.94545,-0.181296,-0.179842,0,0,0,0.00153398,0.751651,0.754719,
75148.5,0.130388,0.128854,-0.211689,-0.213223,1.94568,1.94545,-0.181296,-0.179842,0,0,0,0.00153398,0.751651,0.754719,
75168.5,0.130388,0.128854,-0.211689,-0.213223,1.94568,1.94545,-0.181296,-0.179842,0,0,0,0.00153398,0.751651,0.754719,
75188.5,0.130388,0.128854,-0.211689,-0.213223,1.94568,1.94545,-0.181296,-0.179842,0,0,0,0.00153398,0.751651,0.754719,
75208.5,0.130388,0.128854,-0.211689,-0.213223,1.94568,1.94545,-0.181296,-0.179842,0,0,0,0.00153398,0.751651,0.754719,
75228.5,0.130388,0.128854,-0.211689,-0.213223,1.94568,1.94545,-0.181296,-0.179842,0,0,0,0.00153398,0.751651,0.754719,
75248.5,0.130388,0.128854,-0.211689,-0.213223,1.94568,1.94545,-0.181296,-0.179842,0,0,0,0.00153398,0.751651,0.754719,
75268.5,0.130388,0.128854,-0.211689,-0.213223,1.94568,1.94545,-0.181296,-0.179842,0,0,0,0.00153398,0.751651,0.754719,
75288.5,0.130388,0.128854,-0.211689,-0.213223,1.94568,1.94545,-0.181296,-0.179842,0,0,0,0.00153398,0.751651,0.754719,
75308.5,0.130388,0.128854,-0.211689,-0.213223,1.94568,1.94545,-0.181296,-0.179842,0,0,0,0.00153398,0.751651,0.754719,
75328.5,0.130388,0.128854,-0.211689,-0.213223,1.94568,1.94545,-0.181296,-0.179842,0,0,0,0.00153398,0.751651,0.754719,
75348.4,0.130388,0.128854,-0.211689,-0.213223,1.94568,1.94545,-0.181296,-0.179842,0,0,0,0.00153398,0.751651,0.754719,
75368.5,0.130388,0.128854,-0.211689,-0.213223,1.94568,1.94545,-0.181296,-0.179842,0,0,0,0.00153398,0.751651,0.754719,
75388.5,0.130388,0.128854,-0.211689,-0.213223,1.94568,1.94545,-0.181296,-0.179842,0,0,0,0.00153398,0.751651,0.754719,
75408.4,0.130388,0.128854,-0.211689,-0.213223,1.94568,1.94699,-0.181296,-0.179842,0,0,0,0.00153398,0.751651,0.754719,
75428.6,0.130388,0.128854,-0.211689,-0.213223,1.94568,1.94699,-0.181296,-0.179842,0,0,0,0.00153398,0.751651,0.754719,
75448.5,0.130388,0.128854,-0.211689,-0.213223,1.94568,1.94699,-0.181296,-0.179842,0,0,0,0.00153398,0.751651,0.754719,
75468.5,0.130388,0.128854,-0.211689,-0.213223,1.94568,1.94699,-0.181296,-0.179842,0,0,0,0.00153398,0.751651,0.754719,
75488.4,0.130388,0.128854,-0.211689,-0.213223,1.94568,1.94699,-0.181296,-0.179842,0,0,0,0.00153398,0.751651,0.754719,
75508.4,0.130388,0.128854,-0.211689,-0.213223,1.94568,1.94699,-0.181296,-0.179842,0,0,0,0.00153398,0.751651,0.753185,
75528.5,0.130388,0.128854,-0.211689,-0.213223,1.94568,1.94699,-0.181296,-0.179842,0,0,0,0.00153398,0.751651,0.753185,
75548.4,0.130388,0.128854,-0.211689,-0.213223,1.94568,1.94699,-0.181296,-0.179842,0,0,0,0.00153398,0.751651,0.753185,
75568.4,0.130388,0.128854,-0.211689,-0.213223,1.94568,1.94699,-0.181296,-0.179842,0,0,0,0.00153398,0.751651,0.753185,
75588.4,0.130388,0.128854,-0.211689,-0.213223,1.94568,1.94699,-0.181296,-0.179842,0,0,0,0.00153398,0.751651,0.753185,
75608.3,0.130388,0.128854,-0.211689,-0.213223,1.94568,1.94545,-0.181296,-0.179842,0,0,0,0.00153398,0.751651,0.754719,
75628.4,0.130388,0.128854,-0.211689,-0.213223,1.94568,1.94545,-0.181296,-0.179842,0,0,0,0.00153398,0.751651,0.754719,
75648.5,0.130388,0.128854,-0.211689,-0.213223,1.94568,1.94545,-0.181296,-0.179842,0,0,0,0.00153398,0.751651,0.754719,
75668.4,0.130388,0.128854,-0.211689,-0.213223,1.94568,1.94545,-0.181296,-0.179842,0,0,0,0.00153398,0.751651,0.754719,
75688.4,0.130388,0.128854,-0.211689,-0.213223,1.94568,1.94545,-0.181296,-0.179842,0,0,0,0.00153398,0.751651,0.754719,
75708.4,0.130388,0.128854,-0.211689,-0.213223,1.94568,1.94545,-0.181296,-0.179842,0,0,0,0.00153398,0.751651,0.754719,
75728.4,0.130388,0.128854,-0.211689,-0.213223,1.94568,1.94545,-0.181296,-0.179842,0,0,0,0.00153398,0.751651,0.754719,
75748.4,0.130388,0.128854,-0.211689,-0.213223,1.94568,1.94545,-0.181296,-0.179842,0,0,0,0.00153398,0.751651,0.754719,
75768.4,0.130388,0.128854,-0.211689,-0.213223,1.94568,1.94545,-0.181296,-0.179842,0,0,0,0.00153398,0.751651,0.754719,
75788.5,0.130388,0.128854,-0.211689,-0.213223,1.94568,1.94545,-0.181296,-0.179842,0,0,0,0.00153398,0.751651,0.754719,
75808.5,0.130388,0.128854,-0.211689,-0.213223,1.94568,1.94545,-0.181296,-0.179842,0,0,0,0.00153398,0.751651,0.754719,
75828.5,0.130388,0.128854,-0.211689,-0.213223,1.94568,1.94545,-0.181296,-0.179842,0,0,0,0.00153398,0.751651,0.754719,
75848.4,0.130388,0.128854,-0.211689,-0.213223,1.94568,1.94545,-0.181296,-0.179842,0,0,0,0.00153398,0.751651,0.754719,
75868.4,0.130388,0.128854,-0.211689,-0.213223,1.94568,1.94545,-0.181296,-0.179842,0,0,0,0.00153398,0.751651,0.754719,
75888.4,0.130388,0.128854,-0.211689,-0.213223,1.94568,1.94545,-0.181296,-0.179842,0,0,0,0.00153398,0.751651,0.754719,
75908.5,0.130388,0.128854,-0.211689,-0.213223,1.94568,1.94545,-0.181296,-0.179842,0,0,0,0.00153398,0.751651,0.754719,
75928.5,0.130388,0.128854,-0.211689,-0.213223,1.94568,1.94545,-0.181296,-0.179842,0,0,0,0.00153398,0.751651,0.754719,
75948.5,0.130388,0.128854,-0.211689,-0.213223,1.94568,1.94545,-0.181296,-0.179842,0,0,0,0.00153398,0.751651,0.754719,
75968.5,0.130388,0.128854,-0.211689,-0.213223,1.94568,1.94545,-0.181296,-0.179842,0,0,0,0.00153398,0.751651,0.754719,
75988.4,0.130388,0.128854,-0.211689,-0.213223,1.94568,1.94545,-0.181296,-0.179842,0,0,0,0.00153398,0.751651,0.754719,
76008.5,0.130388,0.128854,-0.211689,-0.213223,1.94568,1.94545,-0.181296,-0.179842,0,0,0,0.00153398,0.751651,0.753185,
76028.5,0.130388,0.128854,-0.211689,-0.213223,1.94568,1.94545,-0.181296,-0.179842,0,0,0,0.00153398,0.751651,0.753185,
76048.5,0.130388,0.128854,-0.211689,-0.213223,1.94568,1.94545,-0.181296,-0.179842,0,0,0,0.00153398,0.751651,0.753185,
76069.2,0.130388,0.128854,-0.211689,-0.213223,1.94568,1.94545,-0.181296,-0.179842,0,0,0,0.00153398,0.751651,0.753185,
76088.4,0.130388,0.128854,-0.211689,-0.213223,1.94568,1.94545,-0.181296,-0.179842,0,0,0,0.00153398,0.751651,0.753185,
76108.3,0.130388,0.128854,-0.211689,-0.213223,1.94568,1.94545,-0.181296,-0.179842,0,0,0,0.00153398,0.751651,0.753185,
76130.9,0.130388,0.128854,-0.211689,-0.213223,1.94568,1.94545,-0.181296,-0.179842,0,0,0,0.00153398,0.751651,0.753185,
76148.3,0.130388,0.128854,-0.211689,-0.213223,1.94568,1.94545,-0.181296,-0.179842,0,0,0,0.00153398,0.751651,0.753185,
76168.4,0.130388,0.128854,-0.211689,-0.213223,1.94568,1.94545,-0.181296,-0.179842,0,0,0,0.00153398,0.751651,0.753185,
76188.3,0.130388,0.128854,-0.211689,-0.213223,1.94568,1.94545,-0.181296,-0.179842,0,0,0,0.00153398,0.751651,0.754719,
76208.4,0.130388,0.128854,-0.211689,-0.213223,1.94568,1.94545,-0.181296,-0.179842,0,0,0,0.00153398,0.751651,0.754719,
76228.4,0.130388,0.128854,-0.211689,-0.213223,1.94568,1.94545,-0.181296,-0.179842,0,0,0,0.00153398,0.751651,0.754719,
76248.4,0.130388,0.128854,-0.211689,-0.213223,1.94568,1.94545,-0.181296,-0.179842,0,0,0,0.00153398,0.751651,0.754719,
76268.4,0.130388,0.128854,-0.211689,-0.213223,1.94568,1.94545,-0.181296,-0.179842,0,0,0,0.00153398,0.751651,0.754719,
76288.4,0.130388,0.128854,-0.211689,-0.213223,1.94568,1.94545,-0.181296,-0.179842,0,0,0,0.00153398,0.751651,0.754719,
76308.5,0.130388,0.128854,-0.211689,-0.213223,1.94568,1.94545,-0.181296,-0.179842,0,0,0,0.00153398,0.751651,0.754719,
76328.5,0.130388,0.128854,-0.211689,-0.213223,1.94568,1.94545,-0.181296,-0.179842,0,0,0,0.00153398,0.751651,0.754719,
76348.4,0.130388,0.128854,-0.211689,-0.213223,1.94568,1.94545,-0.181296,-0.179842,0,0,0,0.00153398,0.751651,0.754719,
76368.4,0.130388,0.128854,-0.211689,-0.213223,1.94568,1.94545,-0.181296,-0.179842,0,0,0,0.00153398,0.751651,0.754719,
76388.4,0.130388,0.128854,-0.211689,-0.213223,1.94568,1.94545,-0.181296,-0.179842,0,0,0,0.00153398,0.751651,0.754719,
76408.5,0.130388,0.128854,-0.211689,-0.213223,1.94568,1.94545,-0.181296,-0.179842,0,0,0,0.00153398,0.751651,0.753185,
76428.5,0.130388,0.128854,-0.211689,-0.213223,1.94568,1.94545,-0.181296,-0.179842,0,0,0,0.00153398,0.751651,0.753185,
76448.5,0.130388,0.128854,-0.211689,-0.213223,1.94568,1.94545,-0.181296,-0.179842,0,0,0,0.00153398,0.751651,0.753185,
76468.5,0.130388,0.128854,-0.211689,-0.213223,1.94568,1.94545,-0.181296,-0.179842,0,0,0,0.00153398,0.751651,0.753185,
76488.4,0.130388,0.128854,-0.211689,-0.213223,1.94568,1.94545,-0.181296,-0.179842,0,0,0,0.00153398,0.751651,0.753185,
76508.5,0.130388,0.128854,-0.211689,-0.213223,1.94568,1.94545,-0.181296,-0.179842,0,0,0,0.00153398,0.751651,0.753185,
76528.5,0.130388,0.128854,-0.211689,-0.213223,1.94568,1.94545,-0.181296,-0.179842,0,0,0,0.00153398,0.751651,0.753185,
76548.5,0.130388,0.128854,-0.211689,-0.213223,1.94568,1.94545,-0.181296,-0.179842,0,0,0,0.00153398,0.751651,0.753185,
76568.4,0.130388,0.128854,-0.211689,-0.213223,1.94568,1.94545,-0.181296,-0.179842,0,0,0,0.00153398,0.751651,0.753185,
76588.4,0.130388,0.128854,-0.211689,-0.213223,1.94568,1.94545,-0.181296,-0.179842,0,0,0,0.00153398,0.751651,0.753185,
76608.4,0.130388,0.128854,-0.211689,-0.213223,1.94568,1.94545,-0.181296,-0.179842,0,0,0,0.00153398,0.751651,0.754719,
76628.4,0.130388,0.128854,-0.211689,-0.213223,1.94568,1.94545,-0.181296,-0.179842,0,0,0,0.00153398,0.751651,0.754719,
76648.5,0.130388,0.128854,-0.211689,-0.213223,1.94568,1.94545,-0.181296,-0.179842,0,0,0,0.00153398,0.751651,0.754719,
76668.5,0.130388,0.128854,-0.211689,-0.213223,1.94568,1.94545,-0.181296,-0.179842,0,0,0,0.00153398,0.751651,0.754719,
76688.5,0.130388,0.128854,-0.211689,-0.213223,1.94568,1.94545,-0.181296,-0.179842,0,0,0,0.00153398,0.751651,0.754719,
76708.4,0.130388,0.128854,-0.211689,-0.213223,1.94568,1.94545,-0.181296,-0.179842,0,0,0,0.00153398,0.751651,0.754719,
76728.4,0.130388,0.128854,-0.211689,-0.213223,1.94568,1.94545,-0.181296,-0.179842,0,0,0,0.00153398,0.751651,0.754719,
76748.5,0.130388,0.128854,-0.211689,-0.213223,1.94568,1.94545,-0.181296,-0.179842,0,0,0,0.00153398,0.751651,0.754719,
76768.5,0.130388,0.128854,-0.211689,-0.213223,1.94568,1.94545,-0.181296,-0.179842,0,0,0,0.00153398,0.751651,0.754719,
76788.4,0.130388,0.128854,-0.211689,-0.213223,1.94568,1.94545,-0.181296,-0.179842,0,0,0,0.00153398,0.751651,0.754719,
76808.5,0.130388,0.128854,-0.211689,-0.213223,1.94568,1.94545,-0.181296,-0.179842,0,0,0,0.00153398,0.751651,0.754719,
76828.4,0.130388,0.128854,-0.211689,-0.213223,1.94568,1.94545,-0.181296,-0.179842,0,0,0,0.00153398,0.751651,0.754719,
76848.5,0.130388,0.128854,-0.211689,-0.213223,1.94568,1.94545,-0.181296,-0.179842,0,0,0,0.00153398,0.751651,0.754719,
76868.5,0.130388,0.128854,-0.211689,-0.213223,1.94568,1.94545,-0.181296,-0.179842,0,0,0,0.00153398,0.751651,0.754719,
76888.5,0.130388,0.128854,-0.211689,-0.213223,1.94568,1.94545,-0.181296,-0.179842,0,0,0,0.00153398,0.751651,0.754719,
76908.5,0.130388,0.128854,-0.211689,-0.213223,1.94568,1.94545,-0.181296,-0.179842,0,0,0,0.00153398,0.751651,0.753185,
76928.5,0.130388,0.128854,-0.211689,-0.213223,1.94568,1.94545,-0.181296,-0.179842,0,0,0,0.00153398,0.751651,0.753185,
76948.5,0.130388,0.128854,-0.211689,-0.213223,1.94568,1.94545,-0.181296,-0.179842,0,0,0,0.00153398,0.751651,0.753185,
76968.4,0.130388,0.128854,-0.211689,-0.213223,1.94568,1.94545,-0.181296,-0.179842,0,0,0,0.00153398,0.751651,0.753185,
76988.5,0.130388,0.128854,-0.211689,-0.213223,1.94568,1.94545,-0.181296,-0.179842,0,0,0,0.00153398,0.751651,0.753185,
77008.4,0.130388,0.128854,-0.211689,-0.213223,1.94568,1.94545,-0.181296,-0.179842,0,0,0,0.00153398,0.751651,0.753185,
77028.5,0.130388,0.128854,-0.211689,-0.213223,1.94568,1.94545,-0.181296,-0.179842,0,0,0,0.00153398,0.751651,0.753185,
77048.5,0.130388,0.128854,-0.211689,-0.213223,1.94568,1.94545,-0.181296,-0.179842,0,0,0,0.00153398,0.751651,0.753185,
77068.4,0.130388,0.128854,-0.211689,-0.213223,1.94568,1.94545,-0.181296,-0.179842,0,0,0,0.00153398,0.751651,0.753185,
77088.5,0.130388,0.128854,-0.211689,-0.213223,1.94568,1.94545,-0.181296,-0.179842,0,0,0,0.00153398,0.751651,0.753185,
77108.4,0.130388,0.128854,-0.211689,-0.213223,1.94568,1.94545,-0.181296,-0.179842,0,0,0,0.00153398,0.751651,0.753185,
77128.4,0.130388,0.128854,-0.211689,-0.213223,1.94568,1.94545,-0.181296,-0.179842,0,0,0,0.00153398,0.751651,0.753185,
77148.4,0.130388,0.128854,-0.211689,-0.213223,1.94568,1.94545,-0.181296,-0.179842,0,0,0,0.00153398,0.751651,0.753185,
77168.4,0.130388,0.128854,-0.211689,-0.213223,1.94568,1.94545,-0.181296,-0.179842,0,0,0,0.00153398,0.751651,0.753185,
77188.4,0.130388,0.128854,-0.211689,-0.213223,1.94568,1.94545,-0.181296,-0.179842,0,0,0,0.00153398,0.751651,0.753185,
77208.4,0.130388,0.128854,-0.211689,-0.213223,1.94568,1.94545,-0.181296,-0.179842,0,0,0,0.00153398,0.751651,0.753185,
77228.5,0.130388,0.128854,-0.211689,-0.213223,1.94568,1.94545,-0.181296,-0.179842,0,0,0,0.00153398,0.751651,0.753185,
77248.4,0.130388,0.128854,-0.211689,-0.213223,1.94568,1.94545,-0.181296,-0.179842,0,0,0,0.00153398,0.751651,0.753185,
77268.4,0.130388,0.128854,-0.211689,-0.213223,1.94568,1.94545,-0.181296,-0.179842,0,0,0,0.00153398,0.751651,0.753185,
77288.4,0.130388,0.128854,-0.211689,-0.213223,1.94568,1.94545,-0.181296,-0.179842,0,0,0,0.00153398,0.751651,0.753185,
77308.4,0.130388,0.128854,-0.211689,-0.213223,1.94568,1.94545,-0.181296,-0.179842,0,0,0,0.00153398,0.751651,0.754719,
77328.4,0.130388,0.128854,-0.211689,-0.213223,1.94568,1.94545,-0.181296,-0.179842,0,0,0,0.00153398,0.751651,0.754719,
77348.4,0.130388,0.128854,-0.211689,-0.213223,1.94568,1.94545,-0.181296,-0.179842,0,0,0,0.00153398,0.751651,0.754719,
77368.4,0.130388,0.128854,-0.211689,-0.213223,1.94568,1.94545,-0.181296,-0.179842,0,0,0,0.00153398,0.751651,0.754719,
77388.5,0.130388,0.128854,-0.211689,-0.213223,1.94568,1.94545,-0.181296,-0.179842,0,0,0,0.00153398,0.751651,0.753185,
77408.5,0.130388,0.128854,-0.211689,-0.213223,1.94568,1.94545,-0.181296,-0.179842,0,0,0,0.00153398,0.751651,0.753185,
77428.5,0.130388,0.128854,-0.211689,-0.213223,1.94568,1.94545,-0.181296,-0.179842,0,0,0,0.00153398,0.751651,0.753185,
77448.4,0.130388,0.128854,-0.211689,-0.213223,1.94568,1.94545,-0.181296,-0.179842,0,0,0,0.00153398,0.751651,0.753185,
77468.5,0.130388,0.128854,-0.211689,-0.213223,1.94568,1.94545,-0.181296,-0.179842,0,0,0,0.00153398,0.751651,0.753185,
77488.5,0.130388,0.128854,-0.211689,-0.213223,1.94568,1.94545,-0.181296,-0.179842,0,0,0,0.00153398,0.751651,0.753185,
77508.5,0.130388,0.128854,-0.211689,-0.213223,1.94568,1.94545,-0.181296,-0.179842,0,0,0,0.00153398,0.751651,0.753185,
77528.5,0.130388,0.128854,-0.211689,-0.213223,1.94568,1.94545,-0.181296,-0.179842,0,0,0,0.00153398,0.751651,0.753185,
77548.5,0.130388,0.128854,-0.211689,-0.213223,1.94568,1.94545,-0.181296,-0.179842,0,0,0,0.00153398,0.751651,0.753185,
77568.4,0.130388,0.128854,-0.211689,-0.213223,1.94568,1.94545,-0.181296,-0.179842,0,0,0,0.00153398,0.751651,0.753185,
77588.4,0.130388,0.128854,-0.211689,-0.213223,1.94568,1.94545,-0.181296,-0.179842,0,0,0,0.00153398,0.751651,0.753185,
77608.5,0.130388,0.128854,-0.211689,-0.213223,1.94568,1.94545,-0.181296,-0.179842,0,0,0,0.00153398,0.751651,0.754719,
77628.4,0.130388,0.128854,-0.211689,-0.213223,1.94568,1.94545,-0.181296,-0.179842,0,0,0,0.00153398,0.751651,0.754719,
77648.5,0.130388,0.128854,-0.211689,-0.213223,1.94568,1.94545,-0.181296,-0.179842,0,0,0,0.00153398,0.751651,0.754719,
77668.5,0.130388,0.128854,-0.211689,-0.213223,1.94568,1.94545,-0.181296,-0.179842,0,0,0,0.00153398,0.751651,0.754719,
77688.5,0.130388,0.128854,-0.211689,-0.213223,1.94568,1.94545,-0.181296,-0.179842,0,0,0,0.00153398,0.751651,0.754719,
77708.5,0.130388,0.128854,-0.211689,-0.213223,1.94568,1.94545,-0.181296,-0.179842,0,0,0,0.00153398,0.751651,0.754719,
77728.5,0.130388,0.128854,-0.211689,-0.213223,1.94568,1.94545,-0.181296,-0.179842,0,0,0,0.00153398,0.751651,0.754719,
77748.4,0.130388,0.128854,-0.211689,-0.213223,1.94568,1.94545,-0.181296,-0.179842,0,0,0,0.00153398,0.751651,0.754719,
77768.5,0.130388,0.128854,-0.211689,-0.213223,1.94568,1.94545,-0.181296,-0.179842,0,0,0,0.00153398,0.751651,0.754719,
77788.4,0.130388,0.128854,-0.211689,-0.213223,1.94568,1.94545,-0.181296,-0.179842,0,0,0,0.00153398,0.751651,0.754719,
77808.5,0.130388,0.128854,-0.211689,-0.213223,1.94568,1.94545,-0.181296,-0.179842,0,0,0,0.00153398,0.751651,0.753185,
77828.4,0.130388,0.128854,-0.211689,-0.213223,1.94568,1.94545,-0.181296,-0.179842,0,0,0,0.00153398,0.751651,0.753185,
77848.5,0.130388,0.128854,-0.211689,-0.213223,1.94568,1.94545,-0.181296,-0.179842,0,0,0,0.00153398,0.751651,0.753185,
77868.4,0.130388,0.128854,-0.211689,-0.213223,1.94568,1.94545,-0.181296,-0.179842,0,0,0,0.00153398,0.751651,0.753185,
77888.4,0.130388,0.128854,-0.211689,-0.213223,1.94568,1.94545,-0.181296,-0.179842,0,0,0,0.00153398,0.751651,0.753185,
77908.3,0.130388,0.128854,-0.211689,-0.213223,1.94568,1.94545,-0.181296,-0.179842,0,0,0,0.00153398,0.751651,0.754719,
77928.3,0.130388,0.128854,-0.211689,-0.213223,1.94568,1.94545,-0.181296,-0.179842,0,0,0,0.00153398,0.751651,0.754719,
77948.4,0.130388,0.128854,-0.211689,-0.213223,1.94568,1.94545,-0.181296,-0.179842,0,0,0,0.00153398,0.751651,0.754719,
77968.3,0.130388,0.128854,-0.211689,-0.213223,1.94568,1.94545,-0.181296,-0.179842,0,0,0,0.00153398,0.751651,0.754719,
77988.3,0.130388,0.128854,-0.211689,-0.213223,1.94568,1.94545,-0.181296,-0.179842,0,0,0,0.00153398,0.751651,0.754719,
78008.3,0.130388,0.128854,-0.211689,-0.213223,1.94568,1.94699,-0.181296,-0.179842,0,0,0,0.00153398,0.751651,0.753185,
78028.4,0.130388,0.128854,-0.211689,-0.213223,1.94568,1.94699,-0.181296,-0.179842,0,0,0,0.00153398,0.751651,0.753185,
78048.4,0.130388,0.128854,-0.211689,-0.213223,1.94568,1.94699,-0.181296,-0.179842,0,0,0,0.00153398,0.751651,0.753185,
78068.4,0.130388,0.128854,-0.211689,-0.213223,1.94568,1.94699,-0.181296,-0.179842,0,0,0,0.00153398,0.751651,0.753185,
78088.4,0.130388,0.128854,-0.211689,-0.213223,1.94568,1.94699,-0.181296,-0.179842,0,0,0,0.00153398,0.751651,0.753185,
78108.4,0.130388,0.128854,-0.211689,-0.213223,1.94568,1.94545,-0.181296,-0.179842,0,0,0,0.00153398,0.751651,0.754719,
78128.4,0.130388,0.128854,-0.211689,-0.213223,1.94568,1.94545,-0.181296,-0.179842,0,0,0,0.00153398,0.751651,0.754719,
78148.4,0.130388,0.128854,-0.211689,-0.213223,1.94568,1.94545,-0.181296,-0.179842,0,0,0,0.00153398,0.751651,0.754719,
78168.4,0.130388,0.128854,-0.211689,-0.213223,1.94568,1.94545,-0.181296,-0.179842,0,0,0,0.00153398,0.751651,0.754719,
78188.4,0.130388,0.128854,-0.211689,-0.213223,1.94568,1.94545,-0.181296,-0.179842,0,0,0,0.00153398,0.751651,0.753185,
78208.4,0.130388,0.128854,-0.211689,-0.213223,1.94568,1.94545,-0.181296,-0.179842,0,0,0,0.00153398,0.751651,0.753185,
78228.4,0.130388,0.128854,-0.211689,-0.213223,1.94568,1.94545,-0.181296,-0.179842,0,0,0,0.00153398,0.751651,0.753185,
78248.5,0.130388,0.128854,-0.211689,-0.213223,1.94568,1.94545,-0.181296,-0.179842,0,0,0,0.00153398,0.751651,0.753185,
78268.4,0.130388,0.128854,-0.211689,-0.213223,1.94568,1.94545,-0.181296,-0.179842,0,0,0,0.00153398,0.751651,0.753185,
78288.3,0.130388,0.128854,-0.211689,-0.213223,1.94568,1.94545,-0.181296,-0.179842,0,0,0,0.00153398,0.751651,0.754719,
78308.4,0.130388,0.128854,-0.211689,-0.213223,1.94568,1.94545,-0.181296,-0.179842,0,0,0,0.00153398,0.751651,0.754719,
78328.4,0.130388,0.128854,-0.211689,-0.213223,1.94568,1.94545,-0.181296,-0.179842,0,0,0,0.00153398,0.751651,0.754719,
78348.4,0.130388,0.128854,-0.211689,-0.213223,1.94568,1.94545,-0.181296,-0.179842,0,0,0,0.00153398,0.751651,0.754719,
78368.3,0.130388,0.128854,-0.211689,-0.213223,1.94568,1.94545,-0.181296,-0.179842,0,0,0,0.00153398,0.751651,0.754719,
78388.3,0.130388,0.128854,-0.211689,-0.213223,1.94568,1.94545,-0.181296,-0.179842,0,0,0,0.00153398,0.751651,0.754719,
78408.4,0.130388,0.128854,-0.211689,-0.213223,1.94568,1.94545,-0.181296,-0.179842,0,0,0,0.00153398,0.751651,0.754719,
78428.4,0.130388,0.128854,-0.211689,-0.213223,1.94568,1.94545,-0.181296,-0.179842,0,0,0,0.00153398,0.751651,0.754719,
78448.4,0.130388,0.128854,-0.211689,-0.213223,1.94568,1.94545,-0.181296,-0.179842,0,0,0,0.00153398,0.751651,0.754719,
78468.4,0.130388,0.128854,-0.211689,-0.213223,1.94568,1.94545,-0.181296,-0.179842,0,0,0,0.00153398,0.751651,0.754719,
78488.4,0.130388,0.128854,-0.211689,-0.213223,1.94568,1.94545,-0.181296,-0.179842,0,0,0,0.00153398,0.751651,0.754719,
78508.4,0.130388,0.128854,-0.211689,-0.213223,1.94568,1.94545,-0.181296,-0.179842,0,0,0,0.00153398,0.751651,0.753185,
78528.4,0.130388,0.128854,-0.211689,-0.213223,1.94568,1.94545,-0.181296,-0.179842,0,0,0,0.00153398,0.751651,0.753185,
78548.4,0.130388,0.128854,-0.211689,-0.213223,1.94568,1.94545,-0.181296,-0.179842,0,0,0,0.00153398,0.751651,0.753185,
78568.4,0.130388,0.128854,-0.211689,-0.213223,1.94568,1.94545,-0.181296,-0.179842,0,0,0,0.00153398,0.751651,0.753185,
78588.3,0.130388,0.128854,-0.211689,-0.213223,1.94568,1.94545,-0.181296,-0.179842,0,0,0,0.00153398,0.751651,0.753185,
78608.4,0.130388,0.128854,-0.211689,-0.213223,1.94568,1.94545,-0.181296,-0.179842,0,0,0,0.00153398,0.751651,0.753185,
78628.4,0.130388,0.128854,-0.211689,-0.213223,1.94568,1.94545,-0.181296,-0.179842,0,0,0,0.00153398,0.751651,0.753185,
78648.4,0.130388,0.128854,-0.211689,-0.213223,1.94568,1.94545,-0.181296,-0.179842,0,0,0,0.00153398,0.751651,0.753185,
78668.4,0.130388,0.128854,-0.211689,-0.213223,1.94568,1.94545,-0.181296,-0.179842,0,0,0,0.00153398,0.751651,0.753185,
78688.3,0.130388,0.128854,-0.211689,-0.213223,1.94568,1.94545,-0.181296,-0.179842,0,0,0,0.00153398,0.751651,0.753185,
78708.4,0.130388,0.128854,-0.211689,-0.213223,1.94568,1.94545,-0.181296,-0.179842,0,0,0,0.00153398,0.751651,0.753185,
78728.4,0.130388,0.128854,-0.211689,-0.213223,1.94568,1.94545,-0.181296,-0.179842,0,0,0,0.00153398,0.751651,0.753185,
78748.5,0.130388,0.128854,-0.211689,-0.213223,1.94568,1.94545,-0.181296,-0.179842,0,0,0,0.00153398,0.751651,0.753185,
78768.4,0.130388,0.128854,-0.211689,-0.213223,1.94568,1.94545,-0.181296,-0.179842,0,0,0,0.00153398,0.751651,0.753185,
78788.4,0.130388,0.128854,-0.211689,-0.213223,1.94568,1.94545,-0.181296,-0.179842,0,0,0,0.00153398,0.751651,0.753185,
78808.5,0.130388,0.128854,-0.211689,-0.213223,1.94568,1.94545,-0.181296,-0.179842,0,0,0,0.00153398,0.751651,0.753185,
78828.4,0.130388,0.128854,-0.211689,-0.213223,1.94568,1.94545,-0.181296,-0.179842,0,0,0,0.00153398,0.751651,0.753185,
78848.4,0.130388,0.128854,-0.211689,-0.213223,1.94568,1.94545,-0.181296,-0.179842,0,0,0,0.00153398,0.751651,0.753185,
78868.4,0.130388,0.128854,-0.211689,-0.213223,1.94568,1.94545,-0.181296,-0.179842,0,0,0,0.00153398,0.751651,0.753185,
78888.4,0.130388,0.128854,-0.211689,-0.213223,1.94568,1.94545,-0.181296,-0.179842,0,0,0,0.00153398,0.751651,0.753185,
78908.5,0.130388,0.128854,-0.211689,-0.213223,1.94568,1.94545,-0.181296,-0.179842,0,0,0,0.00153398,0.751651,0.754719,
78928.4,0.130388,0.128854,-0.211689,-0.213223,1.94568,1.94545,-0.181296,-0.179842,0,0,0,0.00153398,0.751651,0.754719,
78948.4,0.130388,0.128854,-0.211689,-0.213223,1.94568,1.94545,-0.181296,-0.179842,0,0,0,0.00153398,0.751651,0.754719,
78968.4,0.130388,0.128854,-0.211689,-0.213223,1.94568,1.94545,-0.181296,-0.179842,0,0,0,0.00153398,0.751651,0.754719,
78988.4,0.130388,0.128854,-0.211689,-0.214757,1.94568,1.94545,-0.181296,-0.179842,0,0,0,0.00153398,0.751651,0.754719,
79008.4,0.130388,0.128854,-0.211689,-0.214757,1.94568,1.94545,-0.181296,-0.179842,0,0,0,0.00153398,0.751651,0.754719,
79028.4,0.130388,0.128854,-0.211689,-0.214757,1.94568,1.94545,-0.181296,-0.179842,0,0,0,0.00153398,0.751651,0.754719,
79048.5,0.130388,0.128854,-0.211689,-0.214757,1.94568,1.94545,-0.181296,-0.179842,0,0,0,0.00153398,0.751651,0.754719,
79068.4,0.130388,0.128854,-0.211689,-0.214757,1.94568,1.94545,-0.181296,-0.179842,0,0,0,0.00153398,0.751651,0.754719,
79088.4,0.130388,0.128854,-0.211689,-0.213223,1.94568,1.94545,-0.181296,-0.179842,0,0,0,0.00153398,0.751651,0.754719,
79108.4,0.130388,0.128854,-0.211689,-0.213223,1.94568,1.94545,-0.181296,-0.179842,0,0,0,0.00153398,0.751651,0.754719,
79128.5,0.130388,0.128854,-0.211689,-0.213223,1.94568,1.94545,-0.181296,-0.179842,0,0,0,0.00153398,0.751651,0.754719,
79148.5,0.130388,0.128854,-0.211689,-0.213223,1.94568,1.94545,-0.181296,-0.179842,0,0,0,0.00153398,0.751651,0.754719,
79168.4,0.130388,0.128854,-0.211689,-0.213223,1.94568,1.94545,-0.181296,-0.179842,0,0,0,0.00153398,0.751651,0.754719,
79188.4,0.130388,0.128854,-0.211689,-0.213223,1.94568,1.94545,-0.181296,-0.179842,0,0,0,0.00153398,0.751651,0.754719,
79208.5,0.130388,0.128854,-0.211689,-0.213223,1.94568,1.94545,-0.181296,-0.179842,0,0,0,0.00153398,0.751651,0.753185,
79228.4,0.130388,0.128854,-0.211689,-0.213223,1.94568,1.94545,-0.181296,-0.179842,0,0,0,0.00153398,0.751651,0.753185,
79248.4,0.130388,0.128854,-0.211689,-0.213223,1.94568,1.94545,-0.181296,-0.179842,0,0,0,0.00153398,0.751651,0.753185,
79268.4,0.130388,0.128854,-0.211689,-0.213223,1.94568,1.94545,-0.181296,-0.179842,0,0,0,0.00153398,0.751651,0.753185,
79288.4,0.130388,0.128854,-0.211689,-0.213223,1.94568,1.94545,-0.181296,-0.179842,0,0,0,0.00153398,0.751651,0.753185,
79308.4,0.130388,0.128854,-0.211689,-0.213223,1.94568,1.94545,-0.181296,-0.179842,0,0,0,0.00153398,0.751651,0.754719,
79328.4,0.130388,0.128854,-0.211689,-0.213223,1.94568,1.94545,-0.181296,-0.179842,0,0,0,0.00153398,0.751651,0.754719,
79348.5,0.130388,0.128854,-0.211689,-0.213223,1.94568,1.94545,-0.181296,-0.179842,0,0,0,0.00153398,0.751651,0.754719,
79368.4,0.130388,0.128854,-0.211689,-0.213223,1.94568,1.94545,-0.181296,-0.179842,0,0,0,0.00153398,0.751651,0.754719,
79388.4,0.130388,0.128854,-0.211689,-0.213223,1.94568,1.94545,-0.181296,-0.179842,0,0,0,0.00153398,0.751651,0.753185,
79408.4,0.130388,0.128854,-0.211689,-0.213223,1.94568,1.94545,-0.181296,-0.179842,0,0,0,0.00153398,0.751651,0.753185,
79428.4,0.130388,0.128854,-0.211689,-0.213223,1.94568,1.94545,-0.181296,-0.179842,0,0,0,0.00153398,0.751651,0.753185,
79448.4,0.130388,0.128854,-0.211689,-0.213223,1.94568,1.94545,-0.181296,-0.179842,0,0,0,0.00153398,0.751651,0.753185,
79468.5,0.130388,0.128854,-0.211689,-0.213223,1.94568,1.94545,-0.181296,-0.179842,0,0,0,0.00153398,0.751651,0.753185,
79488.3,0.130388,0.128854,-0.211689,-0.213223,1.94568,1.94545,-0.181296,-0.179842,0,0,0,0.00153398,0.751651,0.753185,
79508.5,0.130388,0.128854,-0.211689,-0.213223,1.94568,1.94545,-0.181296,-0.179842,0,0,0,0.00153398,0.751651,0.753185,
79528.4,0.130388,0.128854,-0.211689,-0.213223,1.94568,1.94545,-0.181296,-0.179842,0,0,0,0.00153398,0.751651,0.754719,
79548.4,0.130388,0.128854,-0.211689,-0.213223,1.94568,1.94545,-0.181296,-0.179842,0,0,0,0.00153398,0.751651,0.754719,
79568.3,0.130388,0.128854,-0.211689,-0.213223,1.94568,1.94545,-0.181296,-0.179842,0,0,0,0.00153398,0.751651,0.754719,
79588.3,0.130388,0.128854,-0.211689,-0.213223,1.94568,1.94545,-0.181296,-0.179842,0,0,0,0.00153398,0.751651,0.754719,
79608.3,0.130388,0.128854,-0.211689,-0.213223,1.94568,1.94545,-0.181296,-0.179842,0,0,0,0.00153398,0.751651,0.754719,
79628.3,0.130388,0.128854,-0.211689,-0.213223,1.94568,1.94545,-0.181296,-0.179842,0,0,0,0.00153398,0.751651,0.753185,
79648.4,0.130388,0.128854,-0.211689,-0.213223,1.94568,1.94545,-0.181296,-0.179842,0,0,0,0.00153398,0.751651,0.753185,
79668.4,0.130388,0.128854,-0.211689,-0.213223,1.94568,1.94545,-0.181296,-0.179842,0,0,0,0.00153398,0.751651,0.753185,
79688.3,0.130388,0.128854,-0.211689,-0.213223,1.94568,1.94545,-0.181296,-0.179842,0,0,0,0.00153398,0.751651,0.753185,
79708.3,0.130388,0.128854,-0.211689,-0.213223,1.94568,1.94545,-0.181296,-0.179842,0,0.00153398,0,0.00153398,0.751651,0.753185,
79728.3,0.130388,0.128854,-0.211689,-0.213223,1.94568,1.94545,-0.181296,-0.179842,0,0.00153398,0,0.00153398,0.751651,0.753185,
79748.3,0.130388,0.128854,-0.211689,-0.213223,1.94568,1.94545,-0.181296,-0.179842,0,0.00153398,0,0.00153398,0.751651,0.753185,
79768.4,0.130388,0.128854,-0.211689,-0.213223,1.94568,1.94545,-0.181296,-0.179842,0,0.00153398,0,0.00153398,0.751651,0.753185,
79788.3,0.130388,0.128854,-0.211689,-0.213223,1.94568,1.94545,-0.181296,-0.179842,0,0,0,0.00153398,0.751651,0.754719,
79808.4,0.130388,0.128854,-0.211689,-0.213223,1.94568,1.94545,-0.181296,-0.179842,0,0,0,0.00153398,0.751651,0.754719,
79828.3,0.130388,0.128854,-0.211689,-0.213223,1.94568,1.94545,-0.181296,-0.179842,0,0,0,0.00153398,0.751651,0.754719,
79848.4,0.130388,0.128854,-0.211689,-0.213223,1.94568,1.94545,-0.181296,-0.179842,0,0,0,0.00153398,0.751651,0.754719,
79868.3,0.130388,0.128854,-0.211689,-0.213223,1.94568,1.94545,-0.181296,-0.179842,0,0,0,0.00153398,0.751651,0.754719,
79888.3,0.130388,0.128854,-0.211689,-0.213223,1.94568,1.94545,-0.181296,-0.179842,0,0,0,0.00153398,0.751651,0.753185,
79908.4,0.130388,0.128854,-0.211689,-0.213223,1.94568,1.94545,-0.181296,-0.179842,0,0,0,0.00153398,0.751651,0.753185,
79928.3,0.130388,0.128854,-0.211689,-0.213223,1.94568,1.94545,-0.181296,-0.179842,0,0,0,0.00153398,0.751651,0.753185,
79948.4,0.130388,0.128854,-0.211689,-0.213223,1.94568,1.94545,-0.181296,-0.179842,0,0,0,0.00153398,0.751651,0.753185,
79968.4,0.130388,0.128854,-0.211689,-0.213223,1.94568,1.94545,-0.181296,-0.179842,0,0,0,0.00153398,0.751651,0.753185,
79988.4,0.130388,0.128854,-0.211689,-0.213223,1.94568,1.94545,-0.181296,-0.179842,0,0,0,0.00153398,0.751651,0.753185,
80008.4,0.130388,0.128854,-0.211689,-0.213223,1.94568,1.94545,-0.181296,-0.179842,0,0,0,0.00153398,0.751651,0.754719,
80028.3,0.130388,0.128854,-0.211689,-0.213223,1.94568,1.94545,-0.181296,-0.179842,0,0,0,0.00153398,0.751651,0.754719,
80048.4,0.130388,0.128854,-0.211689,-0.213223,1.94568,1.94545,-0.181296,-0.179842,0,0,0,0.00153398,0.751651,0.754719,
80068.4,0.130388,0.128854,-0.211689,-0.213223,1.94568,1.94545,-0.181296,-0.179842,0,0,0,0.00153398,0.751651,0.754719,
80088.3,0.130388,0.128854,-0.211689,-0.213223,1.94568,1.94545,-0.181296,-0.179842,0,0,0,0.00153398,0.751651,0.754719,
80108.5,0.130388,0.128854,-0.211689,-0.213223,1.94568,1.94545,-0.181296,-0.179842,0,0,0,0.00153398,0.751651,0.753185,
80128.3,0.130388,0.128854,-0.211689,-0.213223,1.94568,1.94545,-0.181296,-0.179842,0,0,0,0.00153398,0.751651,0.753185,
80148.4,0.130388,0.128854,-0.211689,-0.213223,1.94568,1.94545,-0.181296,-0.179842,0,0,0,0.00153398,0.751651,0.753185,
80168.3,0.130388,0.128854,-0.211689,-0.213223,1.94568,1.94545,-0.181296,-0.179842,0,0,0,0.00153398,0.751651,0.753185,
80188.3,0.130388,0.128854,-0.211689,-0.213223,1.94568,1.94545,-0.181296,-0.179842,0,0,0,0.00153398,0.751651,0.754719,
80208.3,0.130388,0.128854,-0.211689,-0.213223,1.94568,1.94545,-0.181296,-0.179842,0,0,0,0.00153398,0.751651,0.754719,
80228.4,0.130388,0.128854,-0.211689,-0.213223,1.94568,1.94545,-0.181296,-0.179842,0,0,0,0.00153398,0.751651,0.754719,
80248.5,0.130388,0.128854,-0.211689,-0.213223,1.94568,1.94545,-0.181296,-0.179842,0,0,0,0.00153398,0.751651,0.754719,
80268.4,0.130388,0.128854,-0.211689,-0.213223,1.94568,1.94545,-0.181296,-0.179842,0,0,0,0.00153398,0.751651,0.754719,
80288.4,0.130388,0.128854,-0.211689,-0.213223,1.94568,1.94545,-0.181296,-0.179842,0,0,0,0.00153398,0.751651,0.754719,
80308.4,0.130388,0.128854,-0.211689,-0.213223,1.94568,1.94545,-0.181296,-0.179842,0,0,0,0.00153398,0.751651,0.754719,
80328.5,0.130388,0.128854,-0.211689,-0.213223,1.94568,1.94545,-0.181296,-0.179842,0,0,0,0.00153398,0.751651,0.754719,
80348.4,0.130388,0.128854,-0.211689,-0.213223,1.94568,1.94545,-0.181296,-0.179842,0,0,0,0.00153398,0.751651,0.754719,
80368.5,0.130388,0.128854,-0.211689,-0.213223,1.94568,1.94545,-0.181296,-0.179842,0,0,0,0.00153398,0.751651,0.754719,
80388.4,0.130388,0.128854,-0.211689,-0.213223,1.94568,1.94545,-0.181296,-0.179842,0,0,0,0.00153398,0.751651,0.754719,
80408.3,0.130388,0.128854,-0.211689,-0.213223,1.94568,1.94545,-0.181296,-0.179842,0,0,0,0.00153398,0.751651,0.753185,
80428.4,0.130388,0.128854,-0.211689,-0.213223,1.94568,1.94545,-0.181296,-0.179842,0,0,0,0.00153398,0.751651,0.753185,
80448.4,0.130388,0.128854,-0.211689,-0.213223,1.94568,1.94545,-0.181296,-0.179842,0,0,0,0.00153398,0.751651,0.753185,
80468.4,0.130388,0.128854,-0.211689,-0.213223,1.94568,1.94545,-0.181296,-0.179842,0,0,0,0.00153398,0.751651,0.753185,
80488.4,0.130388,0.128854,-0.211689,-0.213223,1.94568,1.94545,-0.181296,-0.179842,0,0,0,0.00153398,0.751651,0.753185,
80508.4,0.130388,0.128854,-0.211689,-0.213223,1.94568,1.94545,-0.181296,-0.179842,0,0,0,0.00153398,0.751651,0.754719,
80528.3,0.130388,0.128854,-0.211689,-0.213223,1.94568,1.94545,-0.181296,-0.179842,0,0,0,0.00153398,0.751651,0.754719,
80548.4,0.130388,0.128854,-0.211689,-0.213223,1.94568,1.94545,-0.181296,-0.179842,0,0,0,0.00153398,0.751651,0.754719,
80568.3,0.130388,0.128854,-0.211689,-0.213223,1.94568,1.94545,-0.181296,-0.179842,0,0,0,0.00153398,0.751651,0.754719,
80588.3,0.130388,0.128854,-0.211689,-0.213223,1.94568,1.94545,-0.181296,-0.179842,0,0,0,0.00153398,0.751651,0.753185,
80608.4,0.130388,0.128854,-0.211689,-0.213223,1.94568,1.94545,-0.181296,-0.179842,0,0,0,0.00153398,0.751651,0.753185,
80628.3,0.130388,0.128854,-0.211689,-0.213223,1.94568,1.94545,-0.181296,-0.179842,0,0,0,0.00153398,0.751651,0.753185,
80648.4,0.130388,0.128854,-0.211689,-0.213223,1.94568,1.94545,-0.181296,-0.179842,0,0,0,0.00153398,0.751651,0.753185,
80668.4,0.130388,0.128854,-0.211689,-0.213223,1.94568,1.94545,-0.181296,-0.179842,0,0,0,0.00153398,0.751651,0.753185,
80688.4,0.130388,0.128854,-0.211689,-0.213223,1.94568,1.94545,-0.181296,-0.179842,0,0,0,0.00153398,0.751651,0.753185,
80708.4,0.130388,0.128854,-0.211689,-0.213223,1.94568,1.94545,-0.181296,-0.179842,0,0,0,0.00153398,0.751651,0.753185,
80728.4,0.130388,0.128854,-0.211689,-0.213223,1.94568,1.94545,-0.181296,-0.179842,0,0,0,0.00153398,0.751651,0.753185,
80748.3,0.130388,0.128854,-0.211689,-0.213223,1.94568,1.94545,-0.181296,-0.179842,0,0,0,0.00153398,0.751651,0.753185,
80768.3,0.130388,0.128854,-0.211689,-0.213223,1.94568,1.94545,-0.181296,-0.179842,0,0,0,0.00153398,0.751651,0.753185,
80788.3,0.130388,0.128854,-0.211689,-0.213223,1.94568,1.94545,-0.181296,-0.179842,0,0,0,0.00153398,0.751651,0.753185,
80808.4,0.130388,0.128854,-0.211689,-0.213223,1.94568,1.94699,-0.181296,-0.179842,0,0,0,0.00153398,0.751651,0.753185,
80828.4,0.130388,0.128854,-0.211689,-0.213223,1.94568,1.94699,-0.181296,-0.179842,0,0,0,0.00153398,0.751651,0.753185,
80848.4,0.130388,0.128854,-0.211689,-0.213223,1.94568,1.94699,-0.181296,-0.179842,0,0,0,0.00153398,0.751651,0.753185,
80868.4,0.130388,0.128854,-0.211689,-0.213223,1.94568,1.94699,-0.181296,-0.179842,0,0,0,0.00153398,0.751651,0.753185,
80888.4,0.130388,0.128854,-0.211689,-0.213223,1.94568,1.94699,-0.181296,-0.179842,0,0,0,0.00153398,0.751651,0.753185,
80908.4,0.130388,0.128854,-0.211689,-0.213223,1.94568,1.94545,-0.181296,-0.179842,0,0,0,0.00153398,0.751651,0.754719,
80928.4,0.130388,0.128854,-0.211689,-0.213223,1.94568,1.94545,-0.181296,-0.179842,0,0,0,0.00153398,0.751651,0.754719,
80948.4,0.130388,0.128854,-0.211689,-0.213223,1.94568,1.94545,-0.181296,-0.179842,0,0,0,0.00153398,0.751651,0.754719,
80968.4,0.130388,0.128854,-0.211689,-0.213223,1.94568,1.94545,-0.181296,-0.179842,0,0,0,0.00153398,0.751651,0.754719,
80988.4,0.130388,0.128854,-0.211689,-0.213223,1.94568,1.94545,-0.181296,-0.179842,0,0,0,0.00153398,0.751651,0.754719,
81008.4,0.130388,0.128854,-0.211689,-0.213223,1.94568,1.94545,-0.181296,-0.179842,0,0,0,0.00153398,0.751651,0.754719,
81028.4,0.130388,0.128854,-0.211689,-0.213223,1.94568,1.94545,-0.181296,-0.179842,0,0,0,0.00153398,0.751651,0.754719,
81048.4,0.130388,0.128854,-0.211689,-0.213223,1.94568,1.94545,-0.181296,-0.179842,0,0,0,0.00153398,0.751651,0.754719,
81068.5,0.130388,0.128854,-0.211689,-0.213223,1.94568,1.94545,-0.181296,-0.179842,0,0,0,0.00153398,0.751651,0.754719,
81088.4,0.130388,0.128854,-0.211689,-0.213223,1.94568,1.94545,-0.181296,-0.179842,0,0,0,0.00153398,0.751651,0.754719,
81108.5,0.130388,0.128854,-0.211689,-0.213223,1.94568,1.94545,-0.181296,-0.179842,0,0,0,0.00153398,0.751651,0.754719,
81128.5,0.130388,0.128854,-0.211689,-0.213223,1.94568,1.94545,-0.181296,-0.179842,0,0,0,0.00153398,0.751651,0.754719,
81148.4,0.130388,0.128854,-0.211689,-0.213223,1.94568,1.94545,-0.181296,-0.179842,0,0,0,0.00153398,0.751651,0.754719,
81168.4,0.130388,0.128854,-0.211689,-0.213223,1.94568,1.94545,-0.181296,-0.179842,0,0,0,0.00153398,0.751651,0.754719,
81188.4,0.130388,0.128854,-0.211689,-0.213223,1.94568,1.94545,-0.181296,-0.179842,0,0,0,0.00153398,0.751651,0.754719,
81208.4,0.130388,0.128854,-0.211689,-0.213223,1.94568,1.94545,-0.181296,-0.179842,0,0,0,0.00153398,0.751651,0.753185,
81228.4,0.130388,0.128854,-0.211689,-0.213223,1.94568,1.94545,-0.181296,-0.179842,0,0,0,0.00153398,0.751651,0.753185,
81248.4,0.130388,0.128854,-0.211689,-0.213223,1.94568,1.94545,-0.181296,-0.179842,0,0,0,0.00153398,0.751651,0.753185,
81268.4,0.130388,0.128854,-0.211689,-0.213223,1.94568,1.94545,-0.181296,-0.179842,0,0,0,0.00153398,0.751651,0.753185,
81288.4,0.130388,0.128854,-0.211689,-0.213223,1.94568,1.94545,-0.181296,-0.179842,0,0,0,0.00153398,0.751651,0.753185,
81308.3,0.130388,0.128854,-0.211689,-0.213223,1.94568,1.94545,-0.181296,-0.179842,0,0,0,0.00153398,0.751651,0.753185,
81328.4,0.130388,0.128854,-0.211689,-0.213223,1.94568,1.94545,-0.181296,-0.179842,0,0,0,0.00153398,0.751651,0.753185,
81348.4,0.130388,0.128854,-0.211689,-0.213223,1.94568,1.94545,-0.181296,-0.179842,0,0,0,0.00153398,0.751651,0.753185,
81368.4,0.130388,0.128854,-0.211689,-0.213223,1.94568,1.94545,-0.181296,-0.179842,0,0,0,0.00153398,0.751651,0.753185,
81388.3,0.130388,0.128854,-0.211689,-0.213223,1.94568,1.94545,-0.181296,-0.179842,0,0,0,0.00153398,0.751651,0.754719,
81408.3,0.130388,0.128854,-0.211689,-0.213223,1.94568,1.94545,-0.181296,-0.179842,0,0,0,0.00153398,0.751651,0.754719,
81428.3,0.130388,0.128854,-0.211689,-0.213223,1.94568,1.94545,-0.181296,-0.179842,0,0,0,0.00153398,0.751651,0.754719,
81448.3,0.130388,0.128854,-0.211689,-0.213223,1.94568,1.94545,-0.181296,-0.179842,0,0,0,0.00153398,0.751651,0.754719,
81468.4,0.130388,0.128854,-0.211689,-0.213223,1.94568,1.94545,-0.181296,-0.179842,0,0,0,0.00153398,0.751651,0.754719,
81488.3,0.130388,0.128854,-0.211689,-0.213223,1.94568,1.94545,-0.181296,-0.179842,0,0,0,0.00153398,0.751651,0.753185,
81508.3,0.130388,0.128854,-0.211689,-0.213223,1.94568,1.94545,-0.181296,-0.179842,0,0,0,0.00153398,0.751651,0.753185,
81528.3,0.130388,0.128854,-0.211689,-0.213223,1.94568,1.94545,-0.181296,-0.179842,0,0,0,0.00153398,0.751651,0.753185,
81548.4,0.130388,0.128854,-0.211689,-0.213223,1.94568,1.94545,-0.181296,-0.179842,0,0,0,0.00153398,0.751651,0.753185,
81568.3,0.130388,0.128854,-0.211689,-0.213223,1.94568,1.94545,-0.181296,-0.179842,0,0,0,0.00153398,0.751651,0.753185,
81588.4,0.130388,0.128854,-0.211689,-0.213223,1.94568,1.94545,-0.181296,-0.179842,0,0,0,0.00153398,0.751651,0.753185,
81608.4,0.130388,0.128854,-0.211689,-0.213223,1.94568,1.94545,-0.181296,-0.179842,0,0,0,0.00153398,0.751651,0.753185,
81628.5,0.130388,0.128854,-0.211689,-0.213223,1.94568,1.94545,-0.181296,-0.179842,0,0,0,0.00153398,0.751651,0.753185,
81648.4,0.130388,0.128854,-0.211689,-0.213223,1.94568,1.94545,-0.181296,-0.179842,0,0,0,0.00153398,0.751651,0.753185,
81668.5,0.130388,0.128854,-0.211689,-0.213223,1.94568,1.94545,-0.181296,-0.179842,0,0,0,0.00153398,0.751651,0.753185,
81688.5,0.130388,0.128854,-0.211689,-0.213223,1.94568,1.94545,-0.181296,-0.179842,0,0,0,0.00153398,0.751651,0.753185,
81708.5,0.130388,0.128854,-0.211689,-0.213223,1.94568,1.94545,-0.181296,-0.179842,0,0,0,0.00153398,0.751651,0.753185,
81728.5,0.130388,0.128854,-0.211689,-0.213223,1.94568,1.94545,-0.181296,-0.179842,0,0,0,0.00153398,0.751651,0.753185,
81748.4,0.130388,0.128854,-0.211689,-0.213223,1.94568,1.94545,-0.181296,-0.179842,0,0,0,0.00153398,0.751651,0.753185,
81768.3,0.130388,0.128854,-0.211689,-0.213223,1.94568,1.94545,-0.181296,-0.179842,0,0,0,0.00153398,0.751651,0.753185,
81788.3,0.130388,0.128854,-0.211689,-0.213223,1.94568,1.94699,-0.181296,-0.179842,0,0,0,0.00153398,0.751651,0.753185,
81808.3,0.130388,0.128854,-0.211689,-0.213223,1.94568,1.94699,-0.181296,-0.179842,0,0,0,0.00153398,0.751651,0.753185,
81828.3,0.130388,0.128854,-0.211689,-0.213223,1.94568,1.94699,-0.181296,-0.179842,0,0,0,0.00153398,0.751651,0.753185,
81848.4,0.130388,0.128854,-0.211689,-0.213223,1.94568,1.94699,-0.181296,-0.179842,0,0,0,0.00153398,0.751651,0.753185,
81868.4,0.130388,0.128854,-0.211689,-0.213223,1.94568,1.94699,-0.181296,-0.179842,0,0,0,0.00153398,0.751651,0.753185,
81888.4,0.130388,0.128854,-0.211689,-0.213223,1.94568,1.94699,-0.181296,-0.179842,0,0,0,0.00153398,0.751651,0.753185,
81908.3,0.130388,0.128854,-0.211689,-0.213223,1.94568,1.94545,-0.181296,-0.179842,0,0,0,0.00153398,0.751651,0.753185,
81928.5,0.130388,0.128854,-0.211689,-0.213223,1.94568,1.94545,-0.181296,-0.179842,0,0,0,0.00153398,0.751651,0.753185,
81948.4,0.130388,0.128854,-0.211689,-0.213223,1.94568,1.94545,-0.181296,-0.179842,0,0,0,0.00153398,0.751651,0.753185,
81968.4,0.130388,0.128854,-0.211689,-0.213223,1.94568,1.94545,-0.181296,-0.179842,0,0,0,0.00153398,0.751651,0.753185,
81988.4,0.130388,0.128854,-0.211689,-0.213223,1.94568,1.94545,-0.181296,-0.179842,0,0,0,0.00153398,0.751651,0.753185,
82008.4,0.130388,0.128854,-0.211689,-0.213223,1.94568,1.94545,-0.181296,-0.179842,0,0,0,0.00153398,0.751651,0.754719,
82028.4,0.130388,0.128854,-0.211689,-0.213223,1.94568,1.94545,-0.181296,-0.179842,0,0,0,0.00153398,0.751651,0.754719,
82048.4,0.130388,0.128854,-0.211689,-0.213223,1.94568,1.94545,-0.181296,-0.179842,0,0,0,0.00153398,0.751651,0.754719,
82068.4,0.130388,0.128854,-0.211689,-0.213223,1.94568,1.94545,-0.181296,-0.179842,0,0,0,0.00153398,0.751651,0.754719,
82088.3,0.130388,0.128854,-0.211689,-0.213223,1.94568,1.94545,-0.181296,-0.179842,0,0,0,0.00153398,0.751651,0.754719,
82108.4,0.130388,0.128854,-0.211689,-0.213223,1.94568,1.94545,-0.181296,-0.179842,0,0,0,0.00153398,0.751651,0.753185,
82128.4,0.130388,0.128854,-0.211689,-0.213223,1.94568,1.94545,-0.181296,-0.179842,0,0,0,0.00153398,0.751651,0.753185,
82148.3,0.130388,0.128854,-0.211689,-0.213223,1.94568,1.94545,-0.181296,-0.179842,0,0,0,0.00153398,0.751651,0.753185,
82168.4,0.130388,0.128854,-0.211689,-0.213223,1.94568,1.94545,-0.181296,-0.179842,0,0,0,0.00153398,0.751651,0.753185,
82188.3,0.130388,0.128854,-0.211689,-0.213223,1.94568,1.94545,-0.181296,-0.179842,0,0,0,0.00153398,0.751651,0.753185,
82208.3,0.130388,0.128854,-0.211689,-0.213223,1.94568,1.94545,-0.181296,-0.179842,0,0,0,0.00153398,0.751651,0.753185,
82228.3,0.130388,0.128854,-0.211689,-0.213223,1.94568,1.94545,-0.181296,-0.179842,0,0,0,0.00153398,0.751651,0.753185,
82248.3,0.130388,0.128854,-0.211689,-0.213223,1.94568,1.94545,-0.181296,-0.179842,0,0,0,0.00153398,0.751651,0.753185,
82268.3,0.130388,0.128854,-0.211689,-0.213223,1.94568,1.94545,-0.181296,-0.179842,0,0,0,0.00153398,0.751651,0.753185,
82288.4,0.130388,0.128854,-0.211689,-0.213223,1.94568,1.94545,-0.181296,-0.179842,0,0,0,0.00153398,0.751651,0.753185,
82308.3,0.130388,0.128854,-0.211689,-0.213223,1.94568,1.94545,-0.181296,-0.179842,0,0,0,0.00153398,0.751651,0.754719,
82328.4,0.130388,0.128854,-0.211689,-0.213223,1.94568,1.94545,-0.181296,-0.179842,0,0,0,0.00153398,0.751651,0.754719,
82348.4,0.130388,0.128854,-0.211689,-0.213223,1.94568,1.94545,-0.181296,-0.179842,0,0,0,0.00153398,0.751651,0.754719,
82368.4,0.130388,0.128854,-0.211689,-0.213223,1.94568,1.94545,-0.181296,-0.179842,0,0,0,0.00153398,0.751651,0.754719,
82388.4,0.130388,0.128854,-0.211689,-0.213223,1.94568,1.94545,-0.181296,-0.179842,0,0,0,0.00153398,0.751651,0.754719,
82408.3,0.130388,0.128854,-0.211689,-0.213223,1.94568,1.94545,-0.181296,-0.179842,0,0,0,0.00153398,0.751651,0.753185,
82428.3,0.130388,0.128854,-0.211689,-0.213223,1.94568,1.94545,-0.181296,-0.179842,0,0,0,0.00153398,0.751651,0.753185,
82448.3,0.130388,0.128854,-0.211689,-0.213223,1.94568,1.94545,-0.181296,-0.179842,0,0,0,0.00153398,0.751651,0.753185,
82468.3,0.130388,0.128854,-0.211689,-0.213223,1.94568,1.94545,-0.181296,-0.179842,0,0,0,0.00153398,0.751651,0.753185,
82488.4,0.130388,0.128854,-0.211689,-0.213223,1.94568,1.94545,-0.181296,-0.179842,0,0,0,0.00153398,0.751651,0.753185,
82508.4,0.130388,0.128854,-0.211689,-0.213223,1.94568,1.94545,-0.181296,-0.179842,0,0,0,0.00153398,0.751651,0.753185,
82528.5,0.130388,0.128854,-0.211689,-0.213223,1.94568,1.94545,-0.181296,-0.179842,0,0,0,0.00153398,0.751651,0.753185,
82548.5,0.130388,0.128854,-0.211689,-0.213223,1.94568,1.94545,-0.181296,-0.179842,0,0,0,0.00153398,0.751651,0.753185,
82568.5,0.130388,0.128854,-0.211689,-0.213223,1.94568,1.94545,-0.181296,-0.179842,0,0,0,0.00153398,0.751651,0.753185,
82588.5,0.130388,0.128854,-0.211689,-0.213223,1.94568,1.94545,-0.181296,-0.179842,0,0,0,0.00153398,0.751651,0.754719,
82608.4,0.130388,0.128854,-0.211689,-0.213223,1.94568,1.94545,-0.181296,-0.179842,0,0,0,0.00153398,0.751651,0.754719,
82628.5,0.130388,0.128854,-0.211689,-0.213223,1.94568,1.94545,-0.181296,-0.179842,0,0,0,0.00153398,0.751651,0.754719,
82648.4,0.130388,0.128854,-0.211689,-0.213223,1.94568,1.94545,-0.181296,-0.179842,0,0,0,0.00153398,0.751651,0.754719,
82668.4,0.130388,0.128854,-0.211689,-0.213223,1.94568,1.94545,-0.181296,-0.179842,0,0,0,0.00153398,0.751651,0.754719,
82688.3,0.130388,0.128854,-0.211689,-0.213223,1.94568,1.94545,-0.181296,-0.179842,0,0,0,0.00153398,0.751651,0.754719,
82708.3,0.130388,0.128854,-0.211689,-0.213223,1.94568,1.94545,-0.181296,-0.179842,0,0,0,0.00153398,0.751651,0.754719,
82728.3,0.130388,0.128854,-0.211689,-0.213223,1.94568,1.94545,-0.181296,-0.179842,0,0,0,0.00153398,0.751651,0.754719,
82748.3,0.130388,0.128854,-0.211689,-0.213223,1.94568,1.94545,-0.181296,-0.179842,0,0,0,0.00153398,0.751651,0.754719,
82768.3,0.130388,0.128854,-0.211689,-0.213223,1.94568,1.94545,-0.181296,-0.179842,0,0,0,0.00153398,0.751651,0.754719,
82788.3,0.130388,0.128854,-0.211689,-0.213223,1.94568,1.94545,-0.181296,-0.179842,0,0,0,0.00153398,0.751651,0.754719,
82808.4,0.130388,0.128854,-0.211689,-0.214757,1.94568,1.94699,-0.181296,-0.179842,0,0,0,0.00153398,0.751651,0.754719,
82828.3,0.130388,0.128854,-0.211689,-0.214757,1.94568,1.94699,-0.181296,-0.179842,0,0,0,0.00153398,0.751651,0.754719,
82848.3,0.130388,0.128854,-0.211689,-0.214757,1.94568,1.94699,-0.181296,-0.179842,0,0,0,0.00153398,0.751651,0.754719,
82868.4,0.130388,0.128854,-0.211689,-0.214757,1.94568,1.94699,-0.181296,-0.179842,0,0,0,0.00153398,0.751651,0.754719,
82888.4,0.130388,0.128854,-0.211689,-0.214757,1.94568,1.94699,-0.181296,-0.179842,0,0,0,0.00153398,0.751651,0.754719,
82908.4,0.130388,0.128854,-0.211689,-0.213223,1.94568,1.94545,-0.181296,-0.179842,0,0,0,0.00153398,0.751651,0.754719,
82928.4,0.130388,0.128854,-0.211689,-0.213223,1.94568,1.94545,-0.181296,-0.179842,0,0,0,0.00153398,0.751651,0.754719,
82948.3,0.130388,0.128854,-0.211689,-0.213223,1.94568,1.94545,-0.181296,-0.179842,0,0,0,0.00153398,0.751651,0.754719,
82968.4,0.130388,0.128854,-0.211689,-0.213223,1.94568,1.94545,-0.181296,-0.179842,0,0,0,0.00153398,0.751651,0.754719,
82988.3,0.130388,0.128854,-0.211689,-0.213223,1.94568,1.94545,-0.181296,-0.179842,0,0,0,0.00153398,0.751651,0.754719,
83008.4,0.130388,0.128854,-0.211689,-0.213223,1.94568,1.94545,-0.181296,-0.179842,0,0,0,0.00153398,0.751651,0.754719,
83028.4,0.130388,0.128854,-0.211689,-0.213223,1.94568,1.94545,-0.181296,-0.179842,0,0,0,0.00153398,0.751651,0.754719,
83048.4,0.130388,0.128854,-0.211689,-0.213223,1.94568,1.94545,-0.181296,-0.179842,0,0,0,0.00153398,0.751651,0.754719,
83068.4,0.130388,0.128854,-0.211689,-0.213223,1.94568,1.94545,-0.181296,-0.179842,0,0,0,0.00153398,0.751651,0.754719,
83088.4,0.130388,0.128854,-0.211689,-0.213223,1.94568,1.94545,-0.181296,-0.179842,0,0,0,0.00153398,0.751651,0.754719,
83108.4,0.130388,0.128854,-0.211689,-0.213223,1.94568,1.94545,-0.181296,-0.179842,0,0,0,0.00153398,0.751651,0.754719,
83128.5,0.130388,0.128854,-0.211689,-0.213223,1.94568,1.94545,-0.181296,-0.179842,0,0,0,0.00153398,0.751651,0.754719,
83148.4,0.130388,0.128854,-0.211689,-0.213223,1.94568,1.94545,-0.181296,-0.179842,0,0,0,0.00153398,0.751651,0.754719,
83168.4,0.130388,0.128854,-0.211689,-0.213223,1.94568,1.94545,-0.181296,-0.179842,0,0,0,0.00153398,0.751651,0.754719,
83188.4,0.130388,0.128854,-0.211689,-0.213223,1.94568,1.94545,-0.181296,-0.179842,0,0,0,0.00153398,0.751651,0.754719,
83208.4,0.130388,0.128854,-0.211689,-0.213223,1.94568,1.94545,-0.181296,-0.179842,0,0,0,0.00153398,0.751651,0.754719,
83228.4,0.130388,0.128854,-0.211689,-0.213223,1.94568,1.94545,-0.181296,-0.179842,0,0,0,0.00153398,0.751651,0.754719,
83248.4,0.130388,0.128854,-0.211689,-0.213223,1.94568,1.94545,-0.181296,-0.179842,0,0,0,0.00153398,0.751651,0.754719,
83268.4,0.130388,0.128854,-0.211689,-0.213223,1.94568,1.94545,-0.181296,-0.179842,0,0,0,0.00153398,0.751651,0.754719,
83288.5,0.130388,0.128854,-0.211689,-0.213223,1.94568,1.94545,-0.181296,-0.179842,0,0,0,0.00153398,0.751651,0.754719,
83308.4,0.130388,0.128854,-0.211689,-0.213223,1.94568,1.94545,-0.181296,-0.179842,0,0,0,0.00153398,0.751651,0.754719,
83328.4,0.130388,0.128854,-0.211689,-0.213223,1.94568,1.94545,-0.181296,-0.179842,0,0,0,0.00153398,0.751651,0.754719,
83348.5,0.130388,0.128854,-0.211689,-0.213223,1.94568,1.94545,-0.181296,-0.179842,0,0,0,0.00153398,0.751651,0.754719,
83368.5,0.130388,0.128854,-0.211689,-0.213223,1.94568,1.94545,-0.181296,-0.179842,0,0,0,0.00153398,0.751651,0.754719,
83388.5,0.130388,0.128854,-0.211689,-0.213223,1.94568,1.94545,-0.181296,-0.179842,0,0,0,0.00153398,0.751651,0.753185,
83408.4,0.130388,0.128854,-0.211689,-0.213223,1.94568,1.94545,-0.181296,-0.179842,0,0,0,0.00153398,0.751651,0.753185,
83428.4,0.130388,0.128854,-0.211689,-0.213223,1.94568,1.94545,-0.181296,-0.179842,0,0,0,0.00153398,0.751651,0.753185,
83448.4,0.130388,0.128854,-0.211689,-0.213223,1.94568,1.94545,-0.181296,-0.179842,0,0,0,0.00153398,0.751651,0.753185,
83468.4,0.130388,0.128854,-0.211689,-0.213223,1.94568,1.94545,-0.181296,-0.179842,0,0,0,0.00153398,0.751651,0.753185,
83488.3,0.130388,0.128854,-0.211689,-0.213223,1.94568,1.94545,-0.181296,-0.179842,0,0,0,0.00153398,0.751651,0.753185,
83508.4,0.130388,0.128854,-0.211689,-0.213223,1.94568,1.94545,-0.181296,-0.179842,0,0,0,0.00153398,0.751651,0.753185,
83528.4,0.130388,0.128854,-0.211689,-0.213223,1.94568,1.94545,-0.181296,-0.179842,0,0,0,0.00153398,0.751651,0.753185,
83548.4,0.130388,0.128854,-0.211689,-0.213223,1.94568,1.94545,-0.181296,-0.179842,0,0,0,0.00153398,0.751651,0.753185,
83568.4,0.130388,0.128854,-0.211689,-0.213223,1.94568,1.94545,-0.181296,-0.179842,0,0,0,0.00153398,0.751651,0.753185,
83588.4,0.130388,0.128854,-0.211689,-0.213223,1.94568,1.94545,-0.181296,-0.179842,0,0,0,0.00153398,0.751651,0.753185,
83608.4,0.130388,0.128854,-0.211689,-0.213223,1.94568,1.94545,-0.181296,-0.179842,0,0,0,0.00153398,0.751651,0.753185,
83628.4,0.130388,0.128854,-0.211689,-0.213223,1.94568,1.94545,-0.181296,-0.179842,0,0,0,0.00153398,0.751651,0.753185,
83648.4,0.130388,0.128854,-0.211689,-0.213223,1.94568,1.94545,-0.181296,-0.179842,0,0,0,0.00153398,0.751651,0.753185,
83668.4,0.130388,0.128854,-0.211689,-0.213223,1.94568,1.94545,-0.181296,-0.179842,0,0,0,0.00153398,0.751651,0.753185,
83688.4,0.130388,0.128854,-0.211689,-0.213223,1.94568,1.94545,-0.181296,-0.179842,0,0,0,0.00153398,0.751651,0.753185,
83708.3,0.130388,0.128854,-0.211689,-0.214757,1.94568,1.94545,-0.181296,-0.179842,0,0,0,0.00153398,0.751651,0.753185,
83728.3,0.130388,0.128854,-0.211689,-0.214757,1.94568,1.94545,-0.181296,-0.179842,0,0,0,0.00153398,0.751651,0.753185,
83748.4,0.130388,0.128854,-0.211689,-0.214757,1.94568,1.94545,-0.181296,-0.179842,0,0,0,0.00153398,0.751651,0.753185,
83768.4,0.130388,0.128854,-0.211689,-0.214757,1.94568,1.94545,-0.181296,-0.179842,0,0,0,0.00153398,0.751651,0.753185,
83788.3,0.130388,0.128854,-0.211689,-0.214757,1.94568,1.94545,-0.181296,-0.179842,0,0,0,0.00153398,0.751651,0.753185,
83808.3,0.130388,0.128854,-0.211689,-0.213223,1.94568,1.94545,-0.181296,-0.179842,0,0,0,0.00153398,0.751651,0.753185,
83828.3,0.130388,0.128854,-0.211689,-0.213223,1.94568,1.94545,-0.181296,-0.179842,0,0,0,0.00153398,0.751651,0.753185,
83848.3,0.130388,0.128854,-0.211689,-0.213223,1.94568,1.94545,-0.181296,-0.179842,0,0,0,0.00153398,0.751651,0.753185,
83868.3,0.130388,0.128854,-0.211689,-0.213223,1.94568,1.94545,-0.181296,-0.179842,0,0,0,0.00153398,0.751651,0.753185,
83888.3,0.130388,0.128854,-0.211689,-0.213223,1.94568,1.94545,-0.181296,-0.179842,0,0,0,0.00153398,0.751651,0.754719,
83908.3,0.130388,0.128854,-0.211689,-0.213223,1.94568,1.94545,-0.181296,-0.179842,0,0,0,0.00153398,0.751651,0.754719,
83928.3,0.130388,0.128854,-0.211689,-0.213223,1.94568,1.94545,-0.181296,-0.179842,0,0,0,0.00153398,0.751651,0.754719,
83948.3,0.130388,0.128854,-0.211689,-0.213223,1.94568,1.94545,-0.181296,-0.179842,0,0,0,0.00153398,0.751651,0.754719,
83968.4,0.130388,0.128854,-0.211689,-0.213223,1.94568,1.94545,-0.181296,-0.179842,0,0,0,0.00153398,0.751651,0.754719,
83988.4,0.130388,0.128854,-0.211689,-0.213223,1.94568,1.94545,-0.181296,-0.179842,0,0,0,0.00153398,0.751651,0.754719,
84008.4,0.130388,0.128854,-0.211689,-0.214757,1.94568,1.94545,-0.181296,-0.179842,0,0,0,0.00153398,0.751651,0.754719,
84028.4,0.130388,0.128854,-0.211689,-0.214757,1.94568,1.94545,-0.181296,-0.179842,0,0,0,0.00153398,0.751651,0.754719,
84048.4,0.130388,0.128854,-0.211689,-0.214757,1.94568,1.94545,-0.181296,-0.179842,0,0,0,0.00153398,0.751651,0.754719,
84068.5,0.130388,0.128854,-0.211689,-0.214757,1.94568,1.94545,-0.181296,-0.179842,0,0,0,0.00153398,0.751651,0.754719,
84088.4,0.130388,0.128854,-0.211689,-0.214757,1.94568,1.94545,-0.181296,-0.179842,0,0,0,0.00153398,0.751651,0.754719,
84108.4,0.130388,0.128854,-0.211689,-0.213223,1.94568,1.94545,-0.181296,-0.179842,0,0.00153398,0,0.00153398,0.751651,0.754719,
84128.5,0.130388,0.128854,-0.211689,-0.213223,1.94568,1.94545,-0.181296,-0.179842,0,0.00153398,0,0.00153398,0.751651,0.754719,
84148.5,0.130388,0.128854,-0.211689,-0.213223,1.94568,1.94545,-0.181296,-0.179842,0,0.00153398,0,0.00153398,0.751651,0.754719,
84168.5,0.130388,0.128854,-0.211689,-0.213223,1.94568,1.94545,-0.181296,-0.179842,0,0.00153398,0,0.00153398,0.751651,0.754719,
84188.5,0.130388,0.128854,-0.211689,-0.213223,1.94568,1.94699,-0.181296,-0.179842,0,0,0,0.00153398,0.751651,0.754719,
84208.5,0.130388,0.128854,-0.211689,-0.213223,1.94568,1.94699,-0.181296,-0.179842,0,0,0,0.00153398,0.751651,0.754719,
84228.4,0.130388,0.128854,-0.211689,-0.213223,1.94568,1.94699,-0.181296,-0.179842,0,0,0,0.00153398,0.751651,0.754719,
84248.5,0.130388,0.128854,-0.211689,-0.213223,1.94568,1.94699,-0.181296,-0.179842,0,0,0,0.00153398,0.751651,0.754719,
84268.3,0.130388,0.128854,-0.211689,-0.213223,1.94568,1.94699,-0.181296,-0.179842,0,0,0,0.00153398,0.751651,0.754719,
84288.4,0.130388,0.128854,-0.211689,-0.213223,1.94568,1.94699,-0.181296,-0.179842,0,0,0,0.00153398,0.751651,0.754719,
84308.5,0.130388,0.128854,-0.211689,-0.213223,1.94568,1.94545,-0.181296,-0.179842,0,0.00153398,0,0.00153398,0.751651,0.753185,
84328.5,0.130388,0.128854,-0.211689,-0.213223,1.94568,1.94545,-0.181296,-0.179842,0,0.00153398,0,0.00153398,0.751651,0.753185,
84348.5,0.130388,0.128854,-0.211689,-0.213223,1.94568,1.94545,-0.181296,-0.179842,0,0.00153398,0,0.00153398,0.751651,0.753185,
84368.4,0.130388,0.128854,-0.211689,-0.213223,1.94568,1.94545,-0.181296,-0.179842,0,0.00153398,0,0.00153398,0.751651,0.753185,
84388.5,0.130388,0.128854,-0.211689,-0.213223,1.94568,1.94545,-0.181296,-0.179842,0,0.00153398,0,0.00153398,0.751651,0.753185,
84408.5,0.130388,0.128854,-0.211689,-0.213223,1.94568,1.94699,-0.181296,-0.179842,0,0,0,0.00153398,0.751651,0.754719,
84428.4,0.130388,0.128854,-0.211689,-0.213223,1.94568,1.94699,-0.181296,-0.179842,0,0,0,0.00153398,0.751651,0.754719,
84448.5,0.130388,0.128854,-0.211689,-0.213223,1.94568,1.94699,-0.181296,-0.179842,0,0,0,0.00153398,0.751651,0.754719,
84468.5,0.130388,0.128854,-0.211689,-0.213223,1.94568,1.94699,-0.181296,-0.179842,0,0,0,0.00153398,0.751651,0.754719,
84488.5,0.130388,0.128854,-0.211689,-0.213223,1.94568,1.94699,-0.181296,-0.179842,0,0,0,0.00153398,0.751651,0.754719,
84508.4,0.130388,0.128854,-0.211689,-0.213223,1.94568,1.94545,-0.181296,-0.179842,0,0.00153398,0,0.00153398,0.751651,0.754719,
84531.4,0.130388,0.128854,-0.211689,-0.213223,1.94568,1.94545,-0.181296,-0.179842,0,0.00153398,0,0.00153398,0.751651,0.754719,
84548.4,0.130388,0.128854,-0.211689,-0.213223,1.94568,1.94545,-0.181296,-0.179842,0,0.00153398,0,0.00153398,0.751651,0.754719,
84568.3,0.130388,0.128854,-0.211689,-0.213223,1.94568,1.94545,-0.181296,-0.179842,0,0.00153398,0,0.00153398,0.751651,0.754719,
84588.3,0.130388,0.128854,-0.211689,-0.213223,1.94568,1.94545,-0.181296,-0.179842,0,0,0,0.00153398,0.751651,0.754719,
84608.4,0.130388,0.128854,-0.211689,-0.213223,1.94568,1.94545,-0.181296,-0.179842,0,0,0,0.00153398,0.751651,0.754719,
84628.3,0.130388,0.128854,-0.211689,-0.213223,1.94568,1.94545,-0.181296,-0.179842,0,0,0,0.00153398,0.751651,0.754719,
84648.4,0.130388,0.128854,-0.211689,-0.213223,1.94568,1.94545,-0.181296,-0.179842,0,0,0,0.00153398,0.751651,0.754719,
84668.4,0.130388,0.128854,-0.211689,-0.213223,1.94568,1.94545,-0.181296,-0.179842,0,0,0,0.00153398,0.751651,0.754719,
84688.4,0.130388,0.128854,-0.211689,-0.213223,1.94568,1.94545,-0.181296,-0.179842,0,0,0,0.00153398,0.751651,0.754719,
84708.4,0.130388,0.128854,-0.211689,-0.213223,1.94568,1.94699,-0.181296,-0.179842,0,0,0,0.00153398,0.751651,0.754719,
84728.5,0.130388,0.128854,-0.211689,-0.213223,1.94568,1.94699,-0.181296,-0.179842,0,0,0,0.00153398,0.751651,0.754719,
84748.5,0.130388,0.128854,-0.211689,-0.213223,1.94568,1.94699,-0.181296,-0.179842,0,0,0,0.00153398,0.751651,0.754719,
84768.5,0.130388,0.128854,-0.211689,-0.213223,1.94568,1.94699,-0.181296,-0.179842,0,0,0,0.00153398,0.751651,0.754719,
84788.5,0.130388,0.128854,-0.211689,-0.213223,1.94568,1.94699,-0.181296,-0.179842,0,0,0,0.00153398,0.751651,0.754719,
84808.5,0.130388,0.130388,-0.211689,-0.213223,1.94568,1.94545,-0.181296,-0.179842,0,0,0,0.00153398,0.751651,0.754719,
84828.5,0.130388,0.130388,-0.211689,-0.213223,1.94568,1.94545,-0.181296,-0.179842,0,0,0,0.00153398,0.751651,0.754719,
84848.5,0.130388,0.130388,-0.211689,-0.213223,1.94568,1.94545,-0.181296,-0.179842,0,0,0,0.00153398,0.751651,0.754719,
84868.3,0.130388,0.130388,-0.211689,-0.213223,1.94568,1.94545,-0.181296,-0.179842,0,0,0,0.00153398,0.751651,0.754719,
84888.4,0.130388,0.130388,-0.211689,-0.213223,1.94568,1.94545,-0.181296,-0.179842,0,0,0,0.00153398,0.751651,0.754719,
84908.5,0.130388,0.128854,-0.211689,-0.213223,1.94568,1.94545,-0.181296,-0.179842,0,0,0,0.00153398,0.751651,0.754719,
84928.4,0.130388,0.128854,-0.211689,-0.213223,1.94568,1.94545,-0.181296,-0.179842,0,0,0,0.00153398,0.751651,0.754719,
84948.5,0.130388,0.128854,-0.211689,-0.213223,1.94568,1.94545,-0.181296,-0.179842,0,0,0,0.00153398,0.751651,0.754719,
84968.4,0.130388,0.128854,-0.211689,-0.213223,1.94568,1.94545,-0.181296,-0.179842,0,0,0,0.00153398,0.751651,0.754719,
84988.4,0.130388,0.128854,-0.211689,-0.213223,1.94568,1.94545,-0.181296,-0.179842,0,0,0,0.00153398,0.751651,0.753185,
85008.5,0.130388,0.128854,-0.211689,-0.213223,1.94568,1.94545,-0.181296,-0.179842,0,0,0,0.00153398,0.751651,0.753185,
85028.4,0.130388,0.128854,-0.211689,-0.213223,1.94568,1.94545,-0.181296,-0.179842,0,0,0,0.00153398,0.751651,0.753185,
85048.4,0.130388,0.128854,-0.211689,-0.213223,1.94568,1.94545,-0.181296,-0.179842,0,0,0,0.00153398,0.751651,0.753185,
85068.5,0.130388,0.128854,-0.211689,-0.213223,1.94568,1.94545,-0.181296,-0.179842,0,0,0,0.00153398,0.751651,0.753185,
85088.4,0.130388,0.128854,-0.211689,-0.213223,1.94568,1.94545,-0.181296,-0.179842,0,0,0,0.00153398,0.751651,0.753185,
85108.5,0.130388,0.128854,-0.211689,-0.213223,1.94568,1.94545,-0.181296,-0.179842,0,0,0,0.00153398,0.751651,0.753185,
85128.5,0.130388,0.128854,-0.211689,-0.213223,1.94568,1.94545,-0.181296,-0.179842,0,0,0,0.00153398,0.751651,0.753185,
85148.5,0.130388,0.128854,-0.211689,-0.213223,1.94568,1.94545,-0.181296,-0.179842,0,0,0,0.00153398,0.751651,0.753185,
85168.4,0.130388,0.128854,-0.211689,-0.213223,1.94568,1.94545,-0.181296,-0.179842,0,0,0,0.00153398,0.751651,0.753185,
85188.5,0.130388,0.128854,-0.211689,-0.213223,1.94568,1.94545,-0.181296,-0.179842,0,0,0,0.00153398,0.751651,0.753185,
85208.5,0.130388,0.128854,-0.211689,-0.213223,1.94568,1.94545,-0.181296,-0.179842,0,0,0,0.00153398,0.751651,0.753185,
85228.4,0.130388,0.128854,-0.211689,-0.213223,1.94568,1.94545,-0.181296,-0.179842,0,0,0,0.00153398,0.751651,0.753185,
85248.4,0.130388,0.128854,-0.211689,-0.213223,1.94568,1.94545,-0.181296,-0.179842,0,0,0,0.00153398,0.751651,0.753185,
85268.4,0.130388,0.128854,-0.211689,-0.213223,1.94568,1.94545,-0.181296,-0.179842,0,0,0,0.00153398,0.751651,0.753185,
85288.4,0.130388,0.128854,-0.211689,-0.213223,1.94568,1.94545,-0.181296,-0.179842,0,0,0,0.00153398,0.751651,0.753185,
85308.4,0.130388,0.128854,-0.211689,-0.213223,1.94568,1.94545,-0.181296,-0.179842,0,0,0,0.00153398,0.751651,0.753185,
85328.4,0.130388,0.128854,-0.211689,-0.213223,1.94568,1.94545,-0.181296,-0.179842,0,0,0,0.00153398,0.751651,0.753185,
85348.5,0.130388,0.128854,-0.211689,-0.213223,1.94568,1.94545,-0.181296,-0.179842,0,0,0,0.00153398,0.751651,0.753185,
85368.4,0.130388,0.128854,-0.211689,-0.213223,1.94568,1.94545,-0.181296,-0.179842,0,0,0,0.00153398,0.751651,0.753185,
85388.5,0.130388,0.128854,-0.211689,-0.213223,1.94568,1.94545,-0.181296,-0.179842,0,0,0,0.00153398,0.751651,0.753185,
85408.3,0.130388,0.128854,-0.211689,-0.213223,1.94568,1.94545,-0.181296,-0.179842,0,0,0,0.00153398,0.751651,0.754719,
85428.3,0.130388,0.128854,-0.211689,-0.213223,1.94568,1.94545,-0.181296,-0.179842,0,0,0,0.00153398,0.751651,0.754719,
85448.4,0.130388,0.128854,-0.211689,-0.213223,1.94568,1.94545,-0.181296,-0.179842,0,0,0,0.00153398,0.751651,0.754719,
85468.4,0.130388,0.128854,-0.211689,-0.213223,1.94568,1.94545,-0.181296,-0.179842,0,0,0,0.00153398,0.751651,0.754719,
85488.3,0.130388,0.128854,-0.211689,-0.213223,1.94568,1.94545,-0.181296,-0.179842,0,0,0,0.00153398,0.751651,0.754719,
85508.3,0.130388,0.128854,-0.211689,-0.213223,1.94568,1.94545,-0.181296,-0.179842,0,0,0,0.00153398,0.751651,0.754719,
85528.3,0.130388,0.128854,-0.211689,-0.213223,1.94568,1.94545,-0.181296,-0.179842,0,0,0,0.00153398,0.751651,0.754719,
85548.3,0.130388,0.128854,-0.211689,-0.213223,1.94568,1.94545,-0.181296,-0.179842,0,0,0,0.00153398,0.751651,0.754719,
85568.3,0.130388,0.128854,-0.211689,-0.213223,1.94568,1.94545,-0.181296,-0.179842,0,0,0,0.00153398,0.751651,0.754719,
85588.4,0.130388,0.128854,-0.211689,-0.213223,1.94568,1.94545,-0.181296,-0.179842,0,0,0,0.00153398,0.751651,0.754719,
85608.3,0.130388,0.128854,-0.211689,-0.213223,1.94568,1.94545,-0.181296,-0.179842,0,0,0,0.00153398,0.751651,0.754719,
85628.4,0.130388,0.128854,-0.211689,-0.213223,1.94568,1.94545,-0.181296,-0.179842,0,0,0,0.00153398,0.751651,0.754719,
85648.4,0.130388,0.128854,-0.211689,-0.213223,1.94568,1.94545,-0.181296,-0.179842,0,0,0,0.00153398,0.751651,0.754719,
85668.4,0.130388,0.128854,-0.211689,-0.213223,1.94568,1.94545,-0.181296,-0.179842,0,0,0,0.00153398,0.751651,0.754719,
85688.4,0.130388,0.128854,-0.211689,-0.213223,1.94568,1.94545,-0.181296,-0.179842,0,0,0,0.00153398,0.751651,0.754719,
85708.4,0.130388,0.128854,-0.211689,-0.213223,1.94568,1.94545,-0.181296,-0.179842,0,0,0,0.00153398,0.751651,0.754719,
85728.3,0.130388,0.128854,-0.211689,-0.213223,1.94568,1.94545,-0.181296,-0.179842,0,0,0,0.00153398,0.751651,0.754719,
85748.3,0.130388,0.128854,-0.211689,-0.213223,1.94568,1.94545,-0.181296,-0.179842,0,0,0,0.00153398,0.751651,0.754719,
85768.3,0.130388,0.128854,-0.211689,-0.213223,1.94568,1.94545,-0.181296,-0.179842,0,0,0,0.00153398,0.751651,0.754719,
85788.4,0.130388,0.128854,-0.211689,-0.213223,1.94568,1.94545,-0.181296,-0.179842,0,0,0,0.00153398,0.751651,0.754719,
85808.4,0.130388,0.128854,-0.211689,-0.213223,1.94568,1.94699,-0.181296,-0.179842,0,0,0,0.00153398,0.751651,0.754719,
85828.5,0.130388,0.128854,-0.211689,-0.213223,1.94568,1.94699,-0.181296,-0.179842,0,0,0,0.00153398,0.751651,0.754719,
85848.3,0.130388,0.128854,-0.211689,-0.213223,1.94568,1.94699,-0.181296,-0.179842,0,0,0,0.00153398,0.751651,0.754719,
85868.4,0.130388,0.128854,-0.211689,-0.213223,1.94568,1.94699,-0.181296,-0.179842,0,0,0,0.00153398,0.751651,0.754719,
85888.3,0.130388,0.128854,-0.211689,-0.213223,1.94568,1.94699,-0.181296,-0.179842,0,0,0,0.00153398,0.751651,0.754719,
85908.3,0.130388,0.128854,-0.211689,-0.213223,1.94568,1.94545,-0.181296,-0.179842,0,0,0,0.00153398,0.751651,0.753185,
85928.4,0.130388,0.128854,-0.211689,-0.213223,1.94568,1.94545,-0.181296,-0.179842,0,0,0,0.00153398,0.751651,0.753185,
85948.4,0.130388,0.128854,-0.211689,-0.213223,1.94568,1.94545,-0.181296,-0.179842,0,0,0,0.00153398,0.751651,0.753185,
85968.4,0.130388,0.128854,-0.211689,-0.213223,1.94568,1.94545,-0.181296,-0.179842,0,0,0,0.00153398,0.751651,0.753185,
85988.4,0.130388,0.128854,-0.211689,-0.213223,1.94568,1.94545,-0.181296,-0.179842,0,0,0,0.00153398,0.751651,0.753185,
86008.3,0.130388,0.128854,-0.211689,-0.213223,1.94568,1.94545,-0.181296,-0.179842,0,0,0,0.00153398,0.751651,0.754719,
86028.4,0.130388,0.128854,-0.211689,-0.213223,1.94568,1.94545,-0.181296,-0.179842,0,0,0,0.00153398,0.751651,0.754719,
86048.3,0.130388,0.128854,-0.211689,-0.213223,1.94568,1.94545,-0.181296,-0.179842,0,0,0,0.00153398,0.751651,0.754719,
86068.4,0.130388,0.128854,-0.211689,-0.213223,1.94568,1.94545,-0.181296,-0.179842,0,0,0,0.00153398,0.751651,0.754719,
86088.3,0.130388,0.128854,-0.211689,-0.213223,1.94568,1.94545,-0.181296,-0.179842,0,0,0,0.00153398,0.751651,0.754719,
86108.4,0.130388,0.128854,-0.211689,-0.213223,1.94568,1.94545,-0.181296,-0.179842,0,0,0,0.00153398,0.751651,0.754719,
86128.3,0.130388,0.128854,-0.211689,-0.213223,1.94568,1.94545,-0.181296,-0.179842,0,0,0,0.00153398,0.751651,0.754719,
86148.4,0.130388,0.128854,-0.211689,-0.213223,1.94568,1.94545,-0.181296,-0.179842,0,0,0,0.00153398,0.751651,0.754719,
86168.4,0.130388,0.128854,-0.211689,-0.213223,1.94568,1.94545,-0.181296,-0.179842,0,0,0,0.00153398,0.751651,0.754719,
86188.4,0.130388,0.128854,-0.211689,-0.213223,1.94568,1.94545,-0.181296,-0.179842,0,0,0,0.00153398,0.751651,0.754719,
86208.3,0.130388,0.128854,-0.211689,-0.213223,1.94568,1.94545,-0.181296,-0.179842,0,0,0,0.00153398,0.751651,0.753185,
86228.3,0.130388,0.128854,-0.211689,-0.213223,1.94568,1.94545,-0.181296,-0.179842,0,0,0,0.00153398,0.751651,0.753185,
86248.4,0.130388,0.128854,-0.211689,-0.213223,1.94568,1.94545,-0.181296,-0.179842,0,0,0,0.00153398,0.751651,0.753185,
86268.4,0.130388,0.128854,-0.211689,-0.213223,1.94568,1.94545,-0.181296,-0.179842,0,0,0,0.00153398,0.751651,0.753185,
86288.4,0.130388,0.128854,-0.211689,-0.213223,1.94568,1.94545,-0.181296,-0.179842,0,0,0,0.00153398,0.751651,0.753185,
86308.4,0.130388,0.128854,-0.211689,-0.213223,1.94568,1.94545,-0.181296,-0.179842,0,0,0,0.00153398,0.751651,0.753185,
86328.3,0.130388,0.128854,-0.211689,-0.213223,1.94568,1.94545,-0.181296,-0.179842,0,0,0,0.00153398,0.751651,0.753185,
86348.4,0.130388,0.128854,-0.211689,-0.213223,1.94568,1.94545,-0.181296,-0.179842,0,0,0,0.00153398,0.751651,0.753185,
86368.3,0.130388,0.128854,-0.211689,-0.213223,1.94568,1.94545,-0.181296,-0.179842,0,0,0,0.00153398,0.751651,0.753185,
86388.4,0.130388,0.128854,-0.211689,-0.213223,1.94568,1.94545,-0.181296,-0.179842,0,0,0,0.00153398,0.751651,0.753185,
86408.3,0.130388,0.128854,-0.211689,-0.213223,1.94568,1.94545,-0.181296,-0.179842,0,0,0,0.00153398,0.751651,0.753185,
86428.3,0.130388,0.128854,-0.211689,-0.213223,1.94568,1.94545,-0.181296,-0.179842,0,0,0,0.00153398,0.751651,0.753185,
86448.4,0.130388,0.128854,-0.211689,-0.213223,1.94568,1.94545,-0.181296,-0.179842,0,0,0,0.00153398,0.751651,0.753185,
86468.3,0.130388,0.128854,-0.211689,-0.213223,1.94568,1.94545,-0.181296,-0.179842,0,0,0,0.00153398,0.751651,0.753185,
86488.3,0.130388,0.128854,-0.211689,-0.213223,1.94568,1.94545,-0.181296,-0.179842,0,0,0,0.00153398,0.751651,0.753185,
86508.3,0.130388,0.128854,-0.211689,-0.213223,1.94568,1.94545,-0.181296,-0.179842,0,0,0,0.00153398,0.751651,0.753185,
86528.3,0.130388,0.128854,-0.211689,-0.213223,1.94568,1.94545,-0.181296,-0.179842,0,0,0,0.00153398,0.751651,0.753185,
86548.3,0.130388,0.128854,-0.211689,-0.213223,1.94568,1.94545,-0.181296,-0.179842,0,0,0,0.00153398,0.751651,0.753185,
86568.3,0.130388,0.128854,-0.211689,-0.213223,1.94568,1.94545,-0.181296,-0.179842,0,0,0,0.00153398,0.751651,0.753185,
86588.3,0.130388,0.128854,-0.211689,-0.214757,1.94568,1.94699,-0.181296,-0.179842,0,0,0,0.00153398,0.751651,0.753185,
86608.3,0.130388,0.128854,-0.211689,-0.214757,1.94568,1.94699,-0.181296,-0.179842,0,0,0,0.00153398,0.751651,0.753185,
86628.3,0.130388,0.128854,-0.211689,-0.214757,1.94568,1.94699,-0.181296,-0.179842,0,0,0,0.00153398,0.751651,0.753185,
86648.4,0.130388,0.128854,-0.211689,-0.214757,1.94568,1.94699,-0.181296,-0.179842,0,0,0,0.00153398,0.751651,0.753185,
86668.3,0.130388,0.128854,-0.211689,-0.214757,1.94568,1.94699,-0.181296,-0.179842,0,0,0,0.00153398,0.751651,0.753185,
86688.3,0.130388,0.128854,-0.211689,-0.213223,1.94568,1.94699,-0.181296,-0.179842,0,0,0,0.00153398,0.751651,0.753185,
86708.4,0.130388,0.128854,-0.211689,-0.213223,1.94568,1.94699,-0.181296,-0.179842,0,0,0,0.00153398,0.751651,0.753185,
86728.3,0.130388,0.128854,-0.211689,-0.213223,1.94568,1.94699,-0.181296,-0.179842,0,0,0,0.00153398,0.751651,0.753185,
86748.4,0.130388,0.128854,-0.211689,-0.213223,1.94568,1.94699,-0.181296,-0.179842,0,0,0,0.00153398,0.751651,0.753185,
86768.4,0.130388,0.128854,-0.211689,-0.213223,1.94568,1.94699,-0.181296,-0.179842,0,0,0,0.00153398,0.751651,0.753185,
86788.4,0.130388,0.128854,-0.211689,-0.213223,1.94568,1.94699,-0.181296,-0.179842,0,0,0,0.00153398,0.751651,0.753185,
86808.4,0.130388,0.128854,-0.211689,-0.213223,1.94568,1.94545,-0.181296,-0.179842,0,0,0,0.00153398,0.751651,0.753185,
86828.3,0.130388,0.128854,-0.211689,-0.213223,1.94568,1.94545,-0.181296,-0.179842,0,0,0,0.00153398,0.751651,0.753185,
86848.4,0.130388,0.128854,-0.211689,-0.213223,1.94568,1.94545,-0.181296,-0.179842,0,0,0,0.00153398,0.751651,0.753185,
86868.4,0.130388,0.128854,-0.211689,-0.213223,1.94568,1.94545,-0.181296,-0.179842,0,0,0,0.00153398,0.751651,0.753185,
86888.4,0.130388,0.128854,-0.211689,-0.213223,1.94568,1.94545,-0.181296,-0.179842,0,0,0,0.00153398,0.751651,0.753185,
86908.3,0.130388,0.128854,-0.211689,-0.213223,1.94568,1.94545,-0.181296,-0.179842,0,0,0,0.00153398,0.751651,0.753185,
86928.4,0.130388,0.128854,-0.211689,-0.213223,1.94568,1.94545,-0.181296,-0.179842,0,0,0,0.00153398,0.751651,0.753185,
86948.3,0.130388,0.128854,-0.211689,-0.213223,1.94568,1.94545,-0.181296,-0.179842,0,0,0,0.00153398,0.751651,0.753185,
86968.4,0.130388,0.128854,-0.211689,-0.213223,1.94568,1.94545,-0.181296,-0.179842,0,0,0,0.00153398,0.751651,0.753185,
86988.3,0.130388,0.128854,-0.211689,-0.213223,1.94568,1.94545,-0.181296,-0.179842,0,0,0,0.00153398,0.751651,0.753185,
87008.4,0.130388,0.128854,-0.211689,-0.213223,1.94568,1.94545,-0.181296,-0.179842,0,0,0,0.00153398,0.751651,0.753185,
87028.5,0.130388,0.128854,-0.211689,-0.213223,1.94568,1.94545,-0.181296,-0.179842,0,0,0,0.00153398,0.751651,0.754719,
87048.4,0.130388,0.128854,-0.211689,-0.213223,1.94568,1.94545,-0.181296,-0.179842,0,0,0,0.00153398,0.751651,0.754719,
87068.4,0.130388,0.128854,-0.211689,-0.213223,1.94568,1.94545,-0.181296,-0.179842,0,0,0,0.00153398,0.751651,0.754719,
87088.4,0.130388,0.128854,-0.211689,-0.213223,1.94568,1.94699,-0.181296,-0.179842,0,0,0,0.00153398,0.751651,0.754719,
87108.3,0.130388,0.128854,-0.211689,-0.213223,1.94568,1.94699,-0.181296,-0.179842,0,0,0,0.00153398,0.751651,0.754719,
87128.4,0.130388,0.128854,-0.211689,-0.213223,1.94568,1.94699,-0.181296,-0.179842,0,0,0,0.00153398,0.751651,0.754719,
87148.4,0.130388,0.128854,-0.211689,-0.213223,1.94568,1.94699,-0.181296,-0.179842,0,0,0,0.00153398,0.751651,0.754719,
87168.4,0.130388,0.128854,-0.211689,-0.213223,1.94568,1.94699,-0.181296,-0.179842,0,0,0,0.00153398,0.751651,0.754719,
87188.4,0.130388,0.128854,-0.211689,-0.213223,1.94568,1.94699,-0.181296,-0.179842,0,0,0,0.00153398,0.751651,0.754719,
87208.4,0.130388,0.128854,-0.211689,-0.213223,1.94568,1.94545,-0.181296,-0.179842,0,0,0,0.00153398,0.751651,0.754719,
87228.4,0.130388,0.128854,-0.211689,-0.213223,1.94568,1.94545,-0.181296,-0.179842,0,0,0,0.00153398,0.751651,0.754719,
87248.3,0.130388,0.128854,-0.211689,-0.213223,1.94568,1.94545,-0.181296,-0.179842,0,0,0,0.00153398,0.751651,0.754719,
87268.4,0.130388,0.128854,-0.211689,-0.213223,1.94568,1.94545,-0.181296,-0.179842,0,0,0,0.00153398,0.751651,0.754719,
87288.4,0.130388,0.128854,-0.211689,-0.213223,1.94568,1.94545,-0.181296,-0.179842,0,0,0,0.00153398,0.751651,0.754719,
87308.3,0.130388,0.128854,-0.211689,-0.213223,1.94568,1.94699,-0.181296,-0.179842,0,0,0,0.00153398,0.751651,0.753185,
87328.4,0.130388,0.128854,-0.211689,-0.213223,1.94568,1.94699,-0.181296,-0.179842,0,0,0,0.00153398,0.751651,0.753185,
87348.4,0.130388,0.128854,-0.211689,-0.213223,1.94568,1.94699,-0.181296,-0.179842,0,0,0,0.00153398,0.751651,0.753185,
87368.4,0.130388,0.128854,-0.211689,-0.213223,1.94568,1.94699,-0.181296,-0.179842,0,0,0,0.00153398,0.751651,0.753185,
87388.4,0.130388,0.128854,-0.211689,-0.213223,1.94568,1.94545,-0.181296,-0.179842,0,0,0,0.00153398,0.751651,0.753185,
87408.3,0.130388,0.128854,-0.211689,-0.213223,1.94568,1.94545,-0.181296,-0.179842,0,0,0,0.00153398,0.751651,0.753185,
87428.3,0.130388,0.128854,-0.211689,-0.213223,1.94568,1.94545,-0.181296,-0.179842,0,0,0,0.00153398,0.751651,0.753185,
87448.4,0.130388,0.128854,-0.211689,-0.213223,1.94568,1.94545,-0.181296,-0.179842,0,0,0,0.00153398,0.751651,0.753185,
87468.3,0.130388,0.128854,-0.211689,-0.213223,1.94568,1.94545,-0.181296,-0.179842,0,0,0,0.00153398,0.751651,0.753185,
87488.4,0.130388,0.128854,-0.211689,-0.213223,1.94568,1.94545,-0.181296,-0.179842,0,0,0,0.00153398,0.751651,0.753185,
87508.4,0.130388,0.128854,-0.211689,-0.213223,1.94568,1.94545,-0.181296,-0.179842,0,0,0,0.00153398,0.751651,0.753185,
87528.3,0.130388,0.128854,-0.211689,-0.213223,1.94568,1.94545,-0.181296,-0.179842,0,0,0,0.00153398,0.751651,0.753185,
87548.5,0.130388,0.128854,-0.211689,-0.213223,1.94568,1.94545,-0.181296,-0.179842,0,0,0,0.00153398,0.751651,0.753185,
87568.3,0.130388,0.128854,-0.211689,-0.213223,1.94568,1.94545,-0.181296,-0.179842,0,0,0,0.00153398,0.751651,0.753185,
87588.4,0.130388,0.128854,-0.211689,-0.213223,1.94568,1.94545,-0.181296,-0.179842,0,0,0,0.00153398,0.751651,0.753185,
87608.4,0.130388,0.128854,-0.211689,-0.213223,1.94568,1.94545,-0.181296,-0.178308,0,0,0,0.00153398,0.751651,0.753185,
87628.4,0.130388,0.128854,-0.211689,-0.213223,1.94568,1.94545,-0.181296,-0.178308,0,0,0,0.00153398,0.751651,0.753185,
87648.5,0.130388,0.128854,-0.211689,-0.213223,1.94568,1.94545,-0.181296,-0.178308,0,0,0,0.00153398,0.751651,0.753185,
87668.4,0.130388,0.128854,-0.211689,-0.213223,1.94568,1.94545,-0.181296,-0.178308,0,0,0,0.00153398,0.751651,0.753185,
87688.4,0.130388,0.128854,-0.211689,-0.213223,1.94568,1.94545,-0.181296,-0.178308,0,0,0,0.00153398,0.751651,0.753185,
87708.4,0.130388,0.128854,-0.211689,-0.213223,1.94568,1.94545,-0.181296,-0.179842,0,0,0,0.00153398,0.751651,0.753185,
87728.4,0.130388,0.128854,-0.211689,-0.213223,1.94568,1.94545,-0.181296,-0.179842,0,0,0,0.00153398,0.751651,0.753185,
87748.5,0.130388,0.128854,-0.211689,-0.213223,1.94568,1.94545,-0.181296,-0.179842,0,0,0,0.00153398,0.751651,0.753185,
87768.4,0.130388,0.128854,-0.211689,-0.213223,1.94568,1.94545,-0.181296,-0.179842,0,0,0,0.00153398,0.751651,0.753185,
87788.5,0.130388,0.128854,-0.211689,-0.213223,1.94568,1.94545,-0.181296,-0.179842,0,0,0,0.00153398,0.751651,0.753185,
87808.5,0.130388,0.128854,-0.211689,-0.213223,1.94568,1.94545,-0.181296,-0.179842,0,0,0,0.00153398,0.751651,0.753185,
87828.5,0.130388,0.128854,-0.211689,-0.213223,1.94568,1.94545,-0.181296,-0.179842,0,0,0,0.00153398,0.751651,0.753185,
87848.4,0.130388,0.128854,-0.211689,-0.213223,1.94568,1.94545,-0.181296,-0.179842,0,0,0,0.00153398,0.751651,0.753185,
87868.3,0.130388,0.128854,-0.211689,-0.213223,1.94568,1.94545,-0.181296,-0.179842,0,0,0,0.00153398,0.751651,0.753185,
87888.4,0.130388,0.128854,-0.211689,-0.213223,1.94568,1.94545,-0.181296,-0.179842,0,0,0,0.00153398,0.751651,0.754719,
87908.4,0.130388,0.128854,-0.211689,-0.213223,1.94568,1.94545,-0.181296,-0.179842,0,0,0,0.00153398,0.751651,0.754719,
87928.4,0.130388,0.128854,-0.211689,-0.213223,1.94568,1.94545,-0.181296,-0.179842,0,0,0,0.00153398,0.751651,0.754719,
87948.4,0.130388,0.128854,-0.211689,-0.213223,1.94568,1.94545,-0.181296,-0.179842,0,0,0,0.00153398,0.751651,0.754719,
87968.5,0.130388,0.128854,-0.211689,-0.213223,1.94568,1.94545,-0.181296,-0.179842,0,0,0,0.00153398,0.751651,0.754719,
87988.5,0.130388,0.128854,-0.211689,-0.213223,1.94568,1.94545,-0.181296,-0.179842,0,0,0,0.00153398,0.751651,0.754719,
88008.4,0.130388,0.128854,-0.211689,-0.213223,1.94568,1.94545,-0.181296,-0.179842,0,0,0,0.00153398,0.751651,0.754719,
88028.5,0.130388,0.128854,-0.211689,-0.213223,1.94568,1.94545,-0.181296,-0.179842,0,0,0,0.00153398,0.751651,0.754719,
88048.5,0.130388,0.128854,-0.211689,-0.213223,1.94568,1.94545,-0.181296,-0.179842,0,0,0,0.00153398,0.751651,0.754719,
88068.4,0.130388,0.128854,-0.211689,-0.213223,1.94568,1.94545,-0.181296,-0.179842,0,0,0,0.00153398,0.751651,0.754719,
88088.4,0.130388,0.128854,-0.211689,-0.213223,1.94568,1.94545,-0.181296,-0.179842,0,0,0,0.00153398,0.751651,0.754719,
88108.5,0.130388,0.128854,-0.211689,-0.213223,1.94568,1.94545,-0.181296,-0.178308,0,0,0,0.00153398,0.751651,0.753185,
88128.5,0.130388,0.128854,-0.211689,-0.213223,1.94568,1.94545,-0.181296,-0.178308,0,0,0,0.00153398,0.751651,0.753185,
88148.4,0.130388,0.128854,-0.211689,-0.213223,1.94568,1.94545,-0.181296,-0.178308,0,0,0,0.00153398,0.751651,0.753185,
88168.5,0.130388,0.128854,-0.211689,-0.213223,1.94568,1.94545,-0.181296,-0.178308,0,0,0,0.00153398,0.751651,0.753185,
88188.4,0.130388,0.128854,-0.211689,-0.213223,1.94568,1.94545,-0.181296,-0.178308,0,0,0,0.00153398,0.751651,0.753185,
88208.4,0.130388,0.128854,-0.211689,-0.213223,1.94568,1.94545,-0.181296,-0.179842,0,0,0,0.00153398,0.751651,0.753185,
88228.4,0.130388,0.128854,-0.211689,-0.213223,1.94568,1.94545,-0.181296,-0.179842,0,0,0,0.00153398,0.751651,0.753185,
88248.4,0.130388,0.128854,-0.211689,-0.213223,1.94568,1.94545,-0.181296,-0.179842,0,0,0,0.00153398,0.751651,0.753185,
88268.4,0.130388,0.128854,-0.211689,-0.213223,1.94568,1.94545,-0.181296,-0.179842,0,0,0,0.00153398,0.751651,0.753185,
88288.3,0.130388,0.128854,-0.211689,-0.213223,1.94568,1.94545,-0.181296,-0.178308,0,0.00153398,0,0.00153398,0.751651,0.753185,
88308.3,0.130388,0.128854,-0.211689,-0.213223,1.94568,1.94545,-0.181296,-0.178308,0,0.00153398,0,0.00153398,0.751651,0.753185,
88328.3,0.130388,0.128854,-0.211689,-0.213223,1.94568,1.94545,-0.181296,-0.178308,0,0.00153398,0,0.00153398,0.751651,0.753185,
88348.5,0.130388,0.128854,-0.211689,-0.213223,1.94568,1.94545,-0.181296,-0.178308,0,0.00153398,0,0.00153398,0.751651,0.753185,
88368.5,0.130388,0.128854,-0.211689,-0.213223,1.94568,1.94545,-0.181296,-0.178308,0,0.00153398,0,0.00153398,0.751651,0.753185,
88388.5,0.130388,0.128854,-0.211689,-0.213223,1.94568,1.94545,-0.181296,-0.178308,0,0.00153398,0,0.00153398,0.751651,0.753185,
88408.4,0.130388,0.128854,-0.211689,-0.213223,1.94568,1.94545,-0.181296,-0.179842,0,0,0,0.00153398,0.751651,0.754719,
88428.4,0.130388,0.128854,-0.211689,-0.213223,1.94568,1.94545,-0.181296,-0.179842,0,0,0,0.00153398,0.751651,0.754719,
88448.4,0.130388,0.128854,-0.211689,-0.213223,1.94568,1.94545,-0.181296,-0.179842,0,0,0,0.00153398,0.751651,0.754719,
88468.4,0.130388,0.128854,-0.211689,-0.213223,1.94568,1.94545,-0.181296,-0.179842,0,0,0,0.00153398,0.751651,0.754719,
88488.5,0.130388,0.128854,-0.211689,-0.213223,1.94568,1.94545,-0.181296,-0.179842,0,0,0,0.00153398,0.751651,0.754719,
88508.5,0.130388,0.128854,-0.211689,-0.213223,1.94568,1.94545,-0.181296,-0.179842,0,0,0,0.00153398,0.751651,0.753185,
88528.4,0.130388,0.128854,-0.211689,-0.213223,1.94568,1.94545,-0.181296,-0.179842,0,0,0,0.00153398,0.751651,0.753185,
88548.5,0.130388,0.128854,-0.211689,-0.213223,1.94568,1.94545,-0.181296,-0.179842,0,0,0,0.00153398,0.751651,0.753185,
88568.5,0.130388,0.128854,-0.211689,-0.213223,1.94568,1.94545,-0.181296,-0.179842,0,0,0,0.00153398,0.751651,0.753185,
88588.4,0.130388,0.128854,-0.211689,-0.213223,1.94568,1.94545,-0.181296,-0.179842,0,0,0,0.00153398,0.751651,0.753185,
88608.4,0.130388,0.128854,-0.211689,-0.213223,1.94568,1.94545,-0.181296,-0.179842,0,0,0,0.00153398,0.751651,0.754719,
88628.4,0.130388,0.128854,-0.211689,-0.213223,1.94568,1.94545,-0.181296,-0.179842,0,0,0,0.00153398,0.751651,0.754719,
88648.4,0.130388,0.128854,-0.211689,-0.213223,1.94568,1.94545,-0.181296,-0.179842,0,0,0,0.00153398,0.751651,0.754719,
88668.5,0.130388,0.128854,-0.211689,-0.213223,1.94568,1.94545,-0.181296,-0.179842,0,0,0,0.00153398,0.751651,0.754719,
88688.5,0.130388,0.128854,-0.211689,-0.213223,1.94568,1.94545,-0.181296,-0.179842,0,0,0,0.00153398,0.751651,0.754719,
88708.4,0.130388,0.128854,-0.211689,-0.213223,1.94568,1.94545,-0.181296,-0.179842,0,0,0,0.00153398,0.751651,0.753185,
88728.5,0.130388,0.128854,-0.211689,-0.213223,1.94568,1.94545,-0.181296,-0.179842,0,0,0,0.00153398,0.751651,0.753185,
88748.4,0.130388,0.128854,-0.211689,-0.213223,1.94568,1.94545,-0.181296,-0.179842,0,0,0,0.00153398,0.751651,0.753185,
88768.5,0.130388,0.128854,-0.211689,-0.213223,1.94568,1.94545,-0.181296,-0.179842,0,0,0,0.00153398,0.751651,0.753185,
88788.5,0.130388,0.128854,-0.211689,-0.213223,1.94568,1.94545,-0.181296,-0.179842,0,0,0,0.00153398,0.751651,0.753185,
88808.5,0.130388,0.128854,-0.211689,-0.213223,1.94568,1.94545,-0.181296,-0.178308,0,0,0,0.00153398,0.751651,0.753185,
88828.5,0.130388,0.128854,-0.211689,-0.213223,1.94568,1.94545,-0.181296,-0.178308,0,0,0,0.00153398,0.751651,0.753185,
88848.5,0.130388,0.128854,-0.211689,-0.213223,1.94568,1.94545,-0.181296,-0.178308,0,0,0,0.00153398,0.751651,0.753185,
88868.5,0.130388,0.128854,-0.211689,-0.213223,1.94568,1.94545,-0.181296,-0.178308,0,0,0,0.00153398,0.751651,0.753185,
88888.5,0.130388,0.128854,-0.211689,-0.213223,1.94568,1.94545,-0.181296,-0.178308,0,0,0,0.00153398,0.751651,0.753185,
88908.4,0.130388,0.128854,-0.211689,-0.213223,1.94568,1.94699,-0.181296,-0.179842,0,0,0,0.00153398,0.751651,0.754719,
88928.5,0.130388,0.128854,-0.211689,-0.213223,1.94568,1.94699,-0.181296,-0.179842,0,0,0,0.00153398,0.751651,0.754719,
88948.5,0.130388,0.128854,-0.211689,-0.213223,1.94568,1.94699,-0.181296,-0.179842,0,0,0,0.00153398,0.751651,0.754719,
88968.5,0.130388,0.128854,-0.211689,-0.213223,1.94568,1.94699,-0.181296,-0.179842,0,0,0,0.00153398,0.751651,0.754719,
88988.4,0.130388,0.128854,-0.211689,-0.213223,1.94568,1.94545,-0.181296,-0.179842,0,0,0,0.00153398,0.751651,0.753185,
89008.5,0.130388,0.128854,-0.211689,-0.213223,1.94568,1.94545,-0.181296,-0.179842,0,0,0,0.00153398,0.751651,0.753185,
89028.4,0.130388,0.128854,-0.211689,-0.213223,1.94568,1.94545,-0.181296,-0.179842,0,0,0,0.00153398,0.751651,0.753185,
89048.5,0.130388,0.128854,-0.211689,-0.213223,1.94568,1.94545,-0.181296,-0.179842,0,0,0,0.00153398,0.751651,0.753185,
89068.5,0.130388,0.128854,-0.211689,-0.213223,1.94568,1.94545,-0.181296,-0.179842,0,0,0,0.00153398,0.751651,0.753185,
89088.5,0.130388,0.128854,-0.211689,-0.213223,1.94568,1.94545,-0.181296,-0.179842,0,0,0,0.00153398,0.751651,0.753185,
89108.4,0.130388,0.128854,-0.211689,-0.213223,1.94568,1.94545,-0.181296,-0.179842,0,0,0,0.00153398,0.751651,0.754719,
89128.5,0.130388,0.128854,-0.211689,-0.213223,1.94568,1.94545,-0.181296,-0.179842,0,0,0,0.00153398,0.751651,0.754719,
89148.4,0.130388,0.128854,-0.211689,-0.213223,1.94568,1.94545,-0.181296,-0.179842,0,0,0,0.00153398,0.751651,0.754719,
89168.5,0.130388,0.128854,-0.211689,-0.213223,1.94568,1.94545,-0.181296,-0.179842,0,0,0,0.00153398,0.751651,0.754719,
89188.4,0.130388,0.128854,-0.211689,-0.213223,1.94568,1.94545,-0.181296,-0.179842,0,0,0,0.00153398,0.751651,0.754719,
89208.4,0.130388,0.128854,-0.211689,-0.213223,1.94568,1.94545,-0.181296,-0.179842,0,0,0,0.00153398,0.751651,0.753185,
89228.5,0.130388,0.128854,-0.211689,-0.213223,1.94568,1.94545,-0.181296,-0.179842,0,0,0,0.00153398,0.751651,0.753185,
89248.4,0.130388,0.128854,-0.211689,-0.213223,1.94568,1.94545,-0.181296,-0.179842,0,0,0,0.00153398,0.751651,0.753185,
89268.4,0.130388,0.128854,-0.211689,-0.213223,1.94568,1.94545,-0.181296,-0.179842,0,0,0,0.00153398,0.751651,0.753185,
89288.5,0.130388,0.128854,-0.211689,-0.213223,1.94568,1.94545,-0.181296,-0.179842,0,0,0,0.00153398,0.751651,0.753185,
89308.5,0.130388,0.128854,-0.211689,-0.213223,1.94568,1.94545,-0.181296,-0.178308,0,0,0,0.00153398,0.751651,0.753185,
89328.5,0.130388,0.128854,-0.211689,-0.213223,1.94568,1.94545,-0.181296,-0.178308,0,0,0,0.00153398,0.751651,0.753185,
89348.5,0.130388,0.128854,-0.211689,-0.213223,1.94568,1.94545,-0.181296,-0.178308,0,0,0,0.00153398,0.751651,0.753185,
89368.5,0.130388,0.128854,-0.211689,-0.213223,1.94568,1.94545,-0.181296,-0.178308,0,0,0,0.00153398,0.751651,0.753185,
89388.4,0.130388,0.128854,-0.211689,-0.213223,1.94568,1.94545,-0.181296,-0.179842,0,0,0,0.00153398,0.751651,0.754719,
89408.4,0.130388,0.128854,-0.211689,-0.213223,1.94568,1.94545,-0.181296,-0.179842,0,0,0,0.00153398,0.751651,0.754719,
89428.4,0.130388,0.128854,-0.211689,-0.213223,1.94568,1.94545,-0.181296,-0.179842,0,0,0,0.00153398,0.751651,0.754719,
89448.4,0.130388,0.128854,-0.211689,-0.213223,1.94568,1.94545,-0.181296,-0.179842,0,0,0,0.00153398,0.751651,0.754719,
89468.4,0.130388,0.128854,-0.211689,-0.213223,1.94568,1.94545,-0.181296,-0.179842,0,0,0,0.00153398,0.751651,0.754719,
89489.4,0.130388,0.128854,-0.211689,-0.213223,1.94568,1.94545,-0.181296,-0.179842,0,0,0,0.00153398,0.751651,0.754719,
89508.3,0.130388,0.128854,-0.211689,-0.213223,1.94568,1.94545,-0.181296,-0.179842,0,0,0,0.00153398,0.751651,0.753185,
89528.3,0.130388,0.128854,-0.211689,-0.213223,1.94568,1.94545,-0.181296,-0.179842,0,0,0,0.00153398,0.751651,0.753185,
89548.3,0.130388,0.128854,-0.211689,-0.213223,1.94568,1.94545,-0.181296,-0.179842,0,0,0,0.00153398,0.751651,0.753185,
89568.4,0.130388,0.128854,-0.211689,-0.213223,1.94568,1.94545,-0.181296,-0.179842,0,0,0,0.00153398,0.751651,0.753185,
89588.4,0.130388,0.128854,-0.211689,-0.213223,1.94568,1.94545,-0.181296,-0.179842,0,0,0,0.00153398,0.751651,0.753185,
89608.4,0.130388,0.128854,-0.211689,-0.213223,1.94568,1.94545,-0.181296,-0.179842,0,0,0,0.00153398,0.751651,0.753185,
89628.4,0.130388,0.128854,-0.211689,-0.213223,1.94568,1.94545,-0.181296,-0.178308,0,0,0,0.00153398,0.751651,0.753185,
89648.4,0.130388,0.128854,-0.211689,-0.213223,1.94568,1.94545,-0.181296,-0.178308,0,0,0,0.00153398,0.751651,0.753185,
89668.5,0.130388,0.128854,-0.211689,-0.213223,1.94568,1.94545,-0.181296,-0.178308,0,0,0,0.00153398,0.751651,0.753185,
89688.5,0.130388,0.128854,-0.211689,-0.213223,1.94568,1.94545,-0.181296,-0.178308,0,0,0,0.00153398,0.751651,0.753185,
89708.5,0.130388,0.128854,-0.211689,-0.213223,1.94568,1.94545,-0.181296,-0.179842,0,0,0,0.00153398,0.751651,0.754719,
89728.4,0.130388,0.128854,-0.211689,-0.213223,1.94568,1.94545,-0.181296,-0.179842,0,0,0,0.00153398,0.751651,0.754719,
89748.5,0.130388,0.128854,-0.211689,-0.213223,1.94568,1.94545,-0.181296,-0.179842,0,0,0,0.00153398,0.751651,0.754719,
89768.5,0.130388,0.128854,-0.211689,-0.213223,1.94568,1.94545,-0.181296,-0.179842,0,0,0,0.00153398,0.751651,0.754719,
89788.5,0.130388,0.128854,-0.211689,-0.213223,1.94568,1.94545,-0.181296,-0.179842,0,0,0,0.00153398,0.751651,0.754719,
89808.3,0.130388,0.128854,-0.211689,-0.213223,1.94568,1.94545,-0.181296,-0.179842,0,0,0,0.00153398,0.751651,0.753185,
89828.4,0.130388,0.128854,-0.211689,-0.213223,1.94568,1.94545,-0.181296,-0.179842,0,0,0,0.00153398,0.751651,0.753185,
89848.4,0.130388,0.128854,-0.211689,-0.213223,1.94568,1.94545,-0.181296,-0.179842,0,0,0,0.00153398,0.751651,0.753185,
89868.5,0.130388,0.128854,-0.211689,-0.213223,1.94568,1.94545,-0.181296,-0.179842,0,0,0,0.00153398,0.751651,0.753185,
89888.4,0.130388,0.128854,-0.211689,-0.213223,1.94568,1.94545,-0.181296,-0.178308,0,0,0,0.00153398,0.751651,0.753185,
89908.3,0.130388,0.128854,-0.211689,-0.213223,1.94568,1.94545,-0.181296,-0.178308,0,0,0,0.00153398,0.751651,0.753185,
89928.4,0.130388,0.128854,-0.211689,-0.213223,1.94568,1.94545,-0.181296,-0.178308,0,0,0,0.00153398,0.751651,0.753185,
89948.4,0.130388,0.128854,-0.211689,-0.213223,1.94568,1.94545,-0.181296,-0.178308,0,0,0,0.00153398,0.751651,0.753185,
89968.3,0.130388,0.128854,-0.211689,-0.213223,1.94568,1.94545,-0.181296,-0.178308,0,0,0,0.00153398,0.751651,0.753185,
89988.4,0.130388,0.128854,-0.211689,-0.213223,1.94568,1.94545,-0.181296,-0.178308,0,0,0,0.00153398,0.751651,0.753185,
90008.5,0.130388,0.128854,-0.211689,-0.213223,1.94568,1.94545,-0.181296,-0.179842,0,0,0,0.00153398,0.751651,0.753185,
90028.4,0.130388,0.128854,-0.211689,-0.213223,1.94568,1.94545,-0.181296,-0.179842,0,0,0,0.00153398,0.751651,0.753185,
90048.4,0.130388,0.128854,-0.211689,-0.213223,1.94568,1.94545,-0.181296,-0.179842,0,0,0,0.00153398,0.751651,0.753185,
90068.4,0.130388,0.128854,-0.211689,-0.213223,1.94568,1.94545,-0.181296,-0.179842,0,0,0,0.00153398,0.751651,0.753185,
90088.5,0.130388,0.128854,-0.211689,-0.213223,1.94568,1.94545,-0.181296,-0.179842,0,0,0,0.00153398,0.751651,0.753185,
90108.5,0.130388,0.128854,-0.211689,-0.213223,1.94568,1.94545,-0.181296,-0.179842,0,0,0,0.00153398,0.751651,0.753185,
90128.5,0.130388,0.128854,-0.211689,-0.213223,1.94568,1.94545,-0.181296,-0.179842,0,0,0,0.00153398,0.751651,0.753185,
90148.4,0.130388,0.128854,-0.211689,-0.213223,1.94568,1.94545,-0.181296,-0.179842,0,0,0,0.00153398,0.751651,0.753185,
90168.4,0.130388,0.128854,-0.211689,-0.213223,1.94568,1.94545,-0.181296,-0.179842,0,0,0,0.00153398,0.751651,0.753185,
90188.4,0.130388,0.128854,-0.211689,-0.213223,1.94568,1.94545,-0.181296,-0.179842,0,0,0,0.00153398,0.751651,0.753185,
90208.4,0.130388,0.128854,-0.211689,-0.213223,1.94568,1.94545,-0.181296,-0.179842,0,0,0,0.00153398,0.751651,0.753185,
90228.4,0.130388,0.128854,-0.211689,-0.213223,1.94568,1.94545,-0.181296,-0.179842,0,0,0,0.00153398,0.751651,0.753185,
90248.3,0.130388,0.128854,-0.211689,-0.213223,1.94568,1.94545,-0.181296,-0.179842,0,0,0,0.00153398,0.751651,0.753185,
90268.3,0.130388,0.128854,-0.211689,-0.213223,1.94568,1.94545,-0.181296,-0.179842,0,0,0,0.00153398,0.751651,0.753185,
90288.4,0.130388,0.128854,-0.211689,-0.213223,1.94568,1.94545,-0.181296,-0.179842,0,0,0,0.00153398,0.751651,0.753185,
90308.3,0.130388,0.128854,-0.211689,-0.213223,1.94568,1.94545,-0.181296,-0.178308,0,0,0,0.00153398,0.751651,0.753185,
90328.3,0.130388,0.128854,-0.211689,-0.213223,1.94568,1.94545,-0.181296,-0.178308,0,0,0,0.00153398,0.751651,0.753185,
90348.4,0.130388,0.128854,-0.211689,-0.213223,1.94568,1.94545,-0.181296,-0.178308,0,0,0,0.00153398,0.751651,0.753185,
90368.4,0.130388,0.128854,-0.211689,-0.213223,1.94568,1.94545,-0.181296,-0.178308,0,0,0,0.00153398,0.751651,0.753185,
90388.4,0.130388,0.128854,-0.211689,-0.213223,1.94568,1.94545,-0.181296,-0.178308,0,0,0,0.00153398,0.751651,0.753185,
90408.4,0.130388,0.128854,-0.211689,-0.213223,1.94568,1.94545,-0.181296,-0.179842,0,0,0,0.00153398,0.751651,0.754719,
90428.4,0.130388,0.128854,-0.211689,-0.213223,1.94568,1.94545,-0.181296,-0.179842,0,0,0,0.00153398,0.751651,0.754719,
90448.4,0.130388,0.128854,-0.211689,-0.213223,1.94568,1.94545,-0.181296,-0.179842,0,0,0,0.00153398,0.751651,0.754719,
90468.5,0.130388,0.128854,-0.211689,-0.213223,1.94568,1.94545,-0.181296,-0.179842,0,0,0,0.00153398,0.751651,0.754719,
90488.4,0.130388,0.128854,-0.211689,-0.213223,1.94568,1.94545,-0.181296,-0.179842,0,0,0,0.00153398,0.751651,0.754719,
90508.3,0.130388,0.128854,-0.211689,-0.213223,1.94568,1.94545,-0.181296,-0.179842,0,0.00153398,0,0.00153398,0.751651,0.754719,
90528.4,0.130388,0.128854,-0.211689,-0.213223,1.94568,1.94545,-0.181296,-0.179842,0,0.00153398,0,0.00153398,0.751651,0.754719,
90548.5,0.130388,0.128854,-0.211689,-0.213223,1.94568,1.94545,-0.181296,-0.179842,0,0.00153398,0,0.00153398,0.751651,0.754719,
90568.4,0.130388,0.128854,-0.211689,-0.213223,1.94568,1.94545,-0.181296,-0.179842,0,0.00153398,0,0.00153398,0.751651,0.754719,
90588.4,0.130388,0.128854,-0.211689,-0.213223,1.94568,1.94545,-0.181296,-0.179842,0,0,0,0.00153398,0.751651,0.754719,
90608.4,0.130388,0.128854,-0.211689,-0.213223,1.94568,1.94545,-0.181296,-0.179842,0,0,0,0.00153398,0.751651,0.754719,
90628.4,0.130388,0.128854,-0.211689,-0.213223,1.94568,1.94545,-0.181296,-0.179842,0,0,0,0.00153398,0.751651,0.754719,
90648.4,0.130388,0.128854,-0.211689,-0.213223,1.94568,1.94545,-0.181296,-0.179842,0,0,0,0.00153398,0.751651,0.754719,
90668.4,0.130388,0.128854,-0.211689,-0.213223,1.94568,1.94545,-0.181296,-0.179842,0,0,0,0.00153398,0.751651,0.754719,
90688.4,0.130388,0.128854,-0.211689,-0.213223,1.94568,1.94545,-0.181296,-0.179842,0,0,0,0.00153398,0.751651,0.754719,
90708.4,0.130388,0.128854,-0.211689,-0.213223,1.94568,1.94545,-0.181296,-0.178308,0,0,0,0.00153398,0.751651,0.754719,
90728.4,0.130388,0.128854,-0.211689,-0.213223,1.94568,1.94545,-0.181296,-0.178308,0,0,0,0.00153398,0.751651,0.754719,
90748.4,0.130388,0.128854,-0.211689,-0.213223,1.94568,1.94545,-0.181296,-0.178308,0,0,0,0.00153398,0.751651,0.754719,
90768.4,0.130388,0.128854,-0.211689,-0.213223,1.94568,1.94545,-0.181296,-0.178308,0,0,0,0.00153398,0.751651,0.754719,
90788.4,0.130388,0.128854,-0.211689,-0.213223,1.94568,1.94545,-0.181296,-0.178308,0,0,0,0.00153398,0.751651,0.754719,
90808.4,0.130388,0.12732,-0.211689,-0.213223,1.94568,1.94545,-0.181296,-0.178308,0,0,0,0.00153398,0.751651,0.753185,
90828.4,0.130388,0.12732,-0.211689,-0.213223,1.94568,1.94545,-0.181296,-0.178308,0,0,0,0.00153398,0.751651,0.753185,
90848.4,0.130388,0.12732,-0.211689,-0.213223,1.94568,1.94545,-0.181296,-0.178308,0,0,0,0.00153398,0.751651,0.753185,
90868.4,0.130388,0.12732,-0.211689,-0.213223,1.94568,1.94545,-0.181296,-0.178308,0,0,0,0.00153398,0.751651,0.753185,
90888.3,0.130388,0.12732,-0.211689,-0.213223,1.94568,1.94545,-0.181296,-0.178308,0,0,0,0.00153398,0.751651,0.753185,
90908.3,0.130388,0.128854,-0.211689,-0.213223,1.94568,1.94545,-0.181296,-0.179842,0,0,0,0.00153398,0.751651,0.754719,
90928.3,0.130388,0.128854,-0.211689,-0.213223,1.94568,1.94545,-0.181296,-0.179842,0,0,0,0.00153398,0.751651,0.754719,
90948.4,0.130388,0.128854,-0.211689,-0.213223,1.94568,1.94545,-0.181296,-0.179842,0,0,0,0.00153398,0.751651,0.754719,
90968.3,0.130388,0.128854,-0.211689,-0.213223,1.94568,1.94545,-0.181296,-0.179842,0,0,0,0.00153398,0.751651,0.754719,
90988.4,0.130388,0.128854,-0.211689,-0.213223,1.94568,1.94545,-0.181296,-0.179842,0,-0.00460194,0,0,0.751651,0.754719,
91008.4,0.130388,0.128854,-0.211689,-0.213223,1.94568,1.94545,-0.181296,-0.179842,0,-0.00460194,0,0,0.751651,0.754719,
91028.4,0.130388,0.128854,-0.211689,-0.213223,1.94568,1.94545,-0.181296,-0.179842,0,-0.00460194,0,0,0.751651,0.754719,
91048.4,0.130388,0.128854,-0.211689,-0.213223,1.94568,1.94545,-0.181296,-0.179842,0,-0.00460194,0,0,0.751651,0.754719,
91068.4,0.130388,0.128854,-0.211689,-0.213223,1.94568,1.94545,-0.181296,-0.179842,0,-0.00460194,0,0,0.751651,0.754719,
91088.5,0.130388,0.128854,-0.211689,-0.213223,1.94568,1.94545,-0.181296,-0.179842,0,-0.00460194,0,0,0.751651,0.754719,
91108.4,0.130388,0.128854,-0.211689,-0.213223,1.94568,1.94545,-0.181296,-0.179842,0,-0.00460194,0,0,0.751651,0.754719,
91128.4,0.130388,0.128854,-0.211689,-0.213223,1.94568,1.94545,-0.181296,-0.179842,0,-0.00460194,0,0,0.751651,0.754719,
91148.5,0.130388,0.128854,-0.211689,-0.213223,1.94568,1.94545,-0.181296,-0.179842,0,-0.00460194,0,0,0.751651,0.754719,
91168.4,0.130388,0.128854,-0.211689,-0.213223,1.94568,1.94545,-0.181296,-0.179842,0,-0.00460194,0,0,0.751651,0.754719,
91188.4,0.130388,0.128854,-0.211689,-0.213223,1.94568,1.94545,-0.181296,-0.179842,0,-0.00460194,0,0,0.751651,0.754719,
91208.5,0.130388,0.128854,-0.211689,-0.213223,1.94568,1.94545,-0.181296,-0.179842,0,-0.00460194,0,0,0.751651,0.754719,
91228.4,0.130388,0.128854,-0.211689,-0.213223,1.94568,1.94545,-0.181296,-0.179842,0,-0.00460194,0,0,0.751651,0.754719,
91248.5,0.130388,0.128854,-0.211689,-0.213223,1.94568,1.94545,-0.181296,-0.179842,0,-0.00460194,0,0,0.751651,0.754719,
91268.4,0.130388,0.128854,-0.211689,-0.213223,1.94568,1.94545,-0.181296,-0.179842,0,-0.00460194,0,0,0.751651,0.754719,
91288.4,0.130388,0.128854,-0.211689,-0.213223,1.94568,1.94545,-0.181296,-0.179842,0,-0.00460194,0,0,0.751651,0.754719,
91308.4,0.130388,0.128854,-0.211689,-0.213223,1.94568,1.94545,-0.181296,-0.179842,0,-0.00460194,0,0,0.751651,0.754719,
91328.5,0.130388,0.128854,-0.211689,-0.213223,1.94568,1.94545,-0.181296,-0.179842,0,-0.00460194,0,0,0.751651,0.754719,
91348.5,0.130388,0.128854,-0.211689,-0.213223,1.94568,1.94545,-0.181296,-0.179842,0,-0.00460194,0,0,0.751651,0.754719,
91368.5,0.130388,0.128854,-0.211689,-0.213223,1.94568,1.94545,-0.181296,-0.179842,0,-0.00460194,0,0,0.751651,0.754719,
91388.5,0.130388,0.128854,-0.211689,-0.213223,1.94568,1.94699,-0.181296,-0.179842,0,-0.00460194,0,0,0.751651,0.753185,
91408.4,0.130388,0.128854,-0.211689,-0.213223,1.94568,1.94699,-0.181296,-0.179842,0,-0.00460194,0,0,0.751651,0.753185,
91428.5,0.130388,0.128854,-0.211689,-0.213223,1.94568,1.94699,-0.181296,-0.179842,0,-0.00460194,0,0,0.751651,0.753185,
91448.4,0.130388,0.128854,-0.211689,-0.213223,1.94568,1.94699,-0.181296,-0.179842,0,-0.00460194,0,0,0.751651,0.753185,
91468.5,0.130388,0.128854,-0.211689,-0.213223,1.94568,1.94699,-0.181296,-0.179842,0,-0.00460194,0,0,0.751651,0.753185,
91488.5,0.130388,0.128854,-0.211689,-0.213223,1.94568,1.94699,-0.181296,-0.179842,0,-0.00460194,0,0,0.751651,0.753185,
91508.4,0.130388,0.128854,-0.211689,-0.213223,1.94568,1.94699,-0.181296,-0.178308,0,-0.00460194,0,0,0.751651,0.753185,
91528.5,0.130388,0.128854,-0.211689,-0.213223,1.94568,1.94699,-0.181296,-0.178308,0,-0.00460194,0,0,0.751651,0.753185,
91548.4,0.130388,0.128854,-0.211689,-0.213223,1.94568,1.94699,-0.181296,-0.178308,0,-0.00460194,0,0,0.751651,0.753185,
91568.4,0.130388,0.128854,-0.211689,-0.213223,1.94568,1.94699,-0.181296,-0.178308,0,-0.00460194,0,0,0.751651,0.753185,
91588.4,0.130388,0.128854,-0.211689,-0.213223,1.94568,1.94699,-0.181296,-0.178308,0,-0.00460194,0,0,0.751651,0.753185,
91608.5,0.130388,0.128854,-0.211689,-0.213223,1.94568,1.94699,-0.181296,-0.179842,0,-0.00613592,0,0,0.751651,0.754719,
91628.5,0.130388,0.128854,-0.211689,-0.213223,1.94568,1.94699,-0.181296,-0.179842,0,-0.00613592,0,0,0.751651,0.754719,
91648.5,0.130388,0.128854,-0.211689,-0.213223,1.94568,1.94699,-0.181296,-0.179842,0,-0.00613592,0,0,0.751651,0.754719,
91668.4,0.130388,0.128854,-0.211689,-0.213223,1.94568,1.94699,-0.181296,-0.179842,0,-0.00613592,0,0,0.751651,0.754719,
91688.4,0.130388,0.128854,-0.211689,-0.213223,1.94568,1.94699,-0.181296,-0.179842,0,-0.00613592,0,0,0.751651,0.754719,
91708.4,0.130388,0.128854,-0.211689,-0.213223,1.94568,1.94545,-0.181296,-0.179842,0,-0.0076699,0,-0.00153398,0.751651,0.754719,
91728.5,0.130388,0.128854,-0.211689,-0.213223,1.94568,1.94545,-0.181296,-0.179842,0,-0.0076699,0,-0.00153398,0.751651,0.754719,
91748.5,0.130388,0.128854,-0.211689,-0.213223,1.94568,1.94545,-0.181296,-0.179842,0,-0.0076699,0,-0.00153398,0.751651,0.754719,
91768.5,0.130388,0.128854,-0.211689,-0.213223,1.94568,1.94545,-0.181296,-0.179842,0,-0.0076699,0,-0.00153398,0.751651,0.754719,
91788.5,0.130388,0.128854,-0.211689,-0.214757,1.94568,1.94699,-0.181296,-0.179842,0,-0.00920388,0,-0.00306796,0.751651,0.753185,
91808.4,0.130388,0.128854,-0.211689,-0.214757,1.94568,1.94699,-0.181296,-0.179842,0,-0.00920388,0,-0.00306796,0.751651,0.753185,
91828.5,0.130388,0.128854,-0.211689,-0.214757,1.94568,1.94699,-0.181296,-0.179842,0,-0.00920388,0,-0.00306796,0.751651,0.753185,
91848.4,0.130388,0.128854,-0.211689,-0.214757,1.94568,1.94699,-0.181296,-0.179842,0,-0.00920388,0,-0.00306796,0.751651,0.753185,
91868.5,0.130388,0.128854,-0.211689,-0.214757,1.94568,1.94699,-0.181296,-0.179842,0,-0.00920388,0,-0.00306796,0.751651,0.753185,
91888.5,0.130388,0.12732,-0.211689,-0.213223,1.94568,1.94545,-0.181296,-0.179842,0,-0.00920388,0,-0.00306796,0.751651,0.753185,
91908.4,0.130388,0.12732,-0.211689,-0.213223,1.94568,1.94545,-0.181296,-0.179842,0,-0.00920388,0,-0.00306796,0.751651,0.753185,
91928.4,0.130388,0.12732,-0.211689,-0.213223,1.94568,1.94545,-0.181296,-0.179842,0,-0.00920388,0,-0.00306796,0.751651,0.753185,
91948.4,0.130388,0.12732,-0.211689,-0.213223,1.94568,1.94545,-0.181296,-0.179842,0,-0.00920388,0,-0.00306796,0.751651,0.753185,
91968.4,0.130388,0.12732,-0.211689,-0.213223,1.94568,1.94545,-0.181296,-0.179842,0,-0.00920388,0,-0.00306796,0.751651,0.753185,
91988.4,0.130388,0.12732,-0.211689,-0.213223,1.94568,1.94545,-0.181296,-0.179842,0,-0.00920388,0,-0.00306796,0.751651,0.753185,
92008.4,0.130388,0.128854,-0.211689,-0.213223,1.94568,1.94545,-0.181296,-0.179842,0,-0.00920388,0,-0.00306796,0.751651,0.754719,
92028.4,0.130388,0.128854,-0.211689,-0.213223,1.94568,1.94545,-0.181296,-0.179842,0,-0.00920388,0,-0.00306796,0.751651,0.754719,
92048.4,0.130388,0.128854,-0.211689,-0.213223,1.94568,1.94545,-0.181296,-0.179842,0,-0.00920388,0,-0.00306796,0.751651,0.754719,
92068.4,0.130388,0.128854,-0.211689,-0.213223,1.94568,1.94545,-0.181296,-0.179842,0,-0.00920388,0,-0.00306796,0.751651,0.754719,
92088.4,0.130388,0.128854,-0.211689,-0.213223,1.94568,1.94545,-0.181296,-0.179842,0,-0.00920388,0,-0.00306796,0.751651,0.754719,
92108.4,0.130388,0.125786,-0.211689,-0.210155,1.94568,1.94545,-0.181296,-0.179842,0,-0.0076699,0,-0.00920388,0.751651,0.754719,
92128.5,0.130388,0.125786,-0.211689,-0.210155,1.94568,1.94545,-0.181296,-0.179842,0,-0.0076699,0,-0.00920388,0.751651,0.754719,
92148.4,0.130388,0.125786,-0.211689,-0.210155,1.94568,1.94545,-0.181296,-0.179842,0,-0.0076699,0,-0.00920388,0.751651,0.754719,
92168.4,0.130388,0.125786,-0.211689,-0.210155,1.94568,1.94545,-0.181296,-0.179842,0,-0.0076699,0,-0.00920388,0.751651,0.754719,
92188.4,0.130388,0.130388,-0.211689,-0.216291,1.94568,1.94852,-0.181296,-0.179842,0,-0.00920388,0,-0.00920388,0.751651,0.754719,
92208.5,0.130388,0.130388,-0.211689,-0.216291,1.94568,1.94852,-0.181296,-0.179842,0,-0.00920388,0,-0.00920388,0.751651,0.754719,
92228.4,0.130388,0.130388,-0.211689,-0.216291,1.94568,1.94852,-0.181296,-0.179842,0,-0.00920388,0,-0.00920388,0.751651,0.754719,
92248.5,0.130388,0.130388,-0.211689,-0.216291,1.94568,1.94852,-0.181296,-0.179842,0,-0.00920388,0,-0.00920388,0.751651,0.754719,
92268.5,0.130388,0.130388,-0.211689,-0.216291,1.94568,1.94852,-0.181296,-0.179842,0,-0.00920388,0,-0.00920388,0.751651,0.754719,
92288.4,0.130388,0.124252,-0.211689,-0.213223,1.94568,1.94545,-0.181296,-0.179842,0,-0.0076699,0,-0.00920388,0.751651,0.751651,
92308.4,0.130388,0.124252,-0.211689,-0.213223,1.94568,1.94545,-0.181296,-0.179842,0,-0.0076699,0,-0.00920388,0.751651,0.751651,
92328.4,0.130388,0.124252,-0.211689,-0.213223,1.94568,1.94545,-0.181296,-0.179842,0,-0.0076699,0,-0.00920388,0.751651,0.751651,
92348.4,0.130388,0.124252,-0.211689,-0.213223,1.94568,1.94545,-0.181296,-0.179842,0,-0.0076699,0,-0.00920388,0.751651,0.751651,
92368.4,0.130388,0.124252,-0.211689,-0.213223,1.94568,1.94545,-0.181296,-0.179842,0,-0.0076699,0,-0.00920388,0.751651,0.751651,
92388.4,0.130388,0.124252,-0.211689,-0.213223,1.94568,1.94545,-0.181296,-0.179842,0,-0.0076699,0,-0.00920388,0.751651,0.751651,
92408.4,0.130388,0.124252,-0.211689,-0.213223,1.94568,1.94545,-0.181296,-0.179842,0,-0.0076699,0,-0.00920388,0.751651,0.754719,
92428.5,0.130388,0.124252,-0.211689,-0.213223,1.94568,1.94545,-0.181296,-0.179842,0,-0.0076699,0,-0.00920388,0.751651,0.754719,
92448.4,0.130388,0.124252,-0.211689,-0.213223,1.94568,1.94545,-0.181296,-0.179842,0,-0.0076699,0,-0.00920388,0.751651,0.754719,
92468.4,0.130388,0.124252,-0.211689,-0.213223,1.94568,1.94545,-0.181296,-0.179842,0,-0.0076699,0,-0.00920388,0.751651,0.754719,
92488.4,0.130388,0.124252,-0.211689,-0.213223,1.94568,1.94545,-0.181296,-0.179842,0,-0.0076699,0,-0.00920388,0.751651,0.754719,
92508.4,0.130388,0.124252,-0.211689,-0.208621,1.94568,1.94545,-0.181296,-0.181376,0,-0.00306796,0,-0.00920388,0.751651,0.753185,
92528.3,0.130388,0.124252,-0.211689,-0.208621,1.94568,1.94545,-0.181296,-0.181376,0,-0.00306796,0,-0.00920388,0.751651,0.753185,
92548.4,0.130388,0.124252,-0.211689,-0.208621,1.94568,1.94545,-0.181296,-0.181376,0,-0.00306796,0,-0.00920388,0.751651,0.753185,
92568.3,0.130388,0.124252,-0.211689,-0.208621,1.94568,1.94545,-0.181296,-0.181376,0,-0.00306796,0,-0.00920388,0.751651,0.753185,
92588.4,0.130388,0.125786,-0.211689,-0.214757,1.94568,1.94699,-0.181296,-0.179842,0,-0.00460194,0,-0.00920388,0.751651,0.753185,
92608.4,0.130388,0.125786,-0.211689,-0.214757,1.94568,1.94699,-0.181296,-0.179842,0,-0.00460194,0,-0.00920388,0.751651,0.753185,
92628.3,0.130388,0.125786,-0.211689,-0.214757,1.94568,1.94699,-0.181296,-0.179842,0,-0.00460194,0,-0.00920388,0.751651,0.753185,
92648.4,0.130388,0.125786,-0.211689,-0.214757,1.94568,1.94699,-0.181296,-0.179842,0,-0.00460194,0,-0.00920388,0.751651,0.753185,
92668.4,0.130388,0.125786,-0.211689,-0.214757,1.94568,1.94699,-0.181296,-0.179842,0,-0.00460194,0,-0.00920388,0.751651,0.753185,
92688.4,0.130388,0.125786,-0.211689,-0.214757,1.94568,1.94699,-0.181296,-0.179842,0,-0.00460194,0,-0.00920388,0.751651,0.753185,
92708.4,0.130388,0.125786,-0.211689,-0.213223,1.94568,1.94545,-0.181296,-0.179842,0,-0.00613592,0,-0.00920388,0.751651,0.750117,
92728.4,0.130388,0.125786,-0.211689,-0.213223,1.94568,1.94545,-0.181296,-0.179842,0,-0.00613592,0,-0.00920388,0.751651,0.750117,
92748.4,0.130388,0.125786,-0.211689,-0.213223,1.94568,1.94545,-0.181296,-0.179842,0,-0.00613592,0,-0.00920388,0.751651,0.750117,
92768.4,0.130388,0.125786,-0.211689,-0.213223,1.94568,1.94545,-0.181296,-0.179842,0,-0.00613592,0,-0.00920388,0.751651,0.750117,
92788.4,0.130388,0.125786,-0.211689,-0.213223,1.94568,1.94545,-0.181296,-0.179842,0,-0.00613592,0,-0.00920388,0.751651,0.750117,
92808.3,0.130388,0.130388,-0.211689,-0.214757,1.94568,1.94699,-0.181296,-0.179842,0,-0.00613592,0,-0.00920388,0.751651,0.753185,
92828.3,0.130388,0.130388,-0.211689,-0.214757,1.94568,1.94699,-0.181296,-0.179842,0,-0.00613592,0,-0.00920388,0.751651,0.753185,
92848.3,0.130388,0.130388,-0.211689,-0.214757,1.94568,1.94699,-0.181296,-0.179842,0,-0.00613592,0,-0.00920388,0.751651,0.753185,
92868.4,0.130388,0.130388,-0.211689,-0.214757,1.94568,1.94699,-0.181296,-0.179842,0,-0.00613592,0,-0.00920388,0.751651,0.753185,
92888.4,0.130388,0.130388,-0.211689,-0.214757,1.94568,1.94699,-0.181296,-0.179842,0,-0.00613592,0,-0.00920388,0.751651,0.753185,
92908.4,0.130388,0.125786,-0.211689,-0.205553,1.94568,1.93932,-0.181296,-0.181376,0,-0.00613592,-0.0107379,-0.0107379,0.751651,0.753185,
92928.3,0.130388,0.125786,-0.211689,-0.205553,1.94568,1.93932,-0.181296,-0.181376,0,-0.00613592,-0.0107379,-0.0107379,0.751651,0.753185,
92948.4,0.130388,0.125786,-0.211689,-0.205553,1.94568,1.93932,-0.181296,-0.181376,0,-0.00613592,-0.0107379,-0.0107379,0.751651,0.753185,
92968.4,0.130388,0.125786,-0.211689,-0.205553,1.94568,1.93932,-0.181296,-0.181376,0,-0.00613592,-0.0107379,-0.0107379,0.751651,0.753185,
92988.3,0.130388,0.125786,-0.211689,-0.208621,1.94568,1.93778,-0.181296,-0.181376,0,-0.00613592,-0.0107379,-0.00920388,0.751651,0.753185,
93008.4,0.130388,0.125786,-0.211689,-0.208621,1.94568,1.93778,-0.181296,-0.181376,0,-0.00613592,-0.0107379,-0.00920388,0.751651,0.753185,
93028.4,0.130388,0.125786,-0.211689,-0.208621,1.94568,1.93778,-0.181296,-0.181376,0,-0.00613592,-0.0107379,-0.00920388,0.751651,0.753185,
93048.4,0.130388,0.125786,-0.211689,-0.208621,1.94568,1.93778,-0.181296,-0.181376,0,-0.00613592,-0.0107379,-0.00920388,0.751651,0.753185,
93068.4,0.130388,0.125786,-0.211689,-0.208621,1.94568,1.93778,-0.181296,-0.181376,0,-0.00613592,-0.0107379,-0.00920388,0.751651,0.753185,
93088.4,0.130388,0.124252,-0.211689,-0.214757,1.94568,1.94085,-0.181296,-0.179842,0,-0.00460194,-0.0107379,-0.00920388,0.751651,0.753185,
93108.4,0.130388,0.124252,-0.211689,-0.214757,1.94568,1.94085,-0.181296,-0.179842,0,-0.00460194,-0.0107379,-0.00920388,0.751651,0.753185,
93128.5,0.130388,0.124252,-0.211689,-0.214757,1.94568,1.94085,-0.181296,-0.179842,0,-0.00460194,-0.0107379,-0.00920388,0.751651,0.753185,
93148.4,0.130388,0.124252,-0.211689,-0.214757,1.94568,1.94085,-0.181296,-0.179842,0,-0.00460194,-0.0107379,-0.00920388,0.751651,0.753185,
93168.4,0.130388,0.124252,-0.211689,-0.214757,1.94568,1.94085,-0.181296,-0.179842,0,-0.00460194,-0.0107379,-0.00920388,0.751651,0.753185,
93188.5,0.130388,0.124252,-0.211689,-0.214757,1.94568,1.94085,-0.181296,-0.179842,0,-0.00460194,-0.0107379,-0.00920388,0.751651,0.753185,
93208.4,0.130388,0.128854,-0.211689,-0.216291,1.94568,1.94699,-0.181296,-0.179842,0,-0.00306796,-0.0107379,-0.00920388,0.751651,0.750117,
93228.5,0.130388,0.128854,-0.211689,-0.216291,1.94568,1.94699,-0.181296,-0.179842,0,-0.00306796,-0.0107379,-0.00920388,0.751651,0.750117,
93248.4,0.130388,0.128854,-0.211689,-0.216291,1.94568,1.94699,-0.181296,-0.179842,0,-0.00306796,-0.0107379,-0.00920388,0.751651,0.750117,
93270.9,0.130388,0.128854,-0.211689,-0.216291,1.94568,1.94699,-0.181296,-0.179842,0,-0.00306796,-0.0107379,-0.00920388,0.751651,0.750117,
93288.3,0.130388,0.128854,-0.211689,-0.216291,1.94568,1.94699,-0.181296,-0.179842,0,-0.00306796,-0.0107379,-0.00920388,0.751651,0.750117,
93308.3,0.130388,0.124252,-0.211689,-0.210155,1.94568,1.94392,-0.181296,-0.179842,0,-0.00460194,-0.0107379,-0.0107379,0.751651,0.748583,
93328.4,0.130388,0.124252,-0.211689,-0.210155,1.94568,1.94392,-0.181296,-0.179842,0,-0.00460194,-0.0107379,-0.0107379,0.751651,0.748583,
93348.4,0.130388,0.124252,-0.211689,-0.210155,1.94568,1.94392,-0.181296,-0.179842,0,-0.00460194,-0.0107379,-0.0107379,0.751651,0.748583,
93368.4,0.130388,0.124252,-0.211689,-0.210155,1.94568,1.94392,-0.181296,-0.179842,0,-0.00460194,-0.0107379,-0.0107379,0.751651,0.748583,
93388.4,0.130388,0.130388,-0.211689,-0.211689,1.94568,1.94392,-0.181296,-0.179842,0,-0.00460194,-0.0107379,-0.0107379,0.751651,0.754719,
93408.4,0.130388,0.130388,-0.211689,-0.211689,1.94568,1.94392,-0.181296,-0.179842,0,-0.00460194,-0.0107379,-0.0107379,0.751651,0.754719,
93428.4,0.130388,0.130388,-0.211689,-0.211689,1.94568,1.94392,-0.181296,-0.179842,0,-0.00460194,-0.0107379,-0.0107379,0.751651,0.754719,
93448.5,0.130388,0.130388,-0.211689,-0.211689,1.94568,1.94392,-0.181296,-0.179842,0,-0.00460194,-0.0107379,-0.0107379,0.751651,0.754719,
93468.5,0.130388,0.130388,-0.211689,-0.211689,1.94568,1.94392,-0.181296,-0.179842,0,-0.00460194,-0.0107379,-0.0107379,0.751651,0.754719,
93488.5,0.130388,0.130388,-0.211689,-0.211689,1.94568,1.94392,-0.181296,-0.179842,0,-0.00460194,-0.0107379,-0.0107379,0.751651,0.754719,
93508.5,0.130388,0.12732,-0.211689,-0.214757,1.94568,1.94545,-0.181296,-0.179842,0,-0.00306796,-0.0107379,-0.0107379,0.751651,0.753185,
93528.5,0.130388,0.12732,-0.211689,-0.214757,1.94568,1.94545,-0.181296,-0.179842,0,-0.00306796,-0.0107379,-0.0107379,0.751651,0.753185,
93548.4,0.130388,0.12732,-0.211689,-0.214757,1.94568,1.94545,-0.181296,-0.179842,0,-0.00306796,-0.0107379,-0.0107379,0.751651,0.753185,
93568.4,0.130388,0.12732,-0.211689,-0.214757,1.94568,1.94545,-0.181296,-0.179842,0,-0.00306796,-0.0107379,-0.0107379,0.751651,0.753185,
93588.4,0.130388,0.12732,-0.211689,-0.214757,1.94568,1.94545,-0.181296,-0.179842,0,-0.00306796,-0.0107379,-0.0107379,0.751651,0.753185,
93608.4,0.130388,0.130388,-0.211689,-0.216291,1.94568,1.94699,-0.181296,-0.181376,0,-0.00306796,-0.0107379,-0.00920388,0.751651,0.753185,
93628.5,0.130388,0.130388,-0.211689,-0.216291,1.94568,1.94699,-0.181296,-0.181376,0,-0.00306796,-0.0107379,-0.00920388,0.751651,0.753185,
93648.4,0.130388,0.130388,-0.211689,-0.216291,1.94568,1.94699,-0.181296,-0.181376,0,-0.00306796,-0.0107379,-0.00920388,0.751651,0.753185,
93668.4,0.130388,0.130388,-0.211689,-0.216291,1.94568,1.94699,-0.181296,-0.181376,0,-0.00306796,-0.0107379,-0.00920388,0.751651,0.753185,
93688.4,0.130388,0.130388,-0.211689,-0.216291,1.94568,1.94699,-0.181296,-0.181376,0,-0.00306796,-0.0107379,-0.00920388,0.751651,0.753185,
93708.3,0.130388,0.124252,-0.211689,-0.210155,1.94568,1.94545,-0.181296,-0.179842,0,0.00306796,-0.0107379,-0.0107379,0.751651,0.748583,
93728.5,0.130388,0.124252,-0.211689,-0.210155,1.94568,1.94545,-0.181296,-0.179842,0,0.00306796,-0.0107379,-0.0107379,0.751651,0.748583,
93748.4,0.130388,0.124252,-0.211689,-0.210155,1.94568,1.94545,-0.181296,-0.179842,0,0.00306796,-0.0107379,-0.0107379,0.751651,0.748583,
93768.4,0.130388,0.124252,-0.211689,-0.210155,1.94568,1.94545,-0.181296,-0.179842,0,0.00306796,-0.0107379,-0.0107379,0.751651,0.748583,
93788.5,0.130388,0.124252,-0.211689,-0.210155,1.94568,1.94545,-0.181296,-0.179842,0,0.00306796,-0.0107379,-0.0107379,0.751651,0.748583,
93808.5,0.130388,0.130388,-0.211689,-0.214757,1.94568,1.94545,-0.181296,-0.179842,0,0,-0.0107379,-0.0107379,0.751651,0.753185,
93828.5,0.130388,0.130388,-0.211689,-0.214757,1.94568,1.94545,-0.181296,-0.179842,0,0,-0.0107379,-0.0107379,0.751651,0.753185,
93848.5,0.130388,0.130388,-0.211689,-0.214757,1.94568,1.94545,-0.181296,-0.179842,0,0,-0.0107379,-0.0107379,0.751651,0.753185,
93868.4,0.130388,0.130388,-0.211689,-0.214757,1.94568,1.94545,-0.181296,-0.179842,0,0,-0.0107379,-0.0107379,0.751651,0.753185,
93888.5,0.130388,0.130388,-0.211689,-0.214757,1.94568,1.94545,-0.181296,-0.179842,0,0,-0.0107379,-0.0107379,0.751651,0.753185,
93908.4,0.130388,0.131922,-0.211689,-0.214757,1.94568,1.94545,-0.181296,-0.179842,0,0,-0.0107379,-0.00920388,0.751651,0.753185,
93928.4,0.130388,0.131922,-0.211689,-0.214757,1.94568,1.94545,-0.181296,-0.179842,0,0,-0.0107379,-0.00920388,0.751651,0.753185,
93948.5,0.130388,0.131922,-0.211689,-0.214757,1.94568,1.94545,-0.181296,-0.179842,0,0,-0.0107379,-0.00920388,0.751651,0.753185,
93968.4,0.130388,0.131922,-0.211689,-0.214757,1.94568,1.94545,-0.181296,-0.179842,0,0,-0.0107379,-0.00920388,0.751651,0.753185,
93988.5,0.130388,0.131922,-0.211689,-0.214757,1.94568,1.94545,-0.181296,-0.179842,0,0,-0.0107379,-0.00920388,0.751651,0.753185,
94008.4,0.130388,0.125786,-0.211689,-0.214757,1.94568,1.94545,-0.181296,-0.179842,0,-0.00153398,-0.0107379,-0.0107379,0.751651,0.753185,
94028.4,0.130388,0.125786,-0.211689,-0.214757,1.94568,1.94545,-0.181296,-0.179842,0,-0.00153398,-0.0107379,-0.0107379,0.751651,0.753185,
94048.4,0.130388,0.125786,-0.211689,-0.214757,1.94568,1.94545,-0.181296,-0.179842,0,-0.00153398,-0.0107379,-0.0107379,0.751651,0.753185,
94068.3,0.130388,0.125786,-0.211689,-0.214757,1.94568,1.94545,-0.181296,-0.179842,0,-0.00153398,-0.0107379,-0.0107379,0.751651,0.753185,
94088.3,0.130388,0.125786,-0.211689,-0.214757,1.94568,1.94545,-0.181296,-0.179842,0,-0.00153398,-0.0107379,-0.0107379,0.751651,0.753185,
94108.3,0.130388,0.12732,-0.211689,-0.213223,1.94568,1.94545,-0.181296,-0.179842,0,-0.00153398,-0.0107379,-0.00920388,0.751651,0.751651,
94128.3,0.130388,0.12732,-0.211689,-0.213223,1.94568,1.94545,-0.181296,-0.179842,0,-0.00153398,-0.0107379,-0.00920388,0.751651,0.751651,
94148.3,0.130388,0.12732,-0.211689,-0.213223,1.94568,1.94545,-0.181296,-0.179842,0,-0.00153398,-0.0107379,-0.00920388,0.751651,0.751651,
94168.3,0.130388,0.12732,-0.211689,-0.213223,1.94568,1.94545,-0.181296,-0.179842,0,-0.00153398,-0.0107379,-0.00920388,0.751651,0.751651,
94188.3,0.130388,0.124252,-0.211689,-0.207087,1.94568,1.94239,-0.181296,-0.181376,0,0.00153398,-0.0107379,-0.0107379,0.751651,0.753185,
94208.3,0.130388,0.124252,-0.211689,-0.207087,1.94568,1.94239,-0.181296,-0.181376,0,0.00153398,-0.0107379,-0.0107379,0.751651,0.753185,
94228.4,0.130388,0.124252,-0.211689,-0.207087,1.94568,1.94239,-0.181296,-0.181376,0,0.00153398,-0.0107379,-0.0107379,0.751651,0.753185,
94248.4,0.130388,0.124252,-0.211689,-0.207087,1.94568,1.94239,-0.181296,-0.181376,0,0.00153398,-0.0107379,-0.0107379,0.751651,0.753185,
94268.3,0.130388,0.124252,-0.211689,-0.207087,1.94568,1.94239,-0.181296,-0.181376,0,0.00153398,-0.0107379,-0.0107379,0.751651,0.753185,
94288.3,0.143382,0.133456,-0.214757,-0.214757,1.94789,1.94085,-0.184034,-0.179842,0,-0.0076699,-0.0107379,-0.0107379,0.754719,0.754719,
94308.4,0.144055,0.133456,-0.187935,-0.214757,1.95011,1.94085,-0.186774,-0.179842,0,-0.0076699,0,-0.0107379,0,0.754719,
94328.4,0.144055,0.133456,-0.187935,-0.214757,1.95011,1.94085,-0.186774,-0.179842,0,-0.0076699,0,-0.0107379,0,0.754719,
94348.4,0.144732,0.133456,-0.1874,-0.214757,1.95231,1.94085,-0.189516,-0.179842,0,-0.0076699,0,-0.0107379,0,0.754719,
94368.3,0.145413,0.133456,-0.186858,-0.214757,1.95452,1.94085,-0.19226,-0.179842,0,-0.0076699,0,-0.0107379,0,0.754719,
94388.4,0.145413,0.133456,-0.186858,-0.214757,1.95452,1.94085,-0.19226,-0.179842,0,-0.0076699,0,-0.0107379,0,0.754719,
94408.3,0.146097,0.133456,-0.186307,-0.204019,1.95671,1.94085,-0.195007,-0.181376,0,0.00460194,0,-0.0107379,0,0.753185,
94428.3,0.146785,0.133456,-0.185749,-0.204019,1.9589,1.94085,-0.197756,-0.181376,0,0.00460194,0,-0.0107379,0,0.753185,
94448.3,0.146785,0.133456,-0.185749,-0.204019,1.9589,1.94085,-0.197756,-0.181376,0,0.00460194,0,-0.0107379,0,0.753185,
94468.3,0.147477,0.133456,-0.185183,-0.204019,1.96109,1.94085,-0.200507,-0.181376,0,0.00460194,0,-0.0107379,0,0.753185,
94488.3,0.147477,0.133456,-0.185183,-0.204019,1.96109,1.94085,-0.200507,-0.181376,0,0.00460194,0,-0.0107379,0,0.753185,
94508.4,0.148173,0.133456,-0.184608,-0.194816,1.96327,1.94085,-0.20326,-0.184444,0,0.00306796,0,-0.0107379,0,0.748583,
94528.4,0.148872,0.133456,-0.184026,-0.194816,1.96544,1.94085,-0.206016,-0.184444,0,0.00306796,0,-0.0107379,0,0.748583,
94548.5,0.148872,0.133456,-0.184026,-0.194816,1.96544,1.94085,-0.206016,-0.184444,0,0.00306796,0,-0.0107379,0,0.748583,
94568.3,0.149576,0.133456,-0.183436,-0.194816,1.96761,1.94085,-0.208774,-0.184444,0,0.00306796,0,-0.0107379,0,0.748583,
94588.3,0.150284,0.133456,-0.182838,-0.194816,1.96977,1.94085,-0.211535,-0.184444,0,0.00306796,0,-0.0107379,0,0.748583,
94608.3,0.150284,0.141126,-0.193282,-0.193282,1.94085,1.94085,-0.189046,-0.189046,0,0.00460194,-0.0107379,-0.0107379,0.747049,0.747049,
94628.4,0.150995,0.141126,-0.182231,-0.193282,1.97193,1.94085,-0.214297,-0.189046,0,0.00460194,0,-0.0107379,0,0.747049,
94648.3,0.150995,0.141126,-0.182231,-0.193282,1.97193,1.94085,-0.214297,-0.189046,0,0.00460194,0,-0.0107379,0,0.747049,
94668.4,0.15171,0.141126,-0.181617,-0.193282,1.97408,1.94085,-0.217062,-0.189046,0,0.00460194,0,-0.0107379,0,0.747049,
94688.4,0.15243,0.141126,-0.180995,-0.193282,1.97622,1.94085,-0.21983,-0.189046,0,0.00460194,0,-0.0107379,0,0.747049,
94708.3,0.15243,0.144194,-0.193282,-0.193282,1.94085,1.94085,-0.192114,-0.192114,0,0,-0.0107379,-0.0107379,0.753185,0.753185,
94728.4,0.153154,0.144194,-0.180364,-0.193282,1.97836,1.94085,-0.222599,-0.192114,0,0,0,-0.0107379,0,0.753185,
94748.4,0.153881,0.144194,-0.179726,-0.193282,1.9805,1.94085,-0.225371,-0.192114,0,0,0,-0.0107379,0,0.753185,
94768.5,0.153881,0.144194,-0.179726,-0.193282,1.9805,1.94085,-0.225371,-0.192114,0,0,0,-0.0107379,0,0.753185,
94788.4,0.153881,0.144194,-0.179726,-0.193282,1.9805,1.94085,-0.225371,-0.192114,0,0,0,-0.0107379,0,0.753185,
94808.4,0.139592,0.139592,-0.179079,-0.185612,1.94085,1.94085,-0.196716,-0.196716,0,0,-0.0107379,-0.0107379,0.753185,0.753185,
94828.4,0.139592,0.139592,-0.179079,-0.185612,1.94085,1.94085,-0.196716,-0.196716,0,0,-0.0107379,-0.0107379,0.753185,0.753185,
94848.4,0.155349,0.139592,-0.178425,-0.185612,1.98475,1.94085,-0.230923,-0.196716,0,0,0,-0.0107379,0,0.753185,
94868.4,0.156089,0.139592,-0.177762,-0.185612,1.98686,1.94085,-0.233702,-0.196716,0,0,0,-0.0107379,0,0.753185,
94888.4,0.156089,0.139592,-0.177762,-0.185612,1.98686,1.94085,-0.233702,-0.196716,0,0,0,-0.0107379,0,0.753185,
94908.3,0.141126,0.141126,-0.177091,-0.18101,1.94392,1.94392,-0.199784,-0.199784,0,0,-0.0107379,-0.0107379,0.748583,0.748583,
94928.4,0.157583,0.141126,-0.176412,-0.18101,1.99108,1.94392,-0.239267,-0.199784,0,0,0,-0.0107379,0,0.748583,
94948.4,0.157583,0.141126,-0.176412,-0.18101,1.99108,1.94392,-0.239267,-0.199784,0,0,0,-0.0107379,0,0.748583,
94968.4,0.158336,0.141126,-0.175725,-0.18101,1.99318,1.94392,-0.242054,-0.199784,0,0,0,-0.0107379,0,0.748583,
94988.4,0.158336,0.141126,-0.175725,-0.18101,1.99318,1.94392,-0.242054,-0.199784,0,0,0,-0.0107379,0,0.748583,
95008.3,0.159093,0.144194,-0.175029,-0.190214,1.99527,1.95159,-0.244843,-0.201318,0,0,0,-0.0107379,0,0.750117,
95028.3,0.159855,0.144194,-0.174326,-0.190214,1.99736,1.95159,-0.247634,-0.201318,0,0,0,-0.0107379,0,0.750117,
95048.3,0.159855,0.144194,-0.174326,-0.190214,1.99736,1.95159,-0.247634,-0.201318,0,0,0,-0.0107379,0,0.750117,
95068.4,0.160621,0.144194,-0.173614,-0.190214,1.99944,1.95159,-0.250427,-0.201318,0,0,0,-0.0107379,0,0.750117,
95088.4,0.160621,0.144194,-0.173614,-0.190214,1.99944,1.95159,-0.250427,-0.201318,0,0,0,-0.0107379,0,0.750117,
95108.3,0.144194,0.144194,-0.184078,-0.184078,1.95773,1.95773,-0.222794,-0.222794,0,-0.00153398,-0.0122718,-0.0122718,0.748583,0.748583,
95128.4,0.144194,0.144194,-0.184078,-0.184078,1.95773,1.95773,-0.222794,-0.222794,0,-0.00153398,-0.0122718,-0.0122718,0.748583,0.748583,
95148.3,0.144194,0.144194,-0.184078,-0.184078,1.95773,1.95773,-0.222794,-0.222794,0,-0.00153398,-0.0122718,-0.0122718,0.748583,0.748583,
95168.3,0.162167,0.144194,-0.172166,-0.184078,2.00359,1.95773,-0.256022,-0.222794,0,-0.00153398,0,-0.0122718,0,0.748583,
95188.3,0.162167,0.144194,-0.172166,-0.184078,2.00359,1.95773,-0.256022,-0.222794,0,-0.00153398,0,-0.0122718,0,0.748583,
95208.3,0.162947,0.144194,-0.17143,-0.184078,2.00565,1.95773,-0.258823,-0.222794,0,-0.00153398,0,-0.0122718,0,0.748583,
95228.4,0.14266,0.14266,-0.17143,-0.179476,1.95466,1.95466,-0.210522,-0.210522,0,-0.00153398,-0.0107379,-0.0107379,0.750117,0.750117,
95248.4,0.163731,0.14266,-0.170685,-0.179476,2.00771,1.95466,-0.261627,-0.210522,0,-0.00153398,0,-0.0107379,0,0.750117,
95268.4,0.16452,0.14266,-0.169932,-0.179476,2.00976,1.95466,-0.264433,-0.210522,0,-0.00153398,0,-0.0107379,0,0.750117,
95288.4,0.16452,0.14266,-0.169932,-0.179476,2.00976,1.95466,-0.264433,-0.210522,0,-0.00153398,0,-0.0107379,0,0.750117,
95308.4,0.141126,0.141126,-0.169171,-0.177942,1.95926,1.95926,-0.208988,-0.208988,0,-0.00153398,-0.0107379,-0.0107379,0.750117,0.750117,
95328.4,0.166112,0.141126,-0.168401,-0.177942,2.01385,1.95926,-0.270052,-0.208988,0,-0.00153398,0,-0.0107379,0,0.750117,
95348.4,0.166112,0.141126,-0.168401,-0.177942,2.01385,1.95926,-0.270052,-0.208988,0,-0.00153398,0,-0.0107379,0,0.750117,
95368.5,0.166915,0.141126,-0.167623,-0.177942,2.01589,1.95926,-0.272865,-0.208988,0,-0.00153398,0,-0.0107379,0,0.750117,
95388.3,0.167723,0.141126,-0.166837,-0.177942,2.01792,1.95926,-0.275681,-0.208988,0,-0.00153398,0,-0.0107379,0,0.750117,
95408.4,0.15033,0.15033,-0.177942,-0.177942,1.98074,1.98074,-0.245803,-0.245803,0,0,-0.0122718,-0.0122718,0.751651,0.751651,
95428.4,0.168536,0.15033,-0.166043,-0.177942,2.01994,1.98074,-0.278499,-0.245803,0,0,0,-0.0122718,0,0.751651,
95448.4,0.168536,0.15033,-0.166043,-0.177942,2.01994,1.98074,-0.278499,-0.245803,0,0,0,-0.0122718,0,0.751651,
95468.5,0.168536,0.15033,-0.166043,-0.177942,2.01994,1.98074,-0.278499,-0.245803,0,0,0,-0.0122718,0,0.751651,
95488.4,0.169353,0.15033,-0.16524,-0.177942,2.02196,1.98074,-0.28132,-0.245803,0,0,0,-0.0122718,0,0.751651,
95508.4,0.148796,0.148796,-0.177942,-0.177942,1.9792,1.9792,-0.238133,-0.238133,0,0,-0.0122718,-0.0122718,0.751651,0.751651,
95528.4,0.148796,0.148796,-0.177942,-0.177942,1.9792,1.9792,-0.238133,-0.238133,0,0,-0.0122718,-0.0122718,0.751651,0.751651,
95548.5,0.170176,0.148796,-0.164429,-0.177942,2.02397,1.9792,-0.284144,-0.238133,0,0,0,-0.0122718,0,0.751651,
95568.4,0.170176,0.148796,-0.164429,-0.177942,2.02397,1.9792,-0.284144,-0.238133,0,0,0,-0.0122718,0,0.751651,
95588.4,0.170176,0.148796,-0.164429,-0.177942,2.02397,1.9792,-0.284144,-0.238133,0,0,0,-0.0122718,0,0.751651,
95608.4,0.151864,0.151864,-0.16361,-0.17334,1.9792,1.9792,-0.238133,-0.238133,0,0,-0.0122718,-0.0122718,0.751651,0.751651,
95628.4,0.151864,0.151864,-0.16361,-0.17334,1.9792,1.9792,-0.238133,-0.238133,0,0,-0.0122718,-0.0122718,0.751651,0.751651,
95648.3,0.171836,0.151864,-0.162782,-0.17334,2.02798,1.9792,-0.289798,-0.238133,0,0,0,-0.0122718,0,0.751651,
95668.4,0.171836,0.151864,-0.162782,-0.17334,2.02798,1.9792,-0.289798,-0.238133,0,0,0,-0.0122718,0,0.751651,
95688.3,0.172673,0.151864,-0.161945,-0.17334,2.02997,1.9792,-0.292629,-0.238133,0,0,0,-0.0122718,0,0.751651,
95708.4,0.161068,0.161068,-0.161945,-0.170272,1.98994,1.98994,-0.271881,-0.271881,0,-0.00153398,-0.0122718,-0.0122718,0.750117,0.750117,
95728.3,0.161068,0.161068,-0.161945,-0.170272,1.98994,1.98994,-0.271881,-0.271881,0,-0.00153398,-0.0122718,-0.0122718,0.750117,0.750117,
95748.4,0.173516,0.161068,-0.161101,-0.170272,2.03196,1.98994,-0.295462,-0.271881,0,-0.00153398,0,-0.0122718,0,0.750117,
95768.3,0.174364,0.161068,-0.160248,-0.170272,2.03394,1.98994,-0.298298,-0.271881,0,-0.00153398,0,-0.0122718,0,0.750117,
95788.3,0.174364,0.161068,-0.160248,-0.170272,2.03394,1.98994,-0.298298,-0.271881,0,-0.00153398,0,-0.0122718,0,0.750117,
95808.3,0.161068,0.161068,-0.159386,-0.167204,2.00068,2.00068,-0.268813,-0.268813,0,0,-0.0122718,-0.0122718,0.750117,0.750117,
95828.4,0.161068,0.161068,-0.159386,-0.167204,2.00068,2.00068,-0.268813,-0.268813,0,0,-0.0122718,-0.0122718,0.750117,0.750117,
95848.4,0.176075,0.161068,-0.158516,-0.167204,2.03789,2.00068,-0.303977,-0.268813,0,0,0,-0.0122718,0,0.750117,
95868.3,0.176075,0.161068,-0.158516,-0.167204,2.03789,2.00068,-0.303977,-0.268813,0,0,0,-0.0122718,0,0.750117,
95888.4,0.176938,0.161068,-0.157638,-0.167204,2.03986,2.00068,-0.306821,-0.268813,0,0,0,-0.0122718,0,0.750117,
95908.4,0.164136,0.164136,-0.157638,-0.159534,2.01755,2.01755,-0.282619,-0.282619,0,0,-0.0122718,-0.0122718,0.750117,0.750117,
95928.4,0.177807,0.164136,-0.156751,-0.159534,2.04182,2.01755,-0.309667,-0.282619,0,0,0,-0.0122718,0,0.750117,
95948.4,0.177807,0.164136,-0.156751,-0.159534,2.04182,2.01755,-0.309667,-0.282619,0,0,0,-0.0122718,0,0.750117,
95968.5,0.178681,0.164136,-0.155856,-0.159534,2.04377,2.01755,-0.312515,-0.282619,0,0,0,-0.0122718,0,0.750117,
95988.4,0.17956,0.164136,-0.154952,-0.159534,2.04572,2.01755,-0.315367,-0.282619,0,0,0,-0.0122718,0,0.750117,
96008.5,0.167204,0.167204,-0.154952,-0.158,2.02062,2.02062,-0.288755,-0.288755,0,0,-0.0122718,-0.0122718,0.750117,0.750117,
96028.4,0.180445,0.167204,-0.15404,-0.158,2.04766,2.02062,-0.31822,-0.288755,0,0,0,-0.0122718,0,0.750117,
96048.4,0.181336,0.167204,-0.153119,-0.158,2.04959,2.02062,-0.321076,-0.288755,0,0,0,-0.0122718,0,0.750117,
96068.5,0.181336,0.167204,-0.153119,-0.158,2.04959,2.02062,-0.321076,-0.288755,0,0,0,-0.0122718,0,0.750117,
96088.4,0.182232,0.167204,-0.15219,-0.158,2.05152,2.02062,-0.323935,-0.288755,0,0,0,-0.0122718,0,0.750117,
96108.4,0.168738,0.168738,-0.15219,-0.161068,2.02369,2.02369,-0.297959,-0.297959,0,0,-0.0122718,-0.0122718,0.750117,0.750117,
96128.4,0.183134,0.168738,-0.151252,-0.161068,2.05345,2.02369,-0.326796,-0.297959,0,0,0,-0.0122718,0,0.750117,
96148.3,0.184041,0.168738,-0.150305,-0.161068,2.05536,2.02369,-0.32966,-0.297959,0,0,0,-0.0122718,0,0.750117,
96168.3,0.184041,0.168738,-0.150305,-0.161068,2.05536,2.02369,-0.32966,-0.297959,0,0,0,-0.0122718,0,0.750117,
96188.3,0.184954,0.168738,-0.14935,-0.161068,2.05728,2.02369,-0.332527,-0.297959,0,0,0,-0.0122718,0,0.750117,
96208.3,0.185873,0.168738,-0.148387,-0.161068,2.05918,2.02369,-0.335395,-0.297959,0,0,0,-0.0122718,0,0.750117,
96228.3,0.185873,0.168738,-0.148387,-0.161068,2.05918,2.02369,-0.335395,-0.297959,0,0,0,-0.0122718,0,0.750117,
96248.4,0.171806,0.168738,-0.148387,-0.161068,2.02675,2.02369,-0.305628,-0.297959,0,0,-0.0122718,-0.0122718,0.750117,0.750117,
96268.4,0.186798,0.171806,-0.147415,-0.158,2.06108,2.02675,-0.338267,-0.305628,0,-0.00153398,0,-0.0122718,0,0.750117,
96288.3,0.187728,0.171806,-0.146434,-0.158,2.06297,2.02675,-0.341141,-0.305628,0,-0.00153398,0,-0.0122718,0,0.750117,
96308.4,0.187728,0.17334,-0.146434,-0.153398,2.06297,2.03136,-0.341141,-0.31023,0,0,0,-0.0122718,0,0.751651,
96328.3,0.17334,0.17334,-0.146434,-0.153398,2.03136,2.03136,-0.31023,-0.31023,0,0,-0.0122718,-0.0122718,0.751651,0.751651,
96348.3,0.188665,0.17334,-0.145445,-0.153398,2.06486,2.03136,-0.344017,-0.31023,0,0,0,-0.0122718,0,0.751651,
96368.4,0.189607,0.17334,-0.144447,-0.153398,2.06674,2.03136,-0.346897,-0.31023,0,0,0,-0.0122718,0,0.751651,
96388.6,0.189607,0.17334,-0.144447,-0.153398,2.06674,2.03136,-0.346897,-0.31023,0,0,0,-0.0122718,0,0.751651,
96408.3,0.190556,0.170272,-0.14344,-0.15033,2.06862,2.03596,-0.349778,-0.297959,0,0,0,-0.0122718,0,0.750117,
96428.4,0.190556,0.170272,-0.14344,-0.15033,2.06862,2.03596,-0.349778,-0.297959,0,0,0,-0.0122718,0,0.750117,
96448.4,0.191511,0.170272,-0.142425,-0.15033,2.07049,2.03596,-0.352662,-0.297959,0,0,0,-0.0122718,0,0.750117,
96468.4,0.192471,0.170272,-0.141402,-0.15033,2.07235,2.03596,-0.355549,-0.297959,0,0,0,-0.0122718,0,0.750117,
96488.4,0.192471,0.170272,-0.141402,-0.15033,2.07235,2.03596,-0.355549,-0.297959,0,0,0,-0.0122718,0,0.750117,
96508.4,0.193438,0.170272,-0.140369,-0.15033,2.07421,2.03596,-0.358438,-0.297959,0,0,0,-0.0122718,0,0.750117,
96528.4,0.194412,0.170272,-0.139328,-0.15033,2.07606,2.03596,-0.36133,-0.297959,0,0,0,-0.0122718,0,0.750117,
96548.4,0.174874,0.174874,-0.139328,-0.148796,2.04516,2.04516,-0.319434,-0.319434,0,0,-0.0122718,-0.0122718,0.751651,0.751651,
96568.4,0.195391,0.174874,-0.138279,-0.148796,2.0779,2.04516,-0.364224,-0.319434,0,0,0,-0.0122718,0,0.751651,
96588.4,0.195391,0.174874,-0.138279,-0.148796,2.0779,2.04516,-0.364224,-0.319434,0,0,0,-0.0122718,0,0.751651,
96608.5,0.196378,0.174874,-0.13722,-0.148796,2.07974,2.04516,-0.367121,-0.319434,0,0,0,-0.0122718,0,0.751651,
96628.5,0.19737,0.174874,-0.136153,-0.148796,2.08157,2.04516,-0.370021,-0.319434,0,0,0,-0.0122718,0,0.751651,
96648.4,0.179476,0.179476,-0.147262,-0.147262,2.04823,2.04823,-0.334774,-0.334774,0,0,-0.0122718,-0.0122718,0.751651,0.751651,
96668.5,0.198369,0.179476,-0.135078,-0.147262,2.0834,2.04823,-0.372922,-0.334774,0,0,0,-0.0122718,0,0.751651,
96688.4,0.199375,0.179476,-0.133993,-0.147262,2.08522,2.04823,-0.375827,-0.334774,0,0,0,-0.0122718,0,0.751651,
96708.4,0.199375,0.179476,-0.133993,-0.147262,2.08522,2.04823,-0.375827,-0.334774,0,0,0,-0.0122718,0,0.751651,
96728.4,0.200387,0.179476,-0.1329,-0.147262,2.08703,2.04823,-0.378734,-0.334774,0,0,0,-0.0122718,0,0.751651,
96748.4,0.201406,0.176408,-0.131799,-0.148796,2.08884,2.04976,-0.381643,-0.3179,0,0,0,-0.0122718,0,0.751651,
96768.4,0.201406,0.176408,-0.131799,-0.148796,2.08884,2.04976,-0.381643,-0.3179,0,0,0,-0.0122718,0,0.751651,
96788.4,0.202432,0.176408,-0.130688,-0.148796,2.09064,2.04976,-0.384555,-0.3179,0,0,0,-0.0122718,0,0.751651,
96808.3,0.203464,0.184078,-0.129569,-0.141126,2.09244,2.0605,-0.387469,-0.350114,0,0,0,-0.0122718,0,0.751651,
96828.3,0.203464,0.184078,-0.129569,-0.141126,2.09244,2.0605,-0.387469,-0.350114,0,0,0,-0.0122718,0,0.751651,
96848.3,0.204504,0.184078,-0.128441,-0.141126,2.09423,2.0605,-0.390386,-0.350114,0,0,0,-0.0122718,0,0.751651,
96868.3,0.204504,0.184078,-0.128441,-0.141126,2.09423,2.0605,-0.390386,-0.350114,0,0,0,-0.0122718,0,0.751651,
96888.3,0.20555,0.184078,-0.127305,-0.141126,2.09601,2.0605,-0.393306,-0.350114,0,0,0,-0.0122718,0,0.751651,
96908.4,0.206604,0.187146,-0.126159,-0.138058,2.09779,2.0651,-0.396228,-0.359318,0,0,0,-0.0122718,0,0.751651,
96928.3,0.206604,0.187146,-0.126159,-0.138058,2.09779,2.0651,-0.396228,-0.359318,0,0,0,-0.0122718,0,0.751651,
96948.3,0.207665,0.187146,-0.125005,-0.138058,2.09956,2.0651,-0.399152,-0.359318,0,0,0,-0.0122718,0,0.751651,
96968.4,0.208733,0.187146,-0.123843,-0.138058,2.10132,2.0651,-0.402079,-0.359318,0,0,0,-0.0122718,0,0.751651,
96988.4,0.208733,0.187146,-0.123843,-0.138058,2.10132,2.0651,-0.402079,-0.359318,0,0,0,-0.0122718,0,0.751651,
97008.3,0.209808,0.185612,-0.122671,-0.138058,2.10308,2.07431,-0.405008,-0.350114,0,0,0,-0.0122718,0,0.751651,
97028.3,0.209808,0.185612,-0.122671,-0.138058,2.10308,2.07431,-0.405008,-0.350114,0,0,0,-0.0122718,0,0.751651,
97048.3,0.21089,0.185612,-0.121491,-0.138058,2.10483,2.07431,-0.40794,-0.350114,0,0,0,-0.0122718,0,0.751651,
97068.3,0.21089,0.185612,-0.121491,-0.138058,2.10483,2.07431,-0.40794,-0.350114,0,0,0,-0.0122718,0,0.751651,
97088.3,0.21198,0.185612,-0.120302,-0.138058,2.10657,2.07431,-0.410874,-0.350114,0,0,0,-0.0122718,0,0.751651,
97108.4,0.191748,0.191748,-0.133456,-0.133456,2.08351,2.08351,-0.374658,-0.374658,0,0,-0.0122718,-0.0122718,0.751651,0.751651,
97128.4,0.213077,0.191748,-0.119104,-0.133456,2.10831,2.08351,-0.41381,-0.374658,0,0,0,-0.0122718,0,0.751651,
97148.4,0.214182,0.191748,-0.117897,-0.133456,2.11004,2.08351,-0.416749,-0.374658,0,0,0,-0.0122718,0,0.751651,
97168.4,0.214182,0.191748,-0.117897,-0.133456,2.11004,2.08351,-0.416749,-0.374658,0,0,0,-0.0122718,0,0.751651,
97188.4,0.215295,0.191748,-0.116682,-0.133456,2.11177,2.08351,-0.419691,-0.374658,0,0,0,-0.0122718,0,0.751651,
97208.3,0.19635,0.19635,-0.130388,-0.130388,2.08658,2.08658,-0.385395,-0.385395,0,0,-0.0122718,-0.0122718,0.751651,0.751651,
97228.5,0.216415,0.19635,-0.115458,-0.130388,2.11349,2.08658,-0.422635,-0.385395,0,0,0,-0.0122718,0,0.751651,
97248.4,0.217543,0.19635,-0.114225,-0.130388,2.1152,2.08658,-0.425581,-0.385395,0,0,0,-0.0122718,0,0.751651,
97268.5,0.217543,0.19635,-0.114225,-0.130388,2.1152,2.08658,-0.425581,-0.385395,0,0,0,-0.0122718,0,0.751651,
97288.5,0.218678,0.19635,-0.112983,-0.130388,2.11691,2.08658,-0.428529,-0.385395,0,0,0,-0.0122718,0,0.751651,
97308.5,0.219822,0.197884,-0.111733,-0.128854,2.11861,2.09425,-0.43148,-0.393065,0,0,0,-0.0122718,0,0.751651,
97328.4,0.219822,0.197884,-0.111733,-0.128854,2.11861,2.09425,-0.43148,-0.393065,0,0,0,-0.0122718,0,0.751651,
97348.5,0.220974,0.197884,-0.110474,-0.128854,2.12031,2.09425,-0.434434,-0.393065,0,0,0,-0.0122718,0,0.751651,
97368.4,0.222134,0.197884,-0.109206,-0.128854,2.12199,2.09425,-0.437389,-0.393065,0,0,0,-0.0122718,0,0.751651,
97388.4,0.222134,0.197884,-0.109206,-0.128854,2.12199,2.09425,-0.437389,-0.393065,0,0,0,-0.0122718,0,0.751651,
97408.3,0.202485,0.202485,-0.121184,-0.121184,2.10039,2.10039,-0.402269,-0.402269,0,0,-0.0122718,-0.0122718,0.751651,0.751651,
97428.3,0.224478,0.202485,-0.106644,-0.121184,2.12535,2.10039,-0.443308,-0.402269,0,0,0,-0.0122718,0,0.751651,
97448.4,0.224478,0.202485,-0.106644,-0.121184,2.12535,2.10039,-0.443308,-0.402269,0,0,0,-0.0122718,0,0.751651,
97468.4,0.225663,0.202485,-0.105349,-0.121184,2.12702,2.10039,-0.44627,-0.402269,0,0,0,-0.0122718,0,0.751651,
97488.4,0.226856,0.202485,-0.104046,-0.121184,2.12868,2.10039,-0.449235,-0.402269,0,0,0,-0.0122718,0,0.751651,
97508.4,0.205553,0.205553,-0.118117,-0.118117,2.10806,2.10806,-0.409939,-0.409939,0,0,-0.0122718,-0.0122718,0.751651,0.751651,
97528.4,0.228057,0.205553,-0.102734,-0.118117,2.13034,2.10806,-0.452203,-0.409939,0,0,0,-0.0122718,0,0.751651,
97548.4,0.228057,0.205553,-0.102734,-0.118117,2.13034,2.10806,-0.452203,-0.409939,0,0,0,-0.0122718,0,0.751651,
97568.4,0.229268,0.205553,-0.101414,-0.118117,2.13198,2.10806,-0.455172,-0.409939,0,0,0,-0.0122718,0,0.751651,
97588.4,0.230486,0.205553,-0.100084,-0.118117,2.13363,2.10806,-0.458144,-0.409939,0,0,0,-0.0122718,0,0.751651,
97608.3,0.208621,0.208621,-0.115049,-0.115049,2.11266,2.11266,-0.417609,-0.417609,0,0,-0.0122718,-0.0122718,0.751651,0.751651,
97628.3,0.231714,0.208621,-0.0987463,-0.115049,2.13526,2.11266,-0.461118,-0.417609,0,0,0,-0.0122718,0,0.751651,
97648.4,0.232951,0.208621,-0.0973994,-0.115049,2.13689,2.11266,-0.464094,-0.417609,0,0,0,-0.0122718,0,0.751651,
97668.4,0.232951,0.208621,-0.0973994,-0.115049,2.13689,2.11266,-0.464094,-0.417609,0,0,0,-0.0122718,0,0.751651,
97688.3,0.234196,0.208621,-0.0960437,-0.115049,2.13851,2.11266,-0.467072,-0.417609,0,0,0,-0.0122718,0,0.751651,
97708.4,0.213223,0.213223,-0.113515,-0.113515,2.11879,2.11879,-0.429881,-0.429881,0,0,-0.0122718,-0.0122718,0.751651,0.751651,
97728.4,0.213223,0.213223,-0.113515,-0.113515,2.11879,2.11879,-0.429881,-0.429881,0,0,-0.0122718,-0.0122718,0.751651,0.751651,
97748.5,0.213223,0.213223,-0.113515,-0.113515,2.11879,2.11879,-0.429881,-0.429881,0,0,-0.0122718,-0.0122718,0.751651,0.751651,
97768.5,0.213223,0.213223,-0.113515,-0.113515,2.11879,2.11879,-0.429881,-0.429881,0,0,-0.0122718,-0.0122718,0.751651,0.751651,
97788.4,0.213223,0.213223,-0.113515,-0.113515,2.11879,2.11879,-0.429881,-0.429881,0,0,-0.0122718,-0.0122718,0.751651,0.751651,
97808.3,0.213223,0.217825,-0.113515,-0.105845,2.11879,2.1234,-0.442153,-0.442153,0,0,-0.0122718,-0.0122718,0.751651,0.751651,
97828.5,0.213223,0.217825,-0.113515,-0.105845,2.11879,2.1234,-0.442153,-0.442153,0,0,-0.0122718,-0.0122718,0.751651,0.751651,
97848.4,0.213223,0.217825,-0.113515,-0.105845,2.11879,2.1234,-0.442153,-0.442153,0,0,-0.0122718,-0.0122718,0.751651,0.751651,
97868.4,0.213223,0.217825,-0.113515,-0.105845,2.11879,2.1234,-0.442153,-0.442153,0,0,-0.0122718,-0.0122718,0.751651,0.751651,
97888.4,0.213223,0.217825,-0.113515,-0.105845,2.11879,2.1234,-0.442153,-0.442153,0,0,-0.0122718,-0.0122718,0.751651,0.751651,
97908.4,0.223961,0.223961,-0.101243,-0.101243,2.1326,2.1326,-0.455959,-0.455959,0,0,-0.0122718,-0.0122718,0.751651,0.751651,
97928.5,0.223961,0.223961,-0.101243,-0.101243,2.1326,2.1326,-0.455959,-0.455959,0,0,-0.0122718,-0.0122718,0.751651,0.751651,
97948.5,0.223961,0.223961,-0.101243,-0.101243,2.1326,2.1326,-0.455959,-0.455959,0,0,-0.0122718,-0.0122718,0.751651,0.751651,
97968.4,0.223961,0.223961,-0.101243,-0.101243,2.1326,2.1326,-0.455959,-0.455959,0,0,-0.0122718,-0.0122718,0.751651,0.751651,
97988.4,0.223961,0.223961,-0.101243,-0.101243,2.1326,2.1326,-0.455959,-0.455959,0,0,-0.0122718,-0.0122718,0.751651,0.751651,
98008.4,0.223961,0.223961,-0.101243,-0.101243,2.1326,2.1326,-0.455959,-0.455959,0,0,-0.0122718,-0.0122718,0.751651,0.751651,
98028.5,0.223961,0.225495,-0.101243,-0.0997088,2.1326,2.13567,-0.455959,-0.452891,0,0,-0.0122718,-0.0122718,0.751651,0.751651,
98048.5,0.223961,0.225495,-0.101243,-0.0997088,2.1326,2.13567,-0.455959,-0.452891,0,0,-0.0122718,-0.0122718,0.751651,0.751651,
98068.4,0.223961,0.225495,-0.101243,-0.0997088,2.1326,2.13567,-0.455959,-0.452891,0,0,-0.0122718,-0.0122718,0.751651,0.751651,
98088.4,0.223961,0.225495,-0.101243,-0.0997088,2.1326,2.13567,-0.455959,-0.452891,0,0,-0.0122718,-0.0122718,0.751651,0.751651,
98108.4,0.223961,0.228563,-0.101243,-0.0981748,2.1326,2.13567,-0.455959,-0.463629,0,0,-0.0122718,-0.0122718,0.751651,0.751651,
98128.4,0.223961,0.228563,-0.101243,-0.0981748,2.1326,2.13567,-0.455959,-0.463629,0,0,-0.0122718,-0.0122718,0.751651,0.751651,
98148.3,0.223961,0.228563,-0.101243,-0.0981748,2.1326,2.13567,-0.455959,-0.463629,0,0,-0.0122718,-0.0122718,0.751651,0.751651,
98168.3,0.223961,0.228563,-0.101243,-0.0981748,2.1326,2.13567,-0.455959,-0.463629,0,0,-0.0122718,-0.0122718,0.751651,0.751651,
98188.3,0.223961,0.228563,-0.101243,-0.0981748,2.1326,2.13567,-0.455959,-0.463629,0,0,-0.0122718,-0.0122718,0.751651,0.751651,
98208.4,0.223961,0.228563,-0.101243,-0.0981748,2.1326,2.13567,-0.455959,-0.460561,0,0,-0.0122718,-0.0122718,0.751651,0.751651,
98228.3,0.223961,0.228563,-0.101243,-0.0981748,2.1326,2.13567,-0.455959,-0.460561,0,0,-0.0122718,-0.0122718,0.751651,0.751651,
98248.4,0.223961,0.228563,-0.101243,-0.0981748,2.1326,2.13567,-0.455959,-0.460561,0,0,-0.0122718,-0.0122718,0.751651,0.751651,
98268.3,0.223961,0.228563,-0.101243,-0.0981748,2.1326,2.13567,-0.455959,-0.460561,0,0,-0.0122718,-0.0122718,0.751651,0.751651,
98288.3,0.223961,0.228563,-0.101243,-0.0981748,2.1326,2.13567,-0.455959,-0.460561,0,0,-0.0122718,-0.0122718,0.751651,0.751651,
98308.3,0.223961,0.219359,-0.101243,-0.104311,2.1326,2.13413,-0.445221,-0.445221,0,0,-0.0122718,-0.0122718,0.751651,0.751651,
98331,0.223961,0.219359,-0.101243,-0.104311,2.1326,2.13413,-0.445221,-0.445221,0,0,-0.0122718,-0.0122718,0.751651,0.751651,
98348.3,0.223961,0.219359,-0.101243,-0.104311,2.1326,2.13413,-0.445221,-0.445221,0,0,-0.0122718,-0.0122718,0.751651,0.751651,
98368.4,0.223961,0.219359,-0.101243,-0.104311,2.1326,2.13413,-0.445221,-0.445221,0,0,-0.0122718,-0.0122718,0.751651,0.751651,
98388.3,0.223961,0.219359,-0.101243,-0.104311,2.1326,2.13413,-0.445221,-0.445221,0,0,-0.0122718,-0.0122718,0.751651,0.751651,
98408.4,0.223961,0.222427,-0.101243,-0.101243,2.1326,2.13413,-0.445221,-0.452891,0,0,-0.0122718,-0.0122718,0.751651,0.751651,
98428.3,0.223961,0.222427,-0.101243,-0.101243,2.1326,2.13413,-0.445221,-0.452891,0,0,-0.0122718,-0.0122718,0.751651,0.751651,
98448.4,0.223961,0.222427,-0.101243,-0.101243,2.1326,2.13413,-0.445221,-0.452891,0,0,-0.0122718,-0.0122718,0.751651,0.751651,
98468.4,0.223961,0.222427,-0.101243,-0.101243,2.1326,2.13413,-0.445221,-0.452891,0,0,-0.0122718,-0.0122718,0.751651,0.751651,
98488.3,0.223961,0.222427,-0.101243,-0.101243,2.1326,2.13413,-0.445221,-0.452891,0,0,-0.0122718,-0.0122718,0.751651,0.751651,
98508.3,0.223961,0.222427,-0.101243,-0.101243,2.1326,2.13413,-0.445221,-0.451357,0,0,-0.0122718,-0.0122718,0.751651,0.751651,
98528.4,0.223961,0.222427,-0.101243,-0.101243,2.1326,2.13413,-0.445221,-0.451357,0,0,-0.0122718,-0.0122718,0.751651,0.751651,
98548.5,0.223961,0.222427,-0.101243,-0.101243,2.1326,2.13413,-0.445221,-0.451357,0,0,-0.0122718,-0.0122718,0.751651,0.751651,
98568.5,0.223961,0.222427,-0.101243,-0.101243,2.1326,2.13413,-0.445221,-0.451357,0,0,-0.0122718,-0.0122718,0.751651,0.751651,
98588.4,0.223961,0.222427,-0.101243,-0.0997088,2.1326,2.13567,-0.445221,-0.449823,0,0,-0.0122718,-0.0122718,0.751651,0.751651,
98608.4,0.223961,0.222427,-0.101243,-0.0997088,2.1326,2.13567,-0.445221,-0.449823,0,0,-0.0122718,-0.0122718,0.751651,0.751651,
98628.5,0.223961,0.222427,-0.101243,-0.0997088,2.1326,2.13567,-0.445221,-0.449823,0,0,-0.0122718,-0.0122718,0.751651,0.751651,
98648.3,0.223961,0.222427,-0.101243,-0.0997088,2.1326,2.13567,-0.445221,-0.449823,0,0,-0.0122718,-0.0122718,0.751651,0.751651,
98668.4,0.223961,0.222427,-0.101243,-0.0997088,2.1326,2.13567,-0.445221,-0.449823,0,0,-0.0122718,-0.0122718,0.751651,0.751651,
98688.4,0.223961,0.222427,-0.101243,-0.0981748,2.1326,2.13413,-0.445221,-0.449823,0,0,-0.0122718,-0.0122718,0.751651,0.751651,
98708.3,0.223961,0.222427,-0.101243,-0.0981748,2.1326,2.13413,-0.445221,-0.449823,0,0,-0.0122718,-0.0122718,0.751651,0.751651,
98728.4,0.223961,0.222427,-0.101243,-0.0981748,2.1326,2.13413,-0.445221,-0.449823,0,0,-0.0122718,-0.0122718,0.751651,0.751651,
98748.4,0.223961,0.222427,-0.101243,-0.0981748,2.1326,2.13413,-0.445221,-0.449823,0,0,-0.0122718,-0.0122718,0.751651,0.751651,
98768.4,0.223961,0.222427,-0.101243,-0.0981748,2.1326,2.13413,-0.445221,-0.449823,0,0,-0.0122718,-0.0122718,0.751651,0.751651,
98788.4,0.223961,0.222427,-0.101243,-0.0981748,2.1326,2.13413,-0.445221,-0.449823,0,0,-0.0122718,-0.0122718,0.751651,0.751651,
98808.3,0.223961,0.223961,-0.101243,-0.0966408,2.1326,2.13413,-0.445221,-0.446755,0,0,-0.0122718,-0.0122718,0.751651,0.751651,
98828.3,0.223961,0.223961,-0.101243,-0.0966408,2.1326,2.13413,-0.445221,-0.446755,0,0,-0.0122718,-0.0122718,0.751651,0.751651,
98848.3,0.223961,0.223961,-0.101243,-0.0966408,2.1326,2.13413,-0.445221,-0.446755,0,0,-0.0122718,-0.0122718,0.751651,0.751651,
98868.3,0.223961,0.223961,-0.101243,-0.0966408,2.1326,2.13413,-0.445221,-0.446755,0,0,-0.0122718,-0.0122718,0.751651,0.751651,
98888.3,0.223961,0.223961,-0.101243,-0.0966408,2.1326,2.13413,-0.445221,-0.446755,0,0,-0.0122718,-0.0122718,0.751651,0.751651,
98908.4,0.223961,0.223961,-0.101243,-0.0981748,2.1326,2.128,-0.445221,-0.445221,0,0,-0.0122718,-0.0122718,0.751651,0.751651,
98928.3,0.223961,0.223961,-0.101243,-0.0981748,2.1326,2.128,-0.445221,-0.445221,0,0,-0.0122718,-0.0122718,0.751651,0.751651,
98948.4,0.223961,0.223961,-0.101243,-0.0981748,2.1326,2.128,-0.445221,-0.445221,0,0,-0.0122718,-0.0122718,0.751651,0.751651,
98968.3,0.223961,0.223961,-0.101243,-0.0981748,2.1326,2.128,-0.445221,-0.445221,0,0,-0.0122718,-0.0122718,0.751651,0.751651,
98988.3,0.223961,0.223961,-0.101243,-0.0981748,2.1326,2.12646,-0.445221,-0.445221,0,0,-0.0122718,-0.0122718,0.751651,0.751651,
99008.3,0.223961,0.223961,-0.101243,-0.0981748,2.1326,2.12646,-0.445221,-0.445221,0,0,-0.0122718,-0.0122718,0.751651,0.751651,
99028.5,0.223961,0.223961,-0.101243,-0.0981748,2.1326,2.12646,-0.445221,-0.445221,0,0,-0.0122718,-0.0122718,0.751651,0.751651,
99048.4,0.223961,0.223961,-0.101243,-0.0981748,2.1326,2.12646,-0.445221,-0.445221,0,0,-0.0122718,-0.0122718,0.751651,0.751651,
99068.4,0.223961,0.223961,-0.101243,-0.0981748,2.1326,2.12646,-0.445221,-0.445221,0,0,-0.0122718,-0.0122718,0.751651,0.751651,
99088.3,0.223961,0.223961,-0.101243,-0.0981748,2.1326,2.128,-0.445221,-0.445221,0,-0.00153398,-0.0122718,-0.0122718,0.751651,0.751651,
99108.3,0.223961,0.223961,-0.101243,-0.0981748,2.1326,2.128,-0.445221,-0.445221,0,-0.00153398,-0.0122718,-0.0122718,0.751651,0.751651,
99128.4,0.223961,0.223961,-0.101243,-0.0981748,2.1326,2.128,-0.445221,-0.445221,0,-0.00153398,-0.0122718,-0.0122718,0.751651,0.751651,
99148.3,0.223961,0.223961,-0.101243,-0.0981748,2.1326,2.128,-0.445221,-0.445221,0,-0.00153398,-0.0122718,-0.0122718,0.751651,0.751651,
99168.4,0.223961,0.223961,-0.101243,-0.0981748,2.1326,2.128,-0.445221,-0.445221,0,-0.00153398,-0.0122718,-0.0122718,0.751651,0.751651,
99188.4,0.223961,0.223961,-0.101243,-0.0981748,2.1326,2.128,-0.445221,-0.445221,0,-0.00153398,-0.0122718,-0.0122718,0.751651,0.751651,
99208.4,0.223961,0.223961,-0.101243,-0.0981748,2.1326,2.128,-0.445221,-0.445221,0,-0.00153398,-0.0122718,-0.0122718,0.751651,0.751651,
99228.5,0.223961,0.223961,-0.101243,-0.0966408,2.1326,2.1234,-0.445221,-0.443687,0,0,-0.0122718,-0.0122718,0.751651,0.751651,
99248.4,0.223961,0.223961,-0.101243,-0.0966408,2.1326,2.1234,-0.445221,-0.443687,0,0,-0.0122718,-0.0122718,0.751651,0.751651,
99268.5,0.223961,0.223961,-0.101243,-0.0966408,2.1326,2.1234,-0.445221,-0.443687,0,0,-0.0122718,-0.0122718,0.751651,0.751651,
99288.4,0.223961,0.223961,-0.101243,-0.0966408,2.1326,2.1234,-0.445221,-0.443687,0,0,-0.0122718,-0.0122718,0.751651,0.751651,
99308.3,0.223961,0.223961,-0.101243,-0.0966408,2.1326,2.1234,-0.445221,-0.443687,0,0,-0.0122718,-0.0122718,0.751651,0.751651,
99328.4,0.223961,0.223961,-0.101243,-0.0966408,2.11879,2.11879,-0.445221,-0.443687,0,0,-0.0122718,-0.0122718,0.751651,0.751651,
99348.4,0.223961,0.223961,-0.101243,-0.0966408,2.11879,2.11879,-0.445221,-0.443687,0,0,-0.0122718,-0.0122718,0.751651,0.751651,
99368.3,0.223961,0.223961,-0.101243,-0.0966408,2.11879,2.11879,-0.445221,-0.443687,0,0,-0.0122718,-0.0122718,0.751651,0.751651,
99388.3,0.223961,0.223961,-0.101243,-0.0966408,2.11879,2.11419,-0.445221,-0.445221,0,-0.00153398,-0.0122718,-0.0122718,0.751651,0.751651,
99408.3,0.223961,0.223961,-0.101243,-0.0966408,2.11879,2.11419,-0.445221,-0.445221,0,-0.00153398,-0.0122718,-0.0122718,0.751651,0.751651,
99428.3,0.223961,0.223961,-0.101243,-0.0966408,2.11879,2.11419,-0.445221,-0.445221,0,-0.00153398,-0.0122718,-0.0122718,0.751651,0.751651,
99448.3,0.223961,0.223961,-0.101243,-0.0966408,2.11879,2.11419,-0.445221,-0.445221,0,-0.00153398,-0.0122718,-0.0122718,0.751651,0.751651,
99468.3,0.223961,0.223961,-0.101243,-0.0966408,2.11879,2.11419,-0.445221,-0.445221,0,-0.00153398,-0.0122718,-0.0122718,0.751651,0.751651,
99488.3,0.223961,0.223961,-0.101243,-0.0966408,2.11879,2.11419,-0.445221,-0.445221,0,-0.00153398,-0.0122718,-0.0122718,0.751651,0.751651,
99508.3,0.223961,0.223961,-0.101243,-0.0966408,2.11879,2.11419,-0.445221,-0.445221,0,-0.00153398,-0.0122718,-0.0122718,0.751651,0.751651,
99528.4,0.223961,0.223961,-0.101243,-0.0966408,2.11879,2.11419,-0.445221,-0.445221,0,-0.00153398,-0.0122718,-0.0122718,0.751651,0.751651,
99548.4,0.223961,0.223961,-0.101243,-0.0951068,2.10652,2.10652,-0.445221,-0.442153,0,0.00153398,-0.0122718,-0.0122718,0.751651,0.751651,
99568.4,0.223961,0.223961,-0.101243,-0.0951068,2.10652,2.10652,-0.445221,-0.442153,0,0.00153398,-0.0122718,-0.0122718,0.751651,0.751651,
99588.4,0.223961,0.223961,-0.101243,-0.0951068,2.10652,2.10652,-0.445221,-0.442153,0,0.00153398,-0.0122718,-0.0122718,0.751651,0.751651,
99608.3,0.223961,0.223961,-0.101243,-0.0951068,2.10652,2.10652,-0.445221,-0.442153,0,0.00153398,-0.0122718,-0.0122718,0.751651,0.751651,
99628.3,0.223961,0.223961,-0.101243,-0.0951068,2.10652,2.10652,-0.445221,-0.442153,0,0.00153398,-0.0122718,-0.0122718,0.751651,0.751651,
99648.4,0.223961,0.223961,-0.101243,-0.0951068,2.10652,2.10652,-0.445221,-0.440619,0,0,-0.0122718,-0.0122718,0.751651,0.751651,
99668.4,0.223961,0.223961,-0.101243,-0.0951068,2.10652,2.10652,-0.445221,-0.440619,0,0,-0.0122718,-0.0122718,0.751651,0.751651,
99688.4,0.223961,0.223961,-0.101243,-0.0951068,2.10652,2.10652,-0.445221,-0.440619,0,0,-0.0122718,-0.0122718,0.751651,0.751651,
99708.3,0.223961,0.223961,-0.101243,-0.0951068,2.10652,2.10652,-0.445221,-0.440619,0,0,-0.0122718,-0.0122718,0.751651,0.751651,
99728.5,0.223961,0.223961,-0.101243,-0.0935728,2.10652,2.10192,-0.445221,-0.440619,0,0,-0.0122718,-0.0122718,0.751651,0.750117,
99748.4,0.223961,0.223961,-0.101243,-0.0935728,2.10652,2.10192,-0.445221,-0.440619,0,0,-0.0122718,-0.0122718,0.751651,0.750117,
99768.4,0.223961,0.223961,-0.101243,-0.0935728,2.10652,2.10192,-0.445221,-0.440619,0,0,-0.0122718,-0.0122718,0.751651,0.750117,
99788.5,0.223961,0.223961,-0.101243,-0.0935728,2.10652,2.10192,-0.445221,-0.440619,0,0,-0.0122718,-0.0122718,0.751651,0.750117,
99808.5,0.223961,0.223961,-0.101243,-0.0951068,2.10652,2.10499,-0.445221,-0.442153,0,0,-0.0122718,-0.0122718,0.751651,0.750117,
99828.5,0.223961,0.223961,-0.101243,-0.0951068,2.10652,2.10499,-0.445221,-0.442153,0,0,-0.0122718,-0.0122718,0.751651,0.750117,
99848.5,0.223961,0.223961,-0.101243,-0.0951068,2.10652,2.10499,-0.445221,-0.442153,0,0,-0.0122718,-0.0122718,0.751651,0.750117,
99868.5,0.223961,0.223961,-0.101243,-0.0951068,2.10652,2.10499,-0.445221,-0.442153,0,0,-0.0122718,-0.0122718,0.751651,0.750117,
99888.4,0.223961,0.225495,-0.101243,-0.0951068,2.10652,2.10652,-0.445221,-0.442153,0,0,-0.0122718,-0.0107379,0.751651,0.751651,
99908.4,0.223961,0.225495,-0.101243,-0.0951068,2.10652,2.10652,-0.445221,-0.442153,0,0,-0.0122718,-0.0107379,0.751651,0.751651,
99928.4,0.223961,0.225495,-0.101243,-0.0951068,2.10652,2.10652,-0.445221,-0.442153,0,0,-0.0122718,-0.0107379,0.751651,0.751651,
99948.4,0.223961,0.225495,-0.101243,-0.0951068,2.10652,2.10652,-0.445221,-0.442153,0,0,-0.0122718,-0.0107379,0.751651,0.751651,
99968.4,0.223961,0.225495,-0.101243,-0.0951068,2.10652,2.10652,-0.445221,-0.442153,0,0,-0.0122718,-0.0107379,0.751651,0.751651,
99988.3,0.223961,0.225495,-0.101243,-0.0951068,2.10652,2.10652,-0.445221,-0.442153,0,0,-0.0122718,-0.0107379,0.751651,0.751651,
100008,0.223961,0.225495,-0.101243,-0.0951068,2.10652,2.10959,-0.445221,-0.440619,0,0,-0.0122718,-0.0107379,0.751651,0.751651,
100028,0.223961,0.225495,-0.101243,-0.0951068,2.10652,2.10959,-0.445221,-0.440619,0,0,-0.0122718,-0.0107379,0.751651,0.751651,
100048,0.223961,0.225495,-0.101243,-0.0951068,2.10652,2.10959,-0.445221,-0.440619,0,0,-0.0122718,-0.0107379,0.751651,0.751651,
100068,0.223961,0.225495,-0.101243,-0.0951068,2.10652,2.10959,-0.445221,-0.440619,0,0,-0.0122718,-0.0107379,0.751651,0.751651,
100088,0.223961,0.225495,-0.101243,-0.0951068,2.10652,2.10959,-0.445221,-0.440619,0,0,-0.0122718,-0.0107379,0.751651,0.751651,
100108,0.223961,0.225495,-0.101243,-0.0951068,2.10652,2.10039,-0.445221,-0.442153,0,-0.00153398,-0.0122718,-0.0122718,0.751651,0.751651,
100128,0.223961,0.225495,-0.101243,-0.0951068,2.10652,2.10039,-0.445221,-0.442153,0,-0.00153398,-0.0122718,-0.0122718,0.751651,0.751651,
100148,0.223961,0.225495,-0.101243,-0.0951068,2.10652,2.10039,-0.445221,-0.442153,0,-0.00153398,-0.0122718,-0.0122718,0.751651,0.751651,
100168,0.223961,0.225495,-0.101243,-0.0951068,2.10652,2.10039,-0.445221,-0.442153,0,-0.00153398,-0.0122718,-0.0122718,0.751651,0.751651,
100188,0.223961,0.225495,-0.101243,-0.0951068,2.10652,2.10039,-0.445221,-0.442153,0,-0.00153398,-0.0122718,-0.0122718,0.751651,0.751651,
100208,0.223961,0.225495,-0.101243,-0.0951068,2.08811,2.08811,-0.445221,-0.442153,0,0,-0.0122718,-0.0122718,0.751651,0.751651,
100228,0.223961,0.225495,-0.101243,-0.0951068,2.08811,2.08811,-0.445221,-0.442153,0,0,-0.0122718,-0.0122718,0.751651,0.751651,
100248,0.223961,0.225495,-0.101243,-0.0951068,2.08811,2.08811,-0.445221,-0.442153,0,0,-0.0122718,-0.0122718,0.751651,0.751651,
100268,0.223961,0.225495,-0.101243,-0.0951068,2.08811,2.08811,-0.445221,-0.442153,0,0,-0.0122718,-0.0122718,0.751651,0.751651,
100288,0.223961,0.225495,-0.101243,-0.0951068,2.08811,2.08811,-0.445221,-0.442153,0,0,-0.0122718,-0.0122718,0.751651,0.751651,
100308,0.223961,0.225495,-0.101243,-0.0951068,2.08811,2.08965,-0.445221,-0.445221,0,-0.00306796,-0.0122718,-0.0122718,0.751651,0.751651,
100328,0.223961,0.225495,-0.101243,-0.0951068,2.08811,2.08965,-0.445221,-0.445221,0,-0.00306796,-0.0122718,-0.0122718,0.751651,0.751651,
100348,0.223961,0.225495,-0.101243,-0.0951068,2.08811,2.08965,-0.445221,-0.445221,0,-0.00306796,-0.0122718,-0.0122718,0.751651,0.751651,
100369,0.223961,0.225495,-0.101243,-0.0951068,2.08811,2.08965,-0.445221,-0.445221,0,-0.00306796,-0.0122718,-0.0122718,0.751651,0.751651,
100388,0.223961,0.225495,-0.101243,-0.0951068,2.08811,2.08965,-0.445221,-0.445221,0,-0.00306796,-0.0122718,-0.0122718,0.751651,0.751651,
100408,0.223961,0.225495,-0.101243,-0.0951068,2.08811,2.08811,-0.445221,-0.443687,0,-0.00306796,-0.0122718,-0.0122718,0.751651,0.751651,
100429,0.223961,0.225495,-0.101243,-0.0951068,2.08811,2.08811,-0.445221,-0.443687,0,-0.00306796,-0.0122718,-0.0122718,0.751651,0.751651,
100449,0.223961,0.225495,-0.101243,-0.0951068,2.08811,2.08811,-0.445221,-0.443687,0,-0.00306796,-0.0122718,-0.0122718,0.751651,0.751651,
100468,0.223961,0.225495,-0.101243,-0.0951068,2.08811,2.08811,-0.445221,-0.443687,0,-0.00306796,-0.0122718,-0.0122718,0.751651,0.751651,
100488,0.223961,0.225495,-0.101243,-0.0951068,2.08811,2.08811,-0.445221,-0.443687,0,-0.00306796,-0.0122718,-0.0122718,0.751651,0.751651,
100508,0.223961,0.223961,-0.101243,-0.0951068,2.08811,2.08351,-0.445221,-0.442153,0,-0.00153398,-0.0122718,-0.0122718,0.751651,0.750117,
100528,0.223961,0.223961,-0.101243,-0.0951068,2.08811,2.08351,-0.445221,-0.442153,0,-0.00153398,-0.0122718,-0.0122718,0.751651,0.750117,
100548,0.223961,0.223961,-0.101243,-0.0951068,2.08811,2.08351,-0.445221,-0.442153,0,-0.00153398,-0.0122718,-0.0122718,0.751651,0.750117,
100568,0.223961,0.223961,-0.101243,-0.0951068,2.08811,2.08351,-0.445221,-0.442153,0,-0.00153398,-0.0122718,-0.0122718,0.751651,0.750117,
100588,0.223961,0.223961,-0.101243,-0.0966408,2.08811,2.08044,-0.445221,-0.442153,0,-0.00153398,-0.0122718,-0.0122718,0.751651,0.750117,
100609,0.223961,0.223961,-0.101243,-0.0966408,2.08811,2.08044,-0.445221,-0.442153,0,-0.00153398,-0.0122718,-0.0122718,0.751651,0.750117,
100628,0.223961,0.223961,-0.101243,-0.0966408,2.08811,2.08044,-0.445221,-0.442153,0,-0.00153398,-0.0122718,-0.0122718,0.751651,0.750117,
100648,0.223961,0.223961,-0.101243,-0.0966408,2.08811,2.08044,-0.445221,-0.442153,0,-0.00153398,-0.0122718,-0.0122718,0.751651,0.750117,
100668,0.223961,0.223961,-0.101243,-0.0966408,2.08811,2.08044,-0.445221,-0.442153,0,-0.00153398,-0.0122718,-0.0122718,0.751651,0.750117,
100688,0.223961,0.225495,-0.101243,-0.0966408,2.08811,2.07891,-0.445221,-0.445221,0,-0.00153398,-0.0122718,-0.0122718,0.751651,0.750117,
100708,0.223961,0.225495,-0.101243,-0.0966408,2.08811,2.07891,-0.445221,-0.445221,0,-0.00153398,-0.0122718,-0.0122718,0.751651,0.750117,
100728,0.223961,0.225495,-0.101243,-0.0966408,2.08811,2.07891,-0.445221,-0.445221,0,-0.00153398,-0.0122718,-0.0122718,0.751651,0.750117,
100748,0.223961,0.225495,-0.101243,-0.0966408,2.08811,2.07891,-0.445221,-0.445221,0,-0.00153398,-0.0122718,-0.0122718,0.751651,0.750117,
100768,0.223961,0.225495,-0.101243,-0.0966408,2.08811,2.07891,-0.445221,-0.445221,0,-0.00153398,-0.0122718,-0.0122718,0.751651,0.750117,
100788,0.223961,0.225495,-0.101243,-0.0966408,2.08811,2.07891,-0.445221,-0.445221,0,-0.00153398,-0.0122718,-0.0122718,0.751651,0.750117,
100808,0.223961,0.225495,-0.101243,-0.0966408,2.08811,2.08044,-0.445221,-0.445221,0,0,-0.0122718,-0.0138058,0.751651,0.750117,
100828,0.223961,0.225495,-0.101243,-0.0966408,2.08811,2.08044,-0.445221,-0.445221,0,0,-0.0122718,-0.0138058,0.751651,0.750117,
100848,0.223961,0.225495,-0.101243,-0.0966408,2.08811,2.08044,-0.445221,-0.445221,0,0,-0.0122718,-0.0138058,0.751651,0.750117,
100868,0.223961,0.225495,-0.101243,-0.0966408,2.08811,2.08044,-0.445221,-0.445221,0,0,-0.0122718,-0.0138058,0.751651,0.750117,
100888,0.223961,0.225495,-0.101243,-0.0966408,2.08811,2.08044,-0.445221,-0.445221,0,0,-0.0122718,-0.0138058,0.751651,0.750117,
100908,0.223961,0.223961,-0.101243,-0.0981748,2.08811,2.08044,-0.445221,-0.445221,0,-0.00153398,-0.0122718,-0.0122718,0.751651,0.750117,
100929,0.223961,0.223961,-0.101243,-0.0981748,2.08811,2.08044,-0.445221,-0.445221,0,-0.00153398,-0.0122718,-0.0122718,0.751651,0.750117,
100948,0.223961,0.223961,-0.101243,-0.0981748,2.08811,2.08044,-0.445221,-0.445221,0,-0.00153398,-0.0122718,-0.0122718,0.751651,0.750117,
100968,0.223961,0.223961,-0.101243,-0.0981748,2.08811,2.08044,-0.445221,-0.445221,0,-0.00153398,-0.0122718,-0.0122718,0.751651,0.750117,
100988,0.223961,0.223961,-0.101243,-0.0966408,2.08811,2.08658,-0.445221,-0.442153,0,-0.00153398,-0.0122718,-0.0122718,0.751651,0.750117,
101008,0.223961,0.223961,-0.101243,-0.0966408,2.08811,2.08658,-0.445221,-0.442153,0,-0.00153398,-0.0122718,-0.0122718,0.751651,0.750117,
101028,0.223961,0.223961,-0.101243,-0.0966408,2.08811,2.08658,-0.445221,-0.442153,0,-0.00153398,-0.0122718,-0.0122718,0.751651,0.750117,
101048,0.223961,0.223961,-0.101243,-0.0966408,2.08811,2.08658,-0.445221,-0.442153,0,-0.00153398,-0.0122718,-0.0122718,0.751651,0.750117,
101068,0.223961,0.223961,-0.101243,-0.0966408,2.08811,2.08658,-0.445221,-0.442153,0,-0.00153398,-0.0122718,-0.0122718,0.751651,0.750117,
101088,0.223961,0.223961,-0.101243,-0.0966408,2.07431,2.07431,-0.445221,-0.442153,0,-0.00153398,-0.0122718,-0.0122718,0.751651,0.750117,
101108,0.223961,0.223961,-0.101243,-0.0966408,2.07431,2.07431,-0.445221,-0.442153,0,-0.00153398,-0.0122718,-0.0122718,0.751651,0.750117,
101128,0.223961,0.223961,-0.101243,-0.0966408,2.07431,2.07431,-0.445221,-0.442153,0,-0.00153398,-0.0122718,-0.0122718,0.751651,0.750117,
101148,0.223961,0.223961,-0.101243,-0.0966408,2.07431,2.07431,-0.445221,-0.442153,0,-0.00153398,-0.0122718,-0.0122718,0.751651,0.750117,
101168,0.223961,0.223961,-0.101243,-0.0966408,2.07431,2.07431,-0.445221,-0.442153,0,-0.00153398,-0.0122718,-0.0122718,0.751651,0.750117,
101188,0.223961,0.223961,-0.101243,-0.0966408,2.07431,2.07431,-0.445221,-0.442153,0,-0.00153398,-0.0122718,-0.0122718,0.751651,0.750117,
101208,0.223961,0.223961,-0.101243,-0.104311,2.09272,2.09272,-0.455959,-0.455959,0,-0.00306796,-0.0122718,-0.0168738,0.751651,0.748583,
101228,0.223961,0.223961,-0.101243,-0.104311,2.09272,2.09272,-0.455959,-0.455959,0,-0.00306796,-0.0122718,-0.0168738,0.751651,0.748583,
101248,0.223961,0.223961,-0.101243,-0.104311,2.09272,2.09272,-0.455959,-0.455959,0,-0.00306796,-0.0122718,-0.0168738,0.751651,0.748583,
101268,0.223961,0.223961,-0.101243,-0.104311,2.09272,2.09272,-0.455959,-0.455959,0,-0.00306796,-0.0122718,-0.0168738,0.751651,0.748583,
101288,0.223961,0.223961,-0.101243,-0.104311,2.09272,2.09272,-0.455959,-0.455959,0,-0.00306796,-0.0122718,-0.0168738,0.751651,0.748583,
101308,0.223961,0.223961,-0.101243,-0.104311,2.08198,2.08198,-0.455959,-0.446755,0,0.00153398,-0.0122718,-0.0168738,0.751651,0.748583,
101328,0.223961,0.223961,-0.101243,-0.104311,2.08198,2.08198,-0.455959,-0.446755,0,0.00153398,-0.0122718,-0.0168738,0.751651,0.748583,
101348,0.223961,0.223961,-0.101243,-0.104311,2.08198,2.08198,-0.455959,-0.446755,0,0.00153398,-0.0122718,-0.0168738,0.751651,0.748583,
101368,0.223961,0.223961,-0.101243,-0.104311,2.08198,2.08198,-0.455959,-0.446755,0,0.00153398,-0.0122718,-0.0168738,0.751651,0.748583,
101388,0.223961,0.223961,-0.101243,-0.102777,2.08198,2.08811,-0.455959,-0.449823,0,0.00153398,-0.0122718,-0.0153398,0.751651,0.747049,
101408,0.223961,0.223961,-0.101243,-0.102777,2.08198,2.08811,-0.455959,-0.449823,0,0.00153398,-0.0122718,-0.0153398,0.751651,0.747049,
101428,0.223961,0.223961,-0.101243,-0.102777,2.08198,2.08811,-0.455959,-0.449823,0,0.00153398,-0.0122718,-0.0153398,0.751651,0.747049,
101448,0.223961,0.223961,-0.101243,-0.102777,2.08198,2.08811,-0.455959,-0.449823,0,0.00153398,-0.0122718,-0.0153398,0.751651,0.747049,
101468,0.223961,0.223961,-0.101243,-0.102777,2.08198,2.08811,-0.455959,-0.449823,0,0.00153398,-0.0122718,-0.0153398,0.751651,0.747049,
101488,0.223961,0.223961,-0.101243,-0.101243,2.08198,2.08351,-0.455959,-0.449823,0,0.00153398,-0.0122718,-0.0168738,0.751651,0.748583,
101508,0.223961,0.223961,-0.101243,-0.101243,2.08198,2.08351,-0.455959,-0.449823,0,0.00153398,-0.0122718,-0.0168738,0.751651,0.748583,
101528,0.223961,0.223961,-0.101243,-0.101243,2.08198,2.08351,-0.455959,-0.449823,0,0.00153398,-0.0122718,-0.0168738,0.751651,0.748583,
101549,0.223961,0.223961,-0.101243,-0.101243,2.08198,2.08351,-0.455959,-0.449823,0,0.00153398,-0.0122718,-0.0168738,0.751651,0.748583,
101568,0.223961,0.223961,-0.101243,-0.101243,2.08198,2.08351,-0.455959,-0.449823,0,0.00153398,-0.0122718,-0.0168738,0.751651,0.748583,
101588,0.223961,0.223961,-0.101243,-0.101243,2.08198,2.08351,-0.455959,-0.449823,0,0.00153398,-0.0122718,-0.0168738,0.751651,0.748583,
101608,0.223961,0.225495,-0.101243,-0.101243,2.06817,2.06817,-0.455959,-0.454425,0,0.00153398,-0.0122718,-0.0168738,0.751651,0.747049,
101628,0.223961,0.225495,-0.101243,-0.101243,2.06817,2.06817,-0.455959,-0.454425,0,0.00153398,-0.0122718,-0.0168738,0.751651,0.747049,
101649,0.223961,0.225495,-0.101243,-0.101243,2.06817,2.06817,-0.455959,-0.454425,0,0.00153398,-0.0122718,-0.0168738,0.751651,0.747049,
101668,0.223961,0.225495,-0.101243,-0.101243,2.06817,2.06817,-0.455959,-0.454425,0,0.00153398,-0.0122718,-0.0168738,0.751651,0.747049,
101688,0.223961,0.225495,-0.101243,-0.101243,2.06817,2.06817,-0.455959,-0.454425,0,0.00153398,-0.0122718,-0.0168738,0.751651,0.747049,
101708,0.223961,0.227029,-0.101243,-0.102777,2.06817,2.0651,-0.455959,-0.460561,0,-0.0076699,-0.0122718,-0.0168738,0.751651,0.747049,
101728,0.223961,0.227029,-0.101243,-0.102777,2.06817,2.0651,-0.455959,-0.460561,0,-0.0076699,-0.0122718,-0.0168738,0.751651,0.747049,
101748,0.223961,0.227029,-0.101243,-0.102777,2.06817,2.0651,-0.455959,-0.460561,0,-0.0076699,-0.0122718,-0.0168738,0.751651,0.747049,
101768,0.223961,0.227029,-0.101243,-0.102777,2.06817,2.0651,-0.455959,-0.460561,0,-0.0076699,-0.0122718,-0.0168738,0.751651,0.747049,
101788,0.223961,0.223961,-0.101243,-0.104311,2.06817,2.07431,-0.455959,-0.462095,0,-0.0076699,-0.0122718,-0.0168738,0.751651,0.747049,
101808,0.223961,0.223961,-0.101243,-0.104311,2.06817,2.07431,-0.455959,-0.462095,0,-0.0076699,-0.0122718,-0.0168738,0.751651,0.747049,
101828,0.223961,0.223961,-0.101243,-0.104311,2.06817,2.07431,-0.455959,-0.462095,0,-0.0076699,-0.0122718,-0.0168738,0.751651,0.747049,
101848,0.223961,0.223961,-0.101243,-0.104311,2.06817,2.07431,-0.455959,-0.462095,0,-0.0076699,-0.0122718,-0.0168738,0.751651,0.747049,
101868,0.223961,0.223961,-0.101243,-0.104311,2.06817,2.07431,-0.455959,-0.462095,0,-0.0076699,-0.0122718,-0.0168738,0.751651,0.747049,
101888,0.223961,0.223961,-0.101243,-0.102777,2.06817,2.07277,-0.455959,-0.457493,0,-0.00460194,-0.0122718,-0.0153398,0.751651,0.747049,
101908,0.223961,0.223961,-0.101243,-0.102777,2.06817,2.07277,-0.455959,-0.457493,0,-0.00460194,-0.0122718,-0.0153398,0.751651,0.747049,
101928,0.223961,0.223961,-0.101243,-0.102777,2.06817,2.07277,-0.455959,-0.457493,0,-0.00460194,-0.0122718,-0.0153398,0.751651,0.747049,
101948,0.223961,0.223961,-0.101243,-0.102777,2.06817,2.07277,-0.455959,-0.457493,0,-0.00460194,-0.0122718,-0.0153398,0.751651,0.747049,
101968,0.223961,0.223961,-0.101243,-0.102777,2.06817,2.07277,-0.455959,-0.457493,0,-0.00460194,-0.0122718,-0.0153398,0.751651,0.747049,
101988,0.223961,0.223961,-0.101243,-0.102777,2.06817,2.07277,-0.455959,-0.457493,0,-0.00460194,-0.0122718,-0.0153398,0.751651,0.747049,
102008,0.223961,0.222427,-0.101243,-0.101243,2.06817,2.06971,-0.455959,-0.457493,0,-0.00460194,-0.0122718,-0.0153398,0.751651,0.747049,
102029,0.223961,0.222427,-0.101243,-0.101243,2.06817,2.06971,-0.455959,-0.457493,0,-0.00460194,-0.0122718,-0.0153398,0.751651,0.747049,
102048,0.223961,0.222427,-0.101243,-0.101243,2.06817,2.06971,-0.455959,-0.457493,0,-0.00460194,-0.0122718,-0.0153398,0.751651,0.747049,
102068,0.223961,0.222427,-0.101243,-0.101243,2.06817,2.06971,-0.455959,-0.457493,0,-0.00460194,-0.0122718,-0.0153398,0.751651,0.747049,
102088,0.223961,0.222427,-0.101243,-0.101243,2.06817,2.06971,-0.455959,-0.457493,0,-0.00460194,-0.0122718,-0.0153398,0.751651,0.747049,
102108,0.223961,0.222427,-0.101243,-0.101243,2.06817,2.06204,-0.455959,-0.459027,0,-0.00460194,-0.0122718,-0.0168738,0.751651,0.747049,
102128,0.223961,0.222427,-0.101243,-0.101243,2.06817,2.06204,-0.455959,-0.459027,0,-0.00460194,-0.0122718,-0.0168738,0.751651,0.747049,
102148,0.223961,0.222427,-0.101243,-0.101243,2.06817,2.06204,-0.455959,-0.459027,0,-0.00460194,-0.0122718,-0.0168738,0.751651,0.747049,
102168,0.223961,0.222427,-0.101243,-0.101243,2.06817,2.06204,-0.455959,-0.459027,0,-0.00460194,-0.0122718,-0.0168738,0.751651,0.747049,
102188,0.223961,0.222427,-0.101243,-0.102777,2.06817,2.0605,-0.455959,-0.460561,0,-0.00306796,-0.0122718,-0.0168738,0.751651,0.747049,
102208,0.223961,0.222427,-0.101243,-0.102777,2.06817,2.0605,-0.455959,-0.460561,0,-0.00306796,-0.0122718,-0.0168738,0.751651,0.747049,
102228,0.223961,0.222427,-0.101243,-0.102777,2.06817,2.0605,-0.455959,-0.460561,0,-0.00306796,-0.0122718,-0.0168738,0.751651,0.747049,
102249,0.223961,0.222427,-0.101243,-0.102777,2.06817,2.0605,-0.455959,-0.460561,0,-0.00306796,-0.0122718,-0.0168738,0.751651,0.747049,
102268,0.223961,0.222427,-0.101243,-0.102777,2.06817,2.0605,-0.455959,-0.460561,0,-0.00306796,-0.0122718,-0.0168738,0.751651,0.747049,
102288,0.223961,0.222427,-0.101243,-0.102777,2.06817,2.0651,-0.455959,-0.459027,0,-0.00153398,-0.0122718,-0.0168738,0.751651,0.747049,
102308,0.223961,0.222427,-0.101243,-0.102777,2.06817,2.0651,-0.455959,-0.459027,0,-0.00153398,-0.0122718,-0.0168738,0.751651,0.747049,
102328,0.223961,0.222427,-0.101243,-0.102777,2.06817,2.0651,-0.455959,-0.459027,0,-0.00153398,-0.0122718,-0.0168738,0.751651,0.747049,
102348,0.223961,0.222427,-0.101243,-0.102777,2.06817,2.0651,-0.455959,-0.459027,0,-0.00153398,-0.0122718,-0.0168738,0.751651,0.747049,
102368,0.223961,0.222427,-0.101243,-0.102777,2.06817,2.0651,-0.455959,-0.459027,0,-0.00153398,-0.0122718,-0.0168738,0.751651,0.747049,
102388,0.223961,0.222427,-0.101243,-0.102777,2.06817,2.0651,-0.455959,-0.459027,0,-0.00153398,-0.0122718,-0.0168738,0.751651,0.747049,
102408,0.223961,0.222427,-0.101243,-0.102777,2.06817,2.06817,-0.455959,-0.457493,0,-0.00153398,-0.0122718,-0.0168738,0.751651,0.747049,
102428,0.223961,0.222427,-0.101243,-0.102777,2.06817,2.06817,-0.455959,-0.457493,0,-0.00153398,-0.0122718,-0.0168738,0.751651,0.747049,
102448,0.223961,0.222427,-0.101243,-0.102777,2.06817,2.06817,-0.455959,-0.457493,0,-0.00153398,-0.0122718,-0.0168738,0.751651,0.747049,
102468,0.223961,0.222427,-0.101243,-0.102777,2.06817,2.06817,-0.455959,-0.457493,0,-0.00153398,-0.0122718,-0.0168738,0.751651,0.747049,
102488,0.223961,0.222427,-0.101243,-0.102777,2.06817,2.06817,-0.455959,-0.457493,0,-0.00153398,-0.0122718,-0.0168738,0.751651,0.747049,
102508,0.223961,0.223961,-0.101243,-0.102777,2.06817,2.0651,-0.455959,-0.459027,0,-0.00153398,-0.0122718,-0.0168738,0.751651,0.747049,
102528,0.223961,0.223961,-0.101243,-0.102777,2.06817,2.0651,-0.455959,-0.459027,0,-0.00153398,-0.0122718,-0.0168738,0.751651,0.747049,
102548,0.223961,0.223961,-0.101243,-0.102777,2.06817,2.0651,-0.455959,-0.459027,0,-0.00153398,-0.0122718,-0.0168738,0.751651,0.747049,
102568,0.223961,0.223961,-0.101243,-0.102777,2.06817,2.0651,-0.455959,-0.459027,0,-0.00153398,-0.0122718,-0.0168738,0.751651,0.747049,
102588,0.223961,0.223961,-0.101243,-0.102777,2.06817,2.0651,-0.455959,-0.459027,0,-0.00153398,-0.0122718,-0.0168738,0.751651,0.747049,
102608,0.223961,0.223961,-0.101243,-0.101243,2.06817,2.06664,-0.455959,-0.457493,0,-0.00153398,-0.0122718,-0.0168738,0.751651,0.747049,
102628,0.223961,0.223961,-0.101243,-0.101243,2.06817,2.06664,-0.455959,-0.457493,0,-0.00153398,-0.0122718,-0.0168738,0.751651,0.747049,
102648,0.223961,0.223961,-0.101243,-0.101243,2.06817,2.06664,-0.455959,-0.457493,0,-0.00153398,-0.0122718,-0.0168738,0.751651,0.747049,
102668,0.223961,0.223961,-0.101243,-0.101243,2.06817,2.06664,-0.455959,-0.457493,0,-0.00153398,-0.0122718,-0.0168738,0.751651,0.747049,
102688,0.223961,0.223961,-0.101243,-0.101243,2.06817,2.06664,-0.455959,-0.457493,0,-0.00153398,-0.0122718,-0.0168738,0.751651,0.747049,
102708,0.223961,0.222427,-0.101243,-0.102777,2.06817,2.06664,-0.455959,-0.457493,0,-0.00153398,-0.0122718,-0.0168738,0.751651,0.747049,
102728,0.223961,0.222427,-0.101243,-0.102777,2.06817,2.06664,-0.455959,-0.457493,0,-0.00153398,-0.0122718,-0.0168738,0.751651,0.747049,
102748,0.223961,0.222427,-0.101243,-0.102777,2.06817,2.06664,-0.455959,-0.457493,0,-0.00153398,-0.0122718,-0.0168738,0.751651,0.747049,
102768,0.223961,0.222427,-0.101243,-0.102777,2.06817,2.06664,-0.455959,-0.457493,0,-0.00153398,-0.0122718,-0.0168738,0.751651,0.747049,
102788,0.223961,0.222427,-0.101243,-0.102777,2.06817,2.06664,-0.455959,-0.457493,0,-0.00153398,-0.0122718,-0.0168738,0.751651,0.747049,
102808,0.223961,0.223961,-0.101243,-0.101243,2.06817,2.06817,-0.455959,-0.457493,0,-0.00153398,-0.0122718,-0.0168738,0.751651,0.747049,
102828,0.223961,0.223961,-0.101243,-0.101243,2.06817,2.06817,-0.455959,-0.457493,0,-0.00153398,-0.0122718,-0.0168738,0.751651,0.747049,
102848,0.223961,0.223961,-0.101243,-0.101243,2.06817,2.06817,-0.455959,-0.457493,0,-0.00153398,-0.0122718,-0.0168738,0.751651,0.747049,
102868,0.223961,0.223961,-0.101243,-0.101243,2.06817,2.06817,-0.455959,-0.457493,0,-0.00153398,-0.0122718,-0.0168738,0.751651,0.747049,
102888,0.223961,0.223961,-0.101243,-0.101243,2.06817,2.06817,-0.455959,-0.457493,0,-0.00153398,-0.0122718,-0.0168738,0.751651,0.747049,
102908,0.223961,0.222427,-0.101243,-0.102777,2.06817,2.06664,-0.455959,-0.457493,0,-0.00153398,-0.0122718,-0.0168738,0.751651,0.747049,
102928,0.223961,0.222427,-0.101243,-0.102777,2.06817,2.06664,-0.455959,-0.457493,0,-0.00153398,-0.0122718,-0.0168738,0.751651,0.747049,
102948,0.223961,0.222427,-0.101243,-0.102777,2.06817,2.06664,-0.455959,-0.457493,0,-0.00153398,-0.0122718,-0.0168738,0.751651,0.747049,
102968,0.223961,0.222427,-0.101243,-0.102777,2.06817,2.06664,-0.455959,-0.457493,0,-0.00153398,-0.0122718,-0.0168738,0.751651,0.747049,
102988,0.223961,0.223961,-0.101243,-0.102777,2.06817,2.06817,-0.455959,-0.457493,0,-0.00153398,-0.0122718,-0.0168738,0.751651,0.747049,
103008,0.223961,0.223961,-0.101243,-0.102777,2.06817,2.06817,-0.455959,-0.457493,0,-0.00153398,-0.0122718,-0.0168738,0.751651,0.747049,
103028,0.223961,0.223961,-0.101243,-0.102777,2.06817,2.06817,-0.455959,-0.457493,0,-0.00153398,-0.0122718,-0.0168738,0.751651,0.747049,
103048,0.223961,0.223961,-0.101243,-0.102777,2.06817,2.06817,-0.455959,-0.457493,0,-0.00153398,-0.0122718,-0.0168738,0.751651,0.747049,
103068,0.223961,0.223961,-0.101243,-0.102777,2.06817,2.06817,-0.455959,-0.457493,0,-0.00153398,-0.0122718,-0.0168738,0.751651,0.747049,
103088,0.223961,0.223961,-0.101243,-0.102777,2.06817,2.06817,-0.455959,-0.457493,0,-0.00153398,-0.0122718,-0.0168738,0.751651,0.747049,
103108,0.223961,0.223961,-0.101243,-0.102777,2.06817,2.06817,-0.455959,-0.457493,0,-0.00153398,-0.0122718,-0.0168738,0.751651,0.747049,
103128,0.223961,0.223961,-0.101243,-0.102777,2.06817,2.06817,-0.455959,-0.457493,0,-0.00153398,-0.0122718,-0.0168738,0.751651,0.747049,
103148,0.223961,0.223961,-0.101243,-0.102777,2.06817,2.06817,-0.455959,-0.457493,0,-0.00153398,-0.0122718,-0.0168738,0.751651,0.747049,
103169,0.223961,0.223961,-0.101243,-0.102777,2.06817,2.06817,-0.455959,-0.457493,0,-0.00153398,-0.0122718,-0.0168738,0.751651,0.747049,
103189,0.223961,0.223961,-0.101243,-0.102777,2.06817,2.06817,-0.455959,-0.457493,0,-0.00153398,-0.0122718,-0.0168738,0.751651,0.747049,
103208,0.223961,0.222427,-0.101243,-0.102777,2.06817,2.06664,-0.455959,-0.457493,0,-0.00153398,-0.0122718,-0.0168738,0.751651,0.747049,
103228,0.223961,0.222427,-0.101243,-0.102777,2.06817,2.06664,-0.455959,-0.457493,0,-0.00153398,-0.0122718,-0.0168738,0.751651,0.747049,
103248,0.223961,0.222427,-0.101243,-0.102777,2.06817,2.06664,-0.455959,-0.457493,0,-0.00153398,-0.0122718,-0.0168738,0.751651,0.747049,
103268,0.223961,0.222427,-0.101243,-0.102777,2.06817,2.06664,-0.455959,-0.457493,0,-0.00153398,-0.0122718,-0.0168738,0.751651,0.747049,
103288,0.223961,0.222427,-0.101243,-0.102777,2.06817,2.06664,-0.455959,-0.457493,0,-0.00153398,-0.0122718,-0.0168738,0.751651,0.747049,
103308,0.223961,0.223961,-0.101243,-0.102777,2.06817,2.06817,-0.455959,-0.457493,0,-0.00153398,-0.0122718,-0.0168738,0.751651,0.747049,
103328,0.223961,0.223961,-0.101243,-0.102777,2.06817,2.06817,-0.455959,-0.457493,0,-0.00153398,-0.0122718,-0.0168738,0.751651,0.747049,
103348,0.223961,0.223961,-0.101243,-0.102777,2.06817,2.06817,-0.455959,-0.457493,0,-0.00153398,-0.0122718,-0.0168738,0.751651,0.747049,
103368,0.223961,0.223961,-0.101243,-0.102777,2.06817,2.06817,-0.455959,-0.457493,0,-0.00153398,-0.0122718,-0.0168738,0.751651,0.747049,
103388,0.223961,0.222427,-0.101243,-0.102777,2.06817,2.06664,-0.455959,-0.457493,0,-0.00153398,-0.0122718,-0.0168738,0.751651,0.747049,
103408,0.223961,0.222427,-0.101243,-0.102777,2.06817,2.06664,-0.455959,-0.457493,0,-0.00153398,-0.0122718,-0.0168738,0.751651,0.747049,
103428,0.223961,0.222427,-0.101243,-0.102777,2.06817,2.06664,-0.455959,-0.457493,0,-0.00153398,-0.0122718,-0.0168738,0.751651,0.747049,
103448,0.223961,0.222427,-0.101243,-0.102777,2.06817,2.06664,-0.455959,-0.457493,0,-0.00153398,-0.0122718,-0.0168738,0.751651,0.747049,
103468,0.223961,0.222427,-0.101243,-0.102777,2.06817,2.06664,-0.455959,-0.457493,0,-0.00153398,-0.0122718,-0.0168738,0.751651,0.747049,
103488,0.223961,0.222427,-0.101243,-0.102777,2.06817,2.06664,-0.455959,-0.457493,0,-0.00153398,-0.0122718,-0.0168738,0.751651,0.747049,
103508,0.223961,0.223961,-0.101243,-0.102777,2.06817,2.06817,-0.455959,-0.455959,0,-0.00153398,-0.0122718,-0.0168738,0.751651,0.747049,
103528,0.223961,0.223961,-0.101243,-0.102777,2.06817,2.06817,-0.455959,-0.455959,0,-0.00153398,-0.0122718,-0.0168738,0.751651,0.747049,
103548,0.223961,0.223961,-0.101243,-0.102777,2.06817,2.06817,-0.455959,-0.455959,0,-0.00153398,-0.0122718,-0.0168738,0.751651,0.747049,
103568,0.223961,0.223961,-0.101243,-0.102777,2.06817,2.06817,-0.455959,-0.455959,0,-0.00153398,-0.0122718,-0.0168738,0.751651,0.747049,
103588,0.223961,0.223961,-0.101243,-0.102777,2.06817,2.06817,-0.455959,-0.455959,0,-0.00153398,-0.0122718,-0.0168738,0.751651,0.747049,
103608,0.223961,0.222427,-0.101243,-0.102777,2.06817,2.06817,-0.455959,-0.455959,0,-0.00153398,-0.0122718,-0.0168738,0.751651,0.747049,
103628,0.223961,0.222427,-0.101243,-0.102777,2.06817,2.06817,-0.455959,-0.455959,0,-0.00153398,-0.0122718,-0.0168738,0.751651,0.747049,
103648,0.223961,0.222427,-0.101243,-0.102777,2.06817,2.06817,-0.455959,-0.455959,0,-0.00153398,-0.0122718,-0.0168738,0.751651,0.747049,
103668,0.223961,0.222427,-0.101243,-0.102777,2.06817,2.06817,-0.455959,-0.455959,0,-0.00153398,-0.0122718,-0.0168738,0.751651,0.747049,
103688,0.223961,0.222427,-0.101243,-0.102777,2.06817,2.06817,-0.455959,-0.455959,0,-0.00153398,-0.0122718,-0.0168738,0.751651,0.747049,
103708,0.223961,0.222427,-0.101243,-0.102777,2.06817,2.06817,-0.455959,-0.455959,0,-0.00153398,-0.0122718,-0.0168738,0.751651,0.747049,
103728,0.223961,0.222427,-0.101243,-0.102777,2.06817,2.06817,-0.455959,-0.455959,0,-0.00153398,-0.0122718,-0.0168738,0.751651,0.747049,
103748,0.223961,0.222427,-0.101243,-0.102777,2.06817,2.06817,-0.455959,-0.455959,0,-0.00153398,-0.0122718,-0.0168738,0.751651,0.747049,
103768,0.223961,0.222427,-0.101243,-0.102777,2.06817,2.06817,-0.455959,-0.455959,0,-0.00153398,-0.0122718,-0.0168738,0.751651,0.747049,
103788,0.223961,0.222427,-0.101243,-0.102777,2.06817,2.06664,-0.455959,-0.455959,0,-0.00153398,-0.0122718,-0.0168738,0.751651,0.747049,
103808,0.223961,0.222427,-0.101243,-0.102777,2.06817,2.06664,-0.455959,-0.455959,0,-0.00153398,-0.0122718,-0.0168738,0.751651,0.747049,
103828,0.223961,0.222427,-0.101243,-0.102777,2.06817,2.06664,-0.455959,-0.455959,0,-0.00153398,-0.0122718,-0.0168738,0.751651,0.747049,
103848,0.223961,0.222427,-0.101243,-0.102777,2.06817,2.06664,-0.455959,-0.455959,0,-0.00153398,-0.0122718,-0.0168738,0.751651,0.747049,
103868,0.223961,0.222427,-0.101243,-0.102777,2.06817,2.06664,-0.455959,-0.455959,0,-0.00153398,-0.0122718,-0.0168738,0.751651,0.747049,
103888,0.223961,0.222427,-0.101243,-0.102777,2.06817,2.06664,-0.455959,-0.455959,0,-0.00153398,-0.0122718,-0.0168738,0.751651,0.747049,
103908,0.223961,0.222427,-0.101243,-0.102777,2.06817,2.06817,-0.455959,-0.457493,0,-0.00153398,-0.0122718,-0.0168738,0.751651,0.747049,
103928,0.223961,0.222427,-0.101243,-0.102777,2.06817,2.06817,-0.455959,-0.457493,0,-0.00153398,-0.0122718,-0.0168738,0.751651,0.747049,
103948,0.223961,0.222427,-0.101243,-0.102777,2.06817,2.06817,-0.455959,-0.457493,0,-0.00153398,-0.0122718,-0.0168738,0.751651,0.747049,
103968,0.223961,0.222427,-0.101243,-0.102777,2.06817,2.06817,-0.455959,-0.457493,0,-0.00153398,-0.0122718,-0.0168738,0.751651,0.747049,
103988,0.223961,0.222427,-0.101243,-0.102777,2.06817,2.06817,-0.455959,-0.457493,0,-0.00153398,-0.0122718,-0.0168738,0.751651,0.747049,
104008,0.223961,0.222427,-0.101243,-0.102777,2.06817,2.06817,-0.455959,-0.457493,0,-0.00153398,-0.0122718,-0.0168738,0.751651,0.747049,
104028,0.223961,0.222427,-0.101243,-0.102777,2.06817,2.06817,-0.455959,-0.457493,0,-0.00153398,-0.0122718,-0.0168738,0.751651,0.747049,
104048,0.223961,0.222427,-0.101243,-0.102777,2.06817,2.06817,-0.455959,-0.457493,0,-0.00153398,-0.0122718,-0.0168738,0.751651,0.747049,
104068,0.223961,0.222427,-0.101243,-0.102777,2.06817,2.06817,-0.455959,-0.457493,0,-0.00153398,-0.0122718,-0.0168738,0.751651,0.747049,
104088,0.223961,0.222427,-0.101243,-0.102777,2.06817,2.06817,-0.455959,-0.457493,0,-0.00153398,-0.0122718,-0.0168738,0.751651,0.747049,
104108,0.223961,0.223961,-0.101243,-0.102777,2.06817,2.06664,-0.455959,-0.455959,0,-0.00153398,-0.0122718,-0.0168738,0.751651,0.747049,
104128,0.223961,0.223961,-0.101243,-0.102777,2.06817,2.06664,-0.455959,-0.455959,0,-0.00153398,-0.0122718,-0.0168738,0.751651,0.747049,
104148,0.223961,0.223961,-0.101243,-0.102777,2.06817,2.06664,-0.455959,-0.455959,0,-0.00153398,-0.0122718,-0.0168738,0.751651,0.747049,
104168,0.223961,0.223961,-0.101243,-0.102777,2.06817,2.06664,-0.455959,-0.455959,0,-0.00153398,-0.0122718,-0.0168738,0.751651,0.747049,
104188,0.223961,0.222427,-0.101243,-0.102777,2.06817,2.06664,-0.455959,-0.455959,0,-0.00153398,-0.0122718,-0.0168738,0.751651,0.747049,
104208,0.223961,0.222427,-0.101243,-0.102777,2.06817,2.06664,-0.455959,-0.455959,0,-0.00153398,-0.0122718,-0.0168738,0.751651,0.747049,
104228,0.223961,0.222427,-0.101243,-0.102777,2.06817,2.06664,-0.455959,-0.455959,0,-0.00153398,-0.0122718,-0.0168738,0.751651,0.747049,
104248,0.223961,0.222427,-0.101243,-0.102777,2.06817,2.06664,-0.455959,-0.455959,0,-0.00153398,-0.0122718,-0.0168738,0.751651,0.747049,
104268,0.223961,0.222427,-0.101243,-0.102777,2.06817,2.06664,-0.455959,-0.455959,0,-0.00153398,-0.0122718,-0.0168738,0.751651,0.747049,
104288,0.223961,0.222427,-0.101243,-0.102777,2.06817,2.06664,-0.455959,-0.455959,0,-0.00153398,-0.0122718,-0.0168738,0.751651,0.747049,
104308,0.223961,0.223961,-0.101243,-0.102777,2.06817,2.06664,-0.455959,-0.455959,0,-0.00153398,-0.0122718,-0.0168738,0.751651,0.747049,
104328,0.223961,0.223961,-0.101243,-0.102777,2.06817,2.06664,-0.455959,-0.455959,0,-0.00153398,-0.0122718,-0.0168738,0.751651,0.747049,
104348,0.223961,0.223961,-0.101243,-0.102777,2.06817,2.06664,-0.455959,-0.455959,0,-0.00153398,-0.0122718,-0.0168738,0.751651,0.747049,
104368,0.223961,0.223961,-0.101243,-0.102777,2.06817,2.06664,-0.455959,-0.455959,0,-0.00153398,-0.0122718,-0.0168738,0.751651,0.747049,
104388,0.223961,0.223961,-0.101243,-0.102777,2.06817,2.06664,-0.455959,-0.455959,0,-0.00153398,-0.0122718,-0.0168738,0.751651,0.747049,
104408,0.223961,0.222427,-0.101243,-0.102777,2.06817,2.06817,-0.455959,-0.455959,0,-0.00153398,-0.0122718,-0.0168738,0.751651,0.747049,
104428,0.223961,0.222427,-0.101243,-0.102777,2.06817,2.06817,-0.455959,-0.455959,0,-0.00153398,-0.0122718,-0.0168738,0.751651,0.747049,
104448,0.223961,0.222427,-0.101243,-0.102777,2.06817,2.06817,-0.455959,-0.455959,0,-0.00153398,-0.0122718,-0.0168738,0.751651,0.747049,
104468,0.223961,0.222427,-0.101243,-0.102777,2.06817,2.06817,-0.455959,-0.455959,0,-0.00153398,-0.0122718,-0.0168738,0.751651,0.747049,
104488,0.223961,0.222427,-0.101243,-0.102777,2.06817,2.06817,-0.455959,-0.455959,0,-0.00153398,-0.0122718,-0.0168738,0.751651,0.747049,
104508,0.223961,0.222427,-0.101243,-0.102777,2.06817,2.06664,-0.455959,-0.455959,0,-0.00153398,-0.0122718,-0.0168738,0.751651,0.747049,
104528,0.223961,0.222427,-0.101243,-0.102777,2.06817,2.06664,-0.455959,-0.455959,0,-0.00153398,-0.0122718,-0.0168738,0.751651,0.747049,
104548,0.223961,0.222427,-0.101243,-0.102777,2.06817,2.06664,-0.455959,-0.455959,0,-0.00153398,-0.0122718,-0.0168738,0.751651,0.747049,
104568,0.223961,0.222427,-0.101243,-0.102777,2.06817,2.06664,-0.455959,-0.455959,0,-0.00153398,-0.0122718,-0.0168738,0.751651,0.747049,
104588,0.223961,0.222427,-0.101243,-0.102777,2.06817,2.06817,-0.455959,-0.455959,0,-0.00153398,-0.0122718,-0.0168738,0.751651,0.747049,
104608,0.223961,0.222427,-0.101243,-0.102777,2.06817,2.06817,-0.455959,-0.455959,0,-0.00153398,-0.0122718,-0.0168738,0.751651,0.747049,
104628,0.223961,0.222427,-0.101243,-0.102777,2.06817,2.06817,-0.455959,-0.455959,0,-0.00153398,-0.0122718,-0.0168738,0.751651,0.747049,
104648,0.223961,0.222427,-0.101243,-0.102777,2.06817,2.06817,-0.455959,-0.455959,0,-0.00153398,-0.0122718,-0.0168738,0.751651,0.747049,
104668,0.223961,0.222427,-0.101243,-0.102777,2.06817,2.06817,-0.455959,-0.455959,0,-0.00153398,-0.0122718,-0.0168738,0.751651,0.747049,
104688,0.223961,0.222427,-0.101243,-0.102777,2.06817,2.06817,-0.455959,-0.455959,0,-0.00153398,-0.0122718,-0.0168738,0.751651,0.747049,
104708,0.223961,0.222427,-0.101243,-0.102777,2.06817,2.06817,-0.455959,-0.455959,0,-0.00153398,-0.0122718,-0.0168738,0.751651,0.747049,
104728,0.223961,0.222427,-0.101243,-0.102777,2.06817,2.06817,-0.455959,-0.455959,0,-0.00153398,-0.0122718,-0.0168738,0.751651,0.747049,
104748,0.223961,0.222427,-0.101243,-0.102777,2.06817,2.06817,-0.455959,-0.455959,0,-0.00153398,-0.0122718,-0.0168738,0.751651,0.747049,
104768,0.223961,0.222427,-0.101243,-0.102777,2.06817,2.06817,-0.455959,-0.455959,0,-0.00153398,-0.0122718,-0.0168738,0.751651,0.747049,
104788,0.223961,0.222427,-0.101243,-0.102777,2.06817,2.06817,-0.455959,-0.455959,0,-0.00153398,-0.0122718,-0.0168738,0.751651,0.747049,
104808,0.223961,0.222427,-0.101243,-0.101243,2.06817,2.06817,-0.455959,-0.455959,0,-0.00153398,-0.0122718,-0.0168738,0.751651,0.745515,
104828,0.223961,0.222427,-0.101243,-0.101243,2.06817,2.06817,-0.455959,-0.455959,0,-0.00153398,-0.0122718,-0.0168738,0.751651,0.745515,
104848,0.223961,0.222427,-0.101243,-0.101243,2.06817,2.06817,-0.455959,-0.455959,0,-0.00153398,-0.0122718,-0.0168738,0.751651,0.745515,
104868,0.223961,0.222427,-0.101243,-0.101243,2.06817,2.06817,-0.455959,-0.455959,0,-0.00153398,-0.0122718,-0.0168738,0.751651,0.745515,
104888,0.223961,0.222427,-0.101243,-0.101243,2.06817,2.06817,-0.455959,-0.455959,0,-0.00153398,-0.0122718,-0.0168738,0.751651,0.745515,
104908,0.223961,0.222427,-0.101243,-0.102777,2.06817,2.06817,-0.455959,-0.455959,0,-0.00153398,-0.0122718,-0.0168738,0.751651,0.747049,
104928,0.223961,0.222427,-0.101243,-0.102777,2.06817,2.06817,-0.455959,-0.455959,0,-0.00153398,-0.0122718,-0.0168738,0.751651,0.747049,
104948,0.223961,0.222427,-0.101243,-0.102777,2.06817,2.06817,-0.455959,-0.455959,0,-0.00153398,-0.0122718,-0.0168738,0.751651,0.747049,
104969,0.223961,0.222427,-0.101243,-0.102777,2.06817,2.06817,-0.455959,-0.455959,0,-0.00153398,-0.0122718,-0.0168738,0.751651,0.747049,
104988,0.223961,0.222427,-0.101243,-0.102777,2.06817,2.06664,-0.455959,-0.455959,0,-0.00153398,-0.0122718,-0.0168738,0.751651,0.747049,
105008,0.223961,0.222427,-0.101243,-0.102777,2.06817,2.06664,-0.455959,-0.455959,0,-0.00153398,-0.0122718,-0.0168738,0.751651,0.747049,
105028,0.223961,0.222427,-0.101243,-0.102777,2.06817,2.06664,-0.455959,-0.455959,0,-0.00153398,-0.0122718,-0.0168738,0.751651,0.747049,
105048,0.223961,0.222427,-0.101243,-0.102777,2.06817,2.06664,-0.455959,-0.455959,0,-0.00153398,-0.0122718,-0.0168738,0.751651,0.747049,
105068,0.223961,0.222427,-0.101243,-0.102777,2.06817,2.06664,-0.455959,-0.455959,0,-0.00153398,-0.0122718,-0.0168738,0.751651,0.747049,
105088,0.223961,0.223961,-0.101243,-0.102777,2.06817,2.06664,-0.455959,-0.455959,0,-0.00153398,-0.0122718,-0.0168738,0.751651,0.747049,
105108,0.223961,0.223961,-0.101243,-0.102777,2.06817,2.06664,-0.455959,-0.455959,0,-0.00153398,-0.0122718,-0.0168738,0.751651,0.747049,
105128,0.223961,0.223961,-0.101243,-0.102777,2.06817,2.06664,-0.455959,-0.455959,0,-0.00153398,-0.0122718,-0.0168738,0.751651,0.747049,
105148,0.223961,0.223961,-0.101243,-0.102777,2.06817,2.06664,-0.455959,-0.455959,0,-0.00153398,-0.0122718,-0.0168738,0.751651,0.747049,
105168,0.223961,0.223961,-0.101243,-0.102777,2.06817,2.06664,-0.455959,-0.455959,0,-0.00153398,-0.0122718,-0.0168738,0.751651,0.747049,
105188,0.223961,0.223961,-0.101243,-0.102777,2.06817,2.06664,-0.455959,-0.455959,0,-0.00153398,-0.0122718,-0.0168738,0.751651,0.747049,
105208,0.223961,0.223961,-0.101243,-0.102777,2.06817,2.06664,-0.455959,-0.455959,0,-0.00153398,-0.0122718,-0.0168738,0.751651,0.747049,
105228,0.223961,0.223961,-0.101243,-0.102777,2.06817,2.06664,-0.455959,-0.455959,0,-0.00153398,-0.0122718,-0.0168738,0.751651,0.747049,
105248,0.223961,0.223961,-0.101243,-0.102777,2.06817,2.06664,-0.455959,-0.455959,0,-0.00153398,-0.0122718,-0.0168738,0.751651,0.747049,
105268,0.223961,0.223961,-0.101243,-0.102777,2.06817,2.06664,-0.455959,-0.455959,0,-0.00153398,-0.0122718,-0.0168738,0.751651,0.747049,
105288,0.223961,0.223961,-0.101243,-0.102777,2.06817,2.06664,-0.455959,-0.455959,0,-0.00153398,-0.0122718,-0.0168738,0.751651,0.747049,
105308,0.223961,0.222427,-0.101243,-0.102777,2.06817,2.06664,-0.455959,-0.455959,0,-0.00153398,-0.0122718,-0.0168738,0.751651,0.747049,
105328,0.223961,0.222427,-0.101243,-0.102777,2.06817,2.06664,-0.455959,-0.455959,0,-0.00153398,-0.0122718,-0.0168738,0.751651,0.747049,
105348,0.223961,0.222427,-0.101243,-0.102777,2.06817,2.06664,-0.455959,-0.455959,0,-0.00153398,-0.0122718,-0.0168738,0.751651,0.747049,
105368,0.223961,0.222427,-0.101243,-0.102777,2.06817,2.06664,-0.455959,-0.455959,0,-0.00153398,-0.0122718,-0.0168738,0.751651,0.747049,
105388,0.223961,0.222427,-0.101243,-0.102777,2.06817,2.06664,-0.455959,-0.455959,0,-0.00153398,-0.0122718,-0.0168738,0.751651,0.747049,
105408,0.223961,0.222427,-0.101243,-0.102777,2.06817,2.06664,-0.455959,-0.455959,0,-0.00153398,-0.0122718,-0.0168738,0.751651,0.747049,
105428,0.223961,0.222427,-0.101243,-0.102777,2.06817,2.06664,-0.455959,-0.455959,0,-0.00153398,-0.0122718,-0.0168738,0.751651,0.747049,
105448,0.223961,0.222427,-0.101243,-0.102777,2.06817,2.06664,-0.455959,-0.455959,0,-0.00153398,-0.0122718,-0.0168738,0.751651,0.747049,
105468,0.223961,0.222427,-0.101243,-0.102777,2.06817,2.06664,-0.455959,-0.455959,0,-0.00153398,-0.0122718,-0.0168738,0.751651,0.747049,
105488,0.223961,0.222427,-0.101243,-0.102777,2.06817,2.06664,-0.455959,-0.455959,0,-0.00153398,-0.0122718,-0.0168738,0.751651,0.747049,
105508,0.223961,0.223961,-0.101243,-0.102777,2.06817,2.06664,-0.455959,-0.455959,0,-0.00153398,-0.0122718,-0.0168738,0.751651,0.747049,
105528,0.223961,0.223961,-0.101243,-0.102777,2.06817,2.06664,-0.455959,-0.455959,0,-0.00153398,-0.0122718,-0.0168738,0.751651,0.747049,
105548,0.223961,0.223961,-0.101243,-0.102777,2.06817,2.06664,-0.455959,-0.455959,0,-0.00153398,-0.0122718,-0.0168738,0.751651,0.747049,
105568,0.223961,0.223961,-0.101243,-0.102777,2.06817,2.06664,-0.455959,-0.455959,0,-0.00153398,-0.0122718,-0.0168738,0.751651,0.747049,
105588,0.223961,0.223961,-0.101243,-0.102777,2.06817,2.06664,-0.455959,-0.455959,0,-0.00153398,-0.0122718,-0.0168738,0.751651,0.747049,
105609,0.223961,0.223961,-0.101243,-0.101243,2.06817,2.06664,-0.455959,-0.455959,0,-0.00153398,-0.0122718,-0.0168738,0.751651,0.747049,
105628,0.223961,0.223961,-0.101243,-0.101243,2.06817,2.06664,-0.455959,-0.455959,0,-0.00153398,-0.0122718,-0.0168738,0.751651,0.747049,
105649,0.223961,0.223961,-0.101243,-0.101243,2.06817,2.06664,-0.455959,-0.455959,0,-0.00153398,-0.0122718,-0.0168738,0.751651,0.747049,
105668,0.223961,0.223961,-0.101243,-0.101243,2.06817,2.06664,-0.455959,-0.455959,0,-0.00153398,-0.0122718,-0.0168738,0.751651,0.747049,
105688,0.223961,0.223961,-0.101243,-0.101243,2.06817,2.06664,-0.455959,-0.455959,0,-0.00153398,-0.0122718,-0.0168738,0.751651,0.747049,
105708,0.223961,0.222427,-0.101243,-0.101243,2.06817,2.06664,-0.455959,-0.455959,0,-0.00153398,-0.0122718,-0.0168738,0.751651,0.747049,
105728,0.223961,0.222427,-0.101243,-0.101243,2.06817,2.06664,-0.455959,-0.455959,0,-0.00153398,-0.0122718,-0.0168738,0.751651,0.747049,
105748,0.223961,0.222427,-0.101243,-0.101243,2.06817,2.06664,-0.455959,-0.455959,0,-0.00153398,-0.0122718,-0.0168738,0.751651,0.747049,
105768,0.223961,0.222427,-0.101243,-0.101243,2.06817,2.06664,-0.455959,-0.455959,0,-0.00153398,-0.0122718,-0.0168738,0.751651,0.747049,
105788,0.223961,0.222427,-0.101243,-0.101243,2.06817,2.06664,-0.455959,-0.455959,0,-0.00153398,-0.0122718,-0.0168738,0.751651,0.747049,
105809,0.223961,0.220893,-0.101243,-0.101243,2.06817,2.06817,-0.455959,-0.455959,0,-0.00153398,-0.0122718,-0.0168738,0.751651,0.747049,
105829,0.223961,0.220893,-0.101243,-0.101243,2.06817,2.06817,-0.455959,-0.455959,0,-0.00153398,-0.0122718,-0.0168738,0.751651,0.747049,
105848,0.223961,0.220893,-0.101243,-0.101243,2.06817,2.06817,-0.455959,-0.455959,0,-0.00153398,-0.0122718,-0.0168738,0.751651,0.747049,
105868,0.223961,0.220893,-0.101243,-0.101243,2.06817,2.06817,-0.455959,-0.455959,0,-0.00153398,-0.0122718,-0.0168738,0.751651,0.747049,
105888,0.223961,0.220893,-0.101243,-0.101243,2.06817,2.06817,-0.455959,-0.455959,0,-0.00153398,-0.0122718,-0.0168738,0.751651,0.747049,
105908,0.223961,0.225495,-0.101243,-0.0997088,2.06817,2.06817,-0.455959,-0.455959,0,-0.00153398,-0.0122718,-0.0168738,0.751651,0.747049,
105928,0.223961,0.225495,-0.101243,-0.0997088,2.06817,2.06817,-0.455959,-0.455959,0,-0.00153398,-0.0122718,-0.0168738,0.751651,0.747049,
105948,0.223961,0.225495,-0.101243,-0.0997088,2.06817,2.06817,-0.455959,-0.455959,0,-0.00153398,-0.0122718,-0.0168738,0.751651,0.747049,
105968,0.223961,0.225495,-0.101243,-0.0997088,2.06817,2.06817,-0.455959,-0.455959,0,-0.00153398,-0.0122718,-0.0168738,0.751651,0.747049,
105988,0.223961,0.225495,-0.101243,-0.0997088,2.06817,2.06817,-0.455959,-0.455959,0,-0.00153398,-0.0122718,-0.0168738,0.751651,0.747049,
106008,0.223961,0.222427,-0.101243,-0.101243,2.06817,2.06817,-0.455959,-0.455959,0,0,-0.0122718,-0.0168738,0.751651,0.747049,
106028,0.223961,0.222427,-0.101243,-0.101243,2.06817,2.06817,-0.455959,-0.455959,0,0,-0.0122718,-0.0168738,0.751651,0.747049,
106048,0.223961,0.222427,-0.101243,-0.101243,2.06817,2.06817,-0.455959,-0.455959,0,0,-0.0122718,-0.0168738,0.751651,0.747049,
106068,0.223961,0.222427,-0.101243,-0.101243,2.06817,2.06817,-0.455959,-0.455959,0,0,-0.0122718,-0.0168738,0.751651,0.747049,
106088,0.223961,0.222427,-0.101243,-0.101243,2.06817,2.06817,-0.455959,-0.455959,0,0,-0.0122718,-0.0168738,0.751651,0.747049,
106108,0.223961,0.220893,-0.101243,-0.0997088,2.06817,2.06817,-0.455959,-0.455959,0,0,-0.0122718,-0.0168738,0.751651,0.747049,
106128,0.223961,0.220893,-0.101243,-0.0997088,2.06817,2.06817,-0.455959,-0.455959,0,0,-0.0122718,-0.0168738,0.751651,0.747049,
106148,0.223961,0.220893,-0.101243,-0.0997088,2.06817,2.06817,-0.455959,-0.455959,0,0,-0.0122718,-0.0168738,0.751651,0.747049,
106168,0.223961,0.220893,-0.101243,-0.0997088,2.06817,2.06817,-0.455959,-0.455959,0,0,-0.0122718,-0.0168738,0.751651,0.747049,
106188,0.223961,0.225495,-0.101243,-0.0981748,2.06817,2.06971,-0.455959,-0.455959,0,0,-0.0122718,-0.0168738,0.751651,0.747049,
106208,0.223961,0.225495,-0.101243,-0.0981748,2.06817,2.06971,-0.455959,-0.455959,0,0,-0.0122718,-0.0168738,0.751651,0.747049,
106228,0.223961,0.225495,-0.101243,-0.0981748,2.06817,2.06971,-0.455959,-0.455959,0,0,-0.0122718,-0.0168738,0.751651,0.747049,
106248,0.223961,0.225495,-0.101243,-0.0981748,2.06817,2.06971,-0.455959,-0.455959,0,0,-0.0122718,-0.0168738,0.751651,0.747049,
106268,0.223961,0.225495,-0.101243,-0.0981748,2.06817,2.06971,-0.455959,-0.455959,0,0,-0.0122718,-0.0168738,0.751651,0.747049,
106288,0.223961,0.225495,-0.101243,-0.0981748,2.06817,2.06971,-0.455959,-0.455959,0,0,-0.0122718,-0.0168738,0.751651,0.747049,
106308,0.223961,0.222427,-0.101243,-0.0997088,2.06817,2.06817,-0.455959,-0.455959,0,0.00153398,-0.0122718,-0.0168738,0.751651,0.747049,
106329,0.223961,0.222427,-0.101243,-0.0997088,2.06817,2.06817,-0.455959,-0.455959,0,0.00153398,-0.0122718,-0.0168738,0.751651,0.747049,
106348,0.223961,0.222427,-0.101243,-0.0997088,2.06817,2.06817,-0.455959,-0.455959,0,0.00153398,-0.0122718,-0.0168738,0.751651,0.747049,
106369,0.223961,0.222427,-0.101243,-0.0997088,2.06817,2.06817,-0.455959,-0.455959,0,0.00153398,-0.0122718,-0.0168738,0.751651,0.747049,
106388,0.223961,0.222427,-0.101243,-0.0997088,2.06817,2.06817,-0.455959,-0.455959,0,0.00153398,-0.0122718,-0.0168738,0.751651,0.747049,
106408,0.223961,0.223961,-0.101243,-0.0997088,2.06817,2.06817,-0.455959,-0.454425,0,0.00153398,-0.0122718,-0.0168738,0.751651,0.747049,
106428,0.223961,0.223961,-0.101243,-0.0997088,2.06817,2.06817,-0.455959,-0.454425,0,0.00153398,-0.0122718,-0.0168738,0.751651,0.747049,
106448,0.223961,0.223961,-0.101243,-0.0997088,2.06817,2.06817,-0.455959,-0.454425,0,0.00153398,-0.0122718,-0.0168738,0.751651,0.747049,
106468,0.223961,0.223961,-0.101243,-0.0997088,2.06817,2.06817,-0.455959,-0.454425,0,0.00153398,-0.0122718,-0.0168738,0.751651,0.747049,
106488,0.223961,0.223961,-0.101243,-0.0997088,2.06817,2.06817,-0.455959,-0.454425,0,0.00153398,-0.0122718,-0.0168738,0.751651,0.747049,
106508,0.223961,0.220893,-0.101243,-0.0997088,2.06817,2.06971,-0.455959,-0.455959,0,0.00153398,-0.0122718,-0.0168738,0.751651,0.747049,
106528,0.223961,0.220893,-0.101243,-0.0997088,2.06817,2.06971,-0.455959,-0.455959,0,0.00153398,-0.0122718,-0.0168738,0.751651,0.747049,
106548,0.223961,0.220893,-0.101243,-0.0997088,2.06817,2.06971,-0.455959,-0.455959,0,0.00153398,-0.0122718,-0.0168738,0.751651,0.747049,
106568,0.223961,0.220893,-0.101243,-0.0997088,2.06817,2.06971,-0.455959,-0.455959,0,0.00153398,-0.0122718,-0.0168738,0.751651,0.747049,
106588,0.223961,0.220893,-0.101243,-0.0997088,2.06817,2.06971,-0.455959,-0.455959,0,0.00153398,-0.0122718,-0.0168738,0.751651,0.747049,
106608,0.223961,0.223961,-0.101243,-0.0997088,2.06817,2.06971,-0.455959,-0.455959,0,0.00153398,-0.0122718,-0.0168738,0.751651,0.747049,
106628,0.223961,0.223961,-0.101243,-0.0997088,2.06817,2.06971,-0.455959,-0.455959,0,0.00153398,-0.0122718,-0.0168738,0.751651,0.747049,
106648,0.223961,0.223961,-0.101243,-0.0997088,2.06817,2.06971,-0.455959,-0.455959,0,0.00153398,-0.0122718,-0.0168738,0.751651,0.747049,
106668,0.223961,0.223961,-0.101243,-0.0997088,2.06817,2.06971,-0.455959,-0.455959,0,0.00153398,-0.0122718,-0.0168738,0.751651,0.747049,
106688,0.223961,0.223961,-0.101243,-0.0997088,2.06817,2.06971,-0.455959,-0.455959,0,0.00153398,-0.0122718,-0.0168738,0.751651,0.747049,
106708,0.223961,0.222427,-0.101243,-0.0997088,2.06817,2.06817,-0.455959,-0.454425,0,0.00153398,-0.0122718,-0.0168738,0.751651,0.747049,
106728,0.223961,0.222427,-0.101243,-0.0997088,2.06817,2.06817,-0.455959,-0.454425,0,0.00153398,-0.0122718,-0.0168738,0.751651,0.747049,
106748,0.223961,0.222427,-0.101243,-0.0997088,2.06817,2.06817,-0.455959,-0.454425,0,0.00153398,-0.0122718,-0.0168738,0.751651,0.747049,
106768,0.223961,0.222427,-0.101243,-0.0997088,2.06817,2.06817,-0.455959,-0.454425,0,0.00153398,-0.0122718,-0.0168738,0.751651,0.747049,
106788,0.223961,0.222427,-0.101243,-0.0997088,2.06817,2.06817,-0.455959,-0.454425,0,0.00153398,-0.0122718,-0.0168738,0.751651,0.747049,
106808,0.223961,0.222427,-0.101243,-0.0997088,2.06817,2.06817,-0.455959,-0.454425,0,0.00153398,-0.0122718,-0.0168738,0.751651,0.747049,
106828,0.223961,0.222427,-0.101243,-0.0997088,2.06817,2.06817,-0.455959,-0.454425,0,0.00153398,-0.0122718,-0.0168738,0.751651,0.747049,
106848,0.223961,0.222427,-0.101243,-0.0997088,2.06817,2.06817,-0.455959,-0.454425,0,0.00153398,-0.0122718,-0.0168738,0.751651,0.747049,
106868,0.223961,0.222427,-0.101243,-0.0997088,2.06817,2.06817,-0.455959,-0.454425,0,0.00153398,-0.0122718,-0.0168738,0.751651,0.747049,
106888,0.223961,0.222427,-0.101243,-0.0997088,2.06817,2.06817,-0.455959,-0.454425,0,0.00153398,-0.0122718,-0.0168738,0.751651,0.747049,
106908,0.223961,0.222427,-0.101243,-0.0997088,2.06817,2.06817,-0.455959,-0.454425,0,0.00153398,-0.0122718,-0.0168738,0.751651,0.747049,
106928,0.223961,0.220893,-0.101243,-0.0997088,2.06817,2.06971,-0.455959,-0.455959,0,0.00153398,-0.0122718,-0.0168738,0.751651,0.747049,
106948,0.223961,0.220893,-0.101243,-0.0997088,2.06817,2.06971,-0.455959,-0.455959,0,0.00153398,-0.0122718,-0.0168738,0.751651,0.747049,
106968,0.223961,0.220893,-0.101243,-0.0997088,2.06817,2.06971,-0.455959,-0.455959,0,0.00153398,-0.0122718,-0.0168738,0.751651,0.747049,
106988,0.223961,0.220893,-0.101243,-0.0997088,2.06817,2.06971,-0.455959,-0.455959,0,0.00153398,-0.0122718,-0.0168738,0.751651,0.747049,
107008,0.223961,0.222427,-0.101243,-0.0997088,2.06817,2.06971,-0.455959,-0.454425,0,0.00153398,-0.0122718,-0.0168738,0.751651,0.747049,
107028,0.223961,0.222427,-0.101243,-0.0997088,2.06817,2.06971,-0.455959,-0.454425,0,0.00153398,-0.0122718,-0.0168738,0.751651,0.747049,
107048,0.223961,0.222427,-0.101243,-0.0997088,2.06817,2.06971,-0.455959,-0.454425,0,0.00153398,-0.0122718,-0.0168738,0.751651,0.747049,
107068,0.223961,0.222427,-0.101243,-0.0997088,2.06817,2.06971,-0.455959,-0.454425,0,0.00153398,-0.0122718,-0.0168738,0.751651,0.747049,
107088,0.223961,0.222427,-0.101243,-0.0997088,2.06817,2.06971,-0.455959,-0.454425,0,0.00153398,-0.0122718,-0.0168738,0.751651,0.747049,
107108,0.223961,0.222427,-0.101243,-0.0997088,2.06817,2.06817,-0.455959,-0.455959,0,0.00153398,-0.0122718,-0.0168738,0.751651,0.747049,
107128,0.223961,0.222427,-0.101243,-0.0997088,2.06817,2.06817,-0.455959,-0.455959,0,0.00153398,-0.0122718,-0.0168738,0.751651,0.747049,
107149,0.223961,0.222427,-0.101243,-0.0997088,2.06817,2.06817,-0.455959,-0.455959,0,0.00153398,-0.0122718,-0.0168738,0.751651,0.747049,
107168,0.223961,0.222427,-0.101243,-0.0997088,2.06817,2.06817,-0.455959,-0.455959,0,0.00153398,-0.0122718,-0.0168738,0.751651,0.747049,
107188,0.223961,0.222427,-0.101243,-0.0997088,2.06817,2.06817,-0.455959,-0.455959,0,0.00153398,-0.0122718,-0.0168738,0.751651,0.747049,
107208,0.223961,0.220893,-0.101243,-0.0997088,2.06817,2.06817,-0.455959,-0.455959,0,0.00153398,-0.0122718,-0.0168738,0.751651,0.747049,
107228,0.223961,0.220893,-0.101243,-0.0997088,2.06817,2.06817,-0.455959,-0.455959,0,0.00153398,-0.0122718,-0.0168738,0.751651,0.747049,
107248,0.223961,0.220893,-0.101243,-0.0997088,2.06817,2.06817,-0.455959,-0.455959,0,0.00153398,-0.0122718,-0.0168738,0.751651,0.747049,
107268,0.223961,0.220893,-0.101243,-0.0997088,2.06817,2.06817,-0.455959,-0.455959,0,0.00153398,-0.0122718,-0.0168738,0.751651,0.747049,
107288,0.223961,0.220893,-0.101243,-0.0997088,2.06817,2.06817,-0.455959,-0.455959,0,0.00153398,-0.0122718,-0.0168738,0.751651,0.747049,
107308,0.223961,0.222427,-0.101243,-0.0997088,2.06817,2.06817,-0.455959,-0.455959,0,0.00153398,-0.0122718,-0.0168738,0.751651,0.747049,
107328,0.223961,0.222427,-0.101243,-0.0997088,2.06817,2.06817,-0.455959,-0.455959,0,0.00153398,-0.0122718,-0.0168738,0.751651,0.747049,
107348,0.223961,0.222427,-0.101243,-0.0997088,2.06817,2.06817,-0.455959,-0.455959,0,0.00153398,-0.0122718,-0.0168738,0.751651,0.747049,
107368,0.223961,0.222427,-0.101243,-0.0997088,2.06817,2.06817,-0.455959,-0.455959,0,0.00153398,-0.0122718,-0.0168738,0.751651,0.747049,
107388,0.223961,0.222427,-0.101243,-0.0997088,2.06817,2.06971,-0.455959,-0.454425,0,0.00153398,-0.0122718,-0.0168738,0.751651,0.747049,
107408,0.223961,0.222427,-0.101243,-0.0997088,2.06817,2.06971,-0.455959,-0.454425,0,0.00153398,-0.0122718,-0.0168738,0.751651,0.747049,
107428,0.223961,0.222427,-0.101243,-0.0997088,2.06817,2.06971,-0.455959,-0.454425,0,0.00153398,-0.0122718,-0.0168738,0.751651,0.747049,
107448,0.223961,0.222427,-0.101243,-0.0997088,2.06817,2.06971,-0.455959,-0.454425,0,0.00153398,-0.0122718,-0.0168738,0.751651,0.747049,
107468,0.223961,0.222427,-0.101243,-0.0997088,2.06817,2.06971,-0.455959,-0.454425,0,0.00153398,-0.0122718,-0.0168738,0.751651,0.747049,
107488,0.223961,0.222427,-0.101243,-0.0997088,2.06817,2.06971,-0.455959,-0.454425,0,0.00153398,-0.0122718,-0.0168738,0.751651,0.747049,
107508,0.223961,0.222427,-0.101243,-0.0997088,2.06817,2.06817,-0.455959,-0.455959,0,0.00153398,-0.0122718,-0.0168738,0.751651,0.747049,
107528,0.223961,0.222427,-0.101243,-0.0997088,2.06817,2.06817,-0.455959,-0.455959,0,0.00153398,-0.0122718,-0.0168738,0.751651,0.747049,
107548,0.223961,0.222427,-0.101243,-0.0997088,2.06817,2.06817,-0.455959,-0.455959,0,0.00153398,-0.0122718,-0.0168738,0.751651,0.747049,
107568,0.223961,0.222427,-0.101243,-0.0997088,2.06817,2.06817,-0.455959,-0.455959,0,0.00153398,-0.0122718,-0.0168738,0.751651,0.747049,
107589,0.223961,0.222427,-0.101243,-0.0997088,2.06817,2.06817,-0.455959,-0.455959,0,0.00153398,-0.0122718,-0.0168738,0.751651,0.747049,
107608,0.223961,0.222427,-0.101243,-0.0997088,2.06817,2.06817,-0.455959,-0.455959,0,0.00153398,-0.0122718,-0.0168738,0.751651,0.747049,
107628,0.223961,0.222427,-0.101243,-0.0997088,2.06817,2.06817,-0.455959,-0.455959,0,0.00153398,-0.0122718,-0.0168738,0.751651,0.747049,
107649,0.223961,0.222427,-0.101243,-0.0997088,2.06817,2.06817,-0.455959,-0.455959,0,0.00153398,-0.0122718,-0.0168738,0.751651,0.747049,
107669,0.223961,0.222427,-0.101243,-0.0997088,2.06817,2.06817,-0.455959,-0.455959,0,0.00153398,-0.0122718,-0.0168738,0.751651,0.747049,
107689,0.223961,0.222427,-0.101243,-0.0997088,2.06817,2.06817,-0.455959,-0.455959,0,0.00153398,-0.0122718,-0.0168738,0.751651,0.747049,
107708,0.223961,0.222427,-0.101243,-0.0997088,2.06817,2.06817,-0.455959,-0.454425,0,0.00153398,-0.0122718,-0.0168738,0.751651,0.747049,
107728,0.223961,0.222427,-0.101243,-0.0997088,2.06817,2.06817,-0.455959,-0.454425,0,0.00153398,-0.0122718,-0.0168738,0.751651,0.747049,
107748,0.223961,0.222427,-0.101243,-0.0997088,2.06817,2.06817,-0.455959,-0.454425,0,0.00153398,-0.0122718,-0.0168738,0.751651,0.747049,
107768,0.223961,0.222427,-0.101243,-0.0997088,2.06817,2.06817,-0.455959,-0.454425,0,0.00153398,-0.0122718,-0.0168738,0.751651,0.747049,
107788,0.223961,0.222427,-0.101243,-0.0997088,2.06817,2.06817,-0.455959,-0.455959,0,0.00153398,-0.0122718,-0.0168738,0.751651,0.747049,
107808,0.223961,0.222427,-0.101243,-0.0997088,2.06817,2.06817,-0.455959,-0.455959,0,0.00153398,-0.0122718,-0.0168738,0.751651,0.747049,
107828,0.223961,0.222427,-0.101243,-0.0997088,2.06817,2.06817,-0.455959,-0.455959,0,0.00153398,-0.0122718,-0.0168738,0.751651,0.747049,
107848,0.223961,0.222427,-0.101243,-0.0997088,2.06817,2.06817,-0.455959,-0.455959,0,0.00153398,-0.0122718,-0.0168738,0.751651,0.747049,
107868,0.223961,0.222427,-0.101243,-0.0997088,2.06817,2.06817,-0.455959,-0.455959,0,0.00153398,-0.0122718,-0.0168738,0.751651,0.747049,
107888,0.223961,0.222427,-0.101243,-0.0997088,2.06817,2.06817,-0.455959,-0.455959,0,0.00153398,-0.0122718,-0.0168738,0.751651,0.747049,
107908,0.223961,0.222427,-0.101243,-0.0997088,2.06817,2.06817,-0.455959,-0.455959,0,0.00153398,-0.0122718,-0.0168738,0.751651,0.747049,
107928,0.223961,0.222427,-0.101243,-0.0997088,2.06817,2.06817,-0.455959,-0.454425,0,0.00153398,-0.0122718,-0.0168738,0.751651,0.747049,
107948,0.223961,0.222427,-0.101243,-0.0997088,2.06817,2.06817,-0.455959,-0.454425,0,0.00153398,-0.0122718,-0.0168738,0.751651,0.747049,
107968,0.223961,0.222427,-0.101243,-0.0997088,2.06817,2.06817,-0.455959,-0.454425,0,0.00153398,-0.0122718,-0.0168738,0.751651,0.747049,
107988,0.223961,0.222427,-0.101243,-0.0997088,2.06817,2.06817,-0.455959,-0.454425,0,0.00153398,-0.0122718,-0.0168738,0.751651,0.747049,
108008,0.223961,0.222427,-0.101243,-0.0997088,2.06817,2.06971,-0.455959,-0.455959,0,0.00153398,-0.0122718,-0.0168738,0.751651,0.747049,
108028,0.223961,0.222427,-0.101243,-0.0997088,2.06817,2.06971,-0.455959,-0.455959,0,0.00153398,-0.0122718,-0.0168738,0.751651,0.747049,
108048,0.223961,0.222427,-0.101243,-0.0997088,2.06817,2.06971,-0.455959,-0.455959,0,0.00153398,-0.0122718,-0.0168738,0.751651,0.747049,
108068,0.223961,0.222427,-0.101243,-0.0997088,2.06817,2.06971,-0.455959,-0.455959,0,0.00153398,-0.0122718,-0.0168738,0.751651,0.747049,
108088,0.223961,0.222427,-0.101243,-0.0997088,2.06817,2.06971,-0.455959,-0.455959,0,0.00153398,-0.0122718,-0.0168738,0.751651,0.747049,
108108,0.223961,0.222427,-0.101243,-0.0997088,2.06817,2.06817,-0.455959,-0.454425,0,0.00153398,-0.0122718,-0.0168738,0.751651,0.747049,
108128,0.223961,0.222427,-0.101243,-0.0997088,2.06817,2.06817,-0.455959,-0.454425,0,0.00153398,-0.0122718,-0.0168738,0.751651,0.747049,
108149,0.223961,0.222427,-0.101243,-0.0997088,2.06817,2.06817,-0.455959,-0.454425,0,0.00153398,-0.0122718,-0.0168738,0.751651,0.747049,
108168,0.223961,0.222427,-0.101243,-0.0997088,2.06817,2.06817,-0.455959,-0.454425,0,0.00153398,-0.0122718,-0.0168738,0.751651,0.747049,
108189,0.223961,0.222427,-0.101243,-0.0997088,2.06817,2.06817,-0.455959,-0.455959,0,0.00153398,-0.0122718,-0.0168738,0.751651,0.747049,
108208,0.223961,0.222427,-0.101243,-0.0997088,2.06817,2.06817,-0.455959,-0.455959,0,0.00153398,-0.0122718,-0.0168738,0.751651,0.747049,
108228,0.223961,0.222427,-0.101243,-0.0997088,2.06817,2.06817,-0.455959,-0.455959,0,0.00153398,-0.0122718,-0.0168738,0.751651,0.747049,
108248,0.223961,0.222427,-0.101243,-0.0997088,2.06817,2.06817,-0.455959,-0.455959,0,0.00153398,-0.0122718,-0.0168738,0.751651,0.747049,
108268,0.223961,0.222427,-0.101243,-0.0997088,2.06817,2.06817,-0.455959,-0.455959,0,0.00153398,-0.0122718,-0.0168738,0.751651,0.747049,
108288,0.223961,0.222427,-0.101243,-0.0997088,2.06817,2.06817,-0.455959,-0.455959,0,0.00153398,-0.0122718,-0.0168738,0.751651,0.747049,
108308,0.223961,0.222427,-0.101243,-0.0997088,2.06817,2.06817,-0.455959,-0.455959,0,0.00153398,-0.0122718,-0.0168738,0.751651,0.747049,
108328,0.223961,0.222427,-0.101243,-0.0997088,2.06817,2.06817,-0.455959,-0.455959,0,0.00153398,-0.0122718,-0.0168738,0.751651,0.747049,
108348,0.223961,0.222427,-0.101243,-0.0997088,2.06817,2.06817,-0.455959,-0.455959,0,0.00153398,-0.0122718,-0.0168738,0.751651,0.747049,
108368,0.223961,0.222427,-0.101243,-0.0997088,2.06817,2.06817,-0.455959,-0.455959,0,0.00153398,-0.0122718,-0.0168738,0.751651,0.747049,
108388,0.223961,0.222427,-0.101243,-0.0997088,2.06817,2.06817,-0.455959,-0.455959,0,0.00153398,-0.0122718,-0.0168738,0.751651,0.747049,
108408,0.223961,0.222427,-0.101243,-0.0997088,2.06817,2.06817,-0.455959,-0.455959,0,0.00153398,-0.0122718,-0.0168738,0.751651,0.745515,
108428,0.223961,0.222427,-0.101243,-0.0997088,2.06817,2.06817,-0.455959,-0.455959,0,0.00153398,-0.0122718,-0.0168738,0.751651,0.745515,
108448,0.223961,0.222427,-0.101243,-0.0997088,2.06817,2.06817,-0.455959,-0.455959,0,0.00153398,-0.0122718,-0.0168738,0.751651,0.745515,
108468,0.223961,0.222427,-0.101243,-0.0997088,2.06817,2.06817,-0.455959,-0.455959,0,0.00153398,-0.0122718,-0.0168738,0.751651,0.745515,
108488,0.223961,0.222427,-0.101243,-0.0997088,2.06817,2.06817,-0.455959,-0.455959,0,0.00153398,-0.0122718,-0.0168738,0.751651,0.745515,
108508,0.223961,0.222427,-0.101243,-0.0997088,2.06817,2.06817,-0.455959,-0.455959,0,0.00153398,-0.0122718,-0.0168738,0.751651,0.747049,
108528,0.223961,0.222427,-0.101243,-0.0997088,2.06817,2.06817,-0.455959,-0.455959,0,0.00153398,-0.0122718,-0.0168738,0.751651,0.747049,
108548,0.223961,0.222427,-0.101243,-0.0997088,2.06817,2.06817,-0.455959,-0.455959,0,0.00153398,-0.0122718,-0.0168738,0.751651,0.747049,
108568,0.223961,0.222427,-0.101243,-0.0997088,2.06817,2.06817,-0.455959,-0.455959,0,0.00153398,-0.0122718,-0.0168738,0.751651,0.747049,
108588,0.223961,0.222427,-0.101243,-0.0997088,2.06817,2.06817,-0.455959,-0.455959,0,0.00153398,-0.0122718,-0.0168738,0.751651,0.747049,
108608,0.223961,0.222427,-0.101243,-0.0997088,2.06817,2.06817,-0.455959,-0.455959,0,0.00153398,-0.0122718,-0.0168738,0.751651,0.747049,
108628,0.223961,0.222427,-0.101243,-0.0997088,2.06817,2.06817,-0.455959,-0.455959,0,0.00153398,-0.0122718,-0.0168738,0.751651,0.747049,
108648,0.223961,0.222427,-0.101243,-0.0997088,2.06817,2.06817,-0.455959,-0.455959,0,0.00153398,-0.0122718,-0.0168738,0.751651,0.747049,
108668,0.223961,0.222427,-0.101243,-0.0997088,2.06817,2.06817,-0.455959,-0.455959,0,0.00153398,-0.0122718,-0.0168738,0.751651,0.747049,
108688,0.223961,0.222427,-0.101243,-0.0997088,2.06817,2.06817,-0.455959,-0.455959,0,0.00153398,-0.0122718,-0.0168738,0.751651,0.747049,
108708,0.223961,0.222427,-0.101243,-0.0997088,2.06817,2.06817,-0.455959,-0.455959,0,0.00153398,-0.0122718,-0.0168738,0.751651,0.747049,
108728,0.223961,0.222427,-0.101243,-0.0997088,2.06817,2.06817,-0.455959,-0.455959,0,0.00153398,-0.0122718,-0.0168738,0.751651,0.747049,
108748,0.223961,0.222427,-0.101243,-0.0997088,2.06817,2.06817,-0.455959,-0.455959,0,0.00153398,-0.0122718,-0.0168738,0.751651,0.747049,
108768,0.223961,0.222427,-0.101243,-0.0997088,2.06817,2.06817,-0.455959,-0.455959,0,0.00153398,-0.0122718,-0.0168738,0.751651,0.747049,
108788,0.223961,0.222427,-0.101243,-0.0997088,2.06817,2.06817,-0.455959,-0.455959,0,0.00153398,-0.0122718,-0.0168738,0.751651,0.747049,
108808,0.223961,0.222427,-0.101243,-0.0997088,2.06817,2.06971,-0.455959,-0.455959,0,0.00153398,-0.0122718,-0.0168738,0.751651,0.747049,
108829,0.223961,0.222427,-0.101243,-0.0997088,2.06817,2.06971,-0.455959,-0.455959,0,0.00153398,-0.0122718,-0.0168738,0.751651,0.747049,
108848,0.223961,0.222427,-0.101243,-0.0997088,2.06817,2.06971,-0.455959,-0.455959,0,0.00153398,-0.0122718,-0.0168738,0.751651,0.747049,
108868,0.223961,0.222427,-0.101243,-0.0997088,2.06817,2.06971,-0.455959,-0.455959,0,0.00153398,-0.0122718,-0.0168738,0.751651,0.747049,
108888,0.223961,0.222427,-0.101243,-0.0997088,2.06817,2.06971,-0.455959,-0.455959,0,0.00153398,-0.0122718,-0.0168738,0.751651,0.747049,
108908,0.223961,0.222427,-0.101243,-0.0997088,2.06817,2.06817,-0.455959,-0.455959,0,0.00153398,-0.0122718,-0.0168738,0.751651,0.747049,
108929,0.223961,0.222427,-0.101243,-0.0997088,2.06817,2.06817,-0.455959,-0.455959,0,0.00153398,-0.0122718,-0.0168738,0.751651,0.747049,
108948,0.223961,0.222427,-0.101243,-0.0997088,2.06817,2.06817,-0.455959,-0.455959,0,0.00153398,-0.0122718,-0.0168738,0.751651,0.747049,
108968,0.223961,0.222427,-0.101243,-0.0997088,2.06817,2.06817,-0.455959,-0.455959,0,0.00153398,-0.0122718,-0.0168738,0.751651,0.747049,
108988,0.223961,0.222427,-0.101243,-0.0997088,2.06817,2.06817,-0.455959,-0.454425,0,0.00153398,-0.0122718,-0.0168738,0.751651,0.747049,
109008,0.223961,0.222427,-0.101243,-0.0997088,2.06817,2.06817,-0.455959,-0.454425,0,0.00153398,-0.0122718,-0.0168738,0.751651,0.747049,
109028,0.223961,0.222427,-0.101243,-0.0997088,2.06817,2.06817,-0.455959,-0.454425,0,0.00153398,-0.0122718,-0.0168738,0.751651,0.747049,
109048,0.223961,0.222427,-0.101243,-0.0997088,2.06817,2.06817,-0.455959,-0.454425,0,0.00153398,-0.0122718,-0.0168738,0.751651,0.747049,
109068,0.223961,0.222427,-0.101243,-0.0997088,2.06817,2.06817,-0.455959,-0.454425,0,0.00153398,-0.0122718,-0.0168738,0.751651,0.747049,
109088,0.223961,0.222427,-0.101243,-0.0997088,2.06817,2.06817,-0.455959,-0.454425,0,0.00153398,-0.0122718,-0.0168738,0.751651,0.747049,
109108,0.223961,0.220893,-0.101243,-0.0997088,2.06817,2.06817,-0.455959,-0.454425,0,0.00153398,-0.0122718,-0.0168738,0.751651,0.747049,
109128,0.223961,0.220893,-0.101243,-0.0997088,2.06817,2.06817,-0.455959,-0.454425,0,0.00153398,-0.0122718,-0.0168738,0.751651,0.747049,
109148,0.223961,0.220893,-0.101243,-0.0997088,2.06817,2.06817,-0.455959,-0.454425,0,0.00153398,-0.0122718,-0.0168738,0.751651,0.747049,
109168,0.223961,0.220893,-0.101243,-0.0997088,2.06817,2.06817,-0.455959,-0.454425,0,0.00153398,-0.0122718,-0.0168738,0.751651,0.747049,
109188,0.223961,0.220893,-0.101243,-0.0997088,2.06817,2.06817,-0.455959,-0.454425,0,0.00153398,-0.0122718,-0.0168738,0.751651,0.747049,
109208,0.223961,0.222427,-0.101243,-0.0997088,2.06817,2.06817,-0.455959,-0.454425,0,0.00153398,-0.0122718,-0.0168738,0.751651,0.747049,
109228,0.223961,0.222427,-0.101243,-0.0997088,2.06817,2.06817,-0.455959,-0.454425,0,0.00153398,-0.0122718,-0.0168738,0.751651,0.747049,
109248,0.223961,0.222427,-0.101243,-0.0997088,2.06817,2.06817,-0.455959,-0.454425,0,0.00153398,-0.0122718,-0.0168738,0.751651,0.747049,
109268,0.223961,0.222427,-0.101243,-0.0997088,2.06817,2.06817,-0.455959,-0.454425,0,0.00153398,-0.0122718,-0.0168738,0.751651,0.747049,
109288,0.223961,0.222427,-0.101243,-0.0997088,2.06817,2.06817,-0.455959,-0.454425,0,0.00153398,-0.0122718,-0.0168738,0.751651,0.747049,
109308,0.223961,0.222427,-0.101243,-0.0997088,2.06817,2.06817,-0.455959,-0.455959,0,0.00153398,-0.0122718,-0.0168738,0.751651,0.747049,
109328,0.223961,0.222427,-0.101243,-0.0997088,2.06817,2.06817,-0.455959,-0.455959,0,0.00153398,-0.0122718,-0.0168738,0.751651,0.747049,
109348,0.223961,0.222427,-0.101243,-0.0997088,2.06817,2.06817,-0.455959,-0.455959,0,0.00153398,-0.0122718,-0.0168738,0.751651,0.747049,
109368,0.223961,0.222427,-0.101243,-0.0997088,2.06817,2.06817,-0.455959,-0.455959,0,0.00153398,-0.0122718,-0.0168738,0.751651,0.747049,
109388,0.223961,0.222427,-0.101243,-0.0997088,2.06817,2.06817,-0.455959,-0.455959,0,0.00153398,-0.0122718,-0.0168738,0.751651,0.747049,
109408,0.223961,0.222427,-0.101243,-0.0997088,2.06817,2.06817,-0.455959,-0.455959,0,0.00153398,-0.0122718,-0.0168738,0.751651,0.747049,
109428,0.223961,0.222427,-0.101243,-0.0997088,2.06817,2.06817,-0.455959,-0.455959,0,0.00153398,-0.0122718,-0.0168738,0.751651,0.747049,
109448,0.223961,0.222427,-0.101243,-0.0997088,2.06817,2.06817,-0.455959,-0.455959,0,0.00153398,-0.0122718,-0.0168738,0.751651,0.747049,
109468,0.223961,0.222427,-0.101243,-0.0997088,2.06817,2.06817,-0.455959,-0.455959,0,0.00153398,-0.0122718,-0.0168738,0.751651,0.747049,
109488,0.223961,0.222427,-0.101243,-0.0997088,2.06817,2.06817,-0.455959,-0.455959,0,0.00153398,-0.0122718,-0.0168738,0.751651,0.747049,
109509,0.223961,0.222427,-0.101243,-0.0997088,2.06817,2.06817,-0.455959,-0.454425,0,0.00153398,-0.0122718,-0.0168738,0.751651,0.747049,
109528,0.223961,0.222427,-0.101243,-0.0997088,2.06817,2.06817,-0.455959,-0.454425,0,0.00153398,-0.0122718,-0.0168738,0.751651,0.747049,
109548,0.223961,0.222427,-0.101243,-0.0997088,2.06817,2.06817,-0.455959,-0.454425,0,0.00153398,-0.0122718,-0.0168738,0.751651,0.747049,
109568,0.223961,0.222427,-0.101243,-0.0997088,2.06817,2.06817,-0.455959,-0.454425,0,0.00153398,-0.0122718,-0.0168738,0.751651,0.747049,
109588,0.223961,0.222427,-0.101243,-0.0997088,2.06817,2.06817,-0.455959,-0.454425,0,0.00153398,-0.0122718,-0.0168738,0.751651,0.747049,
109608,0.223961,0.222427,-0.101243,-0.0997088,2.06817,2.06817,-0.455959,-0.455959,0,0.00153398,-0.0122718,-0.0168738,0.751651,0.747049,
109628,0.223961,0.222427,-0.101243,-0.0997088,2.06817,2.06817,-0.455959,-0.455959,0,0.00153398,-0.0122718,-0.0168738,0.751651,0.747049,
109648,0.223961,0.222427,-0.101243,-0.0997088,2.06817,2.06817,-0.455959,-0.455959,0,0.00153398,-0.0122718,-0.0168738,0.751651,0.747049,
109668,0.223961,0.222427,-0.101243,-0.0997088,2.06817,2.06817,-0.455959,-0.455959,0,0.00153398,-0.0122718,-0.0168738,0.751651,0.747049,
109688,0.223961,0.222427,-0.101243,-0.0997088,2.06817,2.06817,-0.455959,-0.455959,0,0.00153398,-0.0122718,-0.0168738,0.751651,0.747049,
109708,0.223961,0.222427,-0.101243,-0.0997088,2.06817,2.06817,-0.455959,-0.455959,0,0.00153398,-0.0122718,-0.0168738,0.751651,0.747049,
109728,0.223961,0.222427,-0.101243,-0.0997088,2.06817,2.06817,-0.455959,-0.455959,0,0.00153398,-0.0122718,-0.0168738,0.751651,0.747049,
109748,0.223961,0.222427,-0.101243,-0.0997088,2.06817,2.06817,-0.455959,-0.455959,0,0.00153398,-0.0122718,-0.0168738,0.751651,0.747049,
109768,0.223961,0.222427,-0.101243,-0.0997088,2.06817,2.06817,-0.455959,-0.455959,0,0.00153398,-0.0122718,-0.0168738,0.751651,0.747049,
109788,0.223961,0.222427,-0.101243,-0.0997088,2.06817,2.06971,-0.455959,-0.455959,0,0.00153398,-0.0122718,-0.0168738,0.751651,0.747049,
109808,0.223961,0.222427,-0.101243,-0.0997088,2.06817,2.06971,-0.455959,-0.455959,0,0.00153398,-0.0122718,-0.0168738,0.751651,0.747049,
109828,0.223961,0.222427,-0.101243,-0.0997088,2.06817,2.06971,-0.455959,-0.455959,0,0.00153398,-0.0122718,-0.0168738,0.751651,0.747049,
109848,0.223961,0.222427,-0.101243,-0.0997088,2.06817,2.06971,-0.455959,-0.455959,0,0.00153398,-0.0122718,-0.0168738,0.751651,0.747049,
109868,0.223961,0.222427,-0.101243,-0.0997088,2.06817,2.06971,-0.455959,-0.455959,0,0.00153398,-0.0122718,-0.0168738,0.751651,0.747049,
109888,0.223961,0.222427,-0.101243,-0.0997088,2.06817,2.06817,-0.455959,-0.455959,0,0.00153398,-0.0122718,-0.0168738,0.751651,0.747049,
109908,0.223961,0.222427,-0.101243,-0.0997088,2.06817,2.06817,-0.455959,-0.455959,0,0.00153398,-0.0122718,-0.0168738,0.751651,0.747049,
109928,0.223961,0.222427,-0.101243,-0.0997088,2.06817,2.06817,-0.455959,-0.455959,0,0.00153398,-0.0122718,-0.0168738,0.751651,0.747049,
109948,0.223961,0.222427,-0.101243,-0.0997088,2.06817,2.06817,-0.455959,-0.455959,0,0.00153398,-0.0122718,-0.0168738,0.751651,0.747049,
109968,0.223961,0.222427,-0.101243,-0.0997088,2.06817,2.06817,-0.455959,-0.455959,0,0.00153398,-0.0122718,-0.0168738,0.751651,0.747049,
109988,0.223961,0.222427,-0.101243,-0.0997088,2.06817,2.06817,-0.455959,-0.455959,0,0.00153398,-0.0122718,-0.0168738,0.751651,0.747049,
110008,0.223961,0.222427,-0.101243,-0.0997088,2.06817,2.06817,-0.455959,-0.455959,0,0.00153398,-0.0122718,-0.0168738,0.751651,0.747049,
110028,0.223961,0.222427,-0.101243,-0.0997088,2.06817,2.06817,-0.455959,-0.455959,0,0.00153398,-0.0122718,-0.0168738,0.751651,0.747049,
110048,0.223961,0.222427,-0.101243,-0.0997088,2.06817,2.06817,-0.455959,-0.455959,0,0.00153398,-0.0122718,-0.0168738,0.751651,0.747049,
110068,0.223961,0.222427,-0.101243,-0.0997088,2.06817,2.06817,-0.455959,-0.455959,0,0.00153398,-0.0122718,-0.0168738,0.751651,0.747049,
110088,0.223961,0.222427,-0.101243,-0.0997088,2.06817,2.06817,-0.455959,-0.455959,0,0.00153398,-0.0122718,-0.0168738,0.751651,0.747049,
110108,0.223961,0.222427,-0.101243,-0.0997088,2.06817,2.06817,-0.455959,-0.455959,0,0.00153398,-0.0122718,-0.0168738,0.751651,0.747049,
110128,0.223961,0.222427,-0.101243,-0.0997088,2.06817,2.06817,-0.455959,-0.455959,0,0.00153398,-0.0122718,-0.0168738,0.751651,0.747049,
110148,0.223961,0.222427,-0.101243,-0.0997088,2.06817,2.06817,-0.455959,-0.455959,0,0.00153398,-0.0122718,-0.0168738,0.751651,0.747049,
110168,0.223961,0.222427,-0.101243,-0.0997088,2.06817,2.06817,-0.455959,-0.455959,0,0.00153398,-0.0122718,-0.0168738,0.751651,0.747049,
110188,0.223961,0.222427,-0.101243,-0.0997088,2.06817,2.06817,-0.455959,-0.454425,0,0.00153398,-0.0122718,-0.0168738,0.751651,0.747049,
110208,0.223961,0.222427,-0.101243,-0.0997088,2.06817,2.06817,-0.455959,-0.454425,0,0.00153398,-0.0122718,-0.0168738,0.751651,0.747049,
110228,0.223961,0.222427,-0.101243,-0.0997088,2.06817,2.06817,-0.455959,-0.454425,0,0.00153398,-0.0122718,-0.0168738,0.751651,0.747049,
110248,0.223961,0.222427,-0.101243,-0.0997088,2.06817,2.06817,-0.455959,-0.454425,0,0.00153398,-0.0122718,-0.0168738,0.751651,0.747049,
110268,0.223961,0.222427,-0.101243,-0.0997088,2.06817,2.06817,-0.455959,-0.454425,0,0.00153398,-0.0122718,-0.0168738,0.751651,0.747049,
110288,0.223961,0.222427,-0.101243,-0.0997088,2.06817,2.06817,-0.455959,-0.454425,0,0.00153398,-0.0122718,-0.0168738,0.751651,0.747049,
110308,0.223961,0.222427,-0.101243,-0.0997088,2.06817,2.06817,-0.455959,-0.455959,0,0.00153398,-0.0122718,-0.0168738,0.751651,0.747049,
110328,0.223961,0.222427,-0.101243,-0.0997088,2.06817,2.06817,-0.455959,-0.455959,0,0.00153398,-0.0122718,-0.0168738,0.751651,0.747049,
110348,0.223961,0.222427,-0.101243,-0.0997088,2.06817,2.06817,-0.455959,-0.455959,0,0.00153398,-0.0122718,-0.0168738,0.751651,0.747049,
110368,0.223961,0.222427,-0.101243,-0.0997088,2.06817,2.06817,-0.455959,-0.455959,0,0.00153398,-0.0122718,-0.0168738,0.751651,0.747049,
110388,0.223961,0.222427,-0.101243,-0.0997088,2.06817,2.06817,-0.455959,-0.455959,0,0.00153398,-0.0122718,-0.0168738,0.751651,0.747049,
110408,0.223961,0.222427,-0.101243,-0.0997088,2.06817,2.06817,-0.455959,-0.455959,0,0.00153398,-0.0122718,-0.0168738,0.751651,0.747049,
110428,0.223961,0.222427,-0.101243,-0.0997088,2.06817,2.06817,-0.455959,-0.455959,0,0.00153398,-0.0122718,-0.0168738,0.751651,0.747049,
110448,0.223961,0.222427,-0.101243,-0.0997088,2.06817,2.06817,-0.455959,-0.455959,0,0.00153398,-0.0122718,-0.0168738,0.751651,0.747049,
110468,0.223961,0.222427,-0.101243,-0.0997088,2.06817,2.06817,-0.455959,-0.455959,0,0.00153398,-0.0122718,-0.0168738,0.751651,0.747049,
110488,0.223961,0.222427,-0.101243,-0.0997088,2.06817,2.06817,-0.455959,-0.455959,0,0.00153398,-0.0122718,-0.0168738,0.751651,0.747049,
110508,0.223961,0.222427,-0.101243,-0.0997088,2.06817,2.06817,-0.455959,-0.455959,0,0.00153398,-0.0122718,-0.0168738,0.751651,0.745515,
110528,0.223961,0.222427,-0.101243,-0.0997088,2.06817,2.06817,-0.455959,-0.455959,0,0.00153398,-0.0122718,-0.0168738,0.751651,0.745515,
110548,0.223961,0.222427,-0.101243,-0.0997088,2.06817,2.06817,-0.455959,-0.455959,0,0.00153398,-0.0122718,-0.0168738,0.751651,0.745515,
110568,0.223961,0.222427,-0.101243,-0.0997088,2.06817,2.06817,-0.455959,-0.455959,0,0.00153398,-0.0122718,-0.0168738,0.751651,0.745515,
110588,0.223961,0.222427,-0.101243,-0.101243,2.06817,2.06817,-0.455959,-0.455959,0,0.00153398,-0.0122718,-0.0168738,0.751651,0.747049,
110609,0.223961,0.222427,-0.101243,-0.101243,2.06817,2.06817,-0.455959,-0.455959,0,0.00153398,-0.0122718,-0.0168738,0.751651,0.747049,
110628,0.223961,0.222427,-0.101243,-0.101243,2.06817,2.06817,-0.455959,-0.455959,0,0.00153398,-0.0122718,-0.0168738,0.751651,0.747049,
110648,0.223961,0.222427,-0.101243,-0.101243,2.06817,2.06817,-0.455959,-0.455959,0,0.00153398,-0.0122718,-0.0168738,0.751651,0.747049,
110668,0.223961,0.222427,-0.101243,-0.101243,2.06817,2.06817,-0.455959,-0.455959,0,0.00153398,-0.0122718,-0.0168738,0.751651,0.747049,
110688,0.223961,0.222427,-0.101243,-0.101243,2.06817,2.06817,-0.455959,-0.455959,0,0.00153398,-0.0122718,-0.0168738,0.751651,0.747049,
110708,0.223961,0.222427,-0.101243,-0.0997088,2.06817,2.06817,-0.455959,-0.454425,0,0.00153398,-0.0122718,-0.0168738,0.751651,0.747049,
110728,0.223961,0.222427,-0.101243,-0.0997088,2.06817,2.06817,-0.455959,-0.454425,0,0.00153398,-0.0122718,-0.0168738,0.751651,0.747049,
110749,0.223961,0.222427,-0.101243,-0.0997088,2.06817,2.06817,-0.455959,-0.454425,0,0.00153398,-0.0122718,-0.0168738,0.751651,0.747049,
110768,0.223961,0.222427,-0.101243,-0.0997088,2.06817,2.06817,-0.455959,-0.454425,0,0.00153398,-0.0122718,-0.0168738,0.751651,0.747049,
110788,0.223961,0.222427,-0.101243,-0.0997088,2.06817,2.06817,-0.455959,-0.454425,0,0.00153398,-0.0122718,-0.0168738,0.751651,0.747049,
110808,0.223961,0.222427,-0.101243,-0.0997088,2.06817,2.06817,-0.455959,-0.454425,0,0.00153398,-0.0122718,-0.0168738,0.751651,0.747049,
110828,0.223961,0.222427,-0.101243,-0.0997088,2.06817,2.06817,-0.455959,-0.454425,0,0.00153398,-0.0122718,-0.0168738,0.751651,0.747049,
110848,0.223961,0.222427,-0.101243,-0.0997088,2.06817,2.06817,-0.455959,-0.454425,0,0.00153398,-0.0122718,-0.0168738,0.751651,0.747049,
110868,0.223961,0.222427,-0.101243,-0.0997088,2.06817,2.06817,-0.455959,-0.454425,0,0.00153398,-0.0122718,-0.0168738,0.751651,0.747049,
110888,0.223961,0.222427,-0.101243,-0.0997088,2.06817,2.06817,-0.455959,-0.454425,0,0.00153398,-0.0122718,-0.0168738,0.751651,0.747049,
110908,0.223961,0.222427,-0.101243,-0.0997088,2.06817,2.06817,-0.455959,-0.455959,0,0.00153398,-0.0122718,-0.0168738,0.751651,0.747049,
110928,0.223961,0.222427,-0.101243,-0.0997088,2.06817,2.06817,-0.455959,-0.455959,0,0.00153398,-0.0122718,-0.0168738,0.751651,0.747049,
110948,0.223961,0.222427,-0.101243,-0.0997088,2.06817,2.06817,-0.455959,-0.455959,0,0.00153398,-0.0122718,-0.0168738,0.751651,0.747049,
110968,0.223961,0.222427,-0.101243,-0.0997088,2.06817,2.06817,-0.455959,-0.455959,0,0.00153398,-0.0122718,-0.0168738,0.751651,0.747049,
110988,0.223961,0.222427,-0.101243,-0.0997088,2.06817,2.06817,-0.455959,-0.455959,0,0.00153398,-0.0122718,-0.0168738,0.751651,0.747049,
111008,0.223961,0.222427,-0.101243,-0.0997088,2.06817,2.06817,-0.455959,-0.455959,0,0.00153398,-0.0122718,-0.0168738,0.751651,0.747049,
111028,0.223961,0.222427,-0.101243,-0.0997088,2.06817,2.06817,-0.455959,-0.455959,0,0.00153398,-0.0122718,-0.0168738,0.751651,0.747049,
111048,0.223961,0.222427,-0.101243,-0.0997088,2.06817,2.06817,-0.455959,-0.455959,0,0.00153398,-0.0122718,-0.0168738,0.751651,0.747049,
111068,0.223961,0.222427,-0.101243,-0.0997088,2.06817,2.06817,-0.455959,-0.455959,0,0.00153398,-0.0122718,-0.0168738,0.751651,0.747049,
111088,0.223961,0.222427,-0.101243,-0.0997088,2.06817,2.06817,-0.455959,-0.455959,0,0.00153398,-0.0122718,-0.0168738,0.751651,0.747049,
111108,0.223961,0.222427,-0.101243,-0.0997088,2.06817,2.06971,-0.455959,-0.455959,0,0,-0.0122718,-0.0168738,0.751651,0.747049,
111128,0.223961,0.222427,-0.101243,-0.0997088,2.06817,2.06971,-0.455959,-0.455959,0,0,-0.0122718,-0.0168738,0.751651,0.747049,
111148,0.223961,0.222427,-0.101243,-0.0997088,2.06817,2.06971,-0.455959,-0.455959,0,0,-0.0122718,-0.0168738,0.751651,0.747049,
111168,0.223961,0.222427,-0.101243,-0.0997088,2.06817,2.06971,-0.455959,-0.455959,0,0,-0.0122718,-0.0168738,0.751651,0.747049,
111188,0.223961,0.222427,-0.101243,-0.0997088,2.06817,2.06971,-0.455959,-0.455959,0,0,-0.0122718,-0.0168738,0.751651,0.747049,
111208,0.223961,0.222427,-0.101243,-0.0997088,2.06817,2.06971,-0.455959,-0.455959,0,0.00153398,-0.0122718,-0.0168738,0.751651,0.747049,
111228,0.223961,0.222427,-0.101243,-0.0997088,2.06817,2.06971,-0.455959,-0.455959,0,0.00153398,-0.0122718,-0.0168738,0.751651,0.747049,
111248,0.223961,0.222427,-0.101243,-0.0997088,2.06817,2.06971,-0.455959,-0.455959,0,0.00153398,-0.0122718,-0.0168738,0.751651,0.747049,
111268,0.223961,0.222427,-0.101243,-0.0997088,2.06817,2.06971,-0.455959,-0.455959,0,0.00153398,-0.0122718,-0.0168738,0.751651,0.747049,
111289,0.223961,0.222427,-0.101243,-0.0997088,2.06817,2.06971,-0.455959,-0.455959,0,0.00153398,-0.0122718,-0.0168738,0.751651,0.747049,
111308,0.223961,0.222427,-0.101243,-0.0997088,2.06817,2.06817,-0.455959,-0.455959,0,0,-0.0122718,-0.0168738,0.751651,0.747049,
111329,0.223961,0.222427,-0.101243,-0.0997088,2.06817,2.06817,-0.455959,-0.455959,0,0,-0.0122718,-0.0168738,0.751651,0.747049,
111348,0.223961,0.222427,-0.101243,-0.0997088,2.06817,2.06817,-0.455959,-0.455959,0,0,-0.0122718,-0.0168738,0.751651,0.747049,
111368,0.223961,0.222427,-0.101243,-0.0997088,2.06817,2.06817,-0.455959,-0.455959,0,0,-0.0122718,-0.0168738,0.751651,0.747049,
111388,0.223961,0.222427,-0.101243,-0.0997088,2.06817,2.06817,-0.455959,-0.455959,0,0.00153398,-0.0122718,-0.0168738,0.751651,0.747049,
111408,0.223961,0.222427,-0.101243,-0.0997088,2.06817,2.06817,-0.455959,-0.455959,0,0.00153398,-0.0122718,-0.0168738,0.751651,0.747049,
111428,0.223961,0.222427,-0.101243,-0.0997088,2.06817,2.06817,-0.455959,-0.455959,0,0.00153398,-0.0122718,-0.0168738,0.751651,0.747049,
111448,0.223961,0.222427,-0.101243,-0.0997088,2.06817,2.06817,-0.455959,-0.455959,0,0.00153398,-0.0122718,-0.0168738,0.751651,0.747049,
111468,0.223961,0.222427,-0.101243,-0.0997088,2.06817,2.06817,-0.455959,-0.455959,0,0.00153398,-0.0122718,-0.0168738,0.751651,0.747049,
111488,0.223961,0.222427,-0.101243,-0.0997088,2.06817,2.06817,-0.455959,-0.455959,0,0.00153398,-0.0122718,-0.0168738,0.751651,0.747049,
111508,0.223961,0.222427,-0.101243,-0.0997088,2.06817,2.06817,-0.455959,-0.454425,0,0.00153398,-0.0122718,-0.0168738,0.751651,0.747049,
111528,0.223961,0.222427,-0.101243,-0.0997088,2.06817,2.06817,-0.455959,-0.454425,0,0.00153398,-0.0122718,-0.0168738,0.751651,0.747049,
111548,0.223961,0.222427,-0.101243,-0.0997088,2.06817,2.06817,-0.455959,-0.454425,0,0.00153398,-0.0122718,-0.0168738,0.751651,0.747049,
111568,0.223961,0.222427,-0.101243,-0.0997088,2.06817,2.06817,-0.455959,-0.454425,0,0.00153398,-0.0122718,-0.0168738,0.751651,0.747049,
111588,0.223961,0.222427,-0.101243,-0.0997088,2.06817,2.06817,-0.455959,-0.454425,0,0.00153398,-0.0122718,-0.0168738,0.751651,0.747049,
111608,0.223961,0.222427,-0.101243,-0.0997088,2.06817,2.06817,-0.455959,-0.455959,0,0.00153398,-0.0122718,-0.0168738,0.751651,0.747049,
111628,0.223961,0.222427,-0.101243,-0.0997088,2.06817,2.06817,-0.455959,-0.455959,0,0.00153398,-0.0122718,-0.0168738,0.751651,0.747049,
111648,0.223961,0.222427,-0.101243,-0.0997088,2.06817,2.06817,-0.455959,-0.455959,0,0.00153398,-0.0122718,-0.0168738,0.751651,0.747049,
111668,0.223961,0.222427,-0.101243,-0.0997088,2.06817,2.06817,-0.455959,-0.455959,0,0.00153398,-0.0122718,-0.0168738,0.751651,0.747049,
111688,0.223961,0.222427,-0.101243,-0.0997088,2.06817,2.06817,-0.455959,-0.455959,0,0.00153398,-0.0122718,-0.0168738,0.751651,0.747049,
111708,0.223961,0.222427,-0.101243,-0.0997088,2.06817,2.06817,-0.455959,-0.454425,0,0,-0.0122718,-0.0168738,0.751651,0.747049,
111728,0.223961,0.222427,-0.101243,-0.0997088,2.06817,2.06817,-0.455959,-0.454425,0,0,-0.0122718,-0.0168738,0.751651,0.747049,
111748,0.223961,0.222427,-0.101243,-0.0997088,2.06817,2.06817,-0.455959,-0.454425,0,0,-0.0122718,-0.0168738,0.751651,0.747049,
111768,0.223961,0.222427,-0.101243,-0.0997088,2.06817,2.06817,-0.455959,-0.454425,0,0,-0.0122718,-0.0168738,0.751651,0.747049,
111788,0.223961,0.222427,-0.101243,-0.0997088,2.06817,2.06817,-0.455959,-0.455959,0,0,-0.0122718,-0.0168738,0.751651,0.747049,
111808,0.223961,0.222427,-0.101243,-0.0997088,2.06817,2.06817,-0.455959,-0.455959,0,0,-0.0122718,-0.0168738,0.751651,0.747049,
111828,0.223961,0.222427,-0.101243,-0.0997088,2.06817,2.06817,-0.455959,-0.455959,0,0,-0.0122718,-0.0168738,0.751651,0.747049,
111848,0.223961,0.222427,-0.101243,-0.0997088,2.06817,2.06817,-0.455959,-0.455959,0,0,-0.0122718,-0.0168738,0.751651,0.747049,
111868,0.223961,0.222427,-0.101243,-0.0997088,2.06817,2.06817,-0.455959,-0.455959,0,0,-0.0122718,-0.0168738,0.751651,0.747049,
111889,0.223961,0.222427,-0.101243,-0.0997088,2.06817,2.06817,-0.455959,-0.455959,0,0,-0.0122718,-0.0168738,0.751651,0.747049,
111908,0.223961,0.222427,-0.101243,-0.0997088,2.06817,2.06971,-0.455959,-0.454425,0,0.00153398,-0.0122718,-0.0168738,0.751651,0.747049,
111928,0.223961,0.222427,-0.101243,-0.0997088,2.06817,2.06971,-0.455959,-0.454425,0,0.00153398,-0.0122718,-0.0168738,0.751651,0.747049,
111948,0.223961,0.222427,-0.101243,-0.0997088,2.06817,2.06971,-0.455959,-0.454425,0,0.00153398,-0.0122718,-0.0168738,0.751651,0.747049,
111968,0.223961,0.222427,-0.101243,-0.0997088,2.06817,2.06971,-0.455959,-0.454425,0,0.00153398,-0.0122718,-0.0168738,0.751651,0.747049,
111988,0.223961,0.222427,-0.101243,-0.0997088,2.06817,2.06971,-0.455959,-0.454425,0,0.00153398,-0.0122718,-0.0168738,0.751651,0.747049,
112008,0.223961,0.222427,-0.101243,-0.0997088,2.06817,2.06817,-0.455959,-0.455959,0,0,-0.0122718,-0.0168738,0.751651,0.747049,
112028,0.223961,0.222427,-0.101243,-0.0997088,2.06817,2.06817,-0.455959,-0.455959,0,0,-0.0122718,-0.0168738,0.751651,0.747049,
112048,0.223961,0.222427,-0.101243,-0.0997088,2.06817,2.06817,-0.455959,-0.455959,0,0,-0.0122718,-0.0168738,0.751651,0.747049,
112068,0.223961,0.222427,-0.101243,-0.0997088,2.06817,2.06817,-0.455959,-0.455959,0,0,-0.0122718,-0.0168738,0.751651,0.747049,
112088,0.223961,0.222427,-0.101243,-0.0997088,2.06817,2.06817,-0.455959,-0.455959,0,0,-0.0122718,-0.0168738,0.751651,0.747049,
112108,0.223961,0.222427,-0.101243,-0.0997088,2.06817,2.06971,-0.455959,-0.455959,0,0.00153398,-0.0122718,-0.0168738,0.751651,0.747049,
112128,0.223961,0.222427,-0.101243,-0.0997088,2.06817,2.06971,-0.455959,-0.455959,0,0.00153398,-0.0122718,-0.0168738,0.751651,0.747049,
112148,0.223961,0.222427,-0.101243,-0.0997088,2.06817,2.06971,-0.455959,-0.455959,0,0.00153398,-0.0122718,-0.0168738,0.751651,0.747049,
112168,0.223961,0.222427,-0.101243,-0.0997088,2.06817,2.06971,-0.455959,-0.455959,0,0.00153398,-0.0122718,-0.0168738,0.751651,0.747049,
112188,0.223961,0.222427,-0.101243,-0.0997088,2.06817,2.06817,-0.455959,-0.455959,0,0,-0.0122718,-0.0168738,0.751651,0.747049,
112208,0.223961,0.222427,-0.101243,-0.0997088,2.06817,2.06817,-0.455959,-0.455959,0,0,-0.0122718,-0.0168738,0.751651,0.747049,
112228,0.223961,0.222427,-0.101243,-0.0997088,2.06817,2.06817,-0.455959,-0.455959,0,0,-0.0122718,-0.0168738,0.751651,0.747049,
112248,0.223961,0.222427,-0.101243,-0.0997088,2.06817,2.06817,-0.455959,-0.455959,0,0,-0.0122718,-0.0168738,0.751651,0.747049,
112268,0.223961,0.222427,-0.101243,-0.0997088,2.06817,2.06817,-0.455959,-0.455959,0,0,-0.0122718,-0.0168738,0.751651,0.747049,
112288,0.223961,0.222427,-0.101243,-0.0997088,2.06817,2.06817,-0.455959,-0.455959,0,0,-0.0122718,-0.0168738,0.751651,0.747049,
112308,0.223961,0.222427,-0.101243,-0.101243,2.06817,2.06817,-0.455959,-0.455959,0,0,-0.0122718,-0.0168738,0.751651,0.747049,
112328,0.223961,0.222427,-0.101243,-0.101243,2.06817,2.06817,-0.455959,-0.455959,0,0,-0.0122718,-0.0168738,0.751651,0.747049,
112348,0.223961,0.222427,-0.101243,-0.101243,2.06817,2.06817,-0.455959,-0.455959,0,0,-0.0122718,-0.0168738,0.751651,0.747049,
112368,0.223961,0.222427,-0.101243,-0.101243,2.06817,2.06817,-0.455959,-0.455959,0,0,-0.0122718,-0.0168738,0.751651,0.747049,
112388,0.223961,0.222427,-0.101243,-0.101243,2.06817,2.06817,-0.455959,-0.455959,0,0,-0.0122718,-0.0168738,0.751651,0.747049,
112408,0.223961,0.222427,-0.101243,-0.0997088,2.06817,2.06817,-0.455959,-0.455959,0,0.00153398,-0.0122718,-0.0168738,0.751651,0.747049,
112429,0.223961,0.222427,-0.101243,-0.0997088,2.06817,2.06817,-0.455959,-0.455959,0,0.00153398,-0.0122718,-0.0168738,0.751651,0.747049,
112448,0.223961,0.222427,-0.101243,-0.0997088,2.06817,2.06817,-0.455959,-0.455959,0,0.00153398,-0.0122718,-0.0168738,0.751651,0.747049,
112468,0.223961,0.222427,-0.101243,-0.0997088,2.06817,2.06817,-0.455959,-0.455959,0,0.00153398,-0.0122718,-0.0168738,0.751651,0.747049,
112489,0.223961,0.222427,-0.101243,-0.0997088,2.06817,2.06817,-0.455959,-0.455959,0,0.00153398,-0.0122718,-0.0168738,0.751651,0.747049,
112508,0.223961,0.222427,-0.101243,-0.0997088,2.06817,2.06817,-0.455959,-0.454425,0,0.00153398,-0.0122718,-0.0168738,0.751651,0.747049,
112529,0.223961,0.222427,-0.101243,-0.0997088,2.06817,2.06817,-0.455959,-0.454425,0,0.00153398,-0.0122718,-0.0168738,0.751651,0.747049,
112548,0.223961,0.222427,-0.101243,-0.0997088,2.06817,2.06817,-0.455959,-0.454425,0,0.00153398,-0.0122718,-0.0168738,0.751651,0.747049,
112568,0.223961,0.222427,-0.101243,-0.0997088,2.06817,2.06817,-0.455959,-0.454425,0,0.00153398,-0.0122718,-0.0168738,0.751651,0.747049,
112588,0.223961,0.222427,-0.101243,-0.0997088,2.06817,2.06817,-0.455959,-0.455959,0,0.00153398,-0.0122718,-0.0168738,0.751651,0.747049,
112608,0.223961,0.222427,-0.101243,-0.0997088,2.06817,2.06817,-0.455959,-0.455959,0,0.00153398,-0.0122718,-0.0168738,0.751651,0.747049,
112628,0.223961,0.222427,-0.101243,-0.0997088,2.06817,2.06817,-0.455959,-0.455959,0,0.00153398,-0.0122718,-0.0168738,0.751651,0.747049,
112648,0.223961,0.222427,-0.101243,-0.0997088,2.06817,2.06817,-0.455959,-0.455959,0,0.00153398,-0.0122718,-0.0168738,0.751651,0.747049,
112668,0.223961,0.222427,-0.101243,-0.0997088,2.06817,2.06817,-0.455959,-0.455959,0,0.00153398,-0.0122718,-0.0168738,0.751651,0.747049,
112688,0.223961,0.222427,-0.101243,-0.0997088,2.06817,2.06817,-0.455959,-0.455959,0,0.00153398,-0.0122718,-0.0168738,0.751651,0.747049,
112708,0.223961,0.222427,-0.101243,-0.101243,2.06817,2.06817,-0.455959,-0.455959,0,0,-0.0122718,-0.0168738,0.751651,0.747049,
112728,0.223961,0.222427,-0.101243,-0.101243,2.06817,2.06817,-0.455959,-0.455959,0,0,-0.0122718,-0.0168738,0.751651,0.747049,
112748,0.223961,0.222427,-0.101243,-0.101243,2.06817,2.06817,-0.455959,-0.455959,0,0,-0.0122718,-0.0168738,0.751651,0.747049,
112769,0.223961,0.222427,-0.101243,-0.101243,2.06817,2.06817,-0.455959,-0.455959,0,0,-0.0122718,-0.0168738,0.751651,0.747049,
112788,0.223961,0.222427,-0.101243,-0.101243,2.06817,2.06817,-0.455959,-0.455959,0,0,-0.0122718,-0.0168738,0.751651,0.747049,
112808,0.223961,0.222427,-0.101243,-0.0997088,2.06817,2.06817,-0.455959,-0.455959,0,0.00153398,-0.0122718,-0.0168738,0.751651,0.747049,
112828,0.223961,0.222427,-0.101243,-0.0997088,2.06817,2.06817,-0.455959,-0.455959,0,0.00153398,-0.0122718,-0.0168738,0.751651,0.747049,
112849,0.223961,0.222427,-0.101243,-0.0997088,2.06817,2.06817,-0.455959,-0.455959,0,0.00153398,-0.0122718,-0.0168738,0.751651,0.747049,
112869,0.223961,0.222427,-0.101243,-0.0997088,2.06817,2.06817,-0.455959,-0.455959,0,0.00153398,-0.0122718,-0.0168738,0.751651,0.747049,
112889,0.223961,0.222427,-0.101243,-0.0997088,2.06817,2.06817,-0.455959,-0.455959,0,0.00153398,-0.0122718,-0.0168738,0.751651,0.747049,
112908,0.223961,0.222427,-0.101243,-0.0997088,2.06817,2.06817,-0.455959,-0.455959,0,0,-0.0122718,-0.0168738,0.751651,0.747049,
112928,0.223961,0.222427,-0.101243,-0.0997088,2.06817,2.06817,-0.455959,-0.455959,0,0,-0.0122718,-0.0168738,0.751651,0.747049,
112948,0.223961,0.222427,-0.101243,-0.0997088,2.06817,2.06817,-0.455959,-0.455959,0,0,-0.0122718,-0.0168738,0.751651,0.747049,
112968,0.223961,0.222427,-0.101243,-0.0997088,2.06817,2.06817,-0.455959,-0.455959,0,0,-0.0122718,-0.0168738,0.751651,0.747049,
112988,0.223961,0.222427,-0.101243,-0.0997088,2.06817,2.06817,-0.455959,-0.455959,0,0,-0.0122718,-0.0168738,0.751651,0.747049,
113008,0.223961,0.222427,-0.101243,-0.101243,2.06817,2.06817,-0.455959,-0.455959,0,0.00153398,-0.0122718,-0.0168738,0.751651,0.747049,
113028,0.223961,0.222427,-0.101243,-0.101243,2.06817,2.06817,-0.455959,-0.455959,0,0.00153398,-0.0122718,-0.0168738,0.751651,0.747049,
113048,0.223961,0.222427,-0.101243,-0.101243,2.06817,2.06817,-0.455959,-0.455959,0,0.00153398,-0.0122718,-0.0168738,0.751651,0.747049,
113068,0.223961,0.222427,-0.101243,-0.101243,2.06817,2.06817,-0.455959,-0.455959,0,0.00153398,-0.0122718,-0.0168738,0.751651,0.747049,
113088,0.223961,0.222427,-0.101243,-0.101243,2.06817,2.06817,-0.455959,-0.455959,0,0.00153398,-0.0122718,-0.0168738,0.751651,0.747049,
113108,0.223961,0.222427,-0.101243,-0.101243,2.06817,2.06817,-0.455959,-0.455959,0,0,-0.0122718,-0.0168738,0.751651,0.747049,
113128,0.223961,0.222427,-0.101243,-0.101243,2.06817,2.06817,-0.455959,-0.455959,0,0,-0.0122718,-0.0168738,0.751651,0.747049,
113148,0.223961,0.222427,-0.101243,-0.101243,2.06817,2.06817,-0.455959,-0.455959,0,0,-0.0122718,-0.0168738,0.751651,0.747049,
113169,0.223961,0.222427,-0.101243,-0.101243,2.06817,2.06817,-0.455959,-0.455959,0,0,-0.0122718,-0.0168738,0.751651,0.747049,
113188,0.223961,0.222427,-0.101243,-0.101243,2.06817,2.06817,-0.455959,-0.455959,0,0,-0.0122718,-0.0168738,0.751651,0.747049,
113208,0.223961,0.222427,-0.101243,-0.0997088,2.06817,2.06817,-0.455959,-0.455959,0,0.00153398,-0.0122718,-0.0168738,0.751651,0.747049,
113232,0.223961,0.222427,-0.101243,-0.0997088,2.06817,2.06817,-0.455959,-0.455959,0,0.00153398,-0.0122718,-0.0168738,0.751651,0.747049,
113248,0.223961,0.222427,-0.101243,-0.0997088,2.06817,2.06817,-0.455959,-0.455959,0,0.00153398,-0.0122718,-0.0168738,0.751651,0.747049,
113268,0.223961,0.222427,-0.101243,-0.0997088,2.06817,2.06817,-0.455959,-0.455959,0,0.00153398,-0.0122718,-0.0168738,0.751651,0.747049,
113288,0.223961,0.222427,-0.101243,-0.0997088,2.06817,2.06817,-0.455959,-0.455959,0,0.00153398,-0.0122718,-0.0168738,0.751651,0.747049,
113308,0.223961,0.222427,-0.101243,-0.0997088,2.06817,2.06817,-0.455959,-0.455959,0,0.00153398,-0.0122718,-0.0168738,0.751651,0.747049,
113328,0.223961,0.222427,-0.101243,-0.0997088,2.06817,2.06817,-0.455959,-0.455959,0,0.00153398,-0.0122718,-0.0168738,0.751651,0.747049,
113348,0.223961,0.222427,-0.101243,-0.0997088,2.06817,2.06817,-0.455959,-0.455959,0,0.00153398,-0.0122718,-0.0168738,0.751651,0.747049,
113368,0.223961,0.222427,-0.101243,-0.0997088,2.06817,2.06817,-0.455959,-0.455959,0,0.00153398,-0.0122718,-0.0168738,0.751651,0.747049,
113388,0.223961,0.222427,-0.101243,-0.0997088,2.06817,2.06817,-0.455959,-0.455959,0,0.00153398,-0.0122718,-0.0168738,0.751651,0.747049,
113408,0.223961,0.222427,-0.101243,-0.0997088,2.06817,2.06817,-0.455959,-0.455959,0,0.00153398,-0.0122718,-0.0168738,0.751651,0.747049,
113428,0.223961,0.222427,-0.101243,-0.0997088,2.06817,2.06817,-0.455959,-0.455959,0,0.00153398,-0.0122718,-0.0168738,0.751651,0.747049,
113448,0.223961,0.222427,-0.101243,-0.0997088,2.06817,2.06817,-0.455959,-0.455959,0,0.00153398,-0.0122718,-0.0168738,0.751651,0.747049,
113468,0.223961,0.222427,-0.101243,-0.0997088,2.06817,2.06817,-0.455959,-0.455959,0,0.00153398,-0.0122718,-0.0168738,0.751651,0.747049,
113488,0.223961,0.222427,-0.101243,-0.0997088,2.06817,2.06817,-0.455959,-0.455959,0,0.00153398,-0.0122718,-0.0168738,0.751651,0.747049,
113508,0.223961,0.222427,-0.101243,-0.101243,2.06817,2.06817,-0.455959,-0.455959,0,0,-0.0122718,-0.0168738,0.751651,0.747049,
113528,0.223961,0.222427,-0.101243,-0.101243,2.06817,2.06817,-0.455959,-0.455959,0,0,-0.0122718,-0.0168738,0.751651,0.747049,
113548,0.223961,0.222427,-0.101243,-0.101243,2.06817,2.06817,-0.455959,-0.455959,0,0,-0.0122718,-0.0168738,0.751651,0.747049,
113568,0.223961,0.222427,-0.101243,-0.101243,2.06817,2.06817,-0.455959,-0.455959,0,0,-0.0122718,-0.0168738,0.751651,0.747049,
113588,0.223961,0.222427,-0.101243,-0.101243,2.06817,2.06817,-0.455959,-0.455959,0,0,-0.0122718,-0.0168738,0.751651,0.747049,
113608,0.223961,0.222427,-0.101243,-0.101243,2.06817,2.06817,-0.455959,-0.455959,0,0,-0.0122718,-0.0168738,0.751651,0.747049,
113628,0.223961,0.222427,-0.101243,-0.0997088,2.06817,2.06817,-0.455959,-0.455959,0,0.00153398,-0.0122718,-0.0168738,0.751651,0.747049,
113648,0.223961,0.222427,-0.101243,-0.0997088,2.06817,2.06817,-0.455959,-0.455959,0,0.00153398,-0.0122718,-0.0168738,0.751651,0.747049,
113668,0.223961,0.222427,-0.101243,-0.0997088,2.06817,2.06817,-0.455959,-0.455959,0,0.00153398,-0.0122718,-0.0168738,0.751651,0.747049,
113688,0.223961,0.222427,-0.101243,-0.0997088,2.06817,2.06817,-0.455959,-0.455959,0,0.00153398,-0.0122718,-0.0168738,0.751651,0.747049,
113708,0.223961,0.222427,-0.101243,-0.0997088,2.06817,2.06817,-0.455959,-0.455959,0,0.00153398,-0.0122718,-0.0168738,0.751651,0.747049,
113728,0.223961,0.222427,-0.101243,-0.0997088,2.06817,2.06817,-0.455959,-0.454425,0,0,-0.0122718,-0.0168738,0.751651,0.747049,
113748,0.223961,0.222427,-0.101243,-0.0997088,2.06817,2.06817,-0.455959,-0.454425,0,0,-0.0122718,-0.0168738,0.751651,0.747049,
113768,0.223961,0.222427,-0.101243,-0.0997088,2.06817,2.06817,-0.455959,-0.454425,0,0,-0.0122718,-0.0168738,0.751651,0.747049,
113788,0.223961,0.222427,-0.101243,-0.101243,2.06817,2.06817,-0.455959,-0.455959,0,0,-0.0122718,-0.0168738,0.751651,0.747049,
113808,0.223961,0.222427,-0.101243,-0.101243,2.06817,2.06817,-0.455959,-0.455959,0,0,-0.0122718,-0.0168738,0.751651,0.747049,
113828,0.223961,0.222427,-0.101243,-0.101243,2.06817,2.06817,-0.455959,-0.455959,0,0,-0.0122718,-0.0168738,0.751651,0.747049,
113848,0.223961,0.222427,-0.101243,-0.101243,2.06817,2.06817,-0.455959,-0.455959,0,0,-0.0122718,-0.0168738,0.751651,0.747049,
113868,0.223961,0.222427,-0.101243,-0.101243,2.06817,2.06817,-0.455959,-0.455959,0,0,-0.0122718,-0.0168738,0.751651,0.747049,
113888,0.223961,0.222427,-0.101243,-0.101243,2.06817,2.06817,-0.455959,-0.455959,0,0,-0.0122718,-0.0168738,0.751651,0.747049,
113908,0.223961,0.222427,-0.101243,-0.101243,2.06817,2.06817,-0.455959,-0.454425,0,0.00153398,-0.0122718,-0.0168738,0.751651,0.747049,
113928,0.223961,0.222427,-0.101243,-0.101243,2.06817,2.06817,-0.455959,-0.454425,0,0.00153398,-0.0122718,-0.0168738,0.751651,0.747049,
113948,0.223961,0.222427,-0.101243,-0.101243,2.06817,2.06817,-0.455959,-0.454425,0,0.00153398,-0.0122718,-0.0168738,0.751651,0.747049,
113968,0.223961,0.222427,-0.101243,-0.101243,2.06817,2.06817,-0.455959,-0.454425,0,0.00153398,-0.0122718,-0.0168738,0.751651,0.747049,
113988,0.223961,0.222427,-0.101243,-0.101243,2.06817,2.06817,-0.455959,-0.454425,0,0.00153398,-0.0122718,-0.0168738,0.751651,0.747049,
114008,0.223961,0.222427,-0.101243,-0.0997088,2.06817,2.06817,-0.455959,-0.455959,0,0.00153398,-0.0122718,-0.0168738,0.751651,0.747049,
114029,0.223961,0.222427,-0.101243,-0.0997088,2.06817,2.06817,-0.455959,-0.455959,0,0.00153398,-0.0122718,-0.0168738,0.751651,0.747049,
114048,0.223961,0.222427,-0.101243,-0.0997088,2.06817,2.06817,-0.455959,-0.455959,0,0.00153398,-0.0122718,-0.0168738,0.751651,0.747049,
114068,0.223961,0.222427,-0.101243,-0.0997088,2.06817,2.06817,-0.455959,-0.455959,0,0.00153398,-0.0122718,-0.0168738,0.751651,0.747049,
114088,0.223961,0.222427,-0.101243,-0.0997088,2.06817,2.06817,-0.455959,-0.455959,0,0.00153398,-0.0122718,-0.0168738,0.751651,0.747049,
114108,0.223961,0.222427,-0.101243,-0.101243,2.06817,2.06817,-0.455959,-0.455959,0,0,-0.0122718,-0.0168738,0.751651,0.747049,
114128,0.223961,0.222427,-0.101243,-0.101243,2.06817,2.06817,-0.455959,-0.455959,0,0,-0.0122718,-0.0168738,0.751651,0.747049,
114149,0.223961,0.222427,-0.101243,-0.101243,2.06817,2.06817,-0.455959,-0.455959,0,0,-0.0122718,-0.0168738,0.751651,0.747049,
114168,0.223961,0.222427,-0.101243,-0.101243,2.06817,2.06817,-0.455959,-0.455959,0,0,-0.0122718,-0.0168738,0.751651,0.747049,
114188,0.223961,0.222427,-0.101243,-0.101243,2.06817,2.06817,-0.455959,-0.455959,0,0,-0.0122718,-0.0168738,0.751651,0.747049,
114208,0.223961,0.222427,-0.101243,-0.101243,2.06817,2.06817,-0.455959,-0.455959,0,0,-0.0122718,-0.0168738,0.751651,0.747049,
114229,0.223961,0.222427,-0.101243,-0.101243,2.06817,2.06817,-0.455959,-0.455959,0,0,-0.0122718,-0.0168738,0.751651,0.747049,
114248,0.223961,0.222427,-0.101243,-0.101243,2.06817,2.06817,-0.455959,-0.455959,0,0,-0.0122718,-0.0168738,0.751651,0.747049,
114268,0.223961,0.222427,-0.101243,-0.101243,2.06817,2.06817,-0.455959,-0.455959,0,0,-0.0122718,-0.0168738,0.751651,0.747049,
114288,0.223961,0.222427,-0.101243,-0.101243,2.06817,2.06817,-0.455959,-0.455959,0,0,-0.0122718,-0.0168738,0.751651,0.747049,
114309,0.223961,0.222427,-0.101243,-0.101243,2.06817,2.06817,-0.455959,-0.455959,0,0,-0.0122718,-0.0168738,0.751651,0.747049,
114328,0.223961,0.222427,-0.101243,-0.101243,2.06817,2.06817,-0.455959,-0.455959,0,0,-0.0122718,-0.0168738,0.751651,0.747049,
114348,0.223961,0.222427,-0.101243,-0.101243,2.06817,2.06817,-0.455959,-0.455959,0,0,-0.0122718,-0.0168738,0.751651,0.747049,
114368,0.223961,0.222427,-0.101243,-0.101243,2.06817,2.06817,-0.455959,-0.455959,0,0,-0.0122718,-0.0168738,0.751651,0.747049,
114388,0.223961,0.222427,-0.101243,-0.101243,2.06817,2.06817,-0.455959,-0.455959,0,0,-0.0122718,-0.0168738,0.751651,0.747049,
114408,0.223961,0.222427,-0.101243,-0.101243,2.06817,2.06817,-0.455959,-0.455959,0,0.00153398,-0.0122718,-0.0168738,0.751651,0.747049,
114428,0.223961,0.222427,-0.101243,-0.101243,2.06817,2.06817,-0.455959,-0.455959,0,0.00153398,-0.0122718,-0.0168738,0.751651,0.747049,
114448,0.223961,0.222427,-0.101243,-0.101243,2.06817,2.06817,-0.455959,-0.455959,0,0.00153398,-0.0122718,-0.0168738,0.751651,0.747049,
114468,0.223961,0.222427,-0.101243,-0.101243,2.06817,2.06817,-0.455959,-0.455959,0,0.00153398,-0.0122718,-0.0168738,0.751651,0.747049,
114488,0.223961,0.222427,-0.101243,-0.101243,2.06817,2.06817,-0.455959,-0.455959,0,0.00153398,-0.0122718,-0.0168738,0.751651,0.747049,
114508,0.223961,0.222427,-0.101243,-0.0997088,2.06817,2.06817,-0.455959,-0.455959,0,0.00153398,-0.0122718,-0.0168738,0.751651,0.747049,
114528,0.223961,0.222427,-0.101243,-0.0997088,2.06817,2.06817,-0.455959,-0.455959,0,0.00153398,-0.0122718,-0.0168738,0.751651,0.747049,
114548,0.223961,0.222427,-0.101243,-0.0997088,2.06817,2.06817,-0.455959,-0.455959,0,0.00153398,-0.0122718,-0.0168738,0.751651,0.747049,
114568,0.223961,0.222427,-0.101243,-0.0997088,2.06817,2.06817,-0.455959,-0.455959,0,0.00153398,-0.0122718,-0.0168738,0.751651,0.747049,
114588,0.223961,0.222427,-0.101243,-0.0997088,2.06817,2.06817,-0.455959,-0.455959,0,0,-0.0122718,-0.0168738,0.751651,0.747049,
114608,0.223961,0.222427,-0.101243,-0.0997088,2.06817,2.06817,-0.455959,-0.455959,0,0,-0.0122718,-0.0168738,0.751651,0.747049,
114628,0.223961,0.222427,-0.101243,-0.0997088,2.06817,2.06817,-0.455959,-0.455959,0,0,-0.0122718,-0.0168738,0.751651,0.747049,
114648,0.223961,0.222427,-0.101243,-0.0997088,2.06817,2.06817,-0.455959,-0.455959,0,0,-0.0122718,-0.0168738,0.751651,0.747049,
114668,0.223961,0.222427,-0.101243,-0.0997088,2.06817,2.06817,-0.455959,-0.455959,0,0,-0.0122718,-0.0168738,0.751651,0.747049,
114688,0.223961,0.222427,-0.101243,-0.0997088,2.06817,2.06817,-0.455959,-0.455959,0,0,-0.0122718,-0.0168738,0.751651,0.747049,
114708,0.223961,0.222427,-0.101243,-0.0997088,2.06817,2.06817,-0.455959,-0.454425,0,0.00153398,-0.0122718,-0.0168738,0.751651,0.747049,
114728,0.223961,0.222427,-0.101243,-0.0997088,2.06817,2.06817,-0.455959,-0.454425,0,0.00153398,-0.0122718,-0.0168738,0.751651,0.747049,
114748,0.223961,0.222427,-0.101243,-0.0997088,2.06817,2.06817,-0.455959,-0.454425,0,0.00153398,-0.0122718,-0.0168738,0.751651,0.747049,
114768,0.223961,0.222427,-0.101243,-0.0997088,2.06817,2.06817,-0.455959,-0.454425,0,0.00153398,-0.0122718,-0.0168738,0.751651,0.747049,
114788,0.223961,0.222427,-0.101243,-0.0997088,2.06817,2.06817,-0.455959,-0.454425,0,0.00153398,-0.0122718,-0.0168738,0.751651,0.747049,
114808,0.223961,0.220893,-0.101243,-0.101243,2.06817,2.06817,-0.455959,-0.455959,0,0,-0.0122718,-0.0168738,0.751651,0.747049,
114828,0.223961,0.220893,-0.101243,-0.101243,2.06817,2.06817,-0.455959,-0.455959,0,0,-0.0122718,-0.0168738,0.751651,0.747049,
114848,0.223961,0.220893,-0.101243,-0.101243,2.06817,2.06817,-0.455959,-0.455959,0,0,-0.0122718,-0.0168738,0.751651,0.747049,
114868,0.223961,0.220893,-0.101243,-0.101243,2.06817,2.06817,-0.455959,-0.455959,0,0,-0.0122718,-0.0168738,0.751651,0.747049,
114888,0.223961,0.220893,-0.101243,-0.101243,2.06817,2.06817,-0.455959,-0.455959,0,0,-0.0122718,-0.0168738,0.751651,0.747049,
114908,0.223961,0.222427,-0.101243,-0.101243,2.06817,2.06971,-0.455959,-0.455959,0,0.00153398,-0.0122718,-0.0168738,0.751651,0.747049,
114928,0.223961,0.222427,-0.101243,-0.101243,2.06817,2.06971,-0.455959,-0.455959,0,0.00153398,-0.0122718,-0.0168738,0.751651,0.747049,
114948,0.223961,0.222427,-0.101243,-0.101243,2.06817,2.06971,-0.455959,-0.455959,0,0.00153398,-0.0122718,-0.0168738,0.751651,0.747049,
114968,0.223961,0.222427,-0.101243,-0.101243,2.06817,2.06971,-0.455959,-0.455959,0,0.00153398,-0.0122718,-0.0168738,0.751651,0.747049,
114988,0.223961,0.222427,-0.101243,-0.101243,2.06817,2.06817,-0.455959,-0.455959,0,0.00153398,-0.0122718,-0.0168738,0.751651,0.747049,
115008,0.223961,0.222427,-0.101243,-0.101243,2.06817,2.06817,-0.455959,-0.455959,0,0.00153398,-0.0122718,-0.0168738,0.751651,0.747049,
115028,0.223961,0.222427,-0.101243,-0.101243,2.06817,2.06817,-0.455959,-0.455959,0,0.00153398,-0.0122718,-0.0168738,0.751651,0.747049,
115048,0.223961,0.222427,-0.101243,-0.101243,2.06817,2.06817,-0.455959,-0.455959,0,0.00153398,-0.0122718,-0.0168738,0.751651,0.747049,
115068,0.223961,0.222427,-0.101243,-0.101243,2.06817,2.06817,-0.455959,-0.455959,0,0.00153398,-0.0122718,-0.0168738,0.751651,0.747049,
115088,0.223961,0.222427,-0.101243,-0.101243,2.06817,2.06817,-0.455959,-0.455959,0,0.00153398,-0.0122718,-0.0168738,0.751651,0.747049,
115108,0.223961,0.222427,-0.101243,-0.101243,2.06817,2.06971,-0.455959,-0.455959,0,0,-0.0122718,-0.0168738,0.751651,0.747049,
115128,0.223961,0.222427,-0.101243,-0.101243,2.06817,2.06971,-0.455959,-0.455959,0,0,-0.0122718,-0.0168738,0.751651,0.747049,
115148,0.223961,0.222427,-0.101243,-0.101243,2.06817,2.06971,-0.455959,-0.455959,0,0,-0.0122718,-0.0168738,0.751651,0.747049,
115168,0.223961,0.222427,-0.101243,-0.101243,2.06817,2.06971,-0.455959,-0.455959,0,0,-0.0122718,-0.0168738,0.751651,0.747049,
115188,0.223961,0.222427,-0.101243,-0.101243,2.06817,2.06971,-0.455959,-0.455959,0,0,-0.0122718,-0.0168738,0.751651,0.747049,
115208,0.223961,0.222427,-0.101243,-0.101243,2.06817,2.06817,-0.455959,-0.455959,0,0,-0.0122718,-0.0168738,0.751651,0.745515,
115228,0.223961,0.222427,-0.101243,-0.101243,2.06817,2.06817,-0.455959,-0.455959,0,0,-0.0122718,-0.0168738,0.751651,0.745515,
115248,0.223961,0.222427,-0.101243,-0.101243,2.06817,2.06817,-0.455959,-0.455959,0,0,-0.0122718,-0.0168738,0.751651,0.745515,
115268,0.223961,0.222427,-0.101243,-0.101243,2.06817,2.06817,-0.455959,-0.455959,0,0,-0.0122718,-0.0168738,0.751651,0.745515,
115288,0.223961,0.222427,-0.101243,-0.0997088,2.06817,2.06817,-0.455959,-0.455959,0,0,-0.0122718,-0.0168738,0.751651,0.747049,
115308,0.223961,0.222427,-0.101243,-0.0997088,2.06817,2.06817,-0.455959,-0.455959,0,0,-0.0122718,-0.0168738,0.751651,0.747049,
115328,0.223961,0.222427,-0.101243,-0.0997088,2.06817,2.06817,-0.455959,-0.455959,0,0,-0.0122718,-0.0168738,0.751651,0.747049,
115348,0.223961,0.222427,-0.101243,-0.0997088,2.06817,2.06817,-0.455959,-0.455959,0,0,-0.0122718,-0.0168738,0.751651,0.747049,
115369,0.223961,0.222427,-0.101243,-0.0997088,2.06817,2.06817,-0.455959,-0.455959,0,0,-0.0122718,-0.0168738,0.751651,0.747049,
115388,0.223961,0.222427,-0.101243,-0.0997088,2.06817,2.06817,-0.455959,-0.455959,0,0.00153398,-0.0122718,-0.0168738,0.751651,0.747049,
115408,0.223961,0.222427,-0.101243,-0.0997088,2.06817,2.06817,-0.455959,-0.455959,0,0.00153398,-0.0122718,-0.0168738,0.751651,0.747049,
115428,0.223961,0.222427,-0.101243,-0.0997088,2.06817,2.06817,-0.455959,-0.455959,0,0.00153398,-0.0122718,-0.0168738,0.751651,0.747049,
115448,0.223961,0.222427,-0.101243,-0.0997088,2.06817,2.06817,-0.455959,-0.455959,0,0.00153398,-0.0122718,-0.0168738,0.751651,0.747049,
115468,0.223961,0.222427,-0.101243,-0.0997088,2.06817,2.06817,-0.455959,-0.455959,0,0.00153398,-0.0122718,-0.0168738,0.751651,0.747049,
115488,0.223961,0.222427,-0.101243,-0.0997088,2.06817,2.06817,-0.455959,-0.455959,0,0.00153398,-0.0122718,-0.0168738,0.751651,0.747049,
115508,0.223961,0.222427,-0.101243,-0.101243,2.06817,2.06817,-0.455959,-0.455959,0,0.00153398,-0.0122718,-0.0168738,0.751651,0.747049,
115528,0.223961,0.222427,-0.101243,-0.101243,2.06817,2.06817,-0.455959,-0.455959,0,0.00153398,-0.0122718,-0.0168738,0.751651,0.747049,
115548,0.223961,0.222427,-0.101243,-0.101243,2.06817,2.06817,-0.455959,-0.455959,0,0.00153398,-0.0122718,-0.0168738,0.751651,0.747049,
115568,0.223961,0.222427,-0.101243,-0.101243,2.06817,2.06817,-0.455959,-0.455959,0,0.00153398,-0.0122718,-0.0168738,0.751651,0.747049,
115588,0.223961,0.222427,-0.101243,-0.101243,2.06817,2.06817,-0.455959,-0.455959,0,0.00153398,-0.0122718,-0.0168738,0.751651,0.747049,
115608,0.223961,0.222427,-0.101243,-0.101243,2.06817,2.06817,-0.455959,-0.455959,0,0,-0.0122718,-0.0168738,0.751651,0.747049,
115628,0.223961,0.222427,-0.101243,-0.101243,2.06817,2.06817,-0.455959,-0.455959,0,0,-0.0122718,-0.0168738,0.751651,0.747049,
115648,0.223961,0.222427,-0.101243,-0.101243,2.06817,2.06817,-0.455959,-0.455959,0,0,-0.0122718,-0.0168738,0.751651,0.747049,
115668,0.223961,0.222427,-0.101243,-0.101243,2.06817,2.06817,-0.455959,-0.455959,0,0,-0.0122718,-0.0168738,0.751651,0.747049,
115688,0.223961,0.222427,-0.101243,-0.101243,2.06817,2.06971,-0.455959,-0.455959,0,0.00153398,-0.0122718,-0.0168738,0.751651,0.747049,
115708,0.223961,0.222427,-0.101243,-0.101243,2.06817,2.06971,-0.455959,-0.455959,0,0.00153398,-0.0122718,-0.0168738,0.751651,0.747049,
115728,0.223961,0.222427,-0.101243,-0.101243,2.06817,2.06971,-0.455959,-0.455959,0,0.00153398,-0.0122718,-0.0168738,0.751651,0.747049,
115748,0.223961,0.222427,-0.101243,-0.101243,2.06817,2.06971,-0.455959,-0.455959,0,0.00153398,-0.0122718,-0.0168738,0.751651,0.747049,
115768,0.223961,0.222427,-0.101243,-0.101243,2.06817,2.06971,-0.455959,-0.455959,0,0.00153398,-0.0122718,-0.0168738,0.751651,0.747049,
115788,0.223961,0.222427,-0.101243,-0.101243,2.06817,2.06817,-0.455959,-0.454425,0,0,-0.0122718,-0.0168738,0.751651,0.747049,
115808,0.223961,0.222427,-0.101243,-0.101243,2.06817,2.06817,-0.455959,-0.454425,0,0,-0.0122718,-0.0168738,0.751651,0.747049,
115828,0.223961,0.222427,-0.101243,-0.101243,2.06817,2.06817,-0.455959,-0.454425,0,0,-0.0122718,-0.0168738,0.751651,0.747049,
115848,0.223961,0.222427,-0.101243,-0.101243,2.06817,2.06817,-0.455959,-0.454425,0,0,-0.0122718,-0.0168738,0.751651,0.747049,
115868,0.223961,0.222427,-0.101243,-0.101243,2.06817,2.06817,-0.455959,-0.454425,0,0,-0.0122718,-0.0168738,0.751651,0.747049,
115888,0.223961,0.222427,-0.101243,-0.101243,2.06817,2.06817,-0.455959,-0.454425,0,0,-0.0122718,-0.0168738,0.751651,0.747049,
115908,0.223961,0.222427,-0.101243,-0.101243,2.06817,2.06817,-0.455959,-0.455959,0,0.00153398,-0.0122718,-0.0168738,0.751651,0.747049,
115928,0.223961,0.222427,-0.101243,-0.101243,2.06817,2.06817,-0.455959,-0.455959,0,0.00153398,-0.0122718,-0.0168738,0.751651,0.747049,
115948,0.223961,0.222427,-0.101243,-0.101243,2.06817,2.06817,-0.455959,-0.455959,0,0.00153398,-0.0122718,-0.0168738,0.751651,0.747049,
115968,0.223961,0.222427,-0.101243,-0.101243,2.06817,2.06817,-0.455959,-0.455959,0,0.00153398,-0.0122718,-0.0168738,0.751651,0.747049,
115988,0.223961,0.222427,-0.101243,-0.101243,2.06817,2.06817,-0.455959,-0.455959,0,0.00153398,-0.0122718,-0.0168738,0.751651,0.747049,
116008,0.223961,0.222427,-0.101243,-0.101243,2.06817,2.06817,-0.455959,-0.455959,0,0,-0.0122718,-0.0168738,0.751651,0.747049,
116028,0.223961,0.222427,-0.101243,-0.101243,2.06817,2.06817,-0.455959,-0.455959,0,0,-0.0122718,-0.0168738,0.751651,0.747049,
116048,0.223961,0.222427,-0.101243,-0.101243,2.06817,2.06817,-0.455959,-0.455959,0,0,-0.0122718,-0.0168738,0.751651,0.747049,
116069,0.223961,0.222427,-0.101243,-0.101243,2.06817,2.06817,-0.455959,-0.455959,0,0,-0.0122718,-0.0168738,0.751651,0.747049,
116088,0.223961,0.222427,-0.101243,-0.101243,2.06817,2.06817,-0.455959,-0.455959,0,0,-0.0122718,-0.0168738,0.751651,0.747049,
116108,0.223961,0.222427,-0.101243,-0.101243,2.06817,2.06971,-0.455959,-0.455959,0,0.00153398,-0.0122718,-0.0168738,0.751651,0.747049,
116128,0.223961,0.222427,-0.101243,-0.101243,2.06817,2.06971,-0.455959,-0.455959,0,0.00153398,-0.0122718,-0.0168738,0.751651,0.747049,
116148,0.223961,0.222427,-0.101243,-0.101243,2.06817,2.06971,-0.455959,-0.455959,0,0.00153398,-0.0122718,-0.0168738,0.751651,0.747049,
116168,0.223961,0.222427,-0.101243,-0.101243,2.06817,2.06971,-0.455959,-0.455959,0,0.00153398,-0.0122718,-0.0168738,0.751651,0.747049,
116188,0.223961,0.222427,-0.101243,-0.101243,2.06817,2.06971,-0.455959,-0.455959,0,0.00153398,-0.0122718,-0.0168738,0.751651,0.747049,
116208,0.223961,0.222427,-0.101243,-0.101243,2.06817,2.06971,-0.455959,-0.455959,0,0.00153398,-0.0122718,-0.0168738,0.751651,0.747049,
116228,0.223961,0.222427,-0.101243,-0.101243,2.06817,2.06971,-0.455959,-0.455959,0,0.00153398,-0.0122718,-0.0168738,0.751651,0.747049,
116248,0.223961,0.222427,-0.101243,-0.101243,2.06817,2.06971,-0.455959,-0.455959,0,0.00153398,-0.0122718,-0.0168738,0.751651,0.747049,
116268,0.223961,0.222427,-0.101243,-0.101243,2.06817,2.06971,-0.455959,-0.455959,0,0.00153398,-0.0122718,-0.0168738,0.751651,0.747049,
116288,0.223961,0.222427,-0.101243,-0.101243,2.06817,2.06971,-0.455959,-0.455959,0,0.00153398,-0.0122718,-0.0168738,0.751651,0.747049,
116308,0.223961,0.222427,-0.101243,-0.101243,2.06817,2.06817,-0.455959,-0.454425,0,0,-0.0122718,-0.0168738,0.751651,0.747049,
116328,0.223961,0.222427,-0.101243,-0.101243,2.06817,2.06817,-0.455959,-0.454425,0,0,-0.0122718,-0.0168738,0.751651,0.747049,
116348,0.223961,0.222427,-0.101243,-0.101243,2.06817,2.06817,-0.455959,-0.454425,0,0,-0.0122718,-0.0168738,0.751651,0.747049,
116368,0.223961,0.222427,-0.101243,-0.101243,2.06817,2.06817,-0.455959,-0.454425,0,0,-0.0122718,-0.0168738,0.751651,0.747049,
116388,0.223961,0.222427,-0.101243,-0.101243,2.06817,2.06817,-0.455959,-0.454425,0,0,-0.0122718,-0.0168738,0.751651,0.747049,
116408,0.223961,0.222427,-0.101243,-0.101243,2.06817,2.06817,-0.455959,-0.455959,0,0,-0.0122718,-0.0168738,0.751651,0.745515,
116428,0.223961,0.222427,-0.101243,-0.101243,2.06817,2.06817,-0.455959,-0.455959,0,0,-0.0122718,-0.0168738,0.751651,0.745515,
116448,0.223961,0.222427,-0.101243,-0.101243,2.06817,2.06817,-0.455959,-0.455959,0,0,-0.0122718,-0.0168738,0.751651,0.745515,
116468,0.223961,0.222427,-0.101243,-0.101243,2.06817,2.06817,-0.455959,-0.455959,0,0,-0.0122718,-0.0168738,0.751651,0.745515,
116488,0.223961,0.222427,-0.101243,-0.101243,2.06817,2.06817,-0.455959,-0.455959,0,0,-0.0122718,-0.0168738,0.751651,0.745515,
116508,0.223961,0.222427,-0.101243,-0.0997088,2.06817,2.06817,-0.455959,-0.455959,0,0,-0.0122718,-0.0168738,0.751651,0.747049,
116528,0.223961,0.222427,-0.101243,-0.0997088,2.06817,2.06817,-0.455959,-0.455959,0,0,-0.0122718,-0.0168738,0.751651,0.747049,
116548,0.223961,0.222427,-0.101243,-0.0997088,2.06817,2.06817,-0.455959,-0.455959,0,0,-0.0122718,-0.0168738,0.751651,0.747049,
116568,0.223961,0.222427,-0.101243,-0.0997088,2.06817,2.06817,-0.455959,-0.455959,0,0,-0.0122718,-0.0168738,0.751651,0.747049,
116589,0.223961,0.222427,-0.101243,-0.101243,2.06817,2.06817,-0.455959,-0.455959,0,0,-0.0122718,-0.0168738,0.751651,0.747049,
116608,0.223961,0.222427,-0.101243,-0.101243,2.06817,2.06817,-0.455959,-0.455959,0,0,-0.0122718,-0.0168738,0.751651,0.747049,
116628,0.223961,0.222427,-0.101243,-0.101243,2.06817,2.06817,-0.455959,-0.455959,0,0,-0.0122718,-0.0168738,0.751651,0.747049,
116649,0.223961,0.222427,-0.101243,-0.101243,2.06817,2.06817,-0.455959,-0.455959,0,0,-0.0122718,-0.0168738,0.751651,0.747049,
116668,0.223961,0.222427,-0.101243,-0.101243,2.06817,2.06817,-0.455959,-0.455959,0,0,-0.0122718,-0.0168738,0.751651,0.747049,
116688,0.223961,0.222427,-0.101243,-0.101243,2.06817,2.06817,-0.455959,-0.455959,0,0,-0.0122718,-0.0168738,0.751651,0.747049,
116709,0.223961,0.222427,-0.101243,-0.101243,2.06817,2.06817,-0.455959,-0.455959,0,0,-0.0122718,-0.0168738,0.751651,0.747049,
116729,0.223961,0.222427,-0.101243,-0.101243,2.06817,2.06817,-0.455959,-0.455959,0,0,-0.0122718,-0.0168738,0.751651,0.747049,
116748,0.223961,0.222427,-0.101243,-0.101243,2.06817,2.06817,-0.455959,-0.455959,0,0,-0.0122718,-0.0168738,0.751651,0.747049,
116769,0.223961,0.222427,-0.101243,-0.101243,2.06817,2.06817,-0.455959,-0.455959,0,0,-0.0122718,-0.0168738,0.751651,0.747049,
116788,0.223961,0.222427,-0.101243,-0.101243,2.06817,2.06817,-0.455959,-0.455959,0,0,-0.0122718,-0.0168738,0.751651,0.747049,
116808,0.223961,0.222427,-0.101243,-0.101243,2.06817,2.06817,-0.455959,-0.455959,0,0.00153398,-0.0122718,-0.0168738,0.751651,0.747049,
116828,0.223961,0.222427,-0.101243,-0.101243,2.06817,2.06817,-0.455959,-0.455959,0,0.00153398,-0.0122718,-0.0168738,0.751651,0.747049,
116848,0.223961,0.222427,-0.101243,-0.101243,2.06817,2.06817,-0.455959,-0.455959,0,0.00153398,-0.0122718,-0.0168738,0.751651,0.747049,
116868,0.223961,0.222427,-0.101243,-0.101243,2.06817,2.06817,-0.455959,-0.455959,0,0.00153398,-0.0122718,-0.0168738,0.751651,0.747049,
116888,0.223961,0.222427,-0.101243,-0.101243,2.06817,2.06817,-0.455959,-0.455959,0,0.00153398,-0.0122718,-0.0168738,0.751651,0.747049,
116908,0.223961,0.222427,-0.101243,-0.101243,2.06817,2.06817,-0.455959,-0.454425,0,0,-0.0122718,-0.0168738,0.751651,0.747049,
116928,0.223961,0.222427,-0.101243,-0.101243,2.06817,2.06817,-0.455959,-0.454425,0,0,-0.0122718,-0.0168738,0.751651,0.747049,
116948,0.223961,0.222427,-0.101243,-0.101243,2.06817,2.06817,-0.455959,-0.454425,0,0,-0.0122718,-0.0168738,0.751651,0.747049,
116969,0.223961,0.222427,-0.101243,-0.101243,2.06817,2.06817,-0.455959,-0.454425,0,0,-0.0122718,-0.0168738,0.751651,0.747049,
116990,0.223961,0.222427,-0.101243,-0.101243,2.06817,2.06817,-0.455959,-0.455959,0,0.00153398,-0.0122718,-0.0168738,0.751651,0.747049,
117008,0.223961,0.222427,-0.101243,-0.101243,2.06817,2.06817,-0.455959,-0.455959,0,0.00153398,-0.0122718,-0.0168738,0.751651,0.747049,
117028,0.223961,0.222427,-0.101243,-0.101243,2.06817,2.06817,-0.455959,-0.455959,0,0.00153398,-0.0122718,-0.0168738,0.751651,0.747049,
117048,0.223961,0.222427,-0.101243,-0.101243,2.06817,2.06817,-0.455959,-0.455959,0,0.00153398,-0.0122718,-0.0168738,0.751651,0.747049,
117068,0.223961,0.222427,-0.101243,-0.101243,2.06817,2.06817,-0.455959,-0.455959,0,0.00153398,-0.0122718,-0.0168738,0.751651,0.747049,
117088,0.223961,0.222427,-0.101243,-0.101243,2.06817,2.06817,-0.455959,-0.455959,0,0.00153398,-0.0122718,-0.0168738,0.751651,0.747049,
117108,0.223961,0.222427,-0.101243,-0.101243,2.06817,2.06817,-0.455959,-0.455959,0,0.00153398,-0.0122718,-0.0168738,0.751651,0.747049,
117128,0.223961,0.222427,-0.101243,-0.101243,2.06817,2.06817,-0.455959,-0.455959,0,0.00153398,-0.0122718,-0.0168738,0.751651,0.747049,
117148,0.223961,0.222427,-0.101243,-0.101243,2.06817,2.06817,-0.455959,-0.455959,0,0.00153398,-0.0122718,-0.0168738,0.751651,0.747049,
117168,0.223961,0.222427,-0.101243,-0.101243,2.06817,2.06817,-0.455959,-0.455959,0,0.00153398,-0.0122718,-0.0168738,0.751651,0.747049,
117188,0.223961,0.222427,-0.101243,-0.101243,2.06817,2.06817,-0.455959,-0.455959,0,0.00153398,-0.0122718,-0.0168738,0.751651,0.747049,
117209,0.223961,0.222427,-0.101243,-0.0997088,2.06817,2.06817,-0.455959,-0.454425,0,0,-0.0122718,-0.0168738,0.751651,0.747049,
117228,0.223961,0.222427,-0.101243,-0.0997088,2.06817,2.06817,-0.455959,-0.454425,0,0,-0.0122718,-0.0168738,0.751651,0.747049,
117248,0.223961,0.222427,-0.101243,-0.0997088,2.06817,2.06817,-0.455959,-0.454425,0,0,-0.0122718,-0.0168738,0.751651,0.747049,
117269,0.223961,0.222427,-0.101243,-0.0997088,2.06817,2.06817,-0.455959,-0.454425,0,0,-0.0122718,-0.0168738,0.751651,0.747049,
117288,0.223961,0.222427,-0.101243,-0.0997088,2.06817,2.06817,-0.455959,-0.454425,0,0,-0.0122718,-0.0168738,0.751651,0.747049,
117308,0.223961,0.222427,-0.101243,-0.101243,2.06817,2.06971,-0.455959,-0.455959,0,0.00153398,-0.0122718,-0.0168738,0.751651,0.747049,
117328,0.223961,0.222427,-0.101243,-0.101243,2.06817,2.06971,-0.455959,-0.455959,0,0.00153398,-0.0122718,-0.0168738,0.751651,0.747049,
117348,0.223961,0.222427,-0.101243,-0.101243,2.06817,2.06971,-0.455959,-0.455959,0,0.00153398,-0.0122718,-0.0168738,0.751651,0.747049,
117368,0.223961,0.222427,-0.101243,-0.101243,2.06817,2.06971,-0.455959,-0.455959,0,0.00153398,-0.0122718,-0.0168738,0.751651,0.747049,
117388,0.223961,0.222427,-0.101243,-0.101243,2.06817,2.06817,-0.455959,-0.455959,0,0.00153398,-0.0122718,-0.0168738,0.751651,0.747049,
117408,0.223961,0.222427,-0.101243,-0.101243,2.06817,2.06817,-0.455959,-0.455959,0,0.00153398,-0.0122718,-0.0168738,0.751651,0.747049,
117428,0.223961,0.222427,-0.101243,-0.101243,2.06817,2.06817,-0.455959,-0.455959,0,0.00153398,-0.0122718,-0.0168738,0.751651,0.747049,
117448,0.223961,0.222427,-0.101243,-0.101243,2.06817,2.06817,-0.455959,-0.455959,0,0.00153398,-0.0122718,-0.0168738,0.751651,0.747049,
117468,0.223961,0.222427,-0.101243,-0.101243,2.06817,2.06817,-0.455959,-0.455959,0,0.00153398,-0.0122718,-0.0168738,0.751651,0.747049,
117489,0.223961,0.222427,-0.101243,-0.101243,2.06817,2.06817,-0.455959,-0.455959,0,0.00153398,-0.0122718,-0.0168738,0.751651,0.747049,
117508,0.223961,0.222427,-0.101243,-0.101243,2.06817,2.06817,-0.455959,-0.455959,0,0,-0.0122718,-0.0168738,0.751651,0.747049,
117528,0.223961,0.222427,-0.101243,-0.101243,2.06817,2.06817,-0.455959,-0.455959,0,0,-0.0122718,-0.0168738,0.751651,0.747049,
117548,0.223961,0.222427,-0.101243,-0.101243,2.06817,2.06817,-0.455959,-0.455959,0,0,-0.0122718,-0.0168738,0.751651,0.747049,
117568,0.223961,0.222427,-0.101243,-0.101243,2.06817,2.06817,-0.455959,-0.455959,0,0,-0.0122718,-0.0168738,0.751651,0.747049,
117588,0.223961,0.222427,-0.101243,-0.101243,2.06817,2.06817,-0.455959,-0.455959,0,0,-0.0122718,-0.0168738,0.751651,0.747049,
117608,0.223961,0.222427,-0.101243,-0.101243,2.06817,2.06817,-0.455959,-0.455959,0,0,-0.0122718,-0.0168738,0.751651,0.747049,
117628,0.223961,0.222427,-0.101243,-0.101243,2.06817,2.06971,-0.455959,-0.455959,0,0,-0.0122718,-0.0168738,0.751651,0.747049,
117648,0.223961,0.222427,-0.101243,-0.101243,2.06817,2.06971,-0.455959,-0.455959,0,0,-0.0122718,-0.0168738,0.751651,0.747049,
117668,0.223961,0.222427,-0.101243,-0.101243,2.06817,2.06971,-0.455959,-0.455959,0,0,-0.0122718,-0.0168738,0.751651,0.747049,
117688,0.223961,0.222427,-0.101243,-0.101243,2.06817,2.06971,-0.455959,-0.455959,0,0,-0.0122718,-0.0168738,0.751651,0.747049,
117708,0.223961,0.222427,-0.101243,-0.101243,2.06817,2.06817,-0.455959,-0.455959,0,0.00153398,-0.0122718,-0.0168738,0.751651,0.747049,
117728,0.223961,0.222427,-0.101243,-0.101243,2.06817,2.06817,-0.455959,-0.455959,0,0.00153398,-0.0122718,-0.0168738,0.751651,0.747049,
117748,0.223961,0.222427,-0.101243,-0.101243,2.06817,2.06817,-0.455959,-0.455959,0,0.00153398,-0.0122718,-0.0168738,0.751651,0.747049,
117768,0.223961,0.222427,-0.101243,-0.101243,2.06817,2.06817,-0.455959,-0.455959,0,0.00153398,-0.0122718,-0.0168738,0.751651,0.747049,
117788,0.223961,0.222427,-0.101243,-0.101243,2.06817,2.06817,-0.455959,-0.455959,0,0.00153398,-0.0122718,-0.0168738,0.751651,0.747049,
117808,0.223961,0.222427,-0.101243,-0.101243,2.06817,2.06817,-0.455959,-0.455959,0,0.00153398,-0.0122718,-0.0168738,0.751651,0.747049,
117828,0.223961,0.222427,-0.101243,-0.101243,2.06817,2.06817,-0.455959,-0.455959,0,0.00153398,-0.0122718,-0.0168738,0.751651,0.747049,
117848,0.223961,0.222427,-0.101243,-0.101243,2.06817,2.06817,-0.455959,-0.455959,0,0.00153398,-0.0122718,-0.0168738,0.751651,0.747049,
117868,0.223961,0.222427,-0.101243,-0.101243,2.06817,2.06817,-0.455959,-0.455959,0,0.00153398,-0.0122718,-0.0168738,0.751651,0.747049,
117888,0.223961,0.222427,-0.101243,-0.101243,2.06817,2.06817,-0.455959,-0.455959,0,0.00153398,-0.0122718,-0.0168738,0.751651,0.747049,
117908,0.223961,0.222427,-0.101243,-0.101243,2.06817,2.06817,-0.455959,-0.455959,0,0,-0.0122718,-0.0168738,0.751651,0.747049,
117928,0.223961,0.222427,-0.101243,-0.101243,2.06817,2.06817,-0.455959,-0.455959,0,0,-0.0122718,-0.0168738,0.751651,0.747049,
117948,0.223961,0.222427,-0.101243,-0.101243,2.06817,2.06817,-0.455959,-0.455959,0,0,-0.0122718,-0.0168738,0.751651,0.747049,
117968,0.223961,0.222427,-0.101243,-0.101243,2.06817,2.06817,-0.455959,-0.455959,0,0,-0.0122718,-0.0168738,0.751651,0.747049,
117988,0.223961,0.222427,-0.101243,-0.101243,2.06817,2.06817,-0.455959,-0.455959,0,0,-0.0122718,-0.0168738,0.751651,0.747049,
118008,0.223961,0.222427,-0.101243,-0.101243,2.06817,2.06817,-0.455959,-0.455959,0,0.00153398,-0.0122718,-0.0168738,0.751651,0.747049,
118028,0.223961,0.222427,-0.101243,-0.101243,2.06817,2.06817,-0.455959,-0.455959,0,0.00153398,-0.0122718,-0.0168738,0.751651,0.747049,
118048,0.223961,0.222427,-0.101243,-0.101243,2.06817,2.06817,-0.455959,-0.455959,0,0.00153398,-0.0122718,-0.0168738,0.751651,0.747049,
118068,0.223961,0.222427,-0.101243,-0.101243,2.06817,2.06817,-0.455959,-0.455959,0,0.00153398,-0.0122718,-0.0168738,0.751651,0.747049,
118088,0.223961,0.222427,-0.101243,-0.101243,2.06817,2.06817,-0.455959,-0.455959,0,0.00153398,-0.0122718,-0.0168738,0.751651,0.747049,
118108,0.223961,0.222427,-0.101243,-0.101243,2.06817,2.06971,-0.455959,-0.455959,0,0.00153398,-0.0122718,-0.0168738,0.751651,0.747049,
118128,0.223961,0.222427,-0.101243,-0.101243,2.06817,2.06971,-0.455959,-0.455959,0,0.00153398,-0.0122718,-0.0168738,0.751651,0.747049,
118148,0.223961,0.222427,-0.101243,-0.101243,2.06817,2.06971,-0.455959,-0.455959,0,0.00153398,-0.0122718,-0.0168738,0.751651,0.747049,
118168,0.223961,0.222427,-0.101243,-0.101243,2.06817,2.06971,-0.455959,-0.455959,0,0.00153398,-0.0122718,-0.0168738,0.751651,0.747049,
118188,0.223961,0.222427,-0.101243,-0.101243,2.06817,2.06817,-0.455959,-0.455959,0,0.00153398,-0.0122718,-0.0168738,0.751651,0.747049,
118208,0.223961,0.222427,-0.101243,-0.101243,2.06817,2.06817,-0.455959,-0.455959,0,0.00153398,-0.0122718,-0.0168738,0.751651,0.747049,
118228,0.223961,0.222427,-0.101243,-0.101243,2.06817,2.06817,-0.455959,-0.455959,0,0.00153398,-0.0122718,-0.0168738,0.751651,0.747049,
118248,0.223961,0.222427,-0.101243,-0.101243,2.06817,2.06817,-0.455959,-0.455959,0,0.00153398,-0.0122718,-0.0168738,0.751651,0.747049,
118268,0.223961,0.222427,-0.101243,-0.101243,2.06817,2.06817,-0.455959,-0.455959,0,0.00153398,-0.0122718,-0.0168738,0.751651,0.747049,
118288,0.223961,0.222427,-0.101243,-0.101243,2.06817,2.06817,-0.455959,-0.455959,0,0.00153398,-0.0122718,-0.0168738,0.751651,0.747049,
118308,0.223961,0.222427,-0.101243,-0.101243,2.06817,2.06971,-0.455959,-0.455959,0,0.00153398,-0.0122718,-0.0168738,0.751651,0.747049,
118328,0.223961,0.222427,-0.101243,-0.101243,2.06817,2.06971,-0.455959,-0.455959,0,0.00153398,-0.0122718,-0.0168738,0.751651,0.747049,
118348,0.223961,0.222427,-0.101243,-0.101243,2.06817,2.06971,-0.455959,-0.455959,0,0.00153398,-0.0122718,-0.0168738,0.751651,0.747049,
118368,0.223961,0.222427,-0.101243,-0.101243,2.06817,2.06971,-0.455959,-0.455959,0,0.00153398,-0.0122718,-0.0168738,0.751651,0.747049,
118388,0.223961,0.222427,-0.101243,-0.101243,2.06817,2.06971,-0.455959,-0.455959,0,0.00153398,-0.0122718,-0.0168738,0.751651,0.747049,
118408,0.223961,0.222427,-0.101243,-0.101243,2.06817,2.06817,-0.455959,-0.455959,0,0.00153398,-0.0122718,-0.0168738,0.751651,0.747049,
118428,0.223961,0.222427,-0.101243,-0.101243,2.06817,2.06817,-0.455959,-0.455959,0,0.00153398,-0.0122718,-0.0168738,0.751651,0.747049,
118448,0.223961,0.222427,-0.101243,-0.101243,2.06817,2.06817,-0.455959,-0.455959,0,0.00153398,-0.0122718,-0.0168738,0.751651,0.747049,
118468,0.223961,0.222427,-0.101243,-0.101243,2.06817,2.06817,-0.455959,-0.455959,0,0.00153398,-0.0122718,-0.0168738,0.751651,0.747049,
118488,0.223961,0.222427,-0.101243,-0.101243,2.06817,2.06817,-0.455959,-0.455959,0,0.00153398,-0.0122718,-0.0168738,0.751651,0.747049,
118508,0.223961,0.222427,-0.101243,-0.101243,2.06817,2.06971,-0.455959,-0.455959,0,0.00153398,-0.0122718,-0.0168738,0.751651,0.747049,
118529,0.223961,0.222427,-0.101243,-0.101243,2.06817,2.06971,-0.455959,-0.455959,0,0.00153398,-0.0122718,-0.0168738,0.751651,0.747049,
118548,0.223961,0.222427,-0.101243,-0.101243,2.06817,2.06971,-0.455959,-0.455959,0,0.00153398,-0.0122718,-0.0168738,0.751651,0.747049,
118568,0.223961,0.222427,-0.101243,-0.101243,2.06817,2.06971,-0.455959,-0.455959,0,0.00153398,-0.0122718,-0.0168738,0.751651,0.747049,
118588,0.223961,0.222427,-0.101243,-0.101243,2.06817,2.06971,-0.455959,-0.455959,0,0.00153398,-0.0122718,-0.0168738,0.751651,0.747049,
118608,0.223961,0.222427,-0.101243,-0.101243,2.06817,2.06971,-0.455959,-0.455959,0,0.00153398,-0.0122718,-0.0168738,0.751651,0.747049,
118628,0.223961,0.222427,-0.101243,-0.101243,2.06817,2.06971,-0.455959,-0.455959,0,0.00153398,-0.0122718,-0.0168738,0.751651,0.747049,
118648,0.223961,0.222427,-0.101243,-0.101243,2.06817,2.06971,-0.455959,-0.455959,0,0.00153398,-0.0122718,-0.0168738,0.751651,0.747049,
118668,0.223961,0.222427,-0.101243,-0.101243,2.06817,2.06971,-0.455959,-0.455959,0,0.00153398,-0.0122718,-0.0168738,0.751651,0.747049,
118688,0.223961,0.222427,-0.101243,-0.101243,2.06817,2.06971,-0.455959,-0.455959,0,0.00153398,-0.0122718,-0.0168738,0.751651,0.747049,
118708,0.223961,0.222427,-0.101243,-0.101243,2.06817,2.06971,-0.455959,-0.455959,0,0,-0.0122718,-0.0168738,0.751651,0.747049,
118728,0.223961,0.222427,-0.101243,-0.101243,2.06817,2.06971,-0.455959,-0.455959,0,0,-0.0122718,-0.0168738,0.751651,0.747049,
118748,0.223961,0.222427,-0.101243,-0.101243,2.06817,2.06971,-0.455959,-0.455959,0,0,-0.0122718,-0.0168738,0.751651,0.747049,
118768,0.223961,0.222427,-0.101243,-0.101243,2.06817,2.06971,-0.455959,-0.455959,0,0,-0.0122718,-0.0168738,0.751651,0.747049,
118788,0.223961,0.222427,-0.101243,-0.101243,2.06817,2.06971,-0.455959,-0.455959,0,0,-0.0122718,-0.0168738,0.751651,0.747049,
118808,0.223961,0.222427,-0.101243,-0.101243,2.06817,2.06971,-0.455959,-0.455959,0,0.00153398,-0.0122718,-0.0168738,0.751651,0.747049,
118828,0.223961,0.222427,-0.101243,-0.101243,2.06817,2.06971,-0.455959,-0.455959,0,0.00153398,-0.0122718,-0.0168738,0.751651,0.747049,
118848,0.223961,0.222427,-0.101243,-0.101243,2.06817,2.06971,-0.455959,-0.455959,0,0.00153398,-0.0122718,-0.0168738,0.751651,0.747049,
118868,0.223961,0.222427,-0.101243,-0.101243,2.06817,2.06971,-0.455959,-0.455959,0,0.00153398,-0.0122718,-0.0168738,0.751651,0.747049,
118888,0.223961,0.222427,-0.101243,-0.101243,2.06817,2.06971,-0.455959,-0.455959,0,0,-0.0122718,-0.0168738,0.751651,0.747049,
118908,0.223961,0.222427,-0.101243,-0.101243,2.06817,2.06971,-0.455959,-0.455959,0,0,-0.0122718,-0.0168738,0.751651,0.747049,
118928,0.223961,0.222427,-0.101243,-0.101243,2.06817,2.06971,-0.455959,-0.455959,0,0,-0.0122718,-0.0168738,0.751651,0.747049,
118948,0.223961,0.222427,-0.101243,-0.101243,2.06817,2.06971,-0.455959,-0.455959,0,0,-0.0122718,-0.0168738,0.751651,0.747049,
118968,0.223961,0.222427,-0.101243,-0.101243,2.06817,2.06971,-0.455959,-0.455959,0,0,-0.0122718,-0.0168738,0.751651,0.747049,
118988,0.223961,0.222427,-0.101243,-0.101243,2.06817,2.06971,-0.455959,-0.455959,0,0,-0.0122718,-0.0168738,0.751651,0.747049,
119008,0.223961,0.222427,-0.101243,-0.101243,2.06817,2.06971,-0.455959,-0.455959,0,0,-0.0122718,-0.0168738,0.751651,0.747049,
119028,0.223961,0.222427,-0.101243,-0.101243,2.06817,2.06971,-0.455959,-0.455959,0,0,-0.0122718,-0.0168738,0.751651,0.747049,
119048,0.223961,0.222427,-0.101243,-0.101243,2.06817,2.06971,-0.455959,-0.455959,0,0,-0.0122718,-0.0168738,0.751651,0.747049,
119068,0.223961,0.222427,-0.101243,-0.101243,2.06817,2.06971,-0.455959,-0.455959,0,0,-0.0122718,-0.0168738,0.751651,0.747049,
119088,0.223961,0.222427,-0.101243,-0.101243,2.06817,2.06971,-0.455959,-0.455959,0,0,-0.0122718,-0.0168738,0.751651,0.747049,
119109,0.223961,0.222427,-0.101243,-0.102777,2.06817,2.07124,-0.455959,-0.454425,0,0.00153398,-0.0122718,-0.0168738,0.751651,0.745515,
119128,0.223961,0.222427,-0.101243,-0.102777,2.06817,2.07124,-0.455959,-0.454425,0,0.00153398,-0.0122718,-0.0168738,0.751651,0.745515,
119148,0.223961,0.222427,-0.101243,-0.102777,2.06817,2.07124,-0.455959,-0.454425,0,0.00153398,-0.0122718,-0.0168738,0.751651,0.745515,
119168,0.223961,0.222427,-0.101243,-0.102777,2.06817,2.07124,-0.455959,-0.454425,0,0.00153398,-0.0122718,-0.0168738,0.751651,0.745515,
119189,0.223961,0.222427,-0.101243,-0.102777,2.06817,2.07124,-0.455959,-0.454425,0,0.00153398,-0.0122718,-0.0168738,0.751651,0.745515,
119208,0.223961,0.222427,-0.101243,-0.104311,2.06817,2.06971,-0.455959,-0.454425,0,0.00153398,-0.0122718,-0.0168738,0.751651,0.747049,
119228,0.223961,0.222427,-0.101243,-0.104311,2.06817,2.06971,-0.455959,-0.454425,0,0.00153398,-0.0122718,-0.0168738,0.751651,0.747049,
119248,0.223961,0.222427,-0.101243,-0.104311,2.06817,2.06971,-0.455959,-0.454425,0,0.00153398,-0.0122718,-0.0168738,0.751651,0.747049,
119268,0.223961,0.222427,-0.101243,-0.104311,2.06817,2.06971,-0.455959,-0.454425,0,0.00153398,-0.0122718,-0.0168738,0.751651,0.747049,
119288,0.223961,0.222427,-0.101243,-0.102777,2.06817,2.06971,-0.455959,-0.454425,0,0,-0.0122718,-0.0168738,0.751651,0.747049,
119308,0.223961,0.222427,-0.101243,-0.102777,2.06817,2.06971,-0.455959,-0.454425,0,0,-0.0122718,-0.0168738,0.751651,0.747049,
119328,0.223961,0.222427,-0.101243,-0.102777,2.06817,2.06971,-0.455959,-0.454425,0,0,-0.0122718,-0.0168738,0.751651,0.747049,
119348,0.223961,0.222427,-0.101243,-0.102777,2.06817,2.06971,-0.455959,-0.454425,0,0,-0.0122718,-0.0168738,0.751651,0.747049,
119369,0.223961,0.222427,-0.101243,-0.102777,2.06817,2.06971,-0.455959,-0.454425,0,0,-0.0122718,-0.0168738,0.751651,0.747049,
119389,0.223961,0.222427,-0.101243,-0.102777,2.06817,2.06971,-0.455959,-0.454425,0,0,-0.0122718,-0.0168738,0.751651,0.747049,
119408,0.223961,0.222427,-0.101243,-0.104311,2.06817,2.06971,-0.455959,-0.455959,0,0.00153398,-0.0122718,-0.0168738,0.751651,0.747049,
119428,0.223961,0.222427,-0.101243,-0.104311,2.06817,2.06971,-0.455959,-0.455959,0,0.00153398,-0.0122718,-0.0168738,0.751651,0.747049,
119448,0.223961,0.222427,-0.101243,-0.104311,2.06817,2.06971,-0.455959,-0.455959,0,0.00153398,-0.0122718,-0.0168738,0.751651,0.747049,
119468,0.223961,0.222427,-0.101243,-0.104311,2.06817,2.06971,-0.455959,-0.455959,0,0.00153398,-0.0122718,-0.0168738,0.751651,0.747049,
119488,0.223961,0.222427,-0.101243,-0.104311,2.06817,2.06971,-0.455959,-0.455959,0,0.00153398,-0.0122718,-0.0168738,0.751651,0.747049,
119508,0.223961,0.222427,-0.101243,-0.104311,2.06817,2.06971,-0.455959,-0.455959,0,0.00153398,-0.0122718,-0.0168738,0.751651,0.747049,
119528,0.223961,0.222427,-0.101243,-0.104311,2.06817,2.06971,-0.455959,-0.455959,0,0.00153398,-0.0122718,-0.0168738,0.751651,0.747049,
119548,0.223961,0.222427,-0.101243,-0.104311,2.06817,2.06971,-0.455959,-0.455959,0,0.00153398,-0.0122718,-0.0168738,0.751651,0.747049,
119568,0.223961,0.222427,-0.101243,-0.104311,2.06817,2.06971,-0.455959,-0.455959,0,0.00153398,-0.0122718,-0.0168738,0.751651,0.747049,
119588,0.223961,0.222427,-0.101243,-0.104311,2.06817,2.06971,-0.455959,-0.455959,0,0.00153398,-0.0122718,-0.0168738,0.751651,0.747049,
119608,0.223961,0.222427,-0.101243,-0.104311,2.06817,2.06971,-0.455959,-0.455959,0,0.00153398,-0.0122718,-0.0168738,0.751651,0.747049,
119628,0.223961,0.222427,-0.101243,-0.104311,2.06817,2.06971,-0.455959,-0.455959,0,0.00153398,-0.0122718,-0.0168738,0.751651,0.747049,
119648,0.223961,0.222427,-0.101243,-0.104311,2.06817,2.06971,-0.455959,-0.455959,0,0.00153398,-0.0122718,-0.0168738,0.751651,0.747049,
119668,0.223961,0.222427,-0.101243,-0.104311,2.06817,2.06971,-0.455959,-0.455959,0,0.00153398,-0.0122718,-0.0168738,0.751651,0.747049,
119688,0.223961,0.222427,-0.101243,-0.104311,2.06817,2.06971,-0.455959,-0.455959,0,0.00153398,-0.0122718,-0.0168738,0.751651,0.747049,
119708,0.223961,0.222427,-0.101243,-0.104311,2.06817,2.06971,-0.455959,-0.455959,0,0.00153398,-0.0122718,-0.0168738,0.751651,0.747049,
119728,0.223961,0.222427,-0.101243,-0.104311,2.06817,2.06971,-0.455959,-0.455959,0,0.00153398,-0.0122718,-0.0168738,0.751651,0.747049,
119748,0.223961,0.222427,-0.101243,-0.104311,2.06817,2.06971,-0.455959,-0.455959,0,0.00153398,-0.0122718,-0.0168738,0.751651,0.747049,
119768,0.223961,0.222427,-0.101243,-0.104311,2.06817,2.06971,-0.455959,-0.455959,0,0.00153398,-0.0122718,-0.0168738,0.751651,0.747049,
119788,0.223961,0.222427,-0.101243,-0.104311,2.06817,2.06971,-0.455959,-0.455959,0,0.00153398,-0.0122718,-0.0168738,0.751651,0.747049,
119808,0.223961,0.222427,-0.101243,-0.104311,2.06817,2.06971,-0.455959,-0.455959,0,0,-0.0122718,-0.0168738,0.751651,0.747049,
119828,0.223961,0.222427,-0.101243,-0.104311,2.06817,2.06971,-0.455959,-0.455959,0,0,-0.0122718,-0.0168738,0.751651,0.747049,
119848,0.223961,0.222427,-0.101243,-0.104311,2.06817,2.06971,-0.455959,-0.455959,0,0,-0.0122718,-0.0168738,0.751651,0.747049,
119868,0.223961,0.222427,-0.101243,-0.104311,2.06817,2.06971,-0.455959,-0.455959,0,0,-0.0122718,-0.0168738,0.751651,0.747049,
119888,0.223961,0.222427,-0.101243,-0.104311,2.06817,2.06971,-0.455959,-0.455959,0,0,-0.0122718,-0.0168738,0.751651,0.747049,
119908,0.223961,0.222427,-0.101243,-0.104311,2.06817,2.06971,-0.455959,-0.455959,0,0.00153398,-0.0122718,-0.0168738,0.751651,0.747049,
119928,0.223961,0.222427,-0.101243,-0.104311,2.06817,2.06971,-0.455959,-0.455959,0,0.00153398,-0.0122718,-0.0168738,0.751651,0.747049,
119948,0.223961,0.222427,-0.101243,-0.104311,2.06817,2.06971,-0.455959,-0.455959,0,0.00153398,-0.0122718,-0.0168738,0.751651,0.747049,
119968,0.223961,0.222427,-0.101243,-0.104311,2.06817,2.06971,-0.455959,-0.455959,0,0.00153398,-0.0122718,-0.0168738,0.751651,0.747049,
119988,0.223961,0.222427,-0.101243,-0.104311,2.06817,2.06971,-0.455959,-0.455959,0,0.00153398,-0.0122718,-0.0168738,0.751651,0.747049,
120008,0.223961,0.222427,-0.101243,-0.104311,2.06817,2.06971,-0.455959,-0.455959,0,0.00153398,-0.0122718,-0.0168738,0.751651,0.747049,
120028,0.223961,0.222427,-0.101243,-0.104311,2.06817,2.06971,-0.455959,-0.455959,0,0.00153398,-0.0122718,-0.0168738,0.751651,0.747049,
120048,0.223961,0.222427,-0.101243,-0.104311,2.06817,2.06971,-0.455959,-0.455959,0,0.00153398,-0.0122718,-0.0168738,0.751651,0.747049,
120068,0.223961,0.222427,-0.101243,-0.104311,2.06817,2.06971,-0.455959,-0.455959,0,0.00153398,-0.0122718,-0.0168738,0.751651,0.747049,
120088,0.223961,0.222427,-0.101243,-0.104311,2.06817,2.06971,-0.455959,-0.455959,0,0.00153398,-0.0122718,-0.0168738,0.751651,0.747049,
120108,0.223961,0.222427,-0.101243,-0.104311,2.06817,2.06971,-0.455959,-0.455959,0,0.00153398,-0.0122718,-0.0168738,0.751651,0.745515,
120128,0.223961,0.222427,-0.101243,-0.104311,2.06817,2.06971,-0.455959,-0.455959,0,0.00153398,-0.0122718,-0.0168738,0.751651,0.745515,
120148,0.223961,0.222427,-0.101243,-0.104311,2.06817,2.06971,-0.455959,-0.455959,0,0.00153398,-0.0122718,-0.0168738,0.751651,0.745515,
120168,0.223961,0.222427,-0.101243,-0.104311,2.06817,2.06971,-0.455959,-0.455959,0,0.00153398,-0.0122718,-0.0168738,0.751651,0.745515,
120188,0.223961,0.222427,-0.101243,-0.104311,2.06817,2.06971,-0.455959,-0.455959,0,0.00153398,-0.0122718,-0.0168738,0.751651,0.745515,
120208,0.223961,0.222427,-0.101243,-0.104311,2.06817,2.06971,-0.455959,-0.455959,0,0.00153398,-0.0122718,-0.0168738,0.751651,0.745515,
120229,0.223961,0.222427,-0.101243,-0.104311,2.06817,2.06971,-0.455959,-0.455959,0,0.00153398,-0.0122718,-0.0168738,0.751651,0.745515,
120249,0.223961,0.222427,-0.101243,-0.104311,2.06817,2.06971,-0.455959,-0.455959,0,0.00153398,-0.0122718,-0.0168738,0.751651,0.745515,
120268,0.223961,0.222427,-0.101243,-0.104311,2.06817,2.06971,-0.455959,-0.455959,0,0.00153398,-0.0122718,-0.0168738,0.751651,0.745515,
120288,0.223961,0.222427,-0.101243,-0.104311,2.06817,2.06971,-0.455959,-0.455959,0,0.00153398,-0.0122718,-0.0168738,0.751651,0.745515,
120308,0.223961,0.222427,-0.101243,-0.104311,2.06817,2.06971,-0.455959,-0.455959,0,0.00153398,-0.0122718,-0.0168738,0.751651,0.747049,
120328,0.223961,0.222427,-0.101243,-0.104311,2.06817,2.06971,-0.455959,-0.455959,0,0.00153398,-0.0122718,-0.0168738,0.751651,0.747049,
120348,0.223961,0.222427,-0.101243,-0.104311,2.06817,2.06971,-0.455959,-0.455959,0,0.00153398,-0.0122718,-0.0168738,0.751651,0.747049,
120368,0.223961,0.222427,-0.101243,-0.104311,2.06817,2.06971,-0.455959,-0.455959,0,0.00153398,-0.0122718,-0.0168738,0.751651,0.747049,
120388,0.223961,0.222427,-0.101243,-0.104311,2.06817,2.06971,-0.455959,-0.455959,0,0.00153398,-0.0122718,-0.0168738,0.751651,0.747049,
120408,0.223961,0.222427,-0.101243,-0.104311,2.06817,2.06971,-0.455959,-0.455959,0,0.00153398,-0.0122718,-0.0168738,0.751651,0.747049,
120428,0.223961,0.222427,-0.101243,-0.104311,2.06817,2.06971,-0.455959,-0.455959,0,0.00153398,-0.0122718,-0.0168738,0.751651,0.747049,
120448,0.223961,0.222427,-0.101243,-0.104311,2.06817,2.06971,-0.455959,-0.455959,0,0.00153398,-0.0122718,-0.0168738,0.751651,0.747049,
120468,0.223961,0.222427,-0.101243,-0.104311,2.06817,2.06971,-0.455959,-0.455959,0,0.00153398,-0.0122718,-0.0168738,0.751651,0.747049,
120488,0.223961,0.222427,-0.101243,-0.104311,2.06817,2.06971,-0.455959,-0.455959,0,0,-0.0122718,-0.0168738,0.751651,0.745515,
120508,0.223961,0.222427,-0.101243,-0.104311,2.06817,2.06971,-0.455959,-0.455959,0,0,-0.0122718,-0.0168738,0.751651,0.745515,
120528,0.223961,0.222427,-0.101243,-0.104311,2.06817,2.06971,-0.455959,-0.455959,0,0,-0.0122718,-0.0168738,0.751651,0.745515,
120548,0.223961,0.222427,-0.101243,-0.104311,2.06817,2.06971,-0.455959,-0.455959,0,0,-0.0122718,-0.0168738,0.751651,0.745515,
120568,0.223961,0.222427,-0.101243,-0.104311,2.06817,2.06971,-0.455959,-0.455959,0,0,-0.0122718,-0.0168738,0.751651,0.745515,
120588,0.223961,0.222427,-0.101243,-0.104311,2.06817,2.06971,-0.455959,-0.455959,0,0.00153398,-0.0122718,-0.0168738,0.751651,0.747049,
120608,0.223961,0.222427,-0.101243,-0.104311,2.06817,2.06971,-0.455959,-0.455959,0,0.00153398,-0.0122718,-0.0168738,0.751651,0.747049,
120628,0.223961,0.222427,-0.101243,-0.104311,2.06817,2.06971,-0.455959,-0.455959,0,0.00153398,-0.0122718,-0.0168738,0.751651,0.747049,
120648,0.223961,0.222427,-0.101243,-0.104311,2.06817,2.06971,-0.455959,-0.455959,0,0.00153398,-0.0122718,-0.0168738,0.751651,0.747049,
120668,0.223961,0.222427,-0.101243,-0.104311,2.06817,2.06971,-0.455959,-0.455959,0,0.00153398,-0.0122718,-0.0168738,0.751651,0.747049,
120688,0.223961,0.222427,-0.101243,-0.104311,2.06817,2.06971,-0.455959,-0.455959,0,0.00153398,-0.0122718,-0.0168738,0.751651,0.747049,
120708,0.223961,0.222427,-0.101243,-0.104311,2.06817,2.06971,-0.455959,-0.455959,0,0.00153398,-0.0122718,-0.0168738,0.751651,0.747049,
120728,0.223961,0.222427,-0.101243,-0.104311,2.06817,2.06971,-0.455959,-0.455959,0,0.00153398,-0.0122718,-0.0168738,0.751651,0.747049,
120748,0.223961,0.222427,-0.101243,-0.104311,2.06817,2.06971,-0.455959,-0.455959,0,0.00153398,-0.0122718,-0.0168738,0.751651,0.747049,
120768,0.223961,0.222427,-0.101243,-0.104311,2.06817,2.06971,-0.455959,-0.455959,0,0.00153398,-0.0122718,-0.0168738,0.751651,0.747049,
120788,0.223961,0.222427,-0.101243,-0.104311,2.06817,2.06971,-0.455959,-0.455959,0,0.00153398,-0.0122718,-0.0168738,0.751651,0.747049,
120808,0.223961,0.222427,-0.101243,-0.104311,2.06817,2.06971,-0.455959,-0.455959,0,0,-0.0122718,-0.0168738,0.751651,0.747049,
120828,0.223961,0.222427,-0.101243,-0.104311,2.06817,2.06971,-0.455959,-0.455959,0,0,-0.0122718,-0.0168738,0.751651,0.747049,
120848,0.223961,0.222427,-0.101243,-0.104311,2.06817,2.06971,-0.455959,-0.455959,0,0,-0.0122718,-0.0168738,0.751651,0.747049,
120868,0.223961,0.222427,-0.101243,-0.104311,2.06817,2.06971,-0.455959,-0.455959,0,0,-0.0122718,-0.0168738,0.751651,0.747049,
120888,0.223961,0.222427,-0.101243,-0.104311,2.06817,2.06971,-0.455959,-0.455959,0,0.00153398,-0.0122718,-0.0168738,0.751651,0.747049,
120908,0.223961,0.222427,-0.101243,-0.104311,2.06817,2.06971,-0.455959,-0.455959,0,0.00153398,-0.0122718,-0.0168738,0.751651,0.747049,
120928,0.223961,0.222427,-0.101243,-0.104311,2.06817,2.06971,-0.455959,-0.455959,0,0.00153398,-0.0122718,-0.0168738,0.751651,0.747049,
120948,0.223961,0.222427,-0.101243,-0.104311,2.06817,2.06971,-0.455959,-0.455959,0,0.00153398,-0.0122718,-0.0168738,0.751651,0.747049,
120968,0.223961,0.222427,-0.101243,-0.104311,2.06817,2.06971,-0.455959,-0.455959,0,0.00153398,-0.0122718,-0.0168738,0.751651,0.747049,
120988,0.223961,0.222427,-0.101243,-0.104311,2.06817,2.06971,-0.455959,-0.455959,0,0.00153398,-0.0122718,-0.0168738,0.751651,0.747049,
121008,0.223961,0.222427,-0.101243,-0.104311,2.06817,2.06971,-0.455959,-0.455959,0,0,-0.0122718,-0.0168738,0.751651,0.747049,
121028,0.223961,0.222427,-0.101243,-0.104311,2.06817,2.06971,-0.455959,-0.455959,0,0,-0.0122718,-0.0168738,0.751651,0.747049,
121048,0.223961,0.222427,-0.101243,-0.104311,2.06817,2.06971,-0.455959,-0.455959,0,0,-0.0122718,-0.0168738,0.751651,0.747049,
121068,0.223961,0.222427,-0.101243,-0.104311,2.06817,2.06971,-0.455959,-0.455959,0,0,-0.0122718,-0.0168738,0.751651,0.747049,
121088,0.223961,0.222427,-0.101243,-0.104311,2.06817,2.06971,-0.455959,-0.455959,0,0,-0.0122718,-0.0168738,0.751651,0.747049,
121108,0.223961,0.222427,-0.101243,-0.104311,2.06817,2.06971,-0.455959,-0.455959,0,0,-0.0122718,-0.0168738,0.751651,0.747049,
121128,0.223961,0.222427,-0.101243,-0.104311,2.06817,2.06971,-0.455959,-0.455959,0,0,-0.0122718,-0.0168738,0.751651,0.747049,
121148,0.223961,0.222427,-0.101243,-0.104311,2.06817,2.06971,-0.455959,-0.455959,0,0,-0.0122718,-0.0168738,0.751651,0.747049,
121168,0.223961,0.222427,-0.101243,-0.104311,2.06817,2.06971,-0.455959,-0.455959,0,0,-0.0122718,-0.0168738,0.751651,0.747049,
121188,0.223961,0.222427,-0.101243,-0.104311,2.06817,2.06971,-0.455959,-0.455959,0,0,-0.0122718,-0.0168738,0.751651,0.747049,
121208,0.223961,0.222427,-0.101243,-0.104311,2.06817,2.06971,-0.455959,-0.455959,0,0.00153398,-0.0122718,-0.0168738,0.751651,0.747049,
121228,0.223961,0.222427,-0.101243,-0.104311,2.06817,2.06971,-0.455959,-0.455959,0,0.00153398,-0.0122718,-0.0168738,0.751651,0.747049,
121248,0.223961,0.222427,-0.101243,-0.104311,2.06817,2.06971,-0.455959,-0.455959,0,0.00153398,-0.0122718,-0.0168738,0.751651,0.747049,
121268,0.223961,0.222427,-0.101243,-0.104311,2.06817,2.06971,-0.455959,-0.455959,0,0.00153398,-0.0122718,-0.0168738,0.751651,0.747049,
121288,0.223961,0.222427,-0.101243,-0.104311,2.06817,2.06971,-0.455959,-0.455959,0,0.00153398,-0.0122718,-0.0168738,0.751651,0.747049,
121308,0.223961,0.222427,-0.101243,-0.104311,2.06817,2.06971,-0.455959,-0.455959,0,0.00153398,-0.0122718,-0.0168738,0.751651,0.747049,
121328,0.223961,0.222427,-0.101243,-0.104311,2.06817,2.06971,-0.455959,-0.455959,0,0.00153398,-0.0122718,-0.0168738,0.751651,0.747049,
121348,0.223961,0.222427,-0.101243,-0.104311,2.06817,2.06971,-0.455959,-0.455959,0,0.00153398,-0.0122718,-0.0168738,0.751651,0.747049,
121368,0.223961,0.222427,-0.101243,-0.104311,2.06817,2.06971,-0.455959,-0.455959,0,0.00153398,-0.0122718,-0.0168738,0.751651,0.747049,
121388,0.223961,0.222427,-0.101243,-0.104311,2.06817,2.06971,-0.455959,-0.455959,0,0,-0.0122718,-0.0168738,0.751651,0.747049,
121408,0.223961,0.222427,-0.101243,-0.104311,2.06817,2.06971,-0.455959,-0.455959,0,0,-0.0122718,-0.0168738,0.751651,0.747049,
121428,0.223961,0.222427,-0.101243,-0.104311,2.06817,2.06971,-0.455959,-0.455959,0,0,-0.0122718,-0.0168738,0.751651,0.747049,
121448,0.223961,0.222427,-0.101243,-0.104311,2.06817,2.06971,-0.455959,-0.455959,0,0,-0.0122718,-0.0168738,0.751651,0.747049,
121468,0.223961,0.222427,-0.101243,-0.104311,2.06817,2.06971,-0.455959,-0.455959,0,0,-0.0122718,-0.0168738,0.751651,0.747049,
121488,0.223961,0.222427,-0.101243,-0.104311,2.06817,2.06971,-0.455959,-0.455959,0,0,-0.0122718,-0.0168738,0.751651,0.747049,
121508,0.223961,0.220893,-0.101243,-0.104311,2.06817,2.06971,-0.455959,-0.454425,0,0.00153398,-0.0122718,-0.0168738,0.751651,0.747049,
121528,0.223961,0.220893,-0.101243,-0.104311,2.06817,2.06971,-0.455959,-0.454425,0,0.00153398,-0.0122718,-0.0168738,0.751651,0.747049,
121548,0.223961,0.220893,-0.101243,-0.104311,2.06817,2.06971,-0.455959,-0.454425,0,0.00153398,-0.0122718,-0.0168738,0.751651,0.747049,
121569,0.223961,0.220893,-0.101243,-0.104311,2.06817,2.06971,-0.455959,-0.454425,0,0.00153398,-0.0122718,-0.0168738,0.751651,0.747049,
121588,0.223961,0.220893,-0.101243,-0.104311,2.06817,2.06971,-0.455959,-0.454425,0,0.00153398,-0.0122718,-0.0168738,0.751651,0.747049,
121608,0.223961,0.222427,-0.101243,-0.104311,2.06817,2.06971,-0.455959,-0.455959,0,0.00153398,-0.0122718,-0.0168738,0.751651,0.747049,
121629,0.223961,0.222427,-0.101243,-0.104311,2.06817,2.06971,-0.455959,-0.455959,0,0.00153398,-0.0122718,-0.0168738,0.751651,0.747049,
121649,0.223961,0.222427,-0.101243,-0.104311,2.06817,2.06971,-0.455959,-0.455959,0,0.00153398,-0.0122718,-0.0168738,0.751651,0.747049,
121668,0.223961,0.222427,-0.101243,-0.104311,2.06817,2.06971,-0.455959,-0.455959,0,0.00153398,-0.0122718,-0.0168738,0.751651,0.747049,
121688,0.223961,0.222427,-0.101243,-0.104311,2.06817,2.06971,-0.455959,-0.455959,0,0.00153398,-0.0122718,-0.0168738,0.751651,0.747049,
121708,0.223961,0.222427,-0.101243,-0.104311,2.06817,2.06971,-0.455959,-0.455959,0,0,-0.0122718,-0.0168738,0.751651,0.747049,
121728,0.223961,0.222427,-0.101243,-0.104311,2.06817,2.06971,-0.455959,-0.455959,0,0,-0.0122718,-0.0168738,0.751651,0.747049,
121748,0.223961,0.222427,-0.101243,-0.104311,2.06817,2.06971,-0.455959,-0.455959,0,0,-0.0122718,-0.0168738,0.751651,0.747049,
121768,0.223961,0.222427,-0.101243,-0.104311,2.06817,2.06971,-0.455959,-0.455959,0,0,-0.0122718,-0.0168738,0.751651,0.747049,
121788,0.223961,0.222427,-0.101243,-0.104311,2.06817,2.06971,-0.455959,-0.455959,0,0,-0.0122718,-0.0168738,0.751651,0.747049,
121808,0.223961,0.222427,-0.101243,-0.104311,2.06817,2.06971,-0.455959,-0.455959,0,0,-0.0122718,-0.0168738,0.751651,0.747049,
121828,0.223961,0.222427,-0.101243,-0.104311,2.06817,2.06971,-0.455959,-0.455959,0,0,-0.0122718,-0.0168738,0.751651,0.747049,
121848,0.223961,0.222427,-0.101243,-0.104311,2.06817,2.06971,-0.455959,-0.455959,0,0,-0.0122718,-0.0168738,0.751651,0.747049,
121868,0.223961,0.222427,-0.101243,-0.104311,2.06817,2.06971,-0.455959,-0.455959,0,0,-0.0122718,-0.0168738,0.751651,0.747049,
121888,0.223961,0.222427,-0.101243,-0.104311,2.06817,2.06971,-0.455959,-0.455959,0,0,-0.0122718,-0.0168738,0.751651,0.747049,
121908,0.223961,0.222427,-0.101243,-0.104311,2.06817,2.06971,-0.455959,-0.455959,0,0,-0.0122718,-0.0168738,0.751651,0.747049,
121928,0.223961,0.222427,-0.101243,-0.104311,2.06817,2.06971,-0.455959,-0.455959,0,0,-0.0122718,-0.0168738,0.751651,0.747049,
121948,0.223961,0.222427,-0.101243,-0.104311,2.06817,2.06971,-0.455959,-0.455959,0,0,-0.0122718,-0.0168738,0.751651,0.747049,
121968,0.223961,0.222427,-0.101243,-0.104311,2.06817,2.06971,-0.455959,-0.455959,0,0,-0.0122718,-0.0168738,0.751651,0.747049,
121988,0.223961,0.222427,-0.101243,-0.104311,2.06817,2.06971,-0.455959,-0.455959,0,0,-0.0122718,-0.0168738,0.751651,0.747049,
122008,0.223961,0.222427,-0.101243,-0.104311,2.06817,2.06971,-0.455959,-0.454425,0,0.00153398,-0.0122718,-0.0168738,0.751651,0.747049,
122028,0.223961,0.222427,-0.101243,-0.104311,2.06817,2.06971,-0.455959,-0.454425,0,0.00153398,-0.0122718,-0.0168738,0.751651,0.747049,
122048,0.223961,0.222427,-0.101243,-0.104311,2.06817,2.06971,-0.455959,-0.454425,0,0.00153398,-0.0122718,-0.0168738,0.751651,0.747049,
122069,0.223961,0.222427,-0.101243,-0.104311,2.06817,2.06971,-0.455959,-0.454425,0,0.00153398,-0.0122718,-0.0168738,0.751651,0.747049,
122088,0.223961,0.222427,-0.101243,-0.104311,2.06817,2.06971,-0.455959,-0.454425,0,0.00153398,-0.0122718,-0.0168738,0.751651,0.747049,
122108,0.223961,0.222427,-0.101243,-0.104311,2.06817,2.06817,-0.455959,-0.455959,0,0.00153398,-0.0122718,-0.0168738,0.751651,0.747049,
122128,0.223961,0.222427,-0.101243,-0.104311,2.06817,2.06817,-0.455959,-0.455959,0,0.00153398,-0.0122718,-0.0168738,0.751651,0.747049,
122149,0.223961,0.222427,-0.101243,-0.104311,2.06817,2.06817,-0.455959,-0.455959,0,0.00153398,-0.0122718,-0.0168738,0.751651,0.747049,
122168,0.223961,0.222427,-0.101243,-0.104311,2.06817,2.06817,-0.455959,-0.455959,0,0.00153398,-0.0122718,-0.0168738,0.751651,0.747049,
122188,0.223961,0.222427,-0.101243,-0.102777,2.06817,2.06971,-0.455959,-0.455959,0,0.00153398,-0.0122718,-0.0168738,0.751651,0.747049,
122208,0.223961,0.222427,-0.101243,-0.102777,2.06817,2.06971,-0.455959,-0.455959,0,0.00153398,-0.0122718,-0.0168738,0.751651,0.747049,
122228,0.223961,0.222427,-0.101243,-0.102777,2.06817,2.06971,-0.455959,-0.455959,0,0.00153398,-0.0122718,-0.0168738,0.751651,0.747049,
122248,0.223961,0.222427,-0.101243,-0.102777,2.06817,2.06971,-0.455959,-0.455959,0,0.00153398,-0.0122718,-0.0168738,0.751651,0.747049,
122268,0.223961,0.222427,-0.101243,-0.102777,2.06817,2.06971,-0.455959,-0.455959,0,0.00153398,-0.0122718,-0.0168738,0.751651,0.747049,
122288,0.223961,0.222427,-0.101243,-0.102777,2.06817,2.06971,-0.455959,-0.455959,0,0.00153398,-0.0122718,-0.0168738,0.751651,0.747049,
122308,0.223961,0.222427,-0.101243,-0.104311,2.06817,2.06971,-0.455959,-0.455959,0,0.00153398,-0.0122718,-0.0168738,0.751651,0.747049,
122328,0.223961,0.222427,-0.101243,-0.104311,2.06817,2.06971,-0.455959,-0.455959,0,0.00153398,-0.0122718,-0.0168738,0.751651,0.747049,
122348,0.223961,0.222427,-0.101243,-0.104311,2.06817,2.06971,-0.455959,-0.455959,0,0.00153398,-0.0122718,-0.0168738,0.751651,0.747049,
122368,0.223961,0.222427,-0.101243,-0.104311,2.06817,2.06971,-0.455959,-0.455959,0,0.00153398,-0.0122718,-0.0168738,0.751651,0.747049,
122388,0.223961,0.222427,-0.101243,-0.104311,2.06817,2.06971,-0.455959,-0.455959,0,0.00153398,-0.0122718,-0.0168738,0.751651,0.747049,
122408,0.223961,0.222427,-0.101243,-0.104311,2.06817,2.06971,-0.455959,-0.455959,0,0.00153398,-0.0122718,-0.0168738,0.751651,0.747049,
122428,0.223961,0.222427,-0.101243,-0.104311,2.06817,2.06971,-0.455959,-0.455959,0,0.00153398,-0.0122718,-0.0168738,0.751651,0.747049,
122448,0.223961,0.222427,-0.101243,-0.104311,2.06817,2.06971,-0.455959,-0.455959,0,0.00153398,-0.0122718,-0.0168738,0.751651,0.747049,
122468,0.223961,0.222427,-0.101243,-0.104311,2.06817,2.06971,-0.455959,-0.455959,0,0.00153398,-0.0122718,-0.0168738,0.751651,0.747049,
122488,0.223961,0.222427,-0.101243,-0.104311,2.06817,2.06971,-0.455959,-0.455959,0,0.00153398,-0.0122718,-0.0168738,0.751651,0.747049,
122508,0.223961,0.222427,-0.101243,-0.104311,2.06817,2.06971,-0.455959,-0.455959,0,0,-0.0122718,-0.0168738,0.751651,0.745515,
122528,0.223961,0.222427,-0.101243,-0.104311,2.06817,2.06971,-0.455959,-0.455959,0,0,-0.0122718,-0.0168738,0.751651,0.745515,
122548,0.223961,0.222427,-0.101243,-0.104311,2.06817,2.06971,-0.455959,-0.455959,0,0,-0.0122718,-0.0168738,0.751651,0.745515,
122568,0.223961,0.222427,-0.101243,-0.104311,2.06817,2.06971,-0.455959,-0.455959,0,0,-0.0122718,-0.0168738,0.751651,0.745515,
122588,0.223961,0.222427,-0.101243,-0.104311,2.06817,2.06971,-0.455959,-0.455959,0,0,-0.0122718,-0.0168738,0.751651,0.745515,
122608,0.223961,0.222427,-0.101243,-0.104311,2.06817,2.06971,-0.455959,-0.455959,0,0.00153398,-0.0122718,-0.0168738,0.751651,0.747049,
122628,0.223961,0.222427,-0.101243,-0.104311,2.06817,2.06971,-0.455959,-0.455959,0,0.00153398,-0.0122718,-0.0168738,0.751651,0.747049,
122648,0.223961,0.222427,-0.101243,-0.104311,2.06817,2.06971,-0.455959,-0.455959,0,0.00153398,-0.0122718,-0.0168738,0.751651,0.747049,
122669,0.223961,0.222427,-0.101243,-0.104311,2.06817,2.06971,-0.455959,-0.455959,0,0.00153398,-0.0122718,-0.0168738,0.751651,0.747049,
122688,0.223961,0.222427,-0.101243,-0.104311,2.06817,2.06971,-0.455959,-0.455959,0,0.00153398,-0.0122718,-0.0168738,0.751651,0.747049,
122708,0.223961,0.222427,-0.101243,-0.104311,2.06817,2.06971,-0.455959,-0.455959,0,0,-0.0122718,-0.0168738,0.751651,0.745515,
122728,0.223961,0.222427,-0.101243,-0.104311,2.06817,2.06971,-0.455959,-0.455959,0,0,-0.0122718,-0.0168738,0.751651,0.745515,
122748,0.223961,0.222427,-0.101243,-0.104311,2.06817,2.06971,-0.455959,-0.455959,0,0,-0.0122718,-0.0168738,0.751651,0.745515,
122769,0.223961,0.222427,-0.101243,-0.104311,2.06817,2.06971,-0.455959,-0.455959,0,0,-0.0122718,-0.0168738,0.751651,0.745515,
122788,0.223961,0.222427,-0.101243,-0.104311,2.06817,2.06971,-0.455959,-0.455959,0,0,-0.0122718,-0.0168738,0.751651,0.745515,
122808,0.223961,0.222427,-0.101243,-0.104311,2.06817,2.06971,-0.455959,-0.455959,0,0.00153398,-0.0122718,-0.0168738,0.751651,0.747049,
122828,0.223961,0.222427,-0.101243,-0.104311,2.06817,2.06971,-0.455959,-0.455959,0,0.00153398,-0.0122718,-0.0168738,0.751651,0.747049,
122848,0.223961,0.222427,-0.101243,-0.104311,2.06817,2.06971,-0.455959,-0.455959,0,0.00153398,-0.0122718,-0.0168738,0.751651,0.747049,
122868,0.223961,0.222427,-0.101243,-0.104311,2.06817,2.06971,-0.455959,-0.455959,0,0.00153398,-0.0122718,-0.0168738,0.751651,0.747049,
122888,0.223961,0.222427,-0.101243,-0.104311,2.06817,2.06971,-0.455959,-0.455959,0,0.00153398,-0.0122718,-0.0168738,0.751651,0.747049,
122908,0.223961,0.222427,-0.101243,-0.104311,2.06817,2.06971,-0.455959,-0.455959,0,0,-0.0122718,-0.0168738,0.751651,0.747049,
122928,0.223961,0.222427,-0.101243,-0.104311,2.06817,2.06971,-0.455959,-0.455959,0,0,-0.0122718,-0.0168738,0.751651,0.747049,
122948,0.223961,0.222427,-0.101243,-0.104311,2.06817,2.06971,-0.455959,-0.455959,0,0,-0.0122718,-0.0168738,0.751651,0.747049,
122968,0.223961,0.222427,-0.101243,-0.104311,2.06817,2.06971,-0.455959,-0.455959,0,0,-0.0122718,-0.0168738,0.751651,0.747049,
122988,0.223961,0.222427,-0.101243,-0.104311,2.06817,2.06971,-0.455959,-0.455959,0,0.00153398,-0.0122718,-0.0168738,0.751651,0.747049,
123008,0.223961,0.222427,-0.101243,-0.104311,2.06817,2.06971,-0.455959,-0.455959,0,0.00153398,-0.0122718,-0.0168738,0.751651,0.747049,
123028,0.223961,0.222427,-0.101243,-0.104311,2.06817,2.06971,-0.455959,-0.455959,0,0.00153398,-0.0122718,-0.0168738,0.751651,0.747049,
123048,0.223961,0.222427,-0.101243,-0.104311,2.06817,2.06971,-0.455959,-0.455959,0,0.00153398,-0.0122718,-0.0168738,0.751651,0.747049,
123068,0.223961,0.222427,-0.101243,-0.104311,2.06817,2.06971,-0.455959,-0.455959,0,0.00153398,-0.0122718,-0.0168738,0.751651,0.747049,
123088,0.223961,0.222427,-0.101243,-0.104311,2.06817,2.06971,-0.455959,-0.455959,0,0.00153398,-0.0122718,-0.0168738,0.751651,0.747049,
123108,0.223961,0.222427,-0.101243,-0.104311,2.06817,2.06971,-0.455959,-0.455959,0,0,-0.0122718,-0.0168738,0.751651,0.747049,
123128,0.223961,0.222427,-0.101243,-0.104311,2.06817,2.06971,-0.455959,-0.455959,0,0,-0.0122718,-0.0168738,0.751651,0.747049,
123148,0.223961,0.222427,-0.101243,-0.104311,2.06817,2.06971,-0.455959,-0.455959,0,0,-0.0122718,-0.0168738,0.751651,0.747049,
123168,0.223961,0.222427,-0.101243,-0.104311,2.06817,2.06971,-0.455959,-0.455959,0,0,-0.0122718,-0.0168738,0.751651,0.747049,
123188,0.223961,0.222427,-0.101243,-0.104311,2.06817,2.06971,-0.455959,-0.455959,0,0,-0.0122718,-0.0168738,0.751651,0.747049,
123208,0.223961,0.222427,-0.101243,-0.102777,2.06817,2.06971,-0.455959,-0.455959,0,0,-0.0122718,-0.0168738,0.751651,0.747049,
123228,0.223961,0.222427,-0.101243,-0.102777,2.06817,2.06971,-0.455959,-0.455959,0,0,-0.0122718,-0.0168738,0.751651,0.747049,
123248,0.223961,0.222427,-0.101243,-0.102777,2.06817,2.06971,-0.455959,-0.455959,0,0,-0.0122718,-0.0168738,0.751651,0.747049,
123268,0.223961,0.222427,-0.101243,-0.102777,2.06817,2.06971,-0.455959,-0.455959,0,0,-0.0122718,-0.0168738,0.751651,0.747049,
123288,0.223961,0.222427,-0.101243,-0.104311,2.06817,2.06971,-0.455959,-0.455959,0,0,-0.0122718,-0.0168738,0.751651,0.747049,
123308,0.223961,0.222427,-0.101243,-0.104311,2.06817,2.06971,-0.455959,-0.455959,0,0,-0.0122718,-0.0168738,0.751651,0.747049,
123329,0.223961,0.222427,-0.101243,-0.104311,2.06817,2.06971,-0.455959,-0.455959,0,0,-0.0122718,-0.0168738,0.751651,0.747049,
123348,0.223961,0.222427,-0.101243,-0.104311,2.06817,2.06971,-0.455959,-0.455959,0,0,-0.0122718,-0.0168738,0.751651,0.747049,
123368,0.223961,0.222427,-0.101243,-0.104311,2.06817,2.06971,-0.455959,-0.455959,0,0,-0.0122718,-0.0168738,0.751651,0.747049,
123388,0.223961,0.222427,-0.101243,-0.102777,2.06817,2.06971,-0.455959,-0.455959,0,0.00153398,-0.0122718,-0.0168738,0.751651,0.747049,
123408,0.223961,0.222427,-0.101243,-0.102777,2.06817,2.06971,-0.455959,-0.455959,0,0.00153398,-0.0122718,-0.0168738,0.751651,0.747049,
123428,0.223961,0.222427,-0.101243,-0.102777,2.06817,2.06971,-0.455959,-0.455959,0,0.00153398,-0.0122718,-0.0168738,0.751651,0.747049,
123448,0.223961,0.222427,-0.101243,-0.102777,2.06817,2.06971,-0.455959,-0.455959,0,0.00153398,-0.0122718,-0.0168738,0.751651,0.747049,
123468,0.223961,0.222427,-0.101243,-0.102777,2.06817,2.06971,-0.455959,-0.455959,0,0.00153398,-0.0122718,-0.0168738,0.751651,0.747049,
123489,0.223961,0.222427,-0.101243,-0.102777,2.06817,2.06971,-0.455959,-0.455959,0,0.00153398,-0.0122718,-0.0168738,0.751651,0.747049,
123508,0.223961,0.222427,-0.101243,-0.102777,2.06817,2.06971,-0.455959,-0.455959,0,0,-0.0122718,-0.0168738,0.751651,0.747049,
123528,0.223961,0.222427,-0.101243,-0.102777,2.06817,2.06971,-0.455959,-0.455959,0,0,-0.0122718,-0.0168738,0.751651,0.747049,
123548,0.223961,0.222427,-0.101243,-0.102777,2.06817,2.06971,-0.455959,-0.455959,0,0,-0.0122718,-0.0168738,0.751651,0.747049,
123568,0.223961,0.222427,-0.101243,-0.102777,2.06817,2.06971,-0.455959,-0.455959,0,0,-0.0122718,-0.0168738,0.751651,0.747049,
123588,0.223961,0.222427,-0.101243,-0.102777,2.06817,2.06971,-0.455959,-0.455959,0,0,-0.0122718,-0.0168738,0.751651,0.747049,
123608,0.223961,0.222427,-0.101243,-0.102777,2.06817,2.06971,-0.455959,-0.455959,0,0,-0.0122718,-0.0168738,0.751651,0.747049,
123628,0.223961,0.222427,-0.101243,-0.102777,2.06817,2.06971,-0.455959,-0.455959,0,0,-0.0122718,-0.0168738,0.751651,0.747049,
123648,0.223961,0.222427,-0.101243,-0.102777,2.06817,2.06971,-0.455959,-0.455959,0,0,-0.0122718,-0.0168738,0.751651,0.747049,
123668,0.223961,0.222427,-0.101243,-0.102777,2.06817,2.06971,-0.455959,-0.455959,0,0,-0.0122718,-0.0168738,0.751651,0.747049,
123688,0.223961,0.222427,-0.101243,-0.102777,2.06817,2.06971,-0.455959,-0.455959,0,0.00153398,-0.0122718,-0.0168738,0.751651,0.747049,
123708,0.223961,0.222427,-0.101243,-0.102777,2.06817,2.06971,-0.455959,-0.455959,0,0.00153398,-0.0122718,-0.0168738,0.751651,0.747049,
123728,0.223961,0.222427,-0.101243,-0.102777,2.06817,2.06971,-0.455959,-0.455959,0,0.00153398,-0.0122718,-0.0168738,0.751651,0.747049,
123748,0.223961,0.222427,-0.101243,-0.102777,2.06817,2.06971,-0.455959,-0.455959,0,0.00153398,-0.0122718,-0.0168738,0.751651,0.747049,
123768,0.223961,0.222427,-0.101243,-0.102777,2.06817,2.06971,-0.455959,-0.455959,0,0.00153398,-0.0122718,-0.0168738,0.751651,0.747049,
123788,0.223961,0.222427,-0.101243,-0.102777,2.06817,2.06971,-0.455959,-0.455959,0,0,-0.0122718,-0.0168738,0.751651,0.747049,
123808,0.223961,0.222427,-0.101243,-0.102777,2.06817,2.06971,-0.455959,-0.455959,0,0,-0.0122718,-0.0168738,0.751651,0.747049,
123829,0.223961,0.222427,-0.101243,-0.102777,2.06817,2.06971,-0.455959,-0.455959,0,0,-0.0122718,-0.0168738,0.751651,0.747049,
123849,0.223961,0.222427,-0.101243,-0.102777,2.06817,2.06971,-0.455959,-0.455959,0,0,-0.0122718,-0.0168738,0.751651,0.747049,
123868,0.223961,0.222427,-0.101243,-0.102777,2.06817,2.06971,-0.455959,-0.455959,0,0,-0.0122718,-0.0168738,0.751651,0.747049,
123888,0.223961,0.222427,-0.101243,-0.102777,2.06817,2.06971,-0.455959,-0.455959,0,0,-0.0122718,-0.0168738,0.751651,0.747049,
123908,0.223961,0.222427,-0.101243,-0.102777,2.06817,2.06971,-0.455959,-0.455959,0,0,-0.0122718,-0.0168738,0.751651,0.745515,
123928,0.223961,0.222427,-0.101243,-0.102777,2.06817,2.06971,-0.455959,-0.455959,0,0,-0.0122718,-0.0168738,0.751651,0.745515,
123949,0.223961,0.222427,-0.101243,-0.102777,2.06817,2.06971,-0.455959,-0.455959,0,0,-0.0122718,-0.0168738,0.751651,0.745515,
123968,0.223961,0.222427,-0.101243,-0.102777,2.06817,2.06971,-0.455959,-0.455959,0,0,-0.0122718,-0.0168738,0.751651,0.745515,
123988,0.223961,0.222427,-0.101243,-0.102777,2.06817,2.06971,-0.455959,-0.455959,0,0,-0.0122718,-0.0168738,0.751651,0.745515,
124008,0.223961,0.222427,-0.101243,-0.102777,2.06817,2.06971,-0.455959,-0.455959,0,0,-0.0122718,-0.0168738,0.751651,0.747049,
124028,0.223961,0.222427,-0.101243,-0.102777,2.06817,2.06971,-0.455959,-0.455959,0,0,-0.0122718,-0.0168738,0.751651,0.747049,
124048,0.223961,0.222427,-0.101243,-0.102777,2.06817,2.06971,-0.455959,-0.455959,0,0,-0.0122718,-0.0168738,0.751651,0.747049,
124068,0.223961,0.222427,-0.101243,-0.102777,2.06817,2.06971,-0.455959,-0.455959,0,0,-0.0122718,-0.0168738,0.751651,0.747049,
124088,0.223961,0.222427,-0.101243,-0.102777,2.06817,2.06971,-0.455959,-0.455959,0,0,-0.0122718,-0.0168738,0.751651,0.747049,
124108,0.223961,0.222427,-0.101243,-0.101243,2.06817,2.06971,-0.455959,-0.455959,0,0,-0.0122718,-0.0168738,0.751651,0.745515,
124128,0.223961,0.222427,-0.101243,-0.101243,2.06817,2.06971,-0.455959,-0.455959,0,0,-0.0122718,-0.0168738,0.751651,0.745515,
124148,0.223961,0.222427,-0.101243,-0.101243,2.06817,2.06971,-0.455959,-0.455959,0,0,-0.0122718,-0.0168738,0.751651,0.745515,
124168,0.223961,0.222427,-0.101243,-0.101243,2.06817,2.06971,-0.455959,-0.455959,0,0,-0.0122718,-0.0168738,0.751651,0.745515,
124188,0.223961,0.222427,-0.101243,-0.102777,2.06817,2.06971,-0.455959,-0.455959,0,0,-0.0122718,-0.0168738,0.751651,0.747049,
124208,0.223961,0.222427,-0.101243,-0.102777,2.06817,2.06971,-0.455959,-0.455959,0,0,-0.0122718,-0.0168738,0.751651,0.747049,
124228,0.223961,0.222427,-0.101243,-0.102777,2.06817,2.06971,-0.455959,-0.455959,0,0,-0.0122718,-0.0168738,0.751651,0.747049,
124248,0.223961,0.222427,-0.101243,-0.102777,2.06817,2.06971,-0.455959,-0.455959,0,0,-0.0122718,-0.0168738,0.751651,0.747049,
124268,0.223961,0.222427,-0.101243,-0.102777,2.06817,2.06971,-0.455959,-0.455959,0,0,-0.0122718,-0.0168738,0.751651,0.747049,
124288,0.223961,0.222427,-0.101243,-0.102777,2.06817,2.06971,-0.455959,-0.455959,0,0,-0.0122718,-0.0168738,0.751651,0.747049,
124308,0.223961,0.222427,-0.101243,-0.101243,2.06817,2.06971,-0.455959,-0.455959,0,0,-0.0122718,-0.0168738,0.751651,0.747049,
124328,0.223961,0.222427,-0.101243,-0.101243,2.06817,2.06971,-0.455959,-0.455959,0,0,-0.0122718,-0.0168738,0.751651,0.747049,
124348,0.223961,0.222427,-0.101243,-0.101243,2.06817,2.06971,-0.455959,-0.455959,0,0,-0.0122718,-0.0168738,0.751651,0.747049,
124368,0.223961,0.222427,-0.101243,-0.101243,2.06817,2.06971,-0.455959,-0.455959,0,0,-0.0122718,-0.0168738,0.751651,0.747049,
124388,0.223961,0.222427,-0.101243,-0.101243,2.06817,2.06971,-0.455959,-0.455959,0,0,-0.0122718,-0.0168738,0.751651,0.747049,
124408,0.223961,0.222427,-0.101243,-0.102777,2.06817,2.06971,-0.455959,-0.455959,0,0,-0.0122718,-0.0168738,0.751651,0.745515,
124428,0.223961,0.222427,-0.101243,-0.102777,2.06817,2.06971,-0.455959,-0.455959,0,0,-0.0122718,-0.0168738,0.751651,0.745515,
124448,0.223961,0.222427,-0.101243,-0.102777,2.06817,2.06971,-0.455959,-0.455959,0,0,-0.0122718,-0.0168738,0.751651,0.745515,
124468,0.223961,0.222427,-0.101243,-0.102777,2.06817,2.06971,-0.455959,-0.455959,0,0,-0.0122718,-0.0168738,0.751651,0.745515,
124488,0.223961,0.222427,-0.101243,-0.101243,2.06817,2.06971,-0.455959,-0.455959,0,0,-0.0122718,-0.0168738,0.751651,0.747049,
124508,0.223961,0.222427,-0.101243,-0.101243,2.06817,2.06971,-0.455959,-0.455959,0,0,-0.0122718,-0.0168738,0.751651,0.747049,
124528,0.223961,0.222427,-0.101243,-0.101243,2.06817,2.06971,-0.455959,-0.455959,0,0,-0.0122718,-0.0168738,0.751651,0.747049,
124548,0.223961,0.222427,-0.101243,-0.101243,2.06817,2.06971,-0.455959,-0.455959,0,0,-0.0122718,-0.0168738,0.751651,0.747049,
124568,0.223961,0.222427,-0.101243,-0.101243,2.06817,2.06971,-0.455959,-0.455959,0,0,-0.0122718,-0.0168738,0.751651,0.747049,
124588,0.223961,0.222427,-0.101243,-0.101243,2.06817,2.06971,-0.455959,-0.455959,0,0,-0.0122718,-0.0168738,0.751651,0.747049,
124608,0.223961,0.222427,-0.101243,-0.101243,2.06817,2.06971,-0.455959,-0.455959,0,0,-0.0122718,-0.0168738,0.751651,0.747049,
124628,0.223961,0.222427,-0.101243,-0.101243,2.06817,2.06971,-0.455959,-0.455959,0,0,-0.0122718,-0.0168738,0.751651,0.747049,
124648,0.223961,0.222427,-0.101243,-0.101243,2.06817,2.06971,-0.455959,-0.455959,0,0,-0.0122718,-0.0168738,0.751651,0.747049,
124668,0.223961,0.222427,-0.101243,-0.101243,2.06817,2.06971,-0.455959,-0.455959,0,0,-0.0122718,-0.0168738,0.751651,0.747049,
124688,0.223961,0.222427,-0.101243,-0.101243,2.06817,2.06971,-0.455959,-0.455959,0,0,-0.0122718,-0.0168738,0.751651,0.747049,
124708,0.223961,0.222427,-0.101243,-0.102777,2.06817,2.06971,-0.455959,-0.455959,0,0.00153398,-0.0122718,-0.0168738,0.751651,0.747049,
124728,0.223961,0.222427,-0.101243,-0.102777,2.06817,2.06971,-0.455959,-0.455959,0,0.00153398,-0.0122718,-0.0168738,0.751651,0.747049,
124748,0.223961,0.222427,-0.101243,-0.102777,2.06817,2.06971,-0.455959,-0.455959,0,0.00153398,-0.0122718,-0.0168738,0.751651,0.747049,
124768,0.223961,0.222427,-0.101243,-0.102777,2.06817,2.06971,-0.455959,-0.455959,0,0.00153398,-0.0122718,-0.0168738,0.751651,0.747049,
124788,0.223961,0.222427,-0.101243,-0.102777,2.06817,2.06971,-0.455959,-0.455959,0,0.00153398,-0.0122718,-0.0168738,0.751651,0.747049,
124808,0.223961,0.222427,-0.101243,-0.101243,2.06817,2.06971,-0.455959,-0.455959,0,0,-0.0122718,-0.0168738,0.751651,0.747049,
124828,0.223961,0.222427,-0.101243,-0.101243,2.06817,2.06971,-0.455959,-0.455959,0,0,-0.0122718,-0.0168738,0.751651,0.747049,
124848,0.223961,0.222427,-0.101243,-0.101243,2.06817,2.06971,-0.455959,-0.455959,0,0,-0.0122718,-0.0168738,0.751651,0.747049,
124868,0.223961,0.222427,-0.101243,-0.101243,2.06817,2.06971,-0.455959,-0.455959,0,0,-0.0122718,-0.0168738,0.751651,0.747049,
124888,0.223961,0.222427,-0.101243,-0.101243,2.06817,2.06971,-0.455959,-0.455959,0,0,-0.0122718,-0.0168738,0.751651,0.747049,
124908,0.223961,0.222427,-0.101243,-0.101243,2.06817,2.06971,-0.455959,-0.455959,0,0.00153398,-0.0122718,-0.0168738,0.751651,0.747049,
124928,0.223961,0.222427,-0.101243,-0.101243,2.06817,2.06971,-0.455959,-0.455959,0,0.00153398,-0.0122718,-0.0168738,0.751651,0.747049,
124948,0.223961,0.222427,-0.101243,-0.101243,2.06817,2.06971,-0.455959,-0.455959,0,0.00153398,-0.0122718,-0.0168738,0.751651,0.747049,
124968,0.223961,0.222427,-0.101243,-0.101243,2.06817,2.06971,-0.455959,-0.455959,0,0.00153398,-0.0122718,-0.0168738,0.751651,0.747049,
124988,0.223961,0.222427,-0.101243,-0.101243,2.06817,2.06971,-0.455959,-0.454425,0,0,-0.0122718,-0.0168738,0.751651,0.747049,
125008,0.223961,0.222427,-0.101243,-0.101243,2.06817,2.06971,-0.455959,-0.454425,0,0,-0.0122718,-0.0168738,0.751651,0.747049,
125028,0.223961,0.222427,-0.101243,-0.101243,2.06817,2.06971,-0.455959,-0.454425,0,0,-0.0122718,-0.0168738,0.751651,0.747049,
125048,0.223961,0.222427,-0.101243,-0.101243,2.06817,2.06971,-0.455959,-0.454425,0,0,-0.0122718,-0.0168738,0.751651,0.747049,
125068,0.223961,0.222427,-0.101243,-0.101243,2.06817,2.06971,-0.455959,-0.454425,0,0,-0.0122718,-0.0168738,0.751651,0.747049,
125088,0.223961,0.222427,-0.101243,-0.101243,2.06817,2.06971,-0.455959,-0.454425,0,0,-0.0122718,-0.0168738,0.751651,0.747049,
125108,0.223961,0.222427,-0.101243,-0.101243,2.06817,2.06971,-0.455959,-0.454425,0,0,-0.0122718,-0.0168738,0.751651,0.747049,
125129,0.223961,0.222427,-0.101243,-0.101243,2.06817,2.06971,-0.455959,-0.455959,0,0,-0.0122718,-0.0168738,0.751651,0.747049,
125148,0.223961,0.222427,-0.101243,-0.101243,2.06817,2.06971,-0.455959,-0.455959,0,0,-0.0122718,-0.0168738,0.751651,0.747049,
125168,0.223961,0.222427,-0.101243,-0.101243,2.06817,2.06971,-0.455959,-0.455959,0,0,-0.0122718,-0.0168738,0.751651,0.747049,
125188,0.223961,0.222427,-0.101243,-0.101243,2.06817,2.06971,-0.455959,-0.455959,0,0,-0.0122718,-0.0168738,0.751651,0.747049,
125208,0.223961,0.222427,-0.101243,-0.101243,2.06817,2.06971,-0.455959,-0.455959,0,0,-0.0122718,-0.0168738,0.751651,0.745515,
125228,0.223961,0.222427,-0.101243,-0.101243,2.06817,2.06971,-0.455959,-0.455959,0,0,-0.0122718,-0.0168738,0.751651,0.745515,
125248,0.223961,0.222427,-0.101243,-0.101243,2.06817,2.06971,-0.455959,-0.455959,0,0,-0.0122718,-0.0168738,0.751651,0.745515,
125268,0.223961,0.222427,-0.101243,-0.101243,2.06817,2.06971,-0.455959,-0.455959,0,0,-0.0122718,-0.0168738,0.751651,0.745515,
125288,0.223961,0.222427,-0.101243,-0.101243,2.06817,2.06971,-0.455959,-0.455959,0,0,-0.0122718,-0.0168738,0.751651,0.745515,
125308,0.223961,0.222427,-0.101243,-0.101243,2.06817,2.06971,-0.455959,-0.455959,0,0,-0.0122718,-0.0168738,0.751651,0.747049,
125328,0.223961,0.222427,-0.101243,-0.101243,2.06817,2.06971,-0.455959,-0.455959,0,0,-0.0122718,-0.0168738,0.751651,0.747049,
125348,0.223961,0.222427,-0.101243,-0.101243,2.06817,2.06971,-0.455959,-0.455959,0,0,-0.0122718,-0.0168738,0.751651,0.747049,
125368,0.223961,0.222427,-0.101243,-0.101243,2.06817,2.06971,-0.455959,-0.455959,0,0,-0.0122718,-0.0168738,0.751651,0.747049,
125388,0.223961,0.222427,-0.101243,-0.101243,2.06817,2.06971,-0.455959,-0.455959,0,0,-0.0122718,-0.0168738,0.751651,0.745515,
125408,0.223961,0.222427,-0.101243,-0.101243,2.06817,2.06971,-0.455959,-0.455959,0,0,-0.0122718,-0.0168738,0.751651,0.745515,
125428,0.223961,0.222427,-0.101243,-0.101243,2.06817,2.06971,-0.455959,-0.455959,0,0,-0.0122718,-0.0168738,0.751651,0.745515,
125448,0.223961,0.222427,-0.101243,-0.101243,2.06817,2.06971,-0.455959,-0.455959,0,0,-0.0122718,-0.0168738,0.751651,0.745515,
125468,0.223961,0.222427,-0.101243,-0.101243,2.06817,2.06971,-0.455959,-0.455959,0,0,-0.0122718,-0.0168738,0.751651,0.745515,
125488,0.223961,0.222427,-0.101243,-0.101243,2.06817,2.06971,-0.455959,-0.455959,0,0,-0.0122718,-0.0168738,0.751651,0.745515,
125508,0.223961,0.222427,-0.101243,-0.101243,2.06817,2.06971,-0.455959,-0.455959,0,0,-0.0122718,-0.0168738,0.751651,0.747049,
125528,0.223961,0.222427,-0.101243,-0.101243,2.06817,2.06971,-0.455959,-0.455959,0,0,-0.0122718,-0.0168738,0.751651,0.747049,
125548,0.223961,0.222427,-0.101243,-0.101243,2.06817,2.06971,-0.455959,-0.455959,0,0,-0.0122718,-0.0168738,0.751651,0.747049,
125568,0.223961,0.222427,-0.101243,-0.101243,2.06817,2.06971,-0.455959,-0.455959,0,0,-0.0122718,-0.0168738,0.751651,0.747049,
125588,0.223961,0.222427,-0.101243,-0.101243,2.06817,2.06971,-0.455959,-0.455959,0,0,-0.0122718,-0.0168738,0.751651,0.747049,
125608,0.223961,0.222427,-0.101243,-0.101243,2.06817,2.06971,-0.455959,-0.455959,0,0,-0.0122718,-0.0168738,0.751651,0.747049,
125630,0.223961,0.222427,-0.101243,-0.101243,2.06817,2.06971,-0.455959,-0.455959,0,0,-0.0122718,-0.0168738,0.751651,0.747049,
125648,0.223961,0.222427,-0.101243,-0.101243,2.06817,2.06971,-0.455959,-0.455959,0,0,-0.0122718,-0.0168738,0.751651,0.747049,
125668,0.223961,0.222427,-0.101243,-0.101243,2.06817,2.06971,-0.455959,-0.455959,0,0,-0.0122718,-0.0168738,0.751651,0.747049,
125688,0.223961,0.222427,-0.101243,-0.101243,2.06817,2.06971,-0.455959,-0.455959,0,0,-0.0122718,-0.0168738,0.751651,0.747049,
125708,0.223961,0.222427,-0.101243,-0.101243,2.06817,2.06971,-0.455959,-0.455959,0,0,-0.0122718,-0.0168738,0.751651,0.747049,
125728,0.223961,0.222427,-0.101243,-0.101243,2.06817,2.06971,-0.455959,-0.455959,0,0,-0.0122718,-0.0168738,0.751651,0.747049,
125748,0.223961,0.222427,-0.101243,-0.101243,2.06817,2.06971,-0.455959,-0.455959,0,0,-0.0122718,-0.0168738,0.751651,0.747049,
125768,0.223961,0.222427,-0.101243,-0.101243,2.06817,2.06971,-0.455959,-0.455959,0,0,-0.0122718,-0.0168738,0.751651,0.747049,
125788,0.223961,0.222427,-0.101243,-0.101243,2.06817,2.06971,-0.455959,-0.455959,0,0,-0.0122718,-0.0168738,0.751651,0.747049,
125808,0.223961,0.222427,-0.101243,-0.101243,2.06817,2.06971,-0.455959,-0.455959,0,0,-0.0122718,-0.0168738,0.751651,0.747049,
125828,0.223961,0.222427,-0.101243,-0.101243,2.06817,2.06971,-0.455959,-0.455959,0,0,-0.0122718,-0.0168738,0.751651,0.747049,
125848,0.223961,0.222427,-0.101243,-0.101243,2.06817,2.06971,-0.455959,-0.455959,0,0,-0.0122718,-0.0168738,0.751651,0.747049,
125868,0.223961,0.222427,-0.101243,-0.101243,2.06817,2.06971,-0.455959,-0.455959,0,0,-0.0122718,-0.0168738,0.751651,0.747049,
125888,0.223961,0.222427,-0.101243,-0.101243,2.06817,2.06971,-0.455959,-0.455959,0,0,-0.0122718,-0.0168738,0.751651,0.747049,
125908,0.223961,0.222427,-0.101243,-0.101243,2.06817,2.06971,-0.455959,-0.455959,0,0,-0.0122718,-0.0168738,0.751651,0.747049,
125928,0.223961,0.222427,-0.101243,-0.101243,2.06817,2.06971,-0.455959,-0.455959,0,0,-0.0122718,-0.0168738,0.751651,0.747049,
125948,0.223961,0.222427,-0.101243,-0.101243,2.06817,2.06971,-0.455959,-0.455959,0,0,-0.0122718,-0.0168738,0.751651,0.747049,
125968,0.223961,0.222427,-0.101243,-0.101243,2.06817,2.06971,-0.455959,-0.455959,0,0,-0.0122718,-0.0168738,0.751651,0.747049,
125988,0.223961,0.222427,-0.101243,-0.101243,2.06817,2.06971,-0.455959,-0.455959,0,0,-0.0122718,-0.0168738,0.751651,0.747049,
126008,0.223961,0.222427,-0.101243,-0.101243,2.06817,2.06971,-0.455959,-0.454425,0,0,-0.0122718,-0.0168738,0.751651,0.747049,
126028,0.223961,0.222427,-0.101243,-0.101243,2.06817,2.06971,-0.455959,-0.454425,0,0,-0.0122718,-0.0168738,0.751651,0.747049,
126048,0.223961,0.222427,-0.101243,-0.101243,2.06817,2.06971,-0.455959,-0.454425,0,0,-0.0122718,-0.0168738,0.751651,0.747049,
126068,0.223961,0.222427,-0.101243,-0.101243,2.06817,2.06971,-0.455959,-0.454425,0,0,-0.0122718,-0.0168738,0.751651,0.747049,
126088,0.223961,0.222427,-0.101243,-0.101243,2.06817,2.06971,-0.455959,-0.455959,0,0,-0.0122718,-0.0168738,0.751651,0.747049,
126108,0.223961,0.222427,-0.101243,-0.101243,2.06817,2.06971,-0.455959,-0.455959,0,0,-0.0122718,-0.0168738,0.751651,0.747049,
126128,0.223961,0.222427,-0.101243,-0.101243,2.06817,2.06971,-0.455959,-0.455959,0,0,-0.0122718,-0.0168738,0.751651,0.747049,
126148,0.223961,0.222427,-0.101243,-0.101243,2.06817,2.06971,-0.455959,-0.455959,0,0,-0.0122718,-0.0168738,0.751651,0.747049,
126168,0.223961,0.222427,-0.101243,-0.101243,2.06817,2.06971,-0.455959,-0.455959,0,0,-0.0122718,-0.0168738,0.751651,0.747049,
126188,0.223961,0.222427,-0.101243,-0.101243,2.06817,2.06971,-0.455959,-0.455959,0,0,-0.0122718,-0.0168738,0.751651,0.747049,
126208,0.223961,0.222427,-0.101243,-0.101243,2.06817,2.06971,-0.455959,-0.455959,0,0,-0.0122718,-0.0168738,0.751651,0.747049,
126228,0.223961,0.222427,-0.101243,-0.101243,2.06817,2.06971,-0.455959,-0.455959,0,0,-0.0122718,-0.0168738,0.751651,0.747049,
126248,0.223961,0.222427,-0.101243,-0.101243,2.06817,2.06971,-0.455959,-0.455959,0,0,-0.0122718,-0.0168738,0.751651,0.747049,
126268,0.223961,0.222427,-0.101243,-0.101243,2.06817,2.06971,-0.455959,-0.455959,0,0,-0.0122718,-0.0168738,0.751651,0.747049,
126288,0.223961,0.222427,-0.101243,-0.101243,2.06817,2.06971,-0.455959,-0.455959,0,0,-0.0122718,-0.0168738,0.751651,0.747049,
126308,0.223961,0.222427,-0.101243,-0.101243,2.06817,2.06971,-0.455959,-0.455959,0,0,-0.0122718,-0.0168738,0.751651,0.747049,
126328,0.223961,0.222427,-0.101243,-0.101243,2.06817,2.06971,-0.455959,-0.455959,0,0,-0.0122718,-0.0168738,0.751651,0.747049,
126348,0.223961,0.222427,-0.101243,-0.101243,2.06817,2.06971,-0.455959,-0.455959,0,0,-0.0122718,-0.0168738,0.751651,0.747049,
126368,0.223961,0.222427,-0.101243,-0.101243,2.06817,2.06971,-0.455959,-0.455959,0,0,-0.0122718,-0.0168738,0.751651,0.747049,
126388,0.223961,0.222427,-0.101243,-0.101243,2.06817,2.06971,-0.455959,-0.455959,0,0,-0.0122718,-0.0168738,0.751651,0.747049,
126408,0.223961,0.222427,-0.101243,-0.101243,2.06817,2.06971,-0.455959,-0.455959,0,0,-0.0122718,-0.0168738,0.751651,0.747049,
126428,0.223961,0.222427,-0.101243,-0.101243,2.06817,2.06971,-0.455959,-0.455959,0,0,-0.0122718,-0.0168738,0.751651,0.747049,
126449,0.223961,0.222427,-0.101243,-0.101243,2.06817,2.06971,-0.455959,-0.455959,0,0,-0.0122718,-0.0168738,0.751651,0.747049,
126468,0.223961,0.222427,-0.101243,-0.101243,2.06817,2.06971,-0.455959,-0.455959,0,0,-0.0122718,-0.0168738,0.751651,0.747049,
126488,0.223961,0.222427,-0.101243,-0.101243,2.06817,2.06971,-0.455959,-0.455959,0,0,-0.0122718,-0.0168738,0.751651,0.747049,
126508,0.223961,0.222427,-0.101243,-0.101243,2.06817,2.06971,-0.455959,-0.455959,0,0,-0.0122718,-0.0168738,0.751651,0.747049,
126528,0.223961,0.222427,-0.101243,-0.101243,2.06817,2.06971,-0.455959,-0.455959,0,0,-0.0122718,-0.0168738,0.751651,0.747049,
126548,0.223961,0.222427,-0.101243,-0.101243,2.06817,2.06971,-0.455959,-0.455959,0,0,-0.0122718,-0.0168738,0.751651,0.747049,
126568,0.223961,0.222427,-0.101243,-0.101243,2.06817,2.06971,-0.455959,-0.455959,0,0,-0.0122718,-0.0168738,0.751651,0.747049,
126588,0.223961,0.222427,-0.101243,-0.101243,2.06817,2.06971,-0.455959,-0.455959,0,0,-0.0122718,-0.0168738,0.751651,0.747049,
126608,0.223961,0.222427,-0.101243,-0.101243,2.06817,2.06971,-0.455959,-0.455959,0,0,-0.0122718,-0.0168738,0.751651,0.747049,
126628,0.223961,0.222427,-0.101243,-0.101243,2.06817,2.06971,-0.455959,-0.455959,0,0,-0.0122718,-0.0168738,0.751651,0.747049,
126648,0.223961,0.222427,-0.101243,-0.101243,2.06817,2.06971,-0.455959,-0.455959,0,0,-0.0122718,-0.0168738,0.751651,0.747049,
126668,0.223961,0.222427,-0.101243,-0.101243,2.06817,2.06971,-0.455959,-0.455959,0,0,-0.0122718,-0.0168738,0.751651,0.747049,
126688,0.223961,0.222427,-0.101243,-0.101243,2.06817,2.06971,-0.455959,-0.455959,0,0,-0.0122718,-0.0168738,0.751651,0.747049,
126708,0.223961,0.222427,-0.101243,-0.101243,2.06817,2.06971,-0.455959,-0.455959,0,0,-0.0122718,-0.0168738,0.751651,0.747049,
126728,0.223961,0.222427,-0.101243,-0.101243,2.06817,2.06971,-0.455959,-0.455959,0,0,-0.0122718,-0.0168738,0.751651,0.747049,
126748,0.223961,0.222427,-0.101243,-0.101243,2.06817,2.06971,-0.455959,-0.455959,0,0,-0.0122718,-0.0168738,0.751651,0.747049,
126768,0.223961,0.222427,-0.101243,-0.101243,2.06817,2.06971,-0.455959,-0.455959,0,0,-0.0122718,-0.0168738,0.751651,0.747049,
126788,0.223961,0.222427,-0.101243,-0.101243,2.06817,2.06971,-0.455959,-0.455959,0,0,-0.0122718,-0.0168738,0.751651,0.747049,
126808,0.223961,0.222427,-0.101243,-0.101243,2.06817,2.06664,-0.455959,-0.455959,0,0,-0.0122718,-0.0168738,0.751651,0.747049,
126828,0.223961,0.222427,-0.101243,-0.101243,2.06817,2.06664,-0.455959,-0.455959,0,0,-0.0122718,-0.0168738,0.751651,0.747049,
126848,0.223961,0.222427,-0.101243,-0.101243,2.06817,2.06664,-0.455959,-0.455959,0,0,-0.0122718,-0.0168738,0.751651,0.747049,
126868,0.223961,0.222427,-0.101243,-0.101243,2.06817,2.06664,-0.455959,-0.455959,0,0,-0.0122718,-0.0168738,0.751651,0.747049,
126888,0.223961,0.222427,-0.101243,-0.101243,2.06817,2.06664,-0.455959,-0.455959,0,0,-0.0122718,-0.0168738,0.751651,0.747049,
126908,0.223961,0.222427,-0.101243,-0.101243,2.06817,2.06664,-0.455959,-0.455959,0,0,-0.0122718,-0.0168738,0.751651,0.747049,
126928,0.223961,0.222427,-0.101243,-0.101243,2.06817,2.06664,-0.455959,-0.455959,0,0,-0.0122718,-0.0168738,0.751651,0.747049,
126948,0.223961,0.222427,-0.101243,-0.101243,2.06817,2.06664,-0.455959,-0.455959,0,0,-0.0122718,-0.0168738,0.751651,0.747049,
126968,0.223961,0.222427,-0.101243,-0.101243,2.06817,2.06664,-0.455959,-0.455959,0,0,-0.0122718,-0.0168738,0.751651,0.747049,
126988,0.223961,0.222427,-0.101243,-0.101243,2.06817,2.06664,-0.455959,-0.455959,0,0,-0.0122718,-0.0168738,0.751651,0.747049,
127008,0.223961,0.222427,-0.101243,-0.101243,2.06817,2.06664,-0.455959,-0.455959,0,0,-0.0122718,-0.0168738,0.751651,0.747049,
127028,0.223961,0.222427,-0.101243,-0.101243,2.06817,2.06664,-0.455959,-0.455959,0,0,-0.0122718,-0.0168738,0.751651,0.747049,
127048,0.223961,0.222427,-0.101243,-0.101243,2.06817,2.06664,-0.455959,-0.455959,0,0,-0.0122718,-0.0168738,0.751651,0.747049,
127068,0.223961,0.222427,-0.101243,-0.101243,2.06817,2.06664,-0.455959,-0.455959,0,0,-0.0122718,-0.0168738,0.751651,0.747049,
127089,0.223961,0.222427,-0.101243,-0.101243,2.06817,2.06664,-0.455959,-0.455959,0,0,-0.0122718,-0.0168738,0.751651,0.747049,
127109,0.223961,0.222427,-0.101243,-0.101243,2.06817,2.06664,-0.455959,-0.454425,0,0,-0.0122718,-0.0168738,0.751651,0.747049,
127128,0.223961,0.222427,-0.101243,-0.101243,2.06817,2.06664,-0.455959,-0.454425,0,0,-0.0122718,-0.0168738,0.751651,0.747049,
127148,0.223961,0.222427,-0.101243,-0.101243,2.06817,2.06664,-0.455959,-0.454425,0,0,-0.0122718,-0.0168738,0.751651,0.747049,
127168,0.223961,0.222427,-0.101243,-0.101243,2.06817,2.06664,-0.455959,-0.454425,0,0,-0.0122718,-0.0168738,0.751651,0.747049,
127188,0.223961,0.222427,-0.101243,-0.101243,2.06817,2.06664,-0.455959,-0.454425,0,0,-0.0122718,-0.0168738,0.751651,0.747049,
127208,0.223961,0.222427,-0.101243,-0.101243,2.06817,2.06664,-0.455959,-0.455959,0,0,-0.0122718,-0.0168738,0.751651,0.747049,
127228,0.223961,0.222427,-0.101243,-0.101243,2.06817,2.06664,-0.455959,-0.455959,0,0,-0.0122718,-0.0168738,0.751651,0.747049,
127248,0.223961,0.222427,-0.101243,-0.101243,2.06817,2.06664,-0.455959,-0.455959,0,0,-0.0122718,-0.0168738,0.751651,0.747049,
127268,0.223961,0.222427,-0.101243,-0.101243,2.06817,2.06664,-0.455959,-0.455959,0,0,-0.0122718,-0.0168738,0.751651,0.747049,
127288,0.223961,0.222427,-0.101243,-0.101243,2.06817,2.06664,-0.455959,-0.455959,0,0,-0.0122718,-0.0168738,0.751651,0.747049,
127309,0.223961,0.222427,-0.101243,-0.101243,2.06817,2.06664,-0.455959,-0.455959,0,0,-0.0122718,-0.0168738,0.751651,0.747049,
127329,0.223961,0.222427,-0.101243,-0.101243,2.06817,2.06664,-0.455959,-0.455959,0,0,-0.0122718,-0.0168738,0.751651,0.747049,
127349,0.223961,0.222427,-0.101243,-0.101243,2.06817,2.06664,-0.455959,-0.455959,0,0,-0.0122718,-0.0168738,0.751651,0.747049,
127369,0.223961,0.222427,-0.101243,-0.101243,2.06817,2.06664,-0.455959,-0.455959,0,0,-0.0122718,-0.0168738,0.751651,0.747049,
127388,0.223961,0.222427,-0.101243,-0.101243,2.06817,2.06664,-0.455959,-0.455959,0,0,-0.0122718,-0.0168738,0.751651,0.745515,
127408,0.223961,0.222427,-0.101243,-0.101243,2.06817,2.06664,-0.455959,-0.455959,0,0,-0.0122718,-0.0168738,0.751651,0.745515,
127428,0.223961,0.222427,-0.101243,-0.101243,2.06817,2.06664,-0.455959,-0.455959,0,0,-0.0122718,-0.0168738,0.751651,0.745515,
127448,0.223961,0.222427,-0.101243,-0.101243,2.06817,2.06664,-0.455959,-0.455959,0,0,-0.0122718,-0.0168738,0.751651,0.745515,
127468,0.223961,0.222427,-0.101243,-0.101243,2.06817,2.06664,-0.455959,-0.455959,0,0,-0.0122718,-0.0168738,0.751651,0.745515,
127488,0.223961,0.222427,-0.101243,-0.101243,2.06817,2.06664,-0.455959,-0.455959,0,0,-0.0122718,-0.0168738,0.751651,0.745515,
127508,0.223961,0.222427,-0.101243,-0.101243,2.06817,2.06664,-0.455959,-0.454425,0,0,-0.0122718,-0.0168738,0.751651,0.747049,
127528,0.223961,0.222427,-0.101243,-0.101243,2.06817,2.06664,-0.455959,-0.454425,0,0,-0.0122718,-0.0168738,0.751651,0.747049,
127549,0.223961,0.222427,-0.101243,-0.101243,2.06817,2.06664,-0.455959,-0.454425,0,0,-0.0122718,-0.0168738,0.751651,0.747049,
127568,0.223961,0.222427,-0.101243,-0.101243,2.06817,2.06664,-0.455959,-0.454425,0,0,-0.0122718,-0.0168738,0.751651,0.747049,
127588,0.223961,0.222427,-0.101243,-0.101243,2.06817,2.06664,-0.455959,-0.454425,0,0,-0.0122718,-0.0168738,0.751651,0.747049,
127609,0.223961,0.222427,-0.101243,-0.101243,2.06817,2.06664,-0.455959,-0.455959,0,0,-0.0122718,-0.0168738,0.751651,0.747049,
127629,0.223961,0.222427,-0.101243,-0.101243,2.06817,2.06664,-0.455959,-0.455959,0,0,-0.0122718,-0.0168738,0.751651,0.747049,
127648,0.223961,0.222427,-0.101243,-0.101243,2.06817,2.06664,-0.455959,-0.455959,0,0,-0.0122718,-0.0168738,0.751651,0.747049,
127669,0.223961,0.222427,-0.101243,-0.101243,2.06817,2.06664,-0.455959,-0.455959,0,0,-0.0122718,-0.0168738,0.751651,0.747049,
127688,0.223961,0.222427,-0.101243,-0.101243,2.06817,2.06664,-0.455959,-0.455959,0,0,-0.0122718,-0.0168738,0.751651,0.747049,
127708,0.223961,0.222427,-0.101243,-0.101243,2.06817,2.06664,-0.455959,-0.455959,0,0,-0.0122718,-0.0168738,0.751651,0.747049,
127728,0.223961,0.222427,-0.101243,-0.101243,2.06817,2.06664,-0.455959,-0.455959,0,0,-0.0122718,-0.0168738,0.751651,0.747049,
127749,0.223961,0.222427,-0.101243,-0.101243,2.06817,2.06664,-0.455959,-0.455959,0,0,-0.0122718,-0.0168738,0.751651,0.747049,
127768,0.223961,0.222427,-0.101243,-0.101243,2.06817,2.06664,-0.455959,-0.455959,0,0,-0.0122718,-0.0168738,0.751651,0.747049,
127788,0.223961,0.222427,-0.101243,-0.101243,2.06817,2.06817,-0.455959,-0.455959,0,0,-0.0122718,-0.0168738,0.751651,0.747049,
127808,0.223961,0.222427,-0.101243,-0.101243,2.06817,2.06817,-0.455959,-0.455959,0,0,-0.0122718,-0.0168738,0.751651,0.747049,
127828,0.223961,0.222427,-0.101243,-0.101243,2.06817,2.06817,-0.455959,-0.455959,0,0,-0.0122718,-0.0168738,0.751651,0.747049,
127848,0.223961,0.222427,-0.101243,-0.101243,2.06817,2.06817,-0.455959,-0.455959,0,0,-0.0122718,-0.0168738,0.751651,0.747049,
127869,0.223961,0.222427,-0.101243,-0.101243,2.06817,2.06817,-0.455959,-0.455959,0,0,-0.0122718,-0.0168738,0.751651,0.747049,
127889,0.223961,0.222427,-0.101243,-0.101243,2.06817,2.06817,-0.455959,-0.455959,0,0,-0.0122718,-0.0168738,0.751651,0.747049,
127908,0.223961,0.222427,-0.101243,-0.101243,2.06817,2.06817,-0.455959,-0.455959,0,0,-0.0122718,-0.0168738,0.751651,0.747049,
127928,0.223961,0.222427,-0.101243,-0.101243,2.06817,2.06817,-0.455959,-0.455959,0,0,-0.0122718,-0.0168738,0.751651,0.747049,
127949,0.223961,0.222427,-0.101243,-0.101243,2.06817,2.06817,-0.455959,-0.455959,0,0,-0.0122718,-0.0168738,0.751651,0.747049,
127968,0.223961,0.222427,-0.101243,-0.101243,2.06817,2.06817,-0.455959,-0.455959,0,0,-0.0122718,-0.0168738,0.751651,0.747049,
127988,0.223961,0.222427,-0.101243,-0.101243,2.06817,2.06817,-0.455959,-0.455959,0,0,-0.0122718,-0.0168738,0.751651,0.747049,
128008,0.223961,0.222427,-0.101243,-0.101243,2.06817,2.06817,-0.455959,-0.455959,0,0,-0.0122718,-0.0168738,0.751651,0.747049,
128028,0.223961,0.222427,-0.101243,-0.101243,2.06817,2.06817,-0.455959,-0.455959,0,0,-0.0122718,-0.0168738,0.751651,0.747049,
128048,0.223961,0.222427,-0.101243,-0.101243,2.06817,2.06817,-0.455959,-0.455959,0,0,-0.0122718,-0.0168738,0.751651,0.747049,
128068,0.223961,0.222427,-0.101243,-0.101243,2.06817,2.06817,-0.455959,-0.455959,0,0,-0.0122718,-0.0168738,0.751651,0.747049,
128088,0.223961,0.222427,-0.101243,-0.101243,2.06817,2.06817,-0.455959,-0.455959,0,0,-0.0122718,-0.0168738,0.751651,0.747049,
128108,0.223961,0.222427,-0.101243,-0.101243,2.06817,2.06664,-0.455959,-0.455959,0,0,-0.0122718,-0.0168738,0.751651,0.747049,
128128,0.223961,0.222427,-0.101243,-0.101243,2.06817,2.06664,-0.455959,-0.455959,0,0,-0.0122718,-0.0168738,0.751651,0.747049,
128148,0.223961,0.222427,-0.101243,-0.101243,2.06817,2.06664,-0.455959,-0.455959,0,0,-0.0122718,-0.0168738,0.751651,0.747049,
128168,0.223961,0.222427,-0.101243,-0.101243,2.06817,2.06664,-0.455959,-0.455959,0,0,-0.0122718,-0.0168738,0.751651,0.747049,
128189,0.223961,0.222427,-0.101243,-0.101243,2.06817,2.06664,-0.455959,-0.455959,0,0,-0.0122718,-0.0168738,0.751651,0.747049,
128209,0.223961,0.222427,-0.101243,-0.101243,2.06817,2.06664,-0.455959,-0.455959,0,0,-0.0122718,-0.0168738,0.751651,0.747049,
128229,0.223961,0.222427,-0.101243,-0.101243,2.06817,2.06664,-0.455959,-0.455959,0,0,-0.0122718,-0.0168738,0.751651,0.747049,
128248,0.223961,0.222427,-0.101243,-0.101243,2.06817,2.06664,-0.455959,-0.455959,0,0,-0.0122718,-0.0168738,0.751651,0.747049,
128268,0.223961,0.222427,-0.101243,-0.101243,2.06817,2.06664,-0.455959,-0.455959,0,0,-0.0122718,-0.0168738,0.751651,0.747049,
128288,0.223961,0.222427,-0.101243,-0.101243,2.06817,2.06664,-0.455959,-0.455959,0,0,-0.0122718,-0.0168738,0.751651,0.747049,
128308,0.223961,0.222427,-0.101243,-0.101243,2.06817,2.06664,-0.455959,-0.455959,0,0,-0.0122718,-0.0168738,0.751651,0.745515,
128328,0.223961,0.222427,-0.101243,-0.101243,2.06817,2.06664,-0.455959,-0.455959,0,0,-0.0122718,-0.0168738,0.751651,0.745515,
128348,0.223961,0.222427,-0.101243,-0.101243,2.06817,2.06664,-0.455959,-0.455959,0,0,-0.0122718,-0.0168738,0.751651,0.745515,
128368,0.223961,0.222427,-0.101243,-0.101243,2.06817,2.06664,-0.455959,-0.455959,0,0,-0.0122718,-0.0168738,0.751651,0.745515,
128388,0.223961,0.222427,-0.101243,-0.101243,2.06817,2.06664,-0.455959,-0.455959,0,0,-0.0122718,-0.0168738,0.751651,0.745515,
128408,0.223961,0.222427,-0.101243,-0.101243,2.06817,2.06664,-0.455959,-0.455959,0,0,-0.0122718,-0.0168738,0.751651,0.747049,
128428,0.223961,0.222427,-0.101243,-0.101243,2.06817,2.06664,-0.455959,-0.455959,0,0,-0.0122718,-0.0168738,0.751651,0.747049,
128448,0.223961,0.222427,-0.101243,-0.101243,2.06817,2.06664,-0.455959,-0.455959,0,0,-0.0122718,-0.0168738,0.751651,0.747049,
128468,0.223961,0.222427,-0.101243,-0.101243,2.06817,2.06664,-0.455959,-0.455959,0,0,-0.0122718,-0.0168738,0.751651,0.747049,
128488,0.223961,0.222427,-0.101243,-0.101243,2.06817,2.06664,-0.455959,-0.455959,0,0,-0.0122718,-0.0168738,0.751651,0.747049,
128508,0.223961,0.222427,-0.101243,-0.101243,2.06817,2.06664,-0.455959,-0.455959,0,0,-0.0122718,-0.0168738,0.751651,0.747049,
128528,0.223961,0.222427,-0.101243,-0.101243,2.06817,2.06664,-0.455959,-0.455959,0,0,-0.0122718,-0.0168738,0.751651,0.747049,
128549,0.223961,0.222427,-0.101243,-0.101243,2.06817,2.06664,-0.455959,-0.455959,0,0,-0.0122718,-0.0168738,0.751651,0.747049,
128568,0.223961,0.222427,-0.101243,-0.101243,2.06817,2.06664,-0.455959,-0.455959,0,0,-0.0122718,-0.0168738,0.751651,0.747049,
128589,0.223961,0.222427,-0.101243,-0.101243,2.06817,2.06664,-0.455959,-0.455959,0,0,-0.0122718,-0.0168738,0.751651,0.747049,
128608,0.223961,0.222427,-0.101243,-0.101243,2.06817,2.06664,-0.455959,-0.455959,0,0,-0.0122718,-0.0168738,0.751651,0.747049,
128628,0.223961,0.222427,-0.101243,-0.101243,2.06817,2.06664,-0.455959,-0.455959,0,0,-0.0122718,-0.0168738,0.751651,0.747049,
128649,0.223961,0.222427,-0.101243,-0.101243,2.06817,2.06664,-0.455959,-0.455959,0,0,-0.0122718,-0.0168738,0.751651,0.747049,
128669,0.223961,0.222427,-0.101243,-0.101243,2.06817,2.06664,-0.455959,-0.455959,0,0,-0.0122718,-0.0168738,0.751651,0.747049,
128689,0.223961,0.222427,-0.101243,-0.101243,2.06817,2.06664,-0.455959,-0.455959,0,0,-0.0122718,-0.0168738,0.751651,0.747049,
128708,0.223961,0.222427,-0.101243,-0.101243,2.06817,2.06664,-0.455959,-0.455959,0,0,-0.0122718,-0.0168738,0.751651,0.747049,
128728,0.223961,0.222427,-0.101243,-0.101243,2.06817,2.06664,-0.455959,-0.455959,0,0,-0.0122718,-0.0168738,0.751651,0.747049,
128748,0.223961,0.222427,-0.101243,-0.101243,2.06817,2.06664,-0.455959,-0.455959,0,0,-0.0122718,-0.0168738,0.751651,0.747049,
128769,0.223961,0.222427,-0.101243,-0.101243,2.06817,2.06664,-0.455959,-0.455959,0,0,-0.0122718,-0.0168738,0.751651,0.747049,
128788,0.223961,0.222427,-0.101243,-0.101243,2.06817,2.06664,-0.455959,-0.455959,0,0,-0.0122718,-0.0168738,0.751651,0.747049,
128809,0.223961,0.222427,-0.101243,-0.101243,2.06817,2.06664,-0.455959,-0.455959,0,0,-0.0122718,-0.0168738,0.751651,0.747049,
128829,0.223961,0.222427,-0.101243,-0.101243,2.06817,2.06664,-0.455959,-0.455959,0,0,-0.0122718,-0.0168738,0.751651,0.747049,
128849,0.223961,0.222427,-0.101243,-0.101243,2.06817,2.06664,-0.455959,-0.455959,0,0,-0.0122718,-0.0168738,0.751651,0.747049,
128869,0.223961,0.222427,-0.101243,-0.101243,2.06817,2.06664,-0.455959,-0.455959,0,0,-0.0122718,-0.0168738,0.751651,0.747049,
128888,0.223961,0.222427,-0.101243,-0.101243,2.06817,2.06664,-0.455959,-0.455959,0,0,-0.0122718,-0.0168738,0.751651,0.747049,
128908,0.223961,0.222427,-0.101243,-0.101243,2.06817,2.06664,-0.455959,-0.455959,0,0,-0.0122718,-0.0168738,0.751651,0.747049,
128928,0.223961,0.222427,-0.101243,-0.101243,2.06817,2.06664,-0.455959,-0.455959,0,0,-0.0122718,-0.0168738,0.751651,0.747049,
128949,0.223961,0.222427,-0.101243,-0.101243,2.06817,2.06664,-0.455959,-0.455959,0,0,-0.0122718,-0.0168738,0.751651,0.747049,
128969,0.223961,0.222427,-0.101243,-0.101243,2.06817,2.06664,-0.455959,-0.455959,0,0,-0.0122718,-0.0168738,0.751651,0.747049,
128988,0.223961,0.222427,-0.101243,-0.101243,2.06817,2.06664,-0.455959,-0.455959,0,0,-0.0122718,-0.0168738,0.751651,0.747049,
129009,0.223961,0.222427,-0.101243,-0.101243,2.06817,2.06664,-0.455959,-0.455959,0,0,-0.0122718,-0.0168738,0.751651,0.747049,
129028,0.223961,0.222427,-0.101243,-0.101243,2.06817,2.06664,-0.455959,-0.455959,0,0,-0.0122718,-0.0168738,0.751651,0.747049,
129048,0.223961,0.222427,-0.101243,-0.101243,2.06817,2.06664,-0.455959,-0.455959,0,0,-0.0122718,-0.0168738,0.751651,0.747049,
129068,0.223961,0.222427,-0.101243,-0.101243,2.06817,2.06664,-0.455959,-0.455959,0,0,-0.0122718,-0.0168738,0.751651,0.747049,
129088,0.223961,0.222427,-0.101243,-0.101243,2.06817,2.06664,-0.455959,-0.455959,0,0,-0.0122718,-0.0168738,0.751651,0.747049,
129109,0.223961,0.222427,-0.101243,-0.101243,2.06817,2.06664,-0.455959,-0.455959,0,0,-0.0122718,-0.0168738,0.751651,0.747049,
129128,0.223961,0.222427,-0.101243,-0.101243,2.06817,2.06664,-0.455959,-0.455959,0,0,-0.0122718,-0.0168738,0.751651,0.747049,
129148,0.223961,0.222427,-0.101243,-0.101243,2.06817,2.06664,-0.455959,-0.455959,0,0,-0.0122718,-0.0168738,0.751651,0.747049,
129168,0.223961,0.222427,-0.101243,-0.101243,2.06817,2.06664,-0.455959,-0.455959,0,0,-0.0122718,-0.0168738,0.751651,0.747049,
129188,0.223961,0.222427,-0.101243,-0.101243,2.06817,2.06664,-0.455959,-0.455959,0,0,-0.0122718,-0.0168738,0.751651,0.747049,
129208,0.223961,0.222427,-0.101243,-0.101243,2.06817,2.06664,-0.455959,-0.455959,0,0,-0.0122718,-0.0168738,0.751651,0.747049,
129229,0.223961,0.222427,-0.101243,-0.101243,2.06817,2.06664,-0.455959,-0.455959,0,0,-0.0122718,-0.0168738,0.751651,0.747049,
129248,0.223961,0.222427,-0.101243,-0.101243,2.06817,2.06664,-0.455959,-0.455959,0,0,-0.0122718,-0.0168738,0.751651,0.747049,
129268,0.223961,0.222427,-0.101243,-0.101243,2.06817,2.06664,-0.455959,-0.455959,0,0,-0.0122718,-0.0168738,0.751651,0.747049,
129288,0.223961,0.222427,-0.101243,-0.101243,2.06817,2.06664,-0.455959,-0.455959,0,0,-0.0122718,-0.0168738,0.751651,0.747049,
129308,0.223961,0.222427,-0.101243,-0.101243,2.06817,2.06664,-0.455959,-0.455959,0,0,-0.0122718,-0.0168738,0.751651,0.747049,
129328,0.223961,0.222427,-0.101243,-0.101243,2.06817,2.06664,-0.455959,-0.455959,0,0,-0.0122718,-0.0168738,0.751651,0.747049,
129348,0.223961,0.222427,-0.101243,-0.101243,2.06817,2.06664,-0.455959,-0.455959,0,0,-0.0122718,-0.0168738,0.751651,0.747049,
129368,0.223961,0.222427,-0.101243,-0.101243,2.06817,2.06664,-0.455959,-0.455959,0,0,-0.0122718,-0.0168738,0.751651,0.747049,
129388,0.223961,0.222427,-0.101243,-0.101243,2.06817,2.06664,-0.455959,-0.455959,0,0,-0.0122718,-0.0168738,0.751651,0.747049,
129408,0.223961,0.222427,-0.101243,-0.101243,2.06817,2.06664,-0.455959,-0.455959,0,0,-0.0122718,-0.0168738,0.751651,0.747049,
129429,0.223961,0.222427,-0.101243,-0.101243,2.06817,2.06664,-0.455959,-0.455959,0,0,-0.0122718,-0.0168738,0.751651,0.747049,
129449,0.223961,0.222427,-0.101243,-0.101243,2.06817,2.06664,-0.455959,-0.455959,0,0,-0.0122718,-0.0168738,0.751651,0.747049,
129468,0.223961,0.222427,-0.101243,-0.101243,2.06817,2.06664,-0.455959,-0.455959,0,0,-0.0122718,-0.0168738,0.751651,0.747049,
129488,0.223961,0.222427,-0.101243,-0.101243,2.06817,2.06664,-0.455959,-0.455959,0,0,-0.0122718,-0.0168738,0.751651,0.747049,
129508,0.223961,0.222427,-0.101243,-0.101243,2.06817,2.06664,-0.455959,-0.455959,0,0,-0.0122718,-0.0168738,0.751651,0.747049,
129528,0.223961,0.222427,-0.101243,-0.101243,2.06817,2.06664,-0.455959,-0.455959,0,0,-0.0122718,-0.0168738,0.751651,0.747049,
129548,0.223961,0.222427,-0.101243,-0.101243,2.06817,2.06664,-0.455959,-0.455959,0,0,-0.0122718,-0.0168738,0.751651,0.747049,
129568,0.223961,0.222427,-0.101243,-0.101243,2.06817,2.06664,-0.455959,-0.455959,0,0,-0.0122718,-0.0168738,0.751651,0.747049,
129588,0.223961,0.222427,-0.101243,-0.101243,2.06817,2.06664,-0.455959,-0.455959,0,0,-0.0122718,-0.0168738,0.751651,0.747049,
129608,0.223961,0.222427,-0.101243,-0.101243,2.06817,2.06664,-0.455959,-0.455959,0,0,-0.0122718,-0.0168738,0.751651,0.747049,
129628,0.223961,0.222427,-0.101243,-0.101243,2.06817,2.06664,-0.455959,-0.455959,0,0,-0.0122718,-0.0168738,0.751651,0.747049,
129648,0.223961,0.222427,-0.101243,-0.101243,2.06817,2.06664,-0.455959,-0.455959,0,0,-0.0122718,-0.0168738,0.751651,0.747049,
129668,0.223961,0.222427,-0.101243,-0.101243,2.06817,2.06664,-0.455959,-0.455959,0,0,-0.0122718,-0.0168738,0.751651,0.747049,
129688,0.223961,0.222427,-0.101243,-0.101243,2.06817,2.06664,-0.455959,-0.455959,0,0,-0.0122718,-0.0168738,0.751651,0.747049,
129708,0.223961,0.222427,-0.101243,-0.101243,2.06817,2.06664,-0.455959,-0.455959,0,0,-0.0122718,-0.0168738,0.751651,0.747049,
129728,0.223961,0.222427,-0.101243,-0.101243,2.06817,2.06664,-0.455959,-0.455959,0,0,-0.0122718,-0.0168738,0.751651,0.747049,
129748,0.223961,0.222427,-0.101243,-0.101243,2.06817,2.06664,-0.455959,-0.455959,0,0,-0.0122718,-0.0168738,0.751651,0.747049,
129768,0.223961,0.222427,-0.101243,-0.101243,2.06817,2.06664,-0.455959,-0.455959,0,0,-0.0122718,-0.0168738,0.751651,0.747049,
129788,0.223961,0.222427,-0.101243,-0.101243,2.06817,2.06664,-0.455959,-0.454425,0,0,-0.0122718,-0.0168738,0.751651,0.747049,
129808,0.223961,0.222427,-0.101243,-0.101243,2.06817,2.06664,-0.455959,-0.454425,0,0,-0.0122718,-0.0168738,0.751651,0.747049,
129828,0.223961,0.222427,-0.101243,-0.101243,2.06817,2.06664,-0.455959,-0.454425,0,0,-0.0122718,-0.0168738,0.751651,0.747049,
129848,0.223961,0.222427,-0.101243,-0.101243,2.06817,2.06664,-0.455959,-0.454425,0,0,-0.0122718,-0.0168738,0.751651,0.747049,
129869,0.223961,0.222427,-0.101243,-0.101243,2.06817,2.06664,-0.455959,-0.454425,0,0,-0.0122718,-0.0168738,0.751651,0.747049,
129888,0.223961,0.222427,-0.101243,-0.101243,2.06817,2.06664,-0.455959,-0.454425,0,0,-0.0122718,-0.0168738,0.751651,0.747049,
129908,0.223961,0.222427,-0.101243,-0.101243,2.06817,2.0651,-0.455959,-0.455959,0,0,-0.0122718,-0.0168738,0.751651,0.747049,
129928,0.223961,0.222427,-0.101243,-0.101243,2.06817,2.0651,-0.455959,-0.455959,0,0,-0.0122718,-0.0168738,0.751651,0.747049,
129948,0.223961,0.222427,-0.101243,-0.101243,2.06817,2.0651,-0.455959,-0.455959,0,0,-0.0122718,-0.0168738,0.751651,0.747049,
129968,0.223961,0.222427,-0.101243,-0.101243,2.06817,2.0651,-0.455959,-0.455959,0,0,-0.0122718,-0.0168738,0.751651,0.747049,
129989,0.223961,0.222427,-0.101243,-0.101243,2.06817,2.0651,-0.455959,-0.455959,0,0,-0.0122718,-0.0168738,0.751651,0.747049,
130008,0.223961,0.222427,-0.101243,-0.101243,2.06817,2.06664,-0.455959,-0.455959,0,0,-0.0122718,-0.0168738,0.751651,0.747049,
130029,0.223961,0.222427,-0.101243,-0.101243,2.06817,2.06664,-0.455959,-0.455959,0,0,-0.0122718,-0.0168738,0.751651,0.747049,
130048,0.223961,0.222427,-0.101243,-0.101243,2.06817,2.06664,-0.455959,-0.455959,0,0,-0.0122718,-0.0168738,0.751651,0.747049,
130069,0.223961,0.222427,-0.101243,-0.101243,2.06817,2.06664,-0.455959,-0.455959,0,0,-0.0122718,-0.0168738,0.751651,0.747049,
130089,0.223961,0.222427,-0.101243,-0.101243,2.06817,2.06664,-0.455959,-0.455959,0,0,-0.0122718,-0.0168738,0.751651,0.747049,
130109,0.223961,0.222427,-0.101243,-0.101243,2.06817,2.06664,-0.455959,-0.455959,0,0,-0.0122718,-0.0168738,0.751651,0.747049,
130129,0.223961,0.222427,-0.101243,-0.101243,2.06817,2.06664,-0.455959,-0.455959,0,0,-0.0122718,-0.0168738,0.751651,0.747049,
130148,0.223961,0.222427,-0.101243,-0.101243,2.06817,2.06664,-0.455959,-0.455959,0,0,-0.0122718,-0.0168738,0.751651,0.747049,
130168,0.223961,0.222427,-0.101243,-0.101243,2.06817,2.06664,-0.455959,-0.455959,0,0,-0.0122718,-0.0168738,0.751651,0.747049,
130188,0.223961,0.223961,-0.101243,-0.101243,2.06817,2.06664,-0.455959,-0.455959,0,0,-0.0122718,-0.0168738,0.751651,0.747049,
130208,0.223961,0.223961,-0.101243,-0.101243,2.06817,2.06664,-0.455959,-0.455959,0,0,-0.0122718,-0.0168738,0.751651,0.747049,
130228,0.223961,0.223961,-0.101243,-0.101243,2.06817,2.06664,-0.455959,-0.455959,0,0,-0.0122718,-0.0168738,0.751651,0.747049,
130248,0.223961,0.223961,-0.101243,-0.101243,2.06817,2.06664,-0.455959,-0.455959,0,0,-0.0122718,-0.0168738,0.751651,0.747049,
130268,0.223961,0.223961,-0.101243,-0.101243,2.06817,2.06664,-0.455959,-0.455959,0,0,-0.0122718,-0.0168738,0.751651,0.747049,
130289,0.223961,0.223961,-0.101243,-0.101243,2.06817,2.06664,-0.455959,-0.455959,0,0,-0.0122718,-0.0168738,0.751651,0.747049,
130308,0.223961,0.222427,-0.101243,-0.101243,2.06817,2.06664,-0.455959,-0.455959,0,0,-0.0122718,-0.0168738,0.751651,0.747049,
130328,0.223961,0.222427,-0.101243,-0.101243,2.06817,2.06664,-0.455959,-0.455959,0,0,-0.0122718,-0.0168738,0.751651,0.747049,
130348,0.223961,0.222427,-0.101243,-0.101243,2.06817,2.06664,-0.455959,-0.455959,0,0,-0.0122718,-0.0168738,0.751651,0.747049,
130368,0.223961,0.222427,-0.101243,-0.101243,2.06817,2.06664,-0.455959,-0.455959,0,0,-0.0122718,-0.0168738,0.751651,0.747049,
130388,0.223961,0.222427,-0.101243,-0.101243,2.06817,2.06664,-0.455959,-0.455959,0,0,-0.0122718,-0.0168738,0.751651,0.747049,
130408,0.223961,0.222427,-0.101243,-0.101243,2.06817,2.06664,-0.455959,-0.455959,0,0,-0.0122718,-0.0168738,0.751651,0.747049,
130428,0.223961,0.222427,-0.101243,-0.101243,2.06817,2.06664,-0.455959,-0.455959,0,0,-0.0122718,-0.0168738,0.751651,0.747049,
130448,0.223961,0.222427,-0.101243,-0.101243,2.06817,2.06664,-0.455959,-0.455959,0,0,-0.0122718,-0.0168738,0.751651,0.747049,
130468,0.223961,0.222427,-0.101243,-0.101243,2.06817,2.06664,-0.455959,-0.455959,0,0,-0.0122718,-0.0168738,0.751651,0.747049,
130488,0.223961,0.222427,-0.101243,-0.101243,2.06817,2.06664,-0.455959,-0.455959,0,0,-0.0122718,-0.0168738,0.751651,0.747049,
130508,0.223961,0.222427,-0.101243,-0.101243,2.06817,2.06664,-0.455959,-0.455959,0,0,-0.0122718,-0.0168738,0.751651,0.747049,
130528,0.223961,0.222427,-0.101243,-0.101243,2.06817,2.06664,-0.455959,-0.455959,0,0,-0.0122718,-0.0168738,0.751651,0.747049,
130548,0.223961,0.222427,-0.101243,-0.101243,2.06817,2.06664,-0.455959,-0.455959,0,0,-0.0122718,-0.0168738,0.751651,0.747049,
130568,0.223961,0.222427,-0.101243,-0.101243,2.06817,2.06664,-0.455959,-0.455959,0,0,-0.0122718,-0.0168738,0.751651,0.747049,
130588,0.223961,0.222427,-0.101243,-0.101243,2.06817,2.06664,-0.455959,-0.455959,0,0,-0.0122718,-0.0168738,0.751651,0.747049,
130608,0.223961,0.222427,-0.101243,-0.101243,2.06817,2.06664,-0.455959,-0.455959,0,0,-0.0122718,-0.0168738,0.751651,0.747049,
130628,0.223961,0.222427,-0.101243,-0.101243,2.06817,2.06664,-0.455959,-0.455959,0,0,-0.0122718,-0.0168738,0.751651,0.747049,
130648,0.223961,0.222427,-0.101243,-0.101243,2.06817,2.06664,-0.455959,-0.455959,0,0,-0.0122718,-0.0168738,0.751651,0.747049,
130668,0.223961,0.222427,-0.101243,-0.101243,2.06817,2.06664,-0.455959,-0.455959,0,0,-0.0122718,-0.0168738,0.751651,0.747049,
130688,0.223961,0.222427,-0.101243,-0.101243,2.06817,2.06664,-0.455959,-0.455959,0,0,-0.0122718,-0.0168738,0.751651,0.747049,
130708,0.223961,0.222427,-0.101243,-0.101243,2.06817,2.06664,-0.455959,-0.455959,0,0,-0.0122718,-0.0168738,0.751651,0.747049,
130728,0.223961,0.222427,-0.101243,-0.101243,2.06817,2.06664,-0.455959,-0.455959,0,0,-0.0122718,-0.0168738,0.751651,0.747049,
130748,0.223961,0.222427,-0.101243,-0.101243,2.06817,2.06664,-0.455959,-0.455959,0,0,-0.0122718,-0.0168738,0.751651,0.747049,
130768,0.223961,0.222427,-0.101243,-0.101243,2.06817,2.06664,-0.455959,-0.455959,0,0,-0.0122718,-0.0168738,0.751651,0.747049,
130788,0.223961,0.222427,-0.101243,-0.101243,2.06817,2.06664,-0.455959,-0.455959,0,0,-0.0122718,-0.0168738,0.751651,0.747049,
130808,0.223961,0.222427,-0.101243,-0.101243,2.06817,2.06664,-0.455959,-0.455959,0,0,-0.0122718,-0.0168738,0.751651,0.747049,
130829,0.223961,0.222427,-0.101243,-0.101243,2.06817,2.06664,-0.455959,-0.455959,0,0,-0.0122718,-0.0168738,0.751651,0.747049,
130848,0.223961,0.222427,-0.101243,-0.101243,2.06817,2.06664,-0.455959,-0.455959,0,0,-0.0122718,-0.0168738,0.751651,0.747049,
130868,0.223961,0.222427,-0.101243,-0.101243,2.06817,2.06664,-0.455959,-0.455959,0,0,-0.0122718,-0.0168738,0.751651,0.747049,
130888,0.223961,0.222427,-0.101243,-0.101243,2.06817,2.06664,-0.455959,-0.455959,0,0,-0.0122718,-0.0168738,0.751651,0.747049,
130908,0.223961,0.222427,-0.101243,-0.101243,2.06817,2.06664,-0.455959,-0.455959,0,0,-0.0122718,-0.0168738,0.751651,0.747049,
130928,0.223961,0.222427,-0.101243,-0.101243,2.06817,2.06664,-0.455959,-0.455959,0,0,-0.0122718,-0.0168738,0.751651,0.747049,
130948,0.223961,0.222427,-0.101243,-0.101243,2.06817,2.06664,-0.455959,-0.455959,0,0,-0.0122718,-0.0168738,0.751651,0.747049,
130971,0.223961,0.222427,-0.101243,-0.101243,2.06817,2.06664,-0.455959,-0.455959,0,0,-0.0122718,-0.0168738,0.751651,0.747049,
130988,0.223961,0.222427,-0.101243,-0.101243,2.06817,2.06664,-0.455959,-0.455959,0,0,-0.0122718,-0.0168738,0.751651,0.747049,
131008,0.223961,0.222427,-0.101243,-0.101243,2.06817,2.06664,-0.455959,-0.455959,0,0,-0.0122718,-0.0168738,0.751651,0.747049,
131028,0.223961,0.222427,-0.101243,-0.101243,2.06817,2.06664,-0.455959,-0.455959,0,0,-0.0122718,-0.0168738,0.751651,0.747049,
131048,0.223961,0.222427,-0.101243,-0.101243,2.06817,2.06664,-0.455959,-0.455959,0,0,-0.0122718,-0.0168738,0.751651,0.747049,
131068,0.223961,0.222427,-0.101243,-0.101243,2.06817,2.06664,-0.455959,-0.455959,0,0,-0.0122718,-0.0168738,0.751651,0.747049,
131088,0.223961,0.222427,-0.101243,-0.101243,2.06817,2.06664,-0.455959,-0.455959,0,0,-0.0122718,-0.0168738,0.751651,0.747049,
131108,0.223961,0.222427,-0.101243,-0.101243,2.06817,2.06357,-0.455959,-0.455959,0,0,-0.0122718,-0.0168738,0.751651,0.747049,
131128,0.223961,0.222427,-0.101243,-0.101243,2.06817,2.06357,-0.455959,-0.455959,0,0,-0.0122718,-0.0168738,0.751651,0.747049,
131148,0.223961,0.222427,-0.101243,-0.101243,2.06817,2.06357,-0.455959,-0.455959,0,0,-0.0122718,-0.0168738,0.751651,0.747049,
131168,0.223961,0.222427,-0.101243,-0.101243,2.06817,2.06357,-0.455959,-0.455959,0,0,-0.0122718,-0.0168738,0.751651,0.747049,
131188,0.223961,0.222427,-0.101243,-0.101243,2.06817,2.06357,-0.455959,-0.455959,0,0,-0.0122718,-0.0168738,0.751651,0.747049,
131208,0.223961,0.222427,-0.101243,-0.0981748,2.0559,2.0559,-0.455959,-0.455959,0,0,-0.0122718,-0.0168738,0.751651,0.747049,
131228,0.223961,0.222427,-0.101243,-0.0981748,2.0559,2.0559,-0.455959,-0.455959,0,0,-0.0122718,-0.0168738,0.751651,0.747049,
131248,0.223961,0.222427,-0.101243,-0.0981748,2.0559,2.0559,-0.455959,-0.455959,0,0,-0.0122718,-0.0168738,0.751651,0.747049,
131268,0.223961,0.222427,-0.101243,-0.0981748,2.0559,2.0559,-0.455959,-0.455959,0,0,-0.0122718,-0.0168738,0.751651,0.747049,
131288,0.223961,0.222427,-0.101243,-0.0966408,2.0559,2.0559,-0.455959,-0.455959,0,0,-0.0122718,-0.0168738,0.751651,0.747049,
131308,0.223961,0.222427,-0.101243,-0.0966408,2.0559,2.0559,-0.455959,-0.455959,0,0,-0.0122718,-0.0168738,0.751651,0.747049,
131328,0.223961,0.222427,-0.101243,-0.0966408,2.0559,2.0559,-0.455959,-0.455959,0,0,-0.0122718,-0.0168738,0.751651,0.747049,
131348,0.223961,0.222427,-0.101243,-0.0966408,2.0559,2.0559,-0.455959,-0.455959,0,0,-0.0122718,-0.0168738,0.751651,0.747049,
131368,0.223961,0.222427,-0.101243,-0.0966408,2.0559,2.0559,-0.455959,-0.455959,0,0,-0.0122718,-0.0168738,0.751651,0.747049,
131388,0.223961,0.222427,-0.101243,-0.0981748,2.0559,2.05437,-0.455959,-0.455959,0,0,-0.0122718,-0.0168738,0.751651,0.747049,
131408,0.223961,0.222427,-0.101243,-0.0981748,2.0559,2.05437,-0.455959,-0.455959,0,0,-0.0122718,-0.0168738,0.751651,0.747049,
131428,0.223961,0.222427,-0.101243,-0.0981748,2.0559,2.05437,-0.455959,-0.455959,0,0,-0.0122718,-0.0168738,0.751651,0.747049,
131448,0.223961,0.222427,-0.101243,-0.0981748,2.0559,2.05437,-0.455959,-0.455959,0,0,-0.0122718,-0.0168738,0.751651,0.747049,
131468,0.223961,0.222427,-0.101243,-0.0981748,2.0559,2.05437,-0.455959,-0.455959,0,0,-0.0122718,-0.0168738,0.751651,0.747049,
131488,0.223961,0.222427,-0.101243,-0.0981748,2.0559,2.05437,-0.455959,-0.455959,0,0,-0.0122718,-0.0168738,0.751651,0.747049,
131508,0.223961,0.222427,-0.101243,-0.0966408,2.0559,2.0559,-0.455959,-0.455959,0,0,-0.0122718,-0.0168738,0.751651,0.747049,
131528,0.223961,0.222427,-0.101243,-0.0966408,2.0559,2.0559,-0.455959,-0.455959,0,0,-0.0122718,-0.0168738,0.751651,0.747049,
131548,0.223961,0.222427,-0.101243,-0.0966408,2.0559,2.0559,-0.455959,-0.455959,0,0,-0.0122718,-0.0168738,0.751651,0.747049,
131568,0.223961,0.222427,-0.101243,-0.0966408,2.0559,2.0559,-0.455959,-0.455959,0,0,-0.0122718,-0.0168738,0.751651,0.747049,
131588,0.223961,0.222427,-0.101243,-0.0966408,2.0559,2.0559,-0.455959,-0.455959,0,0,-0.0122718,-0.0168738,0.751651,0.747049,
131608,0.223961,0.222427,-0.101243,-0.0981748,2.0559,2.05437,-0.455959,-0.455959,0,0,-0.0122718,-0.0168738,0.751651,0.747049,
131628,0.223961,0.222427,-0.101243,-0.0981748,2.0559,2.05437,-0.455959,-0.455959,0,0,-0.0122718,-0.0168738,0.751651,0.747049,
131648,0.223961,0.222427,-0.101243,-0.0981748,2.0559,2.05437,-0.455959,-0.455959,0,0,-0.0122718,-0.0168738,0.751651,0.747049,
131668,0.223961,0.222427,-0.101243,-0.0981748,2.0559,2.05437,-0.455959,-0.455959,0,0,-0.0122718,-0.0168738,0.751651,0.747049,
131688,0.223961,0.222427,-0.101243,-0.0966408,2.0559,2.05437,-0.455959,-0.455959,0,0,-0.0122718,-0.0168738,0.751651,0.745515,
131708,0.223961,0.222427,-0.101243,-0.0966408,2.0559,2.05437,-0.455959,-0.455959,0,0,-0.0122718,-0.0168738,0.751651,0.745515,
131728,0.223961,0.222427,-0.101243,-0.0966408,2.0559,2.05437,-0.455959,-0.455959,0,0,-0.0122718,-0.0168738,0.751651,0.745515,
131748,0.223961,0.222427,-0.101243,-0.0966408,2.0559,2.05437,-0.455959,-0.455959,0,0,-0.0122718,-0.0168738,0.751651,0.745515,
131768,0.223961,0.222427,-0.101243,-0.0966408,2.0559,2.05437,-0.455959,-0.455959,0,0,-0.0122718,-0.0168738,0.751651,0.745515,
131788,0.223961,0.222427,-0.101243,-0.0981748,2.0559,2.05437,-0.455959,-0.455959,0,0,-0.0122718,-0.0168738,0.751651,0.747049,
131808,0.223961,0.222427,-0.101243,-0.0981748,2.0559,2.05437,-0.455959,-0.455959,0,0,-0.0122718,-0.0168738,0.751651,0.747049,
131828,0.223961,0.222427,-0.101243,-0.0981748,2.0559,2.05437,-0.455959,-0.455959,0,0,-0.0122718,-0.0168738,0.751651,0.747049,
131848,0.223961,0.222427,-0.101243,-0.0981748,2.0559,2.05437,-0.455959,-0.455959,0,0,-0.0122718,-0.0168738,0.751651,0.747049,
131868,0.223961,0.222427,-0.101243,-0.0981748,2.0559,2.05437,-0.455959,-0.455959,0,0,-0.0122718,-0.0168738,0.751651,0.747049,
131888,0.223961,0.222427,-0.101243,-0.0981748,2.0559,2.05437,-0.455959,-0.455959,0,0,-0.0122718,-0.0168738,0.751651,0.747049,
131908,0.223961,0.222427,-0.101243,-0.0966408,2.0559,2.05437,-0.455959,-0.455959,0,0,-0.0122718,-0.0168738,0.751651,0.747049,
131928,0.223961,0.222427,-0.101243,-0.0966408,2.0559,2.05437,-0.455959,-0.455959,0,0,-0.0122718,-0.0168738,0.751651,0.747049,
131948,0.223961,0.222427,-0.101243,-0.0966408,2.0559,2.05437,-0.455959,-0.455959,0,0,-0.0122718,-0.0168738,0.751651,0.747049,
131968,0.223961,0.222427,-0.101243,-0.0966408,2.0559,2.05437,-0.455959,-0.455959,0,0,-0.0122718,-0.0168738,0.751651,0.747049,
131988,0.223961,0.222427,-0.101243,-0.0966408,2.0559,2.05437,-0.455959,-0.455959,0,0,-0.0122718,-0.0168738,0.751651,0.747049,
132008,0.223961,0.222427,-0.101243,-0.0981748,2.0559,2.05437,-0.455959,-0.455959,0,0,-0.0122718,-0.0168738,0.751651,0.747049,
132028,0.223961,0.222427,-0.101243,-0.0981748,2.0559,2.05437,-0.455959,-0.455959,0,0,-0.0122718,-0.0168738,0.751651,0.747049,
132048,0.223961,0.222427,-0.101243,-0.0981748,2.0559,2.05437,-0.455959,-0.455959,0,0,-0.0122718,-0.0168738,0.751651,0.747049,
132068,0.223961,0.222427,-0.101243,-0.0981748,2.0559,2.05437,-0.455959,-0.455959,0,0,-0.0122718,-0.0168738,0.751651,0.747049,
132088,0.223961,0.222427,-0.101243,-0.0981748,2.0559,2.05437,-0.455959,-0.455959,0,0,-0.0122718,-0.0168738,0.751651,0.747049,
132108,0.223961,0.222427,-0.101243,-0.0966408,2.0559,2.05437,-0.455959,-0.455959,0,0,-0.0122718,-0.0168738,0.751651,0.747049,
132128,0.223961,0.222427,-0.101243,-0.0966408,2.0559,2.05437,-0.455959,-0.455959,0,0,-0.0122718,-0.0168738,0.751651,0.747049,
132148,0.223961,0.222427,-0.101243,-0.0966408,2.0559,2.05437,-0.455959,-0.455959,0,0,-0.0122718,-0.0168738,0.751651,0.747049,
132168,0.223961,0.222427,-0.101243,-0.0966408,2.0559,2.05437,-0.455959,-0.455959,0,0,-0.0122718,-0.0168738,0.751651,0.747049,
132188,0.223961,0.222427,-0.101243,-0.0966408,2.0559,2.05437,-0.455959,-0.455959,0,0,-0.0122718,-0.0168738,0.751651,0.747049,
132208,0.223961,0.222427,-0.101243,-0.0966408,2.0559,2.05437,-0.455959,-0.455959,0,0,-0.0122718,-0.0168738,0.751651,0.747049,
132228,0.223961,0.222427,-0.101243,-0.0966408,2.0559,2.05437,-0.455959,-0.455959,0,0,-0.0122718,-0.0168738,0.751651,0.747049,
132248,0.223961,0.222427,-0.101243,-0.0966408,2.0559,2.05437,-0.455959,-0.455959,0,0,-0.0122718,-0.0168738,0.751651,0.747049,
132268,0.223961,0.222427,-0.101243,-0.0966408,2.0559,2.05437,-0.455959,-0.455959,0,0,-0.0122718,-0.0168738,0.751651,0.747049,
132288,0.223961,0.222427,-0.101243,-0.0966408,2.0559,2.05437,-0.455959,-0.455959,0,0,-0.0122718,-0.0168738,0.751651,0.747049,
132308,0.223961,0.222427,-0.101243,-0.0966408,2.0559,2.05437,-0.455959,-0.455959,0,0.00153398,-0.0122718,-0.0168738,0.751651,0.747049,
132328,0.223961,0.222427,-0.101243,-0.0966408,2.0559,2.05437,-0.455959,-0.455959,0,0.00153398,-0.0122718,-0.0168738,0.751651,0.747049,
132348,0.223961,0.222427,-0.101243,-0.0966408,2.0559,2.05437,-0.455959,-0.455959,0,0.00153398,-0.0122718,-0.0168738,0.751651,0.747049,
132368,0.223961,0.222427,-0.101243,-0.0966408,2.0559,2.05437,-0.455959,-0.455959,0,0.00153398,-0.0122718,-0.0168738,0.751651,0.747049,
132388,0.223961,0.222427,-0.101243,-0.0966408,2.0559,2.05437,-0.455959,-0.455959,0,0.00153398,-0.0122718,-0.0168738,0.751651,0.747049,
132408,0.223961,0.222427,-0.101243,-0.0966408,2.0559,2.05437,-0.455959,-0.455959,0,0,-0.0122718,-0.0168738,0.751651,0.747049,
132428,0.223961,0.222427,-0.101243,-0.0966408,2.0559,2.05437,-0.455959,-0.455959,0,0,-0.0122718,-0.0168738,0.751651,0.747049,
132448,0.223961,0.222427,-0.101243,-0.0966408,2.0559,2.05437,-0.455959,-0.455959,0,0,-0.0122718,-0.0168738,0.751651,0.747049,
132468,0.223961,0.222427,-0.101243,-0.0966408,2.0559,2.05437,-0.455959,-0.455959,0,0,-0.0122718,-0.0168738,0.751651,0.747049,
132488,0.223961,0.222427,-0.101243,-0.0966408,2.0559,2.05437,-0.455959,-0.455959,0,0,-0.0122718,-0.0168738,0.751651,0.747049,
132508,0.223961,0.222427,-0.101243,-0.0966408,2.0559,2.05437,-0.455959,-0.455959,0,0,-0.0122718,-0.0168738,0.751651,0.747049,
132528,0.223961,0.222427,-0.101243,-0.0966408,2.0559,2.05437,-0.455959,-0.455959,0,0,-0.0122718,-0.0168738,0.751651,0.747049,
132548,0.223961,0.222427,-0.101243,-0.0966408,2.0559,2.05437,-0.455959,-0.455959,0,0,-0.0122718,-0.0168738,0.751651,0.747049,
132568,0.223961,0.222427,-0.101243,-0.0966408,2.0559,2.05437,-0.455959,-0.455959,0,0,-0.0122718,-0.0168738,0.751651,0.747049,
132588,0.223961,0.222427,-0.101243,-0.0966408,2.0559,2.05437,-0.455959,-0.455959,0,0.00153398,-0.0122718,-0.0168738,0.751651,0.747049,
132608,0.223961,0.222427,-0.101243,-0.0966408,2.0559,2.05437,-0.455959,-0.455959,0,0.00153398,-0.0122718,-0.0168738,0.751651,0.747049,
132628,0.223961,0.222427,-0.101243,-0.0966408,2.0559,2.05437,-0.455959,-0.455959,0,0.00153398,-0.0122718,-0.0168738,0.751651,0.747049,
132648,0.223961,0.222427,-0.101243,-0.0966408,2.0559,2.05437,-0.455959,-0.455959,0,0.00153398,-0.0122718,-0.0168738,0.751651,0.747049,
132668,0.223961,0.222427,-0.101243,-0.0966408,2.0559,2.05437,-0.455959,-0.455959,0,0.00153398,-0.0122718,-0.0168738,0.751651,0.747049,
132688,0.223961,0.222427,-0.101243,-0.0966408,2.0559,2.05437,-0.455959,-0.455959,0,0.00153398,-0.0122718,-0.0168738,0.751651,0.747049,
132709,0.223961,0.222427,-0.101243,-0.0966408,2.0559,2.05437,-0.455959,-0.455959,0,0,-0.0122718,-0.0168738,0.751651,0.747049,
132728,0.223961,0.222427,-0.101243,-0.0966408,2.0559,2.05437,-0.455959,-0.455959,0,0,-0.0122718,-0.0168738,0.751651,0.747049,
132748,0.223961,0.222427,-0.101243,-0.0966408,2.0559,2.05437,-0.455959,-0.455959,0,0,-0.0122718,-0.0168738,0.751651,0.747049,
132768,0.223961,0.222427,-0.101243,-0.0966408,2.0559,2.05437,-0.455959,-0.455959,0,0,-0.0122718,-0.0168738,0.751651,0.747049,
132788,0.223961,0.222427,-0.101243,-0.0966408,2.0559,2.05437,-0.455959,-0.455959,0,0,-0.0122718,-0.0168738,0.751651,0.747049,
132808,0.223961,0.222427,-0.101243,-0.0981748,2.0559,2.0559,-0.455959,-0.455959,0,0.00153398,-0.0122718,-0.0168738,0.751651,0.747049,
132829,0.223961,0.222427,-0.101243,-0.0981748,2.0559,2.0559,-0.455959,-0.455959,0,0.00153398,-0.0122718,-0.0168738,0.751651,0.747049,
132849,0.223961,0.222427,-0.101243,-0.0981748,2.0559,2.0559,-0.455959,-0.455959,0,0.00153398,-0.0122718,-0.0168738,0.751651,0.747049,
132868,0.223961,0.222427,-0.101243,-0.0981748,2.0559,2.0559,-0.455959,-0.455959,0,0.00153398,-0.0122718,-0.0168738,0.751651,0.747049,
132888,0.223961,0.222427,-0.101243,-0.0981748,2.0559,2.0559,-0.455959,-0.455959,0,0.00153398,-0.0122718,-0.0168738,0.751651,0.747049,
132908,0.223961,0.222427,-0.101243,-0.0966408,2.0559,2.0559,-0.455959,-0.455959,0,0,-0.0122718,-0.0168738,0.751651,0.747049,
132928,0.223961,0.222427,-0.101243,-0.0966408,2.0559,2.0559,-0.455959,-0.455959,0,0,-0.0122718,-0.0168738,0.751651,0.747049,
132948,0.223961,0.222427,-0.101243,-0.0966408,2.0559,2.0559,-0.455959,-0.455959,0,0,-0.0122718,-0.0168738,0.751651,0.747049,
132968,0.223961,0.222427,-0.101243,-0.0966408,2.0559,2.0559,-0.455959,-0.455959,0,0,-0.0122718,-0.0168738,0.751651,0.747049,
132988,0.223961,0.222427,-0.101243,-0.0966408,2.0559,2.05437,-0.455959,-0.455959,0,0,-0.0122718,-0.0168738,0.751651,0.745515,
133008,0.223961,0.222427,-0.101243,-0.0966408,2.0559,2.05437,-0.455959,-0.455959,0,0,-0.0122718,-0.0168738,0.751651,0.745515,
133028,0.223961,0.222427,-0.101243,-0.0966408,2.0559,2.05437,-0.455959,-0.455959,0,0,-0.0122718,-0.0168738,0.751651,0.745515,
133048,0.223961,0.222427,-0.101243,-0.0966408,2.0559,2.05437,-0.455959,-0.455959,0,0,-0.0122718,-0.0168738,0.751651,0.745515,
133068,0.223961,0.222427,-0.101243,-0.0966408,2.0559,2.05437,-0.455959,-0.455959,0,0,-0.0122718,-0.0168738,0.751651,0.745515,
133088,0.223961,0.222427,-0.101243,-0.0966408,2.0559,2.05437,-0.455959,-0.455959,0,0,-0.0122718,-0.0168738,0.751651,0.745515,
133108,0.223961,0.222427,-0.101243,-0.0981748,2.0559,2.0559,-0.455959,-0.455959,0,0,-0.0122718,-0.0168738,0.751651,0.747049,
133128,0.223961,0.222427,-0.101243,-0.0981748,2.0559,2.0559,-0.455959,-0.455959,0,0,-0.0122718,-0.0168738,0.751651,0.747049,
133148,0.223961,0.222427,-0.101243,-0.0981748,2.0559,2.0559,-0.455959,-0.455959,0,0,-0.0122718,-0.0168738,0.751651,0.747049,
133168,0.223961,0.222427,-0.101243,-0.0981748,2.0559,2.0559,-0.455959,-0.455959,0,0,-0.0122718,-0.0168738,0.751651,0.747049,
133188,0.223961,0.222427,-0.101243,-0.0981748,2.0559,2.0559,-0.455959,-0.455959,0,0,-0.0122718,-0.0168738,0.751651,0.747049,
133208,0.223961,0.222427,-0.101243,-0.0966408,2.0559,2.0559,-0.455959,-0.455959,0,0,-0.0122718,-0.0168738,0.751651,0.747049,
133228,0.223961,0.222427,-0.101243,-0.0966408,2.0559,2.0559,-0.455959,-0.455959,0,0,-0.0122718,-0.0168738,0.751651,0.747049,
133248,0.223961,0.222427,-0.101243,-0.0966408,2.0559,2.0559,-0.455959,-0.455959,0,0,-0.0122718,-0.0168738,0.751651,0.747049,
133268,0.223961,0.222427,-0.101243,-0.0966408,2.0559,2.0559,-0.455959,-0.455959,0,0,-0.0122718,-0.0168738,0.751651,0.747049,
133288,0.223961,0.222427,-0.101243,-0.0966408,2.0559,2.0559,-0.455959,-0.455959,0,0,-0.0122718,-0.0168738,0.751651,0.747049,
133308,0.223961,0.222427,-0.101243,-0.0966408,2.0559,2.0559,-0.455959,-0.455959,0,0,-0.0122718,-0.0168738,0.751651,0.747049,
133328,0.223961,0.222427,-0.101243,-0.0966408,2.0559,2.0559,-0.455959,-0.455959,0,0,-0.0122718,-0.0168738,0.751651,0.747049,
133349,0.223961,0.222427,-0.101243,-0.0966408,2.0559,2.0559,-0.455959,-0.455959,0,0,-0.0122718,-0.0168738,0.751651,0.747049,
133368,0.223961,0.222427,-0.101243,-0.0966408,2.0559,2.0559,-0.455959,-0.455959,0,0,-0.0122718,-0.0168738,0.751651,0.747049,
133388,0.223961,0.222427,-0.101243,-0.0981748,2.0559,2.05437,-0.455959,-0.455959,0,0,-0.0122718,-0.0168738,0.751651,0.747049,
133408,0.223961,0.222427,-0.101243,-0.0981748,2.0559,2.05437,-0.455959,-0.455959,0,0,-0.0122718,-0.0168738,0.751651,0.747049,
133428,0.223961,0.222427,-0.101243,-0.0981748,2.0559,2.05437,-0.455959,-0.455959,0,0,-0.0122718,-0.0168738,0.751651,0.747049,
133448,0.223961,0.222427,-0.101243,-0.0981748,2.0559,2.05437,-0.455959,-0.455959,0,0,-0.0122718,-0.0168738,0.751651,0.747049,
133468,0.223961,0.222427,-0.101243,-0.0981748,2.0559,2.05437,-0.455959,-0.455959,0,0,-0.0122718,-0.0168738,0.751651,0.747049,
133488,0.223961,0.222427,-0.101243,-0.0981748,2.0559,2.05437,-0.455959,-0.455959,0,0,-0.0122718,-0.0168738,0.751651,0.747049,
133508,0.223961,0.222427,-0.101243,-0.0966408,2.0559,2.0559,-0.455959,-0.455959,0,0.00153398,-0.0122718,-0.0168738,0.751651,0.747049,
133528,0.223961,0.222427,-0.101243,-0.0966408,2.0559,2.0559,-0.455959,-0.455959,0,0.00153398,-0.0122718,-0.0168738,0.751651,0.747049,
133548,0.223961,0.222427,-0.101243,-0.0966408,2.0559,2.0559,-0.455959,-0.455959,0,0.00153398,-0.0122718,-0.0168738,0.751651,0.747049,
133568,0.223961,0.222427,-0.101243,-0.0966408,2.0559,2.0559,-0.455959,-0.455959,0,0.00153398,-0.0122718,-0.0168738,0.751651,0.747049,
133588,0.223961,0.222427,-0.101243,-0.0966408,2.0559,2.0559,-0.455959,-0.455959,0,0.00153398,-0.0122718,-0.0168738,0.751651,0.747049,
133608,0.223961,0.222427,-0.101243,-0.0966408,2.0559,2.0559,-0.455959,-0.455959,0,0.00153398,-0.0122718,-0.0168738,0.751651,0.745515,
133628,0.223961,0.222427,-0.101243,-0.0966408,2.0559,2.0559,-0.455959,-0.455959,0,0.00153398,-0.0122718,-0.0168738,0.751651,0.745515,
133648,0.223961,0.222427,-0.101243,-0.0966408,2.0559,2.0559,-0.455959,-0.455959,0,0.00153398,-0.0122718,-0.0168738,0.751651,0.745515,
133668,0.223961,0.222427,-0.101243,-0.0966408,2.0559,2.0559,-0.455959,-0.455959,0,0.00153398,-0.0122718,-0.0168738,0.751651,0.745515,
133688,0.223961,0.222427,-0.101243,-0.0981748,2.0559,2.0559,-0.455959,-0.455959,0,0,-0.0122718,-0.0168738,0.751651,0.747049,
133708,0.223961,0.222427,-0.101243,-0.0981748,2.0559,2.0559,-0.455959,-0.455959,0,0,-0.0122718,-0.0168738,0.751651,0.747049,
133728,0.223961,0.222427,-0.101243,-0.0981748,2.0559,2.0559,-0.455959,-0.455959,0,0,-0.0122718,-0.0168738,0.751651,0.747049,
133748,0.223961,0.222427,-0.101243,-0.0981748,2.0559,2.0559,-0.455959,-0.455959,0,0,-0.0122718,-0.0168738,0.751651,0.747049,
133768,0.223961,0.222427,-0.101243,-0.0981748,2.0559,2.0559,-0.455959,-0.455959,0,0,-0.0122718,-0.0168738,0.751651,0.747049,
133788,0.223961,0.222427,-0.101243,-0.0981748,2.0559,2.05437,-0.455959,-0.455959,0,0.00153398,-0.0122718,-0.0168738,0.751651,0.747049,
133808,0.223961,0.222427,-0.101243,-0.0981748,2.0559,2.05437,-0.455959,-0.455959,0,0.00153398,-0.0122718,-0.0168738,0.751651,0.747049,
133828,0.223961,0.222427,-0.101243,-0.0981748,2.0559,2.05437,-0.455959,-0.455959,0,0.00153398,-0.0122718,-0.0168738,0.751651,0.747049,
133848,0.223961,0.222427,-0.101243,-0.0981748,2.0559,2.05437,-0.455959,-0.455959,0,0.00153398,-0.0122718,-0.0168738,0.751651,0.747049,
133868,0.223961,0.222427,-0.101243,-0.0981748,2.0559,2.05437,-0.455959,-0.455959,0,0.00153398,-0.0122718,-0.0168738,0.751651,0.747049,
133888,0.223961,0.222427,-0.101243,-0.0981748,2.0559,2.05437,-0.455959,-0.455959,0,0.00153398,-0.0122718,-0.0168738,0.751651,0.747049,
133909,0.223961,0.222427,-0.101243,-0.0966408,2.0559,2.0559,-0.455959,-0.455959,0,0,-0.0122718,-0.0168738,0.751651,0.745515,
133929,0.223961,0.222427,-0.101243,-0.0966408,2.0559,2.0559,-0.455959,-0.455959,0,0,-0.0122718,-0.0168738,0.751651,0.745515,
133948,0.223961,0.222427,-0.101243,-0.0966408,2.0559,2.0559,-0.455959,-0.455959,0,0,-0.0122718,-0.0168738,0.751651,0.745515,
133969,0.223961,0.222427,-0.101243,-0.0966408,2.0559,2.0559,-0.455959,-0.455959,0,0,-0.0122718,-0.0168738,0.751651,0.745515,
133988,0.223961,0.222427,-0.101243,-0.0966408,2.0559,2.0559,-0.455959,-0.455959,0,0,-0.0122718,-0.0168738,0.751651,0.745515,
134009,0.223961,0.222427,-0.101243,-0.0966408,2.0559,2.0559,-0.455959,-0.455959,0,0,-0.0122718,-0.0168738,0.751651,0.747049,
134028,0.223961,0.222427,-0.101243,-0.0966408,2.0559,2.0559,-0.455959,-0.455959,0,0,-0.0122718,-0.0168738,0.751651,0.747049,
134048,0.223961,0.222427,-0.101243,-0.0966408,2.0559,2.0559,-0.455959,-0.455959,0,0,-0.0122718,-0.0168738,0.751651,0.747049,
134068,0.223961,0.222427,-0.101243,-0.0966408,2.0559,2.0559,-0.455959,-0.455959,0,0,-0.0122718,-0.0168738,0.751651,0.747049,
134088,0.223961,0.222427,-0.101243,-0.0966408,2.0559,2.0559,-0.455959,-0.455959,0,0,-0.0122718,-0.0168738,0.751651,0.747049,
134108,0.223961,0.222427,-0.101243,-0.0981748,2.0559,2.0559,-0.455959,-0.455959,0,0,-0.0122718,-0.0168738,0.751651,0.747049,
134129,0.223961,0.222427,-0.101243,-0.0981748,2.0559,2.0559,-0.455959,-0.455959,0,0,-0.0122718,-0.0168738,0.751651,0.747049,
134148,0.223961,0.222427,-0.101243,-0.0981748,2.0559,2.0559,-0.455959,-0.455959,0,0,-0.0122718,-0.0168738,0.751651,0.747049,
134168,0.223961,0.222427,-0.101243,-0.0981748,2.0559,2.0559,-0.455959,-0.455959,0,0,-0.0122718,-0.0168738,0.751651,0.747049,
134188,0.223961,0.222427,-0.101243,-0.0981748,2.0559,2.0559,-0.455959,-0.455959,0,0,-0.0122718,-0.0168738,0.751651,0.747049,
134208,0.223961,0.222427,-0.101243,-0.0981748,2.0559,2.0559,-0.455959,-0.455959,0,0,-0.0122718,-0.0168738,0.751651,0.747049,
134228,0.223961,0.222427,-0.101243,-0.0981748,2.0559,2.0559,-0.455959,-0.455959,0,0,-0.0122718,-0.0168738,0.751651,0.747049,
134248,0.223961,0.222427,-0.101243,-0.0981748,2.0559,2.0559,-0.455959,-0.455959,0,0,-0.0122718,-0.0168738,0.751651,0.747049,
134268,0.223961,0.222427,-0.101243,-0.0981748,2.0559,2.0559,-0.455959,-0.455959,0,0,-0.0122718,-0.0168738,0.751651,0.747049,
134288,0.223961,0.222427,-0.101243,-0.0981748,2.0559,2.0559,-0.455959,-0.455959,0,0,-0.0122718,-0.0168738,0.751651,0.747049,
134308,0.223961,0.222427,-0.101243,-0.0966408,2.0559,2.0559,-0.455959,-0.455959,0,0,-0.0122718,-0.0168738,0.751651,0.747049,
134328,0.223961,0.222427,-0.101243,-0.0966408,2.0559,2.0559,-0.455959,-0.455959,0,0,-0.0122718,-0.0168738,0.751651,0.747049,
134350,0.223961,0.222427,-0.101243,-0.0966408,2.0559,2.0559,-0.455959,-0.455959,0,0,-0.0122718,-0.0168738,0.751651,0.747049,
134368,0.223961,0.222427,-0.101243,-0.0966408,2.0559,2.0559,-0.455959,-0.455959,0,0,-0.0122718,-0.0168738,0.751651,0.747049,
134388,0.223961,0.222427,-0.101243,-0.0966408,2.0559,2.0559,-0.455959,-0.455959,0,0,-0.0122718,-0.0168738,0.751651,0.747049,
134408,0.223961,0.222427,-0.101243,-0.0981748,2.0559,2.0559,-0.455959,-0.455959,0,0,-0.0122718,-0.0168738,0.751651,0.747049,
134428,0.223961,0.222427,-0.101243,-0.0981748,2.0559,2.0559,-0.455959,-0.455959,0,0,-0.0122718,-0.0168738,0.751651,0.747049,
134448,0.223961,0.222427,-0.101243,-0.0981748,2.0559,2.0559,-0.455959,-0.455959,0,0,-0.0122718,-0.0168738,0.751651,0.747049,
134468,0.223961,0.222427,-0.101243,-0.0981748,2.0559,2.0559,-0.455959,-0.455959,0,0,-0.0122718,-0.0168738,0.751651,0.747049,
134488,0.223961,0.222427,-0.101243,-0.0981748,2.0559,2.0559,-0.455959,-0.455959,0,0,-0.0122718,-0.0168738,0.751651,0.747049,
134508,0.223961,0.222427,-0.101243,-0.0981748,2.0559,2.0559,-0.455959,-0.455959,0,0,-0.0122718,-0.0168738,0.751651,0.747049,
134528,0.223961,0.222427,-0.101243,-0.0981748,2.0559,2.0559,-0.455959,-0.455959,0,0,-0.0122718,-0.0168738,0.751651,0.747049,
134548,0.223961,0.222427,-0.101243,-0.0981748,2.0559,2.0559,-0.455959,-0.455959,0,0,-0.0122718,-0.0168738,0.751651,0.747049,
134568,0.223961,0.222427,-0.101243,-0.0981748,2.0559,2.0559,-0.455959,-0.455959,0,0,-0.0122718,-0.0168738,0.751651,0.747049,
134588,0.223961,0.222427,-0.101243,-0.0981748,2.0559,2.0559,-0.455959,-0.455959,0,0,-0.0122718,-0.0168738,0.751651,0.747049,
134608,0.223961,0.222427,-0.101243,-0.0981748,2.0559,2.0559,-0.455959,-0.455959,0,0,-0.0122718,-0.0168738,0.751651,0.747049,
134628,0.223961,0.222427,-0.101243,-0.0981748,2.0559,2.0559,-0.455959,-0.455959,0,0,-0.0122718,-0.0168738,0.751651,0.747049,
134649,0.223961,0.222427,-0.101243,-0.0981748,2.0559,2.0559,-0.455959,-0.455959,0,0,-0.0122718,-0.0168738,0.751651,0.747049,
134668,0.223961,0.222427,-0.101243,-0.0981748,2.0559,2.0559,-0.455959,-0.455959,0,0,-0.0122718,-0.0168738,0.751651,0.747049,
134688,0.223961,0.222427,-0.101243,-0.0981748,2.0559,2.0559,-0.455959,-0.455959,0,0,-0.0122718,-0.0168738,0.751651,0.747049,
134708,0.223961,0.222427,-0.101243,-0.0981748,2.0559,2.0559,-0.455959,-0.455959,0,0,-0.0122718,-0.0168738,0.751651,0.747049,
134728,0.223961,0.222427,-0.101243,-0.0981748,2.0559,2.0559,-0.455959,-0.455959,0,0,-0.0122718,-0.0153398,0.751651,0.747049,
134748,0.223961,0.222427,-0.101243,-0.0981748,2.0559,2.0559,-0.455959,-0.455959,0,0,-0.0122718,-0.0153398,0.751651,0.747049,
134768,0.223961,0.222427,-0.101243,-0.0981748,2.0559,2.0559,-0.455959,-0.455959,0,0,-0.0122718,-0.0153398,0.751651,0.747049,
134788,0.223961,0.222427,-0.101243,-0.0981748,2.0559,2.0559,-0.455959,-0.455959,0,0,-0.0122718,-0.0153398,0.751651,0.747049,
134808,0.223961,0.222427,-0.101243,-0.0981748,2.0559,2.0559,-0.455959,-0.455959,0,0.00153398,-0.0122718,-0.0153398,0.751651,0.747049,
134828,0.223961,0.222427,-0.101243,-0.0981748,2.0559,2.0559,-0.455959,-0.455959,0,0.00153398,-0.0122718,-0.0153398,0.751651,0.747049,
134848,0.223961,0.222427,-0.101243,-0.0981748,2.0559,2.0559,-0.455959,-0.455959,0,0.00153398,-0.0122718,-0.0153398,0.751651,0.747049,
134868,0.223961,0.222427,-0.101243,-0.0981748,2.0559,2.0559,-0.455959,-0.455959,0,0.00153398,-0.0122718,-0.0153398,0.751651,0.747049,
134888,0.223961,0.222427,-0.101243,-0.0981748,2.0559,2.0559,-0.455959,-0.455959,0,0.00153398,-0.0122718,-0.0153398,0.751651,0.747049,
134908,0.223961,0.222427,-0.101243,-0.0981748,2.0559,2.0559,-0.455959,-0.454425,0,0,-0.0122718,-0.0153398,0.751651,0.747049,
134928,0.223961,0.222427,-0.101243,-0.0981748,2.0559,2.0559,-0.455959,-0.454425,0,0,-0.0122718,-0.0153398,0.751651,0.747049,
134948,0.223961,0.222427,-0.101243,-0.0981748,2.0559,2.0559,-0.455959,-0.454425,0,0,-0.0122718,-0.0153398,0.751651,0.747049,
134968,0.223961,0.222427,-0.101243,-0.0981748,2.0559,2.0559,-0.455959,-0.454425,0,0,-0.0122718,-0.0153398,0.751651,0.747049,
134988,0.223961,0.222427,-0.101243,-0.0981748,2.0559,2.0559,-0.455959,-0.455959,0,0,-0.0122718,-0.0153398,0.751651,0.747049,
135008,0.223961,0.222427,-0.101243,-0.0981748,2.0559,2.0559,-0.455959,-0.455959,0,0,-0.0122718,-0.0153398,0.751651,0.747049,
135028,0.223961,0.222427,-0.101243,-0.0981748,2.0559,2.0559,-0.455959,-0.455959,0,0,-0.0122718,-0.0153398,0.751651,0.747049,
135048,0.223961,0.222427,-0.101243,-0.0981748,2.0559,2.0559,-0.455959,-0.455959,0,0,-0.0122718,-0.0153398,0.751651,0.747049,
135068,0.223961,0.222427,-0.101243,-0.0981748,2.0559,2.0559,-0.455959,-0.455959,0,0,-0.0122718,-0.0153398,0.751651,0.747049,
135088,0.223961,0.222427,-0.101243,-0.0981748,2.0559,2.0559,-0.455959,-0.455959,0,0,-0.0122718,-0.0153398,0.751651,0.747049,
135108,0.223961,0.222427,-0.101243,-0.0981748,2.0559,2.0559,-0.455959,-0.455959,0,0.00153398,-0.0122718,-0.0153398,0.751651,0.747049,
135128,0.223961,0.222427,-0.101243,-0.0981748,2.0559,2.0559,-0.455959,-0.455959,0,0.00153398,-0.0122718,-0.0153398,0.751651,0.747049,
135148,0.223961,0.222427,-0.101243,-0.0981748,2.0559,2.0559,-0.455959,-0.455959,0,0.00153398,-0.0122718,-0.0153398,0.751651,0.747049,
135168,0.223961,0.222427,-0.101243,-0.0981748,2.0559,2.0559,-0.455959,-0.455959,0,0.00153398,-0.0122718,-0.0153398,0.751651,0.747049,
135188,0.223961,0.222427,-0.101243,-0.0981748,2.0559,2.0559,-0.455959,-0.455959,0,0.00153398,-0.0122718,-0.0153398,0.751651,0.747049,
135208,0.223961,0.222427,-0.101243,-0.0981748,2.0559,2.0559,-0.455959,-0.455959,0,0,-0.0122718,-0.0153398,0.751651,0.747049,
135228,0.223961,0.222427,-0.101243,-0.0981748,2.0559,2.0559,-0.455959,-0.455959,0,0,-0.0122718,-0.0153398,0.751651,0.747049,
135248,0.223961,0.222427,-0.101243,-0.0981748,2.0559,2.0559,-0.455959,-0.455959,0,0,-0.0122718,-0.0153398,0.751651,0.747049,
135268,0.223961,0.222427,-0.101243,-0.0981748,2.0559,2.0559,-0.455959,-0.455959,0,0,-0.0122718,-0.0153398,0.751651,0.747049,
135288,0.223961,0.222427,-0.101243,-0.0981748,2.0559,2.0559,-0.455959,-0.455959,0,0,-0.0122718,-0.0153398,0.751651,0.747049,
135308,0.223961,0.222427,-0.101243,-0.0981748,2.0559,2.0559,-0.455959,-0.455959,0,0,-0.0122718,-0.0153398,0.751651,0.747049,
135328,0.223961,0.222427,-0.101243,-0.0981748,2.0559,2.0559,-0.455959,-0.455959,0,0,-0.0122718,-0.0153398,0.751651,0.747049,
135348,0.223961,0.222427,-0.101243,-0.0981748,2.0559,2.0559,-0.455959,-0.455959,0,0,-0.0122718,-0.0153398,0.751651,0.747049,
135368,0.223961,0.222427,-0.101243,-0.0981748,2.0559,2.0559,-0.455959,-0.455959,0,0,-0.0122718,-0.0153398,0.751651,0.747049,
135388,0.223961,0.222427,-0.101243,-0.101243,2.0559,2.0559,-0.455959,-0.455959,0,0,-0.0122718,-0.0153398,0.751651,0.747049,
135408,0.223961,0.222427,-0.101243,-0.101243,2.0559,2.0559,-0.455959,-0.455959,0,0,-0.0122718,-0.0153398,0.751651,0.747049,
135428,0.223961,0.222427,-0.101243,-0.101243,2.0559,2.0559,-0.455959,-0.455959,0,0,-0.0122718,-0.0153398,0.751651,0.747049,
135448,0.223961,0.222427,-0.101243,-0.101243,2.0559,2.0559,-0.455959,-0.455959,0,0,-0.0122718,-0.0153398,0.751651,0.747049,
135468,0.223961,0.222427,-0.101243,-0.101243,2.0559,2.0559,-0.455959,-0.455959,0,0,-0.0122718,-0.0153398,0.751651,0.747049,
135488,0.223961,0.222427,-0.101243,-0.101243,2.0559,2.0559,-0.455959,-0.455959,0,0,-0.0122718,-0.0153398,0.751651,0.747049,
135508,0.223961,0.222427,-0.101243,-0.102777,2.0559,2.0559,-0.455959,-0.455959,0,0,-0.0122718,-0.0153398,0.751651,0.747049,
135528,0.223961,0.222427,-0.101243,-0.102777,2.0559,2.0559,-0.455959,-0.455959,0,0,-0.0122718,-0.0153398,0.751651,0.747049,
135548,0.223961,0.222427,-0.101243,-0.102777,2.0559,2.0559,-0.455959,-0.455959,0,0,-0.0122718,-0.0153398,0.751651,0.747049,
135568,0.223961,0.222427,-0.101243,-0.102777,2.0559,2.0559,-0.455959,-0.455959,0,0,-0.0122718,-0.0153398,0.751651,0.747049,
135588,0.223961,0.222427,-0.101243,-0.102777,2.0559,2.0559,-0.455959,-0.455959,0,0,-0.0122718,-0.0153398,0.751651,0.747049,
135608,0.223961,0.222427,-0.101243,-0.102777,2.0559,2.0559,-0.455959,-0.455959,0,0,-0.0122718,-0.0153398,0.751651,0.747049,
135628,0.223961,0.222427,-0.101243,-0.102777,2.0559,2.0559,-0.455959,-0.455959,0,0,-0.0122718,-0.0153398,0.751651,0.747049,
135648,0.223961,0.222427,-0.101243,-0.102777,2.0559,2.0559,-0.455959,-0.455959,0,0,-0.0122718,-0.0153398,0.751651,0.747049,
135668,0.223961,0.222427,-0.101243,-0.102777,2.0559,2.0559,-0.455959,-0.455959,0,0,-0.0122718,-0.0153398,0.751651,0.747049,
135688,0.223961,0.222427,-0.101243,-0.102777,2.0559,2.0559,-0.455959,-0.455959,0,0,-0.0122718,-0.0153398,0.751651,0.747049,
135708,0.223961,0.222427,-0.101243,-0.102777,2.0559,2.0559,-0.455959,-0.455959,0,0,-0.0122718,-0.0153398,0.751651,0.747049,
135728,0.223961,0.222427,-0.101243,-0.102777,2.0559,2.0559,-0.455959,-0.455959,0,0,-0.0122718,-0.0153398,0.751651,0.747049,
135748,0.223961,0.222427,-0.101243,-0.102777,2.0559,2.0559,-0.455959,-0.455959,0,0,-0.0122718,-0.0153398,0.751651,0.747049,
135768,0.223961,0.222427,-0.101243,-0.102777,2.0559,2.0559,-0.455959,-0.455959,0,0,-0.0122718,-0.0153398,0.751651,0.747049,
135788,0.223961,0.222427,-0.101243,-0.102777,2.0559,2.0559,-0.455959,-0.455959,0,0,-0.0122718,-0.0153398,0.751651,0.747049,
135808,0.223961,0.222427,-0.101243,-0.102777,2.0559,2.0559,-0.455959,-0.455959,0,0,-0.0122718,-0.0153398,0.751651,0.747049,
135828,0.223961,0.222427,-0.101243,-0.102777,2.0559,2.0559,-0.455959,-0.455959,0,0,-0.0122718,-0.0153398,0.751651,0.747049,
135848,0.223961,0.222427,-0.101243,-0.102777,2.0559,2.0559,-0.455959,-0.455959,0,0,-0.0122718,-0.0153398,0.751651,0.747049,
135868,0.223961,0.222427,-0.101243,-0.102777,2.0559,2.0559,-0.455959,-0.455959,0,0,-0.0122718,-0.0153398,0.751651,0.747049,
135888,0.223961,0.222427,-0.101243,-0.102777,2.0559,2.0559,-0.455959,-0.455959,0,0,-0.0122718,-0.0153398,0.751651,0.747049,
135908,0.223961,0.222427,-0.101243,-0.102777,2.0559,2.0559,-0.455959,-0.455959,0,0.00153398,-0.0122718,-0.0153398,0.751651,0.747049,
135928,0.223961,0.222427,-0.101243,-0.102777,2.0559,2.0559,-0.455959,-0.455959,0,0.00153398,-0.0122718,-0.0153398,0.751651,0.747049,
135948,0.223961,0.222427,-0.101243,-0.102777,2.0559,2.0559,-0.455959,-0.455959,0,0.00153398,-0.0122718,-0.0153398,0.751651,0.747049,
135968,0.223961,0.222427,-0.101243,-0.102777,2.0559,2.0559,-0.455959,-0.455959,0,0.00153398,-0.0122718,-0.0153398,0.751651,0.747049,
135988,0.223961,0.222427,-0.101243,-0.102777,2.0559,2.0559,-0.455959,-0.455959,0,0.00153398,-0.0122718,-0.0153398,0.751651,0.747049,
136008,0.223961,0.222427,-0.101243,-0.102777,2.0559,2.05743,-0.455959,-0.455959,0,0,-0.0122718,-0.0153398,0.751651,0.747049,
136028,0.223961,0.222427,-0.101243,-0.102777,2.0559,2.05743,-0.455959,-0.455959,0,0,-0.0122718,-0.0153398,0.751651,0.747049,
136048,0.223961,0.222427,-0.101243,-0.102777,2.0559,2.05743,-0.455959,-0.455959,0,0,-0.0122718,-0.0153398,0.751651,0.747049,
136068,0.223961,0.222427,-0.101243,-0.102777,2.0559,2.05743,-0.455959,-0.455959,0,0,-0.0122718,-0.0153398,0.751651,0.747049,
136088,0.223961,0.222427,-0.101243,-0.102777,2.0559,2.05743,-0.455959,-0.455959,0,0,-0.0122718,-0.0153398,0.751651,0.747049,
136108,0.223961,0.222427,-0.101243,-0.102777,2.0559,2.05743,-0.455959,-0.455959,0,0,-0.0122718,-0.0153398,0.751651,0.747049,
136128,0.223961,0.222427,-0.101243,-0.102777,2.0559,2.05743,-0.455959,-0.455959,0,0,-0.0122718,-0.0153398,0.751651,0.747049,
136148,0.223961,0.222427,-0.101243,-0.102777,2.0559,2.05743,-0.455959,-0.455959,0,0,-0.0122718,-0.0153398,0.751651,0.747049,
136168,0.223961,0.222427,-0.101243,-0.102777,2.0559,2.05743,-0.455959,-0.455959,0,0,-0.0122718,-0.0153398,0.751651,0.747049,
136188,0.223961,0.222427,-0.101243,-0.102777,2.0559,2.05743,-0.455959,-0.455959,0,0,-0.0122718,-0.0153398,0.751651,0.747049,
136208,0.223961,0.222427,-0.101243,-0.102777,2.0559,2.05743,-0.455959,-0.455959,0,0,-0.0122718,-0.0153398,0.751651,0.747049,
136228,0.223961,0.222427,-0.101243,-0.102777,2.0559,2.05743,-0.455959,-0.455959,0,0,-0.0122718,-0.0153398,0.751651,0.747049,
136248,0.223961,0.222427,-0.101243,-0.102777,2.0559,2.05743,-0.455959,-0.455959,0,0,-0.0122718,-0.0153398,0.751651,0.747049,
136268,0.223961,0.222427,-0.101243,-0.102777,2.0559,2.05743,-0.455959,-0.455959,0,0,-0.0122718,-0.0153398,0.751651,0.747049,
136288,0.223961,0.222427,-0.101243,-0.102777,2.0559,2.05743,-0.455959,-0.455959,0,0,-0.0122718,-0.0153398,0.751651,0.747049,
136308,0.223961,0.222427,-0.101243,-0.102777,2.0559,2.05743,-0.455959,-0.455959,0,0,-0.0122718,-0.0153398,0.751651,0.747049,
136328,0.223961,0.222427,-0.101243,-0.102777,2.0559,2.05743,-0.455959,-0.455959,0,0,-0.0122718,-0.0153398,0.751651,0.747049,
136348,0.223961,0.222427,-0.101243,-0.102777,2.0559,2.05743,-0.455959,-0.455959,0,0,-0.0122718,-0.0153398,0.751651,0.747049,
136368,0.223961,0.222427,-0.101243,-0.102777,2.0559,2.05743,-0.455959,-0.455959,0,0,-0.0122718,-0.0153398,0.751651,0.747049,
136388,0.223961,0.222427,-0.101243,-0.102777,2.0559,2.05743,-0.455959,-0.455959,0,0,-0.0122718,-0.0153398,0.751651,0.747049,
136408,0.223961,0.222427,-0.101243,-0.102777,2.0559,2.0559,-0.455959,-0.455959,0,0,-0.0122718,-0.0153398,0.751651,0.747049,
136428,0.223961,0.222427,-0.101243,-0.102777,2.0559,2.0559,-0.455959,-0.455959,0,0,-0.0122718,-0.0153398,0.751651,0.747049,
136448,0.223961,0.222427,-0.101243,-0.102777,2.0559,2.0559,-0.455959,-0.455959,0,0,-0.0122718,-0.0153398,0.751651,0.747049,
136468,0.223961,0.222427,-0.101243,-0.102777,2.0559,2.0559,-0.455959,-0.455959,0,0,-0.0122718,-0.0153398,0.751651,0.747049,
136488,0.223961,0.222427,-0.101243,-0.102777,2.0559,2.0559,-0.455959,-0.455959,0,0,-0.0122718,-0.0153398,0.751651,0.747049,
136508,0.223961,0.222427,-0.101243,-0.102777,2.0559,2.0559,-0.455959,-0.455959,0,0,-0.0122718,-0.0153398,0.751651,0.747049,
136528,0.223961,0.222427,-0.101243,-0.102777,2.0559,2.0559,-0.455959,-0.455959,0,0,-0.0122718,-0.0153398,0.751651,0.747049,
136548,0.223961,0.222427,-0.101243,-0.102777,2.0559,2.0559,-0.455959,-0.455959,0,0,-0.0122718,-0.0153398,0.751651,0.747049,
136568,0.223961,0.222427,-0.101243,-0.102777,2.0559,2.0559,-0.455959,-0.455959,0,0,-0.0122718,-0.0153398,0.751651,0.747049,
136588,0.223961,0.222427,-0.101243,-0.102777,2.0559,2.05743,-0.455959,-0.455959,0,0,-0.0122718,-0.0153398,0.751651,0.745515,
136608,0.223961,0.222427,-0.101243,-0.102777,2.0559,2.05743,-0.455959,-0.455959,0,0,-0.0122718,-0.0153398,0.751651,0.745515,
136628,0.223961,0.222427,-0.101243,-0.102777,2.0559,2.05743,-0.455959,-0.455959,0,0,-0.0122718,-0.0153398,0.751651,0.745515,
136648,0.223961,0.222427,-0.101243,-0.102777,2.0559,2.05743,-0.455959,-0.455959,0,0,-0.0122718,-0.0153398,0.751651,0.745515,
136668,0.223961,0.222427,-0.101243,-0.102777,2.0559,2.05743,-0.455959,-0.455959,0,0,-0.0122718,-0.0153398,0.751651,0.745515,
136688,0.223961,0.222427,-0.101243,-0.102777,2.0559,2.05743,-0.455959,-0.455959,0,0,-0.0122718,-0.0153398,0.751651,0.745515,
136708,0.223961,0.222427,-0.101243,-0.102777,2.0559,2.0559,-0.455959,-0.455959,0,0.00153398,-0.0122718,-0.0153398,0.751651,0.747049,
136728,0.223961,0.222427,-0.101243,-0.102777,2.0559,2.0559,-0.455959,-0.455959,0,0.00153398,-0.0122718,-0.0153398,0.751651,0.747049,
136748,0.223961,0.222427,-0.101243,-0.102777,2.0559,2.0559,-0.455959,-0.455959,0,0.00153398,-0.0122718,-0.0153398,0.751651,0.747049,
136768,0.223961,0.222427,-0.101243,-0.102777,2.0559,2.0559,-0.455959,-0.455959,0,0.00153398,-0.0122718,-0.0153398,0.751651,0.747049,
136788,0.223961,0.222427,-0.101243,-0.102777,2.0559,2.0559,-0.455959,-0.455959,0,0.00153398,-0.0122718,-0.0153398,0.751651,0.747049,
136808,0.223961,0.222427,-0.101243,-0.102777,2.0559,2.05743,-0.455959,-0.455959,0,0,-0.0122718,-0.0153398,0.751651,0.747049,
136828,0.223961,0.222427,-0.101243,-0.102777,2.0559,2.05743,-0.455959,-0.455959,0,0,-0.0122718,-0.0153398,0.751651,0.747049,
136848,0.223961,0.222427,-0.101243,-0.102777,2.0559,2.05743,-0.455959,-0.455959,0,0,-0.0122718,-0.0153398,0.751651,0.747049,
136868,0.223961,0.222427,-0.101243,-0.102777,2.0559,2.05743,-0.455959,-0.455959,0,0,-0.0122718,-0.0153398,0.751651,0.747049,
136888,0.223961,0.222427,-0.101243,-0.102777,2.0559,2.05743,-0.455959,-0.455959,0,0,-0.0122718,-0.0153398,0.751651,0.747049,
136908,0.223961,0.222427,-0.101243,-0.102777,2.0559,2.05743,-0.455959,-0.455959,0,0,-0.0122718,-0.0153398,0.751651,0.747049,
136928,0.223961,0.222427,-0.101243,-0.102777,2.0559,2.05743,-0.455959,-0.455959,0,0,-0.0122718,-0.0153398,0.751651,0.747049,
136948,0.223961,0.222427,-0.101243,-0.102777,2.0559,2.05743,-0.455959,-0.455959,0,0,-0.0122718,-0.0153398,0.751651,0.747049,
136968,0.223961,0.222427,-0.101243,-0.102777,2.0559,2.05743,-0.455959,-0.455959,0,0,-0.0122718,-0.0153398,0.751651,0.747049,
136988,0.223961,0.222427,-0.101243,-0.102777,2.0559,2.0559,-0.455959,-0.455959,0,0,-0.0122718,-0.0153398,0.751651,0.747049,
137008,0.223961,0.222427,-0.101243,-0.102777,2.0559,2.0559,-0.455959,-0.455959,0,0,-0.0122718,-0.0153398,0.751651,0.747049,
137028,0.223961,0.222427,-0.101243,-0.102777,2.0559,2.0559,-0.455959,-0.455959,0,0,-0.0122718,-0.0153398,0.751651,0.747049,
137048,0.223961,0.222427,-0.101243,-0.102777,2.0559,2.0559,-0.455959,-0.455959,0,0,-0.0122718,-0.0153398,0.751651,0.747049,
137068,0.223961,0.222427,-0.101243,-0.102777,2.0559,2.0559,-0.455959,-0.455959,0,0,-0.0122718,-0.0153398,0.751651,0.747049,
137088,0.223961,0.222427,-0.101243,-0.102777,2.0559,2.0559,-0.455959,-0.455959,0,0,-0.0122718,-0.0153398,0.751651,0.747049,
137108,0.223961,0.222427,-0.101243,-0.102777,2.0559,2.05743,-0.455959,-0.455959,0,0,-0.0122718,-0.0153398,0.751651,0.747049,
137128,0.223961,0.222427,-0.101243,-0.102777,2.0559,2.05743,-0.455959,-0.455959,0,0,-0.0122718,-0.0153398,0.751651,0.747049,
137148,0.223961,0.222427,-0.101243,-0.102777,2.0559,2.05743,-0.455959,-0.455959,0,0,-0.0122718,-0.0153398,0.751651,0.747049,
137168,0.223961,0.222427,-0.101243,-0.102777,2.0559,2.05743,-0.455959,-0.455959,0,0,-0.0122718,-0.0153398,0.751651,0.747049,
137188,0.223961,0.222427,-0.101243,-0.102777,2.0559,2.05743,-0.455959,-0.455959,0,0,-0.0122718,-0.0153398,0.751651,0.747049,
137208,0.223961,0.222427,-0.101243,-0.102777,2.0559,2.05743,-0.455959,-0.455959,0,0.00153398,-0.0122718,-0.0153398,0.751651,0.747049,
137228,0.223961,0.222427,-0.101243,-0.102777,2.0559,2.05743,-0.455959,-0.455959,0,0.00153398,-0.0122718,-0.0153398,0.751651,0.747049,
137248,0.223961,0.222427,-0.101243,-0.102777,2.0559,2.05743,-0.455959,-0.455959,0,0.00153398,-0.0122718,-0.0153398,0.751651,0.747049,
137268,0.223961,0.222427,-0.101243,-0.102777,2.0559,2.05743,-0.455959,-0.455959,0,0.00153398,-0.0122718,-0.0153398,0.751651,0.747049,
137288,0.223961,0.222427,-0.101243,-0.102777,2.0559,2.0559,-0.455959,-0.455959,0,0,-0.0122718,-0.0153398,0.751651,0.747049,
137308,0.223961,0.222427,-0.101243,-0.102777,2.0559,2.0559,-0.455959,-0.455959,0,0,-0.0122718,-0.0153398,0.751651,0.747049,
137328,0.223961,0.222427,-0.101243,-0.102777,2.0559,2.0559,-0.455959,-0.455959,0,0,-0.0122718,-0.0153398,0.751651,0.747049,
137348,0.223961,0.222427,-0.101243,-0.102777,2.0559,2.0559,-0.455959,-0.455959,0,0,-0.0122718,-0.0153398,0.751651,0.747049,
137368,0.223961,0.222427,-0.101243,-0.102777,2.0559,2.0559,-0.455959,-0.455959,0,0,-0.0122718,-0.0153398,0.751651,0.747049,
137388,0.223961,0.222427,-0.101243,-0.102777,2.0559,2.0559,-0.455959,-0.455959,0,0,-0.0122718,-0.0153398,0.751651,0.747049,
137408,0.223961,0.222427,-0.101243,-0.102777,2.0559,2.0559,-0.455959,-0.455959,0,0,-0.0122718,-0.0153398,0.751651,0.747049,
137428,0.223961,0.222427,-0.101243,-0.102777,2.0559,2.0559,-0.455959,-0.455959,0,0,-0.0122718,-0.0153398,0.751651,0.747049,
137448,0.223961,0.222427,-0.101243,-0.102777,2.0559,2.0559,-0.455959,-0.455959,0,0,-0.0122718,-0.0153398,0.751651,0.747049,
137468,0.223961,0.222427,-0.101243,-0.102777,2.0559,2.0559,-0.455959,-0.455959,0,0,-0.0122718,-0.0153398,0.751651,0.747049,
137488,0.223961,0.222427,-0.101243,-0.102777,2.0559,2.0559,-0.455959,-0.455959,0,0,-0.0122718,-0.0153398,0.751651,0.747049,
137508,0.223961,0.222427,-0.101243,-0.102777,2.0559,2.0559,-0.455959,-0.455959,0,0,-0.0122718,-0.0153398,0.751651,0.747049,
137528,0.223961,0.222427,-0.101243,-0.102777,2.0559,2.0559,-0.455959,-0.455959,0,0,-0.0122718,-0.0153398,0.751651,0.747049,
137548,0.223961,0.222427,-0.101243,-0.102777,2.0559,2.0559,-0.455959,-0.455959,0,0,-0.0122718,-0.0153398,0.751651,0.747049,
137568,0.223961,0.222427,-0.101243,-0.102777,2.0559,2.0559,-0.455959,-0.455959,0,0,-0.0122718,-0.0153398,0.751651,0.747049,
137588,0.223961,0.222427,-0.101243,-0.102777,2.0559,2.0559,-0.455959,-0.455959,0,0,-0.0122718,-0.0153398,0.751651,0.747049,
137609,0.223961,0.222427,-0.101243,-0.102777,2.0559,2.05743,-0.455959,-0.455959,0,0,-0.0122718,-0.0153398,0.751651,0.747049,
137628,0.223961,0.222427,-0.101243,-0.102777,2.0559,2.05743,-0.455959,-0.455959,0,0,-0.0122718,-0.0153398,0.751651,0.747049,
137648,0.223961,0.222427,-0.101243,-0.102777,2.0559,2.05743,-0.455959,-0.455959,0,0,-0.0122718,-0.0153398,0.751651,0.747049,
137668,0.223961,0.222427,-0.101243,-0.102777,2.0559,2.05743,-0.455959,-0.455959,0,0,-0.0122718,-0.0153398,0.751651,0.747049,
137688,0.223961,0.222427,-0.101243,-0.102777,2.0559,2.05743,-0.455959,-0.455959,0,0,-0.0122718,-0.0153398,0.751651,0.747049,
137708,0.223961,0.222427,-0.101243,-0.102777,2.0559,2.0559,-0.455959,-0.455959,0,0,-0.0122718,-0.0153398,0.751651,0.747049,
137728,0.223961,0.222427,-0.101243,-0.102777,2.0559,2.0559,-0.455959,-0.455959,0,0,-0.0122718,-0.0153398,0.751651,0.747049,
137748,0.223961,0.222427,-0.101243,-0.102777,2.0559,2.0559,-0.455959,-0.455959,0,0,-0.0122718,-0.0153398,0.751651,0.747049,
137768,0.223961,0.222427,-0.101243,-0.102777,2.0559,2.0559,-0.455959,-0.455959,0,0,-0.0122718,-0.0153398,0.751651,0.747049,
137788,0.223961,0.222427,-0.101243,-0.102777,2.0559,2.05743,-0.455959,-0.455959,0,0,-0.0122718,-0.0153398,0.751651,0.747049,
137808,0.223961,0.222427,-0.101243,-0.102777,2.0559,2.05743,-0.455959,-0.455959,0,0,-0.0122718,-0.0153398,0.751651,0.747049,
137828,0.223961,0.222427,-0.101243,-0.102777,2.0559,2.05743,-0.455959,-0.455959,0,0,-0.0122718,-0.0153398,0.751651,0.747049,
137848,0.223961,0.222427,-0.101243,-0.102777,2.0559,2.05743,-0.455959,-0.455959,0,0,-0.0122718,-0.0153398,0.751651,0.747049,
137869,0.223961,0.222427,-0.101243,-0.102777,2.0559,2.05743,-0.455959,-0.455959,0,0,-0.0122718,-0.0153398,0.751651,0.747049,
137888,0.223961,0.222427,-0.101243,-0.102777,2.0559,2.05743,-0.455959,-0.455959,0,0,-0.0122718,-0.0153398,0.751651,0.747049,
137908,0.223961,0.222427,-0.101243,-0.102777,2.0559,2.0559,-0.455959,-0.455959,0,0,-0.0122718,-0.0153398,0.751651,0.745515,
137928,0.223961,0.222427,-0.101243,-0.102777,2.0559,2.0559,-0.455959,-0.455959,0,0,-0.0122718,-0.0153398,0.751651,0.745515,
137948,0.223961,0.222427,-0.101243,-0.102777,2.0559,2.0559,-0.455959,-0.455959,0,0,-0.0122718,-0.0153398,0.751651,0.745515,
137968,0.223961,0.222427,-0.101243,-0.102777,2.0559,2.0559,-0.455959,-0.455959,0,0,-0.0122718,-0.0153398,0.751651,0.745515,
137988,0.223961,0.222427,-0.101243,-0.102777,2.0559,2.0559,-0.455959,-0.455959,0,0,-0.0122718,-0.0153398,0.751651,0.745515,
138008,0.223961,0.222427,-0.101243,-0.102777,2.0559,2.05743,-0.455959,-0.455959,0,0,-0.0122718,-0.0153398,0.751651,0.747049,
138028,0.223961,0.222427,-0.101243,-0.102777,2.0559,2.05743,-0.455959,-0.455959,0,0,-0.0122718,-0.0153398,0.751651,0.747049,
138048,0.223961,0.222427,-0.101243,-0.102777,2.0559,2.05743,-0.455959,-0.455959,0,0,-0.0122718,-0.0153398,0.751651,0.747049,
138068,0.223961,0.222427,-0.101243,-0.102777,2.0559,2.05743,-0.455959,-0.455959,0,0,-0.0122718,-0.0153398,0.751651,0.747049,
138088,0.223961,0.222427,-0.101243,-0.102777,2.0559,2.05743,-0.455959,-0.455959,0,0,-0.0122718,-0.0153398,0.751651,0.747049,
138108,0.223961,0.222427,-0.101243,-0.102777,2.0559,2.05743,-0.455959,-0.455959,0,0,-0.0122718,-0.0153398,0.751651,0.747049,
138128,0.223961,0.222427,-0.101243,-0.102777,2.0559,2.05743,-0.455959,-0.455959,0,0,-0.0122718,-0.0153398,0.751651,0.747049,
138148,0.223961,0.222427,-0.101243,-0.102777,2.0559,2.05743,-0.455959,-0.455959,0,0,-0.0122718,-0.0153398,0.751651,0.747049,
138168,0.223961,0.222427,-0.101243,-0.102777,2.0559,2.05743,-0.455959,-0.455959,0,0,-0.0122718,-0.0153398,0.751651,0.747049,
138188,0.223961,0.222427,-0.101243,-0.102777,2.0559,2.05743,-0.455959,-0.455959,0,0,-0.0122718,-0.0153398,0.751651,0.747049,
138208,0.223961,0.222427,-0.101243,-0.102777,2.0559,2.05743,-0.455959,-0.455959,0,0,-0.0122718,-0.0153398,0.751651,0.747049,
138228,0.223961,0.222427,-0.101243,-0.102777,2.0559,2.05743,-0.455959,-0.455959,0,0,-0.0122718,-0.0153398,0.751651,0.747049,
138248,0.223961,0.222427,-0.101243,-0.102777,2.0559,2.05743,-0.455959,-0.455959,0,0,-0.0122718,-0.0153398,0.751651,0.747049,
138268,0.223961,0.222427,-0.101243,-0.102777,2.0559,2.05743,-0.455959,-0.455959,0,0,-0.0122718,-0.0153398,0.751651,0.747049,
138288,0.223961,0.222427,-0.101243,-0.102777,2.0559,2.05743,-0.455959,-0.455959,0,0,-0.0122718,-0.0153398,0.751651,0.747049,
138308,0.223961,0.222427,-0.101243,-0.102777,2.0559,2.0559,-0.455959,-0.455959,0,0,-0.0122718,-0.0153398,0.751651,0.747049,
138328,0.223961,0.222427,-0.101243,-0.102777,2.0559,2.0559,-0.455959,-0.455959,0,0,-0.0122718,-0.0153398,0.751651,0.747049,
138348,0.223961,0.222427,-0.101243,-0.102777,2.0559,2.0559,-0.455959,-0.455959,0,0,-0.0122718,-0.0153398,0.751651,0.747049,
138368,0.223961,0.222427,-0.101243,-0.102777,2.0559,2.0559,-0.455959,-0.455959,0,0,-0.0122718,-0.0153398,0.751651,0.747049,
138388,0.223961,0.222427,-0.101243,-0.102777,2.0559,2.0559,-0.455959,-0.455959,0,0,-0.0122718,-0.0153398,0.751651,0.747049,
138408,0.223961,0.222427,-0.101243,-0.102777,2.0559,2.0559,-0.455959,-0.455959,0,0,-0.0122718,-0.0153398,0.751651,0.747049,
138428,0.223961,0.222427,-0.101243,-0.102777,2.0559,2.0559,-0.455959,-0.455959,0,0,-0.0122718,-0.0153398,0.751651,0.747049,
138448,0.223961,0.222427,-0.101243,-0.102777,2.0559,2.0559,-0.455959,-0.455959,0,0,-0.0122718,-0.0153398,0.751651,0.747049,
138468,0.223961,0.222427,-0.101243,-0.102777,2.0559,2.0559,-0.455959,-0.455959,0,0,-0.0122718,-0.0153398,0.751651,0.747049,
138488,0.223961,0.222427,-0.101243,-0.102777,2.0559,2.0559,-0.455959,-0.455959,0,0,-0.0122718,-0.0153398,0.751651,0.747049,
138508,0.223961,0.222427,-0.101243,-0.102777,2.0559,2.05743,-0.455959,-0.455959,0,0,-0.0122718,-0.0153398,0.751651,0.747049,
138528,0.223961,0.222427,-0.101243,-0.102777,2.0559,2.05743,-0.455959,-0.455959,0,0,-0.0122718,-0.0153398,0.751651,0.747049,
138548,0.223961,0.222427,-0.101243,-0.102777,2.0559,2.05743,-0.455959,-0.455959,0,0,-0.0122718,-0.0153398,0.751651,0.747049,
138568,0.223961,0.222427,-0.101243,-0.102777,2.0559,2.05743,-0.455959,-0.455959,0,0,-0.0122718,-0.0153398,0.751651,0.747049,
138588,0.223961,0.222427,-0.101243,-0.102777,2.0559,2.0559,-0.455959,-0.455959,0,0,-0.0122718,-0.0153398,0.751651,0.745515,
138608,0.223961,0.222427,-0.101243,-0.102777,2.0559,2.0559,-0.455959,-0.455959,0,0,-0.0122718,-0.0153398,0.751651,0.745515,
138628,0.223961,0.222427,-0.101243,-0.102777,2.0559,2.0559,-0.455959,-0.455959,0,0,-0.0122718,-0.0153398,0.751651,0.745515,
138648,0.223961,0.222427,-0.101243,-0.102777,2.0559,2.0559,-0.455959,-0.455959,0,0,-0.0122718,-0.0153398,0.751651,0.745515,
138668,0.223961,0.222427,-0.101243,-0.102777,2.0559,2.0559,-0.455959,-0.455959,0,0,-0.0122718,-0.0153398,0.751651,0.745515,
138688,0.223961,0.222427,-0.101243,-0.102777,2.0559,2.0559,-0.455959,-0.455959,0,0,-0.0122718,-0.0153398,0.751651,0.745515,
138708,0.223961,0.222427,-0.101243,-0.102777,2.0559,2.05743,-0.455959,-0.455959,0,0.00153398,-0.0122718,-0.0153398,0.751651,0.747049,
138728,0.223961,0.222427,-0.101243,-0.102777,2.0559,2.05743,-0.455959,-0.455959,0,0.00153398,-0.0122718,-0.0153398,0.751651,0.747049,
138748,0.223961,0.222427,-0.101243,-0.102777,2.0559,2.05743,-0.455959,-0.455959,0,0.00153398,-0.0122718,-0.0153398,0.751651,0.747049,
138768,0.223961,0.222427,-0.101243,-0.102777,2.0559,2.05743,-0.455959,-0.455959,0,0.00153398,-0.0122718,-0.0153398,0.751651,0.747049,
138788,0.223961,0.222427,-0.101243,-0.102777,2.0559,2.05743,-0.455959,-0.455959,0,0.00153398,-0.0122718,-0.0153398,0.751651,0.747049,
138808,0.223961,0.222427,-0.101243,-0.102777,2.0559,2.0559,-0.455959,-0.455959,0,0,-0.0122718,-0.0153398,0.751651,0.747049,
138828,0.223961,0.222427,-0.101243,-0.102777,2.0559,2.0559,-0.455959,-0.455959,0,0,-0.0122718,-0.0153398,0.751651,0.747049,
138848,0.223961,0.222427,-0.101243,-0.102777,2.0559,2.0559,-0.455959,-0.455959,0,0,-0.0122718,-0.0153398,0.751651,0.747049,
138868,0.223961,0.222427,-0.101243,-0.102777,2.0559,2.0559,-0.455959,-0.455959,0,0,-0.0122718,-0.0153398,0.751651,0.747049,
138888,0.223961,0.222427,-0.101243,-0.102777,2.0559,2.0559,-0.455959,-0.455959,0,0,-0.0122718,-0.0153398,0.751651,0.747049,
138908,0.223961,0.222427,-0.101243,-0.102777,2.0559,2.0559,-0.455959,-0.455959,0,0,-0.0122718,-0.0153398,0.751651,0.747049,
138928,0.223961,0.222427,-0.101243,-0.102777,2.0559,2.0559,-0.455959,-0.455959,0,0,-0.0122718,-0.0153398,0.751651,0.747049,
138948,0.223961,0.222427,-0.101243,-0.102777,2.0559,2.0559,-0.455959,-0.455959,0,0,-0.0122718,-0.0153398,0.751651,0.747049,
138968,0.223961,0.222427,-0.101243,-0.102777,2.0559,2.0559,-0.455959,-0.455959,0,0,-0.0122718,-0.0153398,0.751651,0.747049,
138988,0.223961,0.222427,-0.101243,-0.102777,2.0559,2.0559,-0.455959,-0.455959,0,0,-0.0122718,-0.0153398,0.751651,0.745515,
139008,0.223961,0.222427,-0.101243,-0.102777,2.0559,2.0559,-0.455959,-0.455959,0,0,-0.0122718,-0.0153398,0.751651,0.745515,
139028,0.223961,0.222427,-0.101243,-0.102777,2.0559,2.0559,-0.455959,-0.455959,0,0,-0.0122718,-0.0153398,0.751651,0.745515,
139048,0.223961,0.222427,-0.101243,-0.102777,2.0559,2.0559,-0.455959,-0.455959,0,0,-0.0122718,-0.0153398,0.751651,0.745515,
139068,0.223961,0.222427,-0.101243,-0.102777,2.0559,2.0559,-0.455959,-0.455959,0,0,-0.0122718,-0.0153398,0.751651,0.745515,
139088,0.223961,0.222427,-0.101243,-0.102777,2.0559,2.0559,-0.455959,-0.455959,0,0,-0.0122718,-0.0153398,0.751651,0.745515,
139108,0.223961,0.222427,-0.101243,-0.102777,2.0559,2.0559,-0.455959,-0.455959,0,0,-0.0122718,-0.0153398,0.751651,0.747049,
139128,0.223961,0.222427,-0.101243,-0.102777,2.0559,2.0559,-0.455959,-0.455959,0,0,-0.0122718,-0.0153398,0.751651,0.747049,
139148,0.223961,0.222427,-0.101243,-0.102777,2.0559,2.0559,-0.455959,-0.455959,0,0,-0.0122718,-0.0153398,0.751651,0.747049,
139168,0.223961,0.222427,-0.101243,-0.102777,2.0559,2.0559,-0.455959,-0.455959,0,0,-0.0122718,-0.0153398,0.751651,0.747049,
139188,0.223961,0.222427,-0.101243,-0.102777,2.0559,2.0559,-0.455959,-0.455959,0,0,-0.0122718,-0.0153398,0.751651,0.747049,
139208,0.223961,0.222427,-0.101243,-0.102777,2.0559,2.0559,-0.455959,-0.455959,0,0,-0.0122718,-0.0153398,0.751651,0.747049,
139228,0.223961,0.222427,-0.101243,-0.102777,2.0559,2.0559,-0.455959,-0.455959,0,0,-0.0122718,-0.0153398,0.751651,0.747049,
139248,0.223961,0.222427,-0.101243,-0.102777,2.0559,2.0559,-0.455959,-0.455959,0,0,-0.0122718,-0.0153398,0.751651,0.747049,
139268,0.223961,0.222427,-0.101243,-0.102777,2.0559,2.0559,-0.455959,-0.455959,0,0,-0.0122718,-0.0153398,0.751651,0.747049,
139288,0.223961,0.222427,-0.101243,-0.102777,2.0559,2.0559,-0.455959,-0.455959,0,0,-0.0122718,-0.0153398,0.751651,0.747049,
139308,0.223961,0.222427,-0.101243,-0.102777,2.0559,2.05743,-0.455959,-0.454425,0,0,-0.0122718,-0.0153398,0.751651,0.747049,
139328,0.223961,0.222427,-0.101243,-0.102777,2.0559,2.05743,-0.455959,-0.454425,0,0,-0.0122718,-0.0153398,0.751651,0.747049,
139348,0.223961,0.222427,-0.101243,-0.102777,2.0559,2.05743,-0.455959,-0.454425,0,0,-0.0122718,-0.0153398,0.751651,0.747049,
139368,0.223961,0.222427,-0.101243,-0.102777,2.0559,2.05743,-0.455959,-0.454425,0,0,-0.0122718,-0.0153398,0.751651,0.747049,
139388,0.223961,0.222427,-0.101243,-0.102777,2.0559,2.05743,-0.455959,-0.455959,0,0,-0.0122718,-0.0153398,0.751651,0.747049,
139408,0.223961,0.222427,-0.101243,-0.102777,2.0559,2.05743,-0.455959,-0.455959,0,0,-0.0122718,-0.0153398,0.751651,0.747049,
139428,0.223961,0.222427,-0.101243,-0.102777,2.0559,2.05743,-0.455959,-0.455959,0,0,-0.0122718,-0.0153398,0.751651,0.747049,
139448,0.223961,0.222427,-0.101243,-0.102777,2.0559,2.05743,-0.455959,-0.455959,0,0,-0.0122718,-0.0153398,0.751651,0.747049,
139468,0.223961,0.222427,-0.101243,-0.102777,2.0559,2.05743,-0.455959,-0.455959,0,0,-0.0122718,-0.0153398,0.751651,0.747049,
139488,0.223961,0.222427,-0.101243,-0.102777,2.0559,2.05743,-0.455959,-0.455959,0,0,-0.0122718,-0.0153398,0.751651,0.747049,
139508,0.223961,0.222427,-0.101243,-0.102777,2.0559,2.05743,-0.455959,-0.455959,0,0,-0.0122718,-0.0153398,0.751651,0.747049,
139528,0.223961,0.222427,-0.101243,-0.102777,2.0559,2.05743,-0.455959,-0.455959,0,0,-0.0122718,-0.0153398,0.751651,0.747049,
139548,0.223961,0.222427,-0.101243,-0.102777,2.0559,2.05743,-0.455959,-0.455959,0,0,-0.0122718,-0.0153398,0.751651,0.747049,
139568,0.223961,0.222427,-0.101243,-0.102777,2.0559,2.05743,-0.455959,-0.455959,0,0,-0.0122718,-0.0153398,0.751651,0.747049,
139588,0.223961,0.222427,-0.101243,-0.102777,2.0559,2.05743,-0.455959,-0.455959,0,0,-0.0122718,-0.0153398,0.751651,0.747049,
139608,0.223961,0.222427,-0.101243,-0.102777,2.0559,2.0559,-0.455959,-0.455959,0,0,-0.0122718,-0.0153398,0.751651,0.747049,
139628,0.223961,0.222427,-0.101243,-0.102777,2.0559,2.0559,-0.455959,-0.455959,0,0,-0.0122718,-0.0153398,0.751651,0.747049,
139648,0.223961,0.222427,-0.101243,-0.102777,2.0559,2.0559,-0.455959,-0.455959,0,0,-0.0122718,-0.0153398,0.751651,0.747049,
139668,0.223961,0.222427,-0.101243,-0.102777,2.0559,2.0559,-0.455959,-0.455959,0,0,-0.0122718,-0.0153398,0.751651,0.747049,
139688,0.223961,0.222427,-0.101243,-0.102777,2.0559,2.0559,-0.455959,-0.455959,0,0,-0.0122718,-0.0153398,0.751651,0.747049,
139708,0.223961,0.222427,-0.101243,-0.102777,2.0559,2.0559,-0.455959,-0.455959,0,0,-0.0122718,-0.0153398,0.751651,0.747049,
139728,0.223961,0.222427,-0.101243,-0.102777,2.0559,2.0559,-0.455959,-0.455959,0,0,-0.0122718,-0.0153398,0.751651,0.747049,
139748,0.223961,0.222427,-0.101243,-0.102777,2.0559,2.0559,-0.455959,-0.455959,0,0,-0.0122718,-0.0153398,0.751651,0.747049,
139768,0.223961,0.222427,-0.101243,-0.102777,2.0559,2.0559,-0.455959,-0.455959,0,0,-0.0122718,-0.0153398,0.751651,0.747049,
139788,0.223961,0.222427,-0.101243,-0.102777,2.0559,2.0559,-0.455959,-0.455959,0,0,-0.0122718,-0.0153398,0.751651,0.747049,
139808,0.223961,0.222427,-0.101243,-0.102777,2.0559,2.0559,-0.455959,-0.455959,0,0,-0.0122718,-0.0153398,0.751651,0.747049,
139828,0.223961,0.222427,-0.101243,-0.102777,2.0559,2.0559,-0.455959,-0.455959,0,0,-0.0122718,-0.0153398,0.751651,0.747049,
139848,0.223961,0.222427,-0.101243,-0.102777,2.0559,2.0559,-0.455959,-0.455959,0,0,-0.0122718,-0.0153398,0.751651,0.747049,
139868,0.223961,0.222427,-0.101243,-0.102777,2.0559,2.0559,-0.455959,-0.455959,0,0,-0.0122718,-0.0153398,0.751651,0.747049,
139888,0.223961,0.222427,-0.101243,-0.102777,2.0559,2.0559,-0.455959,-0.455959,0,0,-0.0122718,-0.0153398,0.751651,0.747049,
139908,0.223961,0.222427,-0.101243,-0.102777,2.0559,2.05743,-0.455959,-0.455959,0,0,-0.0122718,-0.0153398,0.751651,0.747049,
139928,0.223961,0.222427,-0.101243,-0.102777,2.0559,2.05743,-0.455959,-0.455959,0,0,-0.0122718,-0.0153398,0.751651,0.747049,
139948,0.223961,0.222427,-0.101243,-0.102777,2.0559,2.05743,-0.455959,-0.455959,0,0,-0.0122718,-0.0153398,0.751651,0.747049,
139968,0.223961,0.222427,-0.101243,-0.102777,2.0559,2.05743,-0.455959,-0.455959,0,0,-0.0122718,-0.0153398,0.751651,0.747049,
139988,0.223961,0.222427,-0.101243,-0.102777,2.0559,2.05743,-0.455959,-0.455959,0,0,-0.0122718,-0.0153398,0.751651,0.747049,
140008,0.223961,0.222427,-0.101243,-0.102777,2.0559,2.0559,-0.455959,-0.455959,0,0,-0.0122718,-0.0153398,0.751651,0.747049,
140028,0.223961,0.222427,-0.101243,-0.102777,2.0559,2.0559,-0.455959,-0.455959,0,0,-0.0122718,-0.0153398,0.751651,0.747049,
140048,0.223961,0.222427,-0.101243,-0.102777,2.0559,2.0559,-0.455959,-0.455959,0,0,-0.0122718,-0.0153398,0.751651,0.747049,
140068,0.223961,0.222427,-0.101243,-0.102777,2.0559,2.0559,-0.455959,-0.455959,0,0,-0.0122718,-0.0153398,0.751651,0.747049,
140088,0.223961,0.222427,-0.101243,-0.102777,2.0559,2.0559,-0.455959,-0.455959,0,0,-0.0122718,-0.0153398,0.751651,0.747049,
140108,0.223961,0.222427,-0.101243,-0.102777,2.0559,2.05743,-0.455959,-0.455959,0,0,-0.0122718,-0.0153398,0.751651,0.747049,
140128,0.223961,0.222427,-0.101243,-0.102777,2.0559,2.05743,-0.455959,-0.455959,0,0,-0.0122718,-0.0153398,0.751651,0.747049,
140148,0.223961,0.222427,-0.101243,-0.102777,2.0559,2.05743,-0.455959,-0.455959,0,0,-0.0122718,-0.0153398,0.751651,0.747049,
140168,0.223961,0.222427,-0.101243,-0.102777,2.0559,2.05743,-0.455959,-0.455959,0,0,-0.0122718,-0.0153398,0.751651,0.747049,
140188,0.223961,0.222427,-0.101243,-0.102777,2.0559,2.05743,-0.455959,-0.455959,0,0,-0.0122718,-0.0153398,0.751651,0.747049,
140208,0.223961,0.222427,-0.101243,-0.102777,2.0559,2.05743,-0.455959,-0.455959,0,0,-0.0122718,-0.0153398,0.751651,0.747049,
140228,0.223961,0.222427,-0.101243,-0.102777,2.0559,2.0559,-0.455959,-0.454425,0,0,-0.0122718,-0.0153398,0.751651,0.745515,
140248,0.223961,0.222427,-0.101243,-0.102777,2.0559,2.0559,-0.455959,-0.454425,0,0,-0.0122718,-0.0153398,0.751651,0.745515,
140268,0.223961,0.222427,-0.101243,-0.102777,2.0559,2.0559,-0.455959,-0.454425,0,0,-0.0122718,-0.0153398,0.751651,0.745515,
140288,0.223961,0.222427,-0.101243,-0.102777,2.0559,2.0559,-0.455959,-0.454425,0,0,-0.0122718,-0.0153398,0.751651,0.745515,
140308,0.223961,0.222427,-0.101243,-0.102777,2.0559,2.05743,-0.455959,-0.455959,0,0,-0.0122718,-0.0153398,0.751651,0.745515,
140328,0.223961,0.222427,-0.101243,-0.102777,2.0559,2.05743,-0.455959,-0.455959,0,0,-0.0122718,-0.0153398,0.751651,0.745515,
140348,0.223961,0.222427,-0.101243,-0.102777,2.0559,2.05743,-0.455959,-0.455959,0,0,-0.0122718,-0.0153398,0.751651,0.745515,
140368,0.223961,0.222427,-0.101243,-0.102777,2.0559,2.05743,-0.455959,-0.455959,0,0,-0.0122718,-0.0153398,0.751651,0.745515,
140388,0.223961,0.222427,-0.101243,-0.102777,2.0559,2.05743,-0.455959,-0.455959,0,0,-0.0122718,-0.0153398,0.751651,0.745515,
140410,0.223961,0.222427,-0.101243,-0.102777,2.0559,2.0559,-0.455959,-0.455959,0,0,-0.0122718,-0.0153398,0.751651,0.747049,
140428,0.223961,0.222427,-0.101243,-0.102777,2.0559,2.0559,-0.455959,-0.455959,0,0,-0.0122718,-0.0153398,0.751651,0.747049,
140448,0.223961,0.222427,-0.101243,-0.102777,2.0559,2.0559,-0.455959,-0.455959,0,0,-0.0122718,-0.0153398,0.751651,0.747049,
140468,0.223961,0.222427,-0.101243,-0.102777,2.0559,2.0559,-0.455959,-0.455959,0,0,-0.0122718,-0.0153398,0.751651,0.747049,
140488,0.223961,0.222427,-0.101243,-0.102777,2.0559,2.0559,-0.455959,-0.455959,0,0,-0.0122718,-0.0153398,0.751651,0.747049,
140508,0.223961,0.222427,-0.101243,-0.102777,2.0559,2.0559,-0.455959,-0.455959,0,0,-0.0122718,-0.0153398,0.751651,0.747049,
140528,0.223961,0.222427,-0.101243,-0.102777,2.0559,2.0559,-0.455959,-0.455959,0,0,-0.0122718,-0.0153398,0.751651,0.747049,
140548,0.223961,0.222427,-0.101243,-0.102777,2.0559,2.0559,-0.455959,-0.455959,0,0,-0.0122718,-0.0153398,0.751651,0.747049,
140568,0.223961,0.222427,-0.101243,-0.102777,2.0559,2.0559,-0.455959,-0.455959,0,0,-0.0122718,-0.0153398,0.751651,0.747049,
140588,0.223961,0.222427,-0.101243,-0.102777,2.0559,2.05743,-0.455959,-0.455959,0,0,-0.0122718,-0.0153398,0.751651,0.747049,
140608,0.223961,0.222427,-0.101243,-0.102777,2.0559,2.05743,-0.455959,-0.455959,0,0,-0.0122718,-0.0153398,0.751651,0.747049,
140628,0.223961,0.222427,-0.101243,-0.102777,2.0559,2.05743,-0.455959,-0.455959,0,0,-0.0122718,-0.0153398,0.751651,0.747049,
140648,0.223961,0.222427,-0.101243,-0.102777,2.0559,2.05743,-0.455959,-0.455959,0,0,-0.0122718,-0.0153398,0.751651,0.747049,
140668,0.223961,0.222427,-0.101243,-0.102777,2.0559,2.05743,-0.455959,-0.455959,0,0,-0.0122718,-0.0153398,0.751651,0.747049,
140688,0.223961,0.222427,-0.101243,-0.102777,2.0559,2.05743,-0.455959,-0.455959,0,0,-0.0122718,-0.0153398,0.751651,0.747049,
140708,0.223961,0.222427,-0.101243,-0.102777,2.0559,2.05743,-0.455959,-0.455959,0,0,-0.0122718,-0.0153398,0.751651,0.747049,
140728,0.223961,0.222427,-0.101243,-0.102777,2.0559,2.05743,-0.455959,-0.455959,0,0,-0.0122718,-0.0153398,0.751651,0.747049,
140748,0.223961,0.222427,-0.101243,-0.102777,2.0559,2.05743,-0.455959,-0.455959,0,0,-0.0122718,-0.0153398,0.751651,0.747049,
140768,0.223961,0.222427,-0.101243,-0.102777,2.0559,2.05743,-0.455959,-0.455959,0,0,-0.0122718,-0.0153398,0.751651,0.747049,
140788,0.223961,0.222427,-0.101243,-0.102777,2.0559,2.05743,-0.455959,-0.455959,0,0,-0.0122718,-0.0153398,0.751651,0.747049,
140808,0.223961,0.222427,-0.101243,-0.102777,2.0559,2.0559,-0.455959,-0.455959,0,0,-0.0122718,-0.0153398,0.751651,0.747049,
140828,0.223961,0.222427,-0.101243,-0.102777,2.0559,2.0559,-0.455959,-0.455959,0,0,-0.0122718,-0.0153398,0.751651,0.747049,
140848,0.223961,0.222427,-0.101243,-0.102777,2.0559,2.0559,-0.455959,-0.455959,0,0,-0.0122718,-0.0153398,0.751651,0.747049,
140868,0.223961,0.222427,-0.101243,-0.102777,2.0559,2.0559,-0.455959,-0.455959,0,0,-0.0122718,-0.0153398,0.751651,0.747049,
140888,0.223961,0.222427,-0.101243,-0.102777,2.0559,2.0559,-0.455959,-0.455959,0,0,-0.0122718,-0.0153398,0.751651,0.747049,
140908,0.223961,0.222427,-0.101243,-0.102777,2.0559,2.0559,-0.455959,-0.455959,0,0,-0.0122718,-0.0153398,0.751651,0.747049,
140928,0.223961,0.222427,-0.101243,-0.102777,2.0559,2.0559,-0.455959,-0.455959,0,0,-0.0122718,-0.0153398,0.751651,0.747049,
140948,0.223961,0.222427,-0.101243,-0.102777,2.0559,2.0559,-0.455959,-0.455959,0,0,-0.0122718,-0.0153398,0.751651,0.747049,
140968,0.223961,0.222427,-0.101243,-0.102777,2.0559,2.0559,-0.455959,-0.455959,0,0,-0.0122718,-0.0153398,0.751651,0.747049,
140988,0.223961,0.222427,-0.101243,-0.102777,2.0559,2.05743,-0.455959,-0.455959,0,0,-0.0122718,-0.0153398,0.751651,0.747049,
141008,0.223961,0.222427,-0.101243,-0.102777,2.0559,2.05743,-0.455959,-0.455959,0,0,-0.0122718,-0.0153398,0.751651,0.747049,
141028,0.223961,0.222427,-0.101243,-0.102777,2.0559,2.05743,-0.455959,-0.455959,0,0,-0.0122718,-0.0153398,0.751651,0.747049,
141048,0.223961,0.222427,-0.101243,-0.102777,2.0559,2.05743,-0.455959,-0.455959,0,0,-0.0122718,-0.0153398,0.751651,0.747049,
141068,0.223961,0.222427,-0.101243,-0.102777,2.0559,2.05743,-0.455959,-0.455959,0,0,-0.0122718,-0.0153398,0.751651,0.747049,
141088,0.223961,0.222427,-0.101243,-0.102777,2.0559,2.05743,-0.455959,-0.455959,0,0,-0.0122718,-0.0153398,0.751651,0.747049,
141108,0.223961,0.222427,-0.101243,-0.102777,2.0559,2.05743,-0.455959,-0.455959,0,0,-0.0122718,-0.0153398,0.751651,0.747049,
141128,0.223961,0.222427,-0.101243,-0.102777,2.0559,2.05743,-0.455959,-0.455959,0,0,-0.0122718,-0.0153398,0.751651,0.747049,
141148,0.223961,0.222427,-0.101243,-0.102777,2.0559,2.05743,-0.455959,-0.455959,0,0,-0.0122718,-0.0153398,0.751651,0.747049,
141168,0.223961,0.222427,-0.101243,-0.102777,2.0559,2.05743,-0.455959,-0.455959,0,0,-0.0122718,-0.0153398,0.751651,0.747049,
141188,0.223961,0.222427,-0.101243,-0.102777,2.0559,2.05743,-0.455959,-0.455959,0,0,-0.0122718,-0.0153398,0.751651,0.747049,
141208,0.223961,0.222427,-0.101243,-0.102777,2.0559,2.0559,-0.455959,-0.455959,0,0,-0.0122718,-0.0153398,0.751651,0.747049,
141228,0.223961,0.222427,-0.101243,-0.102777,2.0559,2.0559,-0.455959,-0.455959,0,0,-0.0122718,-0.0153398,0.751651,0.747049,
141248,0.223961,0.222427,-0.101243,-0.102777,2.0559,2.0559,-0.455959,-0.455959,0,0,-0.0122718,-0.0153398,0.751651,0.747049,
141268,0.223961,0.222427,-0.101243,-0.102777,2.0559,2.0559,-0.455959,-0.455959,0,0,-0.0122718,-0.0153398,0.751651,0.747049,
141288,0.223961,0.222427,-0.101243,-0.102777,2.0559,2.05743,-0.455959,-0.455959,0,0,-0.0122718,-0.0153398,0.751651,0.747049,
141308,0.223961,0.222427,-0.101243,-0.102777,2.0559,2.05743,-0.455959,-0.455959,0,0,-0.0122718,-0.0153398,0.751651,0.747049,
141328,0.223961,0.222427,-0.101243,-0.102777,2.0559,2.05743,-0.455959,-0.455959,0,0,-0.0122718,-0.0153398,0.751651,0.747049,
141348,0.223961,0.222427,-0.101243,-0.102777,2.0559,2.05743,-0.455959,-0.455959,0,0,-0.0122718,-0.0153398,0.751651,0.747049,
141368,0.223961,0.222427,-0.101243,-0.102777,2.0559,2.05743,-0.455959,-0.455959,0,0,-0.0122718,-0.0153398,0.751651,0.747049,
141388,0.223961,0.222427,-0.101243,-0.102777,2.0559,2.05743,-0.455959,-0.455959,0,0,-0.0122718,-0.0153398,0.751651,0.747049,
141408,0.223961,0.222427,-0.101243,-0.102777,2.0559,2.0559,-0.455959,-0.455959,0,0,-0.0122718,-0.0153398,0.751651,0.747049,
141428,0.223961,0.222427,-0.101243,-0.102777,2.0559,2.0559,-0.455959,-0.455959,0,0,-0.0122718,-0.0153398,0.751651,0.747049,
141448,0.223961,0.222427,-0.101243,-0.102777,2.0559,2.0559,-0.455959,-0.455959,0,0,-0.0122718,-0.0153398,0.751651,0.747049,
141468,0.223961,0.222427,-0.101243,-0.102777,2.0559,2.0559,-0.455959,-0.455959,0,0,-0.0122718,-0.0153398,0.751651,0.747049,
141488,0.223961,0.222427,-0.101243,-0.102777,2.0559,2.0559,-0.455959,-0.455959,0,0,-0.0122718,-0.0153398,0.751651,0.747049,
141508,0.223961,0.222427,-0.101243,-0.102777,2.0559,2.0559,-0.455959,-0.455959,0,0,-0.0122718,-0.0153398,0.751651,0.747049,
141528,0.223961,0.222427,-0.101243,-0.102777,2.0559,2.0559,-0.455959,-0.455959,0,0,-0.0122718,-0.0153398,0.751651,0.747049,
141548,0.223961,0.222427,-0.101243,-0.102777,2.0559,2.0559,-0.455959,-0.455959,0,0,-0.0122718,-0.0153398,0.751651,0.747049,
141568,0.223961,0.222427,-0.101243,-0.102777,2.0559,2.0559,-0.455959,-0.455959,0,0,-0.0122718,-0.0153398,0.751651,0.747049,
141588,0.223961,0.222427,-0.101243,-0.102777,2.0559,2.0559,-0.455959,-0.455959,0,0,-0.0122718,-0.0153398,0.751651,0.747049,
141608,0.223961,0.222427,-0.101243,-0.102777,2.0559,2.0559,-0.455959,-0.455959,0,0,-0.0122718,-0.0153398,0.751651,0.747049,
141628,0.223961,0.222427,-0.101243,-0.102777,2.0559,2.0559,-0.455959,-0.455959,0,0,-0.0122718,-0.0153398,0.751651,0.747049,
141648,0.223961,0.222427,-0.101243,-0.102777,2.0559,2.0559,-0.455959,-0.455959,0,0,-0.0122718,-0.0153398,0.751651,0.747049,
141668,0.223961,0.222427,-0.101243,-0.102777,2.0559,2.0559,-0.455959,-0.455959,0,0,-0.0122718,-0.0153398,0.751651,0.747049,
141688,0.223961,0.222427,-0.101243,-0.102777,2.0559,2.05743,-0.455959,-0.455959,0,0,-0.0122718,-0.0153398,0.751651,0.747049,
141708,0.223961,0.222427,-0.101243,-0.102777,2.0559,2.05743,-0.455959,-0.455959,0,0,-0.0122718,-0.0153398,0.751651,0.747049,
141728,0.223961,0.222427,-0.101243,-0.102777,2.0559,2.05743,-0.455959,-0.455959,0,0,-0.0122718,-0.0153398,0.751651,0.747049,
141748,0.223961,0.222427,-0.101243,-0.102777,2.0559,2.05743,-0.455959,-0.455959,0,0,-0.0122718,-0.0153398,0.751651,0.747049,
141768,0.223961,0.222427,-0.101243,-0.102777,2.0559,2.05743,-0.455959,-0.455959,0,0,-0.0122718,-0.0153398,0.751651,0.747049,
141788,0.223961,0.222427,-0.101243,-0.102777,2.0559,2.05743,-0.455959,-0.455959,0,0,-0.0122718,-0.0153398,0.751651,0.747049,
141808,0.223961,0.222427,-0.101243,-0.102777,2.0559,2.05743,-0.455959,-0.455959,0,0,-0.0122718,-0.0153398,0.751651,0.747049,
141828,0.223961,0.222427,-0.101243,-0.102777,2.0559,2.05743,-0.455959,-0.455959,0,0,-0.0122718,-0.0153398,0.751651,0.747049,
141848,0.223961,0.222427,-0.101243,-0.102777,2.0559,2.05743,-0.455959,-0.455959,0,0,-0.0122718,-0.0153398,0.751651,0.747049,
141868,0.223961,0.222427,-0.101243,-0.102777,2.0559,2.05743,-0.455959,-0.455959,0,0,-0.0122718,-0.0153398,0.751651,0.747049,
141888,0.223961,0.222427,-0.101243,-0.102777,2.0559,2.05743,-0.455959,-0.455959,0,0,-0.0122718,-0.0153398,0.751651,0.747049,
141908,0.223961,0.222427,-0.101243,-0.102777,2.0559,2.05743,-0.455959,-0.455959,0,0,-0.0122718,-0.0153398,0.751651,0.747049,
141928,0.223961,0.222427,-0.101243,-0.102777,2.0559,2.05743,-0.455959,-0.455959,0,0,-0.0122718,-0.0153398,0.751651,0.747049,
141948,0.223961,0.222427,-0.101243,-0.102777,2.0559,2.05743,-0.455959,-0.455959,0,0,-0.0122718,-0.0153398,0.751651,0.747049,
141968,0.223961,0.222427,-0.101243,-0.102777,2.0559,2.05743,-0.455959,-0.455959,0,0,-0.0122718,-0.0153398,0.751651,0.747049,
141988,0.223961,0.222427,-0.101243,-0.102777,2.0559,2.05743,-0.455959,-0.455959,0,0,-0.0122718,-0.0153398,0.751651,0.747049,
142008,0.223961,0.222427,-0.101243,-0.102777,2.0559,2.05743,-0.455959,-0.455959,0,0,-0.0122718,-0.0153398,0.751651,0.747049,
142028,0.223961,0.222427,-0.101243,-0.102777,2.0559,2.05743,-0.455959,-0.455959,0,0,-0.0122718,-0.0153398,0.751651,0.747049,
142048,0.223961,0.222427,-0.101243,-0.102777,2.0559,2.05743,-0.455959,-0.455959,0,0,-0.0122718,-0.0153398,0.751651,0.747049,
142068,0.223961,0.222427,-0.101243,-0.102777,2.0559,2.05743,-0.455959,-0.455959,0,0,-0.0122718,-0.0153398,0.751651,0.747049,
142088,0.223961,0.222427,-0.101243,-0.102777,2.0559,2.05743,-0.455959,-0.455959,0,0,-0.0122718,-0.0153398,0.751651,0.747049,
142108,0.223961,0.222427,-0.101243,-0.102777,2.0559,2.05743,-0.455959,-0.455959,0,0,-0.0122718,-0.0153398,0.751651,0.747049,
142128,0.223961,0.222427,-0.101243,-0.102777,2.0559,2.05743,-0.455959,-0.455959,0,0,-0.0122718,-0.0153398,0.751651,0.747049,
142148,0.223961,0.222427,-0.101243,-0.102777,2.0559,2.05743,-0.455959,-0.455959,0,0,-0.0122718,-0.0153398,0.751651,0.747049,
142168,0.223961,0.222427,-0.101243,-0.102777,2.0559,2.05743,-0.455959,-0.455959,0,0,-0.0122718,-0.0153398,0.751651,0.747049,
142188,0.223961,0.222427,-0.101243,-0.102777,2.0559,2.05743,-0.455959,-0.455959,0,0,-0.0122718,-0.0153398,0.751651,0.747049,
142208,0.223961,0.222427,-0.101243,-0.102777,2.0559,2.0559,-0.455959,-0.455959,0,0,-0.0122718,-0.0153398,0.751651,0.747049,
142228,0.223961,0.222427,-0.101243,-0.102777,2.0559,2.0559,-0.455959,-0.455959,0,0,-0.0122718,-0.0153398,0.751651,0.747049,
142248,0.223961,0.222427,-0.101243,-0.102777,2.0559,2.0559,-0.455959,-0.455959,0,0,-0.0122718,-0.0153398,0.751651,0.747049,
142268,0.223961,0.222427,-0.101243,-0.102777,2.0559,2.0559,-0.455959,-0.455959,0,0,-0.0122718,-0.0153398,0.751651,0.747049,
142288,0.223961,0.222427,-0.101243,-0.102777,2.0559,2.0559,-0.455959,-0.455959,0,0,-0.0122718,-0.0153398,0.751651,0.747049,
142308,0.223961,0.222427,-0.101243,-0.102777,2.0559,2.05743,-0.455959,-0.455959,0,0,-0.0122718,-0.0153398,0.751651,0.747049,
142328,0.223961,0.222427,-0.101243,-0.102777,2.0559,2.05743,-0.455959,-0.455959,0,0,-0.0122718,-0.0153398,0.751651,0.747049,
142348,0.223961,0.222427,-0.101243,-0.102777,2.0559,2.05743,-0.455959,-0.455959,0,0,-0.0122718,-0.0153398,0.751651,0.747049,
142368,0.223961,0.222427,-0.101243,-0.102777,2.0559,2.05743,-0.455959,-0.455959,0,0,-0.0122718,-0.0153398,0.751651,0.747049,
142388,0.223961,0.222427,-0.101243,-0.102777,2.0559,2.05743,-0.455959,-0.455959,0,0,-0.0122718,-0.0153398,0.751651,0.747049,
142408,0.223961,0.222427,-0.101243,-0.102777,2.0559,2.0559,-0.455959,-0.455959,0,0,-0.0122718,-0.0153398,0.751651,0.747049,
142428,0.223961,0.222427,-0.101243,-0.102777,2.0559,2.0559,-0.455959,-0.455959,0,0,-0.0122718,-0.0153398,0.751651,0.747049,
142448,0.223961,0.222427,-0.101243,-0.102777,2.0559,2.0559,-0.455959,-0.455959,0,0,-0.0122718,-0.0153398,0.751651,0.747049,
142468,0.223961,0.222427,-0.101243,-0.102777,2.0559,2.0559,-0.455959,-0.455959,0,0,-0.0122718,-0.0153398,0.751651,0.747049,
142488,0.223961,0.222427,-0.101243,-0.102777,2.0559,2.0559,-0.455959,-0.455959,0,0,-0.0122718,-0.0153398,0.751651,0.747049,
142508,0.223961,0.222427,-0.101243,-0.102777,2.0559,2.0559,-0.455959,-0.455959,0,0,-0.0122718,-0.0153398,0.751651,0.747049,
142528,0.223961,0.222427,-0.101243,-0.102777,2.0559,2.0559,-0.455959,-0.455959,0,0,-0.0122718,-0.0153398,0.751651,0.747049,
142548,0.223961,0.222427,-0.101243,-0.102777,2.0559,2.0559,-0.455959,-0.455959,0,0,-0.0122718,-0.0153398,0.751651,0.747049,
142568,0.223961,0.222427,-0.101243,-0.102777,2.0559,2.0559,-0.455959,-0.455959,0,0,-0.0122718,-0.0153398,0.751651,0.747049,
142588,0.223961,0.222427,-0.101243,-0.102777,2.0559,2.0559,-0.455959,-0.455959,0,0,-0.0122718,-0.0153398,0.751651,0.747049,
142608,0.223961,0.222427,-0.101243,-0.102777,2.0559,2.0559,-0.455959,-0.455959,0,0,-0.0122718,-0.0153398,0.751651,0.747049,
142628,0.223961,0.222427,-0.101243,-0.102777,2.0559,2.0559,-0.455959,-0.455959,0,0,-0.0122718,-0.0153398,0.751651,0.747049,
142648,0.223961,0.222427,-0.101243,-0.102777,2.0559,2.0559,-0.455959,-0.455959,0,0,-0.0122718,-0.0153398,0.751651,0.747049,
142668,0.223961,0.222427,-0.101243,-0.102777,2.0559,2.0559,-0.455959,-0.455959,0,0,-0.0122718,-0.0153398,0.751651,0.747049,
142688,0.223961,0.222427,-0.101243,-0.102777,2.0559,2.0559,-0.455959,-0.455959,0,0,-0.0122718,-0.0153398,0.751651,0.747049,
142708,0.223961,0.222427,-0.101243,-0.102777,2.0559,2.0559,-0.455959,-0.455959,0,0,-0.0122718,-0.0153398,0.751651,0.747049,
142728,0.223961,0.222427,-0.101243,-0.102777,2.0559,2.0559,-0.455959,-0.455959,0,0,-0.0122718,-0.0153398,0.751651,0.747049,
142748,0.223961,0.222427,-0.101243,-0.102777,2.0559,2.0559,-0.455959,-0.455959,0,0,-0.0122718,-0.0153398,0.751651,0.747049,
142768,0.223961,0.222427,-0.101243,-0.102777,2.0559,2.0559,-0.455959,-0.455959,0,0,-0.0122718,-0.0153398,0.751651,0.747049,
142788,0.223961,0.222427,-0.101243,-0.102777,2.0559,2.0559,-0.455959,-0.455959,0,0,-0.0122718,-0.0153398,0.751651,0.747049,
142808,0.223961,0.222427,-0.101243,-0.102777,2.0559,2.0559,-0.455959,-0.455959,0,0,-0.0122718,-0.0153398,0.751651,0.747049,
142828,0.223961,0.222427,-0.101243,-0.102777,2.0559,2.0559,-0.455959,-0.455959,0,0,-0.0122718,-0.0153398,0.751651,0.745515,
142848,0.223961,0.222427,-0.101243,-0.102777,2.0559,2.0559,-0.455959,-0.455959,0,0,-0.0122718,-0.0153398,0.751651,0.745515,
142868,0.223961,0.222427,-0.101243,-0.102777,2.0559,2.0559,-0.455959,-0.455959,0,0,-0.0122718,-0.0153398,0.751651,0.745515,
142888,0.223961,0.222427,-0.101243,-0.102777,2.0559,2.0559,-0.455959,-0.455959,0,0,-0.0122718,-0.0153398,0.751651,0.747049,
142908,0.223961,0.222427,-0.101243,-0.102777,2.0559,2.0559,-0.455959,-0.455959,0,0,-0.0122718,-0.0153398,0.751651,0.747049,
142928,0.223961,0.222427,-0.101243,-0.102777,2.0559,2.0559,-0.455959,-0.455959,0,0,-0.0122718,-0.0153398,0.751651,0.747049,
142948,0.223961,0.222427,-0.101243,-0.102777,2.0559,2.0559,-0.455959,-0.455959,0,0,-0.0122718,-0.0153398,0.751651,0.747049,
142968,0.223961,0.222427,-0.101243,-0.102777,2.0559,2.0559,-0.455959,-0.455959,0,0,-0.0122718,-0.0153398,0.751651,0.747049,
142988,0.223961,0.222427,-0.101243,-0.102777,2.0559,2.0559,-0.455959,-0.455959,0,0,-0.0122718,-0.0153398,0.751651,0.747049,
143008,0.223961,0.222427,-0.101243,-0.102777,2.0559,2.0559,-0.455959,-0.455959,0,0,-0.0122718,-0.0153398,0.751651,0.747049,
143028,0.223961,0.222427,-0.101243,-0.102777,2.0559,2.0559,-0.455959,-0.455959,0,0,-0.0122718,-0.0153398,0.751651,0.747049,
143048,0.223961,0.222427,-0.101243,-0.102777,2.0559,2.0559,-0.455959,-0.455959,0,0,-0.0122718,-0.0153398,0.751651,0.747049,
143068,0.223961,0.222427,-0.101243,-0.102777,2.0559,2.0559,-0.455959,-0.455959,0,0,-0.0122718,-0.0153398,0.751651,0.747049,
143088,0.223961,0.222427,-0.101243,-0.102777,2.0559,2.0559,-0.455959,-0.455959,0,0,-0.0122718,-0.0153398,0.751651,0.747049,
143108,0.223961,0.222427,-0.101243,-0.102777,2.0559,2.05743,-0.455959,-0.455959,0,0,-0.0122718,-0.0153398,0.751651,0.747049,
143128,0.223961,0.222427,-0.101243,-0.102777,2.0559,2.05743,-0.455959,-0.455959,0,0,-0.0122718,-0.0153398,0.751651,0.747049,
143148,0.223961,0.222427,-0.101243,-0.102777,2.0559,2.05743,-0.455959,-0.455959,0,0,-0.0122718,-0.0153398,0.751651,0.747049,
143168,0.223961,0.222427,-0.101243,-0.102777,2.0559,2.05743,-0.455959,-0.455959,0,0,-0.0122718,-0.0153398,0.751651,0.747049,
143188,0.223961,0.222427,-0.101243,-0.102777,2.0559,2.05743,-0.455959,-0.455959,0,0,-0.0122718,-0.0153398,0.751651,0.747049,
143208,0.223961,0.222427,-0.101243,-0.102777,2.0559,2.05743,-0.455959,-0.455959,0,0,-0.0122718,-0.0153398,0.751651,0.747049,
143228,0.223961,0.222427,-0.101243,-0.102777,2.0559,2.0559,-0.455959,-0.455959,0,0,-0.0122718,-0.0153398,0.751651,0.747049,
143249,0.223961,0.222427,-0.101243,-0.102777,2.0559,2.0559,-0.455959,-0.455959,0,0,-0.0122718,-0.0153398,0.751651,0.747049,
143269,0.223961,0.222427,-0.101243,-0.102777,2.0559,2.0559,-0.455959,-0.455959,0,0,-0.0122718,-0.0153398,0.751651,0.747049,
143288,0.223961,0.222427,-0.101243,-0.102777,2.0559,2.0559,-0.455959,-0.455959,0,0,-0.0122718,-0.0153398,0.751651,0.747049,
143308,0.223961,0.222427,-0.101243,-0.102777,2.0559,2.0559,-0.455959,-0.455959,0,0,-0.0122718,-0.0153398,0.751651,0.747049,
143328,0.223961,0.222427,-0.101243,-0.102777,2.0559,2.0559,-0.455959,-0.455959,0,0,-0.0122718,-0.0153398,0.751651,0.747049,
143349,0.223961,0.222427,-0.101243,-0.102777,2.0559,2.0559,-0.455959,-0.455959,0,0,-0.0122718,-0.0153398,0.751651,0.747049,
143368,0.223961,0.222427,-0.101243,-0.102777,2.0559,2.0559,-0.455959,-0.455959,0,0,-0.0122718,-0.0153398,0.751651,0.747049,
143388,0.223961,0.222427,-0.101243,-0.102777,2.0559,2.0559,-0.455959,-0.455959,0,0,-0.0122718,-0.0153398,0.751651,0.747049,
143408,0.223961,0.222427,-0.101243,-0.102777,2.0559,2.0559,-0.455959,-0.455959,0,0,-0.0122718,-0.0153398,0.751651,0.747049,
143428,0.223961,0.222427,-0.101243,-0.102777,2.0559,2.0559,-0.455959,-0.455959,0,0,-0.0122718,-0.0153398,0.751651,0.747049,
143448,0.223961,0.222427,-0.101243,-0.102777,2.0559,2.0559,-0.455959,-0.455959,0,0,-0.0122718,-0.0153398,0.751651,0.747049,
143468,0.223961,0.222427,-0.101243,-0.102777,2.0559,2.0559,-0.455959,-0.455959,0,0,-0.0122718,-0.0153398,0.751651,0.747049,
143488,0.223961,0.222427,-0.101243,-0.102777,2.0559,2.0559,-0.455959,-0.455959,0,0,-0.0122718,-0.0153398,0.751651,0.747049,
143508,0.223961,0.222427,-0.101243,-0.102777,2.0559,2.0559,-0.455959,-0.455959,0,0,-0.0122718,-0.0153398,0.751651,0.747049,
143528,0.223961,0.222427,-0.101243,-0.102777,2.0559,2.0559,-0.455959,-0.455959,0,0,-0.0122718,-0.0153398,0.751651,0.747049,
143548,0.223961,0.222427,-0.101243,-0.102777,2.0559,2.0559,-0.455959,-0.455959,0,0,-0.0122718,-0.0153398,0.751651,0.747049,
143568,0.223961,0.222427,-0.101243,-0.102777,2.0559,2.0559,-0.455959,-0.455959,0,0,-0.0122718,-0.0153398,0.751651,0.747049,
143588,0.223961,0.222427,-0.101243,-0.102777,2.0559,2.0559,-0.455959,-0.455959,0,0,-0.0122718,-0.0153398,0.751651,0.747049,
143608,0.223961,0.222427,-0.101243,-0.102777,2.0559,2.05743,-0.455959,-0.455959,0,0,-0.0122718,-0.0153398,0.751651,0.747049,
143628,0.223961,0.222427,-0.101243,-0.102777,2.0559,2.05743,-0.455959,-0.455959,0,0,-0.0122718,-0.0153398,0.751651,0.747049,
143648,0.223961,0.222427,-0.101243,-0.102777,2.0559,2.05743,-0.455959,-0.455959,0,0,-0.0122718,-0.0153398,0.751651,0.747049,
143668,0.223961,0.222427,-0.101243,-0.102777,2.0559,2.05743,-0.455959,-0.455959,0,0,-0.0122718,-0.0153398,0.751651,0.747049,
143688,0.223961,0.222427,-0.101243,-0.102777,2.0559,2.05743,-0.455959,-0.455959,0,0,-0.0122718,-0.0153398,0.751651,0.747049,
143708,0.223961,0.222427,-0.101243,-0.102777,2.0559,2.05743,-0.455959,-0.455959,0,0,-0.0122718,-0.0153398,0.751651,0.747049,
143728,0.223961,0.222427,-0.101243,-0.102777,2.0559,2.0559,-0.455959,-0.455959,0,0,-0.0122718,-0.0153398,0.751651,0.747049,
143748,0.223961,0.222427,-0.101243,-0.102777,2.0559,2.0559,-0.455959,-0.455959,0,0,-0.0122718,-0.0153398,0.751651,0.747049,
143768,0.223961,0.222427,-0.101243,-0.102777,2.0559,2.0559,-0.455959,-0.455959,0,0,-0.0122718,-0.0153398,0.751651,0.747049,
143788,0.223961,0.222427,-0.101243,-0.102777,2.0559,2.0559,-0.455959,-0.455959,0,0,-0.0122718,-0.0153398,0.751651,0.747049,
143808,0.223961,0.222427,-0.101243,-0.102777,2.0559,2.0559,-0.455959,-0.455959,0,0,-0.0122718,-0.0153398,0.751651,0.747049,
143828,0.223961,0.222427,-0.101243,-0.102777,2.0559,2.0559,-0.455959,-0.455959,0,0,-0.0122718,-0.0153398,0.751651,0.747049,
143848,0.223961,0.222427,-0.101243,-0.102777,2.0559,2.0559,-0.455959,-0.455959,0,0,-0.0122718,-0.0153398,0.751651,0.747049,
143868,0.223961,0.222427,-0.101243,-0.102777,2.0559,2.0559,-0.455959,-0.455959,0,0,-0.0122718,-0.0153398,0.751651,0.747049,
143888,0.223961,0.222427,-0.101243,-0.102777,2.0559,2.0559,-0.455959,-0.455959,0,0,-0.0122718,-0.0153398,0.751651,0.747049,
143908,0.223961,0.222427,-0.101243,-0.102777,2.0559,2.0559,-0.455959,-0.455959,0,0,-0.0122718,-0.0153398,0.751651,0.747049,
143928,0.223961,0.222427,-0.101243,-0.102777,2.0559,2.0559,-0.455959,-0.455959,0,0,-0.0122718,-0.0153398,0.751651,0.747049,
143948,0.223961,0.222427,-0.101243,-0.102777,2.0559,2.0559,-0.455959,-0.455959,0,0,-0.0122718,-0.0153398,0.751651,0.747049,
143968,0.223961,0.222427,-0.101243,-0.102777,2.0559,2.0559,-0.455959,-0.455959,0,0,-0.0122718,-0.0153398,0.751651,0.747049,
143988,0.223961,0.222427,-0.101243,-0.102777,2.0559,2.0559,-0.455959,-0.455959,0,0,-0.0122718,-0.0153398,0.751651,0.747049,
144008,0.223961,0.222427,-0.101243,-0.101243,2.0559,2.05743,-0.455959,-0.455959,0,0,-0.0122718,-0.0153398,0.751651,0.747049,
144028,0.223961,0.222427,-0.101243,-0.101243,2.0559,2.05743,-0.455959,-0.455959,0,0,-0.0122718,-0.0153398,0.751651,0.747049,
144048,0.223961,0.222427,-0.101243,-0.101243,2.0559,2.05743,-0.455959,-0.455959,0,0,-0.0122718,-0.0153398,0.751651,0.747049,
144068,0.223961,0.222427,-0.101243,-0.101243,2.0559,2.05743,-0.455959,-0.455959,0,0,-0.0122718,-0.0153398,0.751651,0.747049,
144088,0.223961,0.222427,-0.101243,-0.101243,2.0559,2.05743,-0.455959,-0.455959,0,0,-0.0122718,-0.0153398,0.751651,0.747049,
144108,0.223961,0.222427,-0.101243,-0.102777,2.0559,2.0559,-0.455959,-0.455959,0,0,-0.0122718,-0.0153398,0.751651,0.747049,
144128,0.223961,0.222427,-0.101243,-0.102777,2.0559,2.0559,-0.455959,-0.455959,0,0,-0.0122718,-0.0153398,0.751651,0.747049,
144148,0.223961,0.222427,-0.101243,-0.102777,2.0559,2.0559,-0.455959,-0.455959,0,0,-0.0122718,-0.0153398,0.751651,0.747049,
144168,0.223961,0.222427,-0.101243,-0.102777,2.0559,2.0559,-0.455959,-0.455959,0,0,-0.0122718,-0.0153398,0.751651,0.747049,
144188,0.223961,0.222427,-0.101243,-0.101243,2.0559,2.0559,-0.455959,-0.455959,0,0,-0.0122718,-0.0153398,0.751651,0.747049,
144208,0.223961,0.222427,-0.101243,-0.101243,2.0559,2.0559,-0.455959,-0.455959,0,0,-0.0122718,-0.0153398,0.751651,0.747049,
144228,0.223961,0.222427,-0.101243,-0.101243,2.0559,2.0559,-0.455959,-0.455959,0,0,-0.0122718,-0.0153398,0.751651,0.747049,
144248,0.223961,0.222427,-0.101243,-0.101243,2.0559,2.0559,-0.455959,-0.455959,0,0,-0.0122718,-0.0153398,0.751651,0.747049,
144268,0.223961,0.222427,-0.101243,-0.101243,2.0559,2.0559,-0.455959,-0.455959,0,0,-0.0122718,-0.0153398,0.751651,0.747049,
144288,0.223961,0.222427,-0.101243,-0.101243,2.0559,2.0559,-0.455959,-0.455959,0,0,-0.0122718,-0.0153398,0.751651,0.747049,
144308,0.223961,0.222427,-0.101243,-0.101243,2.0559,2.0559,-0.455959,-0.455959,0,0,-0.0122718,-0.0153398,0.751651,0.747049,
144328,0.223961,0.222427,-0.101243,-0.102777,2.0559,2.05743,-0.455959,-0.455959,0,0,-0.0122718,-0.0153398,0.751651,0.747049,
144348,0.223961,0.222427,-0.101243,-0.102777,2.0559,2.05743,-0.455959,-0.455959,0,0,-0.0122718,-0.0153398,0.751651,0.747049,
144368,0.223961,0.222427,-0.101243,-0.102777,2.0559,2.05743,-0.455959,-0.455959,0,0,-0.0122718,-0.0153398,0.751651,0.747049,
144388,0.223961,0.222427,-0.101243,-0.102777,2.0559,2.05743,-0.455959,-0.455959,0,0,-0.0122718,-0.0153398,0.751651,0.747049,
144408,0.223961,0.222427,-0.101243,-0.102777,2.0559,2.05743,-0.455959,-0.455959,0,0,-0.0122718,-0.0153398,0.751651,0.747049,
144428,0.223961,0.222427,-0.101243,-0.101243,2.0559,2.0559,-0.455959,-0.455959,0,0,-0.0122718,-0.0153398,0.751651,0.747049,
144448,0.223961,0.222427,-0.101243,-0.101243,2.0559,2.0559,-0.455959,-0.455959,0,0,-0.0122718,-0.0153398,0.751651,0.747049,
144468,0.223961,0.222427,-0.101243,-0.101243,2.0559,2.0559,-0.455959,-0.455959,0,0,-0.0122718,-0.0153398,0.751651,0.747049,
144488,0.223961,0.222427,-0.101243,-0.101243,2.0559,2.0559,-0.455959,-0.455959,0,0,-0.0122718,-0.0153398,0.751651,0.747049,
144508,0.223961,0.222427,-0.101243,-0.102777,2.0559,2.05743,-0.455959,-0.455959,0,0,-0.0122718,-0.0153398,0.751651,0.747049,
144528,0.223961,0.222427,-0.101243,-0.102777,2.0559,2.05743,-0.455959,-0.455959,0,0,-0.0122718,-0.0153398,0.751651,0.747049,
144548,0.223961,0.222427,-0.101243,-0.102777,2.0559,2.05743,-0.455959,-0.455959,0,0,-0.0122718,-0.0153398,0.751651,0.747049,
144568,0.223961,0.222427,-0.101243,-0.102777,2.0559,2.05743,-0.455959,-0.455959,0,0,-0.0122718,-0.0153398,0.751651,0.747049,
144588,0.223961,0.222427,-0.101243,-0.102777,2.0559,2.05743,-0.455959,-0.455959,0,0,-0.0122718,-0.0153398,0.751651,0.747049,
144608,0.223961,0.222427,-0.101243,-0.101243,2.0559,2.0559,-0.455959,-0.455959,0,0,-0.0122718,-0.0153398,0.751651,0.747049,
144628,0.223961,0.222427,-0.101243,-0.101243,2.0559,2.0559,-0.455959,-0.455959,0,0,-0.0122718,-0.0153398,0.751651,0.747049,
144648,0.223961,0.222427,-0.101243,-0.101243,2.0559,2.0559,-0.455959,-0.455959,0,0,-0.0122718,-0.0153398,0.751651,0.747049,
144668,0.223961,0.222427,-0.101243,-0.101243,2.0559,2.0559,-0.455959,-0.455959,0,0,-0.0122718,-0.0153398,0.751651,0.747049,
144688,0.223961,0.222427,-0.101243,-0.101243,2.0559,2.0559,-0.455959,-0.455959,0,0,-0.0122718,-0.0153398,0.751651,0.747049,
144708,0.223961,0.222427,-0.101243,-0.102777,2.0559,2.0559,-0.455959,-0.455959,0,0,-0.0122718,-0.0153398,0.751651,0.747049,
144728,0.223961,0.222427,-0.101243,-0.102777,2.0559,2.0559,-0.455959,-0.455959,0,0,-0.0122718,-0.0153398,0.751651,0.747049,
144748,0.223961,0.222427,-0.101243,-0.102777,2.0559,2.0559,-0.455959,-0.455959,0,0,-0.0122718,-0.0153398,0.751651,0.747049,
144768,0.223961,0.222427,-0.101243,-0.102777,2.0559,2.0559,-0.455959,-0.455959,0,0,-0.0122718,-0.0153398,0.751651,0.747049,
144788,0.223961,0.222427,-0.101243,-0.102777,2.0559,2.0559,-0.455959,-0.455959,0,0,-0.0122718,-0.0153398,0.751651,0.747049,
144808,0.223961,0.222427,-0.101243,-0.101243,2.0559,2.0559,-0.455959,-0.455959,0,0,-0.0122718,-0.0153398,0.751651,0.747049,
144828,0.223961,0.222427,-0.101243,-0.101243,2.0559,2.0559,-0.455959,-0.455959,0,0,-0.0122718,-0.0153398,0.751651,0.747049,
144848,0.223961,0.222427,-0.101243,-0.101243,2.0559,2.0559,-0.455959,-0.455959,0,0,-0.0122718,-0.0153398,0.751651,0.747049,
144868,0.223961,0.222427,-0.101243,-0.101243,2.0559,2.0559,-0.455959,-0.455959,0,0,-0.0122718,-0.0153398,0.751651,0.747049,
144888,0.223961,0.222427,-0.101243,-0.102777,2.0559,2.0559,-0.455959,-0.455959,0,0,-0.0122718,-0.0153398,0.751651,0.747049,
144908,0.223961,0.222427,-0.101243,-0.102777,2.0559,2.0559,-0.455959,-0.455959,0,0,-0.0122718,-0.0153398,0.751651,0.747049,
144928,0.223961,0.222427,-0.101243,-0.102777,2.0559,2.0559,-0.455959,-0.455959,0,0,-0.0122718,-0.0153398,0.751651,0.747049,
144948,0.223961,0.222427,-0.101243,-0.102777,2.0559,2.0559,-0.455959,-0.455959,0,0,-0.0122718,-0.0153398,0.751651,0.747049,
144968,0.223961,0.222427,-0.101243,-0.102777,2.0559,2.0559,-0.455959,-0.455959,0,0,-0.0122718,-0.0153398,0.751651,0.747049,
144989,0.223961,0.222427,-0.101243,-0.102777,2.0559,2.0559,-0.455959,-0.455959,0,0,-0.0122718,-0.0153398,0.751651,0.747049,
145008,0.223961,0.222427,-0.101243,-0.101243,2.0559,2.0559,-0.455959,-0.455959,0,0,-0.0122718,-0.0153398,0.751651,0.747049,
145028,0.223961,0.222427,-0.101243,-0.101243,2.0559,2.0559,-0.455959,-0.455959,0,0,-0.0122718,-0.0153398,0.751651,0.747049,
145048,0.223961,0.222427,-0.101243,-0.101243,2.0559,2.0559,-0.455959,-0.455959,0,0,-0.0122718,-0.0153398,0.751651,0.747049,
145068,0.223961,0.222427,-0.101243,-0.101243,2.0559,2.0559,-0.455959,-0.455959,0,0,-0.0122718,-0.0153398,0.751651,0.747049,
145088,0.223961,0.222427,-0.101243,-0.101243,2.0559,2.0559,-0.455959,-0.455959,0,0,-0.0122718,-0.0153398,0.751651,0.747049,
145108,0.223961,0.220893,-0.101243,-0.101243,2.0559,2.0559,-0.455959,-0.455959,0,0,-0.0122718,-0.0153398,0.751651,0.747049,
145128,0.223961,0.220893,-0.101243,-0.101243,2.0559,2.0559,-0.455959,-0.455959,0,0,-0.0122718,-0.0153398,0.751651,0.747049,
145148,0.223961,0.220893,-0.101243,-0.101243,2.0559,2.0559,-0.455959,-0.455959,0,0,-0.0122718,-0.0153398,0.751651,0.747049,
145168,0.223961,0.220893,-0.101243,-0.101243,2.0559,2.0559,-0.455959,-0.455959,0,0,-0.0122718,-0.0153398,0.751651,0.747049,
145188,0.223961,0.220893,-0.101243,-0.101243,2.0559,2.0559,-0.455959,-0.455959,0,0,-0.0122718,-0.0153398,0.751651,0.747049,
145208,0.223961,0.222427,-0.101243,-0.101243,2.0559,2.05437,-0.455959,-0.455959,0,0,-0.0122718,-0.0153398,0.751651,0.747049,
145228,0.223961,0.222427,-0.101243,-0.101243,2.0559,2.05437,-0.455959,-0.455959,0,0,-0.0122718,-0.0153398,0.751651,0.747049,
145248,0.223961,0.222427,-0.101243,-0.101243,2.0559,2.05437,-0.455959,-0.455959,0,0,-0.0122718,-0.0153398,0.751651,0.747049,
145268,0.223961,0.222427,-0.101243,-0.101243,2.0559,2.05437,-0.455959,-0.455959,0,0,-0.0122718,-0.0153398,0.751651,0.747049,
145288,0.223961,0.222427,-0.101243,-0.101243,2.0559,2.05437,-0.455959,-0.455959,0,0,-0.0122718,-0.0153398,0.751651,0.747049,
145308,0.223961,0.222427,-0.101243,-0.101243,2.0559,2.05437,-0.455959,-0.455959,0,0,-0.0122718,-0.0153398,0.751651,0.747049,
145328,0.223961,0.222427,-0.101243,-0.101243,2.0559,2.05437,-0.455959,-0.455959,0,0,-0.0122718,-0.0153398,0.751651,0.747049,
145348,0.223961,0.222427,-0.101243,-0.101243,2.0559,2.05437,-0.455959,-0.455959,0,0,-0.0122718,-0.0153398,0.751651,0.747049,
145368,0.223961,0.222427,-0.101243,-0.101243,2.0559,2.05437,-0.455959,-0.455959,0,0,-0.0122718,-0.0153398,0.751651,0.747049,
145388,0.223961,0.222427,-0.101243,-0.101243,2.0559,2.05437,-0.455959,-0.455959,0,0,-0.0122718,-0.0153398,0.751651,0.747049,
145408,0.223961,0.222427,-0.101243,-0.101243,2.0559,2.05437,-0.455959,-0.455959,0,0,-0.0122718,-0.0153398,0.751651,0.747049,
145428,0.223961,0.222427,-0.101243,-0.101243,2.0559,2.05437,-0.455959,-0.455959,0,0,-0.0122718,-0.0153398,0.751651,0.747049,
145448,0.223961,0.222427,-0.101243,-0.101243,2.0559,2.05437,-0.455959,-0.455959,0,0,-0.0122718,-0.0153398,0.751651,0.747049,
145468,0.223961,0.222427,-0.101243,-0.101243,2.0559,2.05437,-0.455959,-0.455959,0,0,-0.0122718,-0.0153398,0.751651,0.747049,
145488,0.223961,0.222427,-0.101243,-0.101243,2.0559,2.05437,-0.455959,-0.455959,0,0,-0.0122718,-0.0153398,0.751651,0.747049,
145508,0.223961,0.222427,-0.101243,-0.101243,2.0559,2.05437,-0.455959,-0.455959,0,0,-0.0122718,-0.0153398,0.751651,0.747049,
145528,0.223961,0.222427,-0.101243,-0.101243,2.0559,2.05437,-0.455959,-0.455959,0,0,-0.0122718,-0.0153398,0.751651,0.747049,
145548,0.223961,0.222427,-0.101243,-0.101243,2.0559,2.05437,-0.455959,-0.455959,0,0,-0.0122718,-0.0153398,0.751651,0.747049,
145568,0.223961,0.222427,-0.101243,-0.101243,2.0559,2.05437,-0.455959,-0.455959,0,0,-0.0122718,-0.0153398,0.751651,0.747049,
145588,0.223961,0.222427,-0.101243,-0.101243,2.0559,2.05437,-0.455959,-0.455959,0,0,-0.0122718,-0.0153398,0.751651,0.747049,
145608,0.223961,0.222427,-0.101243,-0.101243,2.0559,2.05437,-0.455959,-0.455959,0,0,-0.0122718,-0.0153398,0.751651,0.747049,
145628,0.223961,0.222427,-0.101243,-0.101243,2.0559,2.05437,-0.455959,-0.455959,0,0,-0.0122718,-0.0153398,0.751651,0.747049,
145648,0.223961,0.222427,-0.101243,-0.101243,2.0559,2.05437,-0.455959,-0.455959,0,0,-0.0122718,-0.0153398,0.751651,0.747049,
145668,0.223961,0.222427,-0.101243,-0.101243,2.0559,2.05437,-0.455959,-0.455959,0,0,-0.0122718,-0.0153398,0.751651,0.747049,
145688,0.223961,0.222427,-0.101243,-0.101243,2.0559,2.05437,-0.455959,-0.455959,0,0,-0.0122718,-0.0153398,0.751651,0.747049,
145708,0.223961,0.222427,-0.101243,-0.101243,2.0559,2.05437,-0.455959,-0.455959,0,0,-0.0122718,-0.0153398,0.751651,0.747049,
145728,0.223961,0.222427,-0.101243,-0.101243,2.0559,2.05437,-0.455959,-0.455959,0,0,-0.0122718,-0.0153398,0.751651,0.747049,
145748,0.223961,0.222427,-0.101243,-0.101243,2.0559,2.05437,-0.455959,-0.455959,0,0,-0.0122718,-0.0153398,0.751651,0.747049,
145768,0.223961,0.222427,-0.101243,-0.101243,2.0559,2.05437,-0.455959,-0.455959,0,0,-0.0122718,-0.0153398,0.751651,0.747049,
145788,0.223961,0.222427,-0.101243,-0.101243,2.0559,2.05437,-0.455959,-0.455959,0,0,-0.0122718,-0.0153398,0.751651,0.747049,
145808,0.223961,0.222427,-0.101243,-0.101243,2.0559,2.05437,-0.455959,-0.455959,0,0,-0.0122718,-0.0153398,0.751651,0.747049,
145828,0.223961,0.222427,-0.101243,-0.101243,2.0559,2.05437,-0.455959,-0.455959,0,0,-0.0122718,-0.0153398,0.751651,0.747049,
145848,0.223961,0.222427,-0.101243,-0.101243,2.0559,2.05437,-0.455959,-0.455959,0,0,-0.0122718,-0.0153398,0.751651,0.747049,
145868,0.223961,0.222427,-0.101243,-0.101243,2.0559,2.05437,-0.455959,-0.455959,0,0,-0.0122718,-0.0153398,0.751651,0.747049,
145888,0.223961,0.222427,-0.101243,-0.101243,2.0559,2.05437,-0.455959,-0.455959,0,0,-0.0122718,-0.0153398,0.751651,0.747049,
145908,0.223961,0.222427,-0.101243,-0.101243,2.0559,2.05437,-0.455959,-0.455959,0,0,-0.0122718,-0.0138058,0.751651,0.747049,
145928,0.223961,0.222427,-0.101243,-0.101243,2.0559,2.05437,-0.455959,-0.455959,0,0,-0.0122718,-0.0138058,0.751651,0.747049,
145948,0.223961,0.222427,-0.101243,-0.101243,2.0559,2.05437,-0.455959,-0.455959,0,0,-0.0122718,-0.0138058,0.751651,0.747049,
145968,0.223961,0.222427,-0.101243,-0.101243,2.0559,2.05437,-0.455959,-0.455959,0,0,-0.0122718,-0.0138058,0.751651,0.747049,
145988,0.223961,0.222427,-0.101243,-0.101243,2.0559,2.05437,-0.455959,-0.455959,0,0,-0.0122718,-0.0138058,0.751651,0.747049,
146008,0.223961,0.222427,-0.101243,-0.101243,2.0559,2.0513,-0.455959,-0.455959,0,0,-0.0122718,-0.0138058,0.751651,0.747049,
146028,0.223961,0.222427,-0.101243,-0.101243,2.0559,2.0513,-0.455959,-0.455959,0,0,-0.0122718,-0.0138058,0.751651,0.747049,
146048,0.223961,0.222427,-0.101243,-0.101243,2.0559,2.0513,-0.455959,-0.455959,0,0,-0.0122718,-0.0138058,0.751651,0.747049,
146068,0.223961,0.222427,-0.101243,-0.101243,2.0559,2.0513,-0.455959,-0.455959,0,0,-0.0122718,-0.0138058,0.751651,0.747049,
146088,0.223961,0.222427,-0.101243,-0.0997088,2.0559,2.0513,-0.455959,-0.455959,0,0,-0.0122718,-0.0122718,0.751651,0.745515,
146109,0.223961,0.222427,-0.101243,-0.0997088,2.0559,2.0513,-0.455959,-0.455959,0,0,-0.0122718,-0.0122718,0.751651,0.745515,
146132,0.223961,0.222427,-0.101243,-0.0997088,2.0559,2.0513,-0.455959,-0.455959,0,0,-0.0122718,-0.0122718,0.751651,0.745515,
146148,0.223961,0.222427,-0.101243,-0.0997088,2.0559,2.0513,-0.455959,-0.455959,0,0,-0.0122718,-0.0122718,0.751651,0.745515,
146168,0.223961,0.222427,-0.101243,-0.0997088,2.0559,2.0513,-0.455959,-0.455959,0,0,-0.0122718,-0.0122718,0.751651,0.745515,
146188,0.223961,0.222427,-0.101243,-0.0997088,2.0559,2.05437,-0.455959,-0.457493,0,-0.00153398,-0.0122718,-0.0122718,0.751651,0.747049,
146208,0.223961,0.222427,-0.101243,-0.0997088,2.0559,2.05437,-0.455959,-0.457493,0,-0.00153398,-0.0122718,-0.0122718,0.751651,0.747049,
146228,0.223961,0.222427,-0.101243,-0.0997088,2.0559,2.05437,-0.455959,-0.457493,0,-0.00153398,-0.0122718,-0.0122718,0.751651,0.747049,
146248,0.223961,0.222427,-0.101243,-0.0997088,2.0559,2.05437,-0.455959,-0.457493,0,-0.00153398,-0.0122718,-0.0122718,0.751651,0.747049,
146268,0.223961,0.222427,-0.101243,-0.0997088,2.0559,2.05437,-0.455959,-0.457493,0,-0.00153398,-0.0122718,-0.0122718,0.751651,0.747049,
146288,0.223961,0.222427,-0.101243,-0.0997088,2.0559,2.05437,-0.455959,-0.457493,0,-0.00153398,-0.0122718,-0.0122718,0.751651,0.747049,
146308,0.223961,0.222427,-0.101243,-0.0997088,2.0559,2.05743,-0.455959,-0.460561,0,-0.00306796,-0.0122718,-0.0138058,0.751651,0.747049,
146328,0.223961,0.222427,-0.101243,-0.0997088,2.0559,2.05743,-0.455959,-0.460561,0,-0.00306796,-0.0122718,-0.0138058,0.751651,0.747049,
146348,0.223961,0.222427,-0.101243,-0.0997088,2.0559,2.05743,-0.455959,-0.460561,0,-0.00306796,-0.0122718,-0.0138058,0.751651,0.747049,
146368,0.223961,0.222427,-0.101243,-0.0997088,2.0559,2.05743,-0.455959,-0.460561,0,-0.00306796,-0.0122718,-0.0138058,0.751651,0.747049,
146388,0.223961,0.222427,-0.101243,-0.0997088,2.0559,2.05743,-0.455959,-0.460561,0,-0.00306796,-0.0122718,-0.0138058,0.751651,0.747049,
146408,0.223961,0.222427,-0.101243,-0.0997088,2.0559,2.05743,-0.455959,-0.459027,0,-0.00306796,-0.0122718,-0.0122718,0.751651,0.747049,
146428,0.223961,0.222427,-0.101243,-0.0997088,2.0559,2.05743,-0.455959,-0.459027,0,-0.00306796,-0.0122718,-0.0122718,0.751651,0.747049,
146448,0.223961,0.222427,-0.101243,-0.0997088,2.0559,2.05743,-0.455959,-0.459027,0,-0.00306796,-0.0122718,-0.0122718,0.751651,0.747049,
146468,0.223961,0.222427,-0.101243,-0.0997088,2.0559,2.05743,-0.455959,-0.459027,0,-0.00306796,-0.0122718,-0.0122718,0.751651,0.747049,
146488,0.223961,0.222427,-0.101243,-0.0997088,2.0559,2.05743,-0.455959,-0.459027,0,-0.00306796,-0.0122718,-0.0122718,0.751651,0.747049,
146508,0.223961,0.222427,-0.101243,-0.0997088,2.0559,2.05283,-0.455959,-0.457493,0,-0.00460194,-0.0122718,-0.0122718,0.751651,0.747049,
146528,0.223961,0.222427,-0.101243,-0.0997088,2.0559,2.05283,-0.455959,-0.457493,0,-0.00460194,-0.0122718,-0.0122718,0.751651,0.747049,
146549,0.223961,0.222427,-0.101243,-0.0997088,2.0559,2.05283,-0.455959,-0.457493,0,-0.00460194,-0.0122718,-0.0122718,0.751651,0.747049,
146568,0.223961,0.222427,-0.101243,-0.0997088,2.0559,2.05283,-0.455959,-0.457493,0,-0.00460194,-0.0122718,-0.0122718,0.751651,0.747049,
146588,0.223961,0.222427,-0.101243,-0.0997088,2.0559,2.05437,-0.455959,-0.459027,0,-0.00460194,-0.0122718,-0.0122718,0.751651,0.747049,
146608,0.223961,0.222427,-0.101243,-0.0997088,2.0559,2.05437,-0.455959,-0.459027,0,-0.00460194,-0.0122718,-0.0122718,0.751651,0.747049,
146628,0.223961,0.222427,-0.101243,-0.0997088,2.0559,2.05437,-0.455959,-0.459027,0,-0.00460194,-0.0122718,-0.0122718,0.751651,0.747049,
146648,0.223961,0.222427,-0.101243,-0.0997088,2.0559,2.05437,-0.455959,-0.459027,0,-0.00460194,-0.0122718,-0.0122718,0.751651,0.747049,
146668,0.223961,0.222427,-0.101243,-0.0997088,2.0559,2.05437,-0.455959,-0.459027,0,-0.00460194,-0.0122718,-0.0122718,0.751651,0.747049,
146688,0.223961,0.222427,-0.101243,-0.0997088,2.0559,2.05437,-0.455959,-0.459027,0,-0.00460194,-0.0122718,-0.0122718,0.751651,0.747049,
146708,0.223961,0.222427,-0.101243,-0.101243,2.0559,2.05897,-0.455959,-0.460561,0,-0.00613592,-0.0122718,-0.0122718,0.751651,0.747049,
146728,0.223961,0.222427,-0.101243,-0.101243,2.0559,2.05897,-0.455959,-0.460561,0,-0.00613592,-0.0122718,-0.0122718,0.751651,0.747049,
146748,0.223961,0.222427,-0.101243,-0.101243,2.0559,2.05897,-0.455959,-0.460561,0,-0.00613592,-0.0122718,-0.0122718,0.751651,0.747049,
146768,0.223961,0.222427,-0.101243,-0.101243,2.0559,2.05897,-0.455959,-0.460561,0,-0.00613592,-0.0122718,-0.0122718,0.751651,0.747049,
146788,0.223961,0.222427,-0.101243,-0.101243,2.0559,2.05897,-0.455959,-0.460561,0,-0.00613592,-0.0122718,-0.0122718,0.751651,0.747049,
146808,0.223961,0.222427,-0.101243,-0.104311,2.0559,2.06357,-0.455959,-0.462095,0,-0.00920388,-0.0122718,-0.0122718,0.751651,0.747049,
146828,0.223961,0.222427,-0.101243,-0.104311,2.0559,2.06357,-0.455959,-0.462095,0,-0.00920388,-0.0122718,-0.0122718,0.751651,0.747049,
146848,0.223961,0.222427,-0.101243,-0.104311,2.0559,2.06357,-0.455959,-0.462095,0,-0.00920388,-0.0122718,-0.0122718,0.751651,0.747049,
146868,0.223961,0.222427,-0.101243,-0.104311,2.0559,2.06357,-0.455959,-0.462095,0,-0.00920388,-0.0122718,-0.0122718,0.751651,0.747049,
146888,0.223961,0.222427,-0.101243,-0.104311,2.0559,2.06357,-0.455959,-0.462095,0,-0.00920388,-0.0122718,-0.0122718,0.751651,0.747049,
146909,0.223961,0.222427,-0.101243,-0.104311,2.06664,2.06664,-0.455959,-0.459027,0,-0.0076699,-0.0122718,-0.0122718,0.751651,0.747049,
146928,0.223961,0.222427,-0.101243,-0.104311,2.06664,2.06664,-0.455959,-0.459027,0,-0.0076699,-0.0122718,-0.0122718,0.751651,0.747049,
146948,0.223961,0.222427,-0.101243,-0.104311,2.06664,2.06664,-0.455959,-0.459027,0,-0.0076699,-0.0122718,-0.0122718,0.751651,0.747049,
146968,0.223961,0.222427,-0.101243,-0.104311,2.06664,2.06664,-0.455959,-0.459027,0,-0.0076699,-0.0122718,-0.0122718,0.751651,0.747049,
146988,0.223961,0.220893,-0.101243,-0.102777,2.06664,2.0651,-0.455959,-0.457493,0,-0.0076699,-0.0122718,-0.0122718,0.751651,0.747049,
147008,0.223961,0.220893,-0.101243,-0.102777,2.06664,2.0651,-0.455959,-0.457493,0,-0.0076699,-0.0122718,-0.0122718,0.751651,0.747049,
147028,0.223961,0.220893,-0.101243,-0.102777,2.06664,2.0651,-0.455959,-0.457493,0,-0.0076699,-0.0122718,-0.0122718,0.751651,0.747049,
147048,0.223961,0.220893,-0.101243,-0.102777,2.06664,2.0651,-0.455959,-0.457493,0,-0.0076699,-0.0122718,-0.0122718,0.751651,0.747049,
147068,0.223961,0.220893,-0.101243,-0.102777,2.06664,2.0651,-0.455959,-0.457493,0,-0.0076699,-0.0122718,-0.0122718,0.751651,0.747049,
147088,0.223961,0.220893,-0.101243,-0.102777,2.06664,2.0651,-0.455959,-0.457493,0,-0.0076699,-0.0122718,-0.0122718,0.751651,0.747049,
147108,0.223961,0.222427,-0.101243,-0.104311,2.06664,2.0651,-0.455959,-0.459027,0,-0.00920388,-0.0122718,-0.0122718,0.751651,0.747049,
147128,0.223961,0.222427,-0.101243,-0.104311,2.06664,2.0651,-0.455959,-0.459027,0,-0.00920388,-0.0122718,-0.0122718,0.751651,0.747049,
147148,0.223961,0.222427,-0.101243,-0.104311,2.06664,2.0651,-0.455959,-0.459027,0,-0.00920388,-0.0122718,-0.0122718,0.751651,0.747049,
147168,0.223961,0.222427,-0.101243,-0.104311,2.06664,2.0651,-0.455959,-0.459027,0,-0.00920388,-0.0122718,-0.0122718,0.751651,0.747049,
147188,0.223961,0.222427,-0.101243,-0.104311,2.06664,2.0651,-0.455959,-0.459027,0,-0.00920388,-0.0122718,-0.0122718,0.751651,0.747049,
147208,0.223961,0.222427,-0.101243,-0.105845,2.06664,2.06664,-0.455959,-0.460561,0,-0.00460194,-0.0122718,-0.0138058,0.751651,0.747049,
147228,0.223961,0.222427,-0.101243,-0.105845,2.06664,2.06664,-0.455959,-0.460561,0,-0.00460194,-0.0122718,-0.0138058,0.751651,0.747049,
147248,0.223961,0.222427,-0.101243,-0.105845,2.06664,2.06664,-0.455959,-0.460561,0,-0.00460194,-0.0122718,-0.0138058,0.751651,0.747049,
147268,0.223961,0.222427,-0.101243,-0.105845,2.06664,2.06664,-0.455959,-0.460561,0,-0.00460194,-0.0122718,-0.0138058,0.751651,0.747049,
147288,0.223961,0.222427,-0.101243,-0.105845,2.06664,2.06664,-0.455959,-0.460561,0,-0.00460194,-0.0122718,-0.0138058,0.751651,0.747049,
147308,0.223961,0.222427,-0.101243,-0.104311,2.06664,2.06971,-0.455959,-0.459027,0,-0.00460194,-0.0122718,-0.0122718,0.751651,0.747049,
147328,0.223961,0.222427,-0.101243,-0.104311,2.06664,2.06971,-0.455959,-0.459027,0,-0.00460194,-0.0122718,-0.0122718,0.751651,0.747049,
147348,0.223961,0.222427,-0.101243,-0.104311,2.06664,2.06971,-0.455959,-0.459027,0,-0.00460194,-0.0122718,-0.0122718,0.751651,0.747049,
147368,0.223961,0.222427,-0.101243,-0.104311,2.06664,2.06971,-0.455959,-0.459027,0,-0.00460194,-0.0122718,-0.0122718,0.751651,0.747049,
147388,0.223961,0.222427,-0.101243,-0.104311,2.06664,2.06971,-0.455959,-0.459027,0,-0.00460194,-0.0122718,-0.0122718,0.751651,0.747049,
147408,0.223961,0.222427,-0.113515,-0.113515,2.08811,2.08811,-0.455959,-0.465162,0,-0.00613592,-0.0122718,-0.0122718,0.751651,0.747049,
147428,0.223961,0.222427,-0.113515,-0.113515,2.08811,2.08811,-0.455959,-0.465162,0,-0.00613592,-0.0122718,-0.0122718,0.751651,0.747049,
147448,0.223961,0.222427,-0.113515,-0.113515,2.08811,2.08811,-0.455959,-0.465162,0,-0.00613592,-0.0122718,-0.0122718,0.751651,0.747049,
147468,0.223961,0.222427,-0.113515,-0.113515,2.08811,2.08811,-0.455959,-0.465162,0,-0.00613592,-0.0122718,-0.0122718,0.751651,0.747049,
147488,0.223961,0.222427,-0.113515,-0.113515,2.08811,2.08811,-0.455959,-0.465162,0,-0.00613592,-0.0122718,-0.0122718,0.751651,0.747049,
147508,0.223961,0.222427,-0.113515,-0.107379,2.08811,2.08044,-0.455959,-0.454425,0,-0.00613592,-0.0122718,-0.0122718,0.751651,0.747049,
147528,0.223961,0.222427,-0.113515,-0.107379,2.08811,2.08044,-0.455959,-0.454425,0,-0.00613592,-0.0122718,-0.0122718,0.751651,0.747049,
147548,0.223961,0.222427,-0.113515,-0.107379,2.08811,2.08044,-0.455959,-0.454425,0,-0.00613592,-0.0122718,-0.0122718,0.751651,0.747049,
147568,0.223961,0.222427,-0.113515,-0.107379,2.08811,2.08044,-0.455959,-0.454425,0,-0.00613592,-0.0122718,-0.0122718,0.751651,0.747049,
147588,0.223961,0.222427,-0.113515,-0.107379,2.08811,2.08044,-0.455959,-0.454425,0,-0.00613592,-0.0122718,-0.0122718,0.751651,0.747049,
147608,0.223961,0.222427,-0.113515,-0.113515,2.08811,2.09425,-0.455959,-0.457493,0,-0.00306796,-0.0122718,-0.0122718,0.751651,0.747049,
147628,0.223961,0.222427,-0.113515,-0.113515,2.08811,2.09425,-0.455959,-0.457493,0,-0.00306796,-0.0122718,-0.0122718,0.751651,0.747049,
147648,0.223961,0.222427,-0.113515,-0.113515,2.08811,2.09425,-0.455959,-0.457493,0,-0.00306796,-0.0122718,-0.0122718,0.751651,0.747049,
147668,0.223961,0.222427,-0.113515,-0.113515,2.08811,2.09425,-0.455959,-0.457493,0,-0.00306796,-0.0122718,-0.0122718,0.751651,0.747049,
147688,0.223961,0.222427,-0.113515,-0.113515,2.08811,2.09425,-0.455959,-0.457493,0,-0.00306796,-0.0122718,-0.0122718,0.751651,0.747049,
147708,0.223961,0.222427,-0.113515,-0.115049,2.08811,2.08811,-0.455959,-0.457493,0,-0.00920388,-0.0122718,-0.0122718,0.751651,0.747049,
147728,0.223961,0.222427,-0.113515,-0.115049,2.08811,2.08811,-0.455959,-0.457493,0,-0.00920388,-0.0122718,-0.0122718,0.751651,0.747049,
147748,0.223961,0.222427,-0.113515,-0.115049,2.08811,2.08811,-0.455959,-0.457493,0,-0.00920388,-0.0122718,-0.0122718,0.751651,0.747049,
147768,0.223961,0.222427,-0.113515,-0.115049,2.08811,2.08811,-0.455959,-0.457493,0,-0.00920388,-0.0122718,-0.0122718,0.751651,0.747049,
147788,0.223961,0.222427,-0.113515,-0.118117,2.08811,2.09425,-0.455959,-0.463629,0,-0.00460194,-0.0122718,-0.0122718,0.751651,0.747049,
147808,0.223961,0.222427,-0.113515,-0.118117,2.08811,2.09425,-0.455959,-0.463629,0,-0.00460194,-0.0122718,-0.0122718,0.751651,0.747049,
147828,0.223961,0.222427,-0.113515,-0.118117,2.08811,2.09425,-0.455959,-0.463629,0,-0.00460194,-0.0122718,-0.0122718,0.751651,0.747049,
147848,0.223961,0.222427,-0.113515,-0.118117,2.08811,2.09425,-0.455959,-0.463629,0,-0.00460194,-0.0122718,-0.0122718,0.751651,0.747049,
147868,0.223961,0.222427,-0.113515,-0.118117,2.08811,2.09425,-0.455959,-0.463629,0,-0.00460194,-0.0122718,-0.0122718,0.751651,0.747049,
147888,0.223961,0.222427,-0.113515,-0.118117,2.08811,2.09425,-0.455959,-0.463629,0,-0.00460194,-0.0122718,-0.0122718,0.751651,0.747049,
147908,0.223961,0.222427,-0.128854,-0.128854,2.10039,2.10039,-0.455959,-0.462095,0,-0.00153398,-0.0122718,-0.0122718,0.751651,0.747049,
147928,0.223961,0.222427,-0.128854,-0.128854,2.10039,2.10039,-0.455959,-0.462095,0,-0.00153398,-0.0122718,-0.0122718,0.751651,0.747049,
147948,0.223961,0.222427,-0.128854,-0.128854,2.10039,2.10039,-0.455959,-0.462095,0,-0.00153398,-0.0122718,-0.0122718,0.751651,0.747049,
147968,0.223961,0.222427,-0.128854,-0.128854,2.10039,2.10039,-0.455959,-0.462095,0,-0.00153398,-0.0122718,-0.0122718,0.751651,0.747049,
147988,0.223961,0.222427,-0.128854,-0.128854,2.10039,2.10039,-0.455959,-0.462095,0,-0.00153398,-0.0122718,-0.0122718,0.751651,0.747049,
148008,0.223961,0.225495,-0.128854,-0.11965,2.10039,2.09578,-0.455959,-0.452891,0,-0.00460194,-0.0122718,-0.0122718,0.751651,0.747049,
148028,0.223961,0.225495,-0.128854,-0.11965,2.10039,2.09578,-0.455959,-0.452891,0,-0.00460194,-0.0122718,-0.0122718,0.751651,0.747049,
148048,0.223961,0.225495,-0.128854,-0.11965,2.10039,2.09578,-0.455959,-0.452891,0,-0.00460194,-0.0122718,-0.0122718,0.751651,0.747049,
148068,0.223961,0.225495,-0.128854,-0.11965,2.10039,2.09578,-0.455959,-0.452891,0,-0.00460194,-0.0122718,-0.0122718,0.751651,0.747049,
148088,0.223961,0.228563,-0.128854,-0.136524,2.10039,2.11726,-0.455959,-0.463629,0,-0.00460194,-0.0122718,-0.0122718,0.751651,0.751651,
148108,0.223961,0.228563,-0.128854,-0.136524,2.11726,2.11726,-0.455959,-0.463629,0,-0.00460194,-0.0122718,-0.0122718,0.751651,0.751651,
148128,0.223961,0.228563,-0.128854,-0.136524,2.11726,2.11726,-0.455959,-0.463629,0,-0.00460194,-0.0122718,-0.0122718,0.751651,0.751651,
148148,0.223961,0.228563,-0.128854,-0.136524,2.11726,2.11726,-0.455959,-0.463629,0,-0.00460194,-0.0122718,-0.0122718,0.751651,0.751651,
148168,0.223961,0.228563,-0.128854,-0.136524,2.11726,2.11726,-0.455959,-0.463629,0,-0.00460194,-0.0122718,-0.0122718,0.751651,0.751651,
148188,0.223961,0.227029,-0.128854,-0.138058,2.11726,2.11573,-0.455959,-0.463629,0,-0.00460194,-0.0122718,-0.0138058,0.751651,0.753185,
148208,0.223961,0.227029,-0.128854,-0.138058,2.11726,2.11573,-0.455959,-0.463629,0,-0.00460194,-0.0122718,-0.0138058,0.751651,0.753185,
148228,0.223961,0.227029,-0.128854,-0.138058,2.11726,2.11573,-0.455959,-0.463629,0,-0.00460194,-0.0122718,-0.0138058,0.751651,0.753185,
148248,0.223961,0.227029,-0.128854,-0.138058,2.11726,2.11573,-0.455959,-0.463629,0,-0.00460194,-0.0122718,-0.0138058,0.751651,0.753185,
148268,0.223961,0.227029,-0.128854,-0.138058,2.11726,2.11573,-0.455959,-0.463629,0,-0.00460194,-0.0122718,-0.0138058,0.751651,0.753185,
148288,0.223961,0.227029,-0.128854,-0.138058,2.11726,2.11573,-0.455959,-0.463629,0,-0.00460194,-0.0122718,-0.0138058,0.751651,0.753185,
148309,0.223961,0.228563,-0.139592,-0.139592,2.11726,2.11726,-0.455959,-0.463629,0,-0.00460194,-0.0122718,-0.0138058,0.751651,0.753185,
148328,0.223961,0.228563,-0.139592,-0.139592,2.11726,2.11726,-0.455959,-0.463629,0,-0.00460194,-0.0122718,-0.0138058,0.751651,0.753185,
148348,0.223961,0.228563,-0.139592,-0.139592,2.11726,2.11726,-0.455959,-0.463629,0,-0.00460194,-0.0122718,-0.0138058,0.751651,0.753185,
148368,0.223961,0.228563,-0.139592,-0.139592,2.11726,2.11726,-0.455959,-0.463629,0,-0.00460194,-0.0122718,-0.0138058,0.751651,0.753185,
148388,0.226694,0.228563,-0.0967922,-0.139592,2.13762,2.11726,-0.46543,-0.463629,0,-0.00460194,0,-0.0138058,0,0.753185,
148408,0.219221,0.227029,-0.0975587,-0.130388,2.1367,2.10806,-0.463743,-0.451357,0,-0.0107379,0,-0.0138058,0,0.753185,
148428,0.219221,0.227029,-0.0975587,-0.130388,2.1367,2.10806,-0.463743,-0.451357,0,-0.0107379,0,-0.0138058,0,0.753185,
148448,0.21178,0.227029,-0.098343,-0.130388,2.13575,2.10806,-0.462011,-0.451357,0,-0.0107379,0,-0.0138058,0,0.753185,
148468,0.20437,0.227029,-0.0991445,-0.130388,2.13478,2.10806,-0.460235,-0.451357,0,-0.0107379,0,-0.0138058,0,0.753185,
148488,0.20437,0.227029,-0.0991445,-0.130388,2.13478,2.10806,-0.460235,-0.451357,0,-0.0107379,0,-0.0138058,0,0.753185,
148509,0.228563,0.228563,-0.128854,-0.128854,2.10959,2.10959,-0.460235,-0.462095,-0.0122718,-0.0122718,-0.0138058,-0.0138058,0.753185,0.753185,
148528,0.196992,0.228563,-0.099963,-0.128854,2.13378,2.10959,-0.458414,-0.462095,0,-0.0122718,0,-0.0138058,0,0.753185,
148549,0.196992,0.228563,-0.099963,-0.128854,2.13378,2.10959,-0.458414,-0.462095,0,-0.0122718,0,-0.0138058,0,0.753185,
148568,0.189647,0.228563,-0.100798,-0.128854,2.13275,2.10959,-0.456551,-0.462095,0,-0.0122718,0,-0.0138058,0,0.753185,
148588,0.182336,0.228563,-0.101649,-0.128854,2.13169,2.10959,-0.454644,-0.462095,0,-0.0122718,0,-0.0138058,0,0.753185,
148608,0.227029,0.227029,-0.128854,-0.128854,2.11726,2.11726,-0.454644,-0.462095,0,-0.00920388,-0.0138058,-0.0138058,0.754719,0.754719,
148628,0.175058,0.227029,-0.102516,-0.128854,2.13061,2.11726,-0.452695,-0.462095,0,-0.00920388,0,-0.0138058,0,0.754719,
148648,0.167815,0.227029,-0.103399,-0.128854,2.1295,2.11726,-0.450703,-0.462095,0,-0.00920388,0,-0.0138058,0,0.754719,
148669,0.167815,0.227029,-0.103399,-0.128854,2.1295,2.11726,-0.450703,-0.462095,0,-0.00920388,0,-0.0138058,0,0.754719,
148689,0.160606,0.227029,-0.104296,-0.128854,2.12836,2.11726,-0.448669,-0.462095,0,-0.00920388,0,-0.0138058,0,0.754719,
148708,0.160606,0.227029,-0.104296,-0.128854,2.12836,2.11726,-0.448669,-0.462095,0,-0.00920388,0,-0.0138058,0,0.754719,
148728,0.153434,0.217825,-0.105208,-0.121184,2.1272,2.11879,-0.446594,-0.462095,0,-0.00920388,0,-0.0138058,0,0.754719,
148748,0.146297,0.217825,-0.106133,-0.121184,2.12601,2.11879,-0.444478,-0.462095,0,-0.00920388,0,-0.0138058,0,0.754719,
148768,0.139196,0.217825,-0.107073,-0.121184,2.12479,2.11879,-0.442321,-0.462095,0,-0.00920388,0,-0.0138058,0,0.754719,
148788,0.139196,0.217825,-0.107073,-0.121184,2.12479,2.11879,-0.442321,-0.462095,0,-0.00920388,0,-0.0138058,0,0.754719,
148808,0.210155,0.210155,-0.108026,-0.116583,2.12355,2.128,-0.463629,-0.463629,-0.0107379,-0.0107379,-0.0138058,-0.0138058,0.754719,0.754719,
148828,0.210155,0.210155,-0.108026,-0.116583,2.12355,2.128,-0.463629,-0.463629,-0.0107379,-0.0107379,-0.0138058,-0.0138058,0.754719,0.754719,
148848,0.125105,0.210155,-0.108991,-0.116583,2.12228,2.128,-0.437888,-0.463629,0,-0.0107379,0,-0.0138058,0,0.754719,
148868,0.118116,0.210155,-0.10997,-0.116583,2.12098,2.128,-0.435612,-0.463629,0,-0.0107379,0,-0.0138058,0,0.754719,
148888,0.118116,0.210155,-0.10997,-0.116583,2.12098,2.128,-0.435612,-0.463629,0,-0.0107379,0,-0.0138058,0,0.754719,
148908,0.202485,0.202485,-0.11096,-0.113515,2.11965,2.128,-0.462095,-0.462095,-0.0107379,-0.0107379,-0.0138058,-0.0138058,0.753185,0.753185,
148929,0.104252,0.202485,-0.111961,-0.113515,2.1183,2.128,-0.430944,-0.462095,0,-0.0107379,0,-0.0138058,0,0.753185,
148948,0.104252,0.202485,-0.111961,-0.113515,2.1183,2.128,-0.430944,-0.462095,0,-0.0107379,0,-0.0138058,0,0.753185,
148968,0.097378,0.202485,-0.112974,-0.113515,2.11692,2.128,-0.428552,-0.462095,0,-0.0107379,0,-0.0138058,0,0.753185,
148988,0.0905428,0.202485,-0.113997,-0.113515,2.11552,2.128,-0.426124,-0.462095,0,-0.0107379,0,-0.0138058,0,0.753185,
149008,0.0905428,0.202485,-0.113997,-0.113515,2.11552,2.128,-0.426124,-0.462095,0,-0.0107379,0,-0.0138058,0,0.753185,
149028,0.185612,0.185612,-0.115031,-0.115049,2.128,2.128,-0.462095,-0.462095,-0.0107379,-0.0107379,-0.0138058,-0.0138058,0.753185,0.753185,
149048,0.0769906,0.185612,-0.116074,-0.115049,2.11263,2.128,-0.421156,-0.462095,0,-0.0107379,0,-0.0138058,0,0.753185,
149068,0.0769906,0.185612,-0.116074,-0.115049,2.11263,2.128,-0.421156,-0.462095,0,-0.0107379,0,-0.0138058,0,0.753185,
149088,0.0702741,0.185612,-0.117127,-0.115049,2.11114,2.128,-0.418617,-0.462095,0,-0.0107379,0,-0.0138058,0,0.753185,
149108,0.0635977,0.174874,-0.118188,-0.115049,2.10963,2.12186,-0.416043,-0.462095,0,-0.0107379,0,-0.0138058,0,0.753185,
149128,0.174874,0.174874,-0.118188,-0.115049,2.12186,2.12186,-0.462095,-0.462095,-0.0107379,-0.0107379,-0.0138058,-0.0138058,0.753185,0.753185,
149148,0.0569616,0.174874,-0.119258,-0.115049,2.10809,2.12186,-0.413434,-0.462095,0,-0.0107379,0,-0.0138058,0,0.753185,
149168,0.0569616,0.174874,-0.119258,-0.115049,2.10809,2.12186,-0.413434,-0.462095,0,-0.0107379,0,-0.0138058,0,0.753185,
149188,0.0503661,0.174874,-0.120336,-0.115049,2.10652,2.12186,-0.410789,-0.462095,0,-0.0107379,0,-0.0138058,0,0.753185,
149208,0.0438113,0.174874,-0.121421,-0.115049,2.10493,2.12186,-0.408111,-0.462095,0,-0.0107379,0,-0.0138058,0,0.753185,
149228,0.185612,0.185612,-0.121421,-0.116583,2.12186,2.12186,-0.460561,-0.460561,-0.0107379,-0.0107379,-0.0138058,-0.0138058,0.753185,0.753185,
149248,0.0372974,0.185612,-0.122514,-0.116583,2.10331,2.12186,-0.405399,-0.460561,0,-0.0107379,0,-0.0138058,0,0.753185,
149268,0.0308245,0.185612,-0.123613,-0.116583,2.10166,2.12186,-0.402653,-0.460561,0,-0.0107379,0,-0.0138058,0,0.753185,
149288,0.0308245,0.185612,-0.123613,-0.116583,2.10166,2.12186,-0.402653,-0.460561,0,-0.0107379,0,-0.0138058,0,0.753185,
149308,0.13499,0.13499,-0.124719,-0.116583,2.11573,2.11573,-0.445221,-0.445221,-0.0122718,-0.0122718,-0.0122718,-0.0122718,0.751651,0.751651,
149328,0.0180027,0.13499,-0.12583,-0.116583,2.09829,2.11573,-0.397063,-0.445221,0,-0.0122718,0,-0.0122718,0,0.751651,
149348,0.0180027,0.13499,-0.12583,-0.116583,2.09829,2.11573,-0.397063,-0.445221,0,-0.0122718,0,-0.0122718,0,0.751651,
149368,0.0116539,0.13499,-0.126947,-0.116583,2.09657,2.11573,-0.39422,-0.445221,0,-0.0122718,0,-0.0122718,0,0.751651,
149388,0.00534677,0.13499,-0.128069,-0.116583,2.09481,2.11573,-0.391346,-0.445221,0,-0.0122718,0,-0.0122718,0,0.751651,
149408,0.00534677,0.110447,-0.128069,-0.118117,2.09481,2.11266,-0.391346,-0.437551,0,-0.0122718,0,-0.0138058,0,0.745515,
149428,-0.000918725,0.110447,-0.129195,-0.118117,2.09303,2.11266,-0.38844,-0.437551,0,-0.0122718,0,-0.0138058,0,0.745515,
149448,-0.00714247,0.110447,-0.130325,-0.118117,2.09123,2.11266,-0.385504,-0.437551,0,-0.0122718,0,-0.0138058,0,0.745515,
149468,-0.00714247,0.110447,-0.130325,-0.118117,2.09123,2.11266,-0.385504,-0.437551,0,-0.0122718,0,-0.0138058,0,0.745515,
149488,-0.0133244,0.110447,-0.131459,-0.118117,2.08939,2.11266,-0.382537,-0.437551,0,-0.0122718,0,-0.0138058,0,0.745515,
149508,0.0905049,0.0905049,-0.121184,-0.121184,2.10959,2.10959,-0.436017,-0.436017,-0.0122718,-0.0122718,-0.0138058,-0.0138058,0.745515,0.745515,
149528,-0.0194645,0.0905049,-0.132595,-0.121184,2.08753,2.10959,-0.379541,-0.436017,0,-0.0122718,0,-0.0138058,0,0.745515,
149548,-0.0255626,0.0905049,-0.133735,-0.121184,2.08565,2.10959,-0.376516,-0.436017,0,-0.0122718,0,-0.0138058,0,0.745515,
149568,-0.0255626,0.0905049,-0.133735,-0.121184,2.08565,2.10959,-0.376516,-0.436017,0,-0.0122718,0,-0.0138058,0,0.745515,
149588,-0.0316189,0.0905049,-0.134877,-0.121184,2.08374,2.10959,-0.373461,-0.436017,0,-0.0122718,0,-0.0138058,0,0.745515,
149608,-0.0376332,0.125786,-0.136021,-0.122718,2.0818,2.10652,-0.370379,-0.442153,0,-0.0122718,0,-0.0138058,0,0.745515,
149628,-0.0376332,0.125786,-0.136021,-0.122718,2.0818,2.10652,-0.370379,-0.442153,0,-0.0122718,0,-0.0138058,0,0.745515,
149648,-0.0436056,0.125786,-0.137167,-0.122718,2.07983,2.10652,-0.367268,-0.442153,0,-0.0122718,0,-0.0138058,0,0.745515,
149668,-0.0495361,0.125786,-0.138313,-0.122718,2.07784,2.10652,-0.36413,-0.442153,0,-0.0122718,0,-0.0138058,0,0.745515,
149688,-0.0495361,0.125786,-0.138313,-0.122718,2.07784,2.10652,-0.36413,-0.442153,0,-0.0122718,0,-0.0138058,0,0.745515,
149708,-0.0554247,0.125786,-0.13946,-0.122718,2.07582,2.10652,-0.360965,-0.442153,0,-0.0122718,0,-0.0138058,0,0.745515,
149728,0.0935728,0.0935728,-0.13946,-0.130388,2.10039,2.10039,-0.423745,-0.423745,-0.0138058,-0.0138058,-0.0138058,-0.0138058,0.745515,0.745515,
149748,-0.0612715,0.0935728,-0.140608,-0.130388,2.07378,2.10039,-0.357773,-0.423745,0,-0.0138058,0,-0.0138058,0,0.745515,
149768,-0.0670765,0.0935728,-0.141755,-0.130388,2.07171,2.10039,-0.354555,-0.423745,0,-0.0138058,0,-0.0138058,0,0.745515,
149788,-0.0670765,0.0935728,-0.141755,-0.130388,2.07171,2.10039,-0.354555,-0.423745,0,-0.0138058,0,-0.0138058,0,0.745515,
149810,0.0383495,0.0383495,-0.142902,-0.133456,2.09118,2.09118,-0.403803,-0.403803,-0.0138058,-0.0138058,-0.0138058,-0.0138058,0.745515,0.745515,
149828,0.0383495,0.0383495,-0.142902,-0.133456,2.09118,2.09118,-0.403803,-0.403803,-0.0138058,-0.0138058,-0.0138058,-0.0138058,0.745515,0.745515,
149848,-0.0785613,0.0383495,-0.144048,-0.133456,2.06749,2.09118,-0.348042,-0.403803,0,-0.0138058,0,-0.0138058,0,0.745515,
149868,-0.0842413,0.0383495,-0.145192,-0.133456,2.06534,2.09118,-0.344748,-0.403803,0,-0.0138058,0,-0.0138058,0,0.745515,
149888,-0.0842413,0.0383495,-0.145192,-0.133456,2.06534,2.09118,-0.344748,-0.403803,0,-0.0138058,0,-0.0138058,0,0.745515,
149908,0.0214757,0.0214757,-0.13499,-0.13499,2.09118,2.09118,-0.397667,-0.397667,-0.0138058,-0.0138058,-0.0138058,-0.0138058,0.745515,0.745515,
149928,-0.0954769,0.0214757,-0.147476,-0.13499,2.06096,2.09118,-0.338088,-0.397667,0,-0.0138058,0,-0.0138058,0,0.745515,
149948,-0.0954769,0.0214757,-0.147476,-0.13499,2.06096,2.09118,-0.338088,-0.397667,0,-0.0138058,0,-0.0138058,0,0.745515,
149968,-0.101033,0.0214757,-0.148614,-0.13499,2.05873,2.09118,-0.334722,-0.397667,0,-0.0138058,0,-0.0138058,0,0.745515,
149988,-0.106547,0.0214757,-0.149749,-0.13499,2.05648,2.09118,-0.331332,-0.397667,0,-0.0138058,0,-0.0138058,0,0.745515,
150008,-0.00613592,-0.00613592,-0.139592,-0.139592,2.08351,2.08351,-0.386929,-0.386929,-0.0138058,-0.0138058,-0.0138058,-0.0138058,0.745515,0.745515,
150028,-0.112021,-0.00613592,-0.150881,-0.139592,2.0542,2.08351,-0.32792,-0.386929,0,-0.0138058,0,-0.0138058,0,0.745515,
150048,-0.117454,-0.00613592,-0.15201,-0.139592,2.05189,2.08351,-0.324486,-0.386929,0,-0.0138058,0,-0.0138058,0,0.745515,
150068,-0.117454,-0.00613592,-0.15201,-0.139592,2.05189,2.08351,-0.324486,-0.386929,0,-0.0138058,0,-0.0138058,0,0.745515,
150088,-0.122846,-0.00613592,-0.153134,-0.139592,2.04956,2.08351,-0.321029,-0.386929,0,-0.0138058,0,-0.0138058,0,0.745515,
150108,-0.122846,0.0153398,-0.153134,-0.14266,2.04956,2.07277,-0.321029,-0.388463,0,-0.0138058,0,-0.0138058,0,0.747049,
150128,0.0153398,0.0153398,-0.14266,-0.14266,2.07277,2.07277,-0.388463,-0.388463,-0.0138058,-0.0138058,-0.0138058,-0.0138058,0.747049,0.747049,
150148,-0.133508,0.0153398,-0.15537,-0.14266,2.04482,2.07277,-0.314051,-0.388463,0,-0.0138058,0,-0.0138058,0,0.747049,
150168,-0.133508,0.0153398,-0.15537,-0.14266,2.04482,2.07277,-0.314051,-0.388463,0,-0.0138058,0,-0.0138058,0,0.747049,
150188,-0.138778,0.0153398,-0.15648,-0.14266,2.04241,2.07277,-0.310531,-0.388463,0,-0.0138058,0,-0.0138058,0,0.747049,
150208,-0.0368155,-0.0368155,-0.145728,-0.145728,2.06357,2.06357,-0.36392,-0.36392,-0.0138058,-0.0138058,-0.0153398,-0.0153398,0.745515,0.745515,
150228,-0.0368155,-0.0368155,-0.145728,-0.145728,2.06357,2.06357,-0.36392,-0.36392,-0.0138058,-0.0138058,-0.0153398,-0.0153398,0.745515,0.745515,
150248,-0.149199,-0.0368155,-0.158685,-0.145728,2.03751,2.06357,-0.303429,-0.36392,0,-0.0138058,0,-0.0153398,0,0.745515,
150268,-0.154349,-0.0368155,-0.159778,-0.145728,2.03502,2.06357,-0.299849,-0.36392,0,-0.0138058,0,-0.0153398,0,0.745515,
150288,-0.154349,-0.0368155,-0.159778,-0.145728,2.03502,2.06357,-0.299849,-0.36392,0,-0.0138058,0,-0.0153398,0,0.745515,
150308,-0.15946,-0.0628932,-0.160865,-0.151864,2.03251,2.0605,-0.296249,-0.350114,0,-0.0138058,0,-0.0153398,0,0.745515,
150328,-0.15946,-0.0628932,-0.160865,-0.151864,2.03251,2.0605,-0.296249,-0.350114,0,-0.0138058,0,-0.0153398,0,0.745515,
150348,-0.164532,-0.0628932,-0.161945,-0.151864,2.02997,2.0605,-0.29263,-0.350114,0,-0.0138058,0,-0.0153398,0,0.745515,
150368,-0.169564,-0.0628932,-0.163018,-0.151864,2.02741,2.0605,-0.288992,-0.350114,0,-0.0138058,0,-0.0153398,0,0.745515,
150388,-0.169564,-0.0628932,-0.163018,-0.151864,2.02741,2.0605,-0.288992,-0.350114,0,-0.0138058,0,-0.0153398,0,0.745515,
150408,-0.174558,-0.0843689,-0.164084,-0.153398,2.02482,2.04976,-0.285336,-0.339376,0,-0.0138058,0,-0.0138058,0,0.745515,
150428,-0.174558,-0.0843689,-0.164084,-0.153398,2.02482,2.04976,-0.285336,-0.339376,0,-0.0138058,0,-0.0138058,0,0.745515,
150448,-0.179512,-0.0843689,-0.165142,-0.153398,2.0222,2.04976,-0.281662,-0.339376,0,-0.0138058,0,-0.0138058,0,0.745515,
150468,-0.179512,-0.0843689,-0.165142,-0.153398,2.0222,2.04976,-0.281662,-0.339376,0,-0.0138058,0,-0.0138058,0,0.745515,
150488,-0.184428,-0.0843689,-0.166193,-0.153398,2.01956,2.04976,-0.277971,-0.339376,0,-0.0138058,0,-0.0138058,0,0.745515,
150508,-0.189305,-0.0628932,-0.167234,-0.156466,2.01689,2.04516,-0.274262,-0.347046,0,-0.0138058,0,-0.0153398,0,0.745515,
150528,-0.189305,-0.0628932,-0.167234,-0.156466,2.01689,2.04516,-0.274262,-0.347046,0,-0.0138058,0,-0.0153398,0,0.745515,
150549,-0.194145,-0.0628932,-0.168268,-0.156466,2.0142,2.04516,-0.270536,-0.347046,0,-0.0138058,0,-0.0153398,0,0.745515,
150568,-0.198946,-0.0628932,-0.169292,-0.156466,2.01148,2.04516,-0.266794,-0.347046,0,-0.0138058,0,-0.0153398,0,0.745515,
150588,-0.198946,-0.0628932,-0.169292,-0.156466,2.01148,2.04516,-0.266794,-0.347046,0,-0.0138058,0,-0.0153398,0,0.745515,
150608,-0.113515,-0.113515,-0.170308,-0.161068,2.02982,2.02982,-0.316366,-0.316366,-0.0138058,-0.0138058,-0.0153398,-0.0153398,0.745515,0.745515,
150628,-0.208436,-0.113515,-0.171314,-0.161068,2.00597,2.02982,-0.259261,-0.316366,0,-0.0138058,0,-0.0153398,0,0.745515,
150648,-0.208436,-0.113515,-0.171314,-0.161068,2.00597,2.02982,-0.259261,-0.316366,0,-0.0138058,0,-0.0153398,0,0.745515,
150668,-0.213125,-0.113515,-0.17231,-0.161068,2.00318,2.02982,-0.255471,-0.316366,0,-0.0138058,0,-0.0153398,0,0.745515,
150688,-0.213125,-0.113515,-0.17231,-0.161068,2.00318,2.02982,-0.255471,-0.316366,0,-0.0138058,0,-0.0153398,0,0.745515,
150708,-0.217777,-0.113515,-0.173296,-0.161068,2.00036,2.02982,-0.251666,-0.316366,0,-0.0138058,0,-0.0153398,0,0.745515,
150728,-0.222392,-0.113515,-0.174272,-0.161068,1.99752,2.02982,-0.247845,-0.316366,0,-0.0138058,0,-0.0153398,0,0.745515,
150749,-0.133456,-0.133456,-0.162602,-0.162602,2.02369,2.02369,-0.302561,-0.302561,-0.0153398,-0.0153398,-0.0153398,-0.0153398,0.745515,0.745515,
150768,-0.226971,-0.133456,-0.175238,-0.162602,1.99465,2.02369,-0.24401,-0.302561,0,-0.0153398,0,-0.0153398,0,0.745515,
150788,-0.226971,-0.133456,-0.175238,-0.162602,1.99465,2.02369,-0.24401,-0.302561,0,-0.0153398,0,-0.0153398,0,0.745515,
150808,-0.231513,-0.167204,-0.176192,-0.16567,1.99175,2.01755,-0.240161,-0.284153,0,-0.0138058,0,-0.0153398,0,0.745515,
150828,-0.236019,-0.167204,-0.177136,-0.16567,1.98883,2.01755,-0.236297,-0.284153,0,-0.0138058,0,-0.0153398,0,0.745515,
150848,-0.236019,-0.167204,-0.177136,-0.16567,1.98883,2.01755,-0.236297,-0.284153,0,-0.0138058,0,-0.0153398,0,0.745515,
150868,-0.240489,-0.167204,-0.178069,-0.16567,1.98589,2.01755,-0.232419,-0.284153,0,-0.0138058,0,-0.0153398,0,0.745515,
150888,-0.240489,-0.167204,-0.178069,-0.16567,1.98589,2.01755,-0.232419,-0.284153,0,-0.0138058,0,-0.0153398,0,0.745515,
150908,-0.168738,-0.168738,-0.17899,-0.170272,2.00835,2.00835,-0.284153,-0.284153,-0.0153398,-0.0153398,-0.0138058,-0.0138058,0.745515,0.745515,
150928,-0.249324,-0.168738,-0.179899,-0.170272,1.97992,2.00835,-0.224624,-0.284153,0,-0.0153398,0,-0.0138058,0,0.745515,
150948,-0.249324,-0.168738,-0.179899,-0.170272,1.97992,2.00835,-0.224624,-0.284153,0,-0.0153398,0,-0.0138058,0,0.745515,
150968,-0.253688,-0.168738,-0.180796,-0.170272,1.9769,2.00835,-0.220706,-0.284153,0,-0.0153398,0,-0.0138058,0,0.745515,
150988,-0.258018,-0.168738,-0.181681,-0.170272,1.97386,2.00835,-0.216776,-0.284153,0,-0.0153398,0,-0.0138058,0,0.745515,
151008,-0.167204,-0.167204,-0.181681,-0.17334,2.00068,2.00068,-0.279551,-0.279551,-0.0138058,-0.0138058,-0.0138058,-0.0138058,0.745515,0.745515,
151028,-0.262313,-0.167204,-0.182553,-0.17334,1.97079,2.00068,-0.212833,-0.279551,0,-0.0138058,0,-0.0138058,0,0.745515,
151049,-0.266574,-0.167204,-0.183413,-0.17334,1.96769,2.00068,-0.208878,-0.279551,0,-0.0138058,0,-0.0138058,0,0.745515,
151068,-0.266574,-0.167204,-0.183413,-0.17334,1.96769,2.00068,-0.208878,-0.279551,0,-0.0138058,0,-0.0138058,0,0.745515,
151088,-0.270801,-0.167204,-0.18426,-0.17334,1.96457,2.00068,-0.204911,-0.279551,0,-0.0138058,0,-0.0138058,0,0.745515,
151108,-0.274994,-0.167204,-0.185094,-0.17334,1.96143,2.00068,-0.200933,-0.279551,0,-0.0138058,0,-0.0138058,0,0.745515,
151128,-0.170272,-0.170272,-0.17334,-0.17334,1.99914,1.99914,-0.273415,-0.273415,-0.0138058,-0.0138058,-0.0153398,-0.0153398,0.745515,0.745515,
151148,-0.279153,-0.170272,-0.185915,-0.17334,1.95826,1.99914,-0.196942,-0.273415,0,-0.0138058,0,-0.0153398,0,0.745515,
151168,-0.283279,-0.170272,-0.186722,-0.17334,1.95506,1.99914,-0.192941,-0.273415,0,-0.0138058,0,-0.0153398,0,0.745515,
151188,-0.283279,-0.170272,-0.186722,-0.17334,1.95506,1.99914,-0.192941,-0.273415,0,-0.0138058,0,-0.0153398,0,0.745515,
151208,-0.205553,-0.205553,-0.176408,-0.176408,1.98534,1.98534,-0.245803,-0.245803,-0.0138058,-0.0138058,-0.0138058,-0.0138058,0.745515,0.745515,
151228,-0.291433,-0.205553,-0.188295,-0.176408,1.9486,1.98534,-0.184905,-0.245803,0,-0.0138058,0,-0.0138058,0,0.745515,
151248,-0.291433,-0.205553,-0.188295,-0.176408,1.9486,1.98534,-0.184905,-0.245803,0,-0.0138058,0,-0.0138058,0,0.745515,
151268,-0.295461,-0.205553,-0.189061,-0.176408,1.94533,1.98534,-0.180871,-0.245803,0,-0.0138058,0,-0.0138058,0,0.745515,
151288,-0.295461,-0.205553,-0.189061,-0.176408,1.94533,1.98534,-0.180871,-0.245803,0,-0.0138058,0,-0.0138058,0,0.745515,
151308,-0.202485,-0.202485,-0.189812,-0.18101,1.98534,1.98534,-0.250405,-0.250405,-0.0153398,-0.0153398,-0.0153398,-0.0153398,0.745515,0.745515,
151328,-0.30342,-0.202485,-0.190549,-0.18101,1.93872,1.98534,-0.172772,-0.250405,0,-0.0153398,0,-0.0153398,0,0.745515,
151348,-0.307352,-0.202485,-0.191271,-0.18101,1.93538,1.98534,-0.168707,-0.250405,0,-0.0153398,0,-0.0153398,0,0.745515,
151368,-0.307352,-0.202485,-0.191271,-0.18101,1.93538,1.98534,-0.168707,-0.250405,0,-0.0153398,0,-0.0153398,0,0.745515,
151388,-0.311253,-0.202485,-0.191978,-0.18101,1.93201,1.98534,-0.164633,-0.250405,0,-0.0153398,0,-0.0153398,0,0.745515,
151408,-0.237767,-0.237767,-0.191978,-0.185612,1.9654,1.9654,-0.22126,-0.22126,-0.0138058,-0.0138058,-0.0153398,-0.0153398,0.745515,0.745515,
151428,-0.315122,-0.237767,-0.192671,-0.185612,1.92862,1.9654,-0.160549,-0.22126,0,-0.0138058,0,-0.0153398,0,0.745515,
151449,-0.318961,-0.237767,-0.193348,-0.185612,1.9252,1.9654,-0.156456,-0.22126,0,-0.0138058,0,-0.0153398,0,0.745515,
151468,-0.318961,-0.237767,-0.193348,-0.185612,1.9252,1.9654,-0.156456,-0.22126,0,-0.0138058,0,-0.0153398,0,0.745515,
151488,-0.322768,-0.237767,-0.19401,-0.185612,1.92176,1.9654,-0.152353,-0.22126,0,-0.0138058,0,-0.0153398,0,0.745515,
151508,-0.326546,-0.259243,-0.194656,-0.190214,1.9183,1.94852,-0.148242,-0.207454,0,-0.0153398,0,-0.0153398,0,0.745515,
151528,-0.326546,-0.259243,-0.194656,-0.190214,1.9183,1.94852,-0.148242,-0.207454,0,-0.0153398,0,-0.0153398,0,0.745515,
151549,-0.326546,-0.259243,-0.194656,-0.190214,1.9183,1.94852,-0.148242,-0.207454,0,-0.0153398,0,-0.0153398,0,0.745515,
151568,-0.326546,-0.259243,-0.194656,-0.190214,1.9183,1.94852,-0.148242,-0.207454,0,-0.0153398,0,-0.0153398,0,0.745515,
151588,-0.326546,-0.259243,-0.194656,-0.190214,1.9183,1.94852,-0.148242,-0.207454,0,-0.0153398,0,-0.0153398,0,0.745515,
151608,-0.326546,-0.259243,-0.194656,-0.190214,1.9183,1.94852,-0.148242,-0.207454,0,-0.0153398,0,-0.0153398,0,0.745515,
151628,-0.271515,-0.271515,-0.194656,-0.193282,1.93625,1.93625,-0.199784,-0.199784,-0.0153398,-0.0153398,-0.0153398,-0.0153398,0.745515,0.745515,
151648,-0.271515,-0.271515,-0.194656,-0.193282,1.93625,1.93625,-0.199784,-0.199784,-0.0153398,-0.0153398,-0.0153398,-0.0153398,0.745515,0.745515,
151668,-0.271515,-0.271515,-0.194656,-0.193282,1.93625,1.93625,-0.199784,-0.199784,-0.0153398,-0.0153398,-0.0153398,-0.0153398,0.745515,0.745515,
151688,-0.271515,-0.271515,-0.194656,-0.193282,1.93625,1.93625,-0.199784,-0.199784,-0.0153398,-0.0153398,-0.0153398,-0.0153398,0.745515,0.745515,
151708,-0.299126,-0.299126,-0.194656,-0.194816,1.92398,1.92398,-0.173706,-0.173706,-0.0153398,-0.0153398,-0.0153398,-0.0153398,0.745515,0.745515,
151728,-0.299126,-0.299126,-0.194656,-0.194816,1.92398,1.92398,-0.173706,-0.173706,-0.0153398,-0.0153398,-0.0153398,-0.0153398,0.745515,0.745515,
151748,-0.299126,-0.299126,-0.194656,-0.194816,1.92398,1.92398,-0.173706,-0.173706,-0.0153398,-0.0153398,-0.0153398,-0.0153398,0.745515,0.745515,
151768,-0.299126,-0.299126,-0.194656,-0.194816,1.92398,1.92398,-0.173706,-0.173706,-0.0153398,-0.0153398,-0.0153398,-0.0153398,0.745515,0.745515,
151789,-0.299126,-0.299126,-0.194656,-0.194816,1.92398,1.92398,-0.173706,-0.173706,-0.0153398,-0.0153398,-0.0153398,-0.0153398,0.745515,0.745515,
151808,-0.299126,-0.30066,-0.194656,-0.194816,1.92398,1.92551,-0.173706,-0.173706,-0.0153398,-0.0153398,-0.0153398,-0.0153398,0.745515,0.745515,
151829,-0.299126,-0.30066,-0.194656,-0.194816,1.92398,1.92551,-0.173706,-0.173706,-0.0153398,-0.0153398,-0.0153398,-0.0153398,0.745515,0.745515,
151848,-0.299126,-0.30066,-0.194656,-0.194816,1.92398,1.92551,-0.173706,-0.173706,-0.0153398,-0.0153398,-0.0153398,-0.0153398,0.745515,0.745515,
151868,-0.299126,-0.30066,-0.194656,-0.194816,1.92398,1.92551,-0.173706,-0.173706,-0.0153398,-0.0153398,-0.0153398,-0.0153398,0.745515,0.745515,
151889,-0.299126,-0.30066,-0.194656,-0.194816,1.92398,1.92551,-0.173706,-0.173706,-0.0153398,-0.0153398,-0.0153398,-0.0153398,0.745515,0.745515,
151908,-0.312932,-0.312932,-0.194656,-0.19635,1.92398,1.92091,-0.161434,-0.161434,-0.0153398,-0.0153398,-0.0153398,-0.0153398,0.745515,0.745515,
151928,-0.312932,-0.312932,-0.194656,-0.19635,1.92398,1.92091,-0.161434,-0.161434,-0.0153398,-0.0153398,-0.0153398,-0.0153398,0.745515,0.745515,
151948,-0.312932,-0.312932,-0.194656,-0.19635,1.92398,1.92091,-0.161434,-0.161434,-0.0153398,-0.0153398,-0.0153398,-0.0153398,0.745515,0.745515,
151968,-0.312932,-0.312932,-0.194656,-0.19635,1.92398,1.92091,-0.161434,-0.161434,-0.0153398,-0.0153398,-0.0153398,-0.0153398,0.745515,0.745515,
151989,-0.312932,-0.312932,-0.194656,-0.19635,1.92398,1.92091,-0.161434,-0.161434,-0.0153398,-0.0153398,-0.0153398,-0.0153398,0.745515,0.745515,
152008,-0.312932,-0.314466,-0.194656,-0.19635,1.91171,1.91171,-0.161434,-0.158366,-0.0153398,-0.0153398,-0.0153398,-0.0138058,0.745515,0.745515,
152028,-0.312932,-0.314466,-0.194656,-0.19635,1.91171,1.91171,-0.161434,-0.158366,-0.0153398,-0.0153398,-0.0153398,-0.0138058,0.745515,0.745515,
152048,-0.312932,-0.314466,-0.194656,-0.19635,1.91171,1.91171,-0.161434,-0.158366,-0.0153398,-0.0153398,-0.0153398,-0.0138058,0.745515,0.745515,
152068,-0.312932,-0.314466,-0.194656,-0.19635,1.91171,1.91171,-0.161434,-0.158366,-0.0153398,-0.0153398,-0.0153398,-0.0138058,0.745515,0.745515,
152088,-0.312932,-0.314466,-0.194656,-0.19635,1.91171,1.91171,-0.161434,-0.158366,-0.0153398,-0.0153398,-0.0153398,-0.0138058,0.745515,0.745515,
152108,-0.312932,-0.316,-0.194656,-0.197884,1.91171,1.91017,-0.161434,-0.161434,-0.0153398,-0.0153398,-0.0153398,-0.0138058,0.745515,0.745515,
152128,-0.312932,-0.316,-0.194656,-0.197884,1.91171,1.91017,-0.161434,-0.161434,-0.0153398,-0.0153398,-0.0153398,-0.0138058,0.745515,0.745515,
152148,-0.312932,-0.316,-0.194656,-0.197884,1.91171,1.91017,-0.161434,-0.161434,-0.0153398,-0.0153398,-0.0153398,-0.0138058,0.745515,0.745515,
152169,-0.312932,-0.316,-0.194656,-0.197884,1.91171,1.91017,-0.161434,-0.161434,-0.0153398,-0.0153398,-0.0153398,-0.0138058,0.745515,0.745515,
152188,-0.312932,-0.316,-0.194656,-0.197884,1.91171,1.91017,-0.161434,-0.161434,-0.0153398,-0.0153398,-0.0153398,-0.0138058,0.745515,0.745515,
152208,-0.312932,-0.317534,-0.194656,-0.197884,1.91171,1.90864,-0.161434,-0.1599,-0.0153398,-0.0153398,-0.0153398,-0.0138058,0.745515,0.745515,
152228,-0.312932,-0.317534,-0.194656,-0.197884,1.91171,1.90864,-0.161434,-0.1599,-0.0153398,-0.0153398,-0.0153398,-0.0138058,0.745515,0.745515,
152248,-0.312932,-0.317534,-0.194656,-0.197884,1.91171,1.90864,-0.161434,-0.1599,-0.0153398,-0.0153398,-0.0153398,-0.0138058,0.745515,0.745515,
152268,-0.312932,-0.317534,-0.194656,-0.197884,1.91171,1.90864,-0.161434,-0.1599,-0.0153398,-0.0153398,-0.0153398,-0.0138058,0.745515,0.745515,
152288,-0.312932,-0.317534,-0.194656,-0.197884,1.91171,1.90864,-0.161434,-0.1599,-0.0153398,-0.0153398,-0.0153398,-0.0138058,0.745515,0.745515,
152308,-0.312932,-0.316,-0.194656,-0.197884,1.91171,1.91017,-0.161434,-0.158366,-0.0153398,-0.0153398,-0.0153398,-0.0138058,0.745515,0.745515,
152328,-0.312932,-0.316,-0.194656,-0.197884,1.91171,1.91017,-0.161434,-0.158366,-0.0153398,-0.0153398,-0.0153398,-0.0138058,0.745515,0.745515,
152348,-0.312932,-0.316,-0.194656,-0.197884,1.91171,1.91017,-0.161434,-0.158366,-0.0153398,-0.0153398,-0.0153398,-0.0138058,0.745515,0.745515,
152368,-0.312932,-0.316,-0.194656,-0.197884,1.91171,1.91017,-0.161434,-0.158366,-0.0153398,-0.0153398,-0.0153398,-0.0138058,0.745515,0.745515,
152388,-0.312932,-0.316,-0.194656,-0.197884,1.91171,1.91017,-0.161434,-0.158366,-0.0153398,-0.0153398,-0.0153398,-0.0138058,0.745515,0.745515,
152408,-0.312932,-0.317534,-0.194656,-0.197884,1.91171,1.90864,-0.161434,-0.1599,-0.0153398,-0.0153398,-0.0153398,-0.0138058,0.745515,0.745515,
152428,-0.312932,-0.317534,-0.194656,-0.197884,1.91171,1.90864,-0.161434,-0.1599,-0.0153398,-0.0153398,-0.0153398,-0.0138058,0.745515,0.745515,
152448,-0.312932,-0.317534,-0.194656,-0.197884,1.91171,1.90864,-0.161434,-0.1599,-0.0153398,-0.0153398,-0.0153398,-0.0138058,0.745515,0.745515,
152468,-0.312932,-0.317534,-0.194656,-0.197884,1.91171,1.90864,-0.161434,-0.1599,-0.0153398,-0.0153398,-0.0153398,-0.0138058,0.745515,0.745515,
152488,-0.312932,-0.317534,-0.194656,-0.197884,1.91171,1.9071,-0.161434,-0.1599,-0.0153398,-0.0153398,-0.0153398,-0.0138058,0.745515,0.745515,
152508,-0.312932,-0.317534,-0.194656,-0.197884,1.91171,1.9071,-0.161434,-0.1599,-0.0153398,-0.0153398,-0.0153398,-0.0138058,0.745515,0.745515,
152528,-0.312932,-0.317534,-0.194656,-0.197884,1.91171,1.9071,-0.161434,-0.1599,-0.0153398,-0.0153398,-0.0153398,-0.0138058,0.745515,0.745515,
152548,-0.312932,-0.317534,-0.194656,-0.197884,1.91171,1.9071,-0.161434,-0.1599,-0.0153398,-0.0153398,-0.0153398,-0.0138058,0.745515,0.745515,
152568,-0.312932,-0.317534,-0.194656,-0.197884,1.91171,1.9071,-0.161434,-0.1599,-0.0153398,-0.0153398,-0.0153398,-0.0138058,0.745515,0.745515,
152588,-0.312932,-0.317534,-0.194656,-0.197884,1.91171,1.9071,-0.161434,-0.1599,-0.0153398,-0.0153398,-0.0153398,-0.0138058,0.745515,0.745515,
152608,-0.312932,-0.317534,-0.194656,-0.197884,1.91171,1.9071,-0.161434,-0.158366,-0.0153398,-0.0153398,-0.0153398,-0.0138058,0.745515,0.745515,
152628,-0.312932,-0.317534,-0.194656,-0.197884,1.91171,1.9071,-0.161434,-0.158366,-0.0153398,-0.0153398,-0.0153398,-0.0138058,0.745515,0.745515,
152648,-0.312932,-0.317534,-0.194656,-0.197884,1.91171,1.9071,-0.161434,-0.158366,-0.0153398,-0.0153398,-0.0153398,-0.0138058,0.745515,0.745515,
152668,-0.312932,-0.317534,-0.194656,-0.197884,1.91171,1.9071,-0.161434,-0.158366,-0.0153398,-0.0153398,-0.0153398,-0.0138058,0.745515,0.745515,
152688,-0.312932,-0.317534,-0.194656,-0.197884,1.91171,1.9071,-0.161434,-0.158366,-0.0153398,-0.0153398,-0.0153398,-0.0138058,0.745515,0.745515,
152708,-0.312932,-0.316,-0.194656,-0.19635,1.91171,1.90864,-0.161434,-0.158366,-0.0153398,-0.0153398,-0.0153398,-0.0138058,0.745515,0.745515,
152728,-0.312932,-0.316,-0.194656,-0.19635,1.91171,1.90864,-0.161434,-0.158366,-0.0153398,-0.0153398,-0.0153398,-0.0138058,0.745515,0.745515,
152748,-0.312932,-0.316,-0.194656,-0.19635,1.91171,1.90864,-0.161434,-0.158366,-0.0153398,-0.0153398,-0.0153398,-0.0138058,0.745515,0.745515,
152768,-0.312932,-0.316,-0.194656,-0.19635,1.91171,1.90864,-0.161434,-0.158366,-0.0153398,-0.0153398,-0.0153398,-0.0138058,0.745515,0.745515,
152788,-0.312932,-0.316,-0.194656,-0.19635,1.91171,1.90864,-0.161434,-0.158366,-0.0153398,-0.0153398,-0.0153398,-0.0138058,0.745515,0.745515,
152808,-0.312932,-0.317534,-0.194656,-0.197884,1.91171,1.9071,-0.161434,-0.1599,-0.0153398,-0.0153398,-0.0153398,-0.0138058,0.745515,0.745515,
152828,-0.312932,-0.317534,-0.194656,-0.197884,1.91171,1.9071,-0.161434,-0.1599,-0.0153398,-0.0153398,-0.0153398,-0.0138058,0.745515,0.745515,
152848,-0.312932,-0.317534,-0.194656,-0.197884,1.91171,1.9071,-0.161434,-0.1599,-0.0153398,-0.0153398,-0.0153398,-0.0138058,0.745515,0.745515,
152868,-0.312932,-0.317534,-0.194656,-0.197884,1.91171,1.9071,-0.161434,-0.1599,-0.0153398,-0.0153398,-0.0153398,-0.0138058,0.745515,0.745515,
152888,-0.312932,-0.317534,-0.194656,-0.197884,1.91171,1.9071,-0.161434,-0.1599,-0.0153398,-0.0153398,-0.0153398,-0.0138058,0.745515,0.745515,
152908,-0.312932,-0.317534,-0.194656,-0.197884,1.91171,1.90864,-0.161434,-0.1599,-0.0153398,-0.0153398,-0.0153398,-0.0138058,0.745515,0.745515,
152928,-0.312932,-0.317534,-0.194656,-0.197884,1.91171,1.90864,-0.161434,-0.1599,-0.0153398,-0.0153398,-0.0153398,-0.0138058,0.745515,0.745515,
152948,-0.312932,-0.317534,-0.194656,-0.197884,1.91171,1.90864,-0.161434,-0.1599,-0.0153398,-0.0153398,-0.0153398,-0.0138058,0.745515,0.745515,
152968,-0.312932,-0.317534,-0.194656,-0.197884,1.91171,1.90864,-0.161434,-0.1599,-0.0153398,-0.0153398,-0.0153398,-0.0138058,0.745515,0.745515,
152988,-0.312932,-0.317534,-0.194656,-0.197884,1.91171,1.90864,-0.161434,-0.1599,-0.0153398,-0.0153398,-0.0153398,-0.0138058,0.745515,0.745515,
153008,-0.312932,-0.319068,-0.194656,-0.197884,1.91171,1.9071,-0.161434,-0.158366,-0.0153398,-0.0138058,-0.0153398,-0.0138058,0.745515,0.745515,
153028,-0.312932,-0.319068,-0.194656,-0.197884,1.91171,1.9071,-0.161434,-0.158366,-0.0153398,-0.0138058,-0.0153398,-0.0138058,0.745515,0.745515,
153049,-0.312932,-0.319068,-0.194656,-0.197884,1.91171,1.9071,-0.161434,-0.158366,-0.0153398,-0.0138058,-0.0153398,-0.0138058,0.745515,0.745515,
153068,-0.312932,-0.319068,-0.194656,-0.197884,1.91171,1.9071,-0.161434,-0.158366,-0.0153398,-0.0138058,-0.0153398,-0.0138058,0.745515,0.745515,
153088,-0.312932,-0.319068,-0.194656,-0.197884,1.91171,1.9071,-0.161434,-0.158366,-0.0153398,-0.0138058,-0.0153398,-0.0138058,0.745515,0.745515,
153108,-0.312932,-0.319068,-0.194656,-0.197884,1.91171,1.91017,-0.161434,-0.158366,-0.0153398,-0.0153398,-0.0153398,-0.0138058,0.745515,0.745515,
153128,-0.312932,-0.319068,-0.194656,-0.197884,1.91171,1.91017,-0.161434,-0.158366,-0.0153398,-0.0153398,-0.0153398,-0.0138058,0.745515,0.745515,
153148,-0.312932,-0.319068,-0.194656,-0.197884,1.91171,1.91017,-0.161434,-0.158366,-0.0153398,-0.0153398,-0.0153398,-0.0138058,0.745515,0.745515,
153169,-0.312932,-0.319068,-0.194656,-0.197884,1.91171,1.91017,-0.161434,-0.158366,-0.0153398,-0.0153398,-0.0153398,-0.0138058,0.745515,0.745515,
153189,-0.312932,-0.319068,-0.194656,-0.197884,1.91171,1.91017,-0.161434,-0.158366,-0.0153398,-0.0153398,-0.0153398,-0.0138058,0.745515,0.745515,
153208,-0.32367,-0.32367,-0.194656,-0.197884,1.91171,1.91171,-0.161434,-0.158366,-0.0153398,-0.0153398,-0.0153398,-0.0138058,0.745515,0.745515,
153228,-0.32367,-0.32367,-0.194656,-0.197884,1.91171,1.91171,-0.161434,-0.158366,-0.0153398,-0.0153398,-0.0153398,-0.0138058,0.745515,0.745515,
153248,-0.32367,-0.32367,-0.194656,-0.197884,1.91171,1.91171,-0.161434,-0.158366,-0.0153398,-0.0153398,-0.0153398,-0.0138058,0.745515,0.745515,
153268,-0.32367,-0.32367,-0.194656,-0.197884,1.91171,1.91171,-0.161434,-0.158366,-0.0153398,-0.0153398,-0.0153398,-0.0138058,0.745515,0.745515,
153288,-0.32367,-0.32367,-0.194656,-0.197884,1.91171,1.91171,-0.161434,-0.158366,-0.0153398,-0.0153398,-0.0153398,-0.0138058,0.745515,0.745515,
153309,-0.32367,-0.329806,-0.194656,-0.197884,1.91171,1.91477,-0.161434,-0.1599,-0.0153398,-0.0138058,-0.0153398,-0.0138058,0.745515,0.745515,
153328,-0.32367,-0.329806,-0.194656,-0.197884,1.91171,1.91477,-0.161434,-0.1599,-0.0153398,-0.0138058,-0.0153398,-0.0138058,0.745515,0.745515,
153349,-0.32367,-0.329806,-0.194656,-0.197884,1.91171,1.91477,-0.161434,-0.1599,-0.0153398,-0.0138058,-0.0153398,-0.0138058,0.745515,0.745515,
153368,-0.32367,-0.329806,-0.194656,-0.197884,1.91171,1.91477,-0.161434,-0.1599,-0.0153398,-0.0138058,-0.0153398,-0.0138058,0.745515,0.745515,
153389,-0.32367,-0.329806,-0.194656,-0.197884,1.91171,1.91477,-0.161434,-0.1599,-0.0153398,-0.0138058,-0.0153398,-0.0138058,0.745515,0.745515,
153408,-0.334408,-0.334408,-0.194656,-0.19635,1.91171,1.91324,-0.161434,-0.158366,-0.0153398,-0.0138058,-0.0153398,-0.0138058,0.745515,0.745515,
153428,-0.334408,-0.334408,-0.194656,-0.19635,1.91171,1.91324,-0.161434,-0.158366,-0.0153398,-0.0138058,-0.0153398,-0.0138058,0.745515,0.745515,
153448,-0.334408,-0.334408,-0.194656,-0.19635,1.91171,1.91324,-0.161434,-0.158366,-0.0153398,-0.0138058,-0.0153398,-0.0138058,0.745515,0.745515,
153468,-0.334408,-0.334408,-0.194656,-0.19635,1.91171,1.91324,-0.161434,-0.158366,-0.0153398,-0.0138058,-0.0153398,-0.0138058,0.745515,0.745515,
153488,-0.334408,-0.334408,-0.194656,-0.19635,1.91171,1.91324,-0.161434,-0.158366,-0.0153398,-0.0138058,-0.0153398,-0.0138058,0.745515,0.745515,
153508,-0.334408,-0.337476,-0.194656,-0.197884,1.91171,1.91784,-0.161434,-0.158366,-0.0153398,-0.0122718,-0.0153398,-0.0138058,0.745515,0.745515,
153528,-0.334408,-0.337476,-0.194656,-0.197884,1.91171,1.91784,-0.161434,-0.158366,-0.0153398,-0.0122718,-0.0153398,-0.0138058,0.745515,0.745515,
153548,-0.334408,-0.337476,-0.194656,-0.197884,1.91171,1.91784,-0.161434,-0.158366,-0.0153398,-0.0122718,-0.0153398,-0.0138058,0.745515,0.745515,
153568,-0.334408,-0.337476,-0.194656,-0.197884,1.91171,1.91784,-0.161434,-0.158366,-0.0153398,-0.0122718,-0.0153398,-0.0138058,0.745515,0.745515,
153588,-0.334408,-0.337476,-0.194656,-0.197884,1.91171,1.91784,-0.161434,-0.158366,-0.0153398,-0.0122718,-0.0153398,-0.0138058,0.745515,0.745515,
153608,-0.345146,-0.345146,-0.194656,-0.19635,1.91171,1.91938,-0.161434,-0.158366,-0.0153398,-0.0107379,-0.0153398,-0.0138058,0.745515,0.745515,
153629,-0.345146,-0.345146,-0.194656,-0.19635,1.91171,1.91938,-0.161434,-0.158366,-0.0153398,-0.0107379,-0.0153398,-0.0138058,0.745515,0.745515,
153648,-0.345146,-0.345146,-0.194656,-0.19635,1.91171,1.91938,-0.161434,-0.158366,-0.0153398,-0.0107379,-0.0153398,-0.0138058,0.745515,0.745515,
153668,-0.345146,-0.345146,-0.194656,-0.19635,1.91171,1.91938,-0.161434,-0.158366,-0.0153398,-0.0107379,-0.0153398,-0.0138058,0.745515,0.745515,
153688,-0.345146,-0.345146,-0.194656,-0.19635,1.91171,1.91938,-0.161434,-0.158366,-0.0153398,-0.0107379,-0.0153398,-0.0138058,0.745515,0.745515,
153708,-0.345146,-0.351282,-0.194656,-0.197884,1.91171,1.91631,-0.161434,-0.158366,-0.0153398,-0.00920388,-0.0153398,-0.0138058,0.745515,0.745515,
153728,-0.345146,-0.351282,-0.194656,-0.197884,1.91171,1.91631,-0.161434,-0.158366,-0.0153398,-0.00920388,-0.0153398,-0.0138058,0.745515,0.745515,
153748,-0.345146,-0.351282,-0.194656,-0.197884,1.91171,1.91631,-0.161434,-0.158366,-0.0153398,-0.00920388,-0.0153398,-0.0138058,0.745515,0.745515,
153768,-0.345146,-0.351282,-0.194656,-0.197884,1.91171,1.91631,-0.161434,-0.158366,-0.0153398,-0.00920388,-0.0153398,-0.0138058,0.745515,0.745515,
153788,-0.345146,-0.351282,-0.194656,-0.197884,1.91171,1.91631,-0.161434,-0.158366,-0.0153398,-0.00920388,-0.0153398,-0.0138058,0.745515,0.745515,
153808,-0.345146,-0.35435,-0.194656,-0.197884,1.91171,1.91171,-0.161434,-0.1599,-0.0153398,-0.00920388,-0.0153398,-0.0138058,0.745515,0.745515,
153828,-0.345146,-0.35435,-0.194656,-0.197884,1.91171,1.91171,-0.161434,-0.1599,-0.0153398,-0.00920388,-0.0153398,-0.0138058,0.745515,0.745515,
153848,-0.345146,-0.35435,-0.194656,-0.197884,1.91171,1.91171,-0.161434,-0.1599,-0.0153398,-0.00920388,-0.0153398,-0.0138058,0.745515,0.745515,
153868,-0.345146,-0.35435,-0.194656,-0.197884,1.91171,1.91171,-0.161434,-0.1599,-0.0153398,-0.00920388,-0.0153398,-0.0138058,0.745515,0.745515,
153888,-0.345146,-0.35435,-0.194656,-0.197884,1.91171,1.91171,-0.161434,-0.1599,-0.0153398,-0.00920388,-0.0153398,-0.0138058,0.745515,0.745515,
153908,-0.355884,-0.355884,-0.194656,-0.197884,1.91171,1.91017,-0.161434,-0.158366,-0.0153398,-0.0076699,-0.0153398,-0.0138058,0.745515,0.745515,
153928,-0.355884,-0.355884,-0.194656,-0.197884,1.91171,1.91017,-0.161434,-0.158366,-0.0153398,-0.0076699,-0.0153398,-0.0138058,0.745515,0.745515,
153948,-0.355884,-0.355884,-0.194656,-0.197884,1.91171,1.91017,-0.161434,-0.158366,-0.0153398,-0.0076699,-0.0153398,-0.0138058,0.745515,0.745515,
153968,-0.355884,-0.355884,-0.194656,-0.197884,1.91171,1.91017,-0.161434,-0.158366,-0.0153398,-0.0076699,-0.0153398,-0.0138058,0.745515,0.745515,
153988,-0.355884,-0.355884,-0.194656,-0.197884,1.91171,1.91017,-0.161434,-0.158366,-0.0153398,-0.0076699,-0.0153398,-0.0138058,0.745515,0.745515,
154008,-0.355884,-0.360485,-0.194656,-0.197884,1.91171,1.91784,-0.161434,-0.158366,-0.0153398,-0.0076699,-0.0153398,-0.0138058,0.745515,0.745515,
154028,-0.355884,-0.360485,-0.194656,-0.197884,1.91171,1.91784,-0.161434,-0.158366,-0.0153398,-0.0076699,-0.0153398,-0.0138058,0.745515,0.745515,
154048,-0.355884,-0.360485,-0.194656,-0.197884,1.91171,1.91784,-0.161434,-0.158366,-0.0153398,-0.0076699,-0.0153398,-0.0138058,0.745515,0.745515,
154068,-0.355884,-0.360485,-0.194656,-0.197884,1.91171,1.91784,-0.161434,-0.158366,-0.0153398,-0.0076699,-0.0153398,-0.0138058,0.745515,0.745515,
154088,-0.355884,-0.360485,-0.194656,-0.197884,1.91171,1.91784,-0.161434,-0.158366,-0.0153398,-0.0076699,-0.0153398,-0.0138058,0.745515,0.745515,
154108,-0.355884,-0.365087,-0.194656,-0.197884,1.91171,1.91477,-0.161434,-0.1599,-0.0153398,-0.00613592,-0.0153398,-0.0138058,0.745515,0.745515,
154130,-0.355884,-0.365087,-0.194656,-0.197884,1.91171,1.91477,-0.161434,-0.1599,-0.0153398,-0.00613592,-0.0153398,-0.0138058,0.745515,0.745515,
154148,-0.355884,-0.365087,-0.194656,-0.197884,1.91171,1.91477,-0.161434,-0.1599,-0.0153398,-0.00613592,-0.0153398,-0.0138058,0.745515,0.745515,
154168,-0.355884,-0.365087,-0.194656,-0.197884,1.91171,1.91477,-0.161434,-0.1599,-0.0153398,-0.00613592,-0.0153398,-0.0138058,0.745515,0.745515,
154188,-0.366621,-0.366621,-0.194656,-0.197884,1.91171,1.91324,-0.161434,-0.158366,-0.0153398,-0.00613592,-0.0153398,-0.0138058,0.745515,0.745515,
154208,-0.366621,-0.366621,-0.194656,-0.197884,1.91171,1.91324,-0.161434,-0.158366,-0.0153398,-0.00613592,-0.0153398,-0.0138058,0.745515,0.745515,
154228,-0.366621,-0.366621,-0.194656,-0.197884,1.91171,1.91324,-0.161434,-0.158366,-0.0153398,-0.00613592,-0.0153398,-0.0138058,0.745515,0.745515,
154248,-0.366621,-0.366621,-0.194656,-0.197884,1.91171,1.91324,-0.161434,-0.158366,-0.0153398,-0.00613592,-0.0153398,-0.0138058,0.745515,0.745515,
154268,-0.366621,-0.366621,-0.194656,-0.197884,1.91171,1.91324,-0.161434,-0.158366,-0.0153398,-0.00613592,-0.0153398,-0.0138058,0.745515,0.745515,
154288,-0.366621,-0.366621,-0.194656,-0.197884,1.91171,1.91324,-0.161434,-0.158366,-0.0153398,-0.00613592,-0.0153398,-0.0138058,0.745515,0.745515,
154308,-0.366621,-0.368155,-0.194656,-0.197884,1.91171,1.91171,-0.161434,-0.158366,-0.0153398,-0.00613592,-0.0153398,-0.0138058,0.745515,0.745515,
154328,-0.366621,-0.368155,-0.194656,-0.197884,1.91171,1.91171,-0.161434,-0.158366,-0.0153398,-0.00613592,-0.0153398,-0.0138058,0.745515,0.745515,
154348,-0.366621,-0.368155,-0.194656,-0.197884,1.91171,1.91171,-0.161434,-0.158366,-0.0153398,-0.00613592,-0.0153398,-0.0138058,0.745515,0.745515,
154368,-0.366621,-0.368155,-0.194656,-0.197884,1.91171,1.91171,-0.161434,-0.158366,-0.0153398,-0.00613592,-0.0153398,-0.0138058,0.745515,0.745515,
154388,-0.366621,-0.368155,-0.194656,-0.197884,1.91171,1.91171,-0.161434,-0.158366,-0.0153398,-0.00613592,-0.0153398,-0.0138058,0.745515,0.745515,
154408,-0.366621,-0.372757,-0.194656,-0.197884,1.91171,1.91324,-0.161434,-0.1599,-0.0153398,-0.00613592,-0.0153398,-0.0138058,0.745515,0.745515,
154428,-0.366621,-0.372757,-0.194656,-0.197884,1.91171,1.91324,-0.161434,-0.1599,-0.0153398,-0.00613592,-0.0153398,-0.0138058,0.745515,0.745515,
154448,-0.366621,-0.372757,-0.194656,-0.197884,1.91171,1.91324,-0.161434,-0.1599,-0.0153398,-0.00613592,-0.0153398,-0.0138058,0.745515,0.745515,
154468,-0.366621,-0.372757,-0.194656,-0.197884,1.91171,1.91324,-0.161434,-0.1599,-0.0153398,-0.00613592,-0.0153398,-0.0138058,0.745515,0.745515,
154488,-0.366621,-0.372757,-0.194656,-0.197884,1.91171,1.91324,-0.161434,-0.1599,-0.0153398,-0.00613592,-0.0153398,-0.0138058,0.745515,0.745515,
154508,-0.366621,-0.375825,-0.194656,-0.197884,1.91171,1.91477,-0.161434,-0.1599,-0.0153398,-0.00613592,-0.0153398,-0.0138058,0.745515,0.745515,
154528,-0.366621,-0.375825,-0.194656,-0.197884,1.91171,1.91477,-0.161434,-0.1599,-0.0153398,-0.00613592,-0.0153398,-0.0138058,0.745515,0.745515,
154548,-0.366621,-0.375825,-0.194656,-0.197884,1.91171,1.91477,-0.161434,-0.1599,-0.0153398,-0.00613592,-0.0153398,-0.0138058,0.745515,0.745515,
154568,-0.366621,-0.375825,-0.194656,-0.197884,1.91171,1.91477,-0.161434,-0.1599,-0.0153398,-0.00613592,-0.0153398,-0.0138058,0.745515,0.745515,
154588,-0.366621,-0.377359,-0.194656,-0.197884,1.91171,1.9071,-0.161434,-0.158366,-0.0153398,-0.00613592,-0.0153398,-0.0138058,0.745515,0.745515,
154608,-0.377359,-0.377359,-0.194656,-0.197884,1.91171,1.9071,-0.161434,-0.158366,-0.0153398,-0.00613592,-0.0153398,-0.0138058,0.745515,0.745515,
154628,-0.377359,-0.377359,-0.194656,-0.197884,1.91171,1.9071,-0.161434,-0.158366,-0.0153398,-0.00613592,-0.0153398,-0.0138058,0.745515,0.745515,
154648,-0.377359,-0.377359,-0.194656,-0.197884,1.91171,1.9071,-0.161434,-0.158366,-0.0153398,-0.00613592,-0.0153398,-0.0138058,0.745515,0.745515,
154668,-0.377359,-0.377359,-0.194656,-0.197884,1.91171,1.9071,-0.161434,-0.158366,-0.0153398,-0.00613592,-0.0153398,-0.0138058,0.745515,0.745515,
154688,-0.377359,-0.377359,-0.194656,-0.197884,1.91171,1.9071,-0.161434,-0.158366,-0.0153398,-0.00613592,-0.0153398,-0.0138058,0.745515,0.745515,
154708,-0.377359,-0.377359,-0.194656,-0.197884,1.91171,1.91324,-0.161434,-0.158366,-0.0153398,-0.00613592,-0.0153398,-0.0138058,0.745515,0.745515,
154728,-0.377359,-0.377359,-0.194656,-0.197884,1.91171,1.91324,-0.161434,-0.158366,-0.0153398,-0.00613592,-0.0153398,-0.0138058,0.745515,0.745515,
154748,-0.377359,-0.377359,-0.194656,-0.197884,1.91171,1.91324,-0.161434,-0.158366,-0.0153398,-0.00613592,-0.0153398,-0.0138058,0.745515,0.745515,
154768,-0.377359,-0.377359,-0.194656,-0.197884,1.91171,1.91324,-0.161434,-0.158366,-0.0153398,-0.00613592,-0.0153398,-0.0138058,0.745515,0.745515,
154788,-0.377359,-0.377359,-0.194656,-0.197884,1.91171,1.91324,-0.161434,-0.158366,-0.0153398,-0.00613592,-0.0153398,-0.0138058,0.745515,0.745515,
154808,-0.377359,-0.377359,-0.194656,-0.197884,1.91171,1.91324,-0.161434,-0.158366,-0.0153398,-0.00613592,-0.0153398,-0.0138058,0.745515,0.745515,
154828,-0.377359,-0.381961,-0.194656,-0.197884,1.91171,1.91171,-0.161434,-0.1599,-0.0153398,-0.00613592,-0.0153398,-0.0138058,0.745515,0.745515,
154848,-0.377359,-0.381961,-0.194656,-0.197884,1.91171,1.91171,-0.161434,-0.1599,-0.0153398,-0.00613592,-0.0153398,-0.0138058,0.745515,0.745515,
154868,-0.377359,-0.381961,-0.194656,-0.197884,1.91171,1.91171,-0.161434,-0.1599,-0.0153398,-0.00613592,-0.0153398,-0.0138058,0.745515,0.745515,
154888,-0.377359,-0.381961,-0.194656,-0.197884,1.91171,1.91171,-0.161434,-0.1599,-0.0153398,-0.00613592,-0.0153398,-0.0138058,0.745515,0.745515,
154908,-0.377359,-0.383495,-0.194656,-0.197884,1.91171,1.91017,-0.161434,-0.158366,-0.0153398,-0.00613592,-0.0153398,-0.0138058,0.745515,0.745515,
154928,-0.377359,-0.383495,-0.194656,-0.197884,1.91171,1.91017,-0.161434,-0.158366,-0.0153398,-0.00613592,-0.0153398,-0.0138058,0.745515,0.745515,
154948,-0.377359,-0.383495,-0.194656,-0.197884,1.91171,1.91017,-0.161434,-0.158366,-0.0153398,-0.00613592,-0.0153398,-0.0138058,0.745515,0.745515,
154968,-0.377359,-0.383495,-0.194656,-0.197884,1.91171,1.91017,-0.161434,-0.158366,-0.0153398,-0.00613592,-0.0153398,-0.0138058,0.745515,0.745515,
154988,-0.377359,-0.383495,-0.194656,-0.197884,1.91171,1.91017,-0.161434,-0.158366,-0.0153398,-0.00613592,-0.0153398,-0.0138058,0.745515,0.745515,
155008,-0.377359,-0.383495,-0.194656,-0.197884,1.91171,1.91171,-0.161434,-0.158366,-0.0153398,-0.00613592,-0.0153398,-0.0138058,0.745515,0.745515,
155028,-0.377359,-0.383495,-0.194656,-0.197884,1.91171,1.91171,-0.161434,-0.158366,-0.0153398,-0.00613592,-0.0153398,-0.0138058,0.745515,0.745515,
155048,-0.377359,-0.383495,-0.194656,-0.197884,1.91171,1.91171,-0.161434,-0.158366,-0.0153398,-0.00613592,-0.0153398,-0.0138058,0.745515,0.745515,
155068,-0.377359,-0.383495,-0.194656,-0.197884,1.91171,1.91171,-0.161434,-0.158366,-0.0153398,-0.00613592,-0.0153398,-0.0138058,0.745515,0.745515,
155088,-0.377359,-0.383495,-0.194656,-0.197884,1.91171,1.91171,-0.161434,-0.158366,-0.0153398,-0.00613592,-0.0153398,-0.0138058,0.745515,0.745515,
155108,-0.377359,-0.386563,-0.194656,-0.197884,1.91171,1.91324,-0.161434,-0.158366,-0.0153398,-0.00613592,-0.0153398,-0.0138058,0.745515,0.745515,
155128,-0.377359,-0.386563,-0.194656,-0.197884,1.91171,1.91324,-0.161434,-0.158366,-0.0153398,-0.00613592,-0.0153398,-0.0138058,0.745515,0.745515,
155148,-0.377359,-0.386563,-0.194656,-0.197884,1.91171,1.91324,-0.161434,-0.158366,-0.0153398,-0.00613592,-0.0153398,-0.0138058,0.745515,0.745515,
155168,-0.377359,-0.386563,-0.194656,-0.197884,1.91171,1.91324,-0.161434,-0.158366,-0.0153398,-0.00613592,-0.0153398,-0.0138058,0.745515,0.745515,
155188,-0.377359,-0.386563,-0.194656,-0.197884,1.91171,1.91324,-0.161434,-0.158366,-0.0153398,-0.00613592,-0.0153398,-0.0138058,0.745515,0.745515,
155208,-0.389631,-0.389631,-0.194656,-0.197884,1.91171,1.90404,-0.161434,-0.158366,-0.00306796,-0.00306796,-0.0153398,-0.0138058,0.745515,0.745515,
155228,-0.389631,-0.389631,-0.194656,-0.197884,1.91171,1.90404,-0.161434,-0.158366,-0.00306796,-0.00306796,-0.0153398,-0.0138058,0.745515,0.745515,
155248,-0.389631,-0.389631,-0.194656,-0.197884,1.91171,1.90404,-0.161434,-0.158366,-0.00306796,-0.00306796,-0.0153398,-0.0138058,0.745515,0.745515,
155268,-0.389631,-0.389631,-0.194656,-0.197884,1.91171,1.90404,-0.161434,-0.158366,-0.00306796,-0.00306796,-0.0153398,-0.0138058,0.745515,0.745515,
155288,-0.389631,-0.389631,-0.194656,-0.197884,1.91171,1.90404,-0.161434,-0.158366,-0.00306796,-0.00306796,-0.0153398,-0.0138058,0.745515,0.745515,
155308,-0.389631,-0.388097,-0.194656,-0.197884,1.91171,1.91171,-0.161434,-0.158366,-0.00306796,-0.00306796,-0.0153398,-0.0138058,0.745515,0.745515,
155328,-0.389631,-0.388097,-0.194656,-0.197884,1.91171,1.91171,-0.161434,-0.158366,-0.00306796,-0.00306796,-0.0153398,-0.0138058,0.745515,0.745515,
155348,-0.389631,-0.388097,-0.194656,-0.197884,1.91171,1.91171,-0.161434,-0.158366,-0.00306796,-0.00306796,-0.0153398,-0.0138058,0.745515,0.745515,
155368,-0.389631,-0.388097,-0.194656,-0.197884,1.91171,1.91171,-0.161434,-0.158366,-0.00306796,-0.00306796,-0.0153398,-0.0138058,0.745515,0.745515,
155388,-0.389631,-0.388097,-0.194656,-0.197884,1.91171,1.91171,-0.161434,-0.158366,-0.00306796,-0.00306796,-0.0153398,-0.0138058,0.745515,0.745515,
155408,-0.389631,-0.388097,-0.194656,-0.197884,1.91171,1.91171,-0.161434,-0.158366,-0.00306796,-0.00306796,-0.0153398,-0.0138058,0.745515,0.745515,
155428,-0.389631,-0.388097,-0.194656,-0.197884,1.91171,1.91171,-0.161434,-0.158366,-0.00306796,-0.00306796,-0.0153398,-0.0138058,0.745515,0.745515,
155448,-0.389631,-0.388097,-0.194656,-0.197884,1.91171,1.91171,-0.161434,-0.158366,-0.00306796,-0.00306796,-0.0153398,-0.0138058,0.745515,0.745515,
155468,-0.389631,-0.388097,-0.194656,-0.197884,1.91171,1.91171,-0.161434,-0.158366,-0.00306796,-0.00306796,-0.0153398,-0.0138058,0.745515,0.745515,
155488,-0.389631,-0.388097,-0.194656,-0.197884,1.91171,1.91171,-0.161434,-0.158366,-0.00306796,-0.00306796,-0.0153398,-0.0138058,0.745515,0.745515,
155508,-0.389631,-0.389631,-0.194656,-0.197884,1.91171,1.91171,-0.161434,-0.1599,-0.00306796,-0.00306796,-0.0153398,-0.0138058,0.745515,0.745515,
155528,-0.389631,-0.389631,-0.194656,-0.197884,1.91171,1.91171,-0.161434,-0.1599,-0.00306796,-0.00306796,-0.0153398,-0.0138058,0.745515,0.745515,
155548,-0.389631,-0.389631,-0.194656,-0.197884,1.91171,1.91171,-0.161434,-0.1599,-0.00306796,-0.00306796,-0.0153398,-0.0138058,0.745515,0.745515,
155568,-0.389631,-0.389631,-0.194656,-0.197884,1.91171,1.91171,-0.161434,-0.1599,-0.00306796,-0.00306796,-0.0153398,-0.0138058,0.745515,0.745515,
155588,-0.389631,-0.389631,-0.194656,-0.197884,1.91171,1.91171,-0.161434,-0.1599,-0.00306796,-0.00306796,-0.0153398,-0.0138058,0.745515,0.745515,
155608,-0.389631,-0.392699,-0.194656,-0.197884,1.91171,1.91324,-0.161434,-0.158366,-0.00306796,-0.00306796,-0.0153398,-0.0138058,0.745515,0.745515,
155628,-0.389631,-0.392699,-0.194656,-0.197884,1.91171,1.91324,-0.161434,-0.158366,-0.00306796,-0.00306796,-0.0153398,-0.0138058,0.745515,0.745515,
155648,-0.389631,-0.392699,-0.194656,-0.197884,1.91171,1.91324,-0.161434,-0.158366,-0.00306796,-0.00306796,-0.0153398,-0.0138058,0.745515,0.745515,
155668,-0.389631,-0.392699,-0.194656,-0.197884,1.91171,1.91324,-0.161434,-0.158366,-0.00306796,-0.00306796,-0.0153398,-0.0138058,0.745515,0.745515,
155688,-0.389631,-0.397301,-0.194656,-0.197884,1.91171,1.91171,-0.161434,-0.1599,-0.00306796,-0.00306796,-0.0153398,-0.0138058,0.745515,0.745515,
155708,-0.389631,-0.397301,-0.194656,-0.197884,1.91171,1.91171,-0.161434,-0.1599,-0.00306796,-0.00306796,-0.0153398,-0.0138058,0.745515,0.745515,
155728,-0.389631,-0.397301,-0.194656,-0.197884,1.91171,1.91171,-0.161434,-0.1599,-0.00306796,-0.00306796,-0.0153398,-0.0138058,0.745515,0.745515,
155748,-0.389631,-0.397301,-0.194656,-0.197884,1.91171,1.91171,-0.161434,-0.1599,-0.00306796,-0.00306796,-0.0153398,-0.0138058,0.745515,0.745515,
155768,-0.389631,-0.397301,-0.194656,-0.197884,1.91171,1.91171,-0.161434,-0.1599,-0.00306796,-0.00306796,-0.0153398,-0.0138058,0.745515,0.745515,
155788,-0.389631,-0.398835,-0.194656,-0.197884,1.91171,1.91171,-0.161434,-0.1599,-0.00306796,-0.00306796,-0.0153398,-0.0138058,0.745515,0.745515,
155808,-0.389631,-0.398835,-0.194656,-0.197884,1.91171,1.91171,-0.161434,-0.1599,-0.00306796,-0.00306796,-0.0153398,-0.0138058,0.745515,0.745515,
155828,-0.389631,-0.398835,-0.194656,-0.197884,1.91171,1.91171,-0.161434,-0.1599,-0.00306796,-0.00306796,-0.0153398,-0.0138058,0.745515,0.745515,
155848,-0.389631,-0.398835,-0.194656,-0.197884,1.91171,1.91171,-0.161434,-0.1599,-0.00306796,-0.00306796,-0.0153398,-0.0138058,0.745515,0.745515,
155868,-0.389631,-0.398835,-0.194656,-0.197884,1.91171,1.91171,-0.161434,-0.1599,-0.00306796,-0.00306796,-0.0153398,-0.0138058,0.745515,0.745515,
155888,-0.389631,-0.398835,-0.194656,-0.197884,1.91171,1.91171,-0.161434,-0.1599,-0.00306796,-0.00306796,-0.0153398,-0.0138058,0.745515,0.745515,
155908,-0.389631,-0.397301,-0.194656,-0.197884,1.91171,1.91017,-0.161434,-0.158366,-0.00306796,-0.00306796,-0.0153398,-0.0138058,0.745515,0.745515,
155928,-0.389631,-0.397301,-0.194656,-0.197884,1.91171,1.91017,-0.161434,-0.158366,-0.00306796,-0.00306796,-0.0153398,-0.0138058,0.745515,0.745515,
155948,-0.389631,-0.397301,-0.194656,-0.197884,1.91171,1.91017,-0.161434,-0.158366,-0.00306796,-0.00306796,-0.0153398,-0.0138058,0.745515,0.745515,
155968,-0.389631,-0.397301,-0.194656,-0.197884,1.91171,1.91017,-0.161434,-0.158366,-0.00306796,-0.00306796,-0.0153398,-0.0138058,0.745515,0.745515,
155988,-0.389631,-0.397301,-0.194656,-0.197884,1.91171,1.91017,-0.161434,-0.158366,-0.00306796,-0.00306796,-0.0153398,-0.0138058,0.745515,0.745515,
156008,-0.389631,-0.397301,-0.194656,-0.197884,1.91171,1.91017,-0.161434,-0.158366,-0.00306796,-0.00306796,-0.0153398,-0.0138058,0.745515,0.745515,
156028,-0.389631,-0.397301,-0.194656,-0.197884,1.91171,1.91017,-0.161434,-0.158366,-0.00306796,-0.00306796,-0.0153398,-0.0138058,0.745515,0.745515,
156048,-0.389631,-0.397301,-0.194656,-0.197884,1.91171,1.91017,-0.161434,-0.158366,-0.00306796,-0.00306796,-0.0153398,-0.0138058,0.745515,0.745515,
156068,-0.389631,-0.397301,-0.194656,-0.197884,1.91171,1.91017,-0.161434,-0.158366,-0.00306796,-0.00306796,-0.0153398,-0.0138058,0.745515,0.745515,
156088,-0.389631,-0.397301,-0.194656,-0.197884,1.91171,1.91017,-0.161434,-0.158366,-0.00306796,-0.00306796,-0.0153398,-0.0138058,0.745515,0.745515,
156108,-0.389631,-0.398835,-0.194656,-0.197884,1.91171,1.91017,-0.161434,-0.1599,-0.00306796,-0.00306796,-0.0153398,-0.0138058,0.745515,0.745515,
156128,-0.389631,-0.398835,-0.194656,-0.197884,1.91171,1.91017,-0.161434,-0.1599,-0.00306796,-0.00306796,-0.0153398,-0.0138058,0.745515,0.745515,
156148,-0.389631,-0.398835,-0.194656,-0.197884,1.91171,1.91017,-0.161434,-0.1599,-0.00306796,-0.00306796,-0.0153398,-0.0138058,0.745515,0.745515,
156168,-0.389631,-0.398835,-0.194656,-0.197884,1.91171,1.91017,-0.161434,-0.1599,-0.00306796,-0.00306796,-0.0153398,-0.0138058,0.745515,0.745515,
156188,-0.389631,-0.398835,-0.194656,-0.197884,1.91171,1.91017,-0.161434,-0.1599,-0.00306796,-0.00306796,-0.0153398,-0.0138058,0.745515,0.745515,
156208,-0.389631,-0.398835,-0.194656,-0.197884,1.91171,1.91017,-0.161434,-0.158366,-0.00306796,-0.00306796,-0.0153398,-0.0138058,0.745515,0.745515,
156228,-0.389631,-0.398835,-0.194656,-0.197884,1.91171,1.91017,-0.161434,-0.158366,-0.00306796,-0.00306796,-0.0153398,-0.0138058,0.745515,0.745515,
156248,-0.389631,-0.398835,-0.194656,-0.197884,1.91171,1.91017,-0.161434,-0.158366,-0.00306796,-0.00306796,-0.0153398,-0.0138058,0.745515,0.745515,
156268,-0.389631,-0.398835,-0.194656,-0.197884,1.91171,1.91017,-0.161434,-0.158366,-0.00306796,-0.00306796,-0.0153398,-0.0138058,0.745515,0.745515,
156288,-0.389631,-0.398835,-0.194656,-0.197884,1.91171,1.91017,-0.161434,-0.158366,-0.00306796,-0.00306796,-0.0153398,-0.0138058,0.745515,0.745515,
156308,-0.389631,-0.398835,-0.194656,-0.197884,1.91171,1.91017,-0.161434,-0.158366,-0.00306796,-0.00306796,-0.0153398,-0.0138058,0.745515,0.745515,
156328,-0.389631,-0.398835,-0.194656,-0.197884,1.91171,1.91017,-0.161434,-0.158366,-0.00306796,-0.00306796,-0.0153398,-0.0138058,0.745515,0.745515,
156348,-0.389631,-0.398835,-0.194656,-0.197884,1.91171,1.91017,-0.161434,-0.158366,-0.00306796,-0.00306796,-0.0153398,-0.0138058,0.745515,0.745515,
156368,-0.389631,-0.398835,-0.194656,-0.197884,1.91171,1.91017,-0.161434,-0.158366,-0.00306796,-0.00306796,-0.0153398,-0.0138058,0.745515,0.745515,
156388,-0.389631,-0.398835,-0.194656,-0.197884,1.91171,1.91017,-0.161434,-0.158366,-0.00306796,-0.00306796,-0.0153398,-0.0138058,0.745515,0.745515,
156408,-0.389631,-0.398835,-0.194656,-0.197884,1.91171,1.91017,-0.161434,-0.1599,-0.00306796,-0.00306796,-0.0153398,-0.0138058,0.745515,0.745515,
156428,-0.389631,-0.398835,-0.194656,-0.197884,1.91171,1.91017,-0.161434,-0.1599,-0.00306796,-0.00306796,-0.0153398,-0.0138058,0.745515,0.745515,
156448,-0.389631,-0.398835,-0.194656,-0.197884,1.91171,1.91017,-0.161434,-0.1599,-0.00306796,-0.00306796,-0.0153398,-0.0138058,0.745515,0.745515,
156468,-0.389631,-0.398835,-0.194656,-0.197884,1.91171,1.91017,-0.161434,-0.1599,-0.00306796,-0.00306796,-0.0153398,-0.0138058,0.745515,0.745515,
156488,-0.389631,-0.398835,-0.194656,-0.197884,1.91171,1.91017,-0.161434,-0.1599,-0.00306796,-0.00306796,-0.0153398,-0.0138058,0.745515,0.745515,
156508,-0.389631,-0.398835,-0.194656,-0.197884,1.91171,1.91017,-0.161434,-0.158366,-0.00306796,-0.00306796,-0.0153398,-0.0138058,0.745515,0.745515,
156528,-0.389631,-0.398835,-0.194656,-0.197884,1.91171,1.91017,-0.161434,-0.158366,-0.00306796,-0.00306796,-0.0153398,-0.0138058,0.745515,0.745515,
156548,-0.389631,-0.398835,-0.194656,-0.197884,1.91171,1.91017,-0.161434,-0.158366,-0.00306796,-0.00306796,-0.0153398,-0.0138058,0.745515,0.745515,
156568,-0.389631,-0.398835,-0.194656,-0.197884,1.91171,1.91017,-0.161434,-0.158366,-0.00306796,-0.00306796,-0.0153398,-0.0138058,0.745515,0.745515,
156588,-0.389631,-0.398835,-0.194656,-0.197884,1.91171,1.91017,-0.161434,-0.158366,-0.00306796,-0.00306796,-0.0153398,-0.0138058,0.745515,0.745515,
156608,-0.389631,-0.397301,-0.194656,-0.197884,1.91171,1.91017,-0.161434,-0.158366,-0.00306796,-0.00306796,-0.0153398,-0.0138058,0.745515,0.745515,
156628,-0.389631,-0.397301,-0.194656,-0.197884,1.91171,1.91017,-0.161434,-0.158366,-0.00306796,-0.00306796,-0.0153398,-0.0138058,0.745515,0.745515,
156648,-0.389631,-0.397301,-0.194656,-0.197884,1.91171,1.91017,-0.161434,-0.158366,-0.00306796,-0.00306796,-0.0153398,-0.0138058,0.745515,0.745515,
156668,-0.389631,-0.397301,-0.194656,-0.197884,1.91171,1.91017,-0.161434,-0.158366,-0.00306796,-0.00306796,-0.0153398,-0.0138058,0.745515,0.745515,
156688,-0.389631,-0.397301,-0.194656,-0.197884,1.91171,1.91017,-0.161434,-0.158366,-0.00306796,-0.00306796,-0.0153398,-0.0138058,0.745515,0.745515,
156708,-0.389631,-0.397301,-0.194656,-0.197884,1.91171,1.91017,-0.161434,-0.1599,-0.00306796,-0.00153398,-0.0153398,-0.0138058,0.745515,0.745515,
156728,-0.389631,-0.397301,-0.194656,-0.197884,1.91171,1.91017,-0.161434,-0.1599,-0.00306796,-0.00153398,-0.0153398,-0.0138058,0.745515,0.745515,
156748,-0.389631,-0.397301,-0.194656,-0.197884,1.91171,1.91017,-0.161434,-0.1599,-0.00306796,-0.00153398,-0.0153398,-0.0138058,0.745515,0.745515,
156768,-0.389631,-0.397301,-0.194656,-0.197884,1.91171,1.91017,-0.161434,-0.1599,-0.00306796,-0.00153398,-0.0153398,-0.0138058,0.745515,0.745515,
156788,-0.389631,-0.397301,-0.194656,-0.197884,1.91171,1.91017,-0.161434,-0.1599,-0.00306796,-0.00153398,-0.0153398,-0.0138058,0.745515,0.745515,
156808,-0.389631,-0.397301,-0.194656,-0.197884,1.91171,1.91017,-0.161434,-0.158366,-0.00306796,-0.00306796,-0.0153398,-0.0138058,0.745515,0.745515,
156828,-0.389631,-0.397301,-0.194656,-0.197884,1.91171,1.91017,-0.161434,-0.158366,-0.00306796,-0.00306796,-0.0153398,-0.0138058,0.745515,0.745515,
156848,-0.389631,-0.397301,-0.194656,-0.197884,1.91171,1.91017,-0.161434,-0.158366,-0.00306796,-0.00306796,-0.0153398,-0.0138058,0.745515,0.745515,
156868,-0.389631,-0.397301,-0.194656,-0.197884,1.91171,1.91017,-0.161434,-0.158366,-0.00306796,-0.00306796,-0.0153398,-0.0138058,0.745515,0.745515,
156889,-0.389631,-0.397301,-0.194656,-0.197884,1.91171,1.91017,-0.161434,-0.158366,-0.00306796,-0.00306796,-0.0153398,-0.0138058,0.745515,0.745515,
156908,-0.389631,-0.397301,-0.194656,-0.197884,1.91171,1.91017,-0.161434,-0.158366,-0.00306796,-0.00153398,-0.0153398,-0.0138058,0.745515,0.745515,
156928,-0.389631,-0.397301,-0.194656,-0.197884,1.91171,1.91017,-0.161434,-0.158366,-0.00306796,-0.00153398,-0.0153398,-0.0138058,0.745515,0.745515,
156948,-0.389631,-0.397301,-0.194656,-0.197884,1.91171,1.91017,-0.161434,-0.158366,-0.00306796,-0.00153398,-0.0153398,-0.0138058,0.745515,0.745515,
156968,-0.389631,-0.397301,-0.194656,-0.197884,1.91171,1.91017,-0.161434,-0.158366,-0.00306796,-0.00153398,-0.0153398,-0.0138058,0.745515,0.745515,
156988,-0.389631,-0.395767,-0.194656,-0.197884,1.91171,1.91017,-0.161434,-0.158366,-0.00306796,-0.00306796,-0.0153398,-0.0138058,0.745515,0.745515,
157008,-0.389631,-0.395767,-0.194656,-0.197884,1.91171,1.91017,-0.161434,-0.158366,-0.00306796,-0.00306796,-0.0153398,-0.0138058,0.745515,0.745515,
157028,-0.389631,-0.395767,-0.194656,-0.197884,1.91171,1.91017,-0.161434,-0.158366,-0.00306796,-0.00306796,-0.0153398,-0.0138058,0.745515,0.745515,
157048,-0.389631,-0.395767,-0.194656,-0.197884,1.91171,1.91017,-0.161434,-0.158366,-0.00306796,-0.00306796,-0.0153398,-0.0138058,0.745515,0.745515,
157068,-0.389631,-0.395767,-0.194656,-0.197884,1.91171,1.91017,-0.161434,-0.158366,-0.00306796,-0.00306796,-0.0153398,-0.0138058,0.745515,0.745515,
157088,-0.389631,-0.395767,-0.194656,-0.197884,1.91171,1.91017,-0.161434,-0.158366,-0.00306796,-0.00306796,-0.0153398,-0.0138058,0.745515,0.745515,
157108,-0.389631,-0.397301,-0.194656,-0.197884,1.91171,1.91017,-0.161434,-0.158366,-0.00306796,-0.00306796,-0.0153398,-0.0153398,0.745515,0.745515,
157128,-0.389631,-0.397301,-0.194656,-0.197884,1.91171,1.91017,-0.161434,-0.158366,-0.00306796,-0.00306796,-0.0153398,-0.0153398,0.745515,0.745515,
157148,-0.389631,-0.397301,-0.194656,-0.197884,1.91171,1.91017,-0.161434,-0.158366,-0.00306796,-0.00306796,-0.0153398,-0.0153398,0.745515,0.745515,
157168,-0.389631,-0.397301,-0.194656,-0.197884,1.91171,1.91017,-0.161434,-0.158366,-0.00306796,-0.00306796,-0.0153398,-0.0153398,0.745515,0.745515,
157188,-0.389631,-0.397301,-0.194656,-0.197884,1.91171,1.91017,-0.161434,-0.158366,-0.00306796,-0.00306796,-0.0153398,-0.0153398,0.745515,0.745515,
157208,-0.389631,-0.397301,-0.194656,-0.197884,1.91171,1.91017,-0.161434,-0.158366,-0.00306796,-0.00306796,-0.0153398,-0.0153398,0.745515,0.745515,
157228,-0.389631,-0.397301,-0.194656,-0.197884,1.91171,1.91017,-0.161434,-0.158366,-0.00306796,-0.00306796,-0.0153398,-0.0153398,0.745515,0.745515,
157248,-0.389631,-0.397301,-0.194656,-0.197884,1.91171,1.91017,-0.161434,-0.158366,-0.00306796,-0.00306796,-0.0153398,-0.0153398,0.745515,0.745515,
157268,-0.389631,-0.397301,-0.194656,-0.197884,1.91171,1.91017,-0.161434,-0.158366,-0.00306796,-0.00306796,-0.0153398,-0.0153398,0.745515,0.745515,
157288,-0.389631,-0.397301,-0.194656,-0.197884,1.91171,1.91017,-0.161434,-0.158366,-0.00306796,-0.00306796,-0.0153398,-0.0153398,0.745515,0.745515,
157308,-0.389631,-0.397301,-0.194656,-0.197884,1.91171,1.91017,-0.161434,-0.158366,-0.00306796,-0.00306796,-0.0153398,-0.0153398,0.745515,0.745515,
157328,-0.389631,-0.397301,-0.194656,-0.197884,1.91171,1.91017,-0.161434,-0.158366,-0.00306796,-0.00306796,-0.0153398,-0.0153398,0.745515,0.745515,
157348,-0.389631,-0.397301,-0.194656,-0.197884,1.91171,1.91017,-0.161434,-0.158366,-0.00306796,-0.00306796,-0.0153398,-0.0153398,0.745515,0.745515,
157368,-0.389631,-0.397301,-0.194656,-0.197884,1.91171,1.91017,-0.161434,-0.158366,-0.00306796,-0.00306796,-0.0153398,-0.0153398,0.745515,0.745515,
157388,-0.389631,-0.397301,-0.194656,-0.197884,1.91171,1.91017,-0.161434,-0.158366,-0.00306796,-0.00306796,-0.0153398,-0.0153398,0.745515,0.745515,
157408,-0.389631,-0.397301,-0.194656,-0.197884,1.91171,1.91017,-0.161434,-0.1599,-0.00306796,-0.00306796,-0.0153398,-0.0153398,0.745515,0.745515,
157428,-0.389631,-0.397301,-0.194656,-0.197884,1.91171,1.91017,-0.161434,-0.1599,-0.00306796,-0.00306796,-0.0153398,-0.0153398,0.745515,0.745515,
157448,-0.389631,-0.397301,-0.194656,-0.197884,1.91171,1.91017,-0.161434,-0.1599,-0.00306796,-0.00306796,-0.0153398,-0.0153398,0.745515,0.745515,
157468,-0.389631,-0.397301,-0.194656,-0.197884,1.91171,1.91017,-0.161434,-0.1599,-0.00306796,-0.00306796,-0.0153398,-0.0153398,0.745515,0.745515,
157488,-0.389631,-0.397301,-0.194656,-0.197884,1.91171,1.91017,-0.161434,-0.1599,-0.00306796,-0.00306796,-0.0153398,-0.0153398,0.745515,0.745515,
157508,-0.389631,-0.395767,-0.194656,-0.197884,1.91171,1.91017,-0.161434,-0.158366,-0.00306796,-0.00306796,-0.0153398,-0.0153398,0.745515,0.745515,
157528,-0.389631,-0.395767,-0.194656,-0.197884,1.91171,1.91017,-0.161434,-0.158366,-0.00306796,-0.00306796,-0.0153398,-0.0153398,0.745515,0.745515,
157548,-0.389631,-0.395767,-0.194656,-0.197884,1.91171,1.91017,-0.161434,-0.158366,-0.00306796,-0.00306796,-0.0153398,-0.0153398,0.745515,0.745515,
157568,-0.389631,-0.395767,-0.194656,-0.197884,1.91171,1.91017,-0.161434,-0.158366,-0.00306796,-0.00306796,-0.0153398,-0.0153398,0.745515,0.745515,
157588,-0.389631,-0.395767,-0.194656,-0.197884,1.91171,1.91017,-0.161434,-0.158366,-0.00306796,-0.00306796,-0.0153398,-0.0153398,0.745515,0.745515,
157608,-0.389631,-0.395767,-0.194656,-0.197884,1.91171,1.91017,-0.161434,-0.158366,-0.00306796,-0.00306796,-0.0153398,-0.0153398,0.745515,0.745515,
157628,-0.389631,-0.395767,-0.194656,-0.197884,1.91171,1.91017,-0.161434,-0.158366,-0.00306796,-0.00306796,-0.0153398,-0.0153398,0.745515,0.745515,
157648,-0.389631,-0.395767,-0.194656,-0.197884,1.91171,1.91017,-0.161434,-0.158366,-0.00306796,-0.00306796,-0.0153398,-0.0153398,0.745515,0.745515,
157668,-0.389631,-0.395767,-0.194656,-0.197884,1.91171,1.91017,-0.161434,-0.158366,-0.00306796,-0.00306796,-0.0153398,-0.0153398,0.745515,0.745515,
157688,-0.389631,-0.395767,-0.194656,-0.197884,1.91171,1.91017,-0.161434,-0.158366,-0.00306796,-0.00306796,-0.0153398,-0.0153398,0.745515,0.745515,
157708,-0.389631,-0.394233,-0.194656,-0.197884,1.91171,1.91017,-0.161434,-0.158366,-0.00306796,-0.00306796,-0.0153398,-0.0153398,0.745515,0.745515,
157728,-0.389631,-0.394233,-0.194656,-0.197884,1.91171,1.91017,-0.161434,-0.158366,-0.00306796,-0.00306796,-0.0153398,-0.0153398,0.745515,0.745515,
157748,-0.389631,-0.394233,-0.194656,-0.197884,1.91171,1.91017,-0.161434,-0.158366,-0.00306796,-0.00306796,-0.0153398,-0.0153398,0.745515,0.745515,
157768,-0.389631,-0.394233,-0.194656,-0.197884,1.91171,1.91017,-0.161434,-0.158366,-0.00306796,-0.00306796,-0.0153398,-0.0153398,0.745515,0.745515,
157788,-0.389631,-0.394233,-0.194656,-0.197884,1.91171,1.91017,-0.161434,-0.158366,-0.00306796,-0.00306796,-0.0153398,-0.0153398,0.745515,0.745515,
157808,-0.389631,-0.395767,-0.194656,-0.197884,1.91171,1.91017,-0.161434,-0.158366,-0.00306796,-0.00153398,-0.0153398,-0.0153398,0.745515,0.745515,
157828,-0.389631,-0.395767,-0.194656,-0.197884,1.91171,1.91017,-0.161434,-0.158366,-0.00306796,-0.00153398,-0.0153398,-0.0153398,0.745515,0.745515,
157848,-0.389631,-0.395767,-0.194656,-0.197884,1.91171,1.91017,-0.161434,-0.158366,-0.00306796,-0.00153398,-0.0153398,-0.0153398,0.745515,0.745515,
157868,-0.389631,-0.395767,-0.194656,-0.197884,1.91171,1.91017,-0.161434,-0.158366,-0.00306796,-0.00153398,-0.0153398,-0.0153398,0.745515,0.745515,
157888,-0.389631,-0.395767,-0.194656,-0.197884,1.91171,1.91017,-0.161434,-0.158366,-0.00306796,-0.00153398,-0.0153398,-0.0153398,0.745515,0.745515,
157908,-0.389631,-0.394233,-0.194656,-0.197884,1.91171,1.91017,-0.161434,-0.158366,-0.00306796,-0.00306796,-0.0153398,-0.0153398,0.745515,0.745515,
157928,-0.389631,-0.394233,-0.194656,-0.197884,1.91171,1.91017,-0.161434,-0.158366,-0.00306796,-0.00306796,-0.0153398,-0.0153398,0.745515,0.745515,
157948,-0.389631,-0.394233,-0.194656,-0.197884,1.91171,1.91017,-0.161434,-0.158366,-0.00306796,-0.00306796,-0.0153398,-0.0153398,0.745515,0.745515,
157968,-0.389631,-0.394233,-0.194656,-0.197884,1.91171,1.91017,-0.161434,-0.158366,-0.00306796,-0.00306796,-0.0153398,-0.0153398,0.745515,0.745515,
157988,-0.389631,-0.394233,-0.194656,-0.197884,1.91171,1.91017,-0.161434,-0.158366,-0.00306796,-0.00306796,-0.0153398,-0.0153398,0.745515,0.745515,
158008,-0.389631,-0.394233,-0.194656,-0.197884,1.91171,1.91017,-0.161434,-0.158366,-0.00306796,-0.00306796,-0.0153398,-0.0153398,0.745515,0.745515,
158028,-0.389631,-0.394233,-0.194656,-0.197884,1.91171,1.91017,-0.161434,-0.158366,-0.00306796,-0.00306796,-0.0153398,-0.0153398,0.745515,0.745515,
158048,-0.389631,-0.394233,-0.194656,-0.197884,1.91171,1.91017,-0.161434,-0.158366,-0.00306796,-0.00306796,-0.0153398,-0.0153398,0.745515,0.745515,
158068,-0.389631,-0.394233,-0.194656,-0.197884,1.91171,1.91017,-0.161434,-0.158366,-0.00306796,-0.00306796,-0.0153398,-0.0153398,0.745515,0.745515,
158088,-0.389631,-0.394233,-0.194656,-0.197884,1.91171,1.91017,-0.161434,-0.158366,-0.00306796,-0.00306796,-0.0153398,-0.0153398,0.745515,0.745515,
158108,-0.389631,-0.394233,-0.194656,-0.197884,1.91171,1.91017,-0.161434,-0.158366,-0.00306796,-0.00306796,-0.0153398,-0.0153398,0.745515,0.745515,
158128,-0.389631,-0.394233,-0.194656,-0.197884,1.91171,1.91017,-0.161434,-0.158366,-0.00306796,-0.00306796,-0.0153398,-0.0153398,0.745515,0.745515,
158148,-0.389631,-0.394233,-0.194656,-0.197884,1.91171,1.91017,-0.161434,-0.158366,-0.00306796,-0.00306796,-0.0153398,-0.0153398,0.745515,0.745515,
158168,-0.389631,-0.394233,-0.194656,-0.197884,1.91171,1.91017,-0.161434,-0.158366,-0.00306796,-0.00306796,-0.0153398,-0.0153398,0.745515,0.745515,
158188,-0.389631,-0.392699,-0.194656,-0.197884,1.91171,1.91017,-0.161434,-0.158366,-0.00306796,-0.00306796,-0.0153398,-0.0153398,0.745515,0.747049,
158208,-0.389631,-0.392699,-0.194656,-0.197884,1.91171,1.91017,-0.161434,-0.158366,-0.00306796,-0.00306796,-0.0153398,-0.0153398,0.745515,0.747049,
158228,-0.389631,-0.392699,-0.194656,-0.197884,1.91171,1.91017,-0.161434,-0.158366,-0.00306796,-0.00306796,-0.0153398,-0.0153398,0.745515,0.747049,
158248,-0.389631,-0.392699,-0.194656,-0.197884,1.91171,1.91017,-0.161434,-0.158366,-0.00306796,-0.00306796,-0.0153398,-0.0153398,0.745515,0.747049,
158268,-0.389631,-0.392699,-0.194656,-0.197884,1.91171,1.91017,-0.161434,-0.158366,-0.00306796,-0.00306796,-0.0153398,-0.0153398,0.745515,0.747049,
158288,-0.389631,-0.392699,-0.194656,-0.197884,1.91171,1.91017,-0.161434,-0.158366,-0.00306796,-0.00306796,-0.0153398,-0.0153398,0.745515,0.747049,
158308,-0.389631,-0.392699,-0.194656,-0.19635,1.91171,1.91017,-0.161434,-0.158366,-0.00306796,-0.00306796,-0.0153398,-0.0153398,0.745515,0.745515,
158328,-0.389631,-0.392699,-0.194656,-0.19635,1.91171,1.91017,-0.161434,-0.158366,-0.00306796,-0.00306796,-0.0153398,-0.0153398,0.745515,0.745515,
158348,-0.389631,-0.392699,-0.194656,-0.19635,1.91171,1.91017,-0.161434,-0.158366,-0.00306796,-0.00306796,-0.0153398,-0.0153398,0.745515,0.745515,
158368,-0.389631,-0.392699,-0.194656,-0.19635,1.91171,1.91017,-0.161434,-0.158366,-0.00306796,-0.00306796,-0.0153398,-0.0153398,0.745515,0.745515,
158388,-0.389631,-0.392699,-0.194656,-0.19635,1.91171,1.91017,-0.161434,-0.158366,-0.00306796,-0.00306796,-0.0153398,-0.0153398,0.745515,0.745515,
158408,-0.389631,-0.394233,-0.194656,-0.197884,1.91171,1.91017,-0.161434,-0.1599,-0.00306796,-0.00306796,-0.0153398,-0.0153398,0.745515,0.745515,
158428,-0.389631,-0.394233,-0.194656,-0.197884,1.91171,1.91017,-0.161434,-0.1599,-0.00306796,-0.00306796,-0.0153398,-0.0153398,0.745515,0.745515,
158448,-0.389631,-0.394233,-0.194656,-0.197884,1.91171,1.91017,-0.161434,-0.1599,-0.00306796,-0.00306796,-0.0153398,-0.0153398,0.745515,0.745515,
158468,-0.389631,-0.394233,-0.194656,-0.197884,1.91171,1.91017,-0.161434,-0.1599,-0.00306796,-0.00306796,-0.0153398,-0.0153398,0.745515,0.745515,
158488,-0.389631,-0.394233,-0.194656,-0.197884,1.91171,1.91017,-0.161434,-0.1599,-0.00306796,-0.00306796,-0.0153398,-0.0153398,0.745515,0.745515,
158508,-0.389631,-0.392699,-0.194656,-0.197884,1.91171,1.91017,-0.161434,-0.158366,-0.00306796,-0.00306796,-0.0153398,-0.0153398,0.745515,0.745515,
158528,-0.389631,-0.392699,-0.194656,-0.197884,1.91171,1.91017,-0.161434,-0.158366,-0.00306796,-0.00306796,-0.0153398,-0.0153398,0.745515,0.745515,
158548,-0.389631,-0.392699,-0.194656,-0.197884,1.91171,1.91017,-0.161434,-0.158366,-0.00306796,-0.00306796,-0.0153398,-0.0153398,0.745515,0.745515,
158568,-0.389631,-0.392699,-0.194656,-0.197884,1.91171,1.91017,-0.161434,-0.158366,-0.00306796,-0.00306796,-0.0153398,-0.0153398,0.745515,0.745515,
158588,-0.389631,-0.394233,-0.194656,-0.19635,1.91171,1.91017,-0.161434,-0.158366,-0.00306796,-0.00306796,-0.0153398,-0.0153398,0.745515,0.745515,
158608,-0.389631,-0.394233,-0.194656,-0.19635,1.91171,1.91017,-0.161434,-0.158366,-0.00306796,-0.00306796,-0.0153398,-0.0153398,0.745515,0.745515,
158628,-0.389631,-0.394233,-0.194656,-0.19635,1.91171,1.91017,-0.161434,-0.158366,-0.00306796,-0.00306796,-0.0153398,-0.0153398,0.745515,0.745515,
158648,-0.389631,-0.394233,-0.194656,-0.19635,1.91171,1.91017,-0.161434,-0.158366,-0.00306796,-0.00306796,-0.0153398,-0.0153398,0.745515,0.745515,
158668,-0.389631,-0.394233,-0.194656,-0.19635,1.91171,1.91017,-0.161434,-0.158366,-0.00306796,-0.00306796,-0.0153398,-0.0153398,0.745515,0.745515,
158688,-0.389631,-0.394233,-0.194656,-0.19635,1.91171,1.91017,-0.161434,-0.158366,-0.00306796,-0.00306796,-0.0153398,-0.0153398,0.745515,0.745515,
158708,-0.389631,-0.392699,-0.194656,-0.19635,1.91171,1.91017,-0.161434,-0.158366,-0.00306796,-0.00306796,-0.0153398,-0.0153398,0.745515,0.745515,
158728,-0.389631,-0.392699,-0.194656,-0.19635,1.91171,1.91017,-0.161434,-0.158366,-0.00306796,-0.00306796,-0.0153398,-0.0153398,0.745515,0.745515,
158748,-0.389631,-0.392699,-0.194656,-0.19635,1.91171,1.91017,-0.161434,-0.158366,-0.00306796,-0.00306796,-0.0153398,-0.0153398,0.745515,0.745515,
158769,-0.389631,-0.392699,-0.194656,-0.19635,1.91171,1.91017,-0.161434,-0.158366,-0.00306796,-0.00306796,-0.0153398,-0.0153398,0.745515,0.745515,
158788,-0.389631,-0.392699,-0.194656,-0.19635,1.91171,1.91017,-0.161434,-0.158366,-0.00306796,-0.00306796,-0.0153398,-0.0153398,0.745515,0.745515,
158808,-0.389631,-0.392699,-0.194656,-0.197884,1.91171,1.91171,-0.161434,-0.158366,-0.00306796,-0.00306796,-0.0153398,-0.0153398,0.745515,0.745515,
158828,-0.389631,-0.392699,-0.194656,-0.197884,1.91171,1.91171,-0.161434,-0.158366,-0.00306796,-0.00306796,-0.0153398,-0.0153398,0.745515,0.745515,
158848,-0.389631,-0.392699,-0.194656,-0.197884,1.91171,1.91171,-0.161434,-0.158366,-0.00306796,-0.00306796,-0.0153398,-0.0153398,0.745515,0.745515,
158868,-0.389631,-0.392699,-0.194656,-0.197884,1.91171,1.91171,-0.161434,-0.158366,-0.00306796,-0.00306796,-0.0153398,-0.0153398,0.745515,0.745515,
158888,-0.389631,-0.392699,-0.194656,-0.197884,1.91171,1.91171,-0.161434,-0.158366,-0.00306796,-0.00306796,-0.0153398,-0.0153398,0.745515,0.745515,
158908,-0.389631,-0.392699,-0.194656,-0.197884,1.91171,1.91171,-0.161434,-0.158366,-0.00306796,-0.00306796,-0.0153398,-0.0153398,0.745515,0.745515,
158928,-0.389631,-0.392699,-0.194656,-0.19635,1.91171,1.91017,-0.161434,-0.1599,-0.00306796,-0.00306796,-0.0153398,-0.0153398,0.745515,0.745515,
158948,-0.389631,-0.392699,-0.194656,-0.19635,1.91171,1.91017,-0.161434,-0.1599,-0.00306796,-0.00306796,-0.0153398,-0.0153398,0.745515,0.745515,
158968,-0.389631,-0.392699,-0.194656,-0.19635,1.91171,1.91017,-0.161434,-0.1599,-0.00306796,-0.00306796,-0.0153398,-0.0153398,0.745515,0.745515,
158988,-0.389631,-0.392699,-0.194656,-0.197884,1.91171,1.91017,-0.161434,-0.158366,-0.00306796,-0.00306796,-0.0153398,-0.0153398,0.745515,0.745515,
159011,-0.389631,-0.392699,-0.194656,-0.197884,1.91171,1.91017,-0.161434,-0.158366,-0.00306796,-0.00306796,-0.0153398,-0.0153398,0.745515,0.745515,
159028,-0.389631,-0.392699,-0.194656,-0.197884,1.91171,1.91017,-0.161434,-0.158366,-0.00306796,-0.00306796,-0.0153398,-0.0153398,0.745515,0.745515,
159048,-0.389631,-0.392699,-0.194656,-0.197884,1.91171,1.91017,-0.161434,-0.158366,-0.00306796,-0.00306796,-0.0153398,-0.0153398,0.745515,0.745515,
159068,-0.389631,-0.392699,-0.194656,-0.197884,1.91171,1.91017,-0.161434,-0.158366,-0.00306796,-0.00306796,-0.0153398,-0.0153398,0.745515,0.745515,
159088,-0.389631,-0.392699,-0.194656,-0.197884,1.91171,1.91017,-0.161434,-0.158366,-0.00306796,-0.00306796,-0.0153398,-0.0153398,0.745515,0.745515,
159108,-0.389631,-0.392699,-0.194656,-0.19635,1.91171,1.91017,-0.161434,-0.1599,-0.00306796,-0.00306796,-0.0153398,-0.0153398,0.745515,0.745515,
159128,-0.389631,-0.392699,-0.194656,-0.19635,1.91171,1.91017,-0.161434,-0.1599,-0.00306796,-0.00306796,-0.0153398,-0.0153398,0.745515,0.745515,
159148,-0.389631,-0.392699,-0.194656,-0.19635,1.91171,1.91017,-0.161434,-0.1599,-0.00306796,-0.00306796,-0.0153398,-0.0153398,0.745515,0.745515,
159168,-0.389631,-0.392699,-0.194656,-0.19635,1.91171,1.91017,-0.161434,-0.1599,-0.00306796,-0.00306796,-0.0153398,-0.0153398,0.745515,0.745515,
159188,-0.389631,-0.392699,-0.194656,-0.19635,1.91171,1.91017,-0.161434,-0.1599,-0.00306796,-0.00306796,-0.0153398,-0.0153398,0.745515,0.745515,
159208,-0.389631,-0.392699,-0.194656,-0.197884,1.91171,1.91017,-0.161434,-0.1599,-0.00306796,-0.00306796,-0.0153398,-0.0153398,0.745515,0.745515,
159228,-0.389631,-0.392699,-0.194656,-0.197884,1.91171,1.91017,-0.161434,-0.1599,-0.00306796,-0.00306796,-0.0153398,-0.0153398,0.745515,0.745515,
159248,-0.389631,-0.392699,-0.194656,-0.197884,1.91171,1.91017,-0.161434,-0.1599,-0.00306796,-0.00306796,-0.0153398,-0.0153398,0.745515,0.745515,
159268,-0.389631,-0.392699,-0.194656,-0.197884,1.91171,1.91017,-0.161434,-0.1599,-0.00306796,-0.00306796,-0.0153398,-0.0153398,0.745515,0.745515,
159288,-0.389631,-0.392699,-0.194656,-0.197884,1.91171,1.91017,-0.161434,-0.1599,-0.00306796,-0.00306796,-0.0153398,-0.0153398,0.745515,0.745515,
159308,-0.389631,-0.392699,-0.194656,-0.197884,1.91171,1.91017,-0.161434,-0.158366,-0.00306796,-0.00306796,-0.0153398,-0.0153398,0.745515,0.745515,
159328,-0.389631,-0.392699,-0.194656,-0.197884,1.91171,1.91017,-0.161434,-0.158366,-0.00306796,-0.00306796,-0.0153398,-0.0153398,0.745515,0.745515,
159348,-0.389631,-0.392699,-0.194656,-0.197884,1.91171,1.91017,-0.161434,-0.158366,-0.00306796,-0.00306796,-0.0153398,-0.0153398,0.745515,0.745515,
159368,-0.389631,-0.392699,-0.194656,-0.197884,1.91171,1.91017,-0.161434,-0.158366,-0.00306796,-0.00306796,-0.0153398,-0.0153398,0.745515,0.745515,
159388,-0.389631,-0.392699,-0.194656,-0.19635,1.91171,1.91171,-0.161434,-0.158366,-0.00306796,-0.00306796,-0.0153398,-0.0153398,0.745515,0.745515,
159408,-0.389631,-0.392699,-0.194656,-0.19635,1.91171,1.91171,-0.161434,-0.158366,-0.00306796,-0.00306796,-0.0153398,-0.0153398,0.745515,0.745515,
159428,-0.389631,-0.392699,-0.194656,-0.19635,1.91171,1.91171,-0.161434,-0.158366,-0.00306796,-0.00306796,-0.0153398,-0.0153398,0.745515,0.745515,
159448,-0.389631,-0.392699,-0.194656,-0.19635,1.91171,1.91171,-0.161434,-0.158366,-0.00306796,-0.00306796,-0.0153398,-0.0153398,0.745515,0.745515,
159468,-0.389631,-0.392699,-0.194656,-0.19635,1.91171,1.91171,-0.161434,-0.158366,-0.00306796,-0.00306796,-0.0153398,-0.0153398,0.745515,0.745515,
159488,-0.389631,-0.392699,-0.194656,-0.19635,1.91171,1.91171,-0.161434,-0.158366,-0.00306796,-0.00306796,-0.0153398,-0.0153398,0.745515,0.745515,
159508,-0.389631,-0.391165,-0.194656,-0.194816,1.91171,1.90864,-0.161434,-0.158366,-0.00306796,-0.00306796,-0.0153398,-0.0153398,0.745515,0.745515,
159528,-0.389631,-0.391165,-0.194656,-0.194816,1.91171,1.90864,-0.161434,-0.158366,-0.00306796,-0.00306796,-0.0153398,-0.0153398,0.745515,0.745515,
159548,-0.389631,-0.391165,-0.194656,-0.194816,1.91171,1.90864,-0.161434,-0.158366,-0.00306796,-0.00306796,-0.0153398,-0.0153398,0.745515,0.745515,
159568,-0.389631,-0.391165,-0.194656,-0.194816,1.91171,1.90864,-0.161434,-0.158366,-0.00306796,-0.00306796,-0.0153398,-0.0153398,0.745515,0.745515,
159588,-0.389631,-0.391165,-0.194656,-0.194816,1.91171,1.90864,-0.161434,-0.158366,-0.00306796,-0.00306796,-0.0153398,-0.0153398,0.745515,0.745515,
159608,-0.389631,-0.391165,-0.194656,-0.193282,1.91171,1.90864,-0.161434,-0.158366,-0.00306796,-0.00306796,-0.0153398,-0.0153398,0.745515,0.745515,
159628,-0.389631,-0.391165,-0.194656,-0.193282,1.91171,1.90864,-0.161434,-0.158366,-0.00306796,-0.00306796,-0.0153398,-0.0153398,0.745515,0.745515,
159648,-0.389631,-0.391165,-0.194656,-0.193282,1.91171,1.90864,-0.161434,-0.158366,-0.00306796,-0.00306796,-0.0153398,-0.0153398,0.745515,0.745515,
159668,-0.389631,-0.391165,-0.194656,-0.193282,1.91171,1.90864,-0.161434,-0.158366,-0.00306796,-0.00306796,-0.0153398,-0.0153398,0.745515,0.745515,
159688,-0.389631,-0.391165,-0.194656,-0.193282,1.91171,1.91017,-0.161434,-0.158366,-0.00306796,0.00306796,-0.0153398,-0.0138058,0.745515,0.745515,
159708,-0.389631,-0.391165,-0.194656,-0.193282,1.91171,1.91017,-0.161434,-0.158366,-0.00306796,0.00306796,-0.0153398,-0.0138058,0.745515,0.745515,
159728,-0.389631,-0.391165,-0.194656,-0.193282,1.91171,1.91017,-0.161434,-0.158366,-0.00306796,0.00306796,-0.0153398,-0.0138058,0.745515,0.745515,
159748,-0.389631,-0.391165,-0.194656,-0.193282,1.91171,1.91017,-0.161434,-0.158366,-0.00306796,0.00306796,-0.0153398,-0.0138058,0.745515,0.745515,
159768,-0.389631,-0.391165,-0.194656,-0.193282,1.91171,1.91017,-0.161434,-0.158366,-0.00306796,0.00306796,-0.0153398,-0.0138058,0.745515,0.745515,
159788,-0.389631,-0.391165,-0.194656,-0.193282,1.91171,1.90864,-0.161434,-0.158366,-0.00306796,0.00460194,-0.0153398,-0.0153398,0.745515,0.745515,
159808,-0.389631,-0.391165,-0.194656,-0.193282,1.91171,1.90864,-0.161434,-0.158366,-0.00306796,0.00460194,-0.0153398,-0.0153398,0.745515,0.745515,
159828,-0.389631,-0.391165,-0.194656,-0.193282,1.91171,1.90864,-0.161434,-0.158366,-0.00306796,0.00460194,-0.0153398,-0.0153398,0.745515,0.745515,
159848,-0.389631,-0.391165,-0.194656,-0.193282,1.91171,1.90864,-0.161434,-0.158366,-0.00306796,0.00460194,-0.0153398,-0.0153398,0.745515,0.745515,
159868,-0.389631,-0.391165,-0.194656,-0.193282,1.91171,1.90864,-0.161434,-0.158366,-0.00306796,0.00460194,-0.0153398,-0.0153398,0.745515,0.745515,
159888,-0.389631,-0.391165,-0.194656,-0.193282,1.91171,1.90864,-0.161434,-0.158366,-0.00306796,0.00460194,-0.0153398,-0.0153398,0.745515,0.745515,
159908,-0.389631,-0.389631,-0.194656,-0.193282,1.91171,1.9071,-0.161434,-0.1599,-0.00306796,0.00460194,-0.0153398,-0.0153398,0.745515,0.745515,
159928,-0.389631,-0.389631,-0.194656,-0.193282,1.91171,1.9071,-0.161434,-0.1599,-0.00306796,0.00460194,-0.0153398,-0.0153398,0.745515,0.745515,
159948,-0.389631,-0.389631,-0.194656,-0.193282,1.91171,1.9071,-0.161434,-0.1599,-0.00306796,0.00460194,-0.0153398,-0.0153398,0.745515,0.745515,
159968,-0.389631,-0.389631,-0.194656,-0.193282,1.91171,1.9071,-0.161434,-0.1599,-0.00306796,0.00460194,-0.0153398,-0.0153398,0.745515,0.745515,
159988,-0.389631,-0.389631,-0.194656,-0.193282,1.91171,1.9071,-0.161434,-0.1599,-0.00306796,0.00460194,-0.0153398,-0.0153398,0.745515,0.745515,
160008,-0.389631,-0.389631,-0.194656,-0.193282,1.91171,1.91017,-0.161434,-0.1599,-0.00306796,0.00460194,-0.0153398,-0.0153398,0.745515,0.747049,
160028,-0.389631,-0.389631,-0.194656,-0.193282,1.91171,1.91017,-0.161434,-0.1599,-0.00306796,0.00460194,-0.0153398,-0.0153398,0.745515,0.747049,
160048,-0.389631,-0.389631,-0.194656,-0.193282,1.91171,1.91017,-0.161434,-0.1599,-0.00306796,0.00460194,-0.0153398,-0.0153398,0.745515,0.747049,
160068,-0.389631,-0.389631,-0.194656,-0.193282,1.91171,1.91017,-0.161434,-0.1599,-0.00306796,0.00460194,-0.0153398,-0.0153398,0.745515,0.747049,
160088,-0.389631,-0.389631,-0.194656,-0.193282,1.91171,1.91017,-0.161434,-0.1599,-0.00306796,0.00460194,-0.0153398,-0.0153398,0.745515,0.747049,
160108,-0.389631,-0.389631,-0.194656,-0.193282,1.91171,1.90864,-0.161434,-0.158366,-0.00306796,0.00460194,-0.0153398,-0.0153398,0.745515,0.745515,
160128,-0.389631,-0.389631,-0.194656,-0.193282,1.91171,1.90864,-0.161434,-0.158366,-0.00306796,0.00460194,-0.0153398,-0.0153398,0.745515,0.745515,
160148,-0.389631,-0.389631,-0.194656,-0.193282,1.91171,1.90864,-0.161434,-0.158366,-0.00306796,0.00460194,-0.0153398,-0.0153398,0.745515,0.745515,
160169,-0.389631,-0.389631,-0.194656,-0.193282,1.91171,1.90864,-0.161434,-0.158366,-0.00306796,0.00460194,-0.0153398,-0.0153398,0.745515,0.745515,
160188,-0.389631,-0.389631,-0.194656,-0.193282,1.91171,1.90864,-0.161434,-0.158366,-0.00306796,0.00460194,-0.0153398,-0.0153398,0.745515,0.745515,
160208,-0.389631,-0.389631,-0.194656,-0.193282,1.91171,1.90864,-0.161434,-0.1599,-0.00306796,0.00460194,-0.0153398,-0.0153398,0.745515,0.745515,
160228,-0.389631,-0.389631,-0.194656,-0.193282,1.91171,1.90864,-0.161434,-0.1599,-0.00306796,0.00460194,-0.0153398,-0.0153398,0.745515,0.745515,
160248,-0.389631,-0.389631,-0.194656,-0.193282,1.91171,1.90864,-0.161434,-0.1599,-0.00306796,0.00460194,-0.0153398,-0.0153398,0.745515,0.745515,
160268,-0.389631,-0.389631,-0.194656,-0.193282,1.91171,1.90864,-0.161434,-0.1599,-0.00306796,0.00460194,-0.0153398,-0.0153398,0.745515,0.745515,
160288,-0.389631,-0.389631,-0.194656,-0.193282,1.91171,1.90864,-0.161434,-0.1599,-0.00306796,0.00460194,-0.0153398,-0.0153398,0.745515,0.745515,
160308,-0.389631,-0.391165,-0.194656,-0.193282,1.91171,1.91017,-0.161434,-0.158366,-0.00306796,0.00460194,-0.0153398,-0.0153398,0.745515,0.745515,
160328,-0.389631,-0.391165,-0.194656,-0.193282,1.91171,1.91017,-0.161434,-0.158366,-0.00306796,0.00460194,-0.0153398,-0.0153398,0.745515,0.745515,
160348,-0.389631,-0.391165,-0.194656,-0.193282,1.91171,1.91017,-0.161434,-0.158366,-0.00306796,0.00460194,-0.0153398,-0.0153398,0.745515,0.745515,
160368,-0.389631,-0.391165,-0.194656,-0.193282,1.91171,1.91017,-0.161434,-0.158366,-0.00306796,0.00460194,-0.0153398,-0.0153398,0.745515,0.745515,
160388,-0.389631,-0.391165,-0.194656,-0.193282,1.91171,1.91017,-0.161434,-0.158366,-0.00306796,0.00460194,-0.0153398,-0.0153398,0.745515,0.745515,
160408,-0.389631,-0.389631,-0.194656,-0.191748,1.91171,1.91017,-0.161434,-0.1599,-0.00306796,0.00460194,-0.0153398,-0.0153398,0.745515,0.745515,
160428,-0.389631,-0.389631,-0.194656,-0.191748,1.91171,1.91017,-0.161434,-0.1599,-0.00306796,0.00460194,-0.0153398,-0.0153398,0.745515,0.745515,
160448,-0.389631,-0.389631,-0.194656,-0.191748,1.91171,1.91017,-0.161434,-0.1599,-0.00306796,0.00460194,-0.0153398,-0.0153398,0.745515,0.745515,
160468,-0.389631,-0.389631,-0.194656,-0.191748,1.91171,1.91017,-0.161434,-0.1599,-0.00306796,0.00460194,-0.0153398,-0.0153398,0.745515,0.745515,
160488,-0.389631,-0.391165,-0.194656,-0.193282,1.91171,1.91171,-0.161434,-0.158366,-0.00306796,0.00460194,-0.0153398,-0.0153398,0.745515,0.745515,
160508,-0.389631,-0.391165,-0.194656,-0.193282,1.91171,1.91171,-0.161434,-0.158366,-0.00306796,0.00460194,-0.0153398,-0.0153398,0.745515,0.745515,
160528,-0.389631,-0.391165,-0.194656,-0.193282,1.91171,1.91171,-0.161434,-0.158366,-0.00306796,0.00460194,-0.0153398,-0.0153398,0.745515,0.745515,
160548,-0.389631,-0.391165,-0.194656,-0.193282,1.91171,1.91171,-0.161434,-0.158366,-0.00306796,0.00460194,-0.0153398,-0.0153398,0.745515,0.745515,
160568,-0.389631,-0.391165,-0.194656,-0.193282,1.91171,1.91171,-0.161434,-0.158366,-0.00306796,0.00460194,-0.0153398,-0.0153398,0.745515,0.745515,
160588,-0.389631,-0.391165,-0.194656,-0.193282,1.91171,1.91171,-0.161434,-0.158366,-0.00306796,0.00460194,-0.0153398,-0.0153398,0.745515,0.745515,
160608,-0.389631,-0.389631,-0.194656,-0.193282,1.91171,1.91171,-0.161434,-0.158366,-0.00306796,0.00460194,-0.0153398,-0.0153398,0.745515,0.745515,
160628,-0.389631,-0.389631,-0.194656,-0.193282,1.91171,1.91171,-0.161434,-0.158366,-0.00306796,0.00460194,-0.0153398,-0.0153398,0.745515,0.745515,
160648,-0.389631,-0.389631,-0.194656,-0.193282,1.91171,1.91171,-0.161434,-0.158366,-0.00306796,0.00460194,-0.0153398,-0.0153398,0.745515,0.745515,
160668,-0.389631,-0.389631,-0.194656,-0.193282,1.91171,1.91171,-0.161434,-0.158366,-0.00306796,0.00460194,-0.0153398,-0.0153398,0.745515,0.745515,
160688,-0.389631,-0.389631,-0.194656,-0.193282,1.91171,1.91171,-0.161434,-0.158366,-0.00306796,0.00460194,-0.0153398,-0.0153398,0.745515,0.745515,
160708,-0.389631,-0.391165,-0.194656,-0.193282,1.91171,1.91017,-0.161434,-0.158366,-0.00306796,0.00460194,-0.0153398,-0.0153398,0.745515,0.745515,
160728,-0.389631,-0.391165,-0.194656,-0.193282,1.91171,1.91017,-0.161434,-0.158366,-0.00306796,0.00460194,-0.0153398,-0.0153398,0.745515,0.745515,
160748,-0.389631,-0.391165,-0.194656,-0.193282,1.91171,1.91017,-0.161434,-0.158366,-0.00306796,0.00460194,-0.0153398,-0.0153398,0.745515,0.745515,
160769,-0.389631,-0.391165,-0.194656,-0.193282,1.91171,1.91017,-0.161434,-0.158366,-0.00306796,0.00460194,-0.0153398,-0.0153398,0.745515,0.745515,
160788,-0.389631,-0.391165,-0.194656,-0.193282,1.91171,1.91017,-0.161434,-0.158366,-0.00306796,0.00460194,-0.0153398,-0.0153398,0.745515,0.745515,
160808,-0.389631,-0.389631,-0.194656,-0.193282,1.91171,1.91017,-0.161434,-0.158366,-0.00306796,0.00460194,-0.0153398,-0.0153398,0.745515,0.745515,
160828,-0.389631,-0.389631,-0.194656,-0.193282,1.91171,1.91017,-0.161434,-0.158366,-0.00306796,0.00460194,-0.0153398,-0.0153398,0.745515,0.745515,
160848,-0.389631,-0.389631,-0.194656,-0.193282,1.91171,1.91017,-0.161434,-0.158366,-0.00306796,0.00460194,-0.0153398,-0.0153398,0.745515,0.745515,
160868,-0.389631,-0.389631,-0.194656,-0.193282,1.91171,1.91017,-0.161434,-0.158366,-0.00306796,0.00460194,-0.0153398,-0.0153398,0.745515,0.745515,
160888,-0.389631,-0.389631,-0.194656,-0.191748,1.91171,1.91017,-0.161434,-0.158366,-0.00306796,0.00460194,-0.0153398,-0.0153398,0.745515,0.745515,
160908,-0.389631,-0.389631,-0.194656,-0.191748,1.91171,1.91017,-0.161434,-0.158366,-0.00306796,0.00460194,-0.0153398,-0.0153398,0.745515,0.745515,
160928,-0.389631,-0.389631,-0.194656,-0.191748,1.91171,1.91017,-0.161434,-0.158366,-0.00306796,0.00460194,-0.0153398,-0.0153398,0.745515,0.745515,
160948,-0.389631,-0.389631,-0.194656,-0.191748,1.91171,1.91017,-0.161434,-0.158366,-0.00306796,0.00460194,-0.0153398,-0.0153398,0.745515,0.745515,
160968,-0.389631,-0.389631,-0.194656,-0.191748,1.91171,1.91017,-0.161434,-0.158366,-0.00306796,0.00460194,-0.0153398,-0.0153398,0.745515,0.745515,
160988,-0.389631,-0.389631,-0.194656,-0.191748,1.91171,1.91017,-0.161434,-0.158366,-0.00306796,0.00460194,-0.0153398,-0.0153398,0.745515,0.745515,
161008,-0.389631,-0.389631,-0.194656,-0.193282,1.91171,1.91171,-0.161434,-0.158366,-0.00306796,0.00460194,-0.0153398,-0.0153398,0.745515,0.745515,
161028,-0.389631,-0.389631,-0.194656,-0.193282,1.91171,1.91171,-0.161434,-0.158366,-0.00306796,0.00460194,-0.0153398,-0.0153398,0.745515,0.745515,
161048,-0.389631,-0.389631,-0.194656,-0.193282,1.91171,1.91171,-0.161434,-0.158366,-0.00306796,0.00460194,-0.0153398,-0.0153398,0.745515,0.745515,
161068,-0.389631,-0.389631,-0.194656,-0.193282,1.91171,1.91171,-0.161434,-0.158366,-0.00306796,0.00460194,-0.0153398,-0.0153398,0.745515,0.745515,
161088,-0.389631,-0.389631,-0.194656,-0.193282,1.91171,1.91171,-0.161434,-0.158366,-0.00306796,0.00460194,-0.0153398,-0.0153398,0.745515,0.745515,
161108,-0.389631,-0.391165,-0.194656,-0.193282,1.91171,1.91017,-0.161434,-0.1599,-0.00306796,0.00460194,-0.0153398,-0.0153398,0.745515,0.745515,
161128,-0.389631,-0.391165,-0.194656,-0.193282,1.91171,1.91017,-0.161434,-0.1599,-0.00306796,0.00460194,-0.0153398,-0.0153398,0.745515,0.745515,
161148,-0.389631,-0.391165,-0.194656,-0.193282,1.91171,1.91017,-0.161434,-0.1599,-0.00306796,0.00460194,-0.0153398,-0.0153398,0.745515,0.745515,
161168,-0.389631,-0.391165,-0.194656,-0.193282,1.91171,1.91017,-0.161434,-0.1599,-0.00306796,0.00460194,-0.0153398,-0.0153398,0.745515,0.745515,
161188,-0.389631,-0.391165,-0.194656,-0.193282,1.91171,1.91017,-0.161434,-0.1599,-0.00306796,0.00460194,-0.0153398,-0.0153398,0.745515,0.745515,
161208,-0.389631,-0.389631,-0.194656,-0.193282,1.91171,1.91017,-0.161434,-0.1599,-0.00306796,0.00460194,-0.0153398,-0.0153398,0.745515,0.745515,
161228,-0.389631,-0.389631,-0.194656,-0.193282,1.91171,1.91017,-0.161434,-0.1599,-0.00306796,0.00460194,-0.0153398,-0.0153398,0.745515,0.745515,
161248,-0.389631,-0.389631,-0.194656,-0.193282,1.91171,1.91017,-0.161434,-0.1599,-0.00306796,0.00460194,-0.0153398,-0.0153398,0.745515,0.745515,
161268,-0.389631,-0.389631,-0.194656,-0.193282,1.91171,1.91017,-0.161434,-0.1599,-0.00306796,0.00460194,-0.0153398,-0.0153398,0.745515,0.745515,
161288,-0.389631,-0.389631,-0.194656,-0.193282,1.91171,1.91017,-0.161434,-0.1599,-0.00306796,0.00460194,-0.0153398,-0.0153398,0.745515,0.745515,
161308,-0.389631,-0.389631,-0.194656,-0.191748,1.91171,1.90864,-0.161434,-0.158366,-0.00306796,0.00460194,-0.0153398,-0.0153398,0.745515,0.745515,
161329,-0.389631,-0.389631,-0.194656,-0.191748,1.91171,1.90864,-0.161434,-0.158366,-0.00306796,0.00460194,-0.0153398,-0.0153398,0.745515,0.745515,
161348,-0.389631,-0.389631,-0.194656,-0.191748,1.91171,1.90864,-0.161434,-0.158366,-0.00306796,0.00460194,-0.0153398,-0.0153398,0.745515,0.745515,
161368,-0.389631,-0.389631,-0.194656,-0.191748,1.91171,1.90864,-0.161434,-0.158366,-0.00306796,0.00460194,-0.0153398,-0.0153398,0.745515,0.745515,
161388,-0.389631,-0.389631,-0.194656,-0.191748,1.91171,1.90864,-0.161434,-0.158366,-0.00306796,0.00460194,-0.0153398,-0.0153398,0.745515,0.745515,
161408,-0.389631,-0.389631,-0.194656,-0.193282,1.91171,1.91017,-0.161434,-0.158366,-0.00306796,0.00460194,-0.0153398,-0.0153398,0.745515,0.745515,
161428,-0.389631,-0.389631,-0.194656,-0.193282,1.91171,1.91017,-0.161434,-0.158366,-0.00306796,0.00460194,-0.0153398,-0.0153398,0.745515,0.745515,
161448,-0.389631,-0.389631,-0.194656,-0.193282,1.91171,1.91017,-0.161434,-0.158366,-0.00306796,0.00460194,-0.0153398,-0.0153398,0.745515,0.745515,
161468,-0.389631,-0.389631,-0.194656,-0.193282,1.91171,1.91017,-0.161434,-0.158366,-0.00306796,0.00460194,-0.0153398,-0.0153398,0.745515,0.745515,
161488,-0.389631,-0.389631,-0.194656,-0.193282,1.91171,1.91017,-0.161434,-0.158366,-0.00306796,0.00460194,-0.0153398,-0.0153398,0.745515,0.745515,
161508,-0.389631,-0.391165,-0.194656,-0.193282,1.91171,1.91017,-0.161434,-0.1599,-0.00306796,0.00460194,-0.0153398,-0.0153398,0.745515,0.747049,
161528,-0.389631,-0.391165,-0.194656,-0.193282,1.91171,1.91017,-0.161434,-0.1599,-0.00306796,0.00460194,-0.0153398,-0.0153398,0.745515,0.747049,
161548,-0.389631,-0.391165,-0.194656,-0.193282,1.91171,1.91017,-0.161434,-0.1599,-0.00306796,0.00460194,-0.0153398,-0.0153398,0.745515,0.747049,
161568,-0.389631,-0.391165,-0.194656,-0.193282,1.91171,1.91017,-0.161434,-0.1599,-0.00306796,0.00460194,-0.0153398,-0.0153398,0.745515,0.747049,
161588,-0.389631,-0.391165,-0.194656,-0.193282,1.91171,1.91017,-0.161434,-0.1599,-0.00306796,0.00460194,-0.0153398,-0.0153398,0.745515,0.747049,
161608,-0.389631,-0.389631,-0.194656,-0.193282,1.91171,1.91017,-0.161434,-0.158366,-0.00306796,0.00460194,-0.0153398,-0.0153398,0.745515,0.745515,
161628,-0.389631,-0.389631,-0.194656,-0.193282,1.91171,1.91017,-0.161434,-0.158366,-0.00306796,0.00460194,-0.0153398,-0.0153398,0.745515,0.745515,
161648,-0.389631,-0.389631,-0.194656,-0.193282,1.91171,1.91017,-0.161434,-0.158366,-0.00306796,0.00460194,-0.0153398,-0.0153398,0.745515,0.745515,
161668,-0.389631,-0.389631,-0.194656,-0.193282,1.91171,1.91017,-0.161434,-0.158366,-0.00306796,0.00460194,-0.0153398,-0.0153398,0.745515,0.745515,
161688,-0.389631,-0.391165,-0.194656,-0.193282,1.91171,1.90864,-0.161434,-0.158366,-0.00306796,0.00460194,-0.0153398,-0.0153398,0.745515,0.745515,
161708,-0.389631,-0.391165,-0.194656,-0.193282,1.91171,1.90864,-0.161434,-0.158366,-0.00306796,0.00460194,-0.0153398,-0.0153398,0.745515,0.745515,
161728,-0.389631,-0.391165,-0.194656,-0.193282,1.91171,1.90864,-0.161434,-0.158366,-0.00306796,0.00460194,-0.0153398,-0.0153398,0.745515,0.745515,
161748,-0.389631,-0.391165,-0.194656,-0.193282,1.91171,1.90864,-0.161434,-0.158366,-0.00306796,0.00460194,-0.0153398,-0.0153398,0.745515,0.745515,
161769,-0.389631,-0.391165,-0.194656,-0.193282,1.91171,1.90864,-0.161434,-0.158366,-0.00306796,0.00460194,-0.0153398,-0.0153398,0.745515,0.745515,
161789,-0.389631,-0.391165,-0.194656,-0.193282,1.91171,1.90864,-0.161434,-0.158366,-0.00306796,0.00460194,-0.0153398,-0.0153398,0.745515,0.745515,
161808,-0.389631,-0.389631,-0.194656,-0.193282,1.91171,1.90864,-0.161434,-0.158366,-0.00306796,0.00460194,-0.0153398,-0.0153398,0.745515,0.745515,
161828,-0.389631,-0.389631,-0.194656,-0.193282,1.91171,1.90864,-0.161434,-0.158366,-0.00306796,0.00460194,-0.0153398,-0.0153398,0.745515,0.745515,
161848,-0.389631,-0.389631,-0.194656,-0.193282,1.91171,1.90864,-0.161434,-0.158366,-0.00306796,0.00460194,-0.0153398,-0.0153398,0.745515,0.745515,
161868,-0.389631,-0.389631,-0.194656,-0.193282,1.91171,1.90864,-0.161434,-0.158366,-0.00306796,0.00460194,-0.0153398,-0.0153398,0.745515,0.745515,
161888,-0.389631,-0.389631,-0.194656,-0.193282,1.91171,1.90864,-0.161434,-0.158366,-0.00306796,0.00460194,-0.0153398,-0.0153398,0.745515,0.745515,
161909,-0.389631,-0.389631,-0.194656,-0.193282,1.91171,1.90864,-0.161434,-0.1599,-0.00306796,0.00460194,-0.0153398,-0.0153398,0.745515,0.745515,
161928,-0.389631,-0.389631,-0.194656,-0.193282,1.91171,1.90864,-0.161434,-0.1599,-0.00306796,0.00460194,-0.0153398,-0.0153398,0.745515,0.745515,
161948,-0.389631,-0.389631,-0.194656,-0.193282,1.91171,1.90864,-0.161434,-0.1599,-0.00306796,0.00460194,-0.0153398,-0.0153398,0.745515,0.745515,
161968,-0.389631,-0.389631,-0.194656,-0.193282,1.91171,1.90864,-0.161434,-0.1599,-0.00306796,0.00460194,-0.0153398,-0.0153398,0.745515,0.745515,
161989,-0.389631,-0.389631,-0.194656,-0.193282,1.91171,1.90864,-0.161434,-0.1599,-0.00306796,0.00460194,-0.0153398,-0.0153398,0.745515,0.745515,
162008,-0.389631,-0.389631,-0.194656,-0.193282,1.91171,1.90864,-0.161434,-0.158366,-0.00306796,0.00460194,-0.0153398,-0.0153398,0.745515,0.745515,
162028,-0.389631,-0.389631,-0.194656,-0.193282,1.91171,1.90864,-0.161434,-0.158366,-0.00306796,0.00460194,-0.0153398,-0.0153398,0.745515,0.745515,
162048,-0.389631,-0.389631,-0.194656,-0.193282,1.91171,1.90864,-0.161434,-0.158366,-0.00306796,0.00460194,-0.0153398,-0.0153398,0.745515,0.745515,
162068,-0.389631,-0.389631,-0.194656,-0.193282,1.91171,1.90864,-0.161434,-0.158366,-0.00306796,0.00460194,-0.0153398,-0.0153398,0.745515,0.745515,
162088,-0.389631,-0.391165,-0.194656,-0.193282,1.91171,1.90864,-0.161434,-0.1599,-0.00306796,0.00460194,-0.0153398,-0.0153398,0.745515,0.745515,
162108,-0.389631,-0.391165,-0.194656,-0.193282,1.91171,1.90864,-0.161434,-0.1599,-0.00306796,0.00460194,-0.0153398,-0.0153398,0.745515,0.745515,
162128,-0.389631,-0.391165,-0.194656,-0.193282,1.91171,1.90864,-0.161434,-0.1599,-0.00306796,0.00460194,-0.0153398,-0.0153398,0.745515,0.745515,
162148,-0.389631,-0.391165,-0.194656,-0.193282,1.91171,1.90864,-0.161434,-0.1599,-0.00306796,0.00460194,-0.0153398,-0.0153398,0.745515,0.745515,
162168,-0.389631,-0.391165,-0.194656,-0.193282,1.91171,1.90864,-0.161434,-0.1599,-0.00306796,0.00460194,-0.0153398,-0.0153398,0.745515,0.745515,
162188,-0.389631,-0.389631,-0.194656,-0.193282,1.91171,1.91017,-0.161434,-0.158366,-0.00306796,0.00460194,-0.0153398,-0.0153398,0.745515,0.745515,
162208,-0.389631,-0.389631,-0.194656,-0.193282,1.91171,1.91017,-0.161434,-0.158366,-0.00306796,0.00460194,-0.0153398,-0.0153398,0.745515,0.745515,
162228,-0.389631,-0.389631,-0.194656,-0.193282,1.91171,1.91017,-0.161434,-0.158366,-0.00306796,0.00460194,-0.0153398,-0.0153398,0.745515,0.745515,
162248,-0.389631,-0.389631,-0.194656,-0.193282,1.91171,1.91017,-0.161434,-0.158366,-0.00306796,0.00460194,-0.0153398,-0.0153398,0.745515,0.745515,
162268,-0.389631,-0.389631,-0.194656,-0.193282,1.91171,1.91017,-0.161434,-0.158366,-0.00306796,0.00460194,-0.0153398,-0.0153398,0.745515,0.745515,
162289,-0.389631,-0.389631,-0.194656,-0.193282,1.91171,1.91017,-0.161434,-0.158366,-0.00306796,0.00460194,-0.0153398,-0.0153398,0.745515,0.745515,
162308,-0.389631,-0.391165,-0.194656,-0.193282,1.91171,1.90864,-0.161434,-0.1599,-0.00306796,0.00460194,-0.0153398,-0.0153398,0.745515,0.745515,
162328,-0.389631,-0.391165,-0.194656,-0.193282,1.91171,1.90864,-0.161434,-0.1599,-0.00306796,0.00460194,-0.0153398,-0.0153398,0.745515,0.745515,
162348,-0.389631,-0.391165,-0.194656,-0.193282,1.91171,1.90864,-0.161434,-0.1599,-0.00306796,0.00460194,-0.0153398,-0.0153398,0.745515,0.745515,
162368,-0.389631,-0.391165,-0.194656,-0.193282,1.91171,1.90864,-0.161434,-0.1599,-0.00306796,0.00460194,-0.0153398,-0.0153398,0.745515,0.745515,
162388,-0.389631,-0.391165,-0.194656,-0.193282,1.91171,1.90864,-0.161434,-0.1599,-0.00306796,0.00460194,-0.0153398,-0.0153398,0.745515,0.745515,
162408,-0.389631,-0.391165,-0.194656,-0.193282,1.91171,1.90864,-0.161434,-0.158366,-0.00306796,0.00460194,-0.0153398,-0.0153398,0.745515,0.745515,
162428,-0.389631,-0.391165,-0.194656,-0.193282,1.91171,1.90864,-0.161434,-0.158366,-0.00306796,0.00460194,-0.0153398,-0.0153398,0.745515,0.745515,
162448,-0.389631,-0.391165,-0.194656,-0.193282,1.91171,1.90864,-0.161434,-0.158366,-0.00306796,0.00460194,-0.0153398,-0.0153398,0.745515,0.745515,
162468,-0.389631,-0.391165,-0.194656,-0.193282,1.91171,1.90864,-0.161434,-0.158366,-0.00306796,0.00460194,-0.0153398,-0.0153398,0.745515,0.745515,
162488,-0.389631,-0.389631,-0.194656,-0.193282,1.91171,1.9071,-0.161434,-0.1599,-0.00306796,0.00460194,-0.0153398,-0.0153398,0.745515,0.745515,
162508,-0.389631,-0.389631,-0.194656,-0.193282,1.91171,1.9071,-0.161434,-0.1599,-0.00306796,0.00460194,-0.0153398,-0.0153398,0.745515,0.745515,
162528,-0.389631,-0.389631,-0.194656,-0.193282,1.91171,1.9071,-0.161434,-0.1599,-0.00306796,0.00460194,-0.0153398,-0.0153398,0.745515,0.745515,
162549,-0.389631,-0.389631,-0.194656,-0.193282,1.91171,1.9071,-0.161434,-0.1599,-0.00306796,0.00460194,-0.0153398,-0.0153398,0.745515,0.745515,
162568,-0.389631,-0.389631,-0.194656,-0.193282,1.91171,1.9071,-0.161434,-0.1599,-0.00306796,0.00460194,-0.0153398,-0.0153398,0.745515,0.745515,
162589,-0.389631,-0.389631,-0.194656,-0.193282,1.91171,1.9071,-0.161434,-0.1599,-0.00306796,0.00460194,-0.0153398,-0.0153398,0.745515,0.745515,
162608,-0.389631,-0.389631,-0.194656,-0.193282,1.91171,1.90864,-0.161434,-0.158366,-0.00306796,0.00460194,-0.0153398,-0.0153398,0.745515,0.745515,
162628,-0.389631,-0.389631,-0.194656,-0.193282,1.91171,1.90864,-0.161434,-0.158366,-0.00306796,0.00460194,-0.0153398,-0.0153398,0.745515,0.745515,
162648,-0.389631,-0.389631,-0.194656,-0.193282,1.91171,1.90864,-0.161434,-0.158366,-0.00306796,0.00460194,-0.0153398,-0.0153398,0.745515,0.745515,
162668,-0.389631,-0.389631,-0.194656,-0.193282,1.91171,1.90864,-0.161434,-0.158366,-0.00306796,0.00460194,-0.0153398,-0.0153398,0.745515,0.745515,
162688,-0.389631,-0.389631,-0.194656,-0.193282,1.91171,1.90864,-0.161434,-0.158366,-0.00306796,0.00460194,-0.0153398,-0.0153398,0.745515,0.745515,
162708,-0.389631,-0.389631,-0.194656,-0.193282,1.91171,1.91017,-0.161434,-0.1599,-0.00306796,0.00460194,-0.0153398,-0.0153398,0.745515,0.745515,
162728,-0.389631,-0.389631,-0.194656,-0.193282,1.91171,1.91017,-0.161434,-0.1599,-0.00306796,0.00460194,-0.0153398,-0.0153398,0.745515,0.745515,
162749,-0.389631,-0.389631,-0.194656,-0.193282,1.91171,1.91017,-0.161434,-0.1599,-0.00306796,0.00460194,-0.0153398,-0.0153398,0.745515,0.745515,
162768,-0.389631,-0.389631,-0.194656,-0.193282,1.91171,1.91017,-0.161434,-0.1599,-0.00306796,0.00460194,-0.0153398,-0.0153398,0.745515,0.745515,
162788,-0.389631,-0.389631,-0.194656,-0.193282,1.91171,1.91017,-0.161434,-0.1599,-0.00306796,0.00460194,-0.0153398,-0.0153398,0.745515,0.745515,
162808,-0.389631,-0.391165,-0.194656,-0.193282,1.91171,1.91017,-0.161434,-0.1599,-0.00306796,0.00460194,-0.0153398,-0.0153398,0.745515,0.745515,
162828,-0.389631,-0.391165,-0.194656,-0.193282,1.91171,1.91017,-0.161434,-0.1599,-0.00306796,0.00460194,-0.0153398,-0.0153398,0.745515,0.745515,
162848,-0.389631,-0.391165,-0.194656,-0.193282,1.91171,1.91017,-0.161434,-0.1599,-0.00306796,0.00460194,-0.0153398,-0.0153398,0.745515,0.745515,
162868,-0.389631,-0.391165,-0.194656,-0.193282,1.91171,1.91017,-0.161434,-0.1599,-0.00306796,0.00460194,-0.0153398,-0.0153398,0.745515,0.745515,
162888,-0.389631,-0.389631,-0.194656,-0.193282,1.91171,1.91017,-0.161434,-0.158366,-0.00306796,0.00460194,-0.0153398,-0.0153398,0.745515,0.745515,
162908,-0.389631,-0.389631,-0.194656,-0.193282,1.91171,1.91017,-0.161434,-0.158366,-0.00306796,0.00460194,-0.0153398,-0.0153398,0.745515,0.745515,
162928,-0.389631,-0.389631,-0.194656,-0.193282,1.91171,1.91017,-0.161434,-0.158366,-0.00306796,0.00460194,-0.0153398,-0.0153398,0.745515,0.745515,
162949,-0.389631,-0.389631,-0.194656,-0.193282,1.91171,1.91017,-0.161434,-0.158366,-0.00306796,0.00460194,-0.0153398,-0.0153398,0.745515,0.745515,
162968,-0.389631,-0.389631,-0.194656,-0.193282,1.91171,1.91017,-0.161434,-0.158366,-0.00306796,0.00460194,-0.0153398,-0.0153398,0.745515,0.745515,
162988,-0.389631,-0.389631,-0.194656,-0.193282,1.91171,1.90864,-0.161434,-0.158366,-0.00306796,0.00460194,-0.0153398,-0.0153398,0.745515,0.745515,
163008,-0.389631,-0.389631,-0.194656,-0.193282,1.91171,1.90864,-0.161434,-0.158366,-0.00306796,0.00460194,-0.0153398,-0.0153398,0.745515,0.745515,
163028,-0.389631,-0.389631,-0.194656,-0.193282,1.91171,1.90864,-0.161434,-0.158366,-0.00306796,0.00460194,-0.0153398,-0.0153398,0.745515,0.745515,
163048,-0.389631,-0.389631,-0.194656,-0.193282,1.91171,1.90864,-0.161434,-0.158366,-0.00306796,0.00460194,-0.0153398,-0.0153398,0.745515,0.745515,
163068,-0.389631,-0.389631,-0.194656,-0.193282,1.91171,1.90864,-0.161434,-0.158366,-0.00306796,0.00460194,-0.0153398,-0.0153398,0.745515,0.745515,
163089,-0.389631,-0.389631,-0.194656,-0.193282,1.91171,1.90864,-0.161434,-0.158366,-0.00306796,0.00460194,-0.0153398,-0.0153398,0.745515,0.745515,
163108,-0.389631,-0.391165,-0.194656,-0.193282,1.91171,1.90864,-0.161434,-0.158366,-0.00306796,0.00460194,-0.0153398,-0.0153398,0.745515,0.745515,
163128,-0.389631,-0.391165,-0.194656,-0.193282,1.91171,1.90864,-0.161434,-0.158366,-0.00306796,0.00460194,-0.0153398,-0.0153398,0.745515,0.745515,
163148,-0.389631,-0.391165,-0.194656,-0.193282,1.91171,1.90864,-0.161434,-0.158366,-0.00306796,0.00460194,-0.0153398,-0.0153398,0.745515,0.745515,
163168,-0.389631,-0.391165,-0.194656,-0.193282,1.91171,1.90864,-0.161434,-0.158366,-0.00306796,0.00460194,-0.0153398,-0.0153398,0.745515,0.745515,
163188,-0.389631,-0.391165,-0.194656,-0.193282,1.91171,1.90864,-0.161434,-0.158366,-0.00306796,0.00460194,-0.0153398,-0.0153398,0.745515,0.745515,
163208,-0.389631,-0.389631,-0.194656,-0.193282,1.91171,1.91017,-0.161434,-0.158366,-0.00306796,0.00460194,-0.0153398,-0.0153398,0.745515,0.745515,
163228,-0.389631,-0.389631,-0.194656,-0.193282,1.91171,1.91017,-0.161434,-0.158366,-0.00306796,0.00460194,-0.0153398,-0.0153398,0.745515,0.745515,
163248,-0.389631,-0.389631,-0.194656,-0.193282,1.91171,1.91017,-0.161434,-0.158366,-0.00306796,0.00460194,-0.0153398,-0.0153398,0.745515,0.745515,
163269,-0.389631,-0.389631,-0.194656,-0.193282,1.91171,1.91017,-0.161434,-0.158366,-0.00306796,0.00460194,-0.0153398,-0.0153398,0.745515,0.745515,
163288,-0.389631,-0.389631,-0.194656,-0.193282,1.91171,1.91017,-0.161434,-0.158366,-0.00306796,0.00460194,-0.0153398,-0.0153398,0.745515,0.745515,
163308,-0.389631,-0.389631,-0.194656,-0.193282,1.91171,1.91017,-0.161434,-0.158366,-0.00306796,0.00460194,-0.0153398,-0.0153398,0.745515,0.745515,
163328,-0.389631,-0.389631,-0.194656,-0.193282,1.91171,1.91017,-0.161434,-0.158366,-0.00306796,0.00460194,-0.0153398,-0.0153398,0.745515,0.745515,
163348,-0.389631,-0.389631,-0.194656,-0.193282,1.91171,1.91017,-0.161434,-0.158366,-0.00306796,0.00460194,-0.0153398,-0.0153398,0.745515,0.745515,
163368,-0.389631,-0.389631,-0.194656,-0.193282,1.91171,1.91017,-0.161434,-0.158366,-0.00306796,0.00460194,-0.0153398,-0.0153398,0.745515,0.745515,
163388,-0.389631,-0.389631,-0.194656,-0.193282,1.91171,1.91017,-0.161434,-0.158366,-0.00306796,0.00460194,-0.0153398,-0.0153398,0.745515,0.745515,
163408,-0.389631,-0.389631,-0.194656,-0.193282,1.91171,1.91017,-0.161434,-0.158366,-0.00306796,0.00460194,-0.0153398,-0.0153398,0.745515,0.745515,
163428,-0.389631,-0.389631,-0.194656,-0.193282,1.91171,1.91017,-0.161434,-0.158366,-0.00306796,0.00460194,-0.0153398,-0.0153398,0.745515,0.745515,
163448,-0.389631,-0.389631,-0.194656,-0.193282,1.91171,1.91017,-0.161434,-0.158366,-0.00306796,0.00460194,-0.0153398,-0.0153398,0.745515,0.745515,
163468,-0.389631,-0.389631,-0.194656,-0.193282,1.91171,1.91017,-0.161434,-0.158366,-0.00306796,0.00460194,-0.0153398,-0.0153398,0.745515,0.745515,
163488,-0.389631,-0.389631,-0.194656,-0.193282,1.91171,1.91017,-0.161434,-0.158366,-0.00306796,0.00460194,-0.0153398,-0.0153398,0.745515,0.745515,
163508,-0.389631,-0.389631,-0.194656,-0.193282,1.91171,1.91017,-0.161434,-0.1599,-0.00306796,0.00460194,-0.0153398,-0.0153398,0.745515,0.745515,
163528,-0.389631,-0.389631,-0.194656,-0.193282,1.91171,1.91017,-0.161434,-0.1599,-0.00306796,0.00460194,-0.0153398,-0.0153398,0.745515,0.745515,
163548,-0.389631,-0.389631,-0.194656,-0.193282,1.91171,1.91017,-0.161434,-0.1599,-0.00306796,0.00460194,-0.0153398,-0.0153398,0.745515,0.745515,
163568,-0.389631,-0.389631,-0.194656,-0.193282,1.91171,1.91017,-0.161434,-0.1599,-0.00306796,0.00460194,-0.0153398,-0.0153398,0.745515,0.745515,
163588,-0.389631,-0.389631,-0.194656,-0.193282,1.91171,1.91017,-0.161434,-0.1599,-0.00306796,0.00460194,-0.0153398,-0.0153398,0.745515,0.745515,
163608,-0.389631,-0.391165,-0.194656,-0.193282,1.91171,1.91017,-0.161434,-0.158366,-0.00306796,0.00460194,-0.0153398,-0.0153398,0.745515,0.745515,
163629,-0.389631,-0.391165,-0.194656,-0.193282,1.91171,1.91017,-0.161434,-0.158366,-0.00306796,0.00460194,-0.0153398,-0.0153398,0.745515,0.745515,
163648,-0.389631,-0.391165,-0.194656,-0.193282,1.91171,1.91017,-0.161434,-0.158366,-0.00306796,0.00460194,-0.0153398,-0.0153398,0.745515,0.745515,
163668,-0.389631,-0.391165,-0.194656,-0.193282,1.91171,1.91017,-0.161434,-0.158366,-0.00306796,0.00460194,-0.0153398,-0.0153398,0.745515,0.745515,
163688,-0.389631,-0.391165,-0.194656,-0.193282,1.91171,1.91017,-0.161434,-0.158366,-0.00306796,0.00460194,-0.0153398,-0.0153398,0.745515,0.745515,
163708,-0.389631,-0.389631,-0.194656,-0.193282,1.91171,1.90864,-0.161434,-0.1599,-0.00306796,0.00460194,-0.0153398,-0.0153398,0.745515,0.745515,
163728,-0.389631,-0.389631,-0.194656,-0.193282,1.91171,1.90864,-0.161434,-0.1599,-0.00306796,0.00460194,-0.0153398,-0.0153398,0.745515,0.745515,
163748,-0.389631,-0.389631,-0.194656,-0.193282,1.91171,1.90864,-0.161434,-0.1599,-0.00306796,0.00460194,-0.0153398,-0.0153398,0.745515,0.745515,
163768,-0.389631,-0.389631,-0.194656,-0.193282,1.91171,1.90864,-0.161434,-0.1599,-0.00306796,0.00460194,-0.0153398,-0.0153398,0.745515,0.745515,
163788,-0.389631,-0.391165,-0.194656,-0.193282,1.91171,1.91017,-0.161434,-0.158366,-0.00306796,0.00460194,-0.0153398,-0.0153398,0.745515,0.745515,
163809,-0.389631,-0.391165,-0.194656,-0.193282,1.91171,1.91017,-0.161434,-0.158366,-0.00306796,0.00460194,-0.0153398,-0.0153398,0.745515,0.745515,
163828,-0.389631,-0.391165,-0.194656,-0.193282,1.91171,1.91017,-0.161434,-0.158366,-0.00306796,0.00460194,-0.0153398,-0.0153398,0.745515,0.745515,
163848,-0.389631,-0.391165,-0.194656,-0.193282,1.91171,1.91017,-0.161434,-0.158366,-0.00306796,0.00460194,-0.0153398,-0.0153398,0.745515,0.745515,
163868,-0.389631,-0.391165,-0.194656,-0.193282,1.91171,1.91017,-0.161434,-0.158366,-0.00306796,0.00460194,-0.0153398,-0.0153398,0.745515,0.745515,
163888,-0.389631,-0.391165,-0.194656,-0.193282,1.91171,1.91017,-0.161434,-0.158366,-0.00306796,0.00460194,-0.0153398,-0.0153398,0.745515,0.745515,
163908,-0.389631,-0.389631,-0.194656,-0.193282,1.91171,1.91017,-0.161434,-0.158366,-0.00306796,0.00460194,-0.0153398,-0.0153398,0.745515,0.745515,
163928,-0.389631,-0.389631,-0.194656,-0.193282,1.91171,1.91017,-0.161434,-0.158366,-0.00306796,0.00460194,-0.0153398,-0.0153398,0.745515,0.745515,
163952,-0.389631,-0.389631,-0.194656,-0.193282,1.91171,1.91017,-0.161434,-0.158366,-0.00306796,0.00460194,-0.0153398,-0.0153398,0.745515,0.745515,
163969,-0.389631,-0.389631,-0.194656,-0.193282,1.91171,1.91017,-0.161434,-0.158366,-0.00306796,0.00460194,-0.0153398,-0.0153398,0.745515,0.745515,
163988,-0.389631,-0.389631,-0.194656,-0.193282,1.91171,1.91017,-0.161434,-0.158366,-0.00306796,0.00460194,-0.0153398,-0.0153398,0.745515,0.745515,
164008,-0.389631,-0.389631,-0.194656,-0.193282,1.91171,1.91017,-0.161434,-0.158366,-0.00306796,0.00460194,-0.0153398,-0.0153398,0.745515,0.745515,
164028,-0.389631,-0.389631,-0.194656,-0.193282,1.91171,1.91017,-0.161434,-0.158366,-0.00306796,0.00460194,-0.0153398,-0.0153398,0.745515,0.745515,
164048,-0.389631,-0.389631,-0.194656,-0.193282,1.91171,1.91017,-0.161434,-0.158366,-0.00306796,0.00460194,-0.0153398,-0.0153398,0.745515,0.745515,
164068,-0.389631,-0.389631,-0.194656,-0.193282,1.91171,1.91017,-0.161434,-0.158366,-0.00306796,0.00460194,-0.0153398,-0.0153398,0.745515,0.745515,
164088,-0.389631,-0.389631,-0.194656,-0.193282,1.91171,1.91017,-0.161434,-0.158366,-0.00306796,0.00460194,-0.0153398,-0.0153398,0.745515,0.745515,
164108,-0.389631,-0.389631,-0.194656,-0.193282,1.91171,1.91017,-0.161434,-0.158366,-0.00306796,0.00460194,-0.0153398,-0.0153398,0.745515,0.745515,
164128,-0.389631,-0.389631,-0.194656,-0.193282,1.91171,1.91017,-0.161434,-0.158366,-0.00306796,0.00460194,-0.0153398,-0.0153398,0.745515,0.745515,
164148,-0.389631,-0.389631,-0.194656,-0.193282,1.91171,1.91017,-0.161434,-0.158366,-0.00306796,0.00460194,-0.0153398,-0.0153398,0.745515,0.745515,
164168,-0.389631,-0.389631,-0.194656,-0.193282,1.91171,1.91017,-0.161434,-0.158366,-0.00306796,0.00460194,-0.0153398,-0.0153398,0.745515,0.745515,
164188,-0.389631,-0.389631,-0.194656,-0.193282,1.91171,1.91017,-0.161434,-0.158366,-0.00306796,0.00460194,-0.0153398,-0.0153398,0.745515,0.745515,
164208,-0.389631,-0.389631,-0.194656,-0.193282,1.91171,1.91017,-0.161434,-0.158366,-0.00306796,0.00460194,-0.0153398,-0.0153398,0.745515,0.745515,
164228,-0.389631,-0.389631,-0.194656,-0.193282,1.91171,1.91017,-0.161434,-0.158366,-0.00306796,0.00460194,-0.0153398,-0.0153398,0.745515,0.745515,
164248,-0.389631,-0.389631,-0.194656,-0.193282,1.91171,1.91017,-0.161434,-0.158366,-0.00306796,0.00460194,-0.0153398,-0.0153398,0.745515,0.745515,
164268,-0.389631,-0.389631,-0.194656,-0.193282,1.91171,1.91017,-0.161434,-0.158366,-0.00306796,0.00460194,-0.0153398,-0.0153398,0.745515,0.745515,
164288,-0.389631,-0.389631,-0.194656,-0.193282,1.91171,1.91017,-0.161434,-0.158366,-0.00306796,0.00460194,-0.0153398,-0.0153398,0.745515,0.745515,
164308,-0.389631,-0.389631,-0.194656,-0.193282,1.91171,1.91017,-0.161434,-0.158366,-0.00306796,0.00460194,-0.0153398,-0.0153398,0.745515,0.745515,
164328,-0.389631,-0.389631,-0.194656,-0.193282,1.91171,1.91017,-0.161434,-0.158366,-0.00306796,0.00460194,-0.0153398,-0.0153398,0.745515,0.745515,
164348,-0.389631,-0.389631,-0.194656,-0.193282,1.91171,1.91017,-0.161434,-0.158366,-0.00306796,0.00460194,-0.0153398,-0.0153398,0.745515,0.745515,
164368,-0.389631,-0.389631,-0.194656,-0.193282,1.91171,1.91017,-0.161434,-0.158366,-0.00306796,0.00460194,-0.0153398,-0.0153398,0.745515,0.745515,
164388,-0.389631,-0.389631,-0.194656,-0.193282,1.91171,1.91017,-0.161434,-0.158366,-0.00306796,0.00460194,-0.0153398,-0.0153398,0.745515,0.745515,
164408,-0.389631,-0.389631,-0.194656,-0.193282,1.91171,1.91017,-0.161434,-0.158366,-0.00306796,0.00460194,-0.0153398,-0.0153398,0.745515,0.745515,
164428,-0.389631,-0.389631,-0.194656,-0.193282,1.91171,1.91017,-0.161434,-0.158366,-0.00306796,0.00460194,-0.0153398,-0.0153398,0.745515,0.745515,
164448,-0.389631,-0.389631,-0.194656,-0.193282,1.91171,1.91017,-0.161434,-0.158366,-0.00306796,0.00460194,-0.0153398,-0.0153398,0.745515,0.745515,
164468,-0.389631,-0.389631,-0.194656,-0.193282,1.91171,1.91017,-0.161434,-0.158366,-0.00306796,0.00460194,-0.0153398,-0.0153398,0.745515,0.745515,
164488,-0.389631,-0.389631,-0.194656,-0.193282,1.91171,1.91017,-0.161434,-0.158366,-0.00306796,0.00460194,-0.0153398,-0.0153398,0.745515,0.745515,
164508,-0.389631,-0.389631,-0.194656,-0.193282,1.91171,1.91017,-0.161434,-0.158366,-0.00306796,0.00460194,-0.0153398,-0.0153398,0.745515,0.745515,
164528,-0.389631,-0.389631,-0.194656,-0.193282,1.91171,1.91017,-0.161434,-0.158366,-0.00306796,0.00460194,-0.0153398,-0.0153398,0.745515,0.745515,
164548,-0.389631,-0.389631,-0.194656,-0.193282,1.91171,1.91017,-0.161434,-0.158366,-0.00306796,0.00460194,-0.0153398,-0.0153398,0.745515,0.745515,
164568,-0.389631,-0.389631,-0.194656,-0.193282,1.91171,1.91017,-0.161434,-0.158366,-0.00306796,0.00460194,-0.0153398,-0.0153398,0.745515,0.745515,
164588,-0.389631,-0.389631,-0.194656,-0.193282,1.91171,1.91017,-0.161434,-0.158366,-0.00306796,0.00460194,-0.0153398,-0.0153398,0.745515,0.745515,
164608,-0.389631,-0.389631,-0.194656,-0.193282,1.91171,1.91017,-0.161434,-0.158366,-0.00306796,0.00460194,-0.0153398,-0.0153398,0.745515,0.745515,
164628,-0.389631,-0.389631,-0.194656,-0.193282,1.91171,1.91017,-0.161434,-0.158366,-0.00306796,0.00460194,-0.0153398,-0.0153398,0.745515,0.745515,
164649,-0.389631,-0.389631,-0.194656,-0.193282,1.91171,1.91017,-0.161434,-0.158366,-0.00306796,0.00460194,-0.0153398,-0.0153398,0.745515,0.745515,
164668,-0.389631,-0.389631,-0.194656,-0.193282,1.91171,1.91017,-0.161434,-0.158366,-0.00306796,0.00460194,-0.0153398,-0.0153398,0.745515,0.745515,
164688,-0.389631,-0.389631,-0.194656,-0.193282,1.91171,1.91017,-0.161434,-0.158366,-0.00306796,0.00460194,-0.0153398,-0.0153398,0.745515,0.745515,
164708,-0.389631,-0.389631,-0.194656,-0.193282,1.91171,1.91017,-0.161434,-0.158366,-0.00306796,0.00460194,-0.0153398,-0.0153398,0.745515,0.745515,
164728,-0.389631,-0.389631,-0.194656,-0.193282,1.91171,1.91017,-0.161434,-0.158366,-0.00306796,0.00460194,-0.0153398,-0.0153398,0.745515,0.745515,
164748,-0.389631,-0.389631,-0.194656,-0.193282,1.91171,1.91017,-0.161434,-0.158366,-0.00306796,0.00460194,-0.0153398,-0.0153398,0.745515,0.745515,
164768,-0.389631,-0.389631,-0.194656,-0.193282,1.91171,1.91017,-0.161434,-0.158366,-0.00306796,0.00460194,-0.0153398,-0.0153398,0.745515,0.745515,
164788,-0.389631,-0.389631,-0.194656,-0.193282,1.91171,1.91017,-0.161434,-0.158366,-0.00306796,0.00460194,-0.0153398,-0.0153398,0.745515,0.745515,
164808,-0.389631,-0.389631,-0.194656,-0.193282,1.91171,1.91017,-0.161434,-0.158366,-0.00306796,0.00460194,-0.0153398,-0.0153398,0.745515,0.745515,
164828,-0.389631,-0.389631,-0.194656,-0.193282,1.91171,1.91017,-0.161434,-0.158366,-0.00306796,0.00460194,-0.0153398,-0.0153398,0.745515,0.745515,
164848,-0.389631,-0.389631,-0.194656,-0.193282,1.91171,1.91017,-0.161434,-0.158366,-0.00306796,0.00460194,-0.0153398,-0.0153398,0.745515,0.745515,
164868,-0.389631,-0.389631,-0.194656,-0.193282,1.91171,1.91017,-0.161434,-0.158366,-0.00306796,0.00460194,-0.0153398,-0.0153398,0.745515,0.745515,
164888,-0.389631,-0.389631,-0.194656,-0.193282,1.91171,1.91017,-0.161434,-0.158366,-0.00306796,0.00460194,-0.0153398,-0.0153398,0.745515,0.745515,
164908,-0.389631,-0.389631,-0.194656,-0.193282,1.91171,1.91017,-0.161434,-0.158366,-0.00306796,0.00460194,-0.0153398,-0.0153398,0.745515,0.745515,
164928,-0.389631,-0.389631,-0.194656,-0.193282,1.91171,1.91017,-0.161434,-0.158366,-0.00306796,0.00460194,-0.0153398,-0.0153398,0.745515,0.745515,
164948,-0.389631,-0.389631,-0.194656,-0.193282,1.91171,1.91017,-0.161434,-0.158366,-0.00306796,0.00460194,-0.0153398,-0.0153398,0.745515,0.745515,
164968,-0.389631,-0.389631,-0.194656,-0.193282,1.91171,1.91017,-0.161434,-0.158366,-0.00306796,0.00460194,-0.0153398,-0.0153398,0.745515,0.745515,
164988,-0.389631,-0.389631,-0.194656,-0.193282,1.91171,1.91017,-0.161434,-0.158366,-0.00306796,0.00460194,-0.0153398,-0.0153398,0.745515,0.745515,
165008,-0.389631,-0.389631,-0.194656,-0.193282,1.91171,1.91017,-0.161434,-0.158366,-0.00306796,0.00460194,-0.0153398,-0.0153398,0.745515,0.745515,
165028,-0.389631,-0.389631,-0.194656,-0.193282,1.91171,1.91017,-0.161434,-0.158366,-0.00306796,0.00460194,-0.0153398,-0.0153398,0.745515,0.745515,
165048,-0.389631,-0.389631,-0.194656,-0.193282,1.91171,1.91017,-0.161434,-0.158366,-0.00306796,0.00460194,-0.0153398,-0.0153398,0.745515,0.745515,
165068,-0.389631,-0.389631,-0.194656,-0.193282,1.91171,1.91017,-0.161434,-0.158366,-0.00306796,0.00460194,-0.0153398,-0.0153398,0.745515,0.745515,
165088,-0.389631,-0.389631,-0.194656,-0.193282,1.91171,1.91017,-0.161434,-0.158366,-0.00306796,0.00460194,-0.0153398,-0.0153398,0.745515,0.745515,
165108,-0.389631,-0.389631,-0.194656,-0.193282,1.91171,1.91017,-0.161434,-0.158366,-0.00306796,0.00460194,-0.0153398,-0.0153398,0.745515,0.745515,
165128,-0.389631,-0.389631,-0.194656,-0.193282,1.91171,1.91017,-0.161434,-0.158366,-0.00306796,0.00460194,-0.0153398,-0.0153398,0.745515,0.745515,
165148,-0.389631,-0.389631,-0.194656,-0.193282,1.91171,1.91017,-0.161434,-0.158366,-0.00306796,0.00460194,-0.0153398,-0.0153398,0.745515,0.745515,
165168,-0.389631,-0.389631,-0.194656,-0.193282,1.91171,1.91017,-0.161434,-0.158366,-0.00306796,0.00460194,-0.0153398,-0.0153398,0.745515,0.745515,
165188,-0.389631,-0.389631,-0.194656,-0.193282,1.91171,1.91017,-0.161434,-0.158366,-0.00306796,0.00460194,-0.0153398,-0.0153398,0.745515,0.745515,
165208,-0.389631,-0.389631,-0.194656,-0.193282,1.91171,1.91017,-0.161434,-0.158366,-0.00306796,0.00460194,-0.0153398,-0.0153398,0.745515,0.745515,
165228,-0.389631,-0.389631,-0.194656,-0.193282,1.91171,1.91017,-0.161434,-0.158366,-0.00306796,0.00460194,-0.0153398,-0.0153398,0.745515,0.745515,
165248,-0.389631,-0.389631,-0.194656,-0.193282,1.91171,1.91017,-0.161434,-0.158366,-0.00306796,0.00460194,-0.0153398,-0.0153398,0.745515,0.745515,
165268,-0.389631,-0.389631,-0.194656,-0.193282,1.91171,1.91017,-0.161434,-0.158366,-0.00306796,0.00460194,-0.0153398,-0.0153398,0.745515,0.745515,
165288,-0.389631,-0.389631,-0.194656,-0.193282,1.91171,1.91017,-0.161434,-0.158366,-0.00306796,0.00460194,-0.0153398,-0.0153398,0.745515,0.745515,
165308,-0.389631,-0.389631,-0.194656,-0.193282,1.91171,1.91017,-0.161434,-0.158366,-0.00306796,0.00460194,-0.0153398,-0.0153398,0.745515,0.745515,
165328,-0.389631,-0.389631,-0.194656,-0.193282,1.91171,1.91017,-0.161434,-0.158366,-0.00306796,0.00460194,-0.0153398,-0.0153398,0.745515,0.745515,
165348,-0.389631,-0.389631,-0.194656,-0.193282,1.91171,1.91017,-0.161434,-0.158366,-0.00306796,0.00460194,-0.0153398,-0.0153398,0.745515,0.745515,
165368,-0.389631,-0.389631,-0.194656,-0.193282,1.91171,1.91017,-0.161434,-0.158366,-0.00306796,0.00460194,-0.0153398,-0.0153398,0.745515,0.745515,
165388,-0.389631,-0.389631,-0.194656,-0.193282,1.91171,1.91017,-0.161434,-0.158366,-0.00306796,0.00460194,-0.0153398,-0.0153398,0.745515,0.745515,
165408,-0.389631,-0.389631,-0.194656,-0.193282,1.91171,1.91017,-0.161434,-0.158366,-0.00306796,0.00460194,-0.0153398,-0.0153398,0.745515,0.745515,
165428,-0.389631,-0.389631,-0.194656,-0.193282,1.91171,1.91017,-0.161434,-0.158366,-0.00306796,0.00460194,-0.0153398,-0.0153398,0.745515,0.745515,
165448,-0.389631,-0.389631,-0.194656,-0.193282,1.91171,1.91017,-0.161434,-0.158366,-0.00306796,0.00460194,-0.0153398,-0.0153398,0.745515,0.745515,
165468,-0.389631,-0.389631,-0.194656,-0.193282,1.91171,1.91017,-0.161434,-0.158366,-0.00306796,0.00460194,-0.0153398,-0.0153398,0.745515,0.745515,
165488,-0.389631,-0.389631,-0.194656,-0.193282,1.91171,1.91017,-0.161434,-0.158366,-0.00306796,0.00460194,-0.0153398,-0.0153398,0.745515,0.745515,
165508,-0.389631,-0.389631,-0.194656,-0.193282,1.91171,1.91017,-0.161434,-0.158366,-0.00306796,0.00460194,-0.0153398,-0.0153398,0.745515,0.745515,
165528,-0.389631,-0.389631,-0.194656,-0.193282,1.91171,1.91017,-0.161434,-0.158366,-0.00306796,0.00460194,-0.0153398,-0.0153398,0.745515,0.745515,
165548,-0.389631,-0.389631,-0.194656,-0.193282,1.91171,1.91017,-0.161434,-0.158366,-0.00306796,0.00460194,-0.0153398,-0.0153398,0.745515,0.745515,
165568,-0.389631,-0.389631,-0.194656,-0.193282,1.91171,1.91017,-0.161434,-0.158366,-0.00306796,0.00460194,-0.0153398,-0.0153398,0.745515,0.745515,
165588,-0.389631,-0.389631,-0.194656,-0.193282,1.91171,1.91017,-0.161434,-0.158366,-0.00306796,0.00460194,-0.0153398,-0.0153398,0.745515,0.745515,
165608,-0.389631,-0.389631,-0.194656,-0.193282,1.91171,1.91017,-0.161434,-0.158366,-0.00306796,0.00460194,-0.0153398,-0.0153398,0.745515,0.745515,
165628,-0.389631,-0.389631,-0.194656,-0.193282,1.91171,1.91017,-0.161434,-0.158366,-0.00306796,0.00460194,-0.0153398,-0.0153398,0.745515,0.745515,
165648,-0.389631,-0.389631,-0.194656,-0.193282,1.91171,1.91017,-0.161434,-0.158366,-0.00306796,0.00460194,-0.0153398,-0.0153398,0.745515,0.745515,
165668,-0.389631,-0.389631,-0.194656,-0.193282,1.91171,1.91017,-0.161434,-0.158366,-0.00306796,0.00460194,-0.0153398,-0.0153398,0.745515,0.745515,
165688,-0.389631,-0.389631,-0.194656,-0.193282,1.91171,1.91017,-0.161434,-0.158366,-0.00306796,0.00460194,-0.0153398,-0.0153398,0.745515,0.745515,
165708,-0.389631,-0.389631,-0.194656,-0.193282,1.91171,1.91017,-0.161434,-0.158366,-0.00306796,0.00460194,-0.0153398,-0.0153398,0.745515,0.745515,
165728,-0.389631,-0.389631,-0.194656,-0.193282,1.91171,1.91017,-0.161434,-0.158366,-0.00306796,0.00460194,-0.0153398,-0.0153398,0.745515,0.745515,
165748,-0.389631,-0.389631,-0.194656,-0.193282,1.91171,1.91017,-0.161434,-0.158366,-0.00306796,0.00460194,-0.0153398,-0.0153398,0.745515,0.745515,
165769,-0.389631,-0.389631,-0.194656,-0.193282,1.91171,1.91017,-0.161434,-0.158366,-0.00306796,0.00460194,-0.0153398,-0.0153398,0.745515,0.745515,
165788,-0.389631,-0.389631,-0.194656,-0.193282,1.91171,1.91017,-0.161434,-0.158366,-0.00306796,0.00460194,-0.0153398,-0.0153398,0.745515,0.745515,
165808,-0.389631,-0.389631,-0.194656,-0.193282,1.91171,1.91017,-0.161434,-0.158366,-0.00306796,0.00460194,-0.0153398,-0.0153398,0.745515,0.745515,
165828,-0.389631,-0.389631,-0.194656,-0.193282,1.91171,1.91017,-0.161434,-0.158366,-0.00306796,0.00460194,-0.0153398,-0.0153398,0.745515,0.745515,
165848,-0.389631,-0.389631,-0.194656,-0.193282,1.91171,1.91017,-0.161434,-0.158366,-0.00306796,0.00460194,-0.0153398,-0.0153398,0.745515,0.745515,
165868,-0.389631,-0.389631,-0.194656,-0.193282,1.91171,1.91017,-0.161434,-0.158366,-0.00306796,0.00460194,-0.0153398,-0.0153398,0.745515,0.745515,
165888,-0.389631,-0.389631,-0.194656,-0.193282,1.91171,1.91017,-0.161434,-0.158366,-0.00306796,0.00460194,-0.0153398,-0.0153398,0.745515,0.745515,
165908,-0.389631,-0.389631,-0.194656,-0.193282,1.91171,1.91017,-0.161434,-0.158366,-0.00306796,0.00460194,-0.0153398,-0.0153398,0.745515,0.745515,
165928,-0.389631,-0.389631,-0.194656,-0.193282,1.91171,1.91017,-0.161434,-0.158366,-0.00306796,0.00460194,-0.0153398,-0.0153398,0.745515,0.745515,
165948,-0.389631,-0.389631,-0.194656,-0.193282,1.91171,1.91017,-0.161434,-0.158366,-0.00306796,0.00460194,-0.0153398,-0.0153398,0.745515,0.745515,
165968,-0.389631,-0.389631,-0.194656,-0.193282,1.91171,1.91017,-0.161434,-0.158366,-0.00306796,0.00460194,-0.0153398,-0.0153398,0.745515,0.745515,
165988,-0.389631,-0.389631,-0.194656,-0.193282,1.91171,1.91017,-0.161434,-0.158366,-0.00306796,0.00460194,-0.0153398,-0.0153398,0.745515,0.745515,
166008,-0.389631,-0.389631,-0.194656,-0.193282,1.91171,1.91017,-0.161434,-0.158366,-0.00306796,0.00460194,-0.0153398,-0.0153398,0.745515,0.745515,
166028,-0.389631,-0.389631,-0.194656,-0.193282,1.91171,1.91017,-0.161434,-0.158366,-0.00306796,0.00460194,-0.0153398,-0.0153398,0.745515,0.745515,
166048,-0.389631,-0.389631,-0.194656,-0.193282,1.91171,1.91017,-0.161434,-0.158366,-0.00306796,0.00460194,-0.0153398,-0.0153398,0.745515,0.745515,
166068,-0.389631,-0.389631,-0.194656,-0.193282,1.91171,1.91017,-0.161434,-0.158366,-0.00306796,0.00460194,-0.0153398,-0.0153398,0.745515,0.745515,
166088,-0.389631,-0.389631,-0.194656,-0.193282,1.91171,1.91017,-0.161434,-0.158366,-0.00306796,0.00460194,-0.0153398,-0.0153398,0.745515,0.745515,
166108,-0.389631,-0.389631,-0.194656,-0.193282,1.91171,1.91017,-0.161434,-0.158366,-0.00306796,0.00460194,-0.0153398,-0.0153398,0.745515,0.745515,
166128,-0.389631,-0.389631,-0.194656,-0.193282,1.91171,1.91017,-0.161434,-0.158366,-0.00306796,0.00460194,-0.0153398,-0.0153398,0.745515,0.745515,
166148,-0.389631,-0.389631,-0.194656,-0.193282,1.91171,1.91017,-0.161434,-0.158366,-0.00306796,0.00460194,-0.0153398,-0.0153398,0.745515,0.745515,
166168,-0.389631,-0.389631,-0.194656,-0.193282,1.91171,1.91017,-0.161434,-0.158366,-0.00306796,0.00460194,-0.0153398,-0.0153398,0.745515,0.745515,
166188,-0.389631,-0.389631,-0.194656,-0.193282,1.91171,1.91017,-0.161434,-0.158366,-0.00306796,0.00460194,-0.0153398,-0.0153398,0.745515,0.745515,
166208,-0.389631,-0.389631,-0.194656,-0.193282,1.91171,1.91017,-0.161434,-0.158366,-0.00306796,0.00460194,-0.0153398,-0.0153398,0.745515,0.745515,
166228,-0.389631,-0.389631,-0.194656,-0.193282,1.91171,1.91017,-0.161434,-0.158366,-0.00306796,0.00460194,-0.0153398,-0.0153398,0.745515,0.745515,
166248,-0.389631,-0.389631,-0.194656,-0.193282,1.91171,1.91017,-0.161434,-0.158366,-0.00306796,0.00460194,-0.0153398,-0.0153398,0.745515,0.745515,
166268,-0.389631,-0.389631,-0.194656,-0.193282,1.91171,1.91017,-0.161434,-0.158366,-0.00306796,0.00460194,-0.0153398,-0.0153398,0.745515,0.745515,
166288,-0.389631,-0.389631,-0.194656,-0.193282,1.91171,1.91017,-0.161434,-0.158366,-0.00306796,0.00460194,-0.0153398,-0.0153398,0.745515,0.745515,
166308,-0.389631,-0.389631,-0.194656,-0.193282,1.91171,1.91017,-0.161434,-0.158366,-0.00306796,0.00460194,-0.0153398,-0.0153398,0.745515,0.745515,
166328,-0.389631,-0.389631,-0.194656,-0.193282,1.91171,1.91017,-0.161434,-0.158366,-0.00306796,0.00460194,-0.0153398,-0.0153398,0.745515,0.745515,
166348,-0.389631,-0.389631,-0.194656,-0.193282,1.91171,1.91017,-0.161434,-0.158366,-0.00306796,0.00460194,-0.0153398,-0.0153398,0.745515,0.745515,
166368,-0.389631,-0.389631,-0.194656,-0.193282,1.91171,1.91017,-0.161434,-0.158366,-0.00306796,0.00460194,-0.0153398,-0.0153398,0.745515,0.745515,
166388,-0.389631,-0.389631,-0.194656,-0.193282,1.91171,1.91017,-0.161434,-0.158366,-0.00306796,0.00460194,-0.0153398,-0.0153398,0.745515,0.745515,
166408,-0.389631,-0.389631,-0.194656,-0.193282,1.91171,1.91017,-0.161434,-0.158366,-0.00306796,0.00460194,-0.0153398,-0.0153398,0.745515,0.745515,
166428,-0.389631,-0.389631,-0.194656,-0.193282,1.91171,1.91017,-0.161434,-0.158366,-0.00306796,0.00460194,-0.0153398,-0.0153398,0.745515,0.745515,
166448,-0.389631,-0.389631,-0.194656,-0.193282,1.91171,1.91017,-0.161434,-0.158366,-0.00306796,0.00460194,-0.0153398,-0.0153398,0.745515,0.745515,
166468,-0.389631,-0.389631,-0.194656,-0.193282,1.91171,1.91017,-0.161434,-0.158366,-0.00306796,0.00460194,-0.0153398,-0.0153398,0.745515,0.745515,
166488,-0.389631,-0.389631,-0.194656,-0.193282,1.91171,1.91017,-0.161434,-0.158366,-0.00306796,0.00460194,-0.0153398,-0.0153398,0.745515,0.745515,
166508,-0.389631,-0.389631,-0.194656,-0.193282,1.91171,1.91017,-0.161434,-0.158366,-0.00306796,0.00460194,-0.0153398,-0.0153398,0.745515,0.745515,
166528,-0.389631,-0.389631,-0.194656,-0.193282,1.91171,1.91017,-0.161434,-0.158366,-0.00306796,0.00460194,-0.0153398,-0.0153398,0.745515,0.745515,
166548,-0.389631,-0.389631,-0.194656,-0.193282,1.91171,1.91017,-0.161434,-0.158366,-0.00306796,0.00460194,-0.0153398,-0.0153398,0.745515,0.745515,
166568,-0.389631,-0.389631,-0.194656,-0.193282,1.91171,1.91017,-0.161434,-0.158366,-0.00306796,0.00460194,-0.0153398,-0.0153398,0.745515,0.745515,
166588,-0.389631,-0.389631,-0.194656,-0.193282,1.91171,1.91017,-0.161434,-0.158366,-0.00306796,0.00460194,-0.0153398,-0.0153398,0.745515,0.745515,
166608,-0.389631,-0.389631,-0.194656,-0.193282,1.91171,1.91017,-0.161434,-0.158366,-0.00306796,0.00460194,-0.0153398,-0.0153398,0.745515,0.745515,
166628,-0.389631,-0.389631,-0.194656,-0.193282,1.91171,1.91017,-0.161434,-0.158366,-0.00306796,0.00460194,-0.0153398,-0.0153398,0.745515,0.745515,
166648,-0.389631,-0.389631,-0.194656,-0.193282,1.91171,1.91017,-0.161434,-0.158366,-0.00306796,0.00460194,-0.0153398,-0.0153398,0.745515,0.745515,
166668,-0.389631,-0.389631,-0.194656,-0.193282,1.91171,1.91017,-0.161434,-0.158366,-0.00306796,0.00460194,-0.0153398,-0.0153398,0.745515,0.745515,
166688,-0.389631,-0.389631,-0.194656,-0.193282,1.91171,1.91017,-0.161434,-0.158366,-0.00306796,0.00460194,-0.0153398,-0.0153398,0.745515,0.745515,
166708,-0.389631,-0.389631,-0.194656,-0.193282,1.91171,1.91017,-0.161434,-0.158366,-0.00306796,0.00460194,-0.0153398,-0.0153398,0.745515,0.745515,
166728,-0.389631,-0.389631,-0.194656,-0.193282,1.91171,1.91017,-0.161434,-0.158366,-0.00306796,0.00460194,-0.0153398,-0.0153398,0.745515,0.745515,
166748,-0.389631,-0.389631,-0.194656,-0.193282,1.91171,1.91017,-0.161434,-0.158366,-0.00306796,0.00460194,-0.0153398,-0.0153398,0.745515,0.745515,
166768,-0.389631,-0.389631,-0.194656,-0.193282,1.91171,1.91017,-0.161434,-0.158366,-0.00306796,0.00460194,-0.0153398,-0.0153398,0.745515,0.745515,
166788,-0.389631,-0.389631,-0.194656,-0.193282,1.91171,1.91017,-0.161434,-0.158366,-0.00306796,0.00460194,-0.0153398,-0.0153398,0.745515,0.745515,
166808,-0.389631,-0.389631,-0.194656,-0.193282,1.91171,1.91017,-0.161434,-0.158366,-0.00306796,0.00460194,-0.0153398,-0.0153398,0.745515,0.745515,
166828,-0.389631,-0.389631,-0.194656,-0.193282,1.91171,1.91017,-0.161434,-0.158366,-0.00306796,0.00460194,-0.0153398,-0.0153398,0.745515,0.745515,
166848,-0.389631,-0.389631,-0.194656,-0.193282,1.91171,1.91017,-0.161434,-0.158366,-0.00306796,0.00460194,-0.0153398,-0.0153398,0.745515,0.745515,
166868,-0.389631,-0.389631,-0.194656,-0.193282,1.91171,1.91017,-0.161434,-0.158366,-0.00306796,0.00460194,-0.0153398,-0.0153398,0.745515,0.745515,
166888,-0.389631,-0.389631,-0.194656,-0.193282,1.91171,1.91017,-0.161434,-0.158366,-0.00306796,0.00460194,-0.0153398,-0.0153398,0.745515,0.745515,
166908,-0.389631,-0.389631,-0.194656,-0.193282,1.91171,1.91017,-0.161434,-0.158366,-0.00306796,0.00460194,-0.0153398,-0.0153398,0.745515,0.745515,
166928,-0.389631,-0.389631,-0.194656,-0.193282,1.91171,1.91017,-0.161434,-0.158366,-0.00306796,0.00460194,-0.0153398,-0.0153398,0.745515,0.745515,
166948,-0.389631,-0.389631,-0.194656,-0.193282,1.91171,1.91017,-0.161434,-0.158366,-0.00306796,0.00460194,-0.0153398,-0.0153398,0.745515,0.745515,
166968,-0.389631,-0.389631,-0.194656,-0.193282,1.91171,1.91017,-0.161434,-0.158366,-0.00306796,0.00460194,-0.0153398,-0.0153398,0.745515,0.745515,
166988,-0.389631,-0.389631,-0.194656,-0.193282,1.91171,1.91017,-0.161434,-0.158366,-0.00306796,0.00460194,-0.0153398,-0.0153398,0.745515,0.745515,
167008,-0.389631,-0.389631,-0.194656,-0.193282,1.91171,1.91017,-0.161434,-0.158366,-0.00306796,0.00460194,-0.0153398,-0.0153398,0.745515,0.745515,
167028,-0.389631,-0.389631,-0.194656,-0.193282,1.91171,1.91017,-0.161434,-0.158366,-0.00306796,0.00460194,-0.0153398,-0.0153398,0.745515,0.745515,
167049,-0.389631,-0.389631,-0.194656,-0.193282,1.91171,1.91017,-0.161434,-0.158366,-0.00306796,0.00460194,-0.0153398,-0.0153398,0.745515,0.745515,
167069,-0.389631,-0.389631,-0.194656,-0.193282,1.91171,1.91017,-0.161434,-0.158366,-0.00306796,0.00460194,-0.0153398,-0.0153398,0.745515,0.745515,
167088,-0.389631,-0.389631,-0.194656,-0.193282,1.91171,1.91017,-0.161434,-0.158366,-0.00306796,0.00460194,-0.0153398,-0.0153398,0.745515,0.745515,
167108,-0.389631,-0.389631,-0.194656,-0.193282,1.91171,1.91017,-0.161434,-0.158366,-0.00306796,0.00460194,-0.0153398,-0.0153398,0.745515,0.745515,
167128,-0.389631,-0.389631,-0.194656,-0.193282,1.91171,1.91017,-0.161434,-0.158366,-0.00306796,0.00460194,-0.0153398,-0.0153398,0.745515,0.745515,
167148,-0.389631,-0.389631,-0.194656,-0.193282,1.91171,1.91017,-0.161434,-0.158366,-0.00306796,0.00460194,-0.0153398,-0.0153398,0.745515,0.745515,
167168,-0.389631,-0.389631,-0.194656,-0.193282,1.91171,1.91017,-0.161434,-0.158366,-0.00306796,0.00460194,-0.0153398,-0.0153398,0.745515,0.745515,
167188,-0.389631,-0.389631,-0.194656,-0.193282,1.91171,1.91017,-0.161434,-0.158366,-0.00306796,0.00460194,-0.0153398,-0.0153398,0.745515,0.745515,
167208,-0.389631,-0.389631,-0.194656,-0.193282,1.91171,1.91017,-0.161434,-0.158366,-0.00306796,0.00460194,-0.0153398,-0.0153398,0.745515,0.745515,
167228,-0.389631,-0.389631,-0.194656,-0.193282,1.91171,1.91017,-0.161434,-0.158366,-0.00306796,0.00460194,-0.0153398,-0.0153398,0.745515,0.745515,
167248,-0.389631,-0.389631,-0.194656,-0.193282,1.91171,1.91017,-0.161434,-0.158366,-0.00306796,0.00460194,-0.0153398,-0.0153398,0.745515,0.745515,
167268,-0.389631,-0.389631,-0.194656,-0.193282,1.91171,1.91017,-0.161434,-0.158366,-0.00306796,0.00460194,-0.0153398,-0.0153398,0.745515,0.745515,
167288,-0.389631,-0.389631,-0.194656,-0.193282,1.91171,1.91017,-0.161434,-0.158366,-0.00306796,0.00460194,-0.0153398,-0.0153398,0.745515,0.745515,
167308,-0.389631,-0.389631,-0.194656,-0.193282,1.91171,1.91017,-0.161434,-0.158366,-0.00306796,0.00460194,-0.0153398,-0.0153398,0.745515,0.745515,
167328,-0.389631,-0.389631,-0.194656,-0.193282,1.91171,1.91017,-0.161434,-0.158366,-0.00306796,0.00460194,-0.0153398,-0.0153398,0.745515,0.745515,
167348,-0.389631,-0.389631,-0.194656,-0.193282,1.91171,1.91017,-0.161434,-0.158366,-0.00306796,0.00460194,-0.0153398,-0.0153398,0.745515,0.745515,
167368,-0.389631,-0.389631,-0.194656,-0.193282,1.91171,1.91017,-0.161434,-0.158366,-0.00306796,0.00460194,-0.0153398,-0.0153398,0.745515,0.745515,
167388,-0.389631,-0.389631,-0.194656,-0.193282,1.91171,1.91017,-0.161434,-0.158366,-0.00306796,0.00460194,-0.0153398,-0.0153398,0.745515,0.745515,
167408,-0.389631,-0.389631,-0.194656,-0.193282,1.91171,1.91017,-0.161434,-0.158366,-0.00306796,0.00460194,-0.0153398,-0.0153398,0.745515,0.745515,
167428,-0.389631,-0.389631,-0.194656,-0.193282,1.91171,1.91017,-0.161434,-0.158366,-0.00306796,0.00460194,-0.0153398,-0.0153398,0.745515,0.745515,
167448,-0.389631,-0.389631,-0.194656,-0.193282,1.91171,1.91017,-0.161434,-0.158366,-0.00306796,0.00460194,-0.0153398,-0.0153398,0.745515,0.745515,
167468,-0.389631,-0.389631,-0.194656,-0.193282,1.91171,1.91017,-0.161434,-0.158366,-0.00306796,0.00460194,-0.0153398,-0.0153398,0.745515,0.745515,
167488,-0.389631,-0.389631,-0.194656,-0.193282,1.91171,1.91017,-0.161434,-0.158366,-0.00306796,0.00460194,-0.0153398,-0.0153398,0.745515,0.745515,
167508,-0.389631,-0.389631,-0.194656,-0.193282,1.91171,1.91017,-0.161434,-0.158366,-0.00306796,0.00460194,-0.0153398,-0.0153398,0.745515,0.745515,
167528,-0.389631,-0.389631,-0.194656,-0.193282,1.91171,1.91017,-0.161434,-0.158366,-0.00306796,0.00460194,-0.0153398,-0.0153398,0.745515,0.745515,
167548,-0.389631,-0.389631,-0.194656,-0.193282,1.91171,1.91017,-0.161434,-0.158366,-0.00306796,0.00460194,-0.0153398,-0.0153398,0.745515,0.745515,
167568,-0.389631,-0.389631,-0.194656,-0.193282,1.91171,1.91017,-0.161434,-0.158366,-0.00306796,0.00460194,-0.0153398,-0.0153398,0.745515,0.745515,
167588,-0.389631,-0.389631,-0.194656,-0.193282,1.91171,1.91017,-0.161434,-0.158366,-0.00306796,0.00460194,-0.0153398,-0.0153398,0.745515,0.745515,
167608,-0.389631,-0.389631,-0.194656,-0.193282,1.91171,1.91017,-0.161434,-0.158366,-0.00306796,0.00460194,-0.0153398,-0.0153398,0.745515,0.745515,
167628,-0.389631,-0.389631,-0.194656,-0.193282,1.91171,1.91017,-0.161434,-0.158366,-0.00306796,0.00460194,-0.0153398,-0.0153398,0.745515,0.745515,
167648,-0.389631,-0.389631,-0.194656,-0.193282,1.91171,1.91017,-0.161434,-0.158366,-0.00306796,0.00460194,-0.0153398,-0.0153398,0.745515,0.745515,
167668,-0.389631,-0.389631,-0.194656,-0.193282,1.91171,1.91017,-0.161434,-0.158366,-0.00306796,0.00460194,-0.0153398,-0.0153398,0.745515,0.745515,
167688,-0.389631,-0.389631,-0.194656,-0.193282,1.91171,1.91017,-0.161434,-0.158366,-0.00306796,0.00460194,-0.0153398,-0.0153398,0.745515,0.745515,
167708,-0.389631,-0.389631,-0.194656,-0.193282,1.91171,1.91017,-0.161434,-0.158366,-0.00306796,0.00460194,-0.0153398,-0.0153398,0.745515,0.745515,
167728,-0.389631,-0.389631,-0.194656,-0.193282,1.91171,1.91017,-0.161434,-0.158366,-0.00306796,0.00460194,-0.0153398,-0.0153398,0.745515,0.745515,
167748,-0.389631,-0.389631,-0.194656,-0.193282,1.91171,1.91017,-0.161434,-0.158366,-0.00306796,0.00460194,-0.0153398,-0.0153398,0.745515,0.745515,
167768,-0.389631,-0.389631,-0.194656,-0.193282,1.91171,1.91017,-0.161434,-0.158366,-0.00306796,0.00460194,-0.0153398,-0.0153398,0.745515,0.745515,
167788,-0.389631,-0.389631,-0.194656,-0.193282,1.91171,1.91017,-0.161434,-0.158366,-0.00306796,0.00460194,-0.0153398,-0.0153398,0.745515,0.745515,
167808,-0.389631,-0.389631,-0.194656,-0.193282,1.91171,1.91017,-0.161434,-0.158366,-0.00306796,0.00460194,-0.0153398,-0.0153398,0.745515,0.745515,
167828,-0.389631,-0.389631,-0.194656,-0.193282,1.91171,1.91017,-0.161434,-0.158366,-0.00306796,0.00460194,-0.0153398,-0.0153398,0.745515,0.745515,
167848,-0.389631,-0.389631,-0.194656,-0.193282,1.91171,1.91017,-0.161434,-0.158366,-0.00306796,0.00460194,-0.0153398,-0.0153398,0.745515,0.745515,
167868,-0.389631,-0.389631,-0.194656,-0.193282,1.91171,1.91017,-0.161434,-0.158366,-0.00306796,0.00460194,-0.0153398,-0.0153398,0.745515,0.745515,
167888,-0.389631,-0.389631,-0.194656,-0.193282,1.91171,1.91017,-0.161434,-0.158366,-0.00306796,0.00460194,-0.0153398,-0.0153398,0.745515,0.745515,
167908,-0.389631,-0.389631,-0.194656,-0.193282,1.91171,1.91017,-0.161434,-0.158366,-0.00306796,0.00460194,-0.0153398,-0.0153398,0.745515,0.745515,
