time,B2C_reference,B2C_state,C2F_reference,C2F_state,F2T_reference,F2T_state,T2E_reference,T2E_state,wristH_reference,wristH_state,wristV_reference,wristV_state,driving_reference,driving_state,
14417.3,-0.115049,-0.115049,-0.480136,-0.480136,1.92858,1.92858,-0.109279,-0.109279,0.676486,0.676486,0.0138058,0.0138058,2.0448,2.0448,
14437.3,-0.115049,-0.115049,-0.480136,-0.480136,1.92858,1.92858,-0.109279,-0.109279,0.676486,0.676486,0.0138058,0.0138058,2.0448,2.0448,
14457.3,-0.115049,-0.115049,-0.480136,-0.480136,1.92858,1.92858,-0.109279,-0.109279,0.676486,0.676486,0.0138058,0.0138058,2.0448,2.0448,
14477.3,-0.115049,-0.115049,-0.480136,-0.480136,1.92858,1.92858,-0.109279,-0.109279,0.676486,0.676486,0.0138058,0.0138058,2.0448,2.0448,
14497.3,-0.115049,-0.115049,-0.480136,-0.480136,1.92858,1.92858,-0.109279,-0.109279,0.676486,0.676486,0.0138058,0.0138058,2.0448,2.0448,
14517.4,-0.115049,-0.115049,-0.480136,-0.480136,1.92858,1.92858,-0.109279,-0.109279,0.676486,0.676486,0.0138058,0.0138058,2.0448,2.0448,
14537.3,-0.115049,-0.115049,-0.480136,-0.480136,1.92858,1.92858,-0.109279,-0.109279,0.676486,0.676486,0.0138058,0.0138058,2.0448,2.0448,
14557.4,-0.115049,-0.115049,-0.480136,-0.480136,1.92858,1.92858,-0.109279,-0.109279,0.676486,0.676486,0.0138058,0.0138058,2.0448,2.0448,
14577.2,-0.115049,-0.115049,-0.480136,-0.480136,1.92858,1.92858,-0.109279,-0.109279,0.676486,0.676486,0.0138058,0.0138058,2.0448,2.0448,
14597.4,-0.115049,-0.115049,-0.480136,-0.480136,1.92858,1.92858,-0.109279,-0.107745,0.676486,0.676486,0.0138058,0.0138058,2.0448,2.0448,
14617.3,-0.115049,-0.115049,-0.480136,-0.480136,1.92858,1.92858,-0.109279,-0.107745,0.676486,0.676486,0.0138058,0.0138058,2.0448,2.0448,
14637.3,-0.115049,-0.115049,-0.480136,-0.480136,1.92858,1.92858,-0.109279,-0.107745,0.676486,0.676486,0.0138058,0.0138058,2.0448,2.0448,
14657.3,-0.115049,-0.115049,-0.480136,-0.480136,1.92858,1.92858,-0.109279,-0.107745,0.676486,0.676486,0.0138058,0.0138058,2.0448,2.0448,
14677.3,-0.115049,-0.115049,-0.480136,-0.480136,1.92858,1.92858,-0.109279,-0.107745,0.676486,0.676486,0.0138058,0.0138058,2.0448,2.0448,
14697.3,-0.115049,-0.115049,-0.480136,-0.480136,1.92858,1.92858,-0.109279,-0.107745,0.676486,0.676486,0.0138058,0.0138058,2.0448,2.0448,
14717.4,-0.115049,-0.115049,-0.480136,-0.480136,1.92858,1.92858,-0.109279,-0.107745,0.676486,0.676486,0.0138058,0.0138058,2.0448,2.0448,
14737.3,-0.115049,-0.115049,-0.480136,-0.480136,1.92858,1.92858,-0.109279,-0.107745,0.676486,0.676486,0.0138058,0.0138058,2.0448,2.0448,
14757.2,-0.115049,-0.115049,-0.480136,-0.480136,1.92858,1.92858,-0.109279,-0.107745,0.676486,0.676486,0.0138058,0.0138058,2.0448,2.0448,
14777.3,-0.115049,-0.115049,-0.480136,-0.480136,1.92858,1.92858,-0.109279,-0.107745,0.676486,0.676486,0.0138058,0.0138058,2.0448,2.0448,
14797.2,-0.115049,-0.115049,-0.480136,-0.480136,1.92858,1.92858,-0.109279,-0.107745,0.676486,0.676486,0.0138058,0.0138058,2.0448,2.0448,
14817.3,-0.115049,-0.115049,-0.480136,-0.480136,1.92858,1.92858,-0.109279,-0.109279,0.676486,0.676486,0.0138058,0.0138058,2.0448,2.0448,
14837.4,-0.115049,-0.115049,-0.480136,-0.480136,1.92858,1.92858,-0.109279,-0.109279,0.676486,0.676486,0.0138058,0.0138058,2.0448,2.0448,
14857.3,-0.115049,-0.115049,-0.480136,-0.480136,1.92858,1.92858,-0.109279,-0.109279,0.676486,0.676486,0.0138058,0.0138058,2.0448,2.0448,
14877.4,-0.115049,-0.115049,-0.480136,-0.480136,1.92858,1.92858,-0.109279,-0.109279,0.676486,0.676486,0.0138058,0.0138058,2.0448,2.0448,
14897.3,-0.115049,-0.115049,-0.480136,-0.48167,1.92858,1.92858,-0.109279,-0.109279,0.676486,0.676486,0.0138058,0.0138058,2.0448,2.0448,
14917.4,-0.115049,-0.115049,-0.480136,-0.48167,1.92858,1.92858,-0.109279,-0.109279,0.676486,0.676486,0.0138058,0.0138058,2.0448,2.0448,
14937.4,-0.115049,-0.115049,-0.480136,-0.48167,1.92858,1.92858,-0.109279,-0.109279,0.676486,0.676486,0.0138058,0.0138058,2.0448,2.0448,
14957.4,-0.115049,-0.115049,-0.480136,-0.48167,1.92858,1.92858,-0.109279,-0.109279,0.676486,0.676486,0.0138058,0.0138058,2.0448,2.0448,
14977.3,-0.115049,-0.115049,-0.480136,-0.48167,1.92858,1.92858,-0.109279,-0.109279,0.676486,0.676486,0.0138058,0.0138058,2.0448,2.0448,
14997.4,-0.115049,-0.115049,-0.480136,-0.480136,1.92858,1.93011,-0.109279,-0.109279,0.676486,0.676486,0.0138058,0.0138058,2.0448,2.0448,
15017.3,-0.115049,-0.115049,-0.480136,-0.480136,1.92858,1.93011,-0.109279,-0.109279,0.676486,0.676486,0.0138058,0.0138058,2.0448,2.0448,
15037.3,-0.115049,-0.115049,-0.480136,-0.480136,1.92858,1.93011,-0.109279,-0.109279,0.676486,0.676486,0.0138058,0.0138058,2.0448,2.0448,
15057.4,-0.115049,-0.115049,-0.480136,-0.480136,1.92858,1.93011,-0.109279,-0.109279,0.676486,0.676486,0.0138058,0.0138058,2.0448,2.0448,
15077.3,-0.115049,-0.115049,-0.480136,-0.480136,1.92858,1.93011,-0.109279,-0.109279,0.676486,0.676486,0.0138058,0.0138058,2.0448,2.0448,
15097.2,-0.115049,-0.115049,-0.480136,-0.480136,1.92858,1.93011,-0.109279,-0.109279,0.676486,0.676486,0.0138058,0.0138058,2.0448,2.0448,
15117.2,-0.115049,-0.116583,-0.480136,-0.480136,1.92858,1.93011,-0.109279,-0.109279,0.676486,0.674952,0.0138058,0.0184078,2.0448,2.04633,
15137.2,-0.115049,-0.116583,-0.480136,-0.480136,1.92858,1.93011,-0.109279,-0.109279,0.676486,0.674952,0.0138058,0.0184078,2.0448,2.04633,
15157.3,-0.115049,-0.116583,-0.480136,-0.480136,1.92858,1.93011,-0.109279,-0.109279,0.676486,0.674952,0.0138058,0.0184078,2.0448,2.04633,
15177.4,-0.115049,-0.116583,-0.480136,-0.480136,1.92858,1.93011,-0.109279,-0.109279,0.676486,0.674952,0.0138058,0.0184078,2.0448,2.04633,
15197.3,-0.115049,-0.116583,-0.480136,-0.478602,1.92858,1.93011,-0.109279,-0.109279,0.676486,0.67802,0.0138058,0.0168738,2.0448,2.04633,
15217.3,-0.115049,-0.116583,-0.480136,-0.478602,1.92858,1.93011,-0.109279,-0.109279,0.676486,0.67802,0.0138058,0.0168738,2.0448,2.04633,
15237.3,-0.115049,-0.116583,-0.480136,-0.478602,1.92858,1.93011,-0.109279,-0.109279,0.676486,0.67802,0.0138058,0.0168738,2.0448,2.04633,
15257.3,-0.115049,-0.116583,-0.480136,-0.478602,1.92858,1.93011,-0.109279,-0.109279,0.676486,0.67802,0.0138058,0.0168738,2.0448,2.04633,
15277.2,-0.115049,-0.116583,-0.480136,-0.478602,1.92858,1.93011,-0.109279,-0.109279,0.676486,0.67802,0.0138058,0.0168738,2.0448,2.04633,
15297.2,-0.115049,-0.116583,-0.480136,-0.478602,1.92858,1.93011,-0.109279,-0.109279,0.676486,0.67802,0.0138058,0.0168738,2.0448,2.04633,
15317.2,-0.115049,-0.116583,-0.480136,-0.478602,1.92858,1.93011,-0.109279,-0.109279,0.676486,0.67802,0.0138058,0.0168738,2.0448,2.04633,
15337.2,-0.115049,-0.116583,-0.480136,-0.478602,1.92858,1.93011,-0.109279,-0.109279,0.676486,0.67802,0.0138058,0.0168738,2.0448,2.04633,
15357.2,-0.115049,-0.116583,-0.480136,-0.478602,1.92858,1.93011,-0.109279,-0.109279,0.676486,0.67802,0.0138058,0.0168738,2.0448,2.04633,
15377.2,-0.115049,-0.116583,-0.480136,-0.478602,1.92858,1.93011,-0.109279,-0.109279,0.676486,0.67802,0.0138058,0.0168738,2.0448,2.04633,
15397.2,-0.115049,-0.116583,-0.480136,-0.478602,1.92858,1.93011,-0.109279,-0.109279,0.676486,0.67802,0.0138058,0.0168738,2.0448,2.04633,
15417.3,-0.115049,-0.116583,-0.480136,-0.478602,1.92858,1.93011,-0.109279,-0.109279,0.676486,0.67802,0.0138058,0.0168738,2.0448,2.04633,
15437.2,-0.115049,-0.116583,-0.480136,-0.478602,1.92858,1.93011,-0.109279,-0.109279,0.676486,0.67802,0.0138058,0.0168738,2.0448,2.04633,
15457.2,-0.115049,-0.116583,-0.480136,-0.478602,1.92858,1.93011,-0.109279,-0.109279,0.676486,0.67802,0.0138058,0.0168738,2.0448,2.04633,
15477.2,-0.115049,-0.116583,-0.480136,-0.478602,1.92858,1.93011,-0.109279,-0.109279,0.676486,0.67802,0.0138058,0.0168738,2.0448,2.04633,
15497.2,-0.115049,-0.116583,-0.480136,-0.478602,1.92858,1.93011,-0.109279,-0.109279,0.676486,0.67802,0.0138058,0.0168738,2.0448,2.04633,
15517.2,-0.115049,-0.116583,-0.480136,-0.478602,1.92858,1.93011,-0.109279,-0.109279,0.676486,0.67802,0.0138058,0.0168738,2.0448,2.04633,
15537.3,-0.115049,-0.116583,-0.480136,-0.478602,1.92858,1.93011,-0.109279,-0.109279,0.676486,0.67802,0.0138058,0.0168738,2.0448,2.04633,
15557.3,-0.115049,-0.116583,-0.480136,-0.478602,1.92858,1.93011,-0.109279,-0.109279,0.676486,0.67802,0.0138058,0.0153398,2.0448,2.04633,
15577.2,-0.115049,-0.116583,-0.480136,-0.478602,1.92858,1.93011,-0.109279,-0.109279,0.676486,0.67802,0.0138058,0.0153398,2.0448,2.04633,
15597.3,-0.115049,-0.116583,-0.480136,-0.478602,1.92858,1.93011,-0.109279,-0.109279,0.676486,0.67802,0.0138058,0.0153398,2.0448,2.04633,
15617.2,-0.115049,-0.116583,-0.480136,-0.478602,1.92858,1.93011,-0.109279,-0.109279,0.676486,0.676486,0.0138058,0.0153398,2.0448,2.04633,
15637.2,-0.115049,-0.116583,-0.480136,-0.478602,1.92858,1.93011,-0.109279,-0.109279,0.676486,0.676486,0.0138058,0.0153398,2.0448,2.04633,
15657.3,-0.115049,-0.116583,-0.480136,-0.478602,1.92858,1.93011,-0.109279,-0.109279,0.676486,0.676486,0.0138058,0.0153398,2.0448,2.04633,
15677.3,-0.115049,-0.116583,-0.480136,-0.478602,1.92858,1.93011,-0.109279,-0.109279,0.676486,0.676486,0.0138058,0.0153398,2.0448,2.04633,
15697.3,-0.115049,-0.116583,-0.480136,-0.478602,1.92858,1.93011,-0.109279,-0.109279,0.676486,0.676486,0.0138058,0.0153398,2.0448,2.04633,
15717.3,-0.115049,-0.116583,-0.480136,-0.478602,1.92858,1.93011,-0.109279,-0.109279,0.676486,0.676486,0.0138058,0.0153398,2.0448,2.04633,
15737.3,-0.115049,-0.116583,-0.480136,-0.478602,1.92858,1.93011,-0.109279,-0.109279,0.676486,0.676486,0.0138058,0.0153398,2.0448,2.04633,
15757.2,-0.115049,-0.116583,-0.480136,-0.478602,1.92858,1.93011,-0.109279,-0.109279,0.676486,0.676486,0.0138058,0.0153398,2.0448,2.04633,
15777.2,-0.115049,-0.116583,-0.480136,-0.478602,1.92858,1.93011,-0.109279,-0.109279,0.676486,0.676486,0.0138058,0.0153398,2.0448,2.04633,
15797.2,-0.115049,-0.118117,-0.480136,-0.478602,1.92858,1.93011,-0.109279,-0.109279,0.676486,0.676486,0.0138058,0.0153398,2.0448,2.04633,
15817.3,-0.115049,-0.118117,-0.480136,-0.478602,1.92858,1.93011,-0.109279,-0.109279,0.676486,0.676486,0.0138058,0.0153398,2.0448,2.04633,
15837.3,-0.115049,-0.118117,-0.480136,-0.478602,1.92858,1.93011,-0.109279,-0.109279,0.676486,0.676486,0.0138058,0.0153398,2.0448,2.04633,
15857.4,-0.115049,-0.118117,-0.480136,-0.478602,1.92858,1.93011,-0.109279,-0.109279,0.676486,0.676486,0.0138058,0.0153398,2.0448,2.04633,
15877.4,-0.115049,-0.118117,-0.480136,-0.478602,1.92858,1.93011,-0.109279,-0.109279,0.676486,0.676486,0.0138058,0.0153398,2.0448,2.04633,
15897.3,-0.115049,-0.118117,-0.480136,-0.478602,1.92858,1.93011,-0.109279,-0.109279,0.676486,0.676486,0.0138058,0.0153398,2.0448,2.04633,
15917.3,-0.115049,-0.118117,-0.480136,-0.478602,1.92858,1.93011,-0.109279,-0.109279,0.676486,0.676486,0.0138058,0.0153398,2.0448,2.04633,
15937.2,-0.115049,-0.118117,-0.480136,-0.478602,1.92858,1.93011,-0.109279,-0.109279,0.676486,0.676486,0.0138058,0.0153398,2.0448,2.04633,
15957.2,-0.115049,-0.118117,-0.480136,-0.478602,1.92858,1.93011,-0.109279,-0.109279,0.676486,0.676486,0.0138058,0.0153398,2.0448,2.04633,
15977.2,-0.115049,-0.118117,-0.480136,-0.478602,1.92858,1.93011,-0.109279,-0.109279,0.676486,0.676486,0.0138058,0.0153398,2.0448,2.04633,
15997.2,-0.115049,-0.118117,-0.480136,-0.480136,1.92858,1.93165,-0.109279,-0.109279,0.676486,0.676486,0.0138058,0.0153398,2.0448,2.04633,
16017.2,-0.115049,-0.118117,-0.480136,-0.480136,1.92858,1.93165,-0.109279,-0.109279,0.676486,0.676486,0.0138058,0.0153398,2.0448,2.04633,
16037.3,-0.115049,-0.118117,-0.480136,-0.480136,1.92858,1.93165,-0.109279,-0.109279,0.676486,0.676486,0.0138058,0.0153398,2.0448,2.04633,
16057.3,-0.115049,-0.118117,-0.480136,-0.480136,1.92858,1.93165,-0.109279,-0.109279,0.676486,0.676486,0.0138058,0.0153398,2.0448,2.04633,
16077.3,-0.115049,-0.118117,-0.480136,-0.480136,1.92858,1.93165,-0.109279,-0.109279,0.676486,0.676486,0.0138058,0.0153398,2.0448,2.04633,
16097.3,-0.115049,-0.118117,-0.480136,-0.478602,1.92858,1.93165,-0.109279,-0.109279,0.676486,0.676486,0.0138058,0.0153398,2.0448,2.04633,
16117.3,-0.115049,-0.118117,-0.480136,-0.478602,1.92858,1.93165,-0.109279,-0.109279,0.676486,0.676486,0.0138058,0.0153398,2.0448,2.04633,
16137.3,-0.115049,-0.118117,-0.480136,-0.478602,1.92858,1.93165,-0.109279,-0.109279,0.676486,0.676486,0.0138058,0.0153398,2.0448,2.04633,
16157.4,-0.115049,-0.118117,-0.480136,-0.478602,1.92858,1.93165,-0.109279,-0.109279,0.676486,0.676486,0.0138058,0.0153398,2.0448,2.04633,
16177.2,-0.115049,-0.118117,-0.480136,-0.478602,1.92858,1.93165,-0.109279,-0.109279,0.676486,0.676486,0.0138058,0.0153398,2.0448,2.04633,
16197.2,-0.115049,-0.118117,-0.480136,-0.478602,1.92858,1.93165,-0.109279,-0.109279,0.676486,0.676486,0.0138058,0.0153398,2.0448,2.04633,
16217.3,-0.115049,-0.118117,-0.480136,-0.478602,1.92858,1.93165,-0.109279,-0.109279,0.676486,0.676486,0.0138058,0.0153398,2.0448,2.04633,
16237.3,-0.115049,-0.118117,-0.480136,-0.478602,1.92858,1.93165,-0.109279,-0.109279,0.676486,0.676486,0.0138058,0.0153398,2.0448,2.04633,
16257.3,-0.115049,-0.118117,-0.480136,-0.478602,1.92858,1.93165,-0.109279,-0.109279,0.676486,0.676486,0.0138058,0.0153398,2.0448,2.04633,
16277.3,-0.115049,-0.118117,-0.480136,-0.478602,1.92858,1.93165,-0.109279,-0.109279,0.676486,0.676486,0.0138058,0.0153398,2.0448,2.04633,
16297.2,-0.115049,-0.118117,-0.480136,-0.478602,1.92858,1.93165,-0.109279,-0.109279,0.676486,0.676486,0.0138058,0.0153398,2.0448,2.04633,
16317.3,-0.115049,-0.116583,-0.480136,-0.478602,1.92858,1.93165,-0.109279,-0.109279,0.676486,0.676486,0.0138058,0.0168738,2.0448,2.0448,
16337.3,-0.115049,-0.116583,-0.480136,-0.478602,1.92858,1.93165,-0.109279,-0.109279,0.676486,0.676486,0.0138058,0.0168738,2.0448,2.0448,
16357.2,-0.115049,-0.116583,-0.480136,-0.478602,1.92858,1.93165,-0.109279,-0.109279,0.676486,0.676486,0.0138058,0.0168738,2.0448,2.0448,
16377.3,-0.115049,-0.116583,-0.480136,-0.478602,1.92858,1.93165,-0.109279,-0.109279,0.676486,0.676486,0.0138058,0.0168738,2.0448,2.0448,
16397.2,-0.115049,-0.116583,-0.480136,-0.478602,1.92858,1.93165,-0.109279,-0.109279,0.676486,0.676486,0.0138058,0.0168738,2.0448,2.0448,
16417.2,-0.115049,-0.116583,-0.480136,-0.480136,1.92858,1.93011,-0.109279,-0.109279,0.676486,0.676486,0.0138058,0.0168738,2.0448,2.0448,
16437.2,-0.115049,-0.116583,-0.480136,-0.480136,1.92858,1.93011,-0.109279,-0.109279,0.676486,0.676486,0.0138058,0.0168738,2.0448,2.0448,
16457.3,-0.115049,-0.116583,-0.480136,-0.480136,1.92858,1.93011,-0.109279,-0.109279,0.676486,0.676486,0.0138058,0.0168738,2.0448,2.0448,
16477.8,-0.115049,-0.116583,-0.480136,-0.480136,1.92858,1.93011,-0.109279,-0.109279,0.676486,0.676486,0.0138058,0.0168738,2.0448,2.0448,
16497.2,-0.115049,-0.116583,-0.480136,-0.480136,1.92858,1.93011,-0.109279,-0.109279,0.676486,0.676486,0.0138058,0.0168738,2.0448,2.0448,
16517.2,-0.115049,-0.116583,-0.480136,-0.480136,1.92858,1.93011,-0.109279,-0.109279,0.676486,0.676486,0.0138058,0.0168738,2.0448,2.0448,
16537.3,-0.115049,-0.116583,-0.480136,-0.480136,1.92858,1.93011,-0.109279,-0.109279,0.676486,0.676486,0.0138058,0.0168738,2.0448,2.0448,
16557.2,-0.115049,-0.116583,-0.480136,-0.480136,1.92858,1.93011,-0.109279,-0.109279,0.676486,0.676486,0.0138058,0.0168738,2.0448,2.0448,
16577.3,-0.115049,-0.116583,-0.480136,-0.480136,1.92858,1.93011,-0.109279,-0.109279,0.676486,0.676486,0.0138058,0.0168738,2.0448,2.0448,
16597.2,-0.115049,-0.118117,-0.480136,-0.480136,1.92858,1.93011,-0.109279,-0.109279,0.676486,0.676486,0.0138058,0.0168738,2.0448,2.0448,
16617.2,-0.115049,-0.118117,-0.480136,-0.480136,1.92858,1.93011,-0.109279,-0.109279,0.676486,0.676486,0.0138058,0.0168738,2.0448,2.0448,
16637.2,-0.115049,-0.118117,-0.480136,-0.480136,1.92858,1.93011,-0.109279,-0.109279,0.676486,0.676486,0.0138058,0.0168738,2.0448,2.0448,
16657.2,-0.115049,-0.118117,-0.480136,-0.480136,1.92858,1.93011,-0.109279,-0.109279,0.676486,0.676486,0.0138058,0.0168738,2.0448,2.0448,
16677.2,-0.115049,-0.118117,-0.480136,-0.480136,1.92858,1.93011,-0.109279,-0.109279,0.676486,0.676486,0.0138058,0.0168738,2.0448,2.0448,
16697.2,-0.115049,-0.118117,-0.480136,-0.480136,1.92858,1.93011,-0.109279,-0.109279,0.676486,0.676486,0.0138058,0.0168738,2.0448,2.0448,
16717.2,-0.115049,-0.118117,-0.480136,-0.480136,1.92858,1.93165,-0.109279,-0.109279,0.676486,0.676486,0.0138058,0.0153398,2.0448,2.0448,
16737.3,-0.115049,-0.118117,-0.480136,-0.480136,1.92858,1.93165,-0.109279,-0.109279,0.676486,0.676486,0.0138058,0.0153398,2.0448,2.0448,
16757.2,-0.115049,-0.118117,-0.480136,-0.480136,1.92858,1.93165,-0.109279,-0.109279,0.676486,0.676486,0.0138058,0.0153398,2.0448,2.0448,
16777.2,-0.115049,-0.118117,-0.480136,-0.480136,1.92858,1.93165,-0.109279,-0.109279,0.676486,0.676486,0.0138058,0.0153398,2.0448,2.0448,
16797.2,-0.115049,-0.118117,-0.480136,-0.480136,1.92858,1.93165,-0.109279,-0.109279,0.676486,0.676486,0.0138058,0.0153398,2.0448,2.0448,
16817.3,-0.115049,-0.116583,-0.480136,-0.480136,1.92858,1.93011,-0.109279,-0.109279,0.676486,0.676486,0.0138058,0.0153398,2.0448,2.0448,
16837.3,-0.115049,-0.116583,-0.480136,-0.480136,1.92858,1.93011,-0.109279,-0.109279,0.676486,0.676486,0.0138058,0.0153398,2.0448,2.0448,
16857.3,-0.115049,-0.116583,-0.480136,-0.480136,1.92858,1.93011,-0.109279,-0.109279,0.676486,0.676486,0.0138058,0.0153398,2.0448,2.0448,
16877.3,-0.115049,-0.116583,-0.480136,-0.480136,1.92858,1.93011,-0.109279,-0.109279,0.676486,0.676486,0.0138058,0.0153398,2.0448,2.0448,
16897.3,-0.115049,-0.116583,-0.480136,-0.478602,1.92858,1.93011,-0.109279,-0.107745,0.676486,0.676486,0.0138058,0.0168738,2.0448,2.0448,
16917.3,-0.115049,-0.116583,-0.480136,-0.478602,1.92858,1.93011,-0.109279,-0.107745,0.676486,0.676486,0.0138058,0.0168738,2.0448,2.0448,
16937.3,-0.115049,-0.116583,-0.480136,-0.478602,1.92858,1.93011,-0.109279,-0.107745,0.676486,0.676486,0.0138058,0.0168738,2.0448,2.0448,
16957.3,-0.115049,-0.116583,-0.480136,-0.478602,1.92858,1.93011,-0.109279,-0.107745,0.676486,0.676486,0.0138058,0.0168738,2.0448,2.0448,
16977.3,-0.115049,-0.116583,-0.480136,-0.478602,1.92858,1.93011,-0.109279,-0.107745,0.676486,0.676486,0.0138058,0.0168738,2.0448,2.0448,
16997.3,-0.115049,-0.116583,-0.480136,-0.478602,1.92858,1.93165,-0.109279,-0.107745,0.676486,0.676486,0.0138058,0.0168738,2.0448,2.0448,
17017.3,-0.115049,-0.116583,-0.480136,-0.478602,1.92858,1.93165,-0.109279,-0.107745,0.676486,0.676486,0.0138058,0.0168738,2.0448,2.0448,
17037.3,-0.115049,-0.116583,-0.480136,-0.478602,1.92858,1.93165,-0.109279,-0.107745,0.676486,0.676486,0.0138058,0.0168738,2.0448,2.0448,
17057.3,-0.115049,-0.116583,-0.480136,-0.478602,1.92858,1.93165,-0.109279,-0.107745,0.676486,0.676486,0.0138058,0.0168738,2.0448,2.0448,
17077.3,-0.115049,-0.116583,-0.480136,-0.478602,1.92858,1.93165,-0.109279,-0.107745,0.676486,0.676486,0.0138058,0.0168738,2.0448,2.0448,
17097.2,-0.115049,-0.116583,-0.480136,-0.478602,1.92858,1.93165,-0.109279,-0.107745,0.676486,0.676486,0.0138058,0.0168738,2.0448,2.0448,
17117.3,-0.115049,-0.116583,-0.480136,-0.480136,1.92858,1.93011,-0.109279,-0.109279,0.676486,0.676486,0.0138058,0.0168738,2.0448,2.0448,
17137.4,-0.115049,-0.116583,-0.480136,-0.480136,1.92858,1.93011,-0.109279,-0.109279,0.676486,0.676486,0.0138058,0.0168738,2.0448,2.0448,
17157.3,-0.115049,-0.116583,-0.480136,-0.480136,1.92858,1.93011,-0.109279,-0.109279,0.676486,0.676486,0.0138058,0.0168738,2.0448,2.0448,
17177.3,-0.115049,-0.116583,-0.480136,-0.480136,1.92858,1.93011,-0.109279,-0.109279,0.676486,0.676486,0.0138058,0.0168738,2.0448,2.0448,
17197.3,-0.115049,-0.116583,-0.480136,-0.480136,1.92858,1.93011,-0.109279,-0.109279,0.676486,0.676486,0.0138058,0.0168738,2.0448,2.0448,
17217.3,-0.115049,-0.116583,-0.480136,-0.480136,1.92858,1.93011,-0.109279,-0.109279,0.676486,0.676486,0.0138058,0.0168738,2.0448,2.0448,
17237.3,-0.115049,-0.116583,-0.480136,-0.480136,1.92858,1.93011,-0.109279,-0.109279,0.676486,0.676486,0.0138058,0.0168738,2.0448,2.0448,
17257.3,-0.115049,-0.116583,-0.480136,-0.480136,1.92858,1.93011,-0.109279,-0.109279,0.676486,0.676486,0.0138058,0.0168738,2.0448,2.0448,
17277.3,-0.115049,-0.116583,-0.480136,-0.480136,1.92858,1.93011,-0.109279,-0.109279,0.676486,0.676486,0.0138058,0.0168738,2.0448,2.0448,
17297.2,-0.115049,-0.116583,-0.480136,-0.480136,1.92858,1.93165,-0.109279,-0.109279,0.676486,0.676486,0.0138058,0.0153398,2.0448,2.0448,
17317.3,-0.115049,-0.116583,-0.480136,-0.480136,1.92858,1.93165,-0.109279,-0.109279,0.676486,0.676486,0.0138058,0.0153398,2.0448,2.0448,
17337.3,-0.115049,-0.116583,-0.480136,-0.480136,1.92858,1.93165,-0.109279,-0.109279,0.676486,0.676486,0.0138058,0.0153398,2.0448,2.0448,
17357.3,-0.115049,-0.116583,-0.480136,-0.480136,1.92858,1.93165,-0.109279,-0.109279,0.676486,0.676486,0.0138058,0.0153398,2.0448,2.0448,
17377.3,-0.115049,-0.116583,-0.480136,-0.480136,1.92858,1.93165,-0.109279,-0.109279,0.676486,0.676486,0.0138058,0.0153398,2.0448,2.0448,
17397.3,-0.115049,-0.116583,-0.480136,-0.480136,1.92858,1.93165,-0.109279,-0.109279,0.676486,0.676486,0.0138058,0.0153398,2.0448,2.0448,
17417.3,-0.115049,-0.116583,-0.480136,-0.480136,1.92858,1.93165,-0.109279,-0.109279,0.676486,0.676486,0.0138058,0.0153398,2.0448,2.0448,
17437.3,-0.115049,-0.116583,-0.480136,-0.480136,1.92858,1.93165,-0.109279,-0.109279,0.676486,0.676486,0.0138058,0.0153398,2.0448,2.0448,
17457.3,-0.115049,-0.116583,-0.480136,-0.480136,1.92858,1.93165,-0.109279,-0.109279,0.676486,0.676486,0.0138058,0.0153398,2.0448,2.0448,
17477.3,-0.115049,-0.116583,-0.480136,-0.480136,1.92858,1.93165,-0.109279,-0.109279,0.676486,0.676486,0.0138058,0.0153398,2.0448,2.0448,
17497.4,-0.115049,-0.116583,-0.480136,-0.480136,1.92858,1.93165,-0.109279,-0.109279,0.676486,0.676486,0.0138058,0.0153398,2.0448,2.0448,
17517.3,-0.115049,-0.116583,-0.480136,-0.480136,1.92858,1.93011,-0.109279,-0.109279,0.676486,0.676486,0.0138058,0.0168738,2.0448,2.0448,
17537.3,-0.115049,-0.116583,-0.480136,-0.480136,1.92858,1.93011,-0.109279,-0.109279,0.676486,0.676486,0.0138058,0.0168738,2.0448,2.0448,
17557.3,-0.115049,-0.116583,-0.480136,-0.480136,1.92858,1.93011,-0.109279,-0.109279,0.676486,0.676486,0.0138058,0.0168738,2.0448,2.0448,
17577.3,-0.115049,-0.116583,-0.480136,-0.480136,1.92858,1.93011,-0.109279,-0.109279,0.676486,0.676486,0.0138058,0.0168738,2.0448,2.0448,
17597.3,-0.115049,-0.116583,-0.480136,-0.480136,1.92858,1.93165,-0.109279,-0.109279,0.676486,0.676486,0.0138058,0.0168738,2.0448,2.0448,
17617.2,-0.115049,-0.116583,-0.480136,-0.480136,1.92858,1.93165,-0.109279,-0.109279,0.676486,0.676486,0.0138058,0.0168738,2.0448,2.0448,
17637.3,-0.115049,-0.116583,-0.480136,-0.480136,1.92858,1.93165,-0.109279,-0.109279,0.676486,0.676486,0.0138058,0.0168738,2.0448,2.0448,
17657.3,-0.115049,-0.116583,-0.480136,-0.480136,1.92858,1.93165,-0.109279,-0.109279,0.676486,0.676486,0.0138058,0.0168738,2.0448,2.0448,
17677.4,-0.115049,-0.116583,-0.480136,-0.480136,1.92858,1.93165,-0.109279,-0.109279,0.676486,0.676486,0.0138058,0.0168738,2.0448,2.0448,
17697.2,-0.115049,-0.116583,-0.480136,-0.480136,1.92858,1.93165,-0.109279,-0.109279,0.676486,0.676486,0.0138058,0.0168738,2.0448,2.0448,
17717.2,-0.115049,-0.116583,-0.480136,-0.480136,1.92858,1.93165,-0.109279,-0.109279,0.676486,0.676486,0.0138058,0.0168738,2.0448,2.0448,
17737.3,-0.115049,-0.116583,-0.480136,-0.480136,1.92858,1.93165,-0.109279,-0.109279,0.676486,0.676486,0.0138058,0.0168738,2.0448,2.0448,
17757.3,-0.115049,-0.116583,-0.480136,-0.480136,1.92858,1.93165,-0.109279,-0.109279,0.676486,0.676486,0.0138058,0.0168738,2.0448,2.0448,
17777.3,-0.115049,-0.116583,-0.480136,-0.480136,1.92858,1.93165,-0.109279,-0.109279,0.676486,0.676486,0.0138058,0.0168738,2.0448,2.0448,
17797.3,-0.115049,-0.116583,-0.480136,-0.480136,1.92858,1.93165,-0.109279,-0.109279,0.676486,0.676486,0.0138058,0.0168738,2.0448,2.0448,
17817.3,-0.115049,-0.116583,-0.480136,-0.480136,1.92858,1.93165,-0.109279,-0.109279,0.676486,0.676486,0.0138058,0.0168738,2.0448,2.0448,
17837.3,-0.115049,-0.116583,-0.480136,-0.480136,1.92858,1.93165,-0.109279,-0.109279,0.676486,0.676486,0.0138058,0.0168738,2.0448,2.0448,
17857.3,-0.115049,-0.116583,-0.480136,-0.480136,1.92858,1.93165,-0.109279,-0.109279,0.676486,0.676486,0.0138058,0.0168738,2.0448,2.0448,
17877.3,-0.115049,-0.116583,-0.480136,-0.480136,1.92858,1.93165,-0.109279,-0.109279,0.676486,0.676486,0.0138058,0.0168738,2.0448,2.0448,
17897.3,-0.115049,-0.116583,-0.480136,-0.480136,1.92858,1.93165,-0.109279,-0.109279,0.676486,0.676486,0.0138058,0.0168738,2.0448,2.0448,
17917.4,-0.115049,-0.115049,-0.480136,-0.480136,1.92858,1.93165,-0.109279,-0.109279,0.676486,0.676486,0.0138058,0.0168738,2.0448,2.0448,
17937.2,-0.115049,-0.115049,-0.480136,-0.480136,1.92858,1.93165,-0.109279,-0.109279,0.676486,0.676486,0.0138058,0.0168738,2.0448,2.0448,
17957.2,-0.115049,-0.115049,-0.480136,-0.480136,1.92858,1.93165,-0.109279,-0.109279,0.676486,0.676486,0.0138058,0.0168738,2.0448,2.0448,
17977.2,-0.115049,-0.115049,-0.480136,-0.480136,1.92858,1.93165,-0.109279,-0.109279,0.676486,0.676486,0.0138058,0.0168738,2.0448,2.0448,
17997.2,-0.115049,-0.115049,-0.480136,-0.480136,1.92858,1.93165,-0.109279,-0.109279,0.676486,0.676486,0.0138058,0.0153398,2.0448,2.0448,
18017.2,-0.115049,-0.115049,-0.480136,-0.480136,1.92858,1.93165,-0.109279,-0.109279,0.676486,0.676486,0.0138058,0.0153398,2.0448,2.0448,
18037.3,-0.115049,-0.115049,-0.480136,-0.480136,1.92858,1.93165,-0.109279,-0.109279,0.676486,0.676486,0.0138058,0.0153398,2.0448,2.0448,
18057.3,-0.115049,-0.115049,-0.480136,-0.480136,1.92858,1.93165,-0.109279,-0.109279,0.676486,0.676486,0.0138058,0.0153398,2.0448,2.0448,
18077.2,-0.115049,-0.115049,-0.480136,-0.480136,1.92858,1.93165,-0.109279,-0.109279,0.676486,0.676486,0.0138058,0.0153398,2.0448,2.0448,
18097.2,-0.115049,-0.116583,-0.480136,-0.480136,1.92858,1.93011,-0.109279,-0.109279,0.676486,0.676486,0.0138058,0.0168738,2.0448,2.0448,
18117.2,-0.115049,-0.116583,-0.480136,-0.480136,1.92858,1.93011,-0.109279,-0.109279,0.676486,0.676486,0.0138058,0.0168738,2.0448,2.0448,
18137.2,-0.115049,-0.116583,-0.480136,-0.480136,1.92858,1.93011,-0.109279,-0.109279,0.676486,0.676486,0.0138058,0.0168738,2.0448,2.0448,
18157.3,-0.115049,-0.116583,-0.480136,-0.480136,1.92858,1.93011,-0.109279,-0.109279,0.676486,0.676486,0.0138058,0.0168738,2.0448,2.0448,
18177.3,-0.115049,-0.116583,-0.480136,-0.480136,1.92858,1.93011,-0.109279,-0.109279,0.676486,0.676486,0.0138058,0.0168738,2.0448,2.0448,
18197.3,-0.115049,-0.116583,-0.480136,-0.480136,1.92858,1.93165,-0.109279,-0.109279,0.676486,0.676486,0.0138058,0.0153398,2.0448,2.0448,
18217.3,-0.115049,-0.116583,-0.480136,-0.480136,1.92858,1.93165,-0.109279,-0.109279,0.676486,0.676486,0.0138058,0.0153398,2.0448,2.0448,
18237.3,-0.115049,-0.116583,-0.480136,-0.480136,1.92858,1.93165,-0.109279,-0.109279,0.676486,0.676486,0.0138058,0.0153398,2.0448,2.0448,
18257.3,-0.115049,-0.116583,-0.480136,-0.480136,1.92858,1.93165,-0.109279,-0.109279,0.676486,0.676486,0.0138058,0.0153398,2.0448,2.0448,
18277.3,-0.115049,-0.116583,-0.480136,-0.480136,1.92858,1.93165,-0.109279,-0.109279,0.676486,0.676486,0.0138058,0.0153398,2.0448,2.0448,
18297.3,-0.115049,-0.116583,-0.480136,-0.480136,1.92858,1.93165,-0.109279,-0.109279,0.676486,0.676486,0.0138058,0.0153398,2.0448,2.0448,
18317.3,-0.115049,-0.116583,-0.480136,-0.478602,1.92858,1.93165,-0.109279,-0.107745,0.676486,0.676486,0.0138058,0.0153398,2.0448,2.0448,
18337.3,-0.115049,-0.116583,-0.480136,-0.478602,1.92858,1.93165,-0.109279,-0.107745,0.676486,0.676486,0.0138058,0.0153398,2.0448,2.0448,
18357.3,-0.115049,-0.116583,-0.480136,-0.478602,1.92858,1.93165,-0.109279,-0.107745,0.676486,0.676486,0.0138058,0.0153398,2.0448,2.0448,
18377.2,-0.115049,-0.116583,-0.480136,-0.478602,1.92858,1.93165,-0.109279,-0.107745,0.676486,0.676486,0.0138058,0.0153398,2.0448,2.0448,
18397.3,-0.115049,-0.115049,-0.480136,-0.480136,1.92858,1.93011,-0.109279,-0.109279,0.676486,0.676486,0.0138058,0.0153398,2.0448,2.0448,
18417.3,-0.115049,-0.115049,-0.480136,-0.480136,1.92858,1.93011,-0.109279,-0.109279,0.676486,0.676486,0.0138058,0.0153398,2.0448,2.0448,
18437.3,-0.115049,-0.115049,-0.480136,-0.480136,1.92858,1.93011,-0.109279,-0.109279,0.676486,0.676486,0.0138058,0.0153398,2.0448,2.0448,
18457.3,-0.115049,-0.115049,-0.480136,-0.480136,1.92858,1.93011,-0.109279,-0.109279,0.676486,0.676486,0.0138058,0.0153398,2.0448,2.0448,
18477.3,-0.115049,-0.115049,-0.480136,-0.480136,1.92858,1.93011,-0.109279,-0.109279,0.676486,0.676486,0.0138058,0.0153398,2.0448,2.0448,
18497.3,-0.115049,-0.115049,-0.480136,-0.480136,1.92858,1.93165,-0.109279,-0.109279,0.676486,0.676486,0.0138058,0.0168738,2.0448,2.0448,
18517.3,-0.115049,-0.115049,-0.480136,-0.480136,1.92858,1.93165,-0.109279,-0.109279,0.676486,0.676486,0.0138058,0.0168738,2.0448,2.0448,
18537.3,-0.115049,-0.115049,-0.480136,-0.480136,1.92858,1.93165,-0.109279,-0.109279,0.676486,0.676486,0.0138058,0.0168738,2.0448,2.0448,
18557.3,-0.115049,-0.115049,-0.480136,-0.480136,1.92858,1.93165,-0.109279,-0.109279,0.676486,0.676486,0.0138058,0.0168738,2.0448,2.0448,
18577.4,-0.115049,-0.115049,-0.480136,-0.480136,1.92858,1.93165,-0.109279,-0.109279,0.676486,0.676486,0.0138058,0.0168738,2.0448,2.0448,
18597.4,-0.115049,-0.115049,-0.480136,-0.478602,1.92858,1.93165,-0.109279,-0.109279,0.676486,0.676486,0.0138058,0.0153398,2.0448,2.0448,
18617.4,-0.115049,-0.115049,-0.480136,-0.478602,1.92858,1.93165,-0.109279,-0.109279,0.676486,0.676486,0.0138058,0.0153398,2.0448,2.0448,
18637.4,-0.115049,-0.115049,-0.480136,-0.478602,1.92858,1.93165,-0.109279,-0.109279,0.676486,0.676486,0.0138058,0.0153398,2.0448,2.0448,
18657.4,-0.115049,-0.115049,-0.480136,-0.478602,1.92858,1.93165,-0.109279,-0.109279,0.676486,0.676486,0.0138058,0.0153398,2.0448,2.0448,
18677.3,-0.115049,-0.115049,-0.480136,-0.478602,1.92858,1.93165,-0.109279,-0.109279,0.676486,0.676486,0.0138058,0.0153398,2.0448,2.0448,
18697.4,-0.115049,-0.115049,-0.480136,-0.478602,1.92858,1.93165,-0.109279,-0.109279,0.676486,0.676486,0.0138058,0.0153398,2.0448,2.0448,
18717.3,-0.115049,-0.115049,-0.480136,-0.480136,1.92858,1.93011,-0.109279,-0.109279,0.676486,0.676486,0.0138058,0.0153398,2.0448,2.0448,
18737.3,-0.115049,-0.115049,-0.480136,-0.480136,1.92858,1.93011,-0.109279,-0.109279,0.676486,0.676486,0.0138058,0.0153398,2.0448,2.0448,
18757.3,-0.115049,-0.115049,-0.480136,-0.480136,1.92858,1.93011,-0.109279,-0.109279,0.676486,0.676486,0.0138058,0.0153398,2.0448,2.0448,
18777.3,-0.115049,-0.115049,-0.480136,-0.480136,1.92858,1.93011,-0.109279,-0.109279,0.676486,0.676486,0.0138058,0.0153398,2.0448,2.0448,
18797.4,-0.115049,-0.115049,-0.480136,-0.480136,1.92858,1.93011,-0.109279,-0.109279,0.676486,0.676486,0.0138058,0.0153398,2.0448,2.0448,
18817.3,-0.115049,-0.115049,-0.480136,-0.480136,1.92858,1.93165,-0.109279,-0.109279,0.676486,0.676486,0.0138058,0.0168738,2.0448,2.0448,
18837.4,-0.115049,-0.115049,-0.480136,-0.480136,1.92858,1.93165,-0.109279,-0.109279,0.676486,0.676486,0.0138058,0.0168738,2.0448,2.0448,
18857.4,-0.115049,-0.115049,-0.480136,-0.480136,1.92858,1.93165,-0.109279,-0.109279,0.676486,0.676486,0.0138058,0.0168738,2.0448,2.0448,
18877.3,-0.115049,-0.115049,-0.480136,-0.480136,1.92858,1.93165,-0.109279,-0.109279,0.676486,0.676486,0.0138058,0.0168738,2.0448,2.0448,
18897.4,-0.115049,-0.115049,-0.480136,-0.480136,1.92858,1.93011,-0.109279,-0.109279,0.676486,0.676486,0.0138058,0.0168738,2.0448,2.0448,
18917.2,-0.115049,-0.115049,-0.480136,-0.480136,1.92858,1.93011,-0.109279,-0.109279,0.676486,0.676486,0.0138058,0.0168738,2.0448,2.0448,
18937.3,-0.115049,-0.115049,-0.480136,-0.480136,1.92858,1.93011,-0.109279,-0.109279,0.676486,0.676486,0.0138058,0.0168738,2.0448,2.0448,
18957.3,-0.115049,-0.115049,-0.480136,-0.480136,1.92858,1.93011,-0.109279,-0.109279,0.676486,0.676486,0.0138058,0.0168738,2.0448,2.0448,
18977.3,-0.115049,-0.115049,-0.480136,-0.480136,1.92858,1.93011,-0.109279,-0.109279,0.676486,0.676486,0.0138058,0.0168738,2.0448,2.0448,
18997.2,-0.115049,-0.115049,-0.480136,-0.480136,1.92858,1.93011,-0.109279,-0.109279,0.676486,0.676486,0.0138058,0.0153398,2.0448,2.0448,
19017.3,-0.115049,-0.115049,-0.480136,-0.480136,1.92858,1.93011,-0.109279,-0.109279,0.676486,0.676486,0.0138058,0.0153398,2.0448,2.0448,
19037.4,-0.115049,-0.115049,-0.480136,-0.480136,1.92858,1.93011,-0.109279,-0.109279,0.676486,0.676486,0.0138058,0.0153398,2.0448,2.0448,
19057.4,-0.115049,-0.115049,-0.480136,-0.480136,1.92858,1.93011,-0.109279,-0.109279,0.676486,0.676486,0.0138058,0.0153398,2.0448,2.0448,
19077.4,-0.115049,-0.115049,-0.480136,-0.480136,1.92858,1.93011,-0.109279,-0.109279,0.676486,0.676486,0.0138058,0.0153398,2.0448,2.0448,
19097.3,-0.115049,-0.115049,-0.480136,-0.480136,1.92858,1.93011,-0.109279,-0.109279,0.676486,0.676486,0.0138058,0.0153398,2.0448,2.0448,
19117.3,-0.115049,-0.115049,-0.480136,-0.480136,1.92858,1.93165,-0.109279,-0.109279,0.676486,0.676486,0.0138058,0.0153398,2.0448,2.0448,
19137.3,-0.115049,-0.115049,-0.480136,-0.480136,1.92858,1.93165,-0.109279,-0.109279,0.676486,0.676486,0.0138058,0.0153398,2.0448,2.0448,
19157.4,-0.115049,-0.115049,-0.480136,-0.480136,1.92858,1.93165,-0.109279,-0.109279,0.676486,0.676486,0.0138058,0.0153398,2.0448,2.0448,
19177.3,-0.115049,-0.115049,-0.480136,-0.480136,1.92858,1.93165,-0.109279,-0.109279,0.676486,0.676486,0.0138058,0.0153398,2.0448,2.0448,
19197.3,-0.115049,-0.115049,-0.480136,-0.480136,1.92858,1.93165,-0.109279,-0.109279,0.676486,0.676486,0.0138058,0.0168738,2.0448,2.0448,
19217.3,-0.115049,-0.115049,-0.480136,-0.480136,1.92858,1.93165,-0.109279,-0.109279,0.676486,0.676486,0.0138058,0.0168738,2.0448,2.0448,
19237.3,-0.115049,-0.115049,-0.480136,-0.480136,1.92858,1.93165,-0.109279,-0.109279,0.676486,0.676486,0.0138058,0.0168738,2.0448,2.0448,
19257.3,-0.115049,-0.115049,-0.480136,-0.480136,1.92858,1.93165,-0.109279,-0.109279,0.676486,0.676486,0.0138058,0.0168738,2.0448,2.0448,
19277.3,-0.115049,-0.115049,-0.480136,-0.480136,1.92858,1.93165,-0.109279,-0.109279,0.676486,0.676486,0.0138058,0.0168738,2.0448,2.0448,
19297.2,-0.115049,-0.115049,-0.480136,-0.480136,1.92858,1.93011,-0.109279,-0.109279,0.676486,0.676486,0.0138058,0.0153398,2.0448,2.0448,
19317.3,-0.115049,-0.115049,-0.480136,-0.480136,1.92858,1.93011,-0.109279,-0.109279,0.676486,0.676486,0.0138058,0.0153398,2.0448,2.0448,
19337.2,-0.115049,-0.115049,-0.480136,-0.480136,1.92858,1.93011,-0.109279,-0.109279,0.676486,0.676486,0.0138058,0.0153398,2.0448,2.0448,
19357.3,-0.115049,-0.115049,-0.480136,-0.480136,1.92858,1.93011,-0.109279,-0.109279,0.676486,0.676486,0.0138058,0.0153398,2.0448,2.0448,
19377.2,-0.115049,-0.115049,-0.480136,-0.480136,1.92858,1.93011,-0.109279,-0.109279,0.676486,0.676486,0.0138058,0.0153398,2.0448,2.0448,
19397.2,-0.115049,-0.116583,-0.480136,-0.480136,1.92858,1.93011,-0.109279,-0.109279,0.676486,0.676486,0.0138058,0.0168738,2.0448,2.0448,
19417.3,-0.115049,-0.116583,-0.480136,-0.480136,1.92858,1.93011,-0.109279,-0.109279,0.676486,0.676486,0.0138058,0.0168738,2.0448,2.0448,
19437.2,-0.115049,-0.116583,-0.480136,-0.480136,1.92858,1.93011,-0.109279,-0.109279,0.676486,0.676486,0.0138058,0.0168738,2.0448,2.0448,
19457.2,-0.115049,-0.116583,-0.480136,-0.480136,1.92858,1.93011,-0.109279,-0.109279,0.676486,0.676486,0.0138058,0.0168738,2.0448,2.0448,
19477.3,-0.115049,-0.116583,-0.480136,-0.480136,1.92858,1.93011,-0.109279,-0.109279,0.676486,0.676486,0.0138058,0.0168738,2.0448,2.0448,
19497.2,-0.115049,-0.116583,-0.480136,-0.480136,1.92858,1.93011,-0.109279,-0.109279,0.676486,0.676486,0.0138058,0.0168738,2.0448,2.0448,
19517.3,-0.115049,-0.115049,-0.480136,-0.480136,1.92858,1.93165,-0.109279,-0.109279,0.676486,0.676486,0.0138058,0.0168738,2.0448,2.0448,
19537.2,-0.115049,-0.115049,-0.480136,-0.480136,1.92858,1.93165,-0.109279,-0.109279,0.676486,0.676486,0.0138058,0.0168738,2.0448,2.0448,
19557.2,-0.115049,-0.115049,-0.480136,-0.480136,1.92858,1.93165,-0.109279,-0.109279,0.676486,0.676486,0.0138058,0.0168738,2.0448,2.0448,
19577.2,-0.115049,-0.115049,-0.480136,-0.480136,1.92858,1.93165,-0.109279,-0.109279,0.676486,0.676486,0.0138058,0.0168738,2.0448,2.0448,
19597.2,-0.115049,-0.116583,-0.480136,-0.480136,1.92858,1.93011,-0.109279,-0.109279,0.676486,0.676486,0.0138058,0.0168738,2.0448,2.0448,
19617.3,-0.115049,-0.116583,-0.480136,-0.480136,1.92858,1.93011,-0.109279,-0.109279,0.676486,0.676486,0.0138058,0.0168738,2.0448,2.0448,
19637.3,-0.115049,-0.116583,-0.480136,-0.480136,1.92858,1.93011,-0.109279,-0.109279,0.676486,0.676486,0.0138058,0.0168738,2.0448,2.0448,
19657.3,-0.115049,-0.116583,-0.480136,-0.480136,1.92858,1.93011,-0.109279,-0.109279,0.676486,0.676486,0.0138058,0.0168738,2.0448,2.0448,
19677.3,-0.115049,-0.116583,-0.480136,-0.480136,1.92858,1.93011,-0.109279,-0.109279,0.676486,0.676486,0.0138058,0.0168738,2.0448,2.0448,
19697.2,-0.115049,-0.115049,-0.480136,-0.480136,1.92858,1.93165,-0.109279,-0.109279,0.676486,0.676486,0.0138058,0.0168738,2.0448,2.0448,
19717.3,-0.115049,-0.115049,-0.480136,-0.480136,1.92858,1.93165,-0.109279,-0.109279,0.676486,0.676486,0.0138058,0.0168738,2.0448,2.0448,
19737.2,-0.115049,-0.115049,-0.480136,-0.480136,1.92858,1.93165,-0.109279,-0.109279,0.676486,0.676486,0.0138058,0.0168738,2.0448,2.0448,
19757.2,-0.115049,-0.115049,-0.480136,-0.480136,1.92858,1.93165,-0.109279,-0.109279,0.676486,0.676486,0.0138058,0.0168738,2.0448,2.0448,
19777.2,-0.115049,-0.115049,-0.480136,-0.480136,1.92858,1.93165,-0.109279,-0.109279,0.676486,0.676486,0.0138058,0.0168738,2.0448,2.0448,
19797.2,-0.115049,-0.115049,-0.480136,-0.480136,1.92858,1.93165,-0.109279,-0.109279,0.676486,0.676486,0.0138058,0.0168738,2.0448,2.0448,
19817.2,-0.115049,-0.115049,-0.480136,-0.480136,1.92858,1.93165,-0.109279,-0.109279,0.676486,0.676486,0.0138058,0.0168738,2.0448,2.0448,
19837.3,-0.115049,-0.115049,-0.480136,-0.478602,1.92858,1.93011,-0.109279,-0.109279,0.676486,0.676486,0.0138058,0.0168738,2.0448,2.0448,
19857.3,-0.115049,-0.115049,-0.480136,-0.478602,1.92858,1.93011,-0.109279,-0.109279,0.676486,0.676486,0.0138058,0.0168738,2.0448,2.0448,
19877.3,-0.115049,-0.115049,-0.480136,-0.478602,1.92858,1.93011,-0.109279,-0.109279,0.676486,0.676486,0.0138058,0.0168738,2.0448,2.0448,
19897.3,-0.115049,-0.115049,-0.480136,-0.478602,1.92858,1.93011,-0.109279,-0.109279,0.676486,0.676486,0.0138058,0.0168738,2.0448,2.0448,
19917.2,-0.115049,-0.115049,-0.480136,-0.480136,1.92858,1.93011,-0.109279,-0.109279,0.676486,0.676486,0.0138058,0.0168738,2.0448,2.0448,
19937.2,-0.115049,-0.115049,-0.480136,-0.480136,1.92858,1.93011,-0.109279,-0.109279,0.676486,0.676486,0.0138058,0.0168738,2.0448,2.0448,
19957.2,-0.115049,-0.115049,-0.480136,-0.480136,1.92858,1.93011,-0.109279,-0.109279,0.676486,0.676486,0.0138058,0.0168738,2.0448,2.0448,
19977.3,-0.115049,-0.115049,-0.480136,-0.480136,1.92858,1.93011,-0.109279,-0.109279,0.676486,0.676486,0.0138058,0.0168738,2.0448,2.0448,
19997.3,-0.115049,-0.115049,-0.480136,-0.480136,1.92858,1.93011,-0.109279,-0.109279,0.676486,0.676486,0.0138058,0.0168738,2.0448,2.0448,
20017.3,-0.115049,-0.115049,-0.480136,-0.480136,1.92858,1.93165,-0.109279,-0.109279,0.676486,0.676486,0.0138058,0.0153398,2.0448,2.0448,
20037.3,-0.115049,-0.115049,-0.480136,-0.480136,1.92858,1.93165,-0.109279,-0.109279,0.676486,0.676486,0.0138058,0.0153398,2.0448,2.0448,
20057.3,-0.115049,-0.115049,-0.480136,-0.480136,1.92858,1.93165,-0.109279,-0.109279,0.676486,0.676486,0.0138058,0.0153398,2.0448,2.0448,
20077.4,-0.115049,-0.115049,-0.480136,-0.480136,1.92858,1.93165,-0.109279,-0.109279,0.676486,0.676486,0.0138058,0.0153398,2.0448,2.0448,
20097.3,-0.115049,-0.115049,-0.480136,-0.480136,1.92858,1.93011,-0.109279,-0.109279,0.676486,0.676486,0.0138058,0.0153398,2.0448,2.0448,
20117.3,-0.115049,-0.115049,-0.480136,-0.480136,1.92858,1.93011,-0.109279,-0.109279,0.676486,0.676486,0.0138058,0.0153398,2.0448,2.0448,
20137.4,-0.115049,-0.115049,-0.480136,-0.480136,1.92858,1.93011,-0.109279,-0.109279,0.676486,0.676486,0.0138058,0.0153398,2.0448,2.0448,
20157.3,-0.115049,-0.115049,-0.480136,-0.480136,1.92858,1.93011,-0.109279,-0.109279,0.676486,0.676486,0.0138058,0.0153398,2.0448,2.0448,
20177.3,-0.115049,-0.115049,-0.480136,-0.480136,1.92858,1.93011,-0.109279,-0.109279,0.676486,0.676486,0.0138058,0.0153398,2.0448,2.0448,
20197.3,-0.115049,-0.115049,-0.480136,-0.480136,1.92858,1.93011,-0.109279,-0.109279,0.676486,0.676486,0.0138058,0.0153398,2.0448,2.0448,
20217.4,-0.115049,-0.115049,-0.480136,-0.480136,1.92858,1.93011,-0.109279,-0.109279,0.676486,0.676486,0.0138058,0.0153398,2.0448,2.0448,
20237.3,-0.115049,-0.115049,-0.480136,-0.480136,1.92858,1.93011,-0.109279,-0.109279,0.676486,0.676486,0.0138058,0.0153398,2.0448,2.0448,
20257.3,-0.115049,-0.115049,-0.480136,-0.480136,1.92858,1.93011,-0.109279,-0.109279,0.676486,0.676486,0.0138058,0.0153398,2.0448,2.0448,
20277.3,-0.115049,-0.115049,-0.480136,-0.480136,1.92858,1.93011,-0.109279,-0.109279,0.676486,0.676486,0.0138058,0.0153398,2.0448,2.0448,
20297.2,-0.115049,-0.115049,-0.480136,-0.480136,1.92858,1.93011,-0.109279,-0.109279,0.676486,0.676486,0.0138058,0.0153398,2.0448,2.0448,
20317.2,-0.115049,-0.115049,-0.480136,-0.480136,1.92858,1.93011,-0.109279,-0.109279,0.676486,0.676486,0.0138058,0.0168738,2.0448,2.0448,
20337.2,-0.115049,-0.115049,-0.480136,-0.480136,1.92858,1.93011,-0.109279,-0.109279,0.676486,0.676486,0.0138058,0.0168738,2.0448,2.0448,
20357.2,-0.115049,-0.115049,-0.480136,-0.480136,1.92858,1.93011,-0.109279,-0.109279,0.676486,0.676486,0.0138058,0.0168738,2.0448,2.0448,
20377.2,-0.115049,-0.115049,-0.480136,-0.480136,1.92858,1.93011,-0.109279,-0.109279,0.676486,0.676486,0.0138058,0.0168738,2.0448,2.0448,
20397.2,-0.115049,-0.115049,-0.480136,-0.480136,1.92858,1.93011,-0.109279,-0.109279,0.676486,0.676486,0.0138058,0.0168738,2.0448,2.0448,
20417.2,-0.115049,-0.115049,-0.480136,-0.480136,1.92858,1.93011,-0.109279,-0.109279,0.676486,0.676486,0.0138058,0.0168738,2.0448,2.0448,
20437.2,-0.115049,-0.115049,-0.480136,-0.480136,1.92858,1.93011,-0.109279,-0.109279,0.676486,0.676486,0.0138058,0.0168738,2.0448,2.0448,
20457.2,-0.115049,-0.115049,-0.480136,-0.480136,1.92858,1.93011,-0.109279,-0.109279,0.676486,0.676486,0.0138058,0.0168738,2.0448,2.0448,
20477.3,-0.115049,-0.115049,-0.480136,-0.480136,1.92858,1.93011,-0.109279,-0.109279,0.676486,0.676486,0.0138058,0.0168738,2.0448,2.0448,
20497.3,-0.115049,-0.115049,-0.480136,-0.480136,1.92858,1.93011,-0.109279,-0.107745,0.676486,0.676486,0.0138058,0.0153398,2.0448,2.0448,
20517.3,-0.115049,-0.115049,-0.480136,-0.480136,1.92858,1.93011,-0.109279,-0.107745,0.676486,0.676486,0.0138058,0.0153398,2.0448,2.0448,
20537.3,-0.115049,-0.115049,-0.480136,-0.480136,1.92858,1.93011,-0.109279,-0.107745,0.676486,0.676486,0.0138058,0.0153398,2.0448,2.0448,
20557.3,-0.115049,-0.115049,-0.480136,-0.480136,1.92858,1.93011,-0.109279,-0.107745,0.676486,0.676486,0.0138058,0.0153398,2.0448,2.0448,
20577.3,-0.115049,-0.115049,-0.480136,-0.480136,1.92858,1.93011,-0.109279,-0.107745,0.676486,0.676486,0.0138058,0.0153398,2.0448,2.0448,
20597.3,-0.115049,-0.115049,-0.480136,-0.480136,1.92858,1.93011,-0.109279,-0.109279,0.676486,0.676486,0.0138058,0.0168738,2.0448,2.0448,
20617.4,-0.115049,-0.115049,-0.480136,-0.480136,1.92858,1.93011,-0.109279,-0.109279,0.676486,0.676486,0.0138058,0.0168738,2.0448,2.0448,
20637.3,-0.115049,-0.115049,-0.480136,-0.480136,1.92858,1.93011,-0.109279,-0.109279,0.676486,0.676486,0.0138058,0.0168738,2.0448,2.0448,
20657.2,-0.115049,-0.115049,-0.480136,-0.480136,1.92858,1.93011,-0.109279,-0.109279,0.676486,0.676486,0.0138058,0.0168738,2.0448,2.0448,
20677.3,-0.115049,-0.115049,-0.480136,-0.480136,1.92858,1.93011,-0.109279,-0.109279,0.676486,0.676486,0.0138058,0.0168738,2.0448,2.0448,
20697.4,-0.115049,-0.115049,-0.480136,-0.480136,1.92858,1.93011,-0.109279,-0.109279,0.676486,0.676486,0.0138058,0.0168738,2.0448,2.0448,
20717.3,-0.115049,-0.115049,-0.480136,-0.480136,1.92858,1.93011,-0.109279,-0.109279,0.676486,0.676486,0.0138058,0.0153398,2.0448,2.0448,
20737.3,-0.115049,-0.115049,-0.480136,-0.480136,1.92858,1.93011,-0.109279,-0.109279,0.676486,0.676486,0.0138058,0.0153398,2.0448,2.0448,
20757.3,-0.115049,-0.115049,-0.480136,-0.480136,1.92858,1.93011,-0.109279,-0.109279,0.676486,0.676486,0.0138058,0.0153398,2.0448,2.0448,
20777.3,-0.115049,-0.115049,-0.480136,-0.480136,1.92858,1.93011,-0.109279,-0.109279,0.676486,0.676486,0.0138058,0.0153398,2.0448,2.0448,
20797.2,-0.115049,-0.115049,-0.480136,-0.480136,1.92858,1.93011,-0.109279,-0.109279,0.676486,0.676486,0.0138058,0.0153398,2.0448,2.0448,
20817.3,-0.115049,-0.115049,-0.480136,-0.480136,1.92858,1.93011,-0.109279,-0.109279,0.676486,0.676486,0.0138058,0.0153398,2.0448,2.0448,
20837.3,-0.115049,-0.115049,-0.480136,-0.480136,1.92858,1.93011,-0.109279,-0.109279,0.676486,0.676486,0.0138058,0.0153398,2.0448,2.0448,
20857.3,-0.115049,-0.115049,-0.480136,-0.480136,1.92858,1.93011,-0.109279,-0.109279,0.676486,0.676486,0.0138058,0.0153398,2.0448,2.0448,
20877.2,-0.115049,-0.115049,-0.480136,-0.480136,1.92858,1.93011,-0.109279,-0.109279,0.676486,0.676486,0.0138058,0.0153398,2.0448,2.0448,
20897.3,-0.115049,-0.115049,-0.480136,-0.480136,1.92858,1.93165,-0.109279,-0.109279,0.676486,0.676486,0.0138058,0.0168738,2.0448,2.0448,
20917.3,-0.115049,-0.115049,-0.480136,-0.480136,1.92858,1.93165,-0.109279,-0.109279,0.676486,0.676486,0.0138058,0.0168738,2.0448,2.0448,
20937.3,-0.115049,-0.115049,-0.480136,-0.480136,1.92858,1.93165,-0.109279,-0.109279,0.676486,0.676486,0.0138058,0.0168738,2.0448,2.0448,
20957.3,-0.115049,-0.115049,-0.480136,-0.480136,1.92858,1.93165,-0.109279,-0.109279,0.676486,0.676486,0.0138058,0.0168738,2.0448,2.0448,
20977.3,-0.115049,-0.115049,-0.480136,-0.480136,1.92858,1.93165,-0.109279,-0.109279,0.676486,0.676486,0.0138058,0.0168738,2.0448,2.0448,
20997.3,-0.115049,-0.115049,-0.480136,-0.480136,1.92858,1.93011,-0.109279,-0.109279,0.676486,0.676486,0.0138058,0.0168738,2.0448,2.0448,
21017.3,-0.115049,-0.115049,-0.480136,-0.480136,1.92858,1.93011,-0.109279,-0.109279,0.676486,0.676486,0.0138058,0.0168738,2.0448,2.0448,
21037.3,-0.115049,-0.115049,-0.480136,-0.480136,1.92858,1.93011,-0.109279,-0.109279,0.676486,0.676486,0.0138058,0.0168738,2.0448,2.0448,
21057.2,-0.115049,-0.115049,-0.480136,-0.480136,1.92858,1.93011,-0.109279,-0.109279,0.676486,0.676486,0.0138058,0.0168738,2.0448,2.0448,
21077.2,-0.115049,-0.115049,-0.480136,-0.480136,1.92858,1.93011,-0.109279,-0.109279,0.676486,0.676486,0.0138058,0.0168738,2.0448,2.0448,
21097.3,-0.115049,-0.115049,-0.480136,-0.480136,1.92858,1.93011,-0.109279,-0.109279,0.676486,0.676486,0.0138058,0.0168738,2.0448,2.0448,
21117.3,-0.115049,-0.115049,-0.480136,-0.480136,1.92858,1.93011,-0.109279,-0.109279,0.676486,0.676486,0.0138058,0.0153398,2.0448,2.0448,
21137.3,-0.115049,-0.115049,-0.480136,-0.480136,1.92858,1.93011,-0.109279,-0.109279,0.676486,0.676486,0.0138058,0.0153398,2.0448,2.0448,
21157.3,-0.115049,-0.115049,-0.480136,-0.480136,1.92858,1.93011,-0.109279,-0.109279,0.676486,0.676486,0.0138058,0.0153398,2.0448,2.0448,
21177.4,-0.115049,-0.115049,-0.480136,-0.480136,1.92858,1.93011,-0.109279,-0.109279,0.676486,0.676486,0.0138058,0.0153398,2.0448,2.0448,
21197.3,-0.115049,-0.115049,-0.480136,-0.480136,1.92858,1.93011,-0.109279,-0.109279,0.676486,0.676486,0.0138058,0.0168738,2.0448,2.0448,
21217.3,-0.115049,-0.115049,-0.480136,-0.480136,1.92858,1.93011,-0.109279,-0.109279,0.676486,0.676486,0.0138058,0.0168738,2.0448,2.0448,
21237.3,-0.115049,-0.115049,-0.480136,-0.480136,1.92858,1.93011,-0.109279,-0.109279,0.676486,0.676486,0.0138058,0.0168738,2.0448,2.0448,
21257.4,-0.115049,-0.115049,-0.480136,-0.480136,1.92858,1.93011,-0.109279,-0.109279,0.676486,0.676486,0.0138058,0.0168738,2.0448,2.0448,
21277.3,-0.115049,-0.115049,-0.480136,-0.480136,1.92858,1.93011,-0.109279,-0.109279,0.676486,0.676486,0.0138058,0.0168738,2.0448,2.0448,
21297.4,-0.115049,-0.115049,-0.480136,-0.480136,1.92858,1.93011,-0.109279,-0.109279,0.676486,0.676486,0.0138058,0.0168738,2.0448,2.0448,
21317.3,-0.115049,-0.115049,-0.480136,-0.480136,1.92858,1.93011,-0.109279,-0.109279,0.676486,0.676486,0.0138058,0.0168738,2.0448,2.0448,
21337.3,-0.115049,-0.115049,-0.480136,-0.480136,1.92858,1.93011,-0.109279,-0.109279,0.676486,0.676486,0.0138058,0.0168738,2.0448,2.0448,
21357.3,-0.115049,-0.115049,-0.480136,-0.480136,1.92858,1.93011,-0.109279,-0.109279,0.676486,0.676486,0.0138058,0.0168738,2.0448,2.0448,
21377.3,-0.115049,-0.115049,-0.480136,-0.480136,1.92858,1.93011,-0.109279,-0.109279,0.676486,0.676486,0.0138058,0.0168738,2.0448,2.0448,
21397.3,-0.115049,-0.115049,-0.480136,-0.480136,1.92858,1.93011,-0.109279,-0.109279,0.676486,0.676486,0.0138058,0.0168738,2.0448,2.0448,
21417.3,-0.115049,-0.115049,-0.480136,-0.480136,1.92858,1.93011,-0.109279,-0.109279,0.676486,0.676486,0.0138058,0.0168738,2.0448,2.0448,
21437.4,-0.115049,-0.115049,-0.480136,-0.480136,1.92858,1.93011,-0.109279,-0.109279,0.676486,0.676486,0.0138058,0.0168738,2.0448,2.0448,
21457.3,-0.115049,-0.115049,-0.480136,-0.480136,1.92858,1.93011,-0.109279,-0.109279,0.676486,0.676486,0.0138058,0.0168738,2.0448,2.0448,
21477.3,-0.115049,-0.115049,-0.480136,-0.480136,1.92858,1.93011,-0.109279,-0.109279,0.676486,0.676486,0.0138058,0.0168738,2.0448,2.0448,
21497.3,-0.115049,-0.115049,-0.480136,-0.480136,1.92858,1.93011,-0.109279,-0.109279,0.676486,0.676486,0.0138058,0.0168738,2.0448,2.0448,
21517.3,-0.115049,-0.115049,-0.480136,-0.480136,1.92858,1.93011,-0.109279,-0.109279,0.676486,0.676486,0.0138058,0.0168738,2.0448,2.0448,
21537.4,-0.115049,-0.115049,-0.480136,-0.480136,1.92858,1.93011,-0.109279,-0.109279,0.676486,0.676486,0.0138058,0.0168738,2.0448,2.0448,
21557.4,-0.115049,-0.115049,-0.480136,-0.480136,1.92858,1.93011,-0.109279,-0.109279,0.676486,0.676486,0.0138058,0.0168738,2.0448,2.0448,
21577.4,-0.115049,-0.115049,-0.480136,-0.480136,1.92858,1.93011,-0.109279,-0.109279,0.676486,0.676486,0.0138058,0.0168738,2.0448,2.0448,
21597.4,-0.115049,-0.115049,-0.480136,-0.480136,1.92858,1.93011,-0.109279,-0.109279,0.676486,0.676486,0.0138058,0.0168738,2.0448,2.0448,
21617.4,-0.115049,-0.115049,-0.480136,-0.480136,1.92858,1.93011,-0.109279,-0.109279,0.676486,0.676486,0.0138058,0.0168738,2.0448,2.0448,
21637.3,-0.115049,-0.115049,-0.480136,-0.480136,1.92858,1.93011,-0.109279,-0.109279,0.676486,0.676486,0.0138058,0.0168738,2.0448,2.0448,
21657.4,-0.115049,-0.115049,-0.480136,-0.480136,1.92858,1.93011,-0.109279,-0.109279,0.676486,0.676486,0.0138058,0.0168738,2.0448,2.0448,
21677.4,-0.115049,-0.115049,-0.480136,-0.480136,1.92858,1.93011,-0.109279,-0.109279,0.676486,0.676486,0.0138058,0.0168738,2.0448,2.0448,
21697.4,-0.115049,-0.115049,-0.480136,-0.480136,1.92858,1.93011,-0.109279,-0.109279,0.676486,0.676486,0.0138058,0.0153398,2.0448,2.0448,
21717.3,-0.115049,-0.115049,-0.480136,-0.480136,1.92858,1.93011,-0.109279,-0.109279,0.676486,0.676486,0.0138058,0.0153398,2.0448,2.0448,
21737.3,-0.115049,-0.115049,-0.480136,-0.480136,1.92858,1.93011,-0.109279,-0.109279,0.676486,0.676486,0.0138058,0.0153398,2.0448,2.0448,
21757.4,-0.115049,-0.115049,-0.480136,-0.480136,1.92858,1.93011,-0.109279,-0.109279,0.676486,0.676486,0.0138058,0.0153398,2.0448,2.0448,
21777.3,-0.115049,-0.115049,-0.480136,-0.480136,1.92858,1.93011,-0.109279,-0.109279,0.676486,0.676486,0.0138058,0.0153398,2.0448,2.0448,
21797.3,-0.115049,-0.115049,-0.480136,-0.480136,1.92858,1.93011,-0.109279,-0.109279,0.676486,0.676486,0.0138058,0.0168738,2.0448,2.0448,
21817.3,-0.115049,-0.115049,-0.480136,-0.480136,1.92858,1.93011,-0.109279,-0.109279,0.676486,0.676486,0.0138058,0.0168738,2.0448,2.0448,
21837.3,-0.115049,-0.115049,-0.480136,-0.480136,1.92858,1.93011,-0.109279,-0.109279,0.676486,0.676486,0.0138058,0.0168738,2.0448,2.0448,
21857.2,-0.115049,-0.115049,-0.480136,-0.480136,1.92858,1.93011,-0.109279,-0.109279,0.676486,0.676486,0.0138058,0.0168738,2.0448,2.0448,
21877.3,-0.115049,-0.115049,-0.480136,-0.480136,1.92858,1.93011,-0.109279,-0.109279,0.676486,0.676486,0.0138058,0.0168738,2.0448,2.0448,
21897.3,-0.115049,-0.115049,-0.480136,-0.480136,1.92858,1.93011,-0.109279,-0.109279,0.676486,0.676486,0.0138058,0.0168738,2.0448,2.0448,
21917.2,-0.115049,-0.115049,-0.480136,-0.480136,1.92858,1.92858,-0.109279,-0.109279,0.676486,0.676486,0.0138058,0.0153398,2.0448,2.0448,
21937.3,-0.115049,-0.115049,-0.480136,-0.480136,1.92858,1.92858,-0.109279,-0.109279,0.676486,0.676486,0.0138058,0.0153398,2.0448,2.0448,
21957.4,-0.115049,-0.115049,-0.480136,-0.480136,1.92858,1.92858,-0.109279,-0.109279,0.676486,0.676486,0.0138058,0.0153398,2.0448,2.0448,
21977.4,-0.115049,-0.115049,-0.480136,-0.480136,1.92858,1.92858,-0.109279,-0.109279,0.676486,0.676486,0.0138058,0.0153398,2.0448,2.0448,
21997.4,-0.115049,-0.115049,-0.480136,-0.480136,1.92858,1.92858,-0.109279,-0.109279,0.676486,0.676486,0.0138058,0.0153398,2.0448,2.0448,
22017.4,-0.115049,-0.115049,-0.480136,-0.478602,1.92858,1.92858,-0.109279,-0.109279,0.676486,0.676486,0.0138058,0.0153398,2.0448,2.0448,
22037.4,-0.115049,-0.115049,-0.480136,-0.478602,1.92858,1.92858,-0.109279,-0.109279,0.676486,0.676486,0.0138058,0.0153398,2.0448,2.0448,
22057.4,-0.115049,-0.115049,-0.480136,-0.478602,1.92858,1.92858,-0.109279,-0.109279,0.676486,0.676486,0.0138058,0.0153398,2.0448,2.0448,
22077.4,-0.115049,-0.115049,-0.480136,-0.478602,1.92858,1.92858,-0.109279,-0.109279,0.676486,0.676486,0.0138058,0.0153398,2.0448,2.0448,
22097.4,-0.115049,-0.115049,-0.480136,-0.480136,1.92858,1.92858,-0.109279,-0.109279,0.676486,0.676486,0.0138058,0.0168738,2.0448,2.0448,
22117.4,-0.115049,-0.115049,-0.480136,-0.480136,1.92858,1.92858,-0.109279,-0.109279,0.676486,0.676486,0.0138058,0.0168738,2.0448,2.0448,
22137.3,-0.115049,-0.115049,-0.480136,-0.480136,1.92858,1.92858,-0.109279,-0.109279,0.676486,0.676486,0.0138058,0.0168738,2.0448,2.0448,
22157.3,-0.115049,-0.115049,-0.480136,-0.480136,1.92858,1.92858,-0.109279,-0.109279,0.676486,0.676486,0.0138058,0.0168738,2.0448,2.0448,
22177.3,-0.115049,-0.115049,-0.480136,-0.480136,1.92858,1.92858,-0.109279,-0.109279,0.676486,0.676486,0.0138058,0.0168738,2.0448,2.0448,
22197.3,-0.115049,-0.115049,-0.480136,-0.480136,1.92858,1.92858,-0.109279,-0.109279,0.676486,0.676486,0.0138058,0.0168738,2.0448,2.0448,
22217.3,-0.115049,-0.115049,-0.480136,-0.480136,1.92858,1.92858,-0.109279,-0.109279,0.676486,0.676486,0.0138058,0.0168738,2.0448,2.0448,
22237.3,-0.115049,-0.115049,-0.480136,-0.480136,1.92858,1.92858,-0.109279,-0.109279,0.676486,0.676486,0.0138058,0.0168738,2.0448,2.0448,
22257.3,-0.115049,-0.115049,-0.480136,-0.480136,1.92858,1.92858,-0.109279,-0.109279,0.676486,0.676486,0.0138058,0.0168738,2.0448,2.0448,
22277.3,-0.115049,-0.115049,-0.480136,-0.480136,1.92858,1.92858,-0.109279,-0.109279,0.676486,0.676486,0.0138058,0.0168738,2.0448,2.0448,
22297.4,-0.115049,-0.115049,-0.480136,-0.480136,1.92858,1.92858,-0.109279,-0.109279,0.676486,0.676486,0.0138058,0.0168738,2.0448,2.0448,
22317.3,-0.115049,-0.115049,-0.480136,-0.480136,1.92858,1.92858,-0.109279,-0.109279,0.676486,0.676486,0.0138058,0.0168738,2.0448,2.0448,
22337.4,-0.115049,-0.115049,-0.480136,-0.480136,1.92858,1.92858,-0.109279,-0.109279,0.676486,0.676486,0.0138058,0.0168738,2.0448,2.0448,
22357.3,-0.115049,-0.115049,-0.480136,-0.480136,1.92858,1.92858,-0.109279,-0.109279,0.676486,0.676486,0.0138058,0.0168738,2.0448,2.0448,
22377.4,-0.115049,-0.115049,-0.480136,-0.480136,1.92858,1.92858,-0.109279,-0.109279,0.676486,0.676486,0.0138058,0.0168738,2.0448,2.0448,
22397.3,-0.115049,-0.115049,-0.480136,-0.480136,1.92858,1.92858,-0.109279,-0.109279,0.676486,0.676486,0.0138058,0.0153398,2.0448,2.0448,
22417.3,-0.115049,-0.115049,-0.480136,-0.480136,1.92858,1.92858,-0.109279,-0.109279,0.676486,0.676486,0.0138058,0.0153398,2.0448,2.0448,
22437.3,-0.115049,-0.115049,-0.480136,-0.480136,1.92858,1.92858,-0.109279,-0.109279,0.676486,0.676486,0.0138058,0.0153398,2.0448,2.0448,
22457.4,-0.115049,-0.115049,-0.480136,-0.480136,1.92858,1.92858,-0.109279,-0.109279,0.676486,0.676486,0.0138058,0.0153398,2.0448,2.0448,
22477.4,-0.115049,-0.115049,-0.480136,-0.480136,1.92858,1.92858,-0.109279,-0.109279,0.676486,0.676486,0.0138058,0.0153398,2.0448,2.0448,
22497.4,-0.115049,-0.116583,-0.480136,-0.480136,1.92858,1.93011,-0.109279,-0.109279,0.676486,0.676486,0.0138058,0.0153398,2.0448,2.0448,
22517.3,-0.115049,-0.116583,-0.480136,-0.480136,1.92858,1.93011,-0.109279,-0.109279,0.676486,0.676486,0.0138058,0.0153398,2.0448,2.0448,
22537.4,-0.115049,-0.116583,-0.480136,-0.480136,1.92858,1.93011,-0.109279,-0.109279,0.676486,0.676486,0.0138058,0.0153398,2.0448,2.0448,
22557.4,-0.115049,-0.116583,-0.480136,-0.480136,1.92858,1.93011,-0.109279,-0.109279,0.676486,0.676486,0.0138058,0.0153398,2.0448,2.0448,
22577.4,-0.115049,-0.116583,-0.480136,-0.480136,1.92858,1.93011,-0.109279,-0.109279,0.676486,0.676486,0.0138058,0.0153398,2.0448,2.0448,
22597.3,-0.115049,-0.115049,-0.480136,-0.480136,1.92858,1.92858,-0.109279,-0.109279,0.676486,0.676486,0.0138058,0.0153398,2.0448,2.0448,
22617.3,-0.115049,-0.115049,-0.480136,-0.480136,1.92858,1.92858,-0.109279,-0.109279,0.676486,0.676486,0.0138058,0.0153398,2.0448,2.0448,
22637.3,-0.115049,-0.115049,-0.480136,-0.480136,1.92858,1.92858,-0.109279,-0.109279,0.676486,0.676486,0.0138058,0.0153398,2.0448,2.0448,
22657.3,-0.115049,-0.115049,-0.480136,-0.480136,1.92858,1.92858,-0.109279,-0.109279,0.676486,0.676486,0.0138058,0.0153398,2.0448,2.0448,
22677.4,-0.115049,-0.115049,-0.480136,-0.480136,1.92858,1.92858,-0.109279,-0.109279,0.676486,0.676486,0.0138058,0.0153398,2.0448,2.0448,
22697.4,-0.115049,-0.115049,-0.480136,-0.480136,1.92858,1.92858,-0.109279,-0.109279,0.676486,0.676486,0.0138058,0.0153398,2.0448,2.0448,
22717.3,-0.115049,-0.115049,-0.480136,-0.480136,1.92858,1.93011,-0.109279,-0.109279,0.676486,0.676486,0.0138058,0.0153398,2.0448,2.0448,
22737.4,-0.115049,-0.115049,-0.480136,-0.480136,1.92858,1.93011,-0.109279,-0.109279,0.676486,0.676486,0.0138058,0.0153398,2.0448,2.0448,
22757.4,-0.115049,-0.115049,-0.480136,-0.480136,1.92858,1.93011,-0.109279,-0.109279,0.676486,0.676486,0.0138058,0.0153398,2.0448,2.0448,
22777.4,-0.115049,-0.115049,-0.480136,-0.480136,1.92858,1.93011,-0.109279,-0.109279,0.676486,0.676486,0.0138058,0.0153398,2.0448,2.0448,
22797.4,-0.115049,-0.115049,-0.480136,-0.480136,1.92858,1.93011,-0.109279,-0.109279,0.676486,0.676486,0.0138058,0.0153398,2.0448,2.0448,
22817.3,-0.115049,-0.115049,-0.480136,-0.480136,1.92858,1.93011,-0.109279,-0.109279,0.676486,0.676486,0.0138058,0.0153398,2.0448,2.0448,
22837.3,-0.115049,-0.115049,-0.480136,-0.480136,1.92858,1.93011,-0.109279,-0.109279,0.676486,0.676486,0.0138058,0.0153398,2.0448,2.0448,
22857.3,-0.115049,-0.115049,-0.480136,-0.480136,1.92858,1.93011,-0.109279,-0.109279,0.676486,0.676486,0.0138058,0.0153398,2.0448,2.0448,
22877.3,-0.115049,-0.115049,-0.480136,-0.480136,1.92858,1.93011,-0.109279,-0.109279,0.676486,0.676486,0.0138058,0.0153398,2.0448,2.0448,
22897.3,-0.115049,-0.115049,-0.480136,-0.480136,1.92858,1.92858,-0.109279,-0.109279,0.676486,0.676486,0.0138058,0.0168738,2.0448,2.0448,
22917.4,-0.115049,-0.115049,-0.480136,-0.480136,1.92858,1.92858,-0.109279,-0.109279,0.676486,0.676486,0.0138058,0.0168738,2.0448,2.0448,
22937.3,-0.115049,-0.115049,-0.480136,-0.480136,1.92858,1.92858,-0.109279,-0.109279,0.676486,0.676486,0.0138058,0.0168738,2.0448,2.0448,
22957.3,-0.115049,-0.115049,-0.480136,-0.480136,1.92858,1.92858,-0.109279,-0.109279,0.676486,0.676486,0.0138058,0.0168738,2.0448,2.0448,
22977.4,-0.115049,-0.115049,-0.480136,-0.480136,1.92858,1.92858,-0.109279,-0.109279,0.676486,0.676486,0.0138058,0.0168738,2.0448,2.0448,
22997.3,-0.115049,-0.115049,-0.480136,-0.480136,1.92858,1.93011,-0.109279,-0.109279,0.676486,0.676486,0.0138058,0.0168738,2.0448,2.0448,
23017.4,-0.115049,-0.115049,-0.480136,-0.480136,1.92858,1.93011,-0.109279,-0.109279,0.676486,0.676486,0.0138058,0.0168738,2.0448,2.0448,
23037.3,-0.115049,-0.115049,-0.480136,-0.480136,1.92858,1.93011,-0.109279,-0.109279,0.676486,0.676486,0.0138058,0.0168738,2.0448,2.0448,
23057.3,-0.115049,-0.115049,-0.480136,-0.480136,1.92858,1.93011,-0.109279,-0.109279,0.676486,0.676486,0.0138058,0.0168738,2.0448,2.0448,
23077.4,-0.115049,-0.115049,-0.480136,-0.480136,1.92858,1.93011,-0.109279,-0.109279,0.676486,0.676486,0.0138058,0.0168738,2.0448,2.0448,
23097.4,-0.115049,-0.115049,-0.480136,-0.480136,1.92858,1.93011,-0.109279,-0.109279,0.676486,0.676486,0.0138058,0.0168738,2.0448,2.0448,
23117.4,-0.115049,-0.115049,-0.480136,-0.480136,1.92858,1.92858,-0.109279,-0.109279,0.676486,0.676486,0.0138058,0.0168738,2.0448,2.0448,
23137.4,-0.115049,-0.115049,-0.480136,-0.480136,1.92858,1.92858,-0.109279,-0.109279,0.676486,0.676486,0.0138058,0.0168738,2.0448,2.0448,
23157.4,-0.115049,-0.115049,-0.480136,-0.480136,1.92858,1.92858,-0.109279,-0.109279,0.676486,0.676486,0.0138058,0.0168738,2.0448,2.0448,
23177.4,-0.115049,-0.115049,-0.480136,-0.480136,1.92858,1.92858,-0.109279,-0.109279,0.676486,0.676486,0.0138058,0.0168738,2.0448,2.0448,
23197.2,-0.115049,-0.115049,-0.480136,-0.480136,1.92858,1.92858,-0.109279,-0.109279,0.676486,0.676486,0.0138058,0.0168738,2.0448,2.0448,
23217.3,-0.115049,-0.115049,-0.480136,-0.480136,1.92858,1.93011,-0.109279,-0.109279,0.676486,0.676486,0.0138058,0.0168738,2.0448,2.0448,
23237.4,-0.115049,-0.115049,-0.480136,-0.480136,1.92858,1.93011,-0.109279,-0.109279,0.676486,0.676486,0.0138058,0.0168738,2.0448,2.0448,
23257.4,-0.115049,-0.115049,-0.480136,-0.480136,1.92858,1.93011,-0.109279,-0.109279,0.676486,0.676486,0.0138058,0.0168738,2.0448,2.0448,
23277.3,-0.115049,-0.115049,-0.480136,-0.480136,1.92858,1.93011,-0.109279,-0.109279,0.676486,0.676486,0.0138058,0.0168738,2.0448,2.0448,
23297.3,-0.115049,-0.115049,-0.480136,-0.480136,1.92858,1.92858,-0.109279,-0.109279,0.676486,0.676486,0.0138058,0.0168738,2.0448,2.0448,
23317.3,-0.115049,-0.115049,-0.480136,-0.480136,1.92858,1.92858,-0.109279,-0.109279,0.676486,0.676486,0.0138058,0.0168738,2.0448,2.0448,
23337.3,-0.115049,-0.115049,-0.480136,-0.480136,1.92858,1.92858,-0.109279,-0.109279,0.676486,0.676486,0.0138058,0.0168738,2.0448,2.0448,
23357.4,-0.115049,-0.115049,-0.480136,-0.480136,1.92858,1.92858,-0.109279,-0.109279,0.676486,0.676486,0.0138058,0.0168738,2.0448,2.0448,
23377.4,-0.115049,-0.115049,-0.480136,-0.480136,1.92858,1.92858,-0.109279,-0.109279,0.676486,0.676486,0.0138058,0.0168738,2.0448,2.0448,
23397.4,-0.115049,-0.115049,-0.480136,-0.480136,1.92858,1.92858,-0.109279,-0.109279,0.676486,0.676486,0.0138058,0.0168738,2.0448,2.0448,
23417.3,-0.115049,-0.115049,-0.480136,-0.480136,1.92858,1.92858,-0.109279,-0.109279,0.676486,0.676486,0.0138058,0.0168738,2.0448,2.0448,
23437.3,-0.115049,-0.115049,-0.480136,-0.480136,1.92858,1.92858,-0.109279,-0.109279,0.676486,0.676486,0.0138058,0.0168738,2.0448,2.0448,
23457.3,-0.115049,-0.115049,-0.480136,-0.480136,1.92858,1.92858,-0.109279,-0.109279,0.676486,0.676486,0.0138058,0.0168738,2.0448,2.0448,
23477.3,-0.115049,-0.115049,-0.480136,-0.480136,1.92858,1.92858,-0.109279,-0.109279,0.676486,0.676486,0.0138058,0.0168738,2.0448,2.0448,
23497.2,-0.115049,-0.115049,-0.480136,-0.480136,1.92858,1.92858,-0.109279,-0.109279,0.676486,0.676486,0.0138058,0.0168738,2.0448,2.0448,
23517.2,-0.115049,-0.115049,-0.480136,-0.480136,1.92858,1.92858,-0.109279,-0.109279,0.676486,0.676486,0.0138058,0.0153398,2.0448,2.0448,
23537.2,-0.115049,-0.115049,-0.480136,-0.480136,1.92858,1.92858,-0.109279,-0.109279,0.676486,0.676486,0.0138058,0.0153398,2.0448,2.0448,
23557.2,-0.115049,-0.115049,-0.480136,-0.480136,1.92858,1.92858,-0.109279,-0.109279,0.676486,0.676486,0.0138058,0.0153398,2.0448,2.0448,
23577.2,-0.115049,-0.115049,-0.480136,-0.480136,1.92858,1.92858,-0.109279,-0.109279,0.676486,0.676486,0.0138058,0.0153398,2.0448,2.0448,
23597.2,-0.115049,-0.115049,-0.480136,-0.480136,1.92858,1.92858,-0.109279,-0.109279,0.676486,0.676486,0.0138058,0.0153398,2.0448,2.0448,
23617.3,-0.115049,-0.115049,-0.480136,-0.480136,1.92858,1.92858,-0.109279,-0.109279,0.676486,0.676486,0.0138058,0.0153398,2.0448,2.0448,
23637.2,-0.115049,-0.115049,-0.480136,-0.480136,1.92858,1.92858,-0.109279,-0.109279,0.676486,0.676486,0.0138058,0.0153398,2.0448,2.0448,
23657.2,-0.115049,-0.115049,-0.480136,-0.480136,1.92858,1.92858,-0.109279,-0.109279,0.676486,0.676486,0.0138058,0.0153398,2.0448,2.0448,
23677.2,-0.115049,-0.115049,-0.480136,-0.480136,1.92858,1.92858,-0.109279,-0.109279,0.676486,0.676486,0.0138058,0.0153398,2.0448,2.0448,
23697.2,-0.115049,-0.115049,-0.480136,-0.480136,1.92858,1.92858,-0.109279,-0.109279,0.676486,0.676486,0.0138058,0.0168738,2.0448,2.0448,
23717.3,-0.115049,-0.115049,-0.480136,-0.480136,1.92858,1.92858,-0.109279,-0.109279,0.676486,0.676486,0.0138058,0.0168738,2.0448,2.0448,
23737.2,-0.115049,-0.115049,-0.480136,-0.480136,1.92858,1.92858,-0.109279,-0.109279,0.676486,0.676486,0.0138058,0.0168738,2.0448,2.0448,
23757.2,-0.115049,-0.115049,-0.480136,-0.480136,1.92858,1.92858,-0.109279,-0.109279,0.676486,0.676486,0.0138058,0.0168738,2.0448,2.0448,
23777.3,-0.115049,-0.115049,-0.480136,-0.480136,1.92858,1.92858,-0.109279,-0.109279,0.676486,0.676486,0.0138058,0.0168738,2.0448,2.0448,
23797.4,-0.115049,-0.115049,-0.480136,-0.480136,1.92858,1.92858,-0.109279,-0.109279,0.676486,0.676486,0.0138058,0.0153398,2.0448,2.0448,
23817.3,-0.115049,-0.115049,-0.480136,-0.480136,1.92858,1.92858,-0.109279,-0.109279,0.676486,0.676486,0.0138058,0.0153398,2.0448,2.0448,
23837.3,-0.115049,-0.115049,-0.480136,-0.480136,1.92858,1.92858,-0.109279,-0.109279,0.676486,0.676486,0.0138058,0.0153398,2.0448,2.0448,
23857.3,-0.115049,-0.115049,-0.480136,-0.480136,1.92858,1.92858,-0.109279,-0.109279,0.676486,0.676486,0.0138058,0.0153398,2.0448,2.0448,
23877.2,-0.115049,-0.115049,-0.480136,-0.480136,1.92858,1.92858,-0.109279,-0.109279,0.676486,0.676486,0.0138058,0.0153398,2.0448,2.0448,
23897.2,-0.115049,-0.115049,-0.480136,-0.480136,1.92858,1.92858,-0.109279,-0.109279,0.676486,0.676486,0.0138058,0.0153398,2.0448,2.0448,
23917.3,-0.115049,-0.115049,-0.480136,-0.480136,1.92858,1.92858,-0.109279,-0.109279,0.676486,0.676486,0.0138058,0.0153398,2.0448,2.0448,
23937.2,-0.115049,-0.115049,-0.480136,-0.480136,1.92858,1.92858,-0.109279,-0.109279,0.676486,0.676486,0.0138058,0.0153398,2.0448,2.0448,
23957.2,-0.115049,-0.115049,-0.480136,-0.480136,1.92858,1.92858,-0.109279,-0.109279,0.676486,0.676486,0.0138058,0.0153398,2.0448,2.0448,
23977.2,-0.115049,-0.115049,-0.480136,-0.480136,1.92858,1.92858,-0.109279,-0.109279,0.676486,0.676486,0.0138058,0.0153398,2.0448,2.0448,
23997.2,-0.115049,-0.115049,-0.480136,-0.480136,1.92858,1.92858,-0.109279,-0.109279,0.676486,0.676486,0.0138058,0.0153398,2.0448,2.0448,
24017.2,-0.115049,-0.115049,-0.480136,-0.480136,1.92858,1.92858,-0.109279,-0.109279,0.676486,0.676486,0.0138058,0.0153398,2.0448,2.0448,
24037.2,-0.115049,-0.115049,-0.480136,-0.480136,1.92858,1.92858,-0.109279,-0.109279,0.676486,0.676486,0.0138058,0.0153398,2.0448,2.0448,
24057.3,-0.115049,-0.115049,-0.480136,-0.480136,1.92858,1.92858,-0.109279,-0.109279,0.676486,0.676486,0.0138058,0.0153398,2.0448,2.0448,
24077.3,-0.115049,-0.115049,-0.480136,-0.480136,1.92858,1.92858,-0.109279,-0.109279,0.676486,0.676486,0.0138058,0.0153398,2.0448,2.0448,
24097.2,-0.115049,-0.115049,-0.480136,-0.480136,1.92858,1.92858,-0.109279,-0.109279,0.676486,0.676486,0.0138058,0.0153398,2.0448,2.0448,
24117.3,-0.115049,-0.115049,-0.480136,-0.480136,1.92858,1.92858,-0.109279,-0.109279,0.676486,0.676486,0.0138058,0.0153398,2.0448,2.0448,
24137.3,-0.115049,-0.115049,-0.480136,-0.480136,1.92858,1.92858,-0.109279,-0.109279,0.676486,0.676486,0.0138058,0.0153398,2.0448,2.0448,
24157.4,-0.115049,-0.115049,-0.480136,-0.480136,1.92858,1.92858,-0.109279,-0.109279,0.676486,0.676486,0.0138058,0.0153398,2.0448,2.0448,
24177.3,-0.115049,-0.115049,-0.480136,-0.480136,1.92858,1.92858,-0.109279,-0.109279,0.676486,0.676486,0.0138058,0.0153398,2.0448,2.0448,
24197.2,-0.115049,-0.115049,-0.480136,-0.480136,1.92858,1.92858,-0.109279,-0.109279,0.676486,0.676486,0.0138058,0.0153398,2.0448,2.0448,
24217.2,-0.115049,-0.115049,-0.480136,-0.480136,1.92858,1.92858,-0.109279,-0.109279,0.676486,0.676486,0.0138058,0.0153398,2.0448,2.0448,
24237.3,-0.115049,-0.115049,-0.480136,-0.480136,1.92858,1.92858,-0.109279,-0.109279,0.676486,0.676486,0.0138058,0.0153398,2.0448,2.0448,
24257.3,-0.115049,-0.115049,-0.480136,-0.480136,1.92858,1.92858,-0.109279,-0.109279,0.676486,0.676486,0.0138058,0.0153398,2.0448,2.0448,
24277.3,-0.115049,-0.115049,-0.480136,-0.480136,1.92858,1.92858,-0.109279,-0.109279,0.676486,0.676486,0.0138058,0.0153398,2.0448,2.0448,
24297.3,-0.115049,-0.115049,-0.480136,-0.480136,1.92858,1.92858,-0.109279,-0.109279,0.676486,0.676486,0.0138058,0.0153398,2.0448,2.0448,
24317.3,-0.115049,-0.115049,-0.480136,-0.480136,1.92858,1.93011,-0.109279,-0.109279,0.676486,0.676486,0.0138058,0.0153398,2.0448,2.0448,
24337.4,-0.115049,-0.115049,-0.480136,-0.480136,1.92858,1.93011,-0.109279,-0.109279,0.676486,0.676486,0.0138058,0.0153398,2.0448,2.0448,
24357.4,-0.115049,-0.115049,-0.480136,-0.480136,1.92858,1.93011,-0.109279,-0.109279,0.676486,0.676486,0.0138058,0.0153398,2.0448,2.0448,
24377.4,-0.115049,-0.115049,-0.480136,-0.480136,1.92858,1.93011,-0.109279,-0.109279,0.676486,0.676486,0.0138058,0.0153398,2.0448,2.0448,
24397.2,-0.115049,-0.115049,-0.480136,-0.480136,1.92858,1.93011,-0.109279,-0.109279,0.676486,0.676486,0.0138058,0.0168738,2.0448,2.0448,
24417.3,-0.115049,-0.115049,-0.480136,-0.480136,1.92858,1.93011,-0.109279,-0.109279,0.676486,0.676486,0.0138058,0.0168738,2.0448,2.0448,
24437.3,-0.115049,-0.115049,-0.480136,-0.480136,1.92858,1.93011,-0.109279,-0.109279,0.676486,0.676486,0.0138058,0.0168738,2.0448,2.0448,
24457.3,-0.115049,-0.115049,-0.480136,-0.480136,1.92858,1.93011,-0.109279,-0.109279,0.676486,0.676486,0.0138058,0.0168738,2.0448,2.0448,
24477.3,-0.115049,-0.115049,-0.480136,-0.480136,1.92858,1.93011,-0.109279,-0.109279,0.676486,0.676486,0.0138058,0.0168738,2.0448,2.0448,
24497.3,-0.115049,-0.115049,-0.480136,-0.480136,1.92858,1.92858,-0.109279,-0.109279,0.676486,0.676486,0.0138058,0.0168738,2.0448,2.0448,
24517.3,-0.115049,-0.115049,-0.480136,-0.480136,1.92858,1.92858,-0.109279,-0.109279,0.676486,0.676486,0.0138058,0.0168738,2.0448,2.0448,
24537.3,-0.115049,-0.115049,-0.480136,-0.480136,1.92858,1.92858,-0.109279,-0.109279,0.676486,0.676486,0.0138058,0.0168738,2.0448,2.0448,
24557.3,-0.115049,-0.115049,-0.480136,-0.480136,1.92858,1.92858,-0.109279,-0.109279,0.676486,0.676486,0.0138058,0.0168738,2.0448,2.0448,
24577.4,-0.115049,-0.115049,-0.480136,-0.480136,1.92858,1.92858,-0.109279,-0.109279,0.676486,0.676486,0.0138058,0.0168738,2.0448,2.0448,
24597.4,-0.115049,-0.115049,-0.480136,-0.480136,1.92858,1.92858,-0.109279,-0.109279,0.676486,0.676486,0.0138058,0.0168738,2.0448,2.0448,
24617.3,-0.115049,-0.115049,-0.480136,-0.480136,1.92858,1.92858,-0.109279,-0.109279,0.676486,0.676486,0.0138058,0.0168738,2.0448,2.0448,
24637.4,-0.115049,-0.115049,-0.480136,-0.480136,1.92858,1.92858,-0.109279,-0.109279,0.676486,0.676486,0.0138058,0.0168738,2.0448,2.0448,
24657.3,-0.115049,-0.115049,-0.480136,-0.480136,1.92858,1.92858,-0.109279,-0.109279,0.676486,0.676486,0.0138058,0.0168738,2.0448,2.0448,
24677.4,-0.115049,-0.115049,-0.480136,-0.480136,1.92858,1.92858,-0.109279,-0.109279,0.676486,0.676486,0.0138058,0.0168738,2.0448,2.0448,
24697.3,-0.115049,-0.115049,-0.480136,-0.480136,1.92858,1.92858,-0.109279,-0.109279,0.676486,0.676486,0.0138058,0.0168738,2.0448,2.0448,
24717.3,-0.115049,-0.115049,-0.480136,-0.478602,1.92858,1.92858,-0.109279,-0.109279,0.676486,0.676486,0.0138058,0.0153398,2.0448,2.0448,
24737.4,-0.115049,-0.115049,-0.480136,-0.478602,1.92858,1.92858,-0.109279,-0.109279,0.676486,0.676486,0.0138058,0.0153398,2.0448,2.0448,
24757.4,-0.115049,-0.115049,-0.480136,-0.478602,1.92858,1.92858,-0.109279,-0.109279,0.676486,0.676486,0.0138058,0.0153398,2.0448,2.0448,
24777.3,-0.115049,-0.115049,-0.480136,-0.478602,1.92858,1.92858,-0.109279,-0.109279,0.676486,0.676486,0.0138058,0.0153398,2.0448,2.0448,
24797.3,-0.115049,-0.115049,-0.480136,-0.478602,1.92858,1.92858,-0.109279,-0.109279,0.676486,0.676486,0.0138058,0.0153398,2.0448,2.0448,
24817.4,-0.115049,-0.115049,-0.480136,-0.480136,1.92858,1.93011,-0.109279,-0.109279,0.676486,0.676486,0.0138058,0.0168738,2.0448,2.0448,
24837.4,-0.115049,-0.115049,-0.480136,-0.480136,1.92858,1.93011,-0.109279,-0.109279,0.676486,0.676486,0.0138058,0.0168738,2.0448,2.0448,
24857.4,-0.115049,-0.115049,-0.480136,-0.480136,1.92858,1.93011,-0.109279,-0.109279,0.676486,0.676486,0.0138058,0.0168738,2.0448,2.0448,
24877.3,-0.115049,-0.115049,-0.480136,-0.480136,1.92858,1.93011,-0.109279,-0.109279,0.676486,0.676486,0.0138058,0.0168738,2.0448,2.0448,
24897.3,-0.115049,-0.115049,-0.480136,-0.480136,1.92858,1.92858,-0.109279,-0.109279,0.676486,0.676486,0.0138058,0.0153398,2.0448,2.0448,
24917.3,-0.115049,-0.115049,-0.480136,-0.480136,1.92858,1.92858,-0.109279,-0.109279,0.676486,0.676486,0.0138058,0.0153398,2.0448,2.0448,
24937.3,-0.115049,-0.115049,-0.480136,-0.480136,1.92858,1.92858,-0.109279,-0.109279,0.676486,0.676486,0.0138058,0.0153398,2.0448,2.0448,
24957.4,-0.115049,-0.115049,-0.480136,-0.480136,1.92858,1.92858,-0.109279,-0.109279,0.676486,0.676486,0.0138058,0.0153398,2.0448,2.0448,
24977.4,-0.115049,-0.115049,-0.480136,-0.480136,1.92858,1.92858,-0.109279,-0.109279,0.676486,0.676486,0.0138058,0.0153398,2.0448,2.0448,
24997.4,-0.115049,-0.115049,-0.480136,-0.480136,1.92858,1.92858,-0.109279,-0.109279,0.676486,0.676486,0.0138058,0.0153398,2.0448,2.0448,
25017.3,-0.115049,-0.115049,-0.480136,-0.480136,1.92858,1.92858,-0.109279,-0.109279,0.676486,0.676486,0.0138058,0.0153398,2.0448,2.0448,
25037.4,-0.115049,-0.115049,-0.480136,-0.480136,1.92858,1.92858,-0.109279,-0.109279,0.676486,0.676486,0.0138058,0.0153398,2.0448,2.0448,
25057.4,-0.115049,-0.115049,-0.480136,-0.480136,1.92858,1.92858,-0.109279,-0.109279,0.676486,0.676486,0.0138058,0.0153398,2.0448,2.0448,
25077.4,-0.115049,-0.115049,-0.480136,-0.480136,1.92858,1.92858,-0.109279,-0.109279,0.676486,0.676486,0.0138058,0.0153398,2.0448,2.0448,
25097.4,-0.115049,-0.115049,-0.480136,-0.480136,1.92858,1.92858,-0.109279,-0.109279,0.676486,0.676486,0.0138058,0.0153398,2.0448,2.0448,
25117.4,-0.115049,-0.115049,-0.480136,-0.480136,1.92858,1.92858,-0.109279,-0.109279,0.676486,0.676486,0.0138058,0.0168738,2.0448,2.0448,
25137.3,-0.115049,-0.115049,-0.480136,-0.480136,1.92858,1.92858,-0.109279,-0.109279,0.676486,0.676486,0.0138058,0.0168738,2.0448,2.0448,
25157.4,-0.115049,-0.115049,-0.480136,-0.480136,1.92858,1.92858,-0.109279,-0.109279,0.676486,0.676486,0.0138058,0.0168738,2.0448,2.0448,
25177.4,-0.115049,-0.115049,-0.480136,-0.480136,1.92858,1.92858,-0.109279,-0.109279,0.676486,0.676486,0.0138058,0.0168738,2.0448,2.0448,
25197.2,-0.115049,-0.115049,-0.480136,-0.480136,1.92858,1.92858,-0.109279,-0.109279,0.676486,0.676486,0.0138058,0.0168738,2.0448,2.0448,
25217.3,-0.115049,-0.115049,-0.480136,-0.480136,1.92858,1.92858,-0.109279,-0.109279,0.676486,0.676486,0.0138058,0.0168738,2.0448,2.0448,
25237.3,-0.115049,-0.115049,-0.480136,-0.480136,1.92858,1.92858,-0.109279,-0.109279,0.676486,0.676486,0.0138058,0.0168738,2.0448,2.0448,
25257.4,-0.115049,-0.115049,-0.480136,-0.480136,1.92858,1.92858,-0.109279,-0.109279,0.676486,0.676486,0.0138058,0.0168738,2.0448,2.0448,
25277.3,-0.115049,-0.115049,-0.480136,-0.480136,1.92858,1.92858,-0.109279,-0.109279,0.676486,0.676486,0.0138058,0.0168738,2.0448,2.0448,
25297.3,-0.115049,-0.115049,-0.480136,-0.480136,1.92858,1.92858,-0.109279,-0.109279,0.676486,0.676486,0.0138058,0.0153398,2.0448,2.0448,
25317.4,-0.115049,-0.115049,-0.480136,-0.480136,1.92858,1.92858,-0.109279,-0.109279,0.676486,0.676486,0.0138058,0.0153398,2.0448,2.0448,
25337.3,-0.115049,-0.115049,-0.480136,-0.480136,1.92858,1.92858,-0.109279,-0.109279,0.676486,0.676486,0.0138058,0.0153398,2.0448,2.0448,
25357.3,-0.115049,-0.115049,-0.480136,-0.480136,1.92858,1.92858,-0.109279,-0.109279,0.676486,0.676486,0.0138058,0.0153398,2.0448,2.0448,
25377.3,-0.115049,-0.115049,-0.480136,-0.480136,1.92858,1.92858,-0.109279,-0.109279,0.676486,0.676486,0.0138058,0.0153398,2.0448,2.0448,
25397.3,-0.115049,-0.115049,-0.480136,-0.480136,1.92858,1.92858,-0.109279,-0.109279,0.676486,0.676486,0.0138058,0.0168738,2.0448,2.0448,
25417.4,-0.115049,-0.115049,-0.480136,-0.480136,1.92858,1.92858,-0.109279,-0.109279,0.676486,0.676486,0.0138058,0.0168738,2.0448,2.0448,
25437.3,-0.115049,-0.115049,-0.480136,-0.480136,1.92858,1.92858,-0.109279,-0.109279,0.676486,0.676486,0.0138058,0.0168738,2.0448,2.0448,
25457.3,-0.115049,-0.115049,-0.480136,-0.480136,1.92858,1.92858,-0.109279,-0.109279,0.676486,0.676486,0.0138058,0.0168738,2.0448,2.0448,
25477.4,-0.115049,-0.115049,-0.480136,-0.480136,1.92858,1.92858,-0.109279,-0.109279,0.676486,0.676486,0.0138058,0.0168738,2.0448,2.0448,
25497.3,-0.115049,-0.115049,-0.480136,-0.480136,1.92858,1.92858,-0.109279,-0.109279,0.676486,0.676486,0.0138058,0.0168738,2.0448,2.0448,
25517.3,-0.115049,-0.115049,-0.480136,-0.480136,1.92858,1.92858,-0.109279,-0.109279,0.676486,0.676486,0.0138058,0.0153398,2.0448,2.0448,
25537.3,-0.115049,-0.115049,-0.480136,-0.480136,1.92858,1.92858,-0.109279,-0.109279,0.676486,0.676486,0.0138058,0.0153398,2.0448,2.0448,
25557.3,-0.115049,-0.115049,-0.480136,-0.480136,1.92858,1.92858,-0.109279,-0.109279,0.676486,0.676486,0.0138058,0.0153398,2.0448,2.0448,
25577.3,-0.115049,-0.115049,-0.480136,-0.480136,1.92858,1.92858,-0.109279,-0.109279,0.676486,0.676486,0.0138058,0.0153398,2.0448,2.0448,
25597.3,-0.115049,-0.115049,-0.480136,-0.480136,1.92858,1.92858,-0.109279,-0.109279,0.676486,0.676486,0.0138058,0.0153398,2.0448,2.0448,
25617.3,-0.115049,-0.115049,-0.480136,-0.480136,1.92858,1.92858,-0.109279,-0.109279,0.676486,0.676486,0.0138058,0.0153398,2.0448,2.0448,
25637.3,-0.115049,-0.115049,-0.480136,-0.480136,1.92858,1.92858,-0.109279,-0.109279,0.676486,0.676486,0.0138058,0.0153398,2.0448,2.0448,
25657.3,-0.115049,-0.115049,-0.480136,-0.480136,1.92858,1.92858,-0.109279,-0.109279,0.676486,0.676486,0.0138058,0.0153398,2.0448,2.0448,
25677.4,-0.115049,-0.115049,-0.480136,-0.480136,1.92858,1.92858,-0.109279,-0.109279,0.676486,0.676486,0.0138058,0.0153398,2.0448,2.0448,
25697.2,-0.115049,-0.115049,-0.480136,-0.480136,1.92858,1.92858,-0.109279,-0.109279,0.676486,0.676486,0.0138058,0.0153398,2.0448,2.0448,
25717.3,-0.115049,-0.115049,-0.480136,-0.480136,1.92858,1.92858,-0.109279,-0.109279,0.676486,0.676486,0.0138058,0.0153398,2.0448,2.0448,
25737.3,-0.115049,-0.115049,-0.480136,-0.480136,1.92858,1.92858,-0.109279,-0.109279,0.676486,0.676486,0.0138058,0.0153398,2.0448,2.0448,
25757.3,-0.115049,-0.115049,-0.480136,-0.480136,1.92858,1.92858,-0.109279,-0.109279,0.676486,0.676486,0.0138058,0.0153398,2.0448,2.0448,
25777.3,-0.115049,-0.115049,-0.480136,-0.480136,1.92858,1.92858,-0.109279,-0.109279,0.676486,0.676486,0.0138058,0.0153398,2.0448,2.0448,
25797.3,-0.115049,-0.115049,-0.480136,-0.480136,1.92858,1.92858,-0.109279,-0.109279,0.676486,0.676486,0.0138058,0.0153398,2.0448,2.0448,
25817.3,-0.115049,-0.115049,-0.480136,-0.480136,1.92858,1.92858,-0.109279,-0.109279,0.676486,0.676486,0.0138058,0.0168738,2.0448,2.0448,
25837.3,-0.115049,-0.115049,-0.480136,-0.480136,1.92858,1.92858,-0.109279,-0.109279,0.676486,0.676486,0.0138058,0.0168738,2.0448,2.0448,
25857.3,-0.115049,-0.115049,-0.480136,-0.480136,1.92858,1.92858,-0.109279,-0.109279,0.676486,0.676486,0.0138058,0.0168738,2.0448,2.0448,
25877.3,-0.115049,-0.115049,-0.480136,-0.480136,1.92858,1.92858,-0.109279,-0.109279,0.676486,0.676486,0.0138058,0.0168738,2.0448,2.0448,
25897.4,-0.115049,-0.115049,-0.480136,-0.480136,1.92858,1.92858,-0.109279,-0.109279,0.676486,0.676486,0.0138058,0.0168738,2.0448,2.0448,
25917.2,-0.115049,-0.115049,-0.480136,-0.480136,1.92858,1.92858,-0.109279,-0.109279,0.676486,0.676486,0.0138058,0.0153398,2.0448,2.0448,
25937.3,-0.115049,-0.115049,-0.480136,-0.480136,1.92858,1.92858,-0.109279,-0.109279,0.676486,0.676486,0.0138058,0.0153398,2.0448,2.0448,
25957.3,-0.115049,-0.115049,-0.480136,-0.480136,1.92858,1.92858,-0.109279,-0.109279,0.676486,0.676486,0.0138058,0.0153398,2.0448,2.0448,
25977.4,-0.115049,-0.115049,-0.480136,-0.480136,1.92858,1.92858,-0.109279,-0.109279,0.676486,0.676486,0.0138058,0.0153398,2.0448,2.0448,
25997.3,-0.115049,-0.115049,-0.480136,-0.480136,1.92858,1.92858,-0.109279,-0.109279,0.676486,0.676486,0.0138058,0.0153398,2.0448,2.0448,
26017.4,-0.115049,-0.115049,-0.480136,-0.480136,1.92858,1.92858,-0.109279,-0.109279,0.676486,0.676486,0.0138058,0.0153398,2.0448,2.0448,
26037.3,-0.115049,-0.115049,-0.480136,-0.480136,1.92858,1.92858,-0.109279,-0.109279,0.676486,0.676486,0.0138058,0.0153398,2.0448,2.0448,
26057.4,-0.115049,-0.115049,-0.480136,-0.480136,1.92858,1.92858,-0.109279,-0.109279,0.676486,0.676486,0.0138058,0.0153398,2.0448,2.0448,
26077.4,-0.115049,-0.115049,-0.480136,-0.480136,1.92858,1.92858,-0.109279,-0.109279,0.676486,0.676486,0.0138058,0.0153398,2.0448,2.0448,
26097.3,-0.115049,-0.115049,-0.480136,-0.480136,1.92858,1.93011,-0.109279,-0.109279,0.676486,0.676486,0.0138058,0.0153398,2.0448,2.0448,
26117.3,-0.115049,-0.115049,-0.480136,-0.480136,1.92858,1.93011,-0.109279,-0.109279,0.676486,0.676486,0.0138058,0.0153398,2.0448,2.0448,
26137.3,-0.115049,-0.115049,-0.480136,-0.480136,1.92858,1.93011,-0.109279,-0.109279,0.676486,0.676486,0.0138058,0.0153398,2.0448,2.0448,
26157.4,-0.115049,-0.115049,-0.480136,-0.480136,1.92858,1.93011,-0.109279,-0.109279,0.676486,0.676486,0.0138058,0.0153398,2.0448,2.0448,
26177.3,-0.115049,-0.115049,-0.480136,-0.480136,1.92858,1.93011,-0.109279,-0.109279,0.676486,0.676486,0.0138058,0.0153398,2.0448,2.0448,
26197.4,-0.115049,-0.115049,-0.480136,-0.480136,1.92858,1.93011,-0.109279,-0.109279,0.676486,0.676486,0.0138058,0.0168738,2.0448,2.0448,
26217.4,-0.115049,-0.115049,-0.480136,-0.480136,1.92858,1.93011,-0.109279,-0.109279,0.676486,0.676486,0.0138058,0.0168738,2.0448,2.0448,
26237.4,-0.115049,-0.115049,-0.480136,-0.480136,1.92858,1.93011,-0.109279,-0.109279,0.676486,0.676486,0.0138058,0.0168738,2.0448,2.0448,
26257.4,-0.115049,-0.115049,-0.480136,-0.480136,1.92858,1.93011,-0.109279,-0.109279,0.676486,0.676486,0.0138058,0.0168738,2.0448,2.0448,
26277.3,-0.115049,-0.115049,-0.480136,-0.480136,1.92858,1.93011,-0.109279,-0.109279,0.676486,0.676486,0.0138058,0.0168738,2.0448,2.0448,
26297.4,-0.115049,-0.115049,-0.480136,-0.480136,1.92858,1.93011,-0.109279,-0.109279,0.676486,0.676486,0.0138058,0.0168738,2.0448,2.0448,
26317.3,-0.115049,-0.115049,-0.480136,-0.480136,1.92858,1.92858,-0.109279,-0.109279,0.676486,0.676486,0.0138058,0.0153398,2.0448,2.0448,
26337.3,-0.115049,-0.115049,-0.480136,-0.480136,1.92858,1.92858,-0.109279,-0.109279,0.676486,0.676486,0.0138058,0.0153398,2.0448,2.0448,
26357.4,-0.115049,-0.115049,-0.480136,-0.480136,1.92858,1.92858,-0.109279,-0.109279,0.676486,0.676486,0.0138058,0.0153398,2.0448,2.0448,
26377.3,-0.115049,-0.115049,-0.480136,-0.480136,1.92858,1.92858,-0.109279,-0.109279,0.676486,0.676486,0.0138058,0.0153398,2.0448,2.0448,
26397.3,-0.115049,-0.115049,-0.480136,-0.480136,1.92858,1.92858,-0.109279,-0.109279,0.676486,0.676486,0.0138058,0.0153398,2.0448,2.0448,
26417.4,-0.115049,-0.115049,-0.480136,-0.480136,1.92858,1.92858,-0.109279,-0.109279,0.676486,0.676486,0.0138058,0.0153398,2.0448,2.0448,
26437.4,-0.115049,-0.115049,-0.480136,-0.480136,1.92858,1.92858,-0.109279,-0.109279,0.676486,0.676486,0.0138058,0.0153398,2.0448,2.0448,
26457.4,-0.115049,-0.115049,-0.480136,-0.480136,1.92858,1.92858,-0.109279,-0.109279,0.676486,0.676486,0.0138058,0.0153398,2.0448,2.0448,
26477.4,-0.115049,-0.115049,-0.480136,-0.480136,1.92858,1.92858,-0.109279,-0.109279,0.676486,0.676486,0.0138058,0.0153398,2.0448,2.0448,
26497.3,-0.115049,-0.115049,-0.480136,-0.480136,1.92858,1.92858,-0.109279,-0.109279,0.676486,0.676486,0.0138058,0.0168738,2.0448,2.0448,
26517.3,-0.115049,-0.115049,-0.480136,-0.480136,1.92858,1.92858,-0.109279,-0.109279,0.676486,0.676486,0.0138058,0.0168738,2.0448,2.0448,
26537.3,-0.115049,-0.115049,-0.480136,-0.480136,1.92858,1.92858,-0.109279,-0.109279,0.676486,0.676486,0.0138058,0.0168738,2.0448,2.0448,
26557.3,-0.115049,-0.115049,-0.480136,-0.480136,1.92858,1.92858,-0.109279,-0.109279,0.676486,0.676486,0.0138058,0.0168738,2.0448,2.0448,
26577.3,-0.115049,-0.115049,-0.480136,-0.480136,1.92858,1.92858,-0.109279,-0.109279,0.676486,0.676486,0.0138058,0.0168738,2.0448,2.0448,
26597.3,-0.115049,-0.115049,-0.480136,-0.480136,1.92858,1.92858,-0.109279,-0.109279,0.676486,0.676486,0.0138058,0.0168738,2.0448,2.0448,
26617.4,-0.115049,-0.115049,-0.480136,-0.480136,1.92858,1.92858,-0.109279,-0.109279,0.676486,0.676486,0.0138058,0.0168738,2.0448,2.0448,
26637.3,-0.115049,-0.115049,-0.480136,-0.480136,1.92858,1.92858,-0.109279,-0.109279,0.676486,0.676486,0.0138058,0.0168738,2.0448,2.0448,
26657.4,-0.115049,-0.115049,-0.480136,-0.480136,1.92858,1.92858,-0.109279,-0.109279,0.676486,0.676486,0.0138058,0.0168738,2.0448,2.0448,
26677.4,-0.115049,-0.115049,-0.480136,-0.480136,1.92858,1.92858,-0.109279,-0.109279,0.676486,0.676486,0.0138058,0.0168738,2.0448,2.0448,
26697.3,-0.115049,-0.115049,-0.480136,-0.480136,1.92858,1.92858,-0.109279,-0.109279,0.676486,0.676486,0.0138058,0.0168738,2.0448,2.0448,
26717.3,-0.115049,-0.115049,-0.480136,-0.480136,1.92858,1.92858,-0.109279,-0.109279,0.676486,0.676486,0.0138058,0.0168738,2.0448,2.0448,
26737.4,-0.115049,-0.115049,-0.480136,-0.480136,1.92858,1.92858,-0.109279,-0.109279,0.676486,0.676486,0.0138058,0.0168738,2.0448,2.0448,
26757.4,-0.115049,-0.115049,-0.480136,-0.480136,1.92858,1.92858,-0.109279,-0.109279,0.676486,0.676486,0.0138058,0.0168738,2.0448,2.0448,
26777.4,-0.115049,-0.115049,-0.480136,-0.480136,1.92858,1.92858,-0.109279,-0.109279,0.676486,0.676486,0.0138058,0.0168738,2.0448,2.0448,
26797.3,-0.115049,-0.115049,-0.480136,-0.480136,1.92858,1.92858,-0.109279,-0.109279,0.676486,0.676486,0.0138058,0.0168738,2.0448,2.0448,
26817.4,-0.115049,-0.115049,-0.480136,-0.480136,1.92858,1.92858,-0.109279,-0.109279,0.676486,0.676486,0.0138058,0.0153398,2.0448,2.0448,
26837.4,-0.115049,-0.115049,-0.480136,-0.480136,1.92858,1.92858,-0.109279,-0.109279,0.676486,0.676486,0.0138058,0.0153398,2.0448,2.0448,
26857.4,-0.115049,-0.115049,-0.480136,-0.480136,1.92858,1.92858,-0.109279,-0.109279,0.676486,0.676486,0.0138058,0.0153398,2.0448,2.0448,
26877.4,-0.115049,-0.115049,-0.480136,-0.480136,1.92858,1.92858,-0.109279,-0.109279,0.676486,0.676486,0.0138058,0.0153398,2.0448,2.0448,
26897.4,-0.115049,-0.115049,-0.480136,-0.480136,1.92858,1.92858,-0.109279,-0.109279,0.676486,0.676486,0.0138058,0.0168738,2.0448,2.0448,
26917.4,-0.115049,-0.115049,-0.480136,-0.480136,1.92858,1.92858,-0.109279,-0.109279,0.676486,0.676486,0.0138058,0.0168738,2.0448,2.0448,
26937.4,-0.115049,-0.115049,-0.480136,-0.480136,1.92858,1.92858,-0.109279,-0.109279,0.676486,0.676486,0.0138058,0.0168738,2.0448,2.0448,
26957.4,-0.115049,-0.115049,-0.480136,-0.480136,1.92858,1.92858,-0.109279,-0.109279,0.676486,0.676486,0.0138058,0.0168738,2.0448,2.0448,
26977.3,-0.115049,-0.115049,-0.480136,-0.480136,1.92858,1.92858,-0.109279,-0.109279,0.676486,0.676486,0.0138058,0.0168738,2.0448,2.0448,
26997.3,-0.115049,-0.115049,-0.480136,-0.480136,1.92858,1.92858,-0.109279,-0.109279,0.676486,0.676486,0.0138058,0.0168738,2.0448,2.0448,
27017.4,-0.115049,-0.115049,-0.480136,-0.480136,1.92858,1.92858,-0.109279,-0.109279,0.676486,0.676486,0.0138058,0.0153398,2.0448,2.0448,
27037.3,-0.115049,-0.115049,-0.480136,-0.480136,1.92858,1.92858,-0.109279,-0.109279,0.676486,0.676486,0.0138058,0.0153398,2.0448,2.0448,
27057.4,-0.115049,-0.115049,-0.480136,-0.480136,1.92858,1.92858,-0.109279,-0.109279,0.676486,0.676486,0.0138058,0.0153398,2.0448,2.0448,
27077.3,-0.115049,-0.115049,-0.480136,-0.480136,1.92858,1.92858,-0.109279,-0.109279,0.676486,0.676486,0.0138058,0.0153398,2.0448,2.0448,
27097.4,-0.115049,-0.115049,-0.480136,-0.480136,1.92858,1.92858,-0.109279,-0.109279,0.676486,0.676486,0.0138058,0.0153398,2.0448,2.0448,
27117.3,-0.115049,-0.115049,-0.480136,-0.480136,1.92858,1.92858,-0.109279,-0.109279,0.676486,0.676486,0.0138058,0.0153398,2.0448,2.0448,
27137.4,-0.115049,-0.115049,-0.480136,-0.480136,1.92858,1.92858,-0.109279,-0.109279,0.676486,0.676486,0.0138058,0.0153398,2.0448,2.0448,
27157.4,-0.115049,-0.115049,-0.480136,-0.480136,1.92858,1.92858,-0.109279,-0.109279,0.676486,0.676486,0.0138058,0.0153398,2.0448,2.0448,
27177.4,-0.115049,-0.115049,-0.480136,-0.480136,1.92858,1.92858,-0.109279,-0.109279,0.676486,0.676486,0.0138058,0.0153398,2.0448,2.0448,
27197.4,-0.115049,-0.115049,-0.480136,-0.480136,1.92858,1.92858,-0.109279,-0.109279,0.676486,0.676486,0.0138058,0.0153398,2.0448,2.0448,
27217.4,-0.115049,-0.115049,-0.480136,-0.480136,1.92858,1.92858,-0.109279,-0.109279,0.676486,0.676486,0.0138058,0.0153398,2.0448,2.0448,
27237.4,-0.115049,-0.115049,-0.480136,-0.480136,1.92858,1.92858,-0.109279,-0.109279,0.676486,0.676486,0.0138058,0.0153398,2.0448,2.0448,
27257.4,-0.115049,-0.115049,-0.480136,-0.480136,1.92858,1.92858,-0.109279,-0.109279,0.676486,0.676486,0.0138058,0.0153398,2.0448,2.0448,
27277.4,-0.115049,-0.115049,-0.480136,-0.480136,1.92858,1.92858,-0.109279,-0.109279,0.676486,0.676486,0.0138058,0.0153398,2.0448,2.0448,
27297.3,-0.115049,-0.115049,-0.480136,-0.480136,1.92858,1.92858,-0.109279,-0.109279,0.676486,0.676486,0.0138058,0.0153398,2.0448,2.0448,
27317.3,-0.115049,-0.115049,-0.480136,-0.480136,1.92858,1.92858,-0.109279,-0.109279,0.676486,0.676486,0.0138058,0.0153398,2.0448,2.0448,
27337.4,-0.115049,-0.115049,-0.480136,-0.480136,1.92858,1.92858,-0.109279,-0.109279,0.676486,0.676486,0.0138058,0.0153398,2.0448,2.0448,
27357.3,-0.115049,-0.115049,-0.480136,-0.480136,1.92858,1.92858,-0.109279,-0.109279,0.676486,0.676486,0.0138058,0.0153398,2.0448,2.0448,
27377.3,-0.115049,-0.115049,-0.480136,-0.480136,1.92858,1.92858,-0.109279,-0.109279,0.676486,0.676486,0.0138058,0.0153398,2.0448,2.0448,
27397.3,-0.115049,-0.115049,-0.480136,-0.480136,1.92858,1.92858,-0.109279,-0.109279,0.676486,0.676486,0.0138058,0.0153398,2.0448,2.0448,
27417.3,-0.115049,-0.115049,-0.480136,-0.480136,1.92858,1.92858,-0.109279,-0.109279,0.676486,0.676486,0.0138058,0.0168738,2.0448,2.0448,
27437.3,-0.115049,-0.115049,-0.480136,-0.480136,1.92858,1.92858,-0.109279,-0.109279,0.676486,0.676486,0.0138058,0.0168738,2.0448,2.0448,
27457.3,-0.115049,-0.115049,-0.480136,-0.480136,1.92858,1.92858,-0.109279,-0.109279,0.676486,0.676486,0.0138058,0.0168738,2.0448,2.0448,
27477.3,-0.115049,-0.115049,-0.480136,-0.480136,1.92858,1.92858,-0.109279,-0.109279,0.676486,0.676486,0.0138058,0.0168738,2.0448,2.0448,
27497.3,-0.115049,-0.115049,-0.480136,-0.480136,1.92858,1.92858,-0.109279,-0.109279,0.676486,0.676486,0.0138058,0.0168738,2.0448,2.0448,
27517.2,-0.115049,-0.115049,-0.480136,-0.480136,1.92858,1.92858,-0.109279,-0.109279,0.676486,0.676486,0.0138058,0.0153398,2.0448,2.0448,
27537.3,-0.115049,-0.115049,-0.480136,-0.480136,1.92858,1.92858,-0.109279,-0.109279,0.676486,0.676486,0.0138058,0.0153398,2.0448,2.0448,
27557.3,-0.115049,-0.115049,-0.480136,-0.480136,1.92858,1.92858,-0.109279,-0.109279,0.676486,0.676486,0.0138058,0.0153398,2.0448,2.0448,
27577.4,-0.115049,-0.115049,-0.480136,-0.480136,1.92858,1.92858,-0.109279,-0.109279,0.676486,0.676486,0.0138058,0.0153398,2.0448,2.0448,
27597.3,-0.115049,-0.115049,-0.480136,-0.480136,1.92858,1.92858,-0.109279,-0.109279,0.676486,0.676486,0.0138058,0.0153398,2.0448,2.0448,
27617.3,-0.115049,-0.115049,-0.480136,-0.480136,1.92858,1.92858,-0.109279,-0.109279,0.676486,0.67802,0.0138058,0.0168738,2.0448,2.0448,
27637.3,-0.115049,-0.115049,-0.480136,-0.480136,1.92858,1.92858,-0.109279,-0.109279,0.676486,0.67802,0.0138058,0.0168738,2.0448,2.0448,
27657.4,-0.115049,-0.115049,-0.480136,-0.480136,1.92858,1.92858,-0.109279,-0.109279,0.676486,0.67802,0.0138058,0.0168738,2.0448,2.0448,
27677.4,-0.115049,-0.115049,-0.480136,-0.480136,1.92858,1.92858,-0.109279,-0.109279,0.676486,0.67802,0.0138058,0.0168738,2.0448,2.0448,
27697.4,-0.115049,-0.115049,-0.480136,-0.480136,1.92858,1.92858,-0.109279,-0.109279,0.676486,0.676486,0.0138058,0.0153398,2.0448,2.0448,
27717.3,-0.115049,-0.115049,-0.480136,-0.480136,1.92858,1.92858,-0.109279,-0.109279,0.676486,0.676486,0.0138058,0.0153398,2.0448,2.0448,
27737.5,-0.115049,-0.115049,-0.480136,-0.480136,1.92858,1.92858,-0.109279,-0.109279,0.676486,0.676486,0.0138058,0.0153398,2.0448,2.0448,
27758.9,-0.115049,-0.115049,-0.480136,-0.480136,1.92858,1.92858,-0.109279,-0.109279,0.676486,0.676486,0.0138058,0.0153398,2.0448,2.0448,
27777.2,-0.115049,-0.115049,-0.480136,-0.480136,1.92858,1.92858,-0.109279,-0.109279,0.676486,0.676486,0.0138058,0.0153398,2.0448,2.0448,
27797.2,-0.115049,-0.115049,-0.480136,-0.480136,1.92858,1.93011,-0.109279,-0.109279,0.676486,0.676486,0.0138058,0.0153398,2.0448,2.0448,
27817.2,-0.115049,-0.115049,-0.480136,-0.480136,1.92858,1.93011,-0.109279,-0.109279,0.676486,0.676486,0.0138058,0.0153398,2.0448,2.0448,
27837.3,-0.115049,-0.115049,-0.480136,-0.480136,1.92858,1.93011,-0.109279,-0.109279,0.676486,0.676486,0.0138058,0.0153398,2.0448,2.0448,
27857.3,-0.115049,-0.115049,-0.480136,-0.480136,1.92858,1.93011,-0.109279,-0.109279,0.676486,0.676486,0.0138058,0.0153398,2.0448,2.0448,
27877.2,-0.115049,-0.115049,-0.480136,-0.480136,1.92858,1.93011,-0.109279,-0.109279,0.676486,0.676486,0.0138058,0.0153398,2.0448,2.0448,
27897.3,-0.115049,-0.115049,-0.480136,-0.480136,1.92858,1.93011,-0.109279,-0.109279,0.676486,0.676486,0.0138058,0.0153398,2.0448,2.0448,
27917.3,-0.115049,-0.115049,-0.480136,-0.480136,1.92858,1.92858,-0.109279,-0.109279,0.676486,0.676486,0.0138058,0.0153398,2.0448,2.0448,
27937.3,-0.115049,-0.115049,-0.480136,-0.480136,1.92858,1.92858,-0.109279,-0.109279,0.676486,0.676486,0.0138058,0.0153398,2.0448,2.0448,
27957.3,-0.115049,-0.115049,-0.480136,-0.480136,1.92858,1.92858,-0.109279,-0.109279,0.676486,0.676486,0.0138058,0.0153398,2.0448,2.0448,
27977.2,-0.115049,-0.115049,-0.480136,-0.480136,1.92858,1.92858,-0.109279,-0.109279,0.676486,0.676486,0.0138058,0.0153398,2.0448,2.0448,
27997.2,-0.115049,-0.115049,-0.480136,-0.480136,1.92858,1.92858,-0.109279,-0.109279,0.676486,0.676486,0.0138058,0.0153398,2.0448,2.0448,
28017.3,-0.115049,-0.115049,-0.480136,-0.480136,1.92858,1.92858,-0.109279,-0.109279,0.676486,0.676486,0.0138058,0.0153398,2.0448,2.0448,
28037.3,-0.115049,-0.115049,-0.480136,-0.480136,1.92858,1.92858,-0.109279,-0.109279,0.676486,0.676486,0.0138058,0.0153398,2.0448,2.0448,
28057.4,-0.115049,-0.115049,-0.480136,-0.480136,1.92858,1.92858,-0.109279,-0.109279,0.676486,0.676486,0.0138058,0.0153398,2.0448,2.0448,
28077.4,-0.115049,-0.115049,-0.480136,-0.480136,1.92858,1.92858,-0.109279,-0.109279,0.676486,0.676486,0.0138058,0.0153398,2.0448,2.0448,
28097.3,-0.115049,-0.115049,-0.480136,-0.480136,1.92858,1.92858,-0.109279,-0.109279,0.676486,0.676486,0.0138058,0.0153398,2.0448,2.0448,
28117.3,-0.115049,-0.115049,-0.480136,-0.480136,1.92858,1.92858,-0.109279,-0.109279,0.676486,0.676486,0.0138058,0.0153398,2.0448,2.0448,
28137.3,-0.115049,-0.115049,-0.480136,-0.480136,1.92858,1.92858,-0.109279,-0.109279,0.676486,0.676486,0.0138058,0.0153398,2.0448,2.0448,
28157.3,-0.115049,-0.115049,-0.480136,-0.480136,1.92858,1.92858,-0.109279,-0.109279,0.676486,0.676486,0.0138058,0.0153398,2.0448,2.0448,
28177.4,-0.115049,-0.115049,-0.480136,-0.480136,1.92858,1.92858,-0.109279,-0.109279,0.676486,0.676486,0.0138058,0.0153398,2.0448,2.0448,
28197.2,-0.115049,-0.115049,-0.480136,-0.480136,1.92858,1.93011,-0.109279,-0.109279,0.676486,0.676486,0.0138058,0.0168738,2.0448,2.0448,
28217.3,-0.115049,-0.115049,-0.480136,-0.480136,1.92858,1.93011,-0.109279,-0.109279,0.676486,0.676486,0.0138058,0.0168738,2.0448,2.0448,
28237.3,-0.115049,-0.115049,-0.480136,-0.480136,1.92858,1.93011,-0.109279,-0.109279,0.676486,0.676486,0.0138058,0.0168738,2.0448,2.0448,
28257.4,-0.115049,-0.115049,-0.480136,-0.480136,1.92858,1.93011,-0.109279,-0.109279,0.676486,0.676486,0.0138058,0.0168738,2.0448,2.0448,
28277.4,-0.115049,-0.115049,-0.480136,-0.480136,1.92858,1.93011,-0.109279,-0.109279,0.676486,0.676486,0.0138058,0.0168738,2.0448,2.0448,
28297.4,-0.115049,-0.115049,-0.480136,-0.480136,1.92858,1.93011,-0.109279,-0.109279,0.676486,0.676486,0.0138058,0.0168738,2.0448,2.0448,
28317.3,-0.115049,-0.115049,-0.480136,-0.480136,1.92858,1.92858,-0.109279,-0.109279,0.676486,0.676486,0.0138058,0.0153398,2.0448,2.0448,
28337.3,-0.115049,-0.115049,-0.480136,-0.480136,1.92858,1.92858,-0.109279,-0.109279,0.676486,0.676486,0.0138058,0.0153398,2.0448,2.0448,
28357.3,-0.115049,-0.115049,-0.480136,-0.480136,1.92858,1.92858,-0.109279,-0.109279,0.676486,0.676486,0.0138058,0.0153398,2.0448,2.0448,
28377.4,-0.115049,-0.115049,-0.480136,-0.480136,1.92858,1.92858,-0.109279,-0.109279,0.676486,0.676486,0.0138058,0.0153398,2.0448,2.0448,
28397.4,-0.115049,-0.115049,-0.480136,-0.480136,1.92858,1.92858,-0.109279,-0.109279,0.676486,0.676486,0.0138058,0.0153398,2.0448,2.0448,
28417.4,-0.115049,-0.115049,-0.480136,-0.480136,1.92858,1.92858,-0.109279,-0.109279,0.676486,0.676486,0.0138058,0.0153398,2.0448,2.0448,
28437.3,-0.115049,-0.115049,-0.480136,-0.480136,1.92858,1.92858,-0.109279,-0.109279,0.676486,0.676486,0.0138058,0.0153398,2.0448,2.0448,
28457.3,-0.115049,-0.115049,-0.480136,-0.480136,1.92858,1.92858,-0.109279,-0.109279,0.676486,0.676486,0.0138058,0.0153398,2.0448,2.0448,
28477.4,-0.115049,-0.115049,-0.480136,-0.480136,1.92858,1.92858,-0.109279,-0.109279,0.676486,0.676486,0.0138058,0.0153398,2.0448,2.0448,
28497.4,-0.115049,-0.115049,-0.480136,-0.480136,1.92858,1.92858,-0.109279,-0.109279,0.676486,0.676486,0.0138058,0.0153398,2.0448,2.0448,
28517.4,-0.115049,-0.115049,-0.480136,-0.480136,1.92858,1.92858,-0.109279,-0.109279,0.676486,0.676486,0.0138058,0.0153398,2.0448,2.0448,
28537.3,-0.115049,-0.115049,-0.480136,-0.480136,1.92858,1.92858,-0.109279,-0.109279,0.676486,0.676486,0.0138058,0.0153398,2.0448,2.0448,
28557.3,-0.115049,-0.115049,-0.480136,-0.480136,1.92858,1.92858,-0.109279,-0.109279,0.676486,0.676486,0.0138058,0.0153398,2.0448,2.0448,
28577.4,-0.115049,-0.115049,-0.480136,-0.480136,1.92858,1.92858,-0.109279,-0.109279,0.676486,0.676486,0.0138058,0.0153398,2.0448,2.0448,
28597.3,-0.115049,-0.115049,-0.480136,-0.480136,1.92858,1.92858,-0.109279,-0.109279,0.676486,0.676486,0.0138058,0.0168738,2.0448,2.0448,
28617.3,-0.115049,-0.115049,-0.480136,-0.480136,1.92858,1.92858,-0.109279,-0.109279,0.676486,0.676486,0.0138058,0.0168738,2.0448,2.0448,
28637.3,-0.115049,-0.115049,-0.480136,-0.480136,1.92858,1.92858,-0.109279,-0.109279,0.676486,0.676486,0.0138058,0.0168738,2.0448,2.0448,
28657.3,-0.115049,-0.115049,-0.480136,-0.480136,1.92858,1.92858,-0.109279,-0.109279,0.676486,0.676486,0.0138058,0.0168738,2.0448,2.0448,
28677.3,-0.115049,-0.115049,-0.480136,-0.480136,1.92858,1.92858,-0.109279,-0.109279,0.676486,0.676486,0.0138058,0.0168738,2.0448,2.0448,
28697.3,-0.115049,-0.115049,-0.480136,-0.480136,1.92858,1.92858,-0.109279,-0.109279,0.676486,0.676486,0.0138058,0.0168738,2.0448,2.0448,
28717.3,-0.115049,-0.115049,-0.480136,-0.480136,1.92858,1.92858,-0.109279,-0.109279,0.676486,0.676486,0.0138058,0.0153398,2.0448,2.0448,
28737.3,-0.115049,-0.115049,-0.480136,-0.480136,1.92858,1.92858,-0.109279,-0.109279,0.676486,0.676486,0.0138058,0.0153398,2.0448,2.0448,
28757.3,-0.115049,-0.115049,-0.480136,-0.480136,1.92858,1.92858,-0.109279,-0.109279,0.676486,0.676486,0.0138058,0.0153398,2.0448,2.0448,
28777.3,-0.115049,-0.115049,-0.480136,-0.480136,1.92858,1.92858,-0.109279,-0.109279,0.676486,0.676486,0.0138058,0.0153398,2.0448,2.0448,
28797.4,-0.115049,-0.115049,-0.480136,-0.480136,1.92858,1.92858,-0.109279,-0.109279,0.676486,0.676486,0.0138058,0.0153398,2.0448,2.0448,
28817.3,-0.115049,-0.115049,-0.480136,-0.480136,1.92858,1.93011,-0.109279,-0.109279,0.676486,0.676486,0.0138058,0.0153398,2.0448,2.0448,
28837.4,-0.115049,-0.115049,-0.480136,-0.480136,1.92858,1.93011,-0.109279,-0.109279,0.676486,0.676486,0.0138058,0.0153398,2.0448,2.0448,
28857.3,-0.115049,-0.115049,-0.480136,-0.480136,1.92858,1.93011,-0.109279,-0.109279,0.676486,0.676486,0.0138058,0.0153398,2.0448,2.0448,
28877.3,-0.115049,-0.115049,-0.480136,-0.480136,1.92858,1.93011,-0.109279,-0.109279,0.676486,0.676486,0.0138058,0.0153398,2.0448,2.0448,
28897.3,-0.115049,-0.115049,-0.480136,-0.480136,1.92858,1.93011,-0.109279,-0.109279,0.676486,0.676486,0.0138058,0.0153398,2.0448,2.0448,
28917.3,-0.115049,-0.115049,-0.480136,-0.480136,1.92858,1.92858,-0.109279,-0.109279,0.676486,0.676486,0.0138058,0.0153398,2.0448,2.0448,
28937.4,-0.115049,-0.115049,-0.480136,-0.480136,1.92858,1.92858,-0.109279,-0.109279,0.676486,0.676486,0.0138058,0.0153398,2.0448,2.0448,
28957.4,-0.115049,-0.115049,-0.480136,-0.480136,1.92858,1.92858,-0.109279,-0.109279,0.676486,0.676486,0.0138058,0.0153398,2.0448,2.0448,
28977.4,-0.115049,-0.115049,-0.480136,-0.480136,1.92858,1.92858,-0.109279,-0.109279,0.676486,0.676486,0.0138058,0.0153398,2.0448,2.0448,
28997.3,-0.115049,-0.115049,-0.480136,-0.480136,1.92858,1.93011,-0.109279,-0.109279,0.676486,0.676486,0.0138058,0.0153398,2.0448,2.0448,
29017.3,-0.115049,-0.115049,-0.480136,-0.480136,1.92858,1.93011,-0.109279,-0.109279,0.676486,0.676486,0.0138058,0.0153398,2.0448,2.0448,
29037.3,-0.115049,-0.115049,-0.480136,-0.480136,1.92858,1.93011,-0.109279,-0.109279,0.676486,0.676486,0.0138058,0.0153398,2.0448,2.0448,
29057.4,-0.115049,-0.115049,-0.480136,-0.480136,1.92858,1.93011,-0.109279,-0.109279,0.676486,0.676486,0.0138058,0.0153398,2.0448,2.0448,
29077.3,-0.115049,-0.115049,-0.480136,-0.480136,1.92858,1.93011,-0.109279,-0.109279,0.676486,0.676486,0.0138058,0.0153398,2.0448,2.0448,
29097.3,-0.115049,-0.115049,-0.480136,-0.480136,1.92858,1.93011,-0.109279,-0.109279,0.676486,0.676486,0.0138058,0.0153398,2.0448,2.0448,
29117.3,-0.115049,-0.115049,-0.480136,-0.480136,1.92858,1.92858,-0.109279,-0.109279,0.676486,0.67802,0.0138058,0.0153398,2.0448,2.0448,
29137.3,-0.115049,-0.115049,-0.480136,-0.480136,1.92858,1.92858,-0.109279,-0.109279,0.676486,0.67802,0.0138058,0.0153398,2.0448,2.0448,
29157.4,-0.115049,-0.115049,-0.480136,-0.480136,1.92858,1.92858,-0.109279,-0.109279,0.676486,0.67802,0.0138058,0.0153398,2.0448,2.0448,
29177.4,-0.115049,-0.115049,-0.480136,-0.480136,1.92858,1.92858,-0.109279,-0.109279,0.676486,0.67802,0.0138058,0.0153398,2.0448,2.0448,
29197.2,-0.115049,-0.115049,-0.480136,-0.480136,1.92858,1.92858,-0.109279,-0.109279,0.676486,0.676486,0.0138058,0.0153398,2.0448,2.0448,
29217.3,-0.115049,-0.115049,-0.480136,-0.480136,1.92858,1.92858,-0.109279,-0.109279,0.676486,0.676486,0.0138058,0.0153398,2.0448,2.0448,
29237.3,-0.115049,-0.115049,-0.480136,-0.480136,1.92858,1.92858,-0.109279,-0.109279,0.676486,0.676486,0.0138058,0.0153398,2.0448,2.0448,
29257.3,-0.115049,-0.115049,-0.480136,-0.480136,1.92858,1.92858,-0.109279,-0.109279,0.676486,0.676486,0.0138058,0.0153398,2.0448,2.0448,
29277.3,-0.115049,-0.115049,-0.480136,-0.480136,1.92858,1.92858,-0.109279,-0.109279,0.676486,0.676486,0.0138058,0.0153398,2.0448,2.0448,
29297.2,-0.115049,-0.115049,-0.480136,-0.480136,1.92858,1.92858,-0.109279,-0.109279,0.676486,0.676486,0.0138058,0.0153398,2.0448,2.0448,
29317.3,-0.115049,-0.115049,-0.480136,-0.480136,1.92858,1.92858,-0.109279,-0.109279,0.676486,0.676486,0.0138058,0.0153398,2.0448,2.0448,
29337.2,-0.115049,-0.115049,-0.480136,-0.480136,1.92858,1.92858,-0.109279,-0.109279,0.676486,0.676486,0.0138058,0.0153398,2.0448,2.0448,
29357.3,-0.115049,-0.115049,-0.480136,-0.480136,1.92858,1.92858,-0.109279,-0.109279,0.676486,0.676486,0.0138058,0.0153398,2.0448,2.0448,
29377.3,-0.115049,-0.115049,-0.480136,-0.480136,1.92858,1.92858,-0.109279,-0.109279,0.676486,0.676486,0.0138058,0.0153398,2.0448,2.0448,
29397.4,-0.115049,-0.115049,-0.480136,-0.480136,1.92858,1.93011,-0.109279,-0.109279,0.676486,0.67802,0.0138058,0.0153398,2.0448,2.0448,
29417.2,-0.115049,-0.115049,-0.480136,-0.480136,1.92858,1.93011,-0.109279,-0.109279,0.676486,0.67802,0.0138058,0.0153398,2.0448,2.0448,
29437.3,-0.115049,-0.115049,-0.480136,-0.480136,1.92858,1.93011,-0.109279,-0.109279,0.676486,0.67802,0.0138058,0.0153398,2.0448,2.0448,
29457.3,-0.115049,-0.115049,-0.480136,-0.480136,1.92858,1.93011,-0.109279,-0.109279,0.676486,0.67802,0.0138058,0.0153398,2.0448,2.0448,
29477.3,-0.115049,-0.115049,-0.480136,-0.480136,1.92858,1.93011,-0.109279,-0.109279,0.676486,0.67802,0.0138058,0.0153398,2.0448,2.0448,
29497.3,-0.115049,-0.115049,-0.480136,-0.480136,1.92858,1.93011,-0.109279,-0.109279,0.676486,0.67802,0.0138058,0.0153398,2.0448,2.0448,
29517.4,-0.115049,-0.115049,-0.480136,-0.480136,1.92858,1.92858,-0.109279,-0.109279,0.676486,0.676486,0.0138058,0.0153398,2.0448,2.0448,
29537.4,-0.115049,-0.115049,-0.480136,-0.480136,1.92858,1.92858,-0.109279,-0.109279,0.676486,0.676486,0.0138058,0.0153398,2.0448,2.0448,
29557.3,-0.115049,-0.115049,-0.480136,-0.480136,1.92858,1.92858,-0.109279,-0.109279,0.676486,0.676486,0.0138058,0.0153398,2.0448,2.0448,
29577.3,-0.115049,-0.115049,-0.480136,-0.480136,1.92858,1.92858,-0.109279,-0.109279,0.676486,0.676486,0.0138058,0.0153398,2.0448,2.0448,
29597.3,-0.115049,-0.115049,-0.480136,-0.480136,1.92858,1.92858,-0.109279,-0.109279,0.676486,0.676486,0.0138058,0.0168738,2.0448,2.0448,
29617.4,-0.115049,-0.115049,-0.480136,-0.480136,1.92858,1.92858,-0.109279,-0.109279,0.676486,0.676486,0.0138058,0.0168738,2.0448,2.0448,
29637.4,-0.115049,-0.115049,-0.480136,-0.480136,1.92858,1.92858,-0.109279,-0.109279,0.676486,0.676486,0.0138058,0.0168738,2.0448,2.0448,
29657.3,-0.115049,-0.115049,-0.480136,-0.480136,1.92858,1.92858,-0.109279,-0.109279,0.676486,0.676486,0.0138058,0.0168738,2.0448,2.0448,
29677.3,-0.115049,-0.115049,-0.480136,-0.480136,1.92858,1.92858,-0.109279,-0.109279,0.676486,0.676486,0.0138058,0.0168738,2.0448,2.0448,
29697.3,-0.115049,-0.115049,-0.480136,-0.480136,1.92858,1.92858,-0.109279,-0.109279,0.676486,0.676486,0.0138058,0.0168738,2.0448,2.0448,
29717.3,-0.115049,-0.115049,-0.480136,-0.480136,1.92858,1.92858,-0.109279,-0.109279,0.676486,0.676486,0.0138058,0.0168738,2.0448,2.0448,
29737.3,-0.115049,-0.115049,-0.480136,-0.480136,1.92858,1.92858,-0.109279,-0.109279,0.676486,0.676486,0.0138058,0.0168738,2.0448,2.0448,
29757.3,-0.115049,-0.115049,-0.480136,-0.480136,1.92858,1.92858,-0.109279,-0.109279,0.676486,0.676486,0.0138058,0.0168738,2.0448,2.0448,
29777.3,-0.115049,-0.115049,-0.480136,-0.480136,1.92858,1.92858,-0.109279,-0.109279,0.676486,0.676486,0.0138058,0.0168738,2.0448,2.0448,
29797.4,-0.115049,-0.115049,-0.480136,-0.480136,1.92858,1.92858,-0.109279,-0.109279,0.676486,0.676486,0.0138058,0.0168738,2.0448,2.0448,
29817.2,-0.115049,-0.115049,-0.480136,-0.480136,1.92858,1.92858,-0.109279,-0.109279,0.676486,0.676486,0.0138058,0.0168738,2.0448,2.0448,
29837.2,-0.115049,-0.115049,-0.480136,-0.480136,1.92858,1.92858,-0.109279,-0.109279,0.676486,0.676486,0.0138058,0.0168738,2.0448,2.0448,
29857.3,-0.115049,-0.115049,-0.480136,-0.480136,1.92858,1.92858,-0.109279,-0.109279,0.676486,0.676486,0.0138058,0.0168738,2.0448,2.0448,
29877.3,-0.115049,-0.115049,-0.480136,-0.480136,1.92858,1.92858,-0.109279,-0.109279,0.676486,0.676486,0.0138058,0.0168738,2.0448,2.0448,
29897.3,-0.115049,-0.115049,-0.480136,-0.480136,1.92858,1.92858,-0.109279,-0.109279,0.676486,0.676486,0.0138058,0.0168738,2.0448,2.0448,
29917.3,-0.115049,-0.115049,-0.480136,-0.480136,1.92858,1.92858,-0.109279,-0.109279,0.676486,0.676486,0.0138058,0.0153398,2.0448,2.0448,
29937.3,-0.115049,-0.115049,-0.480136,-0.480136,1.92858,1.92858,-0.109279,-0.109279,0.676486,0.676486,0.0138058,0.0153398,2.0448,2.0448,
29957.4,-0.115049,-0.115049,-0.480136,-0.480136,1.92858,1.92858,-0.109279,-0.109279,0.676486,0.676486,0.0138058,0.0153398,2.0448,2.0448,
29977.3,-0.115049,-0.115049,-0.480136,-0.480136,1.92858,1.92858,-0.109279,-0.109279,0.676486,0.676486,0.0138058,0.0153398,2.0448,2.0448,
29997.3,-0.115049,-0.115049,-0.480136,-0.480136,1.92858,1.92858,-0.109279,-0.109279,0.676486,0.676486,0.0138058,0.0153398,2.0448,2.0448,
30017.3,-0.115049,-0.115049,-0.480136,-0.480136,1.92858,1.92858,-0.109279,-0.109279,0.676486,0.676486,0.0138058,0.0153398,2.0448,2.0448,
30037.3,-0.115049,-0.115049,-0.480136,-0.480136,1.92858,1.92858,-0.109279,-0.109279,0.676486,0.676486,0.0138058,0.0153398,2.0448,2.0448,
30057.3,-0.115049,-0.115049,-0.480136,-0.480136,1.92858,1.92858,-0.109279,-0.109279,0.676486,0.676486,0.0138058,0.0153398,2.0448,2.0448,
30077.3,-0.115049,-0.115049,-0.480136,-0.480136,1.92858,1.92858,-0.109279,-0.109279,0.676486,0.676486,0.0138058,0.0153398,2.0448,2.0448,
30097.3,-0.115049,-0.115049,-0.480136,-0.480136,1.92858,1.92858,-0.109279,-0.109279,0.676486,0.676486,0.0138058,0.0153398,2.0448,2.0448,
30117.3,-0.115049,-0.115049,-0.480136,-0.480136,1.92858,1.92858,-0.109279,-0.109279,0.676486,0.676486,0.0138058,0.0168738,2.0448,2.0448,
30137.4,-0.115049,-0.115049,-0.480136,-0.480136,1.92858,1.92858,-0.109279,-0.109279,0.676486,0.676486,0.0138058,0.0168738,2.0448,2.0448,
30157.3,-0.115049,-0.115049,-0.480136,-0.480136,1.92858,1.92858,-0.109279,-0.109279,0.676486,0.676486,0.0138058,0.0168738,2.0448,2.0448,
30177.3,-0.115049,-0.115049,-0.480136,-0.480136,1.92858,1.92858,-0.109279,-0.109279,0.676486,0.676486,0.0138058,0.0168738,2.0448,2.0448,
30197.3,-0.115049,-0.115049,-0.480136,-0.480136,1.92858,1.92858,-0.109279,-0.109279,0.676486,0.676486,0.0138058,0.0168738,2.0448,2.0448,
30217.3,-0.115049,-0.115049,-0.480136,-0.480136,1.92858,1.92858,-0.109279,-0.109279,0.676486,0.676486,0.0138058,0.0153398,2.0448,2.0448,
30237.4,-0.115049,-0.115049,-0.480136,-0.480136,1.92858,1.92858,-0.109279,-0.109279,0.676486,0.676486,0.0138058,0.0153398,2.0448,2.0448,
30257.3,-0.115049,-0.115049,-0.480136,-0.480136,1.92858,1.92858,-0.109279,-0.109279,0.676486,0.676486,0.0138058,0.0153398,2.0448,2.0448,
30277.4,-0.115049,-0.115049,-0.480136,-0.480136,1.92858,1.92858,-0.109279,-0.109279,0.676486,0.676486,0.0138058,0.0153398,2.0448,2.0448,
30297.3,-0.115049,-0.115049,-0.480136,-0.480136,1.92858,1.92858,-0.109279,-0.109279,0.676486,0.676486,0.0138058,0.0153398,2.0448,2.0448,
30317.3,-0.115049,-0.115049,-0.480136,-0.480136,1.92858,1.92858,-0.109279,-0.109279,0.676486,0.676486,0.0138058,0.0153398,2.0448,2.0448,
30337.4,-0.115049,-0.115049,-0.480136,-0.480136,1.92858,1.92858,-0.109279,-0.109279,0.676486,0.676486,0.0138058,0.0153398,2.0448,2.0448,
30357.3,-0.115049,-0.115049,-0.480136,-0.480136,1.92858,1.92858,-0.109279,-0.109279,0.676486,0.676486,0.0138058,0.0153398,2.0448,2.0448,
30377.4,-0.115049,-0.115049,-0.480136,-0.480136,1.92858,1.92858,-0.109279,-0.109279,0.676486,0.676486,0.0138058,0.0153398,2.0448,2.0448,
30397.4,-0.115049,-0.115049,-0.480136,-0.480136,1.92858,1.92858,-0.109279,-0.109279,0.676486,0.676486,0.0138058,0.0153398,2.0448,2.0448,
30417.3,-0.115049,-0.115049,-0.480136,-0.480136,1.92858,1.92858,-0.109279,-0.109279,0.676486,0.676486,0.0138058,0.0153398,2.0448,2.0448,
30437.4,-0.115049,-0.115049,-0.480136,-0.480136,1.92858,1.92858,-0.109279,-0.109279,0.676486,0.676486,0.0138058,0.0153398,2.0448,2.0448,
30457.4,-0.115049,-0.115049,-0.480136,-0.480136,1.92858,1.92858,-0.109279,-0.109279,0.676486,0.676486,0.0138058,0.0153398,2.0448,2.0448,
30477.3,-0.115049,-0.115049,-0.480136,-0.480136,1.92858,1.92858,-0.109279,-0.109279,0.676486,0.676486,0.0138058,0.0153398,2.0448,2.0448,
30497.3,-0.115049,-0.115049,-0.480136,-0.480136,1.92858,1.92858,-0.109279,-0.109279,0.676486,0.676486,0.0138058,0.0153398,2.0448,2.0448,
30517.3,-0.115049,-0.115049,-0.480136,-0.480136,1.92858,1.92858,-0.109279,-0.109279,0.676486,0.676486,0.0138058,0.0153398,2.0448,2.0448,
30537.3,-0.115049,-0.115049,-0.480136,-0.480136,1.92858,1.92858,-0.109279,-0.109279,0.676486,0.676486,0.0138058,0.0153398,2.0448,2.0448,
30557.3,-0.115049,-0.115049,-0.480136,-0.480136,1.92858,1.92858,-0.109279,-0.109279,0.676486,0.676486,0.0138058,0.0153398,2.0448,2.0448,
30577.3,-0.115049,-0.115049,-0.480136,-0.480136,1.92858,1.92858,-0.109279,-0.109279,0.676486,0.676486,0.0138058,0.0153398,2.0448,2.0448,
30597.3,-0.115049,-0.115049,-0.480136,-0.480136,1.92858,1.92858,-0.109279,-0.109279,0.676486,0.676486,0.0138058,0.0153398,2.0448,2.0448,
30617.3,-0.115049,-0.115049,-0.480136,-0.480136,1.92858,1.92858,-0.109279,-0.109279,0.676486,0.676486,0.0138058,0.0153398,2.0448,2.0448,
30637.3,-0.115049,-0.115049,-0.480136,-0.480136,1.92858,1.92858,-0.109279,-0.109279,0.676486,0.676486,0.0138058,0.0153398,2.0448,2.0448,
30657.3,0,-0.115049,-0.482723,-0.480136,1.93771,1.92858,-0.115823,-0.109279,0,0.676486,0,0.0153398,0,2.0448,
30677.3,0,-0.115049,-0.487561,-0.480136,1.94028,1.92858,-0.113551,-0.109279,0,0.676486,0,0.0153398,0,2.0448,
30697.2,0,-0.115049,-0.492403,-0.480136,1.94282,1.92858,-0.111256,-0.109279,0,0.676486,0,0.0153398,0,2.0448,
30717.2,0,-0.115049,-0.494557,-0.480136,1.94395,1.92858,-0.110229,-0.109279,0,0.676486,0,0.0153398,0,2.0448,
30737.3,0,-0.115049,-0.501559,-0.480136,1.94758,1.92858,-0.106858,-0.109279,0,0.676486,0,0.0153398,0,2.0448,
30757.3,0,-0.0889709,-0.512886,-0.480136,1.95336,1.93011,-0.101311,-0.109279,0,0.63967,0,0.0153398,0,2.04633,
30777.3,0,-0.0889709,-0.516665,-0.480136,1.95526,1.93011,-0.099434,-0.109279,0,0.63967,0,0.0153398,0,2.04633,
30797.3,0,-0.0889709,-0.518826,-0.480136,1.95635,1.93011,-0.0983552,-0.109279,0,0.63967,0,0.0153398,0,2.04633,
30817.2,0,-0.0414175,-0.526934,-0.48167,1.96037,1.93625,-0.094269,-0.109279,0,0.420311,0,0.0138058,0,2.04786,
30837.4,0,-0.0414175,-0.528556,-0.48167,1.96117,1.93625,-0.093444,-0.109279,0,0.420311,0,0.0138058,0,2.04786,
30857.3,0,-0.0414175,-0.529638,-0.48167,1.9617,1.93625,-0.0928926,-0.109279,0,0.420311,0,0.0138058,0,2.04786,
30877.3,0,-0.0414175,-0.531803,-0.48167,1.96275,1.93625,-0.0917864,-0.109279,0,0.420311,0,0.0138058,0,2.04786,
30897.3,0,-0.0414175,-0.534509,-0.48167,1.96407,1.93625,-0.0903973,-0.109279,0,0.420311,0,0.0138058,0,2.04786,
30917.3,0,-0.0153398,-0.536675,-0.49701,1.96512,1.94699,-0.0892808,-0.101609,0,0.0751651,0,0.0138058,0,2.04786,
30937.3,0,-0.0153398,-0.54155,-0.49701,1.96747,1.94699,-0.0867521,-0.101609,0,0.0751651,0,0.0138058,0,2.04786,
30957.2,0,-0.0153398,-0.542091,-0.49701,1.96773,1.94699,-0.0864697,-0.101609,0,0.0751651,0,0.0138058,0,2.04786,
30977.2,0,-0.0153398,-0.543175,-0.49701,1.96824,1.94699,-0.085904,-0.101609,0,0.0751651,0,0.0138058,0,2.04786,
30997.2,0,-0.0153398,-0.544259,-0.49701,1.96876,1.94699,-0.0853372,-0.101609,0,0.0751651,0,0.0138058,0,2.04786,
31017.2,0,0.00306796,-0.544801,-0.516952,1.96902,1.95773,-0.0850534,-0.0924051,0,-0.0368155,0,0.0153398,0,2.04786,
31037.2,0,0.00306796,-0.546428,-0.516952,1.96979,1.95773,-0.0842003,-0.0924051,0,-0.0368155,0,0.0153398,0,2.04786,
31057.2,0,0.00306796,-0.548054,-0.516952,1.97056,1.95773,-0.0833445,-0.0924051,0,-0.0368155,0,0.0153398,0,2.04786,
31077.2,0,0.00306796,-0.550224,-0.516952,1.97159,1.95773,-0.0821996,-0.0924051,0,-0.0368155,0,0.0153398,0,2.04786,
31097.2,0,0.00306796,-0.551308,-0.516952,1.9721,1.95773,-0.0816254,-0.0924051,0,-0.0368155,0,0.0153398,0,2.04786,
31117.2,0,0.00306796,-0.553479,-0.516952,1.97312,1.95773,-0.0804736,-0.0924051,0,-0.0368155,0,0.0153398,0,2.04786,
31137.2,0,0.00306796,-0.556735,-0.516952,1.97464,1.95773,-0.0787374,-0.0924051,0,-0.0368155,0,0.0153398,0,2.04786,
31157.2,0,0.00460194,-0.561079,-0.532291,1.97665,1.95926,-0.0764065,-0.0862692,0,-0.0337476,0,0.0153398,0,2.04633,
31177.2,0,0.00460194,-0.563251,-0.532291,1.97765,1.95926,-0.0752342,-0.0862692,0,-0.0337476,0,0.0153398,0,2.04633,
31197.2,0,0.00460194,-0.566511,-0.532291,1.97914,1.95926,-0.0734673,-0.0862692,0,-0.0337476,0,0.0153398,0,2.04633,
31217.2,0,0.00460194,-0.567598,-0.539961,1.97964,1.96386,-0.0728761,-0.0847352,0,-0.0230097,0,0.0168738,0,2.0448,
31237.2,0,0.00460194,-0.57086,-0.539961,1.98112,1.96386,-0.0710955,-0.0847352,0,-0.0230097,0,0.0168738,0,2.0448,
31257.2,0,0.00460194,-0.572491,-0.539961,1.98186,1.96386,-0.0702014,-0.0847352,0,-0.0230097,0,0.0168738,0,2.0448,
31277.2,0,0.00460194,-0.572491,-0.539961,1.98186,1.96386,-0.0702014,-0.0847352,0,-0.0230097,0,0.0168738,0,2.0448,
31297.2,0,0.00460194,-0.573035,-0.539961,1.9821,1.96386,-0.0699028,-0.0847352,0,-0.0230097,0,0.0168738,0,2.0448,
31317.2,0,0.00460194,-0.579563,-0.553767,1.98503,1.97,-0.0662974,-0.0755314,0,-0.0214757,0,0.0153398,0,2.04633,
31337.2,0,0.00460194,-0.582828,-0.553767,1.98647,1.97,-0.0644794,-0.0755314,0,-0.0214757,0,0.0153398,0,2.04633,
31357.2,0,0.00460194,-0.585551,-0.553767,1.98767,1.97,-0.0629566,-0.0755314,0,-0.0214757,0,0.0153398,0,2.04633,
31377.2,0,0.00460194,-0.587184,-0.553767,1.98839,1.97,-0.0620396,-0.0755314,0,-0.0214757,0,0.0153398,0,2.04633,
31397.2,0,0.00460194,-0.589363,-0.553767,1.98934,1.97,-0.0608129,-0.0755314,0,-0.0214757,0,0.0153398,0,2.04633,
31417.2,0,0.00613592,-0.566039,-0.566039,1.97613,1.97613,-0.0608129,-0.0693954,-0.0230097,-0.0230097,0.0153398,0.0153398,2.04786,2.04786,
31437.3,0,0.00613592,-0.566039,-0.566039,1.97613,1.97613,-0.0608129,-0.0693954,-0.0230097,-0.0230097,0.0153398,0.0153398,2.04786,2.04786,
31457.2,0,0.00613592,-0.566039,-0.566039,1.97613,1.97613,-0.0608129,-0.0693954,-0.0230097,-0.0230097,0.0153398,0.0153398,2.04786,2.04786,
31477.2,0,0.00613592,-0.566039,-0.566039,1.97613,1.97613,-0.0608129,-0.0693954,-0.0230097,-0.0230097,0.0153398,0.0153398,2.04786,2.04786,
31497.3,0,0.00613592,-0.566039,-0.566039,1.97613,1.97613,-0.0608129,-0.0693954,-0.0230097,-0.0230097,0.0153398,0.0153398,2.04786,2.04786,
31517.2,0,0.00613592,-0.566039,-0.572175,1.97613,1.9792,-0.0608129,-0.0632595,-0.0230097,-0.0214757,0.0153398,0.0153398,2.04786,2.04633,
31537.3,0,0.00613592,-0.566039,-0.572175,1.97613,1.9792,-0.0608129,-0.0632595,-0.0230097,-0.0214757,0.0153398,0.0153398,2.04786,2.04633,
31557.3,0,0.00613592,-0.566039,-0.572175,1.97613,1.9792,-0.0608129,-0.0632595,-0.0230097,-0.0214757,0.0153398,0.0153398,2.04786,2.04633,
31577.3,0,0.00613592,-0.566039,-0.572175,1.97613,1.9792,-0.0608129,-0.0632595,-0.0230097,-0.0214757,0.0153398,0.0153398,2.04786,2.04633,
31597.2,0,0.00613592,-0.566039,-0.572175,1.97613,1.9792,-0.0608129,-0.0632595,-0.0230097,-0.0214757,0.0153398,0.0153398,2.04786,2.04633,
31617.2,0,0.00460194,-0.582913,-0.582913,1.97613,1.98074,-0.0608129,-0.0601916,-0.0230097,-0.0184078,0.0153398,0.0153398,2.04786,2.04633,
31637.3,0,0.00460194,-0.582913,-0.582913,1.97613,1.98074,-0.0608129,-0.0601916,-0.0230097,-0.0184078,0.0153398,0.0153398,2.04786,2.04633,
31657.3,0,0.00460194,-0.582913,-0.582913,1.97613,1.98074,-0.0608129,-0.0601916,-0.0230097,-0.0184078,0.0153398,0.0153398,2.04786,2.04633,
31677.3,0,0.00460194,-0.582913,-0.582913,1.97613,1.98074,-0.0608129,-0.0601916,-0.0230097,-0.0184078,0.0153398,0.0153398,2.04786,2.04633,
31697.2,0,0.00460194,-0.582913,-0.582913,1.97613,1.98074,-0.0608129,-0.0601916,-0.0230097,-0.0184078,0.0153398,0.0153398,2.04786,2.04633,
31717.3,0,0.00613592,-0.582913,-0.587515,1.97613,1.9838,-0.0608129,-0.0601916,-0.0230097,-0.0184078,0.0153398,0.0153398,2.04786,2.04633,
31737.3,0,0.00613592,-0.582913,-0.587515,1.97613,1.9838,-0.0608129,-0.0601916,-0.0230097,-0.0184078,0.0153398,0.0153398,2.04786,2.04633,
31757.3,0,0.00613592,-0.582913,-0.587515,1.97613,1.9838,-0.0608129,-0.0601916,-0.0230097,-0.0184078,0.0153398,0.0153398,2.04786,2.04633,
31777.2,0,0.00613592,-0.582913,-0.587515,1.97613,1.9838,-0.0608129,-0.0601916,-0.0230097,-0.0184078,0.0153398,0.0153398,2.04786,2.04633,
31797.3,0,0.00613592,-0.582913,-0.587515,1.97613,1.9838,-0.0608129,-0.0601916,-0.0230097,-0.0184078,0.0153398,0.0153398,2.04786,2.04633,
31817.2,0,0.00460194,-0.582913,-0.590583,1.97613,1.98534,-0.0608129,-0.0586576,-0.0230097,-0.0184078,0.0153398,0.0153398,2.04786,2.04633,
31837.4,0,0.00460194,-0.582913,-0.590583,1.97613,1.98534,-0.0608129,-0.0586576,-0.0230097,-0.0184078,0.0153398,0.0153398,2.04786,2.04633,
31857.4,0,0.00460194,-0.582913,-0.590583,1.97613,1.98534,-0.0608129,-0.0586576,-0.0230097,-0.0184078,0.0153398,0.0153398,2.04786,2.04633,
31877.4,0,0.00460194,-0.582913,-0.590583,1.97613,1.98534,-0.0608129,-0.0586576,-0.0230097,-0.0184078,0.0153398,0.0153398,2.04786,2.04633,
31897.4,0,0.00460194,-0.582913,-0.590583,1.97613,1.98534,-0.0608129,-0.0586576,-0.0230097,-0.0184078,0.0153398,0.0153398,2.04786,2.04633,
31917.4,0,0.00460194,-0.582913,-0.587515,1.97613,1.98534,-0.0608129,-0.0586576,-0.0230097,-0.0168738,0.0153398,0.0153398,2.04786,2.04633,
31937.3,0,0.00460194,-0.582913,-0.587515,1.97613,1.98534,-0.0608129,-0.0586576,-0.0230097,-0.0168738,0.0153398,0.0153398,2.04786,2.04633,
31957.3,0,0.00460194,-0.582913,-0.587515,1.97613,1.98534,-0.0608129,-0.0586576,-0.0230097,-0.0168738,0.0153398,0.0153398,2.04786,2.04633,
31977.3,0,0.00460194,-0.582913,-0.587515,1.97613,1.98534,-0.0608129,-0.0586576,-0.0230097,-0.0168738,0.0153398,0.0153398,2.04786,2.04633,
31997.2,0,0.00460194,-0.582913,-0.587515,1.97613,1.98534,-0.0608129,-0.0586576,-0.0230097,-0.0168738,0.0153398,0.0153398,2.04786,2.04633,
32017.2,0,0.00460194,-0.582913,-0.582913,1.98687,1.98687,-0.0608129,-0.0586576,-0.0230097,-0.0138058,0.0153398,0.0153398,2.04786,2.04633,
32037.2,0,0.00460194,-0.582913,-0.582913,1.98687,1.98687,-0.0608129,-0.0586576,-0.0230097,-0.0138058,0.0153398,0.0153398,2.04786,2.04633,
32057.2,0,0.00460194,-0.582913,-0.582913,1.98687,1.98687,-0.0608129,-0.0586576,-0.0230097,-0.0138058,0.0153398,0.0153398,2.04786,2.04633,
32077.2,0,0.00460194,-0.582913,-0.582913,1.98687,1.98687,-0.0608129,-0.0586576,-0.0230097,-0.0138058,0.0153398,0.0153398,2.04786,2.04633,
32097.2,0,0.00460194,-0.582913,-0.584447,1.98687,1.98687,-0.0608129,-0.0586576,-0.0230097,-0.0138058,0.0153398,0.0153398,2.04786,2.04633,
32117.2,0,0.00460194,-0.582913,-0.584447,1.98687,1.98687,-0.0608129,-0.0586576,-0.0230097,-0.0138058,0.0153398,0.0153398,2.04786,2.04633,
32137.2,0,0.00460194,-0.582913,-0.584447,1.98687,1.98687,-0.0608129,-0.0586576,-0.0230097,-0.0138058,0.0153398,0.0153398,2.04786,2.04633,
32157.2,0,0.00460194,-0.582913,-0.584447,1.98687,1.98687,-0.0608129,-0.0586576,-0.0230097,-0.0138058,0.0153398,0.0153398,2.04786,2.04633,
32177.3,0,0.00460194,-0.582913,-0.584447,1.98687,1.98687,-0.0608129,-0.0586576,-0.0230097,-0.0138058,0.0153398,0.0153398,2.04786,2.04633,
32197.3,0,0.00460194,-0.582913,-0.585981,1.98687,1.98687,-0.0608129,-0.0586576,-0.0230097,-0.0138058,0.0153398,0.0153398,2.04786,2.04633,
32217.2,0,0.00460194,-0.582913,-0.585981,1.98687,1.98687,-0.0608129,-0.0586576,-0.0230097,-0.0138058,0.0153398,0.0153398,2.04786,2.04633,
32237.2,0,0.00460194,-0.582913,-0.585981,1.98687,1.98687,-0.0608129,-0.0586576,-0.0230097,-0.0138058,0.0153398,0.0153398,2.04786,2.04633,
32257.3,0,0.00460194,-0.582913,-0.585981,1.98687,1.98687,-0.0608129,-0.0586576,-0.0230097,-0.0138058,0.0153398,0.0153398,2.04786,2.04633,
32277.2,0,0.00460194,-0.582913,-0.585981,1.98687,1.98687,-0.0608129,-0.0586576,-0.0230097,-0.0138058,0.0153398,0.0153398,2.04786,2.04633,
32297.3,0,0.00460194,-0.582913,-0.585981,1.98687,1.98687,-0.0608129,-0.0586576,-0.0230097,-0.0138058,0.0153398,0.0153398,2.04786,2.04633,
32317.2,0,0.00306796,-0.582913,-0.584447,1.98687,1.98687,-0.0608129,-0.0586576,-0.0122718,-0.0122718,0.0153398,0.0153398,2.04786,2.04633,
32337.2,0,0.00306796,-0.582913,-0.584447,1.98687,1.98687,-0.0608129,-0.0586576,-0.0122718,-0.0122718,0.0153398,0.0153398,2.04786,2.04633,
32357.3,0,0.00306796,-0.582913,-0.584447,1.98687,1.98687,-0.0608129,-0.0586576,-0.0122718,-0.0122718,0.0153398,0.0153398,2.04786,2.04633,
32377.3,0,0.00306796,-0.582913,-0.584447,1.98687,1.98687,-0.0608129,-0.0586576,-0.0122718,-0.0122718,0.0153398,0.0153398,2.04786,2.04633,
32397.2,0,0.00460194,-0.582913,-0.585981,1.98687,1.98687,-0.0608129,-0.0586576,-0.0122718,-0.0122718,0.0153398,0.0153398,2.04786,2.04633,
32417.2,0,0.00460194,-0.582913,-0.585981,1.98687,1.98687,-0.0608129,-0.0586576,-0.0122718,-0.0122718,0.0153398,0.0153398,2.04786,2.04633,
32437.4,0,0.00460194,-0.582913,-0.585981,1.98687,1.98687,-0.0608129,-0.0586576,-0.0122718,-0.0122718,0.0153398,0.0153398,2.04786,2.04633,
32457.3,0,0.00460194,-0.582913,-0.585981,1.98687,1.98687,-0.0608129,-0.0586576,-0.0122718,-0.0122718,0.0153398,0.0153398,2.04786,2.04633,
32477.2,0,0.00460194,-0.582913,-0.585981,1.98687,1.98687,-0.0608129,-0.0586576,-0.0122718,-0.0122718,0.0153398,0.0153398,2.04786,2.04633,
32497.2,0,0.00460194,-0.582913,-0.585981,1.98687,1.98687,-0.0608129,-0.0586576,-0.0122718,-0.0122718,0.0153398,0.0153398,2.04786,2.04633,
32517.3,0,0.00460194,-0.582913,-0.585981,1.98687,1.98534,-0.0608129,-0.0586576,-0.0122718,-0.0107379,0.0153398,0.0153398,2.04786,2.0448,
32537.3,0,0.00460194,-0.582913,-0.585981,1.98687,1.98534,-0.0608129,-0.0586576,-0.0122718,-0.0107379,0.0153398,0.0153398,2.04786,2.0448,
32557.3,0,0.00460194,-0.582913,-0.585981,1.98687,1.98534,-0.0608129,-0.0586576,-0.0122718,-0.0107379,0.0153398,0.0153398,2.04786,2.0448,
32577.3,0,0.00460194,-0.582913,-0.585981,1.98687,1.98534,-0.0608129,-0.0586576,-0.0122718,-0.0107379,0.0153398,0.0153398,2.04786,2.0448,
32597.3,0,0.00306796,-0.593722,-0.585981,1.99123,1.98687,-0.0583459,-0.0586576,0,-0.0122718,0,0.0153398,0,2.04633,
32617.2,0,0.00306796,-0.599172,-0.585981,1.99357,1.98687,-0.0552367,-0.0586576,0,-0.0122718,0,0.0153398,0,2.04633,
32637.2,0,0.00306796,-0.600808,-0.585981,1.99427,1.98687,-0.0542984,-0.0586576,0,-0.0122718,0,0.0153398,0,2.04633,
32657.5,0,0.00306796,-0.603535,-0.585981,1.99543,1.98687,-0.0527291,-0.0586576,0,-0.0122718,0,0.0153398,0,2.04633,
32677.2,0,0.00306796,-0.607354,-0.585981,1.99704,1.98687,-0.0505201,-0.0586576,0,-0.0122718,0,0.0153398,0,2.04633,
32697.2,0,0.00306796,-0.610628,-0.585981,1.99841,1.98687,-0.0486157,-0.0586576,0,-0.0122718,0,0.0153398,0,2.04633,
32717.2,0,0.00306796,-0.612811,-0.585981,1.99932,1.98687,-0.0473405,-0.0586576,0,-0.0122718,0,0.0153398,0,2.04633,
32737.2,0,0.00306796,-0.618817,-0.589049,2.00179,1.98687,-0.0438105,-0.0586576,0,-0.0107379,0,0.0153398,0,2.0448,
32757.2,0,0.00306796,-0.619909,-0.589049,2.00224,1.98687,-0.043165,-0.0586576,0,-0.0107379,0,0.0153398,0,2.0448,
32777.2,0,0.00306796,-0.620455,-0.589049,2.00246,1.98687,-0.0428418,-0.0586576,0,-0.0107379,0,0.0153398,0,2.0448,
32797.2,0,0.00306796,-0.62264,-0.589049,2.00335,1.98687,-0.0415464,-0.0586576,0,-0.0107379,0,0.0153398,0,2.0448,
32817.2,0,0.00306796,-0.624825,-0.589049,2.00424,1.98687,-0.0402465,-0.0586576,0,-0.0107379,0,0.0153398,0,2.0448,
32837.2,0,0.00306796,-0.625372,-0.589049,2.00446,1.98687,-0.0399208,-0.0586576,0,-0.0107379,0,0.0153398,0,2.0448,
32857.2,0,0.00306796,-0.637397,-0.589049,2.00925,1.98687,-0.0326853,-0.0586576,0,-0.0107379,0,0.0153398,0,2.0448,
32877.2,0,0.00306796,-0.640131,-0.60132,2.01032,1.99147,-0.031022,-0.0494537,0,-0.0107379,0,0.0153398,0,2.0448,
32897.3,0,0.00306796,-0.65983,-0.60132,2.01784,1.99147,-0.0188416,-0.0494537,0,-0.0107379,0,0.0153398,0,2.0448,
32917.2,0,0.00306796,-0.677355,-0.60132,2.02423,1.99147,-0.00771431,-0.0494537,0,-0.0107379,0,0.0153398,0,2.0448,
32937.3,0,0.00306796,-0.68612,-0.62433,2.02733,2.00221,-0.00204554,-0.0356479,0,-0.0107379,0,0.0153398,0,2.0448,
32957.3,0,0.00306796,-0.69434,-0.62433,2.03017,2.00221,0.00333219,-0.0356479,0,-0.0107379,0,0.0153398,0,2.0448,
32977.3,0,0.00306796,-0.703108,-0.62433,2.03314,2.00221,0.00913557,-0.0356479,0,-0.0107379,0,0.0153398,0,2.0448,
32997.3,0,0.00306796,-0.706944,-0.62433,2.03441,2.00221,0.0116962,-0.0356479,0,-0.0107379,0,0.0153398,0,2.0448,
33017.3,0,0.00306796,-0.708588,-0.62433,2.03496,2.00221,0.0127977,-0.0356479,0,-0.0107379,0,0.0153398,0,2.0448,
33037.4,0,0.00306796,-0.71078,-0.62433,2.03568,2.00221,0.0142701,-0.0356479,0,-0.0107379,0,0.0153398,0,2.0448,
33057.3,0,0.00153398,-0.712424,-0.658078,2.03621,2.01755,0.0153772,-0.0126381,0,-0.0076699,0,0.0153398,0,2.04326,
33077.3,0,0.00153398,-0.716808,-0.658078,2.03763,2.01755,0.0183412,-0.0126381,0,-0.0076699,0,0.0153398,0,2.04326,
33097.3,0,0.00153398,-0.72448,-0.658078,2.04008,2.01755,0.0235692,-0.0126381,0,-0.0076699,0,0.0153398,0,2.04326,
33117.3,0,0.00153398,-0.728863,-0.658078,2.04145,2.01755,0.02658,-0.0126381,0,-0.0076699,0,0.0153398,0,2.04326,
33137.4,0,0.00153398,-0.731054,-0.658078,2.04213,2.01755,0.0280918,-0.0126381,0,-0.0076699,0,0.0153398,0,2.04326,
33157.2,0,0.00153398,-0.691825,-0.691825,2.03136,2.03136,0.00883758,0.00883758,0,-0.00460194,0.0153398,0.0153398,2.0448,2.0448,
33177.3,0,0.00153398,-0.747485,-0.691825,2.04709,2.03136,0.0395639,0.00883758,0,-0.00460194,0,0.0153398,0,2.0448,
33197.2,0,0.00306796,-0.716369,-0.716369,2.03749,2.03749,0.0241774,0.0241774,0,-0.00460194,0.0153398,0.0153398,2.0448,2.0448,
33217.3,0,0.00306796,-0.716369,-0.716369,2.03749,2.03749,0.0241774,0.0241774,0,-0.00460194,0.0153398,0.0153398,2.0448,2.0448,
33237.3,0,0.00306796,-0.716369,-0.716369,2.03749,2.03749,0.0241774,0.0241774,0,-0.00460194,0.0153398,0.0153398,2.0448,2.0448,
33257.3,0,0.00306796,-0.716369,-0.716369,2.03749,2.03749,0.0241774,0.0241774,0,-0.00460194,0.0153398,0.0153398,2.0448,2.0448,
33277.2,0,0.00306796,-0.716369,-0.716369,2.03749,2.03749,0.0241774,0.0241774,0,-0.00460194,0.0153398,0.0153398,2.0448,2.0448,
33297.2,0,0.00306796,-0.716369,-0.716369,2.03749,2.03749,0.0241774,0.0241774,0,-0.00460194,0.0153398,0.0153398,2.0448,2.0448,
33317.2,0,0.00153398,-0.733243,-0.733243,2.03749,2.04209,0.0364492,0.0364492,0,-0.00153398,0.0153398,0.0153398,2.0448,2.04326,
33337.2,0,0.00153398,-0.733243,-0.733243,2.03749,2.04209,0.0364492,0.0364492,0,-0.00153398,0.0153398,0.0153398,2.0448,2.04326,
33357.2,0,0.00153398,-0.733243,-0.733243,2.03749,2.04209,0.0364492,0.0364492,0,-0.00153398,0.0153398,0.0153398,2.0448,2.04326,
33377.2,0,0.00153398,-0.733243,-0.733243,2.03749,2.04209,0.0364492,0.0364492,0,-0.00153398,0.0153398,0.0153398,2.0448,2.04326,
33397.2,0,0.00153398,-0.733243,-0.733243,2.03749,2.04209,0.0364492,0.0364492,0,-0.00153398,0.0153398,0.0153398,2.0448,2.04326,
33417.2,0,0.00153398,-0.756253,-0.756253,2.04976,2.04976,0.0364492,0.0456531,0,-0.00153398,0.0153398,0.0153398,2.0448,2.0448,
33437.2,0,0.00153398,-0.756253,-0.756253,2.04976,2.04976,0.0364492,0.0456531,0,-0.00153398,0.0153398,0.0153398,2.0448,2.0448,
33457.2,0,0.00153398,-0.756253,-0.756253,2.04976,2.04976,0.0364492,0.0456531,0,-0.00153398,0.0153398,0.0153398,2.0448,2.0448,
33477.3,0,0.00153398,-0.756253,-0.756253,2.04976,2.04976,0.0364492,0.0456531,0,-0.00153398,0.0153398,0.0153398,2.0448,2.0448,
33497.3,0,0.00153398,-0.756253,-0.756253,2.04976,2.04976,0.0364492,0.0456531,0,-0.00153398,0.0153398,0.0153398,2.0448,2.0448,
33517.3,0,0.00153398,-0.756253,-0.75932,2.04976,2.0513,0.0471871,0.0471871,0,-0.00153398,0.0153398,0.0153398,2.0448,2.04633,
33537.3,0,0.00153398,-0.756253,-0.75932,2.04976,2.0513,0.0471871,0.0471871,0,-0.00153398,0.0153398,0.0153398,2.0448,2.04633,
33557.4,0,0.00153398,-0.756253,-0.75932,2.04976,2.0513,0.0471871,0.0471871,0,-0.00153398,0.0153398,0.0153398,2.0448,2.04633,
33577.3,0,0.00153398,-0.756253,-0.75932,2.04976,2.0513,0.0471871,0.0471871,0,-0.00153398,0.0153398,0.0153398,2.0448,2.04633,
33597.2,0,0.00153398,-0.756253,-0.75932,2.04976,2.0513,0.0471871,0.0471871,0,-0.00153398,0.0153398,0.0153398,2.0448,2.04633,
33617.4,0,0.00153398,-0.756253,-0.762388,2.04976,2.0513,0.0471871,0.0471871,0,-0.00153398,0.0153398,0.0153398,2.0448,2.04633,
33637.2,0,0.00153398,-0.756253,-0.762388,2.04976,2.0513,0.0471871,0.0471871,0,-0.00153398,0.0153398,0.0153398,2.0448,2.04633,
33657.3,0,0.00153398,-0.756253,-0.762388,2.04976,2.0513,0.0471871,0.0471871,0,-0.00153398,0.0153398,0.0153398,2.0448,2.04633,
33677.4,0,0.00153398,-0.756253,-0.762388,2.04976,2.0513,0.0471871,0.0471871,0,-0.00153398,0.0153398,0.0153398,2.0448,2.04633,
33697.2,0,0.00153398,-0.752413,-0.762388,2.04853,2.0513,0.0430514,0.0471871,0,-0.00153398,0,0.0153398,0,2.04633,
33717.2,0,0.00153398,-0.750223,-0.762388,2.04789,2.0513,0.0414988,0.0471871,0,-0.00153398,0,0.0153398,0,2.04633,
33737.3,0,0.00153398,-0.749128,-0.757787,2.04757,2.0513,0.0407241,0.0456531,0,-0.00153398,0,0.0153398,0,2.04633,
33757.3,0,0.00153398,-0.745295,-0.757787,2.04644,2.0513,0.0380207,0.0456531,0,-0.00153398,0,0.0153398,0,2.04633,
33777.3,0,0.00153398,-0.743652,-0.757787,2.04595,2.0513,0.036866,0.0456531,0,-0.00153398,0,0.0153398,0,2.04633,
33797.3,0,0.00153398,-0.739819,-0.757787,2.0448,2.0513,0.0341809,0.0456531,0,-0.00153398,0,0.0153398,0,2.04633,
33817.2,0,0.00153398,-0.737628,-0.743981,2.04414,2.0513,0.0326523,0.0456531,0,-0.00153398,0,0.0153398,0,2.0448,
33837.3,0,0.00153398,-0.735437,-0.743981,2.04347,2.0513,0.0311279,0.0456531,0,-0.00153398,0,0.0153398,0,2.0448,
33857.2,0,0.00153398,-0.733246,-0.743981,2.0428,2.0513,0.0296077,0.0456531,0,-0.00153398,0,0.0153398,0,2.0448,
33877.2,0,0.00153398,-0.723384,-0.743981,2.03973,2.0513,0.0228191,0.0456531,0,-0.00153398,0,0.0153398,0,2.0448,
33897.1,0,0.00153398,-0.718452,-0.743981,2.03816,2.0513,0.0194571,0.0456531,0,-0.00153398,0,0.0153398,0,2.0448,
33917.2,0,0.00153398,-0.716808,-0.751651,2.03763,2.0513,0.0183412,0.0456531,0,-0.00153398,0,0.0153398,0,2.04633,
33937.2,0,0.00153398,-0.715712,-0.751651,2.03728,2.0513,0.0175986,0.0456531,0,-0.00153398,0,0.0153398,0,2.04633,
33957.2,0,0.00153398,-0.71352,-0.751651,2.03657,2.0513,0.0161166,0.0456531,0,-0.00153398,0,0.0153398,0,2.04633,
33977.2,0,0.00153398,-0.712424,-0.751651,2.03621,2.0513,0.0153772,0.0456531,0,-0.00153398,0,0.0153398,0,2.04633,
33997.2,0,0.00153398,-0.709684,-0.745515,2.03532,2.0513,0.0135333,0.0410512,0,-0.00153398,0,0.0153398,0,2.04633,
34017.2,0,0.00153398,-0.708588,-0.745515,2.03496,2.0513,0.0127977,0.0410512,0,-0.00153398,0,0.0153398,0,2.04633,
34037.3,0,0.00153398,-0.705848,-0.745515,2.03405,2.0513,0.0109633,0.0410512,0,-0.00153398,0,0.0153398,0,2.04633,
34057.2,0,0.00153398,-0.700916,-0.745515,2.0324,2.0513,0.00767825,0.0410512,0,-0.00153398,0,0.0153398,0,2.04633,
34077.2,0,0.00153398,-0.698724,-0.745515,2.03166,2.0513,0.00622524,0.0410512,0,-0.00153398,0,0.0153398,0,2.04633,
34097.2,0,0.00153398,-0.69708,-0.745515,2.03111,2.0513,0.00513832,0.0410512,0,-0.00153398,0,0.0153398,0,2.04633,
34117.3,0,0.00153398,-0.69434,-0.730175,2.03017,2.04976,0.00333219,0.0303133,0,-0.00153398,0,0.0153398,0,2.04633,
34137.2,0,0.00153398,-0.6916,-0.730175,2.02923,2.04976,0.00153283,0.0303133,0,-0.00153398,0,0.0153398,0,2.04633,
34157.2,0,0.00153398,-0.68886,-0.730175,2.02829,2.04976,-0.000259747,0.0303133,0,-0.00153398,0,0.0153398,0,2.04633,
34177.2,0,0.00153398,-0.687764,-0.730175,2.0279,2.04976,-0.000974879,0.0303133,0,-0.00153398,0,0.0153398,0,2.04633,
34197.2,0,0.00153398,-0.684477,-0.730175,2.02676,2.04976,-0.00311375,0.0303133,0,-0.00153398,0,0.0153398,0,2.04633,
34217.2,0,0.00153398,-0.681737,-0.717903,2.02579,2.04976,-0.00488865,0.0211094,0,-0.00153398,0,0.0153398,0,2.04633,
34237.2,0,0.00153398,-0.672973,-0.717903,2.02266,2.04976,-0.0105225,0.0211094,0,-0.00153398,0,0.0153398,0,2.04633,
34257.3,0,0.00153398,-0.668043,-0.717903,2.02087,2.04976,-0.0136607,0.0211094,0,-0.00153398,0,0.0153398,0,2.04633,
34277.2,0,0.00153398,-0.664758,-0.717903,2.01966,2.04976,-0.0157405,0.0211094,0,-0.00153398,0,0.0153398,0,2.04633,
34297.3,0,0.00153398,-0.66421,-0.717903,2.01946,2.04976,-0.0160861,0.0211094,0,-0.00153398,0,0.0153398,0,2.04633,
34317.3,0,0.00153398,-0.657093,-0.717903,2.01681,2.04976,-0.0205547,0.0211094,0,-0.00153398,0,0.0153398,0,2.04633,
34337.3,0,0.00153398,-0.65162,-0.704097,2.01475,2.04209,-0.0239604,0.00883758,0,-0.00153398,0,0.0153398,0,2.04633,
34357.3,0,0.00153398,-0.648337,-0.704097,2.01349,2.04209,-0.0259905,0.00883758,0,-0.00153398,0,0.0153398,0,2.04633,
34377.3,0,0.00153398,-0.64396,-0.704097,2.01181,2.04209,-0.0286817,0.00883758,0,-0.00153398,0,0.0153398,0,2.04633,
34397.3,0,0.00153398,-0.64396,-0.682621,2.01181,2.03442,-0.0286817,-0.00343426,0,-0.00153398,0,0.0153398,0,2.04633,
34417.3,0,0.00153398,-0.682621,-0.682621,2.03442,2.03442,-0.00343426,-0.00343426,0,-0.00153398,0.0153398,0.0153398,2.04633,2.04633,
34437.3,0,0.00153398,-0.682621,-0.682621,2.03442,2.03442,-0.00343426,-0.00343426,0,-0.00153398,0.0153398,0.0153398,2.04633,2.04633,
34457.3,0,0.00153398,-0.682621,-0.682621,2.03442,2.03442,-0.00343426,-0.00343426,0,-0.00153398,0.0153398,0.0153398,2.04633,2.04633,
34477.3,0,0.00153398,-0.682621,-0.682621,2.03442,2.03442,-0.00343426,-0.00343426,0,-0.00153398,0.0153398,0.0153398,2.04633,2.04633,
34497.3,0,0.00153398,-0.682621,-0.682621,2.03442,2.03442,-0.00343426,-0.00343426,0,-0.00153398,0.0153398,0.0153398,2.04633,2.04633,
34517.3,0,0.00153398,-0.682621,-0.682621,2.03442,2.03442,-0.00343426,-0.00343426,0,-0.00153398,0.0153398,0.0153398,2.04633,2.04633,
34537.3,0,0.00153398,-0.658078,-0.658078,2.03442,2.02522,-0.021842,-0.021842,0,-0.00153398,0.0153398,0.0153398,2.04633,2.04633,
34557.2,0,0.00153398,-0.658078,-0.658078,2.03442,2.02522,-0.021842,-0.021842,0,-0.00153398,0.0153398,0.0153398,2.04633,2.04633,
34577.2,0,0.00153398,-0.658078,-0.658078,2.03442,2.02522,-0.021842,-0.021842,0,-0.00153398,0.0153398,0.0153398,2.04633,2.04633,
34597.2,0,0.00153398,-0.658078,-0.658078,2.03442,2.02522,-0.021842,-0.021842,0,-0.00153398,0.0153398,0.0153398,2.04633,2.04633,
34617.2,0,0.00153398,-0.658078,-0.650408,2.02215,2.02215,-0.021842,-0.02491,0,-0.00153398,0.0153398,0.0153398,2.04633,2.04633,
34637.2,0,0.00153398,-0.658078,-0.650408,2.02215,2.02215,-0.021842,-0.02491,0,-0.00153398,0.0153398,0.0153398,2.04633,2.04633,
34657.2,0,0.00153398,-0.658078,-0.650408,2.02215,2.02215,-0.021842,-0.02491,0,-0.00153398,0.0153398,0.0153398,2.04633,2.04633,
34677.2,0,0.00153398,-0.658078,-0.650408,2.02215,2.02215,-0.021842,-0.02491,0,-0.00153398,0.0153398,0.0153398,2.04633,2.04633,
34697.3,0,0.00153398,-0.658078,-0.650408,2.02215,2.02215,-0.021842,-0.02491,0,-0.00153398,0.0153398,0.0153398,2.04633,2.04633,
34717.2,0,0,-0.645806,-0.645806,2.02215,2.01908,-0.021842,-0.023376,0,-0.00153398,0.0153398,0.0153398,2.04633,2.04633,
34737.2,0,0,-0.645806,-0.645806,2.02215,2.01908,-0.021842,-0.023376,0,-0.00153398,0.0153398,0.0153398,2.04633,2.04633,
34757.3,0,0,-0.645806,-0.645806,2.02215,2.01908,-0.021842,-0.023376,0,-0.00153398,0.0153398,0.0153398,2.04633,2.04633,
34777.3,0,0,-0.645806,-0.645806,2.02215,2.01908,-0.021842,-0.023376,0,-0.00153398,0.0153398,0.0153398,2.04633,2.04633,
34797.2,0,0.00153398,-0.645806,-0.644272,2.02215,2.01755,-0.021842,-0.023376,0,-0.00153398,0.0153398,0.0153398,2.04633,2.04633,
34817.3,0,0.00153398,-0.645806,-0.644272,2.02215,2.01755,-0.021842,-0.023376,0,-0.00153398,0.0153398,0.0153398,2.04633,2.04633,
34837.3,0,0.00153398,-0.645806,-0.644272,2.02215,2.01755,-0.021842,-0.023376,0,-0.00153398,0.0153398,0.0153398,2.04633,2.04633,
34857.3,0,0.00153398,-0.645806,-0.644272,2.02215,2.01755,-0.021842,-0.023376,0,-0.00153398,0.0153398,0.0153398,2.04633,2.04633,
34877.2,0,0.00153398,-0.645806,-0.644272,2.02215,2.01755,-0.021842,-0.023376,0,-0.00153398,0.0153398,0.0153398,2.04633,2.04633,
34897.3,0,0.00153398,-0.645806,-0.644272,2.02215,2.01755,-0.021842,-0.023376,0,-0.00153398,0.0153398,0.0153398,2.04633,2.04633,
34917.3,0,0,-0.645806,-0.651942,2.02215,2.01908,-0.021842,-0.023376,0,-0.00153398,0.0153398,0.0153398,2.04633,2.04633,
34937.3,0,0,-0.645806,-0.651942,2.02215,2.01908,-0.021842,-0.023376,0,-0.00153398,0.0153398,0.0153398,2.04633,2.04633,
34957.3,0,0,-0.645806,-0.651942,2.02215,2.01908,-0.021842,-0.023376,0,-0.00153398,0.0153398,0.0153398,2.04633,2.04633,
34977.3,0,0,-0.645806,-0.651942,2.02215,2.01908,-0.021842,-0.023376,0,-0.00153398,0.0153398,0.0153398,2.04633,2.04633,
34997.3,0,0,-0.645806,-0.651942,2.02215,2.01908,-0.021842,-0.023376,0,-0.00153398,0.0153398,0.0153398,2.04633,2.04633,
35017.3,0,0,-0.645806,-0.648874,2.02215,2.01908,-0.021842,-0.023376,0,-0.00153398,0.0153398,0.0153398,2.04633,2.04633,
35037.3,0,0,-0.645806,-0.648874,2.02215,2.01908,-0.021842,-0.023376,0,-0.00153398,0.0153398,0.0153398,2.04633,2.04633,
35057.3,0,0,-0.645806,-0.648874,2.02215,2.01908,-0.021842,-0.023376,0,-0.00153398,0.0153398,0.0153398,2.04633,2.04633,
35077.2,0,0,-0.645806,-0.648874,2.02215,2.01908,-0.021842,-0.023376,0,-0.00153398,0.0153398,0.0153398,2.04633,2.04633,
35097.2,0,0,-0.645806,-0.648874,2.02215,2.01908,-0.021842,-0.023376,0,-0.00153398,0.0153398,0.0153398,2.04633,2.04633,
35117.2,0,0,-0.645806,-0.64734,2.02215,2.01908,-0.021842,-0.023376,0,-0.00153398,0.0153398,0.0153398,2.04633,2.04633,
35137.2,0,0,-0.645806,-0.64734,2.02215,2.01908,-0.021842,-0.023376,0,-0.00153398,0.0153398,0.0153398,2.04633,2.04633,
35157.2,0,0,-0.645806,-0.64734,2.02215,2.01908,-0.021842,-0.023376,0,-0.00153398,0.0153398,0.0153398,2.04633,2.04633,
35177.2,0,0,-0.645806,-0.64734,2.02215,2.01908,-0.021842,-0.023376,0,-0.00153398,0.0153398,0.0153398,2.04633,2.04633,
35197.2,0,0,-0.645806,-0.645806,2.02215,2.01908,-0.021842,-0.023376,0,-0.00153398,0.0153398,0.0153398,2.04633,2.04633,
35217.2,0,0,-0.645806,-0.645806,2.02215,2.01908,-0.021842,-0.023376,0,-0.00153398,0.0153398,0.0153398,2.04633,2.04633,
35237.2,0,0,-0.645806,-0.645806,2.02215,2.01908,-0.021842,-0.023376,0,-0.00153398,0.0153398,0.0153398,2.04633,2.04633,
35257.3,0,0,-0.645806,-0.645806,2.02215,2.01908,-0.021842,-0.023376,0,-0.00153398,0.0153398,0.0153398,2.04633,2.04633,
35277.3,0,0,-0.645806,-0.645806,2.02215,2.01908,-0.021842,-0.023376,0,-0.00153398,0.0153398,0.0153398,2.04633,2.04633,
35297.2,0,0,-0.645806,-0.645806,2.02215,2.01908,-0.021842,-0.023376,0,-0.00153398,0.0153398,0.0153398,2.04633,2.04633,
35317.2,0,0,-0.645806,-0.645806,2.02215,2.01908,-0.021842,-0.023376,0,-0.00153398,0.0153398,0.0153398,2.04633,2.04633,
35337.3,0,0,-0.645806,-0.645806,2.02215,2.01908,-0.021842,-0.023376,0,-0.00153398,0.0153398,0.0153398,2.04633,2.04633,
35357.2,0,0,-0.645806,-0.645806,2.02215,2.01908,-0.021842,-0.023376,0,-0.00153398,0.0153398,0.0153398,2.04633,2.04633,
35377.3,0,0,-0.645806,-0.645806,2.02215,2.01908,-0.021842,-0.023376,0,-0.00153398,0.0153398,0.0153398,2.04633,2.04633,
35397.2,0,0,-0.645806,-0.645806,2.02215,2.01908,-0.021842,-0.023376,0,-0.00153398,0.0153398,0.0153398,2.04633,2.04633,
35417.3,0,0,-0.645806,-0.645806,2.02215,2.01908,-0.021842,-0.023376,0,-0.00153398,0.0153398,0.0153398,2.04633,2.04633,
35437.3,0,0,-0.645806,-0.645806,2.02215,2.01908,-0.021842,-0.023376,0,-0.00153398,0.0153398,0.0153398,2.04633,2.04633,
35457.4,0,0,-0.645806,-0.645806,2.02215,2.01908,-0.021842,-0.023376,0,-0.00153398,0.0153398,0.0153398,2.04633,2.04633,
35477.3,0,0,-0.645806,-0.645806,2.02215,2.01908,-0.021842,-0.023376,0,-0.00153398,0.0153398,0.0153398,2.04633,2.04633,
35497.3,0,0,-0.645806,-0.645806,2.02215,2.01908,-0.021842,-0.023376,0,-0.00153398,0.0153398,0.0153398,2.04633,2.04633,
35517.3,0,0.00153398,-0.645806,-0.645806,2.02215,2.01908,-0.021842,-0.023376,0,-0.00153398,0.0153398,0.0153398,2.04633,2.04633,
35537.3,0,0.00153398,-0.645806,-0.645806,2.02215,2.01908,-0.021842,-0.023376,0,-0.00153398,0.0153398,0.0153398,2.04633,2.04633,
35557.3,0,0.00153398,-0.645806,-0.645806,2.02215,2.01908,-0.021842,-0.023376,0,-0.00153398,0.0153398,0.0153398,2.04633,2.04633,
35577.3,0,0.00153398,-0.645806,-0.645806,2.02215,2.01908,-0.021842,-0.023376,0,-0.00153398,0.0153398,0.0153398,2.04633,2.04633,
35597.2,0,0,-0.645806,-0.645806,2.02215,2.01908,-0.021842,-0.023376,0,-0.00153398,0.0153398,0.0153398,2.04633,2.04633,
35617.3,0,0,-0.645806,-0.645806,2.02215,2.01908,-0.021842,-0.023376,0,-0.00153398,0.0153398,0.0153398,2.04633,2.04633,
35637.2,0,0,-0.645806,-0.645806,2.02215,2.01908,-0.021842,-0.023376,0,-0.00153398,0.0153398,0.0153398,2.04633,2.04633,
35657.2,0,0,-0.645806,-0.645806,2.02215,2.01908,-0.021842,-0.023376,0,-0.00153398,0.0153398,0.0153398,2.04633,2.04633,
35677.2,0,0,-0.645806,-0.645806,2.02215,2.01908,-0.021842,-0.023376,0,-0.00153398,0.0153398,0.0153398,2.04633,2.04633,
35697.2,0,0,-0.645806,-0.645806,2.02215,2.01908,-0.021842,-0.023376,0,0,0.0153398,0.0153398,2.04633,2.04633,
35717.3,0,0,-0.645806,-0.645806,2.02215,2.01908,-0.021842,-0.023376,0,0,0.0153398,0.0153398,2.04633,2.04633,
35737.2,0,0,-0.645806,-0.645806,2.02215,2.01908,-0.021842,-0.023376,0,0,0.0153398,0.0153398,2.04633,2.04633,
35757.2,0,0,-0.645806,-0.645806,2.02215,2.01908,-0.021842,-0.023376,0,0,0.0153398,0.0153398,2.04633,2.04633,
35777.2,0,0,-0.645806,-0.645806,2.02215,2.01908,-0.021842,-0.023376,0,0,0.0153398,0.0153398,2.04633,2.04633,
35797.3,0,0,-0.645806,-0.645806,2.02215,2.01908,-0.021842,-0.023376,0,0,0.0153398,0.0153398,2.04633,2.0448,
35817.3,0,0,-0.645806,-0.645806,2.02215,2.01908,-0.021842,-0.023376,0,0,0.0153398,0.0153398,2.04633,2.0448,
35837.4,0,0,-0.645806,-0.645806,2.02215,2.01908,-0.021842,-0.023376,0,0,0.0153398,0.0153398,2.04633,2.0448,
35857.2,0,0,-0.645806,-0.645806,2.02215,2.01908,-0.021842,-0.023376,0,0,0.0153398,0.0153398,2.04633,2.0448,
35877.2,0,0,-0.645806,-0.645806,2.02215,2.01908,-0.021842,-0.023376,0,0,0.0153398,0.0153398,2.04633,2.0448,
35897.2,0,0,-0.645806,-0.645806,2.02215,2.01908,-0.021842,-0.023376,0,0,0.0153398,0.0153398,2.04633,2.0448,
35917.2,0,0,-0.645806,-0.645806,2.02215,2.01908,-0.021842,-0.023376,0,0,0.0153398,0.0153398,2.04633,2.04633,
35937.3,0,0,-0.645806,-0.645806,2.02215,2.01908,-0.021842,-0.023376,0,0,0.0153398,0.0153398,2.04633,2.04633,
35957.3,0,0,-0.645806,-0.645806,2.02215,2.01908,-0.021842,-0.023376,0,0,0.0153398,0.0153398,2.04633,2.04633,
35977.4,0,0,-0.645806,-0.645806,2.02215,2.01908,-0.021842,-0.023376,0,0,0.0153398,0.0153398,2.04633,2.04633,
35997.3,0,0,-0.645806,-0.645806,2.02215,2.01908,-0.021842,-0.023376,0,0,0.0153398,0.0153398,2.04633,2.04633,
36017.3,0,0,-0.645806,-0.645806,2.02215,2.01908,-0.021842,-0.023376,0,0,0.0153398,0.0153398,2.04633,2.04633,
36037.3,0,0,-0.645806,-0.645806,2.02215,2.01908,-0.021842,-0.023376,0,0,0.0153398,0.0153398,2.04633,2.04633,
36057.3,0,0,-0.645806,-0.645806,2.02215,2.01908,-0.021842,-0.023376,0,0,0.0153398,0.0153398,2.04633,2.04633,
36077.3,0,0,-0.645806,-0.645806,2.02215,2.01908,-0.021842,-0.023376,0,0,0.0153398,0.0153398,2.04633,2.04633,
36097.3,0,0,-0.645806,-0.645806,2.02215,2.01908,-0.021842,-0.023376,0,0,0.0153398,0.0153398,2.04633,2.04633,
36117.3,0,0,-0.645806,-0.645806,2.02215,2.01908,-0.021842,-0.023376,0,0,0.0153398,0.0153398,2.04633,2.04633,
36137.4,0,0,-0.645806,-0.645806,2.02215,2.01908,-0.021842,-0.023376,0,0,0.0153398,0.0153398,2.04633,2.04633,
36157.3,0,0,-0.645806,-0.645806,2.02215,2.01908,-0.021842,-0.023376,0,0,0.0153398,0.0153398,2.04633,2.04633,
36177.3,0,0,-0.645806,-0.645806,2.02215,2.01908,-0.021842,-0.023376,0,0,0.0153398,0.0153398,2.04633,2.04633,
36197.3,0,0.00153398,-0.641225,-0.645806,2.01075,2.01908,-0.0303547,-0.023376,0,0,0,0.0153398,0,2.04633,
36217.2,0,0.00153398,-0.638491,-0.645806,2.00968,2.01908,-0.0320208,-0.023376,0,0,0,0.0153398,0,2.04633,
36237.2,0,0.00153398,-0.635757,-0.645806,2.0086,2.01908,-0.0336799,-0.023376,0,0,0,0.0153398,0,2.04633,
36257.2,0,0.00153398,-0.634116,-0.645806,2.00795,2.01908,-0.034672,-0.023376,0,0,0,0.0153398,0,2.04633,
36277.2,0,0.00153398,-0.62865,-0.645806,2.00578,2.01908,-0.0379609,-0.023376,0,0,0,0.0153398,0,2.04633,
36297.2,0,0.00153398,-0.627011,-0.645806,2.00512,2.01908,-0.0389421,-0.023376,0,0,0,0.0153398,0,2.04633,
36317.2,0,0,-0.62264,-0.644272,2.00335,2.01908,-0.0415464,-0.023376,0,-0.00306796,0,0.0153398,0,2.04633,
36337.2,0,0,-0.613357,-0.644272,1.99954,2.01908,-0.047021,-0.023376,0,-0.00306796,0,0.0153398,0,2.04633,
36357.2,0,0,-0.611719,-0.644272,1.99886,2.01908,-0.0479786,-0.023376,0,-0.00306796,0,0.0153398,0,2.04633,
36377.2,0,0,-0.604626,-0.644272,1.99589,2.01908,-0.0520993,-0.023376,0,-0.00306796,0,0.0153398,0,2.04633,
36397.2,0,0,-0.602444,-0.644272,1.99497,2.01908,-0.0533577,-0.023376,0,-0.00306796,0,0.0153398,0,2.04633,
36417.2,0,0,-0.599172,-0.644272,1.99357,2.01908,-0.0552367,-0.023376,0,-0.00306796,0,0.0153398,0,2.04633,
36437.2,0,0,-0.596447,-0.63967,1.99241,2.01755,-0.0567948,-0.02491,0,0,0,0.0153398,0,2.0448,
36457.3,0,0,-0.589363,-0.63967,1.98934,2.01755,-0.0608129,-0.02491,0,0,0,0.0153398,0,2.0448,
36477.3,0,0,-0.589363,-0.63967,1.98934,2.01755,-0.0608129,-0.02491,0,0,0,0.0153398,0,2.0448,
36497.2,0,0,-0.589363,-0.63967,1.98934,2.01755,-0.0608129,-0.02491,0,0,0,0.0153398,0,2.0448,
36517.2,0,0,-0.627398,-0.627398,2.01142,2.01142,-0.0356479,-0.0356479,0,-0.00153398,0.0153398,0.0153398,2.0448,2.0448,
36537.3,0,0,-0.627398,-0.627398,2.01142,2.01142,-0.0356479,-0.0356479,0,-0.00153398,0.0153398,0.0153398,2.0448,2.0448,
36558.1,0,0,-0.627398,-0.627398,2.01142,2.01142,-0.0356479,-0.0356479,0,-0.00153398,0.0153398,0.0153398,2.0448,2.0448,
36577.4,0,0,-0.627398,-0.627398,2.01142,2.01142,-0.0356479,-0.0356479,0,-0.00153398,0.0153398,0.0153398,2.0448,2.0448,
36598.6,0,0,-0.627398,-0.627398,2.01142,2.01142,-0.0356479,-0.0356479,0,-0.00153398,0.0153398,0.0153398,2.0448,2.0448,
36617.2,0,0,-0.60132,-0.60132,2.01142,2.00221,-0.0479197,-0.0479197,0,0,0.0153398,0.0153398,2.0448,2.0448,
36637.2,0,0,-0.60132,-0.60132,2.01142,2.00221,-0.0479197,-0.0479197,0,0,0.0153398,0.0153398,2.0448,2.0448,
36657.2,0,0,-0.60132,-0.60132,2.01142,2.00221,-0.0479197,-0.0479197,0,0,0.0153398,0.0153398,2.0448,2.0448,
36677.2,0,0,-0.60132,-0.60132,2.01142,2.00221,-0.0479197,-0.0479197,0,0,0.0153398,0.0153398,2.0448,2.0448,
36697.2,0,0,-0.60132,-0.60132,2.01142,2.00221,-0.0479197,-0.0479197,0,0,0.0153398,0.0153398,2.0448,2.0448,
36717.2,0,0,-0.60132,-0.60132,2.01142,2.00221,-0.0479197,-0.0479197,0,0,0.0153398,0.0153398,2.0448,2.0448,
36737.3,0,0,-0.60132,-0.592117,1.99608,1.99608,-0.0479197,-0.0525216,0,0.00153398,0.0153398,0.0153398,2.0448,2.0448,
36757.3,0,0,-0.60132,-0.592117,1.99608,1.99608,-0.0479197,-0.0525216,0,0.00153398,0.0153398,0.0153398,2.0448,2.0448,
36777.2,0,0,-0.60132,-0.592117,1.99608,1.99608,-0.0479197,-0.0525216,0,0.00153398,0.0153398,0.0153398,2.0448,2.0448,
36797.3,0,0,-0.60132,-0.592117,1.99608,1.99608,-0.0479197,-0.0525216,0,0.00153398,0.0153398,0.0153398,2.0448,2.0448,
36817.2,0,0,-0.589049,-0.589049,1.99608,1.99608,-0.0479197,-0.0525216,0,0,0.0153398,0.0153398,2.0448,2.0448,
36837.2,0,0,-0.589049,-0.589049,1.99608,1.99608,-0.0479197,-0.0525216,0,0,0.0153398,0.0153398,2.0448,2.0448,
36857.2,0,0,-0.589049,-0.589049,1.99608,1.99608,-0.0479197,-0.0525216,0,0,0.0153398,0.0153398,2.0448,2.0448,
36877.2,0,0,-0.589049,-0.589049,1.99608,1.99608,-0.0479197,-0.0525216,0,0,0.0153398,0.0153398,2.0448,2.0448,
36897.2,0,0,-0.589049,-0.589049,1.99608,1.99608,-0.0479197,-0.0525216,0,0,0.0153398,0.0153398,2.0448,2.0448,
36917.3,0,0,-0.589049,-0.589049,1.99608,1.99608,-0.0479197,-0.0525216,0,0,0.0153398,0.0153398,2.0448,2.0448,
36937.3,0,0,-0.589049,-0.587515,1.99608,1.99454,-0.0479197,-0.0525216,0,0,0.0153398,0.0153398,2.0448,2.0448,
36957.2,0,0,-0.589049,-0.587515,1.99608,1.99454,-0.0479197,-0.0525216,0,0,0.0153398,0.0153398,2.0448,2.0448,
36977.2,0,0,-0.589049,-0.587515,1.99608,1.99454,-0.0479197,-0.0525216,0,0,0.0153398,0.0153398,2.0448,2.0448,
36997.3,0,0,-0.589049,-0.587515,1.99608,1.99454,-0.0479197,-0.0525216,0,0,0.0153398,0.0153398,2.0448,2.0448,
37017.2,0,0,-0.589049,-0.587515,1.99608,1.99454,-0.0479197,-0.0571236,0,0,0.0153398,0.0153398,2.0448,2.0448,
37037.3,0,0,-0.589049,-0.587515,1.99608,1.99454,-0.0479197,-0.0571236,0,0,0.0153398,0.0153398,2.0448,2.0448,
37057.3,0,0,-0.589049,-0.587515,1.99608,1.99454,-0.0479197,-0.0571236,0,0,0.0153398,0.0153398,2.0448,2.0448,
37077.3,0,0,-0.589049,-0.587515,1.99608,1.99454,-0.0479197,-0.0571236,0,0,0.0153398,0.0153398,2.0448,2.0448,
37097.2,0,0,-0.589049,-0.587515,1.99608,1.99454,-0.0479197,-0.0571236,0,0,0.0153398,0.0153398,2.0448,2.0448,
37117.2,0,0,-0.589049,-0.585981,1.99608,1.99454,-0.0479197,-0.0571236,0,0.00153398,0.0153398,0.0153398,2.0448,2.0448,
37137.2,0,0,-0.589049,-0.585981,1.99608,1.99454,-0.0479197,-0.0571236,0,0.00153398,0.0153398,0.0153398,2.0448,2.0448,
37157.3,0,0,-0.589049,-0.585981,1.99608,1.99454,-0.0479197,-0.0571236,0,0.00153398,0.0153398,0.0153398,2.0448,2.0448,
37177.3,0,0,-0.589049,-0.585981,1.99608,1.99454,-0.0479197,-0.0571236,0,0.00153398,0.0153398,0.0153398,2.0448,2.0448,
37197.2,0,0,-0.589049,-0.585981,1.99608,1.99454,-0.0479197,-0.0571236,0,0.00153398,0.0153398,0.0153398,2.0448,2.0448,
37217.3,0,0,-0.589049,-0.592117,1.99608,1.99454,-0.0479197,-0.0540556,0,0,0.0153398,0.0153398,2.0448,2.0448,
37237.3,0,0,-0.589049,-0.592117,1.99608,1.99454,-0.0479197,-0.0540556,0,0,0.0153398,0.0153398,2.0448,2.0448,
37257.4,0,0,-0.589049,-0.592117,1.99608,1.99454,-0.0479197,-0.0540556,0,0,0.0153398,0.0153398,2.0448,2.0448,
37277.3,0,0,-0.589049,-0.592117,1.99608,1.99454,-0.0479197,-0.0540556,0,0,0.0153398,0.0153398,2.0448,2.0448,
37297.4,0,0,-0.589049,-0.604388,1.99608,1.99454,-0.0479197,-0.0479197,0,0,0.0153398,0.0153398,2.0448,2.0448,
37317.3,0,0,-0.604388,-0.604388,1.99608,1.99454,-0.0479197,-0.0479197,0,0,0.0153398,0.0153398,2.0448,2.0448,
37337.4,0,0,-0.604388,-0.604388,1.99608,1.99454,-0.0479197,-0.0479197,0,0,0.0153398,0.0153398,2.0448,2.0448,
37357.4,0,0,-0.604388,-0.604388,1.99608,1.99454,-0.0479197,-0.0479197,0,0,0.0153398,0.0153398,2.0448,2.0448,
37380.1,0,0,-0.604388,-0.604388,1.99608,1.99454,-0.0479197,-0.0479197,0,0,0.0153398,0.0153398,2.0448,2.0448,
37398,0,0,-0.604388,-0.604388,1.99608,1.99454,-0.0479197,-0.0479197,0,0,0.0153398,0.0153398,2.0448,2.0448,
37417.2,0,0,-0.604388,-0.599786,1.99608,1.99454,-0.0479197,-0.0479197,0,0.00153398,0.0153398,0.0153398,2.0448,2.0448,
37437.2,0,0,-0.604388,-0.599786,1.99608,1.99454,-0.0479197,-0.0479197,0,0.00153398,0.0153398,0.0153398,2.0448,2.0448,
37457.2,0,0,-0.604388,-0.599786,1.99608,1.99454,-0.0479197,-0.0479197,0,0.00153398,0.0153398,0.0153398,2.0448,2.0448,
37477.2,0,0,-0.604388,-0.599786,1.99608,1.99454,-0.0479197,-0.0479197,0,0.00153398,0.0153398,0.0153398,2.0448,2.0448,
37497.2,0,0,-0.604388,-0.599786,1.99608,1.99454,-0.0479197,-0.0479197,0,0.00153398,0.0153398,0.0153398,2.0448,2.0448,
37517.2,0,0,-0.604388,-0.599786,1.99608,1.99454,-0.0479197,-0.0479197,0,0,0.0153398,0.0153398,2.0448,2.0448,
37537.2,0,0,-0.604388,-0.599786,1.99608,1.99454,-0.0479197,-0.0479197,0,0,0.0153398,0.0153398,2.0448,2.0448,
37557.2,0,0,-0.604388,-0.599786,1.99608,1.99454,-0.0479197,-0.0479197,0,0,0.0153398,0.0153398,2.0448,2.0448,
37577.2,0,0,-0.604388,-0.599786,1.99608,1.99454,-0.0479197,-0.0479197,0,0,0.0153398,0.0153398,2.0448,2.0448,
37597.2,0,0,-0.604388,-0.599786,1.99608,1.99454,-0.0479197,-0.0479197,0,0,0.0153398,0.0153398,2.0448,2.0448,
37617.2,0,0,-0.604388,-0.599786,1.99608,1.99454,-0.0479197,-0.0479197,0,0.00153398,0.0153398,0.0153398,2.0448,2.0448,
37637.2,0,0,-0.604388,-0.599786,1.99608,1.99454,-0.0479197,-0.0479197,0,0.00153398,0.0153398,0.0153398,2.0448,2.0448,
37657.2,0,0,-0.604388,-0.599786,1.99608,1.99454,-0.0479197,-0.0479197,0,0.00153398,0.0153398,0.0153398,2.0448,2.0448,
37677.2,0,0,-0.604388,-0.599786,1.99608,1.99454,-0.0479197,-0.0479197,0,0.00153398,0.0153398,0.0153398,2.0448,2.0448,
37697.2,0,0,-0.604388,-0.599786,1.99608,1.99454,-0.0479197,-0.0479197,0,0.00153398,0.0153398,0.0153398,2.0448,2.0448,
37717.2,0,0,-0.604388,-0.599786,1.99608,1.99454,-0.0479197,-0.0479197,0,0.00153398,0.0153398,0.0153398,2.0448,2.0448,
37737.3,0,0,-0.604388,-0.599786,1.99608,1.99454,-0.0479197,-0.0479197,0,0.00153398,0.0153398,0.0153398,2.0448,2.0448,
37757.3,0,0,-0.604388,-0.599786,1.99608,1.99454,-0.0479197,-0.0479197,0,0.00153398,0.0153398,0.0153398,2.0448,2.0448,
37777.3,0,0,-0.604388,-0.599786,1.99608,1.99454,-0.0479197,-0.0479197,0,0.00153398,0.0153398,0.0153398,2.0448,2.0448,
37797.2,0,0,-0.604388,-0.599786,1.99608,1.99454,-0.0479197,-0.0494537,0,0,0.0153398,0.0153398,2.0448,2.0448,
37817.2,0,0,-0.604388,-0.599786,1.99608,1.99454,-0.0479197,-0.0494537,0,0,0.0153398,0.0153398,2.0448,2.0448,
37837.2,0,0,-0.604388,-0.599786,1.99608,1.99454,-0.0479197,-0.0494537,0,0,0.0153398,0.0153398,2.0448,2.0448,
37857.3,0,0,-0.604388,-0.599786,1.99608,1.99454,-0.0479197,-0.0494537,0,0,0.0153398,0.0153398,2.0448,2.0448,
37877.2,0,0,-0.604388,-0.599786,1.99608,1.99454,-0.0479197,-0.0494537,0,0,0.0153398,0.0153398,2.0448,2.0448,
37897.2,0,0,-0.604388,-0.599786,1.99608,1.99454,-0.0479197,-0.0494537,0,0,0.0153398,0.0153398,2.0448,2.0448,
37917.2,0,0,-0.604388,-0.599786,1.99608,1.99454,-0.0479197,-0.0479197,0,0,0.0153398,0.0153398,2.0448,2.04633,
37937.2,0,0,-0.604388,-0.599786,1.99608,1.99454,-0.0479197,-0.0479197,0,0,0.0153398,0.0153398,2.0448,2.04633,
37957.2,0,0,-0.604388,-0.599786,1.99608,1.99454,-0.0479197,-0.0479197,0,0,0.0153398,0.0153398,2.0448,2.04633,
37977.3,0,0,-0.604388,-0.599786,1.99608,1.99454,-0.0479197,-0.0479197,0,0,0.0153398,0.0153398,2.0448,2.04633,
37997.2,0,0,-0.604388,-0.599786,1.99608,1.99454,-0.0479197,-0.0479197,0,0,0.0153398,0.0153398,2.0448,2.0448,
38017.2,0,0,-0.604388,-0.599786,1.99608,1.99454,-0.0479197,-0.0479197,0,0,0.0153398,0.0153398,2.0448,2.0448,
38037.3,0,0,-0.604388,-0.599786,1.99608,1.99454,-0.0479197,-0.0479197,0,0,0.0153398,0.0153398,2.0448,2.0448,
38057.2,0,0,-0.604388,-0.599786,1.99608,1.99454,-0.0479197,-0.0479197,0,0,0.0153398,0.0153398,2.0448,2.0448,
38077.2,0,0,-0.604388,-0.599786,1.99608,1.99454,-0.0479197,-0.0479197,0,0,0.0153398,0.0153398,2.0448,2.0448,
38097.3,0,0,-0.604388,-0.60132,1.99608,1.99454,-0.0479197,-0.0494537,0,0.00153398,0.0153398,0.0153398,2.0448,2.04633,
38117.2,0,0,-0.604388,-0.60132,1.99608,1.99454,-0.0479197,-0.0494537,0,0.00153398,0.0153398,0.0153398,2.0448,2.04633,
38137.3,0,0,-0.604388,-0.60132,1.99608,1.99454,-0.0479197,-0.0494537,0,0.00153398,0.0153398,0.0153398,2.0448,2.04633,
38157.3,0,0,-0.604388,-0.60132,1.99608,1.99454,-0.0479197,-0.0494537,0,0.00153398,0.0153398,0.0153398,2.0448,2.04633,
38177.3,0,0,-0.604388,-0.60132,1.99608,1.99454,-0.0479197,-0.0494537,0,0.00153398,0.0153398,0.0153398,2.0448,2.04633,
38197.3,0,0,-0.604388,-0.599786,1.99608,1.99454,-0.0479197,-0.0479197,0,0.00153398,0.0153398,0.0153398,2.0448,2.04633,
38217.3,0,0,-0.604388,-0.599786,1.99608,1.99454,-0.0479197,-0.0479197,0,0.00153398,0.0153398,0.0153398,2.0448,2.04633,
38237.3,0,0,-0.604388,-0.599786,1.99608,1.99454,-0.0479197,-0.0479197,0,0.00153398,0.0153398,0.0153398,2.0448,2.04633,
38257.3,0,0,-0.604388,-0.599786,1.99608,1.99454,-0.0479197,-0.0479197,0,0.00153398,0.0153398,0.0153398,2.0448,2.04633,
38277.3,0,0,-0.604388,-0.599786,1.99608,1.99454,-0.0479197,-0.0479197,0,0.00153398,0.0153398,0.0153398,2.0448,2.04633,
38297.2,0,0,-0.604388,-0.599786,1.99608,1.99454,-0.0479197,-0.0479197,0,0.00153398,0.0153398,0.0153398,2.0448,2.04633,
38317.2,0,0,-0.604388,-0.599786,1.99608,1.99454,-0.0479197,-0.0479197,0,0,0.0153398,0.0153398,2.0448,2.0448,
38337.2,0,0,-0.604388,-0.599786,1.99608,1.99454,-0.0479197,-0.0479197,0,0,0.0153398,0.0153398,2.0448,2.0448,
38357.2,0,0,-0.604388,-0.599786,1.99608,1.99454,-0.0479197,-0.0479197,0,0,0.0153398,0.0153398,2.0448,2.0448,
38377.2,0,0,-0.604388,-0.599786,1.99608,1.99454,-0.0479197,-0.0479197,0,0,0.0153398,0.0153398,2.0448,2.0448,
38397.2,0,0,-0.604388,-0.60132,1.99608,1.99454,-0.0479197,-0.0494537,0,0.00153398,0.0153398,0.0153398,2.0448,2.0448,
38417.2,0,0,-0.604388,-0.60132,1.99608,1.99454,-0.0479197,-0.0494537,0,0.00153398,0.0153398,0.0153398,2.0448,2.0448,
38437.2,0,0,-0.604388,-0.60132,1.99608,1.99454,-0.0479197,-0.0494537,0,0.00153398,0.0153398,0.0153398,2.0448,2.0448,
38457.2,0,0,-0.604388,-0.60132,1.99608,1.99454,-0.0479197,-0.0494537,0,0.00153398,0.0153398,0.0153398,2.0448,2.0448,
38477.3,0,0,-0.604388,-0.60132,1.99608,1.99454,-0.0479197,-0.0494537,0,0.00153398,0.0153398,0.0153398,2.0448,2.0448,
38497.2,0,0,-0.604388,-0.60132,1.99608,1.99454,-0.0479197,-0.0479197,0,0,0.0153398,0.0153398,2.0448,2.0448,
38517.2,0,0,-0.604388,-0.60132,1.99608,1.99454,-0.0479197,-0.0479197,0,0,0.0153398,0.0153398,2.0448,2.0448,
38537.3,0,0,-0.604388,-0.60132,1.99608,1.99454,-0.0479197,-0.0479197,0,0,0.0153398,0.0153398,2.0448,2.0448,
38557.3,0,0,-0.604388,-0.60132,1.99608,1.99454,-0.0479197,-0.0479197,0,0,0.0153398,0.0153398,2.0448,2.0448,
38577.3,0,0,-0.604388,-0.60132,1.99608,1.99454,-0.0479197,-0.0479197,0,0,0.0153398,0.0153398,2.0448,2.0448,
38597.2,0,0,-0.604388,-0.60132,1.99608,1.99454,-0.0479197,-0.0479197,0,0.00153398,0.0153398,0.0153398,2.0448,2.0448,
38617.3,0,0,-0.604388,-0.60132,1.99608,1.99454,-0.0479197,-0.0479197,0,0.00153398,0.0153398,0.0153398,2.0448,2.0448,
38637.2,0,0,-0.604388,-0.60132,1.99608,1.99454,-0.0479197,-0.0479197,0,0.00153398,0.0153398,0.0153398,2.0448,2.0448,
38657.2,0,0,-0.604388,-0.60132,1.99608,1.99454,-0.0479197,-0.0479197,0,0.00153398,0.0153398,0.0153398,2.0448,2.0448,
38677.2,0,0,-0.604388,-0.60132,1.99608,1.99454,-0.0479197,-0.0479197,0,0.00153398,0.0153398,0.0153398,2.0448,2.0448,
38697.2,0,0,-0.604388,-0.60132,1.99608,1.99454,-0.0479197,-0.0479197,0,0.00153398,0.0153398,0.0153398,2.0448,2.0448,
38717.2,0,0,-0.604388,-0.60132,1.99608,1.99454,-0.0479197,-0.0479197,0,0.00153398,0.0153398,0.0153398,2.0448,2.04633,
38737.2,0,0,-0.604388,-0.60132,1.99608,1.99454,-0.0479197,-0.0479197,0,0.00153398,0.0153398,0.0153398,2.0448,2.04633,
38757.2,0,0,-0.604388,-0.60132,1.99608,1.99454,-0.0479197,-0.0479197,0,0.00153398,0.0153398,0.0153398,2.0448,2.04633,
38777.2,0,0,-0.604388,-0.60132,1.99608,1.99454,-0.0479197,-0.0479197,0,0.00153398,0.0153398,0.0153398,2.0448,2.04633,
38797.3,0,0,-0.604388,-0.60132,1.99608,1.99454,-0.0479197,-0.0494537,0,0,0.0153398,0.0153398,2.0448,2.0448,
38817.2,0,0,-0.604388,-0.60132,1.99608,1.99454,-0.0479197,-0.0494537,0,0,0.0153398,0.0153398,2.0448,2.0448,
38837.3,0,0,-0.604388,-0.60132,1.99608,1.99454,-0.0479197,-0.0494537,0,0,0.0153398,0.0153398,2.0448,2.0448,
38857.2,0,0,-0.604388,-0.60132,1.99608,1.99454,-0.0479197,-0.0494537,0,0,0.0153398,0.0153398,2.0448,2.0448,
38877.2,0,0,-0.604388,-0.60132,1.99608,1.99454,-0.0479197,-0.0494537,0,0,0.0153398,0.0153398,2.0448,2.0448,
38897.2,0,0,-0.604388,-0.60132,1.99608,1.99454,-0.0479197,-0.0479197,0,0.00153398,0.0153398,0.0153398,2.0448,2.04633,
38917.3,0,0,-0.604388,-0.60132,1.99608,1.99454,-0.0479197,-0.0479197,0,0.00153398,0.0153398,0.0153398,2.0448,2.04633,
38937.3,0,0,-0.604388,-0.60132,1.99608,1.99454,-0.0479197,-0.0479197,0,0.00153398,0.0153398,0.0153398,2.0448,2.04633,
38957.2,0,0,-0.604388,-0.60132,1.99608,1.99454,-0.0479197,-0.0479197,0,0.00153398,0.0153398,0.0153398,2.0448,2.04633,
38977.2,0,0,-0.604388,-0.60132,1.99608,1.99454,-0.0479197,-0.0479197,0,0.00153398,0.0153398,0.0153398,2.0448,2.04633,
38997.3,0,0,-0.604388,-0.60132,1.99608,1.99454,-0.0479197,-0.0494537,0,0.00153398,0.0153398,0.0153398,2.0448,2.0448,
39017.3,0,0,-0.604388,-0.60132,1.99608,1.99454,-0.0479197,-0.0494537,0,0.00153398,0.0153398,0.0153398,2.0448,2.0448,
39037.2,0,0,-0.604388,-0.60132,1.99608,1.99454,-0.0479197,-0.0494537,0,0.00153398,0.0153398,0.0153398,2.0448,2.0448,
39057.3,0,0,-0.604388,-0.60132,1.99608,1.99454,-0.0479197,-0.0494537,0,0.00153398,0.0153398,0.0153398,2.0448,2.0448,
39077.3,0,0,-0.604388,-0.60132,1.99608,1.99454,-0.0479197,-0.0494537,0,0.00153398,0.0153398,0.0153398,2.0448,2.0448,
39097.3,0,0,-0.604388,-0.60132,1.99608,1.99454,-0.0479197,-0.0494537,0,0.00153398,0.0153398,0.0153398,2.0448,2.0448,
39117.3,0,0,-0.604388,-0.60132,1.99608,1.99454,-0.0479197,-0.0479197,0,0,0.0153398,0.0153398,2.0448,2.04633,
39137.3,0,0,-0.604388,-0.60132,1.99608,1.99454,-0.0479197,-0.0479197,0,0,0.0153398,0.0153398,2.0448,2.04633,
39157.3,0,0,-0.604388,-0.60132,1.99608,1.99454,-0.0479197,-0.0479197,0,0,0.0153398,0.0153398,2.0448,2.04633,
39177.3,0,0,-0.604388,-0.60132,1.99608,1.99454,-0.0479197,-0.0479197,0,0,0.0153398,0.0153398,2.0448,2.04633,
39197.3,0,0,-0.604388,-0.60132,1.99608,1.99454,-0.0479197,-0.0479197,0,0,0.0153398,0.0153398,2.0448,2.04633,
39217.2,0,0,-0.604388,-0.60132,1.99608,1.99454,-0.0479197,-0.0479197,0,0,0.0153398,0.0153398,2.0448,2.0448,
39237.2,0,0,-0.604388,-0.60132,1.99608,1.99454,-0.0479197,-0.0479197,0,0,0.0153398,0.0153398,2.0448,2.0448,
39257.2,0,0,-0.604388,-0.60132,1.99608,1.99454,-0.0479197,-0.0479197,0,0,0.0153398,0.0153398,2.0448,2.0448,
39277.3,0,0,-0.604388,-0.60132,1.99608,1.99454,-0.0479197,-0.0479197,0,0,0.0153398,0.0153398,2.0448,2.0448,
39297.2,0,0,-0.604388,-0.602854,1.99608,1.99454,-0.0479197,-0.0494537,0,0,0.0153398,0.0153398,2.0448,2.0448,
39317.3,0,0,-0.604388,-0.602854,1.99608,1.99454,-0.0479197,-0.0494537,0,0,0.0153398,0.0153398,2.0448,2.0448,
39337.2,0,0,-0.604388,-0.602854,1.99608,1.99454,-0.0479197,-0.0494537,0,0,0.0153398,0.0153398,2.0448,2.0448,
39357.2,0,0,-0.604388,-0.602854,1.99608,1.99454,-0.0479197,-0.0494537,0,0,0.0153398,0.0153398,2.0448,2.0448,
39377.3,0,0,-0.604388,-0.602854,1.99608,1.99454,-0.0479197,-0.0494537,0,0,0.0153398,0.0153398,2.0448,2.0448,
39397.2,0,0,-0.604388,-0.602854,1.99608,1.99454,-0.0479197,-0.0479197,0,0.00153398,0.0153398,0.0153398,2.0448,2.04633,
39417.2,0,0,-0.604388,-0.602854,1.99608,1.99454,-0.0479197,-0.0479197,0,0.00153398,0.0153398,0.0153398,2.0448,2.04633,
39437.2,0,0,-0.604388,-0.602854,1.99608,1.99454,-0.0479197,-0.0479197,0,0.00153398,0.0153398,0.0153398,2.0448,2.04633,
39457.3,0,0,-0.604388,-0.602854,1.99608,1.99454,-0.0479197,-0.0479197,0,0.00153398,0.0153398,0.0153398,2.0448,2.04633,
39477.3,0,0,-0.604388,-0.602854,1.99608,1.99454,-0.0479197,-0.0479197,0,0.00153398,0.0153398,0.0153398,2.0448,2.04633,
39497.3,0,0,-0.604388,-0.602854,1.99608,1.99454,-0.0479197,-0.0479197,0,0.00153398,0.0153398,0.0153398,2.0448,2.04633,
39517.3,0,0,-0.604388,-0.602854,1.99608,1.99454,-0.0479197,-0.0479197,0,0.00153398,0.0153398,0.0153398,2.0448,2.04633,
39537.3,0,0,-0.604388,-0.602854,1.99608,1.99454,-0.0479197,-0.0479197,0,0.00153398,0.0153398,0.0153398,2.0448,2.04633,
39557.3,0,0,-0.604388,-0.602854,1.99608,1.99454,-0.0479197,-0.0479197,0,0.00153398,0.0153398,0.0153398,2.0448,2.04633,
39577.3,0,0,-0.604388,-0.602854,1.99608,1.99454,-0.0479197,-0.0479197,0,0.00153398,0.0153398,0.0153398,2.0448,2.04633,
39597.3,0,0,-0.604388,-0.602854,1.99608,1.99454,-0.0479197,-0.0479197,0,0.00153398,0.0153398,0.0153398,2.0448,2.04633,
39617.2,0,0,-0.604388,-0.602854,1.99608,1.99454,-0.0479197,-0.0479197,0,0.00153398,0.0153398,0.0153398,2.0448,2.04633,
39637.2,0,0,-0.604388,-0.602854,1.99608,1.99454,-0.0479197,-0.0479197,0,0.00153398,0.0153398,0.0153398,2.0448,2.04633,
39657.2,0,0,-0.604388,-0.602854,1.99608,1.99454,-0.0479197,-0.0479197,0,0.00153398,0.0153398,0.0153398,2.0448,2.04633,
39677.2,0,0,-0.604388,-0.602854,1.99608,1.99454,-0.0479197,-0.0479197,0,0.00153398,0.0153398,0.0153398,2.0448,2.04633,
39698,0,0,-0.604388,-0.602854,1.99608,1.99454,-0.0479197,-0.0479197,0,0.00153398,0.0153398,0.0153398,2.0448,2.04633,
39717.2,0,0,-0.604388,-0.602854,1.99608,1.99454,-0.0479197,-0.0479197,0,0.00153398,0.0153398,0.0153398,2.0448,2.0448,
39737.2,0,0,-0.604388,-0.602854,1.99608,1.99454,-0.0479197,-0.0479197,0,0.00153398,0.0153398,0.0153398,2.0448,2.0448,
39757.3,0,0,-0.604388,-0.602854,1.99608,1.99454,-0.0479197,-0.0479197,0,0.00153398,0.0153398,0.0153398,2.0448,2.0448,
39777.2,0,0,-0.604388,-0.602854,1.99608,1.99454,-0.0479197,-0.0479197,0,0.00153398,0.0153398,0.0153398,2.0448,2.0448,
39797.2,0,0,-0.604388,-0.604388,1.99608,1.99454,-0.0479197,-0.0479197,0,0.00153398,0.0153398,0.0153398,2.0448,2.04633,
39817.2,0,0,-0.604388,-0.604388,1.99608,1.99454,-0.0479197,-0.0479197,0,0.00153398,0.0153398,0.0153398,2.0448,2.04633,
39837.2,0,0,-0.604388,-0.604388,1.99608,1.99454,-0.0479197,-0.0479197,0,0.00153398,0.0153398,0.0153398,2.0448,2.04633,
39857.3,0,0,-0.604388,-0.604388,1.99608,1.99454,-0.0479197,-0.0479197,0,0.00153398,0.0153398,0.0153398,2.0448,2.04633,
39877.3,0,0,-0.604388,-0.604388,1.99608,1.99454,-0.0479197,-0.0479197,0,0.00153398,0.0153398,0.0153398,2.0448,2.04633,
39897.3,0.000486689,0,-0.589614,-0.604388,1.99082,1.99454,-0.0620454,-0.0479197,0,0.00153398,0,0.0153398,0,2.04633,
39917.3,0.000486689,0,-0.602854,-0.602854,1.99082,1.99454,-0.0479197,-0.0479197,0,0.00153398,0.0153398,0.0153398,2.04633,2.04633,
39937.3,0.00097452,0,-0.589864,-0.602854,1.99231,1.99454,-0.0632784,-0.0479197,0,0.00153398,0,0.0153398,0,2.04633,
39957.3,0.00097452,0,-0.589864,-0.602854,1.99231,1.99454,-0.0632784,-0.0479197,0,0.00153398,0,0.0153398,0,2.04633,
39977.3,0.0014635,0,-0.590111,-0.602854,1.99379,1.99454,-0.0645117,-0.0479197,0,0.00153398,0,0.0153398,0,2.04633,
39997.2,0.00195363,0,-0.590358,-0.602854,1.99527,1.99454,-0.0657453,-0.0479197,0,0.00153398,0,0.0153398,0,2.04633,
40017.2,0.00195363,0,-0.602854,-0.602854,1.99527,1.99454,-0.0494537,-0.0494537,0,0.00153398,0.0153398,0.0153398,2.04633,2.04633,
40037.2,0.00244491,0,-0.590602,-0.602854,1.99675,1.99454,-0.0669794,-0.0494537,0,0.00153398,0,0.0153398,0,2.04633,
40057.2,0.00293735,0,-0.590845,-0.602854,1.99822,1.99454,-0.0682138,-0.0494537,0,0.00153398,0,0.0153398,0,2.04633,
40077.3,0.00293735,0,-0.590845,-0.602854,1.99822,1.99454,-0.0682138,-0.0494537,0,0.00153398,0,0.0153398,0,2.04633,
40097.3,0.00343095,0,-0.591086,-0.60132,1.9997,1.99454,-0.0694486,-0.0494537,0,0.00153398,0,0.0153398,0,2.04633,
40117.3,0.00392572,0,-0.591325,-0.60132,2.00117,1.99454,-0.0706837,-0.0494537,0,0.00153398,0,0.0153398,0,2.04633,
40137.3,0.00392572,0,-0.591325,-0.60132,2.00117,1.99454,-0.0706837,-0.0494537,0,0.00153398,0,0.0153398,0,2.04633,
40157.4,0.00442165,0,-0.591563,-0.60132,2.00265,1.99454,-0.0719193,-0.0494537,0,0.00153398,0,0.0153398,0,2.04633,
40177.3,0.00442165,0,-0.591563,-0.60132,2.00265,1.99454,-0.0719193,-0.0494537,0,0.00153398,0,0.0153398,0,2.04633,
40197.3,0.00491876,0,-0.591798,-0.60132,2.00412,1.99454,-0.0731552,-0.0494537,0,0.00153398,0,0.0153398,0,2.04633,
40217.3,0.00541705,0,-0.592033,-0.599786,1.99454,1.99454,-0.0509877,-0.0509877,0,0.00153398,0.0153398,0.0153398,2.04633,2.04633,
40237.2,0.00541705,0,-0.592033,-0.599786,1.99454,1.99454,-0.0509877,-0.0509877,0,0.00153398,0.0153398,0.0153398,2.04633,2.04633,
40257.3,0.00591652,0,-0.592265,-0.599786,2.00706,1.99454,-0.0756282,-0.0509877,0,0.00153398,0,0.0153398,0,2.04633,
40277.4,0.00641718,0,-0.592496,-0.599786,2.00853,1.99454,-0.0768653,-0.0509877,0,0.00153398,0,0.0153398,0,2.04633,
40297.4,0.00641718,0,-0.592496,-0.599786,2.00853,1.99454,-0.0768653,-0.0509877,0,0.00153398,0,0.0153398,0,2.04633,
40317.4,0.00691902,0.00153398,-0.592725,-0.598253,2.00999,1.99454,-0.0781028,-0.0525216,0,0.00153398,0,0.0153398,0,2.04633,
40337.3,0.00691902,0.00153398,-0.592725,-0.598253,2.00999,1.99454,-0.0781028,-0.0525216,0,0.00153398,0,0.0153398,0,2.04633,
40357.3,0.00742205,0.00153398,-0.592952,-0.598253,2.01146,1.99454,-0.0793407,-0.0525216,0,0.00153398,0,0.0153398,0,2.04633,
40377.3,0.00792629,0.00153398,-0.593178,-0.598253,2.01292,1.99454,-0.080579,-0.0525216,0,0.00153398,0,0.0153398,0,2.04633,
40397.2,0.00792629,0.00153398,-0.593178,-0.598253,2.01292,1.99454,-0.080579,-0.0571236,0,0.00153398,0,0.0153398,0,2.04633,
40417.3,0.00843172,0.00153398,-0.593402,-0.598253,2.01438,1.99454,-0.0818177,-0.0571236,0,0.00153398,0,0.0153398,0,2.04633,
40437.3,0.00843172,0.00153398,-0.593402,-0.598253,2.01438,1.99454,-0.0818177,-0.0571236,0,0.00153398,0,0.0153398,0,2.04633,
40457.3,0.00893836,0.00153398,-0.593624,-0.598253,2.01585,1.99454,-0.0830568,-0.0571236,0,0.00153398,0,0.0153398,0,2.04633,
40477.3,0.00944621,0.00153398,-0.593844,-0.598253,2.01731,1.99454,-0.0842964,-0.0571236,0,0.00153398,0,0.0153398,0,2.04633,
40497.3,0.00944621,0.00153398,-0.593844,-0.598253,2.01731,1.99454,-0.0842964,-0.0571236,0,0.00153398,0,0.0153398,0,2.04633,
40517.3,0.00995528,0.00153398,-0.594063,-0.596719,1.99608,1.99608,-0.0617255,-0.0617255,0,0.00153398,0.0153398,0.0153398,2.04633,2.04633,
40537.3,0.0104656,0.00153398,-0.59428,-0.596719,2.02022,1.99608,-0.0867766,-0.0617255,0,0.00153398,0,0.0153398,0,2.04633,
40557.3,0.0104656,0.00153398,-0.59428,-0.596719,2.02022,1.99608,-0.0867766,-0.0617255,0,0.00153398,0,0.0153398,0,2.04633,
40577.3,0.0109771,0.00153398,-0.594495,-0.596719,2.02168,1.99608,-0.0880174,-0.0617255,0,0.00153398,0,0.0153398,0,2.04633,
40597.3,0.0109771,0.00153398,-0.594495,-0.596719,2.02168,1.99608,-0.0880174,-0.0617255,0,0.00153398,0,0.0153398,0,2.04633,
40617.4,0.0114898,0.00153398,-0.594709,-0.596719,1.99608,1.99608,-0.0647935,-0.0647935,0,0.00153398,0.0153398,0.0153398,2.04633,2.04633,
40637.3,0.0120037,0.00153398,-0.594921,-0.596719,2.02459,1.99608,-0.0905002,-0.0647935,0,0.00153398,0,0.0153398,0,2.04633,
40657.4,0.0120037,0.00153398,-0.594921,-0.596719,2.02459,1.99608,-0.0905002,-0.0647935,0,0.00153398,0,0.0153398,0,2.04633,
40677.4,0.0125189,0.00153398,-0.595131,-0.596719,2.02604,1.99608,-0.0917423,-0.0647935,0,0.00153398,0,0.0153398,0,2.04633,
40697.4,0.0125189,0.00153398,-0.595131,-0.596719,2.02604,1.99608,-0.0917423,-0.0647935,0,0.00153398,0,0.0153398,0,2.04633,
40717.3,0.0130354,0.00153398,-0.595339,-0.596719,2.02749,1.99608,-0.0929847,-0.0647935,0,0.00153398,0,0.0153398,0,2.04633,
40737.3,0.0130354,0.00306796,-0.595339,-0.596719,1.99914,1.99914,-0.0678615,-0.0678615,0,0.00153398,0.0153398,0.0153398,2.04633,2.04633,
40757.3,0.013553,0.00306796,-0.595546,-0.596719,2.02894,1.99914,-0.0942277,-0.0678615,0,0.00153398,0,0.0153398,0,2.04633,
40777.2,0.013553,0.00306796,-0.595546,-0.596719,2.02894,1.99914,-0.0942277,-0.0678615,0,0.00153398,0,0.0153398,0,2.04633,
40797.2,0.014072,0.00460194,-0.59575,-0.596719,2.03039,2.00221,-0.095471,-0.0724634,0,0.00153398,0,0.0153398,0,2.04633,
40817.3,0.014072,0.00460194,-0.59575,-0.596719,2.00221,2.00221,-0.0724634,-0.0724634,0,0.00153398,0.0153398,0.0153398,2.04633,2.04633,
40837.3,0.0145921,0.00460194,-0.595954,-0.596719,2.03183,2.00221,-0.0967148,-0.0724634,0,0.00153398,0,0.0153398,0,2.04633,
40857.3,0.0151135,0.00460194,-0.596155,-0.596719,2.03328,2.00221,-0.097959,-0.0724634,0,0.00153398,0,0.0153398,0,2.04633,
40877.3,0.0151135,0.00460194,-0.596155,-0.596719,2.03328,2.00221,-0.097959,-0.0724634,0,0.00153398,0,0.0153398,0,2.04633,
40897.3,0.0156362,0.00613592,-0.596354,-0.596719,2.00835,2.00835,-0.0770653,-0.0770653,0,0.00153398,0.0153398,0.0153398,2.04633,2.04633,
40917.3,0.0156362,0.00613592,-0.596354,-0.596719,2.00835,2.00835,-0.0770653,-0.0770653,0,0.00153398,0.0153398,0.0153398,2.04633,2.04633,
40937.4,0.0161602,0.00613592,-0.596552,-0.596719,2.03617,2.00835,-0.100449,-0.0770653,0,0.00153398,0,0.0153398,0,2.04633,
40957.4,0.0166854,0.00613592,-0.596748,-0.596719,2.03761,2.00835,-0.101694,-0.0770653,0,0.00153398,0,0.0153398,0,2.04633,
40977.4,0.0166854,0.00613592,-0.596748,-0.596719,2.03761,2.00835,-0.101694,-0.0770653,0,0.00153398,0,0.0153398,0,2.04633,
40997.3,0.0172119,0.00613592,-0.596942,-0.596719,2.03905,2.00835,-0.10294,-0.0770653,0,0.00153398,0,0.0153398,0,2.04633,
41017.3,0.0172119,0.0076699,-0.596942,-0.596719,2.01295,2.01295,-0.0816673,-0.0816673,0,0.00153398,0.0153398,0.0153398,2.04633,2.04633,
41037.4,0.0177396,0.0076699,-0.597135,-0.596719,2.04049,2.01295,-0.104187,-0.0816673,0,0.00153398,0,0.0153398,0,2.04633,
41057.4,0.0182687,0.0076699,-0.597326,-0.596719,2.04192,2.01295,-0.105434,-0.0816673,0,0.00153398,0,0.0153398,0,2.04633,
41077.4,0.0182687,0.0076699,-0.597326,-0.596719,2.04192,2.01295,-0.105434,-0.0816673,0,0.00153398,0,0.0153398,0,2.04633,
41097.3,0.018799,0.0076699,-0.597515,-0.596719,2.04336,2.01295,-0.106681,-0.0816673,0,0.00153398,0,0.0153398,0,2.04633,
41117.4,0.018799,0.00920388,-0.597515,-0.596719,2.01602,2.01602,-0.0847352,-0.0847352,0,0.00153398,0.0153398,0.0153398,2.04633,2.04633,
41137.4,0.0193306,0.00920388,-0.597702,-0.596719,2.0448,2.01602,-0.107929,-0.0847352,0,0.00153398,0,0.0153398,0,2.04633,
41157.3,0.0198636,0.00920388,-0.597887,-0.596719,2.04623,2.01602,-0.109178,-0.0847352,0,0.00153398,0,0.0153398,0,2.04633,
41177.3,0.0198636,0.00920388,-0.597887,-0.596719,2.04623,2.01602,-0.109178,-0.0847352,0,0.00153398,0,0.0153398,0,2.04633,
41197.3,0.0203978,0.0122718,-0.598071,-0.596719,2.02522,2.02522,-0.0924051,-0.0924051,0,0.00153398,0.0153398,0.0153398,2.04633,2.04633,
41217.3,0.0209333,0.0122718,-0.598253,-0.596719,2.04909,2.02522,-0.111676,-0.0924051,0,0.00153398,0,0.0153398,0,2.04633,
41237.3,0.0209333,0.0122718,-0.598253,-0.596719,2.04909,2.02522,-0.111676,-0.0924051,0,0.00153398,0,0.0153398,0,2.04633,
41257.4,0.0214701,0.0122718,-0.598433,-0.596719,2.05052,2.02522,-0.112925,-0.0924051,0,0.00153398,0,0.0153398,0,2.04633,
41277.3,0.0220082,0.0122718,-0.598611,-0.596719,2.05195,2.02522,-0.114176,-0.0924051,0,0.00153398,0,0.0153398,0,2.04633,
41297.4,0.0220082,0.0122718,-0.598611,-0.596719,2.05195,2.02522,-0.114176,-0.0924051,0,0.00153398,0,0.0153398,0,2.04633,
41317.3,0.0122718,0.0122718,-0.598788,-0.596719,2.03136,2.03136,-0.100075,-0.100075,0,0.00153398,0.0153398,0.0153398,2.04633,2.04633,
41337.4,0.0122718,0.0122718,-0.598788,-0.596719,2.03136,2.03136,-0.100075,-0.100075,0,0.00153398,0.0153398,0.0153398,2.04633,2.04633,
41357.3,0.0230885,0.0122718,-0.598962,-0.596719,2.05481,2.03136,-0.116678,-0.100075,0,0.00153398,0,0.0153398,0,2.04633,
41377.3,0.0236306,0.0122718,-0.599135,-0.596719,2.05623,2.03136,-0.117929,-0.100075,0,0.00153398,0,0.0153398,0,2.04633,
41397.3,0.0236306,0.0122718,-0.599135,-0.596719,2.05623,2.03136,-0.117929,-0.100075,0,0.00153398,0,0.0153398,0,2.04633,
41417.3,0.0138058,0.0138058,-0.599306,-0.596719,2.03289,2.03289,-0.101609,-0.101609,0,0.00153398,0.0153398,0.0153398,2.04633,2.04633,
41437.3,0.0247187,0.0138058,-0.599476,-0.596719,2.05908,2.03289,-0.120434,-0.101609,0,0.00153398,0,0.0153398,0,2.04633,
41457.4,0.0247187,0.0138058,-0.599476,-0.596719,2.05908,2.03289,-0.120434,-0.101609,0,0.00153398,0,0.0153398,0,2.04633,
41477.3,0.0252648,0.0138058,-0.599643,-0.596719,2.0605,2.03289,-0.121688,-0.101609,0,0.00153398,0,0.0153398,0,2.04633,
41497.3,0.0252648,0.0138058,-0.599643,-0.596719,2.0605,2.03289,-0.121688,-0.101609,0,0.00153398,0,0.0153398,0,2.04633,
41517.3,0.0153398,0.0153398,-0.599809,-0.596719,2.03903,2.03903,-0.106211,-0.106211,0,0.00153398,0.0153398,0.0153398,2.04633,2.04633,
41537.3,0.0263611,0.0153398,-0.599973,-0.596719,2.06333,2.03903,-0.124195,-0.106211,0,0.00153398,0,0.0153398,0,2.04633,
41557.4,0.0263611,0.0153398,-0.599973,-0.596719,2.06333,2.03903,-0.124195,-0.106211,0,0.00153398,0,0.0153398,0,2.04633,
41577.4,0.0269112,0.0153398,-0.600135,-0.596719,2.06475,2.03903,-0.12545,-0.106211,0,0.00153398,0,0.0153398,0,2.04633,
41597.3,0.0269112,0.0153398,-0.600135,-0.596719,2.06475,2.03903,-0.12545,-0.106211,0,0.00153398,0,0.0153398,0,2.04633,
41617.3,0.0168738,0.0168738,-0.600295,-0.596719,2.04056,2.04056,-0.109279,-0.109279,0,0.00153398,0.0153398,0.0153398,2.04633,2.04633,
41637.3,0.0280156,0.0168738,-0.600453,-0.596719,2.06758,2.04056,-0.127961,-0.109279,0,0.00153398,0,0.0153398,0,2.04633,
41657.3,0.0280156,0.0168738,-0.600453,-0.596719,2.06758,2.04056,-0.127961,-0.109279,0,0.00153398,0,0.0153398,0,2.04633,
41677.4,0.0285698,0.0168738,-0.60061,-0.596719,2.06899,2.04056,-0.129217,-0.109279,0,0.00153398,0,0.0153398,0,2.04633,
41697.3,0.0291254,0.0168738,-0.600765,-0.596719,2.0704,2.04056,-0.130474,-0.109279,0,0.00153398,0,0.0153398,0,2.04633,
41717.4,0.0168738,0.0168738,-0.600765,-0.596719,2.04976,2.04976,-0.112347,-0.112347,0,0.00153398,0.0153398,0.0153398,2.04633,2.04633,
41737.5,0.0296824,0.0168738,-0.600918,-0.596719,2.07181,2.04976,-0.131731,-0.112347,0,0.00153398,0,0.0153398,0,2.04633,
41757.3,0.0302408,0.0168738,-0.601069,-0.596719,2.07322,2.04976,-0.132989,-0.112347,0,0.00153398,0,0.0153398,0,2.04633,
41777.3,0.0302408,0.0168738,-0.601069,-0.596719,2.07322,2.04976,-0.132989,-0.112347,0,0.00153398,0,0.0153398,0,2.04633,
41797.4,0.0308005,0.0168738,-0.601218,-0.596719,2.07463,2.04976,-0.134248,-0.112347,0,0.00153398,0,0.0153398,0,2.04633,
41817.2,0.0184078,0.0184078,-0.601218,-0.596719,2.05437,2.05437,-0.116949,-0.116949,0,0.00153398,0.0153398,0.0153398,2.04633,2.04633,
41837.3,0.0313617,0.0184078,-0.601366,-0.596719,2.07604,2.05437,-0.135506,-0.116949,0,0.00153398,0,0.0153398,0,2.04633,
41857.3,0.0319242,0.0184078,-0.601511,-0.596719,2.07744,2.05437,-0.136766,-0.116949,0,0.00153398,0,0.0153398,0,2.04633,
41877.3,0.0319242,0.0184078,-0.601511,-0.596719,2.07744,2.05437,-0.136766,-0.116949,0,0.00153398,0,0.0153398,0,2.04633,
41897.3,0.0324882,0.0184078,-0.601655,-0.596719,2.07885,2.05437,-0.138026,-0.116949,0,0.00153398,0,0.0153398,0,2.04633,
41917.4,0.0214757,0.0214757,-0.601655,-0.596719,2.0559,2.0559,-0.121551,-0.121551,0,0.00153398,0.0153398,0.0153398,2.04633,2.04633,
41937.4,0.0330535,0.0214757,-0.601797,-0.596719,2.08025,2.0559,-0.139286,-0.121551,0,0.00153398,0,0.0153398,0,2.04633,
41957.4,0.0330535,0.0214757,-0.601797,-0.596719,2.08025,2.0559,-0.139286,-0.121551,0,0.00153398,0,0.0153398,0,2.04633,
41977.4,0.0336203,0.0214757,-0.601937,-0.596719,2.08165,2.0559,-0.140547,-0.121551,0,0.00153398,0,0.0153398,0,2.04633,
41997.3,0.0341884,0.0199418,-0.602076,-0.596719,2.08305,2.05897,-0.141809,-0.121551,0,0.00153398,0,0.0153398,0,2.04786,
42017.4,0.0199418,0.0199418,-0.602076,-0.596719,2.05897,2.05897,-0.121551,-0.121551,0,0.00153398,0.0153398,0.0153398,2.04786,2.04786,
42037.3,0.034758,0.0199418,-0.602212,-0.596719,2.08445,2.05897,-0.143071,-0.121551,0,0.00153398,0,0.0153398,0,2.04786,
42057.3,0.034758,0.0199418,-0.602212,-0.596719,2.08445,2.05897,-0.143071,-0.121551,0,0.00153398,0,0.0153398,0,2.04786,
42077.3,0.035329,0.0199418,-0.602347,-0.596719,2.08585,2.05897,-0.144334,-0.121551,0,0.00153398,0,0.0153398,0,2.04786,
42097.3,0.035329,0.0199418,-0.602347,-0.596719,2.08585,2.05897,-0.144334,-0.121551,0,0.00153398,0,0.0153398,0,2.04786,
42117.3,0.0214757,0.0214757,-0.602479,-0.598253,2.0651,2.0651,-0.126153,-0.126153,0,0.00153398,0.0138058,0.0138058,2.04633,2.04633,
42137.3,0.0364754,0.0214757,-0.60261,-0.598253,2.08864,2.0651,-0.146861,-0.126153,0,0.00153398,0,0.0138058,0,2.04633,
42157.2,0.0370507,0.0214757,-0.602739,-0.598253,2.09003,2.0651,-0.148125,-0.126153,0,0.00153398,0,0.0138058,0,2.04633,
42177.2,0.0370507,0.0214757,-0.602739,-0.598253,2.09003,2.0651,-0.148125,-0.126153,0,0.00153398,0,0.0138058,0,2.04633,
42197.2,0.0376274,0.0214757,-0.602866,-0.598253,2.09142,2.0651,-0.14939,-0.126153,0,0.00153398,0,0.0138058,0,2.04633,
42217.3,0.0245437,0.0245437,-0.602866,-0.599786,2.06664,2.06664,-0.130755,-0.130755,0,0.00153398,0.0138058,0.0138058,2.04633,2.04633,
42237.4,0.0382057,0.0245437,-0.602991,-0.599786,2.09281,2.06664,-0.150655,-0.130755,0,0.00153398,0,0.0138058,0,2.04633,
42257.3,0.0387853,0.0245437,-0.603115,-0.599786,2.0942,2.06664,-0.151921,-0.130755,0,0.00153398,0,0.0138058,0,2.04633,
42277.4,0.0387853,0.0245437,-0.603115,-0.599786,2.0942,2.06664,-0.151921,-0.130755,0,0.00153398,0,0.0138058,0,2.04633,
42297.4,0.0393665,0.0245437,-0.603236,-0.599786,2.09559,2.06664,-0.153188,-0.130755,0,0.00153398,0,0.0138058,0,2.04633,
42317.3,0.0399491,0.0245437,-0.603356,-0.599786,2.09698,2.06971,-0.154455,-0.132289,0,0.00306796,0,0.0138058,0,2.04633,
42337.3,0.0399491,0.0245437,-0.603356,-0.599786,2.09698,2.06971,-0.154455,-0.132289,0,0.00306796,0,0.0138058,0,2.04633,
42357.4,0.0405331,0.0245437,-0.603474,-0.599786,2.09836,2.06971,-0.155723,-0.132289,0,0.00306796,0,0.0138058,0,2.04633,
42377.3,0.0411187,0.0245437,-0.603589,-0.599786,2.09975,2.06971,-0.156991,-0.132289,0,0.00306796,0,0.0138058,0,2.04633,
42397.3,0.0411187,0.0245437,-0.603589,-0.599786,2.09975,2.06971,-0.156991,-0.132289,0,0.00306796,0,0.0138058,0,2.04633,
42417.3,0.0417057,0.0276117,-0.603703,-0.599786,2.10113,2.07584,-0.15826,-0.138425,0,0.00306796,0,0.0138058,0,2.04633,
42437.3,0.0422942,0.0276117,-0.603815,-0.599786,2.10251,2.07584,-0.159529,-0.138425,0,0.00306796,0,0.0138058,0,2.04633,
42457.4,0.0422942,0.0276117,-0.603815,-0.599786,2.10251,2.07584,-0.159529,-0.138425,0,0.00306796,0,0.0138058,0,2.04633,
42477.3,0.0428842,0.0276117,-0.603926,-0.599786,2.10389,2.07584,-0.160799,-0.138425,0,0.00306796,0,0.0138058,0,2.04633,
42497.3,0.0428842,0.0276117,-0.603926,-0.599786,2.10389,2.07584,-0.160799,-0.138425,0,0.00306796,0,0.0138058,0,2.04633,
42517.4,0.0306796,0.0306796,-0.604034,-0.60132,2.08505,2.08505,-0.143027,-0.143027,0,0.00306796,0.0138058,0.0138058,2.04633,2.04633,
42537.3,0.0440687,0.0306796,-0.60414,-0.60132,2.10665,2.08505,-0.163341,-0.143027,0,0.00306796,0,0.0138058,0,2.04633,
42557.3,0.0440687,0.0306796,-0.60414,-0.60132,2.10665,2.08505,-0.163341,-0.143027,0,0.00306796,0,0.0138058,0,2.04633,
42577.4,0.0446632,0.0306796,-0.604245,-0.60132,2.10802,2.08505,-0.164613,-0.143027,0,0.00306796,0,0.0138058,0,2.04633,
42597.3,0.0446632,0.0306796,-0.604245,-0.60132,2.10802,2.08505,-0.164613,-0.143027,0,0.00306796,0,0.0138058,0,2.04633,
42617.3,0.0337476,0.0337476,-0.604347,-0.602854,2.09118,2.09118,-0.149162,-0.149162,0,0.00306796,0.0138058,0.0138058,2.04786,2.04786,
42637.3,0.0458568,0.0337476,-0.604448,-0.602854,2.11077,2.09118,-0.167159,-0.149162,0,0.00306796,0,0.0138058,0,2.04786,
42657.3,0.0458568,0.0337476,-0.604448,-0.602854,2.11077,2.09118,-0.167159,-0.149162,0,0.00306796,0,0.0138058,0,2.04786,
42677.4,0.0464559,0.0337476,-0.604547,-0.602854,2.11214,2.09118,-0.168432,-0.149162,0,0.00306796,0,0.0138058,0,2.04786,
42697.3,0.0464559,0.0337476,-0.604547,-0.602854,2.11214,2.09118,-0.168432,-0.149162,0,0.00306796,0,0.0138058,0,2.04786,
42717.4,0.0368155,0.0368155,-0.604644,-0.602854,2.09272,2.09272,-0.150696,-0.150696,0,0.00306796,0.0138058,0.0138058,2.04633,2.04633,
42737.3,0.0476586,0.0368155,-0.604738,-0.602854,2.11489,2.09272,-0.170981,-0.150696,0,0.00306796,0,0.0138058,0,2.04633,
42757.4,0.0476586,0.0368155,-0.604738,-0.602854,2.11489,2.09272,-0.170981,-0.150696,0,0.00306796,0,0.0138058,0,2.04633,
42777.4,0.0482623,0.0368155,-0.604831,-0.602854,2.11625,2.09272,-0.172257,-0.150696,0,0.00306796,0,0.0138058,0,2.04633,
42797.3,0.0482623,0.0368155,-0.604831,-0.602854,2.11625,2.09272,-0.172257,-0.150696,0,0.00306796,0,0.0138058,0,2.04633,
42817.4,0.0368155,0.0368155,-0.604923,-0.602854,2.09578,2.09578,-0.153764,-0.153764,0,0.00306796,0.0138058,0.0138058,2.04633,2.04633,
42837.4,0.0494743,0.0368155,-0.605012,-0.602854,2.11899,2.09578,-0.17481,-0.153764,0,0.00306796,0,0.0138058,0,2.04633,
42857.4,0.0494743,0.0368155,-0.605012,-0.602854,2.11899,2.09578,-0.17481,-0.153764,0,0.00306796,0,0.0138058,0,2.04633,
42877.3,0.0500826,0.0368155,-0.605099,-0.602854,2.12035,2.09578,-0.176087,-0.153764,0,0.00306796,0,0.0138058,0,2.04633,
42897.3,0.0500826,0.0368155,-0.605099,-0.602854,2.12035,2.09578,-0.176087,-0.153764,0,0.00306796,0,0.0138058,0,2.04633,
42917.3,0.0368155,0.0368155,-0.605184,-0.602854,2.09885,2.09885,-0.156832,-0.156832,0,0.00153398,0.0138058,0.0138058,2.04633,2.04633,
42937.4,0.0513039,0.0368155,-0.605267,-0.602854,2.12308,2.09885,-0.178643,-0.156832,0,0.00153398,0,0.0138058,0,2.04633,
42957.3,0.0513039,0.0368155,-0.605267,-0.602854,2.12308,2.09885,-0.178643,-0.156832,0,0.00153398,0,0.0138058,0,2.04633,
42977.3,0.051917,0.0368155,-0.605349,-0.602854,2.12444,2.09885,-0.179922,-0.156832,0,0.00153398,0,0.0138058,0,2.04633,
42997.3,0.051917,0.0368155,-0.605349,-0.602854,2.12444,2.09885,-0.179922,-0.156832,0,0.00153398,0,0.0138058,0,2.04633,
43017.3,0.0525316,0.0398835,-0.605428,-0.602854,2.1258,2.10652,-0.181202,-0.161434,0,0.00306796,0,0.0138058,0,2.04633,
43037.2,0.0531478,0.0398835,-0.605506,-0.602854,2.12715,2.10652,-0.182483,-0.161434,0,0.00306796,0,0.0138058,0,2.04633,
43057.3,0.0531478,0.0398835,-0.605506,-0.602854,2.12715,2.10652,-0.182483,-0.161434,0,0.00306796,0,0.0138058,0,2.04633,
43077.3,0.0531478,0.0398835,-0.605506,-0.602854,2.12715,2.10652,-0.182483,-0.161434,0,0.00306796,0,0.0138058,0,2.04633,
43097.2,0.0537656,0.0398835,-0.605581,-0.602854,2.12851,2.10652,-0.183764,-0.161434,0,0.00306796,0,0.0138058,0,2.04633,
43117.2,0.0414175,0.0414175,-0.605581,-0.604388,2.10959,2.10959,-0.164502,-0.164502,0,0.00306796,0.0138058,0.0138058,2.04786,2.04786,
43137.2,0.0543849,0.0414175,-0.605655,-0.604388,2.12987,2.10959,-0.185045,-0.164502,0,0.00306796,0,0.0138058,0,2.04786,
43157.2,0.0550059,0.0414175,-0.605727,-0.604388,2.13122,2.10959,-0.186328,-0.164502,0,0.00306796,0,0.0138058,0,2.04786,
43177.2,0.0550059,0.0414175,-0.605727,-0.604388,2.13122,2.10959,-0.186328,-0.164502,0,0.00306796,0,0.0138058,0,2.04786,
43197.2,0.0550059,0.0414175,-0.605727,-0.604388,2.13122,2.10959,-0.186328,-0.164502,0,0.00306796,0,0.0138058,0,2.04786,
43217.3,0.0429515,0.0429515,-0.605727,-0.604388,2.11266,2.11266,-0.16757,-0.16757,0,0.00306796,0.0138058,0.0138058,2.04633,2.04633,
43237.2,0.0429515,0.0429515,-0.605727,-0.604388,2.11266,2.11266,-0.16757,-0.16757,0,0.00306796,0.0138058,0.0138058,2.04633,2.04633,
43257.3,0.0429515,0.0429515,-0.605727,-0.604388,2.11266,2.11266,-0.16757,-0.16757,0,0.00306796,0.0138058,0.0138058,2.04633,2.04633,
43277.2,0.0429515,0.0429515,-0.605727,-0.604388,2.11266,2.11266,-0.16757,-0.16757,0,0.00306796,0.0138058,0.0138058,2.04633,2.04633,
43297.3,0.0429515,0.0475534,-0.605727,-0.604388,2.11266,2.11573,-0.16757,-0.170638,0,0.00306796,0.0138058,0.0138058,2.04633,2.04633,
43317.2,0.0429515,0.0475534,-0.605727,-0.604388,2.11266,2.11573,-0.16757,-0.170638,0,0.00306796,0.0138058,0.0138058,2.04633,2.04633,
43337.3,0.0429515,0.0475534,-0.605727,-0.604388,2.11266,2.11573,-0.16757,-0.170638,0,0.00306796,0.0138058,0.0138058,2.04633,2.04633,
43357.3,0.0429515,0.0475534,-0.605727,-0.604388,2.11266,2.11573,-0.16757,-0.170638,0,0.00306796,0.0138058,0.0138058,2.04633,2.04633,
43377.3,0.0429515,0.0475534,-0.605727,-0.604388,2.11266,2.11573,-0.16757,-0.170638,0,0.00306796,0.0138058,0.0138058,2.04633,2.04633,
43397.3,0.0429515,0.0475534,-0.605727,-0.604388,2.11266,2.11573,-0.16757,-0.170638,0,0.00306796,0.0138058,0.0138058,2.04633,2.04633,
43417.3,0.0429515,0.0475534,-0.605727,-0.604388,2.11266,2.11879,-0.16757,-0.172172,0,0.00306796,0.0138058,0.0138058,2.04633,2.04786,
43437.2,0.0429515,0.0475534,-0.605727,-0.604388,2.11266,2.11879,-0.16757,-0.172172,0,0.00306796,0.0138058,0.0138058,2.04633,2.04786,
43457.4,0.0429515,0.0475534,-0.605727,-0.604388,2.11266,2.11879,-0.16757,-0.172172,0,0.00306796,0.0138058,0.0138058,2.04633,2.04786,
43477.3,0.0429515,0.0475534,-0.605727,-0.604388,2.11266,2.11879,-0.16757,-0.172172,0,0.00306796,0.0138058,0.0138058,2.04633,2.04786,
43497.3,0.0429515,0.0475534,-0.605727,-0.604388,2.11266,2.11879,-0.16757,-0.172172,0,0.00306796,0.0138058,0.0138058,2.04633,2.04786,
43517.2,0.0429515,0.0490874,-0.605727,-0.604388,2.11266,2.12033,-0.16757,-0.176774,0,0.00306796,0.0138058,0.0138058,2.04633,2.04633,
43537.2,0.0429515,0.0490874,-0.605727,-0.604388,2.11266,2.12033,-0.16757,-0.176774,0,0.00306796,0.0138058,0.0138058,2.04633,2.04633,
43557.2,0.0429515,0.0490874,-0.605727,-0.604388,2.11266,2.12033,-0.16757,-0.176774,0,0.00306796,0.0138058,0.0138058,2.04633,2.04633,
43577.3,0.0429515,0.0490874,-0.605727,-0.604388,2.11266,2.12033,-0.16757,-0.176774,0,0.00306796,0.0138058,0.0138058,2.04633,2.04633,
43597.2,0.0429515,0.0475534,-0.605727,-0.604388,2.12493,2.12493,-0.178308,-0.178308,0,0.00306796,0.0138058,0.0138058,2.04633,2.04633,
43617.2,0.0429515,0.0475534,-0.605727,-0.604388,2.12493,2.12493,-0.178308,-0.178308,0,0.00306796,0.0138058,0.0138058,2.04633,2.04633,
43637.2,0.0429515,0.0475534,-0.605727,-0.604388,2.12493,2.12493,-0.178308,-0.178308,0,0.00306796,0.0138058,0.0138058,2.04633,2.04633,
43657.2,0.0429515,0.0475534,-0.605727,-0.604388,2.12493,2.12493,-0.178308,-0.178308,0,0.00306796,0.0138058,0.0138058,2.04633,2.04633,
43677.2,0.0429515,0.0475534,-0.605727,-0.604388,2.12493,2.12493,-0.178308,-0.178308,0,0.00306796,0.0138058,0.0138058,2.04633,2.04633,
43697.2,0.0429515,0.0490874,-0.605727,-0.604388,2.12493,2.12646,-0.178308,-0.179842,0,0.00306796,0.0138058,0.0138058,2.04633,2.04633,
43717.3,0.0429515,0.0490874,-0.605727,-0.604388,2.12493,2.12646,-0.178308,-0.179842,0,0.00306796,0.0138058,0.0138058,2.04633,2.04633,
43737.2,0.0429515,0.0490874,-0.605727,-0.604388,2.12493,2.12646,-0.178308,-0.179842,0,0.00306796,0.0138058,0.0138058,2.04633,2.04633,
43757.3,0.0429515,0.0490874,-0.605727,-0.604388,2.12493,2.12646,-0.178308,-0.179842,0,0.00306796,0.0138058,0.0138058,2.04633,2.04633,
43777.3,0.0429515,0.0490874,-0.605727,-0.604388,2.12493,2.12646,-0.178308,-0.179842,0,0.00306796,0.0138058,0.0138058,2.04633,2.04633,
43797.3,0.0429515,0.0460194,-0.605727,-0.604388,2.12493,2.12646,-0.178308,-0.179842,0,0.00306796,0.0138058,0.0138058,2.04633,2.04633,
43817.3,0.0429515,0.0460194,-0.605727,-0.604388,2.12493,2.12646,-0.178308,-0.179842,0,0.00306796,0.0138058,0.0138058,2.04633,2.04633,
43837.3,0.0429515,0.0460194,-0.605727,-0.604388,2.12493,2.12646,-0.178308,-0.179842,0,0.00306796,0.0138058,0.0138058,2.04633,2.04633,
43857.3,0.0429515,0.0460194,-0.605727,-0.604388,2.12493,2.12646,-0.178308,-0.179842,0,0.00306796,0.0138058,0.0138058,2.04633,2.04633,
43877.3,0.0429515,0.0460194,-0.605727,-0.604388,2.12493,2.12646,-0.178308,-0.179842,0,0.00306796,0.0138058,0.0138058,2.04633,2.04633,
43897.3,0.0429515,0.0460194,-0.605727,-0.604388,2.12493,2.12646,-0.178308,-0.179842,0,0.00306796,0.0138058,0.0138058,2.04633,2.04633,
43917.3,0.0429515,0.0460194,-0.605727,-0.604388,2.12493,2.12646,-0.178308,-0.179842,0,0.00306796,0.0138058,0.0138058,2.04633,2.04633,
43937.3,0.0429515,0.0460194,-0.605727,-0.604388,2.12493,2.12646,-0.178308,-0.179842,0,0.00306796,0.0138058,0.0138058,2.04633,2.04633,
43957.2,0.0429515,0.0460194,-0.605727,-0.604388,2.12493,2.12646,-0.178308,-0.179842,0,0.00306796,0.0138058,0.0138058,2.04633,2.04633,
43977.2,0.0429515,0.0460194,-0.605727,-0.604388,2.12493,2.12646,-0.178308,-0.179842,0,0.00306796,0.0138058,0.0138058,2.04633,2.04633,
43997.2,0.0429515,0.0460194,-0.605727,-0.604388,2.12493,2.12646,-0.178308,-0.179842,0,0.00306796,0.0138058,0.0138058,2.04633,2.04633,
44017.3,0.0429515,0.0460194,-0.605727,-0.604388,2.12493,2.12646,-0.178308,-0.179842,0,0.00306796,0.0138058,0.0138058,2.04633,2.04633,
44037.3,0.0429515,0.0460194,-0.605727,-0.604388,2.12493,2.12646,-0.178308,-0.179842,0,0.00306796,0.0138058,0.0138058,2.04633,2.04633,
44057.3,0.0429515,0.0460194,-0.605727,-0.604388,2.12493,2.12646,-0.178308,-0.179842,0,0.00306796,0.0138058,0.0138058,2.04633,2.04633,
44077.3,0.0429515,0.0460194,-0.605727,-0.604388,2.12493,2.12646,-0.178308,-0.179842,0,0.00306796,0.0138058,0.0138058,2.04633,2.04633,
44097.2,0.0429515,0.0444854,-0.605727,-0.605922,2.12493,2.12493,-0.178308,-0.179842,0,0.00306796,0.0138058,0.0138058,2.04633,2.04786,
44117.2,0.0429515,0.0444854,-0.605727,-0.605922,2.12493,2.12493,-0.178308,-0.179842,0,0.00306796,0.0138058,0.0138058,2.04633,2.04786,
44137.3,0.0429515,0.0444854,-0.605727,-0.605922,2.12493,2.12493,-0.178308,-0.179842,0,0.00306796,0.0138058,0.0138058,2.04633,2.04786,
44157.3,0.0429515,0.0444854,-0.605727,-0.605922,2.12493,2.12493,-0.178308,-0.179842,0,0.00306796,0.0138058,0.0138058,2.04633,2.04786,
44177.3,0.0429515,0.0444854,-0.605727,-0.605922,2.12493,2.12493,-0.178308,-0.179842,0,0.00306796,0.0138058,0.0138058,2.04633,2.04786,
44197.2,0.0429515,0.0444854,-0.605727,-0.604388,2.12493,2.12493,-0.178308,-0.179842,0,0.00306796,0.0138058,0.0138058,2.04633,2.04633,
44217.2,0.0429515,0.0444854,-0.605727,-0.604388,2.12493,2.12493,-0.178308,-0.179842,0,0.00306796,0.0138058,0.0138058,2.04633,2.04633,
44237.2,0.0429515,0.0444854,-0.605727,-0.604388,2.12493,2.12493,-0.178308,-0.179842,0,0.00306796,0.0138058,0.0138058,2.04633,2.04633,
44257.2,0.0429515,0.0444854,-0.605727,-0.604388,2.12493,2.12493,-0.178308,-0.179842,0,0.00306796,0.0138058,0.0138058,2.04633,2.04633,
44277.3,0.0429515,0.0444854,-0.605727,-0.604388,2.12493,2.12493,-0.178308,-0.179842,0,0.00306796,0.0138058,0.0138058,2.04633,2.04633,
44297.2,0.0429515,0.0444854,-0.605727,-0.604388,2.12493,2.12493,-0.178308,-0.179842,0,0.00306796,0.0138058,0.0138058,2.04633,2.04633,
44317.2,0.0429515,0.0444854,-0.605727,-0.605922,2.12493,2.12493,-0.178308,-0.179842,0,0.00306796,0.0138058,0.0138058,2.04633,2.04633,
44337.2,0.0429515,0.0444854,-0.605727,-0.605922,2.12493,2.12493,-0.178308,-0.179842,0,0.00306796,0.0138058,0.0138058,2.04633,2.04633,
44357.2,0.0429515,0.0444854,-0.605727,-0.605922,2.12493,2.12493,-0.178308,-0.179842,0,0.00306796,0.0138058,0.0138058,2.04633,2.04633,
44377.4,0.0429515,0.0444854,-0.605727,-0.605922,2.12493,2.12493,-0.178308,-0.179842,0,0.00306796,0.0138058,0.0138058,2.04633,2.04633,
44397.3,0.0429515,0.0444854,-0.605727,-0.605922,2.12493,2.12493,-0.178308,-0.179842,0,0.00306796,0.0138058,0.0138058,2.04633,2.04633,
44417.2,0.0429515,0.0460194,-0.605727,-0.607456,2.12493,2.12493,-0.178308,-0.179842,0,0.00306796,0.0138058,0.0138058,2.04633,2.04633,
44437.3,0.0429515,0.0460194,-0.605727,-0.607456,2.12493,2.12493,-0.178308,-0.179842,0,0.00306796,0.0138058,0.0138058,2.04633,2.04633,
44457.3,0.0429515,0.0460194,-0.605727,-0.607456,2.12493,2.12493,-0.178308,-0.179842,0,0.00306796,0.0138058,0.0138058,2.04633,2.04633,
44477.3,0.0429515,0.0460194,-0.605727,-0.607456,2.12493,2.12493,-0.178308,-0.179842,0,0.00306796,0.0138058,0.0138058,2.04633,2.04633,
44497.2,0.0429515,0.0460194,-0.605727,-0.607456,2.12493,2.12493,-0.178308,-0.179842,0,0.00306796,0.0138058,0.0138058,2.04633,2.04633,
44517.3,0.0429515,0.0444854,-0.605727,-0.607456,2.12493,2.12186,-0.178308,-0.181376,0,0.00306796,0.0138058,0.0138058,2.04633,2.04786,
44537.2,0.0429515,0.0444854,-0.605727,-0.607456,2.12493,2.12186,-0.178308,-0.181376,0,0.00306796,0.0138058,0.0138058,2.04633,2.04786,
44557.3,0.0429515,0.0444854,-0.605727,-0.607456,2.12493,2.12186,-0.178308,-0.181376,0,0.00306796,0.0138058,0.0138058,2.04633,2.04786,
44577.3,0.0429515,0.0444854,-0.605727,-0.607456,2.12493,2.12186,-0.178308,-0.181376,0,0.00306796,0.0138058,0.0138058,2.04633,2.04786,
44597.2,0.0429515,0.0444854,-0.605727,-0.607456,2.12493,2.12033,-0.178308,-0.181376,0,0.00306796,0.0138058,0.0138058,2.04633,2.0448,
44617.2,0.0429515,0.0444854,-0.605727,-0.607456,2.12493,2.12033,-0.178308,-0.181376,0,0.00306796,0.0138058,0.0138058,2.04633,2.0448,
44637.3,0.0429515,0.0444854,-0.605727,-0.607456,2.12493,2.12033,-0.178308,-0.181376,0,0.00306796,0.0138058,0.0138058,2.04633,2.0448,
44657.3,0.0429515,0.0444854,-0.605727,-0.607456,2.12493,2.12033,-0.178308,-0.181376,0,0.00306796,0.0138058,0.0138058,2.04633,2.0448,
44677.4,0.0429515,0.0444854,-0.605727,-0.607456,2.12493,2.12033,-0.178308,-0.181376,0,0.00306796,0.0138058,0.0138058,2.04633,2.0448,
44697.3,0.0429515,0.0444854,-0.605727,-0.607456,2.12493,2.12033,-0.178308,-0.181376,0,0.00306796,0.0138058,0.0138058,2.04633,2.0448,
44717.3,0.0429515,0.0444854,-0.605727,-0.605922,2.12493,2.11879,-0.178308,-0.179842,0,0.00153398,0.0138058,0.0138058,2.04633,2.04786,
44737.3,0.0429515,0.0444854,-0.605727,-0.605922,2.12493,2.11879,-0.178308,-0.179842,0,0.00153398,0.0138058,0.0138058,2.04633,2.04786,
44757.3,0.0429515,0.0444854,-0.605727,-0.605922,2.12493,2.11879,-0.178308,-0.179842,0,0.00153398,0.0138058,0.0138058,2.04633,2.04786,
44777.3,0.0429515,0.0444854,-0.605727,-0.605922,2.12493,2.11879,-0.178308,-0.179842,0,0.00153398,0.0138058,0.0138058,2.04633,2.04786,
44797.3,0.0429515,0.0444854,-0.605727,-0.605922,2.12493,2.11879,-0.178308,-0.179842,0,0.00153398,0.0138058,0.0138058,2.04633,2.04786,
44817.2,0.0429515,0.0444854,-0.605727,-0.605922,2.12493,2.11879,-0.178308,-0.179842,0,0.00153398,0.0138058,0.0138058,2.04633,2.04633,
44837.3,0.0429515,0.0444854,-0.605727,-0.605922,2.12493,2.11879,-0.178308,-0.179842,0,0.00153398,0.0138058,0.0138058,2.04633,2.04633,
44857.2,0.0429515,0.0444854,-0.605727,-0.605922,2.12493,2.11879,-0.178308,-0.179842,0,0.00153398,0.0138058,0.0138058,2.04633,2.04633,
44877.2,0.0429515,0.0444854,-0.605727,-0.605922,2.12493,2.11879,-0.178308,-0.179842,0,0.00153398,0.0138058,0.0138058,2.04633,2.04633,
44897.3,0.0429515,0.0444854,-0.605727,-0.607456,2.12493,2.11726,-0.178308,-0.179842,0,0.00153398,0.0138058,0.0138058,2.04633,2.04786,
44917.3,0.0429515,0.0444854,-0.605727,-0.607456,2.12493,2.11726,-0.178308,-0.179842,0,0.00153398,0.0138058,0.0138058,2.04633,2.04786,
44937.2,0.0429515,0.0444854,-0.605727,-0.607456,2.12493,2.11726,-0.178308,-0.179842,0,0.00153398,0.0138058,0.0138058,2.04633,2.04786,
44957.2,0.0429515,0.0444854,-0.605727,-0.607456,2.12493,2.11726,-0.178308,-0.179842,0,0.00153398,0.0138058,0.0138058,2.04633,2.04786,
44977.3,0.0429515,0.0444854,-0.605727,-0.607456,2.12493,2.11726,-0.178308,-0.179842,0,0.00153398,0.0138058,0.0138058,2.04633,2.04786,
44997.3,0.0429515,0.0444854,-0.605727,-0.605922,2.12493,2.11573,-0.178308,-0.179842,0,0.00153398,0.0138058,0.0122718,2.04633,2.04633,
45017.3,0.0429515,0.0444854,-0.605727,-0.605922,2.12493,2.11573,-0.178308,-0.179842,0,0.00153398,0.0138058,0.0122718,2.04633,2.04633,
45037.3,0.0429515,0.0444854,-0.605727,-0.605922,2.12493,2.11573,-0.178308,-0.179842,0,0.00153398,0.0138058,0.0122718,2.04633,2.04633,
45057.3,0.0429515,0.0444854,-0.605727,-0.605922,2.12493,2.11573,-0.178308,-0.179842,0,0.00153398,0.0138058,0.0122718,2.04633,2.04633,
45077.2,0.0429515,0.0444854,-0.605727,-0.605922,2.12493,2.11573,-0.178308,-0.179842,0,0.00153398,0.0138058,0.0122718,2.04633,2.04633,
45097.3,0.0429515,0.0444854,-0.605727,-0.605922,2.12493,2.11573,-0.178308,-0.179842,0,0.00153398,0.0138058,0.0122718,2.04633,2.04633,
45117.2,0.0429515,0.0444854,-0.605727,-0.605922,2.11419,2.11419,-0.178308,-0.179842,0,0,0.0138058,0.0138058,2.04633,2.04633,
45137.2,0.0429515,0.0444854,-0.605727,-0.605922,2.11419,2.11419,-0.178308,-0.179842,0,0,0.0138058,0.0138058,2.04633,2.04633,
45157.2,0.0429515,0.0444854,-0.605727,-0.605922,2.11419,2.11419,-0.178308,-0.179842,0,0,0.0138058,0.0138058,2.04633,2.04633,
45177.3,0.0429515,0.0444854,-0.605727,-0.605922,2.11419,2.11419,-0.178308,-0.179842,0,0,0.0138058,0.0138058,2.04633,2.04633,
45197.3,0.0429515,0.0444854,-0.605727,-0.605922,2.11419,2.11419,-0.178308,-0.179842,0,0,0.0138058,0.0138058,2.04633,2.04633,
45217.3,0.0429515,0.0444854,-0.605727,-0.605922,2.11419,2.11419,-0.178308,-0.179842,0,-0.00153398,0.0138058,0.0138058,2.04633,2.04633,
45237.3,0.0429515,0.0444854,-0.605727,-0.605922,2.11419,2.11419,-0.178308,-0.179842,0,-0.00153398,0.0138058,0.0138058,2.04633,2.04633,
45257.3,0.0429515,0.0444854,-0.605727,-0.605922,2.11419,2.11419,-0.178308,-0.179842,0,-0.00153398,0.0138058,0.0138058,2.04633,2.04633,
45277.4,0.0429515,0.0444854,-0.605727,-0.605922,2.11419,2.11419,-0.178308,-0.179842,0,-0.00153398,0.0138058,0.0138058,2.04633,2.04633,
45297.2,0.0429515,0.0429515,-0.605727,-0.605922,2.11419,2.11266,-0.178308,-0.181376,0,-0.00153398,0.0138058,0.0122718,2.04633,2.04633,
45317.3,0.0429515,0.0429515,-0.605727,-0.605922,2.11419,2.11266,-0.178308,-0.181376,0,-0.00153398,0.0138058,0.0122718,2.04633,2.04633,
45337.3,0.0429515,0.0429515,-0.605727,-0.605922,2.11419,2.11266,-0.178308,-0.181376,0,-0.00153398,0.0138058,0.0122718,2.04633,2.04633,
45357.3,0.0429515,0.0429515,-0.605727,-0.605922,2.11419,2.11266,-0.178308,-0.181376,0,-0.00153398,0.0138058,0.0122718,2.04633,2.04633,
45377.4,0.0429515,0.0429515,-0.605727,-0.605922,2.11419,2.11266,-0.178308,-0.181376,0,-0.00153398,0.0138058,0.0122718,2.04633,2.04633,
45397.3,0.0429515,0.0429515,-0.605727,-0.605922,2.11419,2.10806,-0.178308,-0.181376,0,-0.00153398,0.0138058,0.0122718,2.04633,2.04633,
45417.3,0.0429515,0.0429515,-0.605727,-0.605922,2.11419,2.10806,-0.178308,-0.181376,0,-0.00153398,0.0138058,0.0122718,2.04633,2.04633,
45437.3,0.0429515,0.0429515,-0.605727,-0.605922,2.11419,2.10806,-0.178308,-0.181376,0,-0.00153398,0.0138058,0.0122718,2.04633,2.04633,
45457.4,0.0429515,0.0429515,-0.605727,-0.605922,2.11419,2.10806,-0.178308,-0.181376,0,-0.00153398,0.0138058,0.0122718,2.04633,2.04633,
45477.3,0.0429515,0.0429515,-0.605727,-0.605922,2.11419,2.10806,-0.178308,-0.181376,0,-0.00153398,0.0138058,0.0122718,2.04633,2.04633,
45497.2,0.0429515,0.0429515,-0.605727,-0.605922,2.11419,2.10806,-0.178308,-0.181376,0,-0.00153398,0.0138058,0.0122718,2.04633,2.04633,
45517.3,0.0429515,0.0429515,-0.605727,-0.605922,2.10192,2.10192,-0.178308,-0.181376,0,-0.00153398,0.0138058,0.0122718,2.04633,2.04633,
45537.2,0.0429515,0.0429515,-0.605727,-0.605922,2.10192,2.10192,-0.178308,-0.181376,0,-0.00153398,0.0138058,0.0122718,2.04633,2.04633,
45557.4,0.0429515,0.0429515,-0.605727,-0.605922,2.10192,2.10192,-0.178308,-0.181376,0,-0.00153398,0.0138058,0.0122718,2.04633,2.04633,
45577.3,0.0429515,0.0429515,-0.605727,-0.605922,2.10192,2.10192,-0.178308,-0.181376,0,-0.00153398,0.0138058,0.0122718,2.04633,2.04633,
45597.2,0.0429515,0.0429515,-0.605727,-0.605922,2.10192,2.10192,-0.178308,-0.181376,0,-0.00153398,0.0138058,0.0122718,2.04633,2.04633,
45617.3,0.0429515,0.0429515,-0.605727,-0.605922,2.10192,2.10806,-0.178308,-0.181376,0,-0.00306796,0.0138058,0.0122718,2.04633,2.04786,
45637.3,0.0429515,0.0429515,-0.605727,-0.605922,2.10192,2.10806,-0.178308,-0.181376,0,-0.00306796,0.0138058,0.0122718,2.04633,2.04786,
45657.4,0.0429515,0.0429515,-0.605727,-0.605922,2.10192,2.10806,-0.178308,-0.181376,0,-0.00306796,0.0138058,0.0122718,2.04633,2.04786,
45677.3,0.0429515,0.0429515,-0.605727,-0.605922,2.10192,2.10806,-0.178308,-0.181376,0,-0.00306796,0.0138058,0.0122718,2.04633,2.04786,
45697.2,0.0429515,0.0429515,-0.605727,-0.605922,2.10192,2.09885,-0.178308,-0.181376,0,-0.00306796,0.0138058,0.0122718,2.04633,2.04633,
45717.3,0.0429515,0.0429515,-0.605727,-0.605922,2.10192,2.09885,-0.178308,-0.181376,0,-0.00306796,0.0138058,0.0122718,2.04633,2.04633,
45737.3,0.0429515,0.0429515,-0.605727,-0.605922,2.10192,2.09885,-0.178308,-0.181376,0,-0.00306796,0.0138058,0.0122718,2.04633,2.04633,
45757.3,0.0429515,0.0429515,-0.605727,-0.605922,2.10192,2.09885,-0.178308,-0.181376,0,-0.00306796,0.0138058,0.0122718,2.04633,2.04633,
45777.3,0.0429515,0.0429515,-0.605727,-0.605922,2.10192,2.09885,-0.178308,-0.181376,0,-0.00306796,0.0138058,0.0122718,2.04633,2.04633,
45797.3,0.0429515,0.0429515,-0.605727,-0.605922,2.10192,2.09732,-0.178308,-0.181376,0,-0.00306796,0.0138058,0.0122718,2.04633,2.04633,
45817.4,0.0429515,0.0429515,-0.605727,-0.605922,2.10192,2.09732,-0.178308,-0.181376,0,-0.00306796,0.0138058,0.0122718,2.04633,2.04633,
45837.3,0.0429515,0.0429515,-0.605727,-0.605922,2.10192,2.09732,-0.178308,-0.181376,0,-0.00306796,0.0138058,0.0122718,2.04633,2.04633,
45857.4,0.0429515,0.0429515,-0.605727,-0.605922,2.10192,2.09732,-0.178308,-0.181376,0,-0.00306796,0.0138058,0.0122718,2.04633,2.04633,
45877.3,0.0429515,0.0429515,-0.605727,-0.605922,2.10192,2.09732,-0.178308,-0.181376,0,-0.00306796,0.0138058,0.0122718,2.04633,2.04633,
45897.3,0.0429515,0.0429515,-0.605727,-0.605922,2.10192,2.09732,-0.178308,-0.181376,0,-0.00306796,0.0138058,0.0122718,2.04633,2.04633,
45917.3,0.0429515,0.0429515,-0.605727,-0.605922,2.10192,2.09732,-0.178308,-0.181376,0,-0.00306796,0.0138058,0.0122718,2.04633,2.04633,
45937.3,0.0429515,0.0429515,-0.605727,-0.605922,2.10192,2.09885,-0.178308,-0.179842,0,-0.00306796,0.0138058,0.0122718,2.04633,2.04633,
45957.2,0.0429515,0.0429515,-0.605727,-0.605922,2.10192,2.09885,-0.178308,-0.179842,0,-0.00306796,0.0138058,0.0122718,2.04633,2.04633,
45977.2,0.0429515,0.0429515,-0.605727,-0.605922,2.10192,2.09885,-0.178308,-0.179842,0,-0.00306796,0.0138058,0.0122718,2.04633,2.04633,
45997.2,0.0429515,0.0444854,-0.605727,-0.605922,2.10192,2.09885,-0.178308,-0.179842,0,-0.00153398,0.0138058,0.0122718,2.04633,2.04633,
46017.3,0.0429515,0.0444854,-0.605727,-0.605922,2.10192,2.09885,-0.178308,-0.179842,0,-0.00153398,0.0138058,0.0122718,2.04633,2.04633,
46037.2,0.0429515,0.0444854,-0.605727,-0.605922,2.10192,2.09885,-0.178308,-0.179842,0,-0.00153398,0.0138058,0.0122718,2.04633,2.04633,
46057.3,0.0429515,0.0444854,-0.605727,-0.605922,2.10192,2.09885,-0.178308,-0.179842,0,-0.00153398,0.0138058,0.0122718,2.04633,2.04633,
46077.2,0.0429515,0.0444854,-0.605727,-0.605922,2.10192,2.09885,-0.178308,-0.179842,0,-0.00153398,0.0138058,0.0122718,2.04633,2.04633,
46097.2,0.0429515,0.0444854,-0.605727,-0.605922,2.10192,2.09885,-0.178308,-0.179842,0,-0.00153398,0.0138058,0.0122718,2.04633,2.04633,
46117.2,0.0429515,0.0429515,-0.605727,-0.605922,2.10192,2.09578,-0.178308,-0.181376,0,-0.00306796,0.0138058,0.0122718,2.04633,2.04633,
46137.2,0.0429515,0.0429515,-0.605727,-0.605922,2.10192,2.09578,-0.178308,-0.181376,0,-0.00306796,0.0138058,0.0122718,2.04633,2.04633,
46157.3,0.0429515,0.0429515,-0.605727,-0.605922,2.10192,2.09578,-0.178308,-0.181376,0,-0.00306796,0.0138058,0.0122718,2.04633,2.04633,
46177.3,0.0429515,0.0429515,-0.605727,-0.605922,2.10192,2.09578,-0.178308,-0.181376,0,-0.00306796,0.0138058,0.0122718,2.04633,2.04633,
46197.3,0.0429515,0.0429515,-0.605727,-0.605922,2.10192,2.09578,-0.178308,-0.181376,0,-0.00306796,0.0138058,0.0122718,2.04633,2.04633,
46217.3,0.0429515,0.0429515,-0.605727,-0.605922,2.10192,2.09732,-0.178308,-0.179842,0,-0.00306796,0.0138058,0.0122718,2.04633,2.04633,
46237.3,0.0429515,0.0429515,-0.605727,-0.605922,2.10192,2.09732,-0.178308,-0.179842,0,-0.00306796,0.0138058,0.0122718,2.04633,2.04633,
46257.3,0.0429515,0.0429515,-0.605727,-0.605922,2.10192,2.09732,-0.178308,-0.179842,0,-0.00306796,0.0138058,0.0122718,2.04633,2.04633,
46277.3,0.0429515,0.0429515,-0.605727,-0.605922,2.10192,2.09732,-0.178308,-0.179842,0,-0.00306796,0.0138058,0.0122718,2.04633,2.04633,
46297.3,0.0429515,0.0429515,-0.605727,-0.605922,2.10192,2.09732,-0.178308,-0.179842,0,-0.00306796,0.0138058,0.0122718,2.04633,2.04633,
46317.2,0.0429515,0.0429515,-0.605727,-0.605922,2.10192,2.09272,-0.178308,-0.181376,0,-0.00306796,0.0138058,0.00920388,2.04633,2.04633,
46337.3,0.0429515,0.0429515,-0.605727,-0.605922,2.10192,2.09272,-0.178308,-0.181376,0,-0.00306796,0.0138058,0.00920388,2.04633,2.04633,
46357.3,0.0429515,0.0429515,-0.605727,-0.605922,2.10192,2.09272,-0.178308,-0.181376,0,-0.00306796,0.0138058,0.00920388,2.04633,2.04633,
46377.3,0.0429515,0.0429515,-0.605727,-0.605922,2.10192,2.09272,-0.178308,-0.181376,0,-0.00306796,0.0138058,0.00920388,2.04633,2.04633,
46397.3,0.0429515,0.0429515,-0.605727,-0.605922,2.10192,2.09272,-0.178308,-0.181376,0,-0.00306796,0.0138058,0.00920388,2.04633,2.04633,
46417.2,0.0429515,0.0429515,-0.605727,-0.605922,2.10192,2.09425,-0.178308,-0.179842,0,-0.00613592,0.0138058,0.0076699,2.04633,2.04633,
46437.3,0.0429515,0.0429515,-0.605727,-0.605922,2.10192,2.09425,-0.178308,-0.179842,0,-0.00613592,0.0138058,0.0076699,2.04633,2.04633,
46457.2,0.0429515,0.0429515,-0.605727,-0.605922,2.10192,2.09425,-0.178308,-0.179842,0,-0.00613592,0.0138058,0.0076699,2.04633,2.04633,
46477.3,0.0429515,0.0429515,-0.605727,-0.605922,2.10192,2.09425,-0.178308,-0.179842,0,-0.00613592,0.0138058,0.0076699,2.04633,2.04633,
46497.3,0.0429515,0.0429515,-0.605727,-0.605922,2.10192,2.09425,-0.178308,-0.179842,0,-0.00613592,0.0138058,0.00460194,2.04633,2.04633,
46517.3,0.0429515,0.0429515,-0.605727,-0.605922,2.10192,2.09425,-0.178308,-0.179842,0,-0.00613592,0.0138058,0.00460194,2.04633,2.04633,
46537.2,0.0429515,0.0429515,-0.605727,-0.605922,2.10192,2.09425,-0.178308,-0.179842,0,-0.00613592,0.0138058,0.00460194,2.04633,2.04633,
46557.2,0.0429515,0.0429515,-0.605727,-0.605922,2.10192,2.09425,-0.178308,-0.179842,0,-0.00613592,0.0138058,0.00460194,2.04633,2.04633,
46577.2,0.0429515,0.0429515,-0.605727,-0.605922,2.10192,2.09425,-0.178308,-0.179842,0,-0.00613592,0.0138058,0.00460194,2.04633,2.04633,
46597.2,0.0429515,0.0429515,-0.605727,-0.605922,2.10192,2.09425,-0.178308,-0.179842,0,-0.00613592,0.0138058,0.00460194,2.04633,2.04633,
46617.2,0.0429515,0.0429515,-0.605727,-0.605922,2.10192,2.09425,-0.178308,-0.179842,0,-0.00613592,0.0138058,0.00460194,2.04633,2.04633,
46637.2,0.0429515,0.0429515,-0.605727,-0.605922,2.10192,2.09425,-0.178308,-0.179842,0,-0.00613592,0.0138058,0.00460194,2.04633,2.04633,
46657.2,0.0429515,0.0429515,-0.605727,-0.605922,2.10192,2.09425,-0.178308,-0.179842,0,-0.00613592,0.0138058,0.00460194,2.04633,2.04633,
46677.3,0.0429515,0.0429515,-0.605727,-0.605922,2.10192,2.09425,-0.178308,-0.179842,0,-0.00613592,0.0138058,0.00460194,2.04633,2.04633,
46697.3,0.0429515,0.0429515,-0.605727,-0.605922,2.10192,2.09425,-0.178308,-0.179842,0,-0.00613592,0.0138058,0.00460194,2.04633,2.04633,
46717.3,0.0429515,0.0429515,-0.605727,-0.605922,2.10192,2.09578,-0.178308,-0.179842,0,-0.00613592,0.0138058,0.00613592,2.04633,2.04633,
46737.3,0.0429515,0.0429515,-0.605727,-0.605922,2.10192,2.09578,-0.178308,-0.179842,0,-0.00613592,0.0138058,0.00613592,2.04633,2.04633,
46757.3,0.0429515,0.0429515,-0.605727,-0.605922,2.10192,2.09578,-0.178308,-0.179842,0,-0.00613592,0.0138058,0.00613592,2.04633,2.04633,
46777.3,0.0429515,0.0429515,-0.605727,-0.605922,2.10192,2.09578,-0.178308,-0.179842,0,-0.00613592,0.0138058,0.00613592,2.04633,2.04633,
46797.2,0.0429515,0.0429515,-0.605727,-0.605922,2.10192,2.09425,-0.178308,-0.179842,0,-0.00613592,0.00153398,0.00153398,2.04633,2.04633,
46817.2,0.0429515,0.0429515,-0.605727,-0.605922,2.10192,2.09425,-0.178308,-0.179842,0,-0.00613592,0.00153398,0.00153398,2.04633,2.04633,
46837.3,0.0429515,0.0429515,-0.605727,-0.605922,2.10192,2.09425,-0.178308,-0.179842,0,-0.00613592,0.00153398,0.00153398,2.04633,2.04633,
46857.2,0.0429515,0.0429515,-0.605727,-0.605922,2.10192,2.09425,-0.178308,-0.179842,0,-0.00613592,0.00153398,0.00153398,2.04633,2.04633,
46877.3,0.0429515,0.0429515,-0.605727,-0.605922,2.10192,2.09425,-0.178308,-0.179842,0,-0.00613592,0.00153398,0.00153398,2.04633,2.04633,
46897.5,0.0429515,0.0429515,-0.605727,-0.60899,2.10192,2.10192,-0.178308,-0.181376,0,-0.0076699,0.00153398,-0.00153398,2.04633,2.04633,
46917.2,0.0429515,0.0429515,-0.605727,-0.60899,2.10192,2.10192,-0.178308,-0.181376,0,-0.0076699,0.00153398,-0.00153398,2.04633,2.04633,
46937.2,0.0429515,0.0429515,-0.605727,-0.60899,2.10192,2.10192,-0.178308,-0.181376,0,-0.0076699,0.00153398,-0.00153398,2.04633,2.04633,
46957.2,0.0429515,0.0429515,-0.605727,-0.60899,2.10192,2.10192,-0.178308,-0.181376,0,-0.0076699,0.00153398,-0.00153398,2.04633,2.04633,
46977.2,0.0429515,0.0429515,-0.605727,-0.60899,2.10192,2.10192,-0.178308,-0.181376,0,-0.0076699,0.00153398,-0.00153398,2.04633,2.04633,
46999.2,0.0429515,0.0414175,-0.605727,-0.607456,2.10192,2.09578,-0.178308,-0.179842,0,-0.00613592,0.00153398,-0.00306796,2.04633,2.04633,
47017.7,0.0429515,0.0414175,-0.605727,-0.607456,2.10192,2.09578,-0.178308,-0.179842,0,-0.00613592,0.00153398,-0.00306796,2.04633,2.04633,
47037.2,0.0429515,0.0414175,-0.605727,-0.607456,2.10192,2.09578,-0.178308,-0.179842,0,-0.00613592,0.00153398,-0.00306796,2.04633,2.04633,
47057.2,0.0429515,0.0414175,-0.605727,-0.607456,2.10192,2.09578,-0.178308,-0.179842,0,-0.00613592,0.00153398,-0.00306796,2.04633,2.04633,
47077.2,0.0429515,0.0414175,-0.605727,-0.607456,2.10192,2.09578,-0.178308,-0.179842,0,-0.00613592,0.00153398,-0.00306796,2.04633,2.04633,
47097.2,0.0429515,0.0414175,-0.605727,-0.607456,2.10192,2.09578,-0.178308,-0.179842,0,-0.00613592,0.00153398,-0.00306796,2.04633,2.04633,
47117.2,0.0429515,0.0414175,-0.605727,-0.604388,2.10192,2.10345,-0.178308,-0.176774,0,-0.00460194,0.00153398,-0.00306796,2.04633,2.04633,
47137.2,0.0429515,0.0414175,-0.605727,-0.604388,2.10192,2.10345,-0.178308,-0.176774,0,-0.00460194,0.00153398,-0.00306796,2.04633,2.04633,
47157.2,0.0429515,0.0414175,-0.605727,-0.604388,2.10192,2.10345,-0.178308,-0.176774,0,-0.00460194,0.00153398,-0.00306796,2.04633,2.04633,
47177.2,0.0429515,0.0414175,-0.605727,-0.604388,2.10192,2.10345,-0.178308,-0.176774,0,-0.00460194,0.00153398,-0.00306796,2.04633,2.04633,
47197.2,0.0429515,0.0414175,-0.605727,-0.604388,2.10192,2.10345,-0.178308,-0.176774,0,-0.00460194,0.00153398,-0.00306796,2.04633,2.04633,
47217.2,0.0429515,0.0414175,-0.605727,-0.605922,2.10192,2.10192,-0.178308,-0.176774,0,-0.00460194,0.00153398,-0.00306796,2.04633,2.0448,
47237.2,0.0429515,0.0414175,-0.605727,-0.605922,2.10192,2.10192,-0.178308,-0.176774,0,-0.00460194,0.00153398,-0.00306796,2.04633,2.0448,
47257.2,0.0429515,0.0414175,-0.605727,-0.605922,2.10192,2.10192,-0.178308,-0.176774,0,-0.00460194,0.00153398,-0.00306796,2.04633,2.0448,
47277.2,0.0429515,0.0414175,-0.605727,-0.605922,2.10192,2.10192,-0.178308,-0.176774,0,-0.00460194,0.00153398,-0.00306796,2.04633,2.0448,
47297.2,0.0429515,0.0429515,-0.605727,-0.605922,2.10192,2.09885,-0.178308,-0.178308,0,-0.00920388,0.00153398,-0.00306796,2.04633,2.04786,
47317.3,0.0429515,0.0429515,-0.605727,-0.605922,2.10192,2.09885,-0.178308,-0.178308,0,-0.00920388,0.00153398,-0.00306796,2.04633,2.04786,
47337.3,0.0429515,0.0429515,-0.605727,-0.605922,2.10192,2.09885,-0.178308,-0.178308,0,-0.00920388,0.00153398,-0.00306796,2.04633,2.04786,
47357.3,0.0429515,0.0429515,-0.605727,-0.605922,2.10192,2.09885,-0.178308,-0.178308,0,-0.00920388,0.00153398,-0.00306796,2.04633,2.04786,
47377.2,0.0429515,0.0429515,-0.605727,-0.605922,2.10192,2.09885,-0.178308,-0.178308,0,-0.00920388,0.00153398,-0.00306796,2.04633,2.04786,
47397.3,0.0429515,0.0444854,-0.605727,-0.605922,2.10192,2.09885,-0.178308,-0.178308,0,-0.0076699,0.00153398,-0.00306796,2.04633,2.04633,
47417.2,0.0429515,0.0444854,-0.605727,-0.605922,2.10192,2.09885,-0.178308,-0.178308,0,-0.0076699,0.00153398,-0.00306796,2.04633,2.04633,
47437.2,0.0429515,0.0444854,-0.605727,-0.605922,2.10192,2.09885,-0.178308,-0.178308,0,-0.0076699,0.00153398,-0.00306796,2.04633,2.04633,
47457.2,0.0429515,0.0444854,-0.605727,-0.605922,2.10192,2.09885,-0.178308,-0.178308,0,-0.0076699,0.00153398,-0.00306796,2.04633,2.04633,
47477.3,0.0429515,0.0444854,-0.605727,-0.605922,2.10192,2.09885,-0.178308,-0.178308,0,-0.0076699,0.00153398,-0.00306796,2.04633,2.04633,
47497.3,0.0429515,0.0444854,-0.605727,-0.605922,2.10192,2.09885,-0.178308,-0.178308,0,-0.0076699,0.00153398,-0.00306796,2.04633,2.04633,
47517.3,0.0429515,0.0444854,-0.605727,-0.605922,2.10192,2.09885,-0.178308,-0.178308,0,-0.0076699,0.00153398,-0.00306796,2.04633,2.04633,
47537.3,0.0429515,0.0444854,-0.605727,-0.605922,2.10192,2.09732,-0.178308,-0.178308,0,-0.00613592,0.00153398,-0.00306796,2.04633,2.04633,
47557.3,0.0429515,0.0444854,-0.605727,-0.605922,2.10192,2.09732,-0.178308,-0.178308,0,-0.00613592,0.00153398,-0.00306796,2.04633,2.04633,
47577.3,0.0429515,0.0444854,-0.605727,-0.605922,2.10192,2.09732,-0.178308,-0.178308,0,-0.00613592,0.00153398,-0.00306796,2.04633,2.04633,
47597.3,0.0429515,0.0444854,-0.605727,-0.605922,2.10192,2.09732,-0.178308,-0.178308,0,-0.00613592,0.00153398,-0.00306796,2.04633,2.04633,
47617.2,0.0429515,0.0444854,-0.605727,-0.605922,2.10192,2.09885,-0.178308,-0.178308,0,-0.00613592,0.00153398,-0.00306796,2.04633,2.04633,
47637.2,0.0429515,0.0444854,-0.605727,-0.605922,2.10192,2.09885,-0.178308,-0.178308,0,-0.00613592,0.00153398,-0.00306796,2.04633,2.04633,
47657.3,0.0429515,0.0444854,-0.605727,-0.605922,2.10192,2.09885,-0.178308,-0.178308,0,-0.00613592,0.00153398,-0.00306796,2.04633,2.04633,
47677.3,0.0429515,0.0444854,-0.605727,-0.605922,2.10192,2.09885,-0.178308,-0.178308,0,-0.00613592,0.00153398,-0.00306796,2.04633,2.04633,
47697.2,0.0429515,0.0444854,-0.605727,-0.605922,2.10192,2.09885,-0.178308,-0.178308,0,-0.00613592,0.00153398,-0.00306796,2.04633,2.04633,
47717.2,0.0429515,0.0444854,-0.605727,-0.605922,2.10192,2.09885,-0.178308,-0.178308,0,-0.00613592,0.00153398,-0.00306796,2.04633,2.04633,
47737.2,0.0429515,0.0444854,-0.605727,-0.605922,2.10192,2.09885,-0.178308,-0.178308,0,-0.00613592,0.00153398,-0.00306796,2.04633,2.04633,
47757.3,0.0429515,0.0444854,-0.605727,-0.605922,2.10192,2.09885,-0.178308,-0.178308,0,-0.00613592,0.00153398,-0.00306796,2.04633,2.04633,
47777.3,0.0429515,0.0444854,-0.605727,-0.605922,2.10192,2.09885,-0.178308,-0.178308,0,-0.00613592,0.00153398,-0.00306796,2.04633,2.04633,
47797.3,0.0429515,0.0444854,-0.605727,-0.605922,2.10192,2.09885,-0.178308,-0.178308,0,-0.00613592,0.00153398,-0.00306796,2.04633,2.04633,
47817.3,0.0429515,0.0444854,-0.605727,-0.605922,2.10192,2.09732,-0.178308,-0.178308,0,-0.00613592,0.00153398,-0.00306796,2.04633,2.04633,
47837.3,0.0429515,0.0444854,-0.605727,-0.605922,2.10192,2.09732,-0.178308,-0.178308,0,-0.00613592,0.00153398,-0.00306796,2.04633,2.04633,
47857.3,0.0429515,0.0444854,-0.605727,-0.605922,2.10192,2.09732,-0.178308,-0.178308,0,-0.00613592,0.00153398,-0.00306796,2.04633,2.04633,
47877.3,0.0429515,0.0444854,-0.605727,-0.605922,2.10192,2.09732,-0.178308,-0.178308,0,-0.00613592,0.00153398,-0.00306796,2.04633,2.04633,
47897.3,0.0429515,0.0444854,-0.605727,-0.605922,2.10192,2.09732,-0.178308,-0.178308,0,-0.00613592,0.00153398,-0.00306796,2.04633,2.04633,
47917.3,0.0429515,0.0444854,-0.605727,-0.605922,2.10192,2.09732,-0.178308,-0.178308,0,-0.00613592,0.00153398,-0.00306796,2.04633,2.04633,
47937.2,0.0429515,0.0444854,-0.605727,-0.605922,2.10192,2.09732,-0.178308,-0.178308,0,-0.00613592,0.00153398,-0.00306796,2.04633,2.04633,
47957.3,0.0429515,0.0444854,-0.605727,-0.605922,2.10192,2.09732,-0.178308,-0.178308,0,-0.00613592,0.00153398,-0.00306796,2.04633,2.04633,
47977.3,0.0429515,0.0444854,-0.605727,-0.605922,2.10192,2.09732,-0.178308,-0.178308,0,-0.00613592,0.00153398,-0.00306796,2.04633,2.04633,
47997.3,0.0429515,0.0444854,-0.605727,-0.605922,2.10192,2.09732,-0.178308,-0.178308,0,-0.00613592,0.00153398,-0.00306796,2.04633,2.04633,
48017.3,0.0429515,0.0444854,-0.605727,-0.605922,2.10192,2.09885,-0.178308,-0.178308,0,-0.00613592,0.00153398,-0.00306796,2.04633,2.04633,
48037.3,0.0429515,0.0444854,-0.605727,-0.605922,2.10192,2.09885,-0.178308,-0.178308,0,-0.00613592,0.00153398,-0.00306796,2.04633,2.04633,
48057.3,0.0429515,0.0444854,-0.605727,-0.605922,2.10192,2.09885,-0.178308,-0.178308,0,-0.00613592,0.00153398,-0.00306796,2.04633,2.04633,
48077.3,0.0429515,0.0444854,-0.605727,-0.605922,2.10192,2.09885,-0.178308,-0.178308,0,-0.00613592,0.00153398,-0.00306796,2.04633,2.04633,
48097.2,0.0429515,0.0429515,-0.605727,-0.605922,2.10192,2.09732,-0.178308,-0.178308,0,-0.00613592,0.00153398,-0.00306796,2.04633,2.04633,
48117.2,0.0429515,0.0429515,-0.605727,-0.605922,2.10192,2.09732,-0.178308,-0.178308,0,-0.00613592,0.00153398,-0.00306796,2.04633,2.04633,
48137.4,0.0429515,0.0429515,-0.605727,-0.605922,2.10192,2.09732,-0.178308,-0.178308,0,-0.00613592,0.00153398,-0.00306796,2.04633,2.04633,
48157.3,0.0429515,0.0429515,-0.605727,-0.605922,2.10192,2.09732,-0.178308,-0.178308,0,-0.00613592,0.00153398,-0.00306796,2.04633,2.04633,
48177.3,0.0429515,0.0429515,-0.605727,-0.605922,2.10192,2.09732,-0.178308,-0.178308,0,-0.00613592,0.00153398,-0.00306796,2.04633,2.04633,
48197.2,0.0429515,0.0429515,-0.605727,-0.605922,2.10192,2.09732,-0.178308,-0.178308,0,-0.00613592,0.00153398,-0.00306796,2.04633,2.04633,
48217.3,0.0429515,0.0429515,-0.605727,-0.605922,2.10192,2.09732,-0.178308,-0.178308,0,-0.00613592,0.00153398,-0.00306796,2.04633,2.04633,
48237.2,0.0429515,0.0429515,-0.605727,-0.605922,2.10192,2.09732,-0.178308,-0.178308,0,-0.00613592,0.00153398,-0.00306796,2.04633,2.04633,
48257.3,0.0429515,0.0429515,-0.605727,-0.605922,2.10192,2.09732,-0.178308,-0.178308,0,-0.00613592,0.00153398,-0.00306796,2.04633,2.04633,
48277.3,0.0429515,0.0429515,-0.605727,-0.605922,2.10192,2.09732,-0.178308,-0.178308,0,-0.00613592,0.00153398,-0.00306796,2.04633,2.04633,
48297.2,0.0429515,0.0429515,-0.605727,-0.605922,2.10192,2.09732,-0.178308,-0.178308,0,-0.00613592,0.00153398,-0.00306796,2.04633,2.04633,
48317.3,0.0429515,0.0429515,-0.605727,-0.605922,2.10192,2.09885,-0.178308,-0.178308,0,-0.00613592,0.00153398,-0.00306796,2.04633,2.04633,
48337.3,0.0429515,0.0429515,-0.605727,-0.605922,2.10192,2.09885,-0.178308,-0.178308,0,-0.00613592,0.00153398,-0.00306796,2.04633,2.04633,
48357.3,0.0429515,0.0429515,-0.605727,-0.605922,2.10192,2.09885,-0.178308,-0.178308,0,-0.00613592,0.00153398,-0.00306796,2.04633,2.04633,
48377.3,0.0429515,0.0429515,-0.605727,-0.605922,2.10192,2.09885,-0.178308,-0.178308,0,-0.00613592,0.00153398,-0.00306796,2.04633,2.04633,
48397.3,0.0429515,0.0429515,-0.605727,-0.605922,2.10192,2.09885,-0.178308,-0.178308,0,-0.00613592,0.00153398,-0.00306796,2.04633,2.04633,
48417.3,0.0429515,0.0429515,-0.605727,-0.605922,2.10192,2.09885,-0.178308,-0.178308,0,-0.00613592,0.00153398,-0.00306796,2.04633,2.04633,
48437.2,0.0429515,0.0429515,-0.605727,-0.605922,2.10192,2.09885,-0.178308,-0.178308,0,-0.00613592,0.00153398,-0.00306796,2.04633,2.04633,
48457.2,0.0429515,0.0429515,-0.605727,-0.605922,2.10192,2.09885,-0.178308,-0.178308,0,-0.00613592,0.00153398,-0.00306796,2.04633,2.04633,
48477.3,0.0429515,0.0429515,-0.605727,-0.605922,2.10192,2.09885,-0.178308,-0.178308,0,-0.00613592,0.00153398,-0.00306796,2.04633,2.04633,
48497.2,0.0429515,0.0444854,-0.605727,-0.605922,2.10192,2.09732,-0.178308,-0.178308,0,-0.00613592,0.00153398,-0.00306796,2.04633,2.04633,
48517.2,0.0429515,0.0444854,-0.605727,-0.605922,2.10192,2.09732,-0.178308,-0.178308,0,-0.00613592,0.00153398,-0.00306796,2.04633,2.04633,
48537.3,0.0429515,0.0444854,-0.605727,-0.605922,2.10192,2.09732,-0.178308,-0.178308,0,-0.00613592,0.00153398,-0.00306796,2.04633,2.04633,
48557.3,0.0429515,0.0444854,-0.605727,-0.605922,2.10192,2.09732,-0.178308,-0.178308,0,-0.00613592,0.00153398,-0.00306796,2.04633,2.04633,
48577.3,0.0429515,0.0444854,-0.605727,-0.605922,2.10192,2.09732,-0.178308,-0.178308,0,-0.00613592,0.00153398,-0.00306796,2.04633,2.04633,
48597.3,0.0429515,0.0444854,-0.605727,-0.605922,2.10192,2.09885,-0.178308,-0.178308,0,-0.00613592,0.00153398,-0.00306796,2.04633,2.04633,
48617.2,0.0429515,0.0444854,-0.605727,-0.605922,2.10192,2.09885,-0.178308,-0.178308,0,-0.00613592,0.00153398,-0.00306796,2.04633,2.04633,
48637.3,0.0429515,0.0444854,-0.605727,-0.605922,2.10192,2.09885,-0.178308,-0.178308,0,-0.00613592,0.00153398,-0.00306796,2.04633,2.04633,
48657.3,0.0429515,0.0444854,-0.605727,-0.605922,2.10192,2.09885,-0.178308,-0.178308,0,-0.00613592,0.00153398,-0.00306796,2.04633,2.04633,
48677.3,0.0429515,0.0444854,-0.605727,-0.605922,2.10192,2.09885,-0.178308,-0.178308,0,-0.00613592,0.00153398,-0.00306796,2.04633,2.04633,
48697.3,0.0429515,0.0444854,-0.605727,-0.605922,2.10192,2.09885,-0.178308,-0.178308,0,-0.00613592,0.00153398,-0.00306796,2.04633,2.04633,
48717.3,0.0429515,0.0444854,-0.605727,-0.605922,2.10192,2.09885,-0.178308,-0.178308,0,-0.00613592,0.00153398,-0.00306796,2.04633,2.04633,
48737.3,0.0429515,0.0444854,-0.605727,-0.605922,2.10192,2.09885,-0.178308,-0.178308,0,-0.00613592,0.00153398,-0.00306796,2.04633,2.04633,
48757.3,0.0429515,0.0444854,-0.605727,-0.605922,2.10192,2.09885,-0.178308,-0.178308,0,-0.00613592,0.00153398,-0.00306796,2.04633,2.04633,
48777.4,0.0429515,0.0444854,-0.605727,-0.605922,2.10192,2.09885,-0.178308,-0.178308,0,-0.00613592,0.00153398,-0.00306796,2.04633,2.04633,
48797.4,0.0429515,0.0444854,-0.605727,-0.605922,2.10192,2.09885,-0.178308,-0.178308,0,-0.00613592,0.00153398,-0.00306796,2.04633,2.04633,
48817.3,0.0429515,0.0444854,-0.605727,-0.605922,2.10192,2.09885,-0.178308,-0.178308,0,-0.00613592,0.00153398,-0.00306796,2.04633,2.04633,
48837.4,0.0429515,0.0444854,-0.605727,-0.605922,2.10192,2.09885,-0.178308,-0.178308,0,-0.00613592,0.00153398,-0.00306796,2.04633,2.04633,
48857.3,0.0429515,0.0444854,-0.605727,-0.605922,2.10192,2.09885,-0.178308,-0.178308,0,-0.00613592,0.00153398,-0.00306796,2.04633,2.04633,
48877.4,0.0429515,0.0444854,-0.605727,-0.605922,2.10192,2.09885,-0.178308,-0.178308,0,-0.00613592,0.00153398,-0.00306796,2.04633,2.04633,
48897.4,0.0429515,0.0444854,-0.605727,-0.605922,2.10192,2.09732,-0.178308,-0.176774,0,-0.00613592,0.00153398,-0.00306796,2.04633,2.04633,
48917.3,0.0429515,0.0444854,-0.605727,-0.605922,2.10192,2.09732,-0.178308,-0.176774,0,-0.00613592,0.00153398,-0.00306796,2.04633,2.04633,
48937.4,0.0429515,0.0444854,-0.605727,-0.605922,2.10192,2.09732,-0.178308,-0.176774,0,-0.00613592,0.00153398,-0.00306796,2.04633,2.04633,
48957.3,0.0429515,0.0444854,-0.605727,-0.605922,2.10192,2.09732,-0.178308,-0.176774,0,-0.00613592,0.00153398,-0.00306796,2.04633,2.04633,
48977.3,0.0429515,0.0444854,-0.605727,-0.605922,2.10192,2.09732,-0.178308,-0.176774,0,-0.00613592,0.00153398,-0.00306796,2.04633,2.04633,
48997.3,0.0429515,0.0429515,-0.605727,-0.605922,2.10192,2.09732,-0.178308,-0.178308,0,-0.00613592,0.00153398,-0.00306796,2.04633,2.04633,
49017.4,0.0429515,0.0429515,-0.605727,-0.605922,2.10192,2.09732,-0.178308,-0.178308,0,-0.00613592,0.00153398,-0.00306796,2.04633,2.04633,
49037.3,0.0429515,0.0429515,-0.605727,-0.605922,2.10192,2.09732,-0.178308,-0.178308,0,-0.00613592,0.00153398,-0.00306796,2.04633,2.04633,
49057.3,0.0429515,0.0429515,-0.605727,-0.605922,2.10192,2.09732,-0.178308,-0.178308,0,-0.00613592,0.00153398,-0.00306796,2.04633,2.04633,
49077.3,0.0429515,0.0429515,-0.605727,-0.605922,2.10192,2.09732,-0.178308,-0.178308,0,-0.00613592,0.00153398,-0.00306796,2.04633,2.04633,
49097.3,0.0429515,0.0429515,-0.605727,-0.605922,2.10192,2.09732,-0.178308,-0.178308,0,-0.00613592,0.00153398,-0.00306796,2.04633,2.04633,
49117.2,0.0429515,0.0444854,-0.605727,-0.605922,2.10192,2.09732,-0.178308,-0.178308,0,-0.00613592,0.00153398,-0.00306796,2.04633,2.04633,
49137.3,0.0429515,0.0444854,-0.605727,-0.605922,2.10192,2.09732,-0.178308,-0.178308,0,-0.00613592,0.00153398,-0.00306796,2.04633,2.04633,
49157.2,0.0429515,0.0444854,-0.605727,-0.605922,2.10192,2.09732,-0.178308,-0.178308,0,-0.00613592,0.00153398,-0.00306796,2.04633,2.04633,
49177.2,0.0429515,0.0444854,-0.605727,-0.605922,2.10192,2.09732,-0.178308,-0.178308,0,-0.00613592,0.00153398,-0.00306796,2.04633,2.04633,
49197.3,0.0429515,0.0444854,-0.605727,-0.605922,2.10192,2.09732,-0.178308,-0.178308,0,-0.00613592,0.00153398,-0.00306796,2.04633,2.04633,
49217.2,0.0429515,0.0444854,-0.605727,-0.605922,2.10192,2.09732,-0.178308,-0.176774,0,-0.00613592,0.00153398,-0.00306796,2.04633,2.04633,
49237.3,0.0429515,0.0444854,-0.605727,-0.605922,2.10192,2.09732,-0.178308,-0.176774,0,-0.00613592,0.00153398,-0.00306796,2.04633,2.04633,
49257.3,0.0429515,0.0444854,-0.605727,-0.605922,2.10192,2.09732,-0.178308,-0.176774,0,-0.00613592,0.00153398,-0.00306796,2.04633,2.04633,
49277.3,0.0429515,0.0444854,-0.605727,-0.605922,2.10192,2.09732,-0.178308,-0.176774,0,-0.00613592,0.00153398,-0.00306796,2.04633,2.04633,
49297.3,0.0429515,0.0444854,-0.605727,-0.605922,2.10192,2.09732,-0.178308,-0.176774,0,-0.00613592,0.00153398,-0.00306796,2.04633,2.04633,
49317.2,0.0429515,0.0444854,-0.605727,-0.605922,2.10192,2.09732,-0.178308,-0.176774,0,-0.00613592,0.00153398,-0.00306796,2.04633,2.04633,
49337.3,0.0429515,0.0444854,-0.605727,-0.605922,2.10192,2.09732,-0.178308,-0.176774,0,-0.00613592,0.00153398,-0.00306796,2.04633,2.04633,
49357.2,0.0429515,0.0444854,-0.605727,-0.605922,2.10192,2.09732,-0.178308,-0.176774,0,-0.00613592,0.00153398,-0.00306796,2.04633,2.04633,
49377.3,0.0429515,0.0444854,-0.605727,-0.605922,2.10192,2.09732,-0.178308,-0.176774,0,-0.00613592,0.00153398,-0.00306796,2.04633,2.04633,
49397.2,0.0429515,0.0444854,-0.605727,-0.605922,2.10192,2.09885,-0.178308,-0.178308,0,-0.00613592,0.00153398,-0.00306796,2.04633,2.04633,
49417.3,0.0429515,0.0444854,-0.605727,-0.605922,2.10192,2.09885,-0.178308,-0.178308,0,-0.00613592,0.00153398,-0.00306796,2.04633,2.04633,
49437.2,0.0429515,0.0444854,-0.605727,-0.605922,2.10192,2.09885,-0.178308,-0.178308,0,-0.00613592,0.00153398,-0.00306796,2.04633,2.04633,
49457.3,0.0429515,0.0444854,-0.605727,-0.605922,2.10192,2.09885,-0.178308,-0.178308,0,-0.00613592,0.00153398,-0.00306796,2.04633,2.04633,
49477.3,0.0429515,0.0444854,-0.605727,-0.605922,2.10192,2.09885,-0.178308,-0.178308,0,-0.00613592,0.00153398,-0.00306796,2.04633,2.04633,
49497.3,0.0429515,0.0444854,-0.605727,-0.605922,2.10192,2.09885,-0.178308,-0.178308,0,-0.00613592,0.00153398,-0.00306796,2.04633,2.04633,
49517.2,0.0429515,0.0444854,-0.605727,-0.605922,2.10192,2.09885,-0.178308,-0.176774,0,-0.00613592,0.00153398,-0.00306796,2.04633,2.04633,
49537.3,0.0429515,0.0444854,-0.605727,-0.605922,2.10192,2.09885,-0.178308,-0.176774,0,-0.00613592,0.00153398,-0.00306796,2.04633,2.04633,
49557.3,0.0429515,0.0444854,-0.605727,-0.605922,2.10192,2.09885,-0.178308,-0.176774,0,-0.00613592,0.00153398,-0.00306796,2.04633,2.04633,
49577.3,0.0429515,0.0444854,-0.605727,-0.605922,2.10192,2.09885,-0.178308,-0.176774,0,-0.00613592,0.00153398,-0.00306796,2.04633,2.04633,
49597.3,0.0429515,0.0444854,-0.605727,-0.605922,2.10192,2.09885,-0.178308,-0.176774,0,-0.00613592,0.00153398,-0.00306796,2.04633,2.04633,
49617.3,0.0429515,0.0429515,-0.605727,-0.605922,2.10192,2.09732,-0.178308,-0.176774,0,-0.00613592,0.00153398,-0.00306796,2.04633,2.04633,
49637.3,0.0429515,0.0429515,-0.605727,-0.605922,2.10192,2.09732,-0.178308,-0.176774,0,-0.00613592,0.00153398,-0.00306796,2.04633,2.04633,
49657.3,0.0429515,0.0429515,-0.605727,-0.605922,2.10192,2.09732,-0.178308,-0.176774,0,-0.00613592,0.00153398,-0.00306796,2.04633,2.04633,
49677.3,0.0429515,0.0429515,-0.605727,-0.605922,2.10192,2.09732,-0.178308,-0.176774,0,-0.00613592,0.00153398,-0.00306796,2.04633,2.04633,
49697.3,0.0429515,0.0429515,-0.605727,-0.605922,2.10192,2.09732,-0.178308,-0.176774,0,-0.00613592,0.00153398,-0.00306796,2.04633,2.04633,
49717.3,0.0429515,0.0444854,-0.605727,-0.605922,2.10192,2.09732,-0.178308,-0.176774,0,-0.00613592,0.00153398,-0.00306796,2.04633,2.04633,
49737.3,0.0429515,0.0444854,-0.605727,-0.605922,2.10192,2.09732,-0.178308,-0.176774,0,-0.00613592,0.00153398,-0.00306796,2.04633,2.04633,
49757.3,0.0429515,0.0444854,-0.605727,-0.605922,2.10192,2.09732,-0.178308,-0.176774,0,-0.00613592,0.00153398,-0.00306796,2.04633,2.04633,
49777.3,0.0429515,0.0444854,-0.605727,-0.605922,2.10192,2.09732,-0.178308,-0.176774,0,-0.00613592,0.00153398,-0.00306796,2.04633,2.04633,
49797.3,0.0429515,0.0429515,-0.605727,-0.605922,2.10192,2.09885,-0.178308,-0.178308,0,-0.00460194,0.00153398,-0.00306796,2.04633,2.04633,
49817.2,0.0429515,0.0429515,-0.605727,-0.605922,2.10192,2.09885,-0.178308,-0.178308,0,-0.00460194,0.00153398,-0.00306796,2.04633,2.04633,
49837.2,0.0429515,0.0429515,-0.605727,-0.605922,2.10192,2.09885,-0.178308,-0.178308,0,-0.00460194,0.00153398,-0.00306796,2.04633,2.04633,
49857.3,0.0429515,0.0429515,-0.605727,-0.605922,2.10192,2.09885,-0.178308,-0.178308,0,-0.00460194,0.00153398,-0.00306796,2.04633,2.04633,
49877.2,0.0429515,0.0429515,-0.605727,-0.605922,2.10192,2.09885,-0.178308,-0.178308,0,-0.00460194,0.00153398,-0.00306796,2.04633,2.04633,
49897.3,0.0429515,0.0429515,-0.605727,-0.605922,2.10192,2.09885,-0.178308,-0.178308,0,-0.00460194,0.00153398,-0.00306796,2.04633,2.04633,
49917.2,0.0429515,0.0444854,-0.605727,-0.605922,2.10192,2.09885,-0.178308,-0.178308,0,-0.00460194,0.00153398,-0.00460194,2.04633,2.04633,
49937.2,0.0429515,0.0444854,-0.605727,-0.605922,2.10192,2.09885,-0.178308,-0.178308,0,-0.00460194,0.00153398,-0.00460194,2.04633,2.04633,
49957.3,0.0429515,0.0444854,-0.605727,-0.605922,2.10192,2.09885,-0.178308,-0.178308,0,-0.00460194,0.00153398,-0.00460194,2.04633,2.04633,
49977.3,0.0429515,0.0444854,-0.605727,-0.605922,2.10192,2.09885,-0.178308,-0.178308,0,-0.00460194,0.00153398,-0.00460194,2.04633,2.04633,
49997.2,0.0429515,0.0444854,-0.605727,-0.605922,2.10192,2.09885,-0.178308,-0.178308,0,-0.00460194,0.00153398,-0.00460194,2.04633,2.04633,
50017.2,0.0429515,0.0429515,-0.605727,-0.605922,2.10192,2.09885,-0.178308,-0.176774,0,-0.00460194,0.00153398,-0.00306796,2.04633,2.04633,
50037.2,0.0429515,0.0429515,-0.605727,-0.605922,2.10192,2.09885,-0.178308,-0.176774,0,-0.00460194,0.00153398,-0.00306796,2.04633,2.04633,
50057.3,0.0429515,0.0429515,-0.605727,-0.605922,2.10192,2.09885,-0.178308,-0.176774,0,-0.00460194,0.00153398,-0.00306796,2.04633,2.04633,
50077.3,0.0429515,0.0429515,-0.605727,-0.605922,2.10192,2.09885,-0.178308,-0.176774,0,-0.00460194,0.00153398,-0.00306796,2.04633,2.04633,
50097.2,0.0429515,0.0429515,-0.605727,-0.605922,2.10192,2.09885,-0.178308,-0.176774,0,-0.00460194,0.00153398,-0.00460194,2.04633,2.04633,
50117.2,0.0429515,0.0429515,-0.605727,-0.605922,2.10192,2.09885,-0.178308,-0.176774,0,-0.00460194,0.00153398,-0.00460194,2.04633,2.04633,
50137.3,0.0429515,0.0429515,-0.605727,-0.605922,2.10192,2.09885,-0.178308,-0.176774,0,-0.00460194,0.00153398,-0.00460194,2.04633,2.04633,
50157.2,0.0429515,0.0429515,-0.605727,-0.605922,2.10192,2.09885,-0.178308,-0.176774,0,-0.00460194,0.00153398,-0.00460194,2.04633,2.04633,
50177.3,0.0429515,0.0429515,-0.605727,-0.605922,2.10192,2.09885,-0.178308,-0.176774,0,-0.00460194,0.00153398,-0.00460194,2.04633,2.04633,
50197.2,0.0429515,0.0429515,-0.605727,-0.605922,2.10192,2.09885,-0.178308,-0.176774,0,-0.00460194,0.00153398,-0.00460194,2.04633,2.04633,
50217.3,0.0429515,0.0429515,-0.605727,-0.605922,2.10192,2.09885,-0.178308,-0.176774,0,-0.00460194,0.00153398,-0.00460194,2.04633,2.04633,
50237.3,0.0429515,0.0429515,-0.605727,-0.605922,2.10192,2.09885,-0.178308,-0.176774,0,-0.00460194,0.00153398,-0.00460194,2.04633,2.04633,
50257.3,0.0429515,0.0429515,-0.605727,-0.605922,2.10192,2.09885,-0.178308,-0.176774,0,-0.00460194,0.00153398,-0.00460194,2.04633,2.04633,
50277.4,0.0429515,0.0429515,-0.605727,-0.605922,2.10192,2.09885,-0.178308,-0.176774,0,-0.00460194,0.00153398,-0.00460194,2.04633,2.04633,
50297.3,0.0429515,0.0429515,-0.605727,-0.605922,2.10192,2.09885,-0.178308,-0.176774,0,-0.00460194,0.00153398,-0.00460194,2.04633,2.04633,
50317.2,0.0429515,0.0429515,-0.605727,-0.605922,2.10192,2.09885,-0.178308,-0.176774,0,-0.00460194,0.00153398,-0.00306796,2.04633,2.04633,
50337.3,0.0429515,0.0429515,-0.605727,-0.605922,2.10192,2.09885,-0.178308,-0.176774,0,-0.00460194,0.00153398,-0.00306796,2.04633,2.04633,
50357.3,0.0429515,0.0429515,-0.605727,-0.605922,2.10192,2.09885,-0.178308,-0.176774,0,-0.00460194,0.00153398,-0.00306796,2.04633,2.04633,
50377.3,0.0429515,0.0429515,-0.605727,-0.605922,2.10192,2.09885,-0.178308,-0.176774,0,-0.00460194,0.00153398,-0.00306796,2.04633,2.04633,
50397.3,0.0429515,0.0429515,-0.605727,-0.605922,2.10192,2.09885,-0.178308,-0.176774,0,-0.00460194,0.00153398,-0.00306796,2.04633,2.04633,
50417.3,0.0429515,0.0429515,-0.605727,-0.605922,2.10192,2.10192,-0.178308,-0.176774,0,-0.00460194,0.00153398,-0.00306796,2.04633,2.04633,
50437.3,0.0429515,0.0429515,-0.605727,-0.605922,2.10192,2.10192,-0.178308,-0.176774,0,-0.00460194,0.00153398,-0.00306796,2.04633,2.04633,
50457.3,0.0429515,0.0429515,-0.605727,-0.605922,2.10192,2.10192,-0.178308,-0.176774,0,-0.00460194,0.00153398,-0.00306796,2.04633,2.04633,
50477.3,0.0429515,0.0429515,-0.605727,-0.605922,2.10192,2.10192,-0.178308,-0.176774,0,-0.00460194,0.00153398,-0.00306796,2.04633,2.04633,
50497.3,0.0429515,0.0429515,-0.605727,-0.605922,2.10192,2.09885,-0.178308,-0.176774,0,-0.00460194,0.00153398,-0.00460194,2.04633,2.04633,
50517.4,0.0429515,0.0429515,-0.605727,-0.605922,2.10192,2.09885,-0.178308,-0.176774,0,-0.00460194,0.00153398,-0.00460194,2.04633,2.04633,
50537.3,0.0429515,0.0429515,-0.605727,-0.605922,2.10192,2.09885,-0.178308,-0.176774,0,-0.00460194,0.00153398,-0.00460194,2.04633,2.04633,
50557.3,0.0429515,0.0429515,-0.605727,-0.605922,2.10192,2.09885,-0.178308,-0.176774,0,-0.00460194,0.00153398,-0.00460194,2.04633,2.04633,
50577.3,0.0429515,0.0429515,-0.605727,-0.605922,2.10192,2.09885,-0.178308,-0.176774,0,-0.00460194,0.00153398,-0.00460194,2.04633,2.04633,
50597.3,0.0429515,0.0444854,-0.605727,-0.605922,2.10192,2.10192,-0.178308,-0.178308,0,-0.00460194,0.00153398,-0.00460194,2.04633,2.04633,
50617.3,0.0429515,0.0444854,-0.605727,-0.605922,2.10192,2.10192,-0.178308,-0.178308,0,-0.00460194,0.00153398,-0.00460194,2.04633,2.04633,
50637.3,0.0429515,0.0444854,-0.605727,-0.605922,2.10192,2.10192,-0.178308,-0.178308,0,-0.00460194,0.00153398,-0.00460194,2.04633,2.04633,
50657.2,0.0429515,0.0444854,-0.605727,-0.605922,2.10192,2.10192,-0.178308,-0.178308,0,-0.00460194,0.00153398,-0.00460194,2.04633,2.04633,
50677.3,0.0429515,0.0444854,-0.605727,-0.605922,2.10192,2.10192,-0.178308,-0.178308,0,-0.00460194,0.00153398,-0.00460194,2.04633,2.04633,
50697.3,0.0429515,0.0444854,-0.605727,-0.605922,2.10192,2.10192,-0.178308,-0.178308,0,-0.00460194,0.00153398,-0.00460194,2.04633,2.04633,
50717.4,0.0429515,0.0429515,-0.605727,-0.605922,2.10192,2.10192,-0.178308,-0.178308,0,-0.00460194,0.00153398,-0.00460194,2.04633,2.04633,
50737.3,0.0429515,0.0429515,-0.605727,-0.605922,2.10192,2.10192,-0.178308,-0.178308,0,-0.00460194,0.00153398,-0.00460194,2.04633,2.04633,
50757.3,0.0429515,0.0429515,-0.605727,-0.605922,2.10192,2.10192,-0.178308,-0.178308,0,-0.00460194,0.00153398,-0.00460194,2.04633,2.04633,
50777.3,0.0429515,0.0429515,-0.605727,-0.605922,2.10192,2.10192,-0.178308,-0.178308,0,-0.00460194,0.00153398,-0.00460194,2.04633,2.04633,
50797.3,0.0429515,0.0429515,-0.605727,-0.605922,2.10192,2.10192,-0.178308,-0.178308,0,-0.00460194,0.00153398,-0.00460194,2.04633,2.04633,
50817.3,0.0429515,0.0429515,-0.605727,-0.605922,2.10192,2.10192,-0.178308,-0.178308,0,-0.00460194,0.00153398,-0.00460194,2.04633,2.04633,
50837.2,0.0429515,0.0429515,-0.605727,-0.605922,2.10192,2.10192,-0.178308,-0.178308,0,-0.00460194,0.00153398,-0.00460194,2.04633,2.04633,
50857.3,0.0429515,0.0429515,-0.605727,-0.605922,2.10192,2.10192,-0.178308,-0.178308,0,-0.00460194,0.00153398,-0.00460194,2.04633,2.04633,
50877.2,0.0429515,0.0429515,-0.605727,-0.605922,2.10192,2.10192,-0.178308,-0.178308,0,-0.00460194,0.00153398,-0.00460194,2.04633,2.04633,
50897.2,0.0429515,0.0429515,-0.605727,-0.605922,2.10192,2.10192,-0.178308,-0.176774,0,-0.00460194,0.00153398,-0.00460194,2.04633,2.04633,
50917.2,0.0429515,0.0429515,-0.605727,-0.605922,2.10192,2.10192,-0.178308,-0.176774,0,-0.00460194,0.00153398,-0.00460194,2.04633,2.04633,
50937.3,0.0429515,0.0429515,-0.605727,-0.605922,2.10192,2.10192,-0.178308,-0.176774,0,-0.00460194,0.00153398,-0.00460194,2.04633,2.04633,
50957.2,0.0429515,0.0429515,-0.605727,-0.605922,2.10192,2.10192,-0.178308,-0.176774,0,-0.00460194,0.00153398,-0.00460194,2.04633,2.04633,
50977.2,0.0429515,0.0429515,-0.605727,-0.605922,2.10192,2.10192,-0.178308,-0.176774,0,-0.00460194,0.00153398,-0.00460194,2.04633,2.04633,
50997.3,0.0429515,0.0429515,-0.605727,-0.605922,2.10192,2.10192,-0.178308,-0.178308,0,-0.00460194,0.00153398,-0.00460194,2.04633,2.04633,
51017.3,0.0429515,0.0429515,-0.605727,-0.605922,2.10192,2.10192,-0.178308,-0.178308,0,-0.00460194,0.00153398,-0.00460194,2.04633,2.04633,
51037.3,0.0429515,0.0429515,-0.605727,-0.605922,2.10192,2.10192,-0.178308,-0.178308,0,-0.00460194,0.00153398,-0.00460194,2.04633,2.04633,
51057.3,0.0429515,0.0429515,-0.605727,-0.605922,2.10192,2.10192,-0.178308,-0.178308,0,-0.00460194,0.00153398,-0.00460194,2.04633,2.04633,
51077.3,0.0429515,0.0429515,-0.605727,-0.605922,2.10192,2.10192,-0.178308,-0.178308,0,-0.00460194,0.00153398,-0.00460194,2.04633,2.04633,
51097.3,0.0429515,0.0429515,-0.605727,-0.605922,2.10192,2.10192,-0.178308,-0.178308,0,-0.00460194,0.00153398,-0.00460194,2.04633,2.04633,
51117.2,0.0429515,0.0429515,-0.605727,-0.605922,2.10192,2.10192,-0.178308,-0.178308,0,-0.00460194,0.00153398,-0.00460194,2.04633,2.04633,
51137.3,0.0429515,0.0429515,-0.605727,-0.605922,2.10192,2.10192,-0.178308,-0.178308,0,-0.00460194,0.00153398,-0.00460194,2.04633,2.04633,
51157.3,0.0429515,0.0429515,-0.605727,-0.605922,2.10192,2.10192,-0.178308,-0.178308,0,-0.00460194,0.00153398,-0.00460194,2.04633,2.04633,
51177.4,0.0429515,0.0429515,-0.605727,-0.605922,2.10192,2.10192,-0.178308,-0.178308,0,-0.00460194,0.00153398,-0.00460194,2.04633,2.04633,
51197.3,0.0429515,0.0429515,-0.605727,-0.605922,2.10192,2.10192,-0.178308,-0.176774,0,-0.00306796,0.00153398,-0.00460194,2.04633,2.04633,
51217.3,0.0429515,0.0429515,-0.605727,-0.605922,2.10192,2.10192,-0.178308,-0.176774,0,-0.00306796,0.00153398,-0.00460194,2.04633,2.04633,
51237.3,0.0429515,0.0429515,-0.605727,-0.605922,2.10192,2.10192,-0.178308,-0.176774,0,-0.00306796,0.00153398,-0.00460194,2.04633,2.04633,
51257.3,0.0429515,0.0429515,-0.605727,-0.605922,2.10192,2.10192,-0.178308,-0.176774,0,-0.00306796,0.00153398,-0.00460194,2.04633,2.04633,
51277.3,0.0429515,0.0429515,-0.605727,-0.605922,2.10192,2.10192,-0.178308,-0.176774,0,-0.00306796,0.00153398,-0.00460194,2.04633,2.04633,
51297.3,0.0429515,0.0429515,-0.605727,-0.605922,2.10192,2.10192,-0.178308,-0.176774,0,-0.00306796,0.00153398,-0.00460194,2.04633,2.04633,
51317.3,0.0429515,0.0429515,-0.605727,-0.605922,2.10192,2.10192,-0.178308,-0.176774,0,-0.00153398,0.00153398,-0.00306796,2.04633,2.0448,
51337.2,0.0429515,0.0429515,-0.605727,-0.605922,2.10192,2.10192,-0.178308,-0.176774,0,-0.00153398,0.00153398,-0.00306796,2.04633,2.0448,
51357.2,0.0429515,0.0429515,-0.605727,-0.605922,2.10192,2.10192,-0.178308,-0.176774,0,-0.00153398,0.00153398,-0.00306796,2.04633,2.0448,
51377.3,0.0429515,0.0429515,-0.605727,-0.605922,2.10192,2.10192,-0.178308,-0.176774,0,-0.00153398,0.00153398,-0.00306796,2.04633,2.0448,
51397.2,0.0429515,0.0398835,-0.605727,-0.605922,2.10192,2.10345,-0.178308,-0.176774,0,0.00306796,0.00153398,-0.00306796,2.04633,2.04633,
51417.3,0.0429515,0.0398835,-0.605727,-0.605922,2.10192,2.10345,-0.178308,-0.176774,0,0.00306796,0.00153398,-0.00306796,2.04633,2.04633,
51437.3,0.0429515,0.0398835,-0.605727,-0.605922,2.10192,2.10345,-0.178308,-0.176774,0,0.00306796,0.00153398,-0.00306796,2.04633,2.04633,
51457.3,0.0429515,0.0398835,-0.605727,-0.605922,2.10192,2.10345,-0.178308,-0.176774,0,0.00306796,0.00153398,-0.00306796,2.04633,2.04633,
51477.2,0.0429515,0.0398835,-0.605727,-0.605922,2.10192,2.10345,-0.178308,-0.176774,0,0.00306796,0.00153398,-0.00306796,2.04633,2.04633,
51497.3,0.0429515,0.0398835,-0.605727,-0.605922,2.10192,2.10345,-0.178308,-0.176774,0,0.00306796,0.00153398,-0.00306796,2.04633,2.04633,
51517.2,0.0429515,0.0429515,-0.605727,-0.605922,2.10192,2.10345,-0.178308,-0.17524,0,0.00306796,0.00153398,-0.00460194,2.04633,2.04633,
51537.3,0.0429515,0.0429515,-0.605727,-0.605922,2.10192,2.10345,-0.178308,-0.17524,0,0.00306796,0.00153398,-0.00460194,2.04633,2.04633,
51557.3,0.0429515,0.0429515,-0.605727,-0.605922,2.10192,2.10345,-0.178308,-0.17524,0,0.00306796,0.00153398,-0.00460194,2.04633,2.04633,
51577.3,0.0429515,0.0429515,-0.605727,-0.605922,2.10192,2.10345,-0.178308,-0.17524,0,0.00306796,0.00153398,-0.00460194,2.04633,2.04633,
51597.3,0.0429515,0.0429515,-0.605727,-0.605922,2.10192,2.10345,-0.178308,-0.17524,0,0.00306796,0.00153398,-0.00460194,2.04633,2.04633,
51617.3,0.0429515,0.0414175,-0.605727,-0.605922,2.10192,2.10192,-0.178308,-0.17524,0,0.00306796,0.00153398,-0.00306796,2.04633,2.04633,
51637.3,0.0429515,0.0414175,-0.605727,-0.605922,2.10192,2.10192,-0.178308,-0.17524,0,0.00306796,0.00153398,-0.00306796,2.04633,2.04633,
51657.3,0.0429515,0.0414175,-0.605727,-0.605922,2.10192,2.10192,-0.178308,-0.17524,0,0.00306796,0.00153398,-0.00306796,2.04633,2.04633,
51677.2,0.0429515,0.0414175,-0.605727,-0.605922,2.10192,2.10192,-0.178308,-0.17524,0,0.00306796,0.00153398,-0.00306796,2.04633,2.04633,
51697.2,0.0429515,0.0414175,-0.605727,-0.604388,2.10192,2.10192,-0.178308,-0.176774,0,0.00613592,0.00153398,-0.00460194,2.04633,2.04633,
51717.2,0.0429515,0.0414175,-0.605727,-0.604388,2.10192,2.10192,-0.178308,-0.176774,0,0.00613592,0.00153398,-0.00460194,2.04633,2.04633,
51737.2,0.0429515,0.0414175,-0.605727,-0.604388,2.10192,2.10192,-0.178308,-0.176774,0,0.00613592,0.00153398,-0.00460194,2.04633,2.04633,
51757.2,0.0429515,0.0414175,-0.605727,-0.604388,2.10192,2.10192,-0.178308,-0.176774,0,0.00613592,0.00153398,-0.00460194,2.04633,2.04633,
51777.3,0.0429515,0.0414175,-0.605727,-0.604388,2.10192,2.10192,-0.178308,-0.176774,0,0.00613592,0.00153398,-0.00460194,2.04633,2.04633,
51797.3,0.0429515,0.0414175,-0.605727,-0.605922,2.10192,2.10192,-0.178308,-0.17524,0,0.00613592,0.00153398,-0.00460194,2.04633,2.04633,
51817.2,0.0429515,0.0414175,-0.605727,-0.605922,2.10192,2.10192,-0.178308,-0.17524,0,0.00613592,0.00153398,-0.00460194,2.04633,2.04633,
51837.3,0.0429515,0.0414175,-0.605727,-0.605922,2.10192,2.10192,-0.178308,-0.17524,0,0.00613592,0.00153398,-0.00460194,2.04633,2.04633,
51857.3,0.0429515,0.0414175,-0.605727,-0.605922,2.10192,2.10192,-0.178308,-0.17524,0,0.00613592,0.00153398,-0.00460194,2.04633,2.04633,
51877.3,0.0429515,0.0414175,-0.605727,-0.605922,2.10192,2.10192,-0.178308,-0.17524,0,0.00613592,0.00153398,-0.00460194,2.04633,2.04633,
51897.3,0.0429515,0.0414175,-0.605727,-0.605922,2.10192,2.10192,-0.178308,-0.17524,0,0.00613592,0.00153398,-0.00460194,2.04633,2.04633,
51917.3,0.0429515,0.0414175,-0.605727,-0.605922,2.10192,2.10192,-0.178308,-0.17524,0,0.0076699,0.00153398,-0.00460194,2.04633,2.0448,
51937.3,0.0429515,0.0414175,-0.605727,-0.605922,2.10192,2.10192,-0.178308,-0.17524,0,0.0076699,0.00153398,-0.00460194,2.04633,2.0448,
51957.3,0.0429515,0.0414175,-0.605727,-0.605922,2.10192,2.10192,-0.178308,-0.17524,0,0.0076699,0.00153398,-0.00460194,2.04633,2.0448,
51977.3,0.0429515,0.0414175,-0.605727,-0.605922,2.10192,2.10192,-0.178308,-0.17524,0,0.0076699,0.00153398,-0.00460194,2.04633,2.0448,
51997.3,0.0429515,0.0414175,-0.605727,-0.605922,2.10192,2.10345,-0.178308,-0.17524,0,0.0076699,0.00153398,-0.00460194,2.04633,2.0448,
52017.4,0.0429515,0.0414175,-0.605727,-0.605922,2.10192,2.10345,-0.178308,-0.17524,0,0.0076699,0.00153398,-0.00460194,2.04633,2.0448,
52037.3,0.0429515,0.0414175,-0.605727,-0.605922,2.10192,2.10345,-0.178308,-0.17524,0,0.0076699,0.00153398,-0.00460194,2.04633,2.0448,
52057.3,0.0429515,0.0414175,-0.605727,-0.605922,2.10192,2.10345,-0.178308,-0.17524,0,0.0076699,0.00153398,-0.00460194,2.04633,2.0448,
52077.3,0.0429515,0.0414175,-0.605727,-0.605922,2.10192,2.10345,-0.178308,-0.17524,0,0.0076699,0.00153398,-0.00460194,2.04633,2.0448,
52097.3,0.0429515,0.0429515,-0.605727,-0.605922,2.10192,2.10192,-0.178308,-0.17524,0,0.0076699,0.00153398,-0.00460194,2.04633,2.04633,
52117.2,0.0429515,0.0429515,-0.605727,-0.605922,2.10192,2.10192,-0.178308,-0.17524,0,0.0076699,0.00153398,-0.00460194,2.04633,2.04633,
52137.3,0.0429515,0.0429515,-0.605727,-0.605922,2.10192,2.10192,-0.178308,-0.17524,0,0.0076699,0.00153398,-0.00460194,2.04633,2.04633,
52157.4,0.0429515,0.0429515,-0.605727,-0.605922,2.10192,2.10192,-0.178308,-0.17524,0,0.0076699,0.00153398,-0.00460194,2.04633,2.04633,
52177.3,0.0429515,0.0429515,-0.605727,-0.605922,2.10192,2.10192,-0.178308,-0.17524,0,0.0076699,0.00153398,-0.00460194,2.04633,2.04633,
52197.3,0.0429515,0.0429515,-0.605727,-0.605922,2.10192,2.10192,-0.178308,-0.17524,0,0.0076699,0.00153398,-0.00460194,2.04633,2.04633,
52217.3,0.0429515,0.0429515,-0.605727,-0.605922,2.10192,2.10192,-0.178308,-0.17524,0,0.0076699,0.00153398,-0.00460194,2.04633,2.04633,
52237.3,0.0429515,0.0429515,-0.605727,-0.605922,2.10192,2.10192,-0.178308,-0.17524,0,0.0076699,0.00153398,-0.00460194,2.04633,2.04633,
52257.3,0.0429515,0.0429515,-0.605727,-0.605922,2.10192,2.10192,-0.178308,-0.17524,0,0.0076699,0.00153398,-0.00460194,2.04633,2.04633,
52277.4,0.0429515,0.0429515,-0.605727,-0.605922,2.10192,2.10192,-0.178308,-0.17524,0,0.0076699,0.00153398,-0.00460194,2.04633,2.04633,
52297.4,0.0429515,0.0429515,-0.605727,-0.605922,2.10192,2.10192,-0.178308,-0.17524,0,0.0076699,0.00153398,-0.00460194,2.04633,2.04633,
52317.3,0.0429515,0.0414175,-0.605727,-0.605922,2.10192,2.10192,-0.178308,-0.176774,0,0.0076699,0.00153398,-0.00460194,2.04633,2.04633,
52337.3,0.0429515,0.0414175,-0.605727,-0.605922,2.10192,2.10192,-0.178308,-0.176774,0,0.0076699,0.00153398,-0.00460194,2.04633,2.04633,
52357.3,0.0429515,0.0414175,-0.605727,-0.605922,2.10192,2.10192,-0.178308,-0.176774,0,0.0076699,0.00153398,-0.00460194,2.04633,2.04633,
52377.3,0.0429515,0.0414175,-0.605727,-0.605922,2.10192,2.10192,-0.178308,-0.176774,0,0.0076699,0.00153398,-0.00460194,2.04633,2.04633,
52397.3,0.0429515,0.0414175,-0.605727,-0.605922,2.10192,2.10192,-0.178308,-0.17524,0,0.0076699,0.00153398,-0.00460194,2.04633,2.04633,
52417.3,0.0429515,0.0414175,-0.605727,-0.605922,2.10192,2.10192,-0.178308,-0.17524,0,0.0076699,0.00153398,-0.00460194,2.04633,2.04633,
52437.3,0.0429515,0.0414175,-0.605727,-0.605922,2.10192,2.10192,-0.178308,-0.17524,0,0.0076699,0.00153398,-0.00460194,2.04633,2.04633,
52457.3,0.0429515,0.0414175,-0.605727,-0.605922,2.10192,2.10192,-0.178308,-0.17524,0,0.0076699,0.00153398,-0.00460194,2.04633,2.04633,
52477.3,0.0429515,0.0414175,-0.605727,-0.605922,2.10192,2.10192,-0.178308,-0.17524,0,0.0076699,0.00153398,-0.00460194,2.04633,2.04633,
52497.3,0.0429515,0.0414175,-0.605727,-0.605922,2.10192,2.10192,-0.178308,-0.17524,0,0.00613592,0.00153398,-0.00460194,2.04633,2.04633,
52517.3,0.0429515,0.0414175,-0.605727,-0.605922,2.10192,2.10192,-0.178308,-0.17524,0,0.00613592,0.00153398,-0.00460194,2.04633,2.04633,
52537.4,0.0429515,0.0414175,-0.605727,-0.605922,2.10192,2.10192,-0.178308,-0.17524,0,0.00613592,0.00153398,-0.00460194,2.04633,2.04633,
52557.3,0.0429515,0.0414175,-0.605727,-0.605922,2.10192,2.10192,-0.178308,-0.17524,0,0.00613592,0.00153398,-0.00460194,2.04633,2.04633,
52577.4,0.0429515,0.0414175,-0.605727,-0.605922,2.10192,2.10192,-0.178308,-0.17524,0,0.00613592,0.00153398,-0.00460194,2.04633,2.04633,
52597.3,0.0429515,0.0414175,-0.605727,-0.605922,2.10192,2.10192,-0.178308,-0.17524,0,0.00613592,0.00153398,-0.00460194,2.04633,2.04633,
52617.2,0.0429515,0.0414175,-0.605727,-0.605922,2.10192,2.10192,-0.178308,-0.17524,0,0.00613592,0.00153398,-0.00460194,2.04633,2.04633,
52637.3,0.0429515,0.0414175,-0.605727,-0.605922,2.10192,2.10192,-0.178308,-0.17524,0,0.00613592,0.00153398,-0.00460194,2.04633,2.04633,
52657.3,0.0429515,0.0414175,-0.605727,-0.605922,2.10192,2.10192,-0.178308,-0.17524,0,0.00613592,0.00153398,-0.00460194,2.04633,2.04633,
52677.4,0.0429515,0.0414175,-0.605727,-0.605922,2.10192,2.10192,-0.178308,-0.17524,0,0.00613592,0.00153398,-0.00460194,2.04633,2.04633,
52697.4,0.0429515,0.0414175,-0.605727,-0.605922,2.10192,2.10192,-0.178308,-0.17524,0,0.00613592,0.00153398,-0.00460194,2.04633,2.04633,
52717.4,0.0429515,0.0429515,-0.605727,-0.605922,2.10192,2.10192,-0.178308,-0.176774,0,0.00613592,0.00153398,-0.00460194,2.04633,2.04633,
52737.3,0.0429515,0.0429515,-0.605727,-0.605922,2.10192,2.10192,-0.178308,-0.176774,0,0.00613592,0.00153398,-0.00460194,2.04633,2.04633,
52757.3,0.0429515,0.0429515,-0.605727,-0.605922,2.10192,2.10192,-0.178308,-0.176774,0,0.00613592,0.00153398,-0.00460194,2.04633,2.04633,
52777.3,0.0429515,0.0429515,-0.605727,-0.605922,2.10192,2.10192,-0.178308,-0.176774,0,0.00613592,0.00153398,-0.00460194,2.04633,2.04633,
52797.3,0.0429515,0.0429515,-0.605727,-0.605922,2.10192,2.10192,-0.178308,-0.176774,0,0.00613592,0.00153398,-0.00460194,2.04633,2.04633,
52817.3,0.0429515,0.0414175,-0.605727,-0.605922,2.10192,2.10192,-0.178308,-0.17524,0,0.00613592,0.00153398,-0.00460194,2.04633,2.04633,
52837.4,0.0429515,0.0414175,-0.605727,-0.605922,2.10192,2.10192,-0.178308,-0.17524,0,0.00613592,0.00153398,-0.00460194,2.04633,2.04633,
52857.4,0.0429515,0.0414175,-0.605727,-0.605922,2.10192,2.10192,-0.178308,-0.17524,0,0.00613592,0.00153398,-0.00460194,2.04633,2.04633,
52877.3,0.0429515,0.0414175,-0.605727,-0.605922,2.10192,2.10192,-0.178308,-0.17524,0,0.00613592,0.00153398,-0.00460194,2.04633,2.04633,
52897.3,0.0429515,0.0414175,-0.605727,-0.605922,2.10192,2.10192,-0.178308,-0.176774,0,0.00613592,0.00153398,-0.00460194,2.04633,2.04633,
52917.4,0.0429515,0.0414175,-0.605727,-0.605922,2.10192,2.10192,-0.178308,-0.176774,0,0.00613592,0.00153398,-0.00460194,2.04633,2.04633,
52937.3,0.0429515,0.0414175,-0.605727,-0.605922,2.10192,2.10192,-0.178308,-0.176774,0,0.00613592,0.00153398,-0.00460194,2.04633,2.04633,
52957.3,0.0429515,0.0414175,-0.605727,-0.605922,2.10192,2.10192,-0.178308,-0.176774,0,0.00613592,0.00153398,-0.00460194,2.04633,2.04633,
52977.3,0.0429515,0.0414175,-0.605727,-0.605922,2.10192,2.10192,-0.178308,-0.176774,0,0.00613592,0.00153398,-0.00460194,2.04633,2.04633,
52997.3,0.0429515,0.0414175,-0.605727,-0.605922,2.10192,2.10192,-0.178308,-0.17524,0,0.00460194,0.00153398,-0.00460194,2.04633,2.04633,
53017.3,0.0429515,0.0414175,-0.605727,-0.605922,2.10192,2.10192,-0.178308,-0.17524,0,0.00460194,0.00153398,-0.00460194,2.04633,2.04633,
53037.4,0.0429515,0.0414175,-0.605727,-0.605922,2.10192,2.10192,-0.178308,-0.17524,0,0.00460194,0.00153398,-0.00460194,2.04633,2.04633,
53057.3,0.0429515,0.0414175,-0.605727,-0.605922,2.10192,2.10192,-0.178308,-0.17524,0,0.00460194,0.00153398,-0.00460194,2.04633,2.04633,
53077.3,0.0429515,0.0414175,-0.605727,-0.605922,2.10192,2.10192,-0.178308,-0.17524,0,0.00460194,0.00153398,-0.00460194,2.04633,2.04633,
53097.3,0.0429515,0.0414175,-0.605727,-0.605922,2.10192,2.10192,-0.178308,-0.17524,0,0.00460194,0.00153398,-0.00460194,2.04633,2.04633,
53117.2,0.0429515,0.0414175,-0.605727,-0.605922,2.10192,2.10192,-0.178308,-0.17524,0,0.00460194,0.00153398,-0.00460194,2.04633,2.04633,
53137.4,0.0429515,0.0414175,-0.605727,-0.605922,2.10192,2.10192,-0.178308,-0.17524,0,0.00460194,0.00153398,-0.00460194,2.04633,2.04633,
53157.3,0.0429515,0.0414175,-0.605727,-0.605922,2.10192,2.10192,-0.178308,-0.17524,0,0.00460194,0.00153398,-0.00460194,2.04633,2.04633,
53177.4,0.0429515,0.0414175,-0.605727,-0.605922,2.10192,2.10192,-0.178308,-0.17524,0,0.00460194,0.00153398,-0.00460194,2.04633,2.04633,
53197.2,0.0429515,0.0414175,-0.605727,-0.605922,2.10192,2.10192,-0.178308,-0.17524,0,0.00460194,0.00153398,-0.00460194,2.04633,2.04633,
53217.3,0.0429515,0.0414175,-0.605727,-0.605922,2.10192,2.10192,-0.178308,-0.17524,0,0.00460194,0.00153398,-0.00460194,2.04633,2.04633,
53237.4,0.0429515,0.0414175,-0.605727,-0.605922,2.10192,2.10192,-0.178308,-0.17524,0,0.00460194,0.00153398,-0.00460194,2.04633,2.04633,
53257.4,0.0429515,0.0414175,-0.605727,-0.605922,2.10192,2.10192,-0.178308,-0.17524,0,0.00460194,0.00153398,-0.00460194,2.04633,2.04633,
53277.4,0.0429515,0.0414175,-0.605727,-0.605922,2.10192,2.10192,-0.178308,-0.17524,0,0.00460194,0.00153398,-0.00460194,2.04633,2.04633,
53297.3,0.0429515,0.0414175,-0.605727,-0.605922,2.10192,2.10192,-0.178308,-0.17524,0,0.00460194,0.00153398,-0.00460194,2.04633,2.04633,
53317.4,0.0429515,0.0414175,-0.605727,-0.605922,2.10192,2.10192,-0.178308,-0.17524,0,0.00306796,0.00153398,-0.00306796,2.04633,2.04633,
53337.3,0.0429515,0.0414175,-0.605727,-0.605922,2.10192,2.10192,-0.178308,-0.17524,0,0.00306796,0.00153398,-0.00306796,2.04633,2.04633,
53357.4,0.0429515,0.0414175,-0.605727,-0.605922,2.10192,2.10192,-0.178308,-0.17524,0,0.00306796,0.00153398,-0.00306796,2.04633,2.04633,
53377.4,0.0429515,0.0414175,-0.605727,-0.605922,2.10192,2.10192,-0.178308,-0.17524,0,0.00306796,0.00153398,-0.00306796,2.04633,2.04633,
53397.3,0.0429515,0.0429515,-0.605727,-0.605922,2.10192,2.10192,-0.178308,-0.17524,0,0.00306796,0.00153398,-0.00306796,2.04633,2.04633,
53417.3,0.0429515,0.0429515,-0.605727,-0.605922,2.10192,2.10192,-0.178308,-0.17524,0,0.00306796,0.00153398,-0.00306796,2.04633,2.04633,
53437.4,0.0429515,0.0429515,-0.605727,-0.605922,2.10192,2.10192,-0.178308,-0.17524,0,0.00306796,0.00153398,-0.00306796,2.04633,2.04633,
53457.4,0.0429515,0.0429515,-0.605727,-0.605922,2.10192,2.10192,-0.178308,-0.17524,0,0.00306796,0.00153398,-0.00306796,2.04633,2.04633,
53477.3,0.0429515,0.0429515,-0.605727,-0.605922,2.10192,2.10192,-0.178308,-0.17524,0,0.00306796,0.00153398,-0.00306796,2.04633,2.04633,
53497.3,0.0429515,0.0429515,-0.605727,-0.605922,2.10192,2.10192,-0.178308,-0.17524,0,0.00306796,0.00153398,-0.00306796,2.04633,2.04633,
53517.3,0.0429515,0.0414175,-0.605727,-0.605922,2.10192,2.10192,-0.178308,-0.17524,0,0.00306796,0.00153398,-0.00306796,2.04633,2.04633,
53537.4,0.0429515,0.0414175,-0.605727,-0.605922,2.10192,2.10192,-0.178308,-0.17524,0,0.00306796,0.00153398,-0.00306796,2.04633,2.04633,
53557.3,0.0429515,0.0414175,-0.605727,-0.605922,2.10192,2.10192,-0.178308,-0.17524,0,0.00306796,0.00153398,-0.00306796,2.04633,2.04633,
53577.4,0.0429515,0.0414175,-0.605727,-0.605922,2.10192,2.10192,-0.178308,-0.17524,0,0.00306796,0.00153398,-0.00306796,2.04633,2.04633,
53597.3,0.0429515,0.0414175,-0.605727,-0.605922,2.10192,2.10345,-0.178308,-0.17524,0,0.00306796,0.00153398,-0.00306796,2.04633,2.04633,
53617.2,0.0429515,0.0414175,-0.605727,-0.605922,2.10192,2.10345,-0.178308,-0.17524,0,0.00306796,0.00153398,-0.00306796,2.04633,2.04633,
53637.4,0.0429515,0.0414175,-0.605727,-0.605922,2.10192,2.10345,-0.178308,-0.17524,0,0.00306796,0.00153398,-0.00306796,2.04633,2.04633,
53657.3,0.0429515,0.0414175,-0.605727,-0.605922,2.10192,2.10345,-0.178308,-0.17524,0,0.00306796,0.00153398,-0.00306796,2.04633,2.04633,
53677.3,0.0429515,0.0414175,-0.605727,-0.605922,2.10192,2.10345,-0.178308,-0.17524,0,0.00306796,0.00153398,-0.00306796,2.04633,2.04633,
53697.4,0.0429515,0.0414175,-0.605727,-0.605922,2.10192,2.10345,-0.178308,-0.17524,0,0.00306796,0.00153398,-0.00306796,2.04633,2.04633,
53717.3,0.0429515,0.0414175,-0.605727,-0.605922,2.10192,2.10192,-0.178308,-0.176774,0,0.00306796,0.00153398,-0.00306796,2.04633,2.04633,
53737.3,0.0429515,0.0414175,-0.605727,-0.605922,2.10192,2.10192,-0.178308,-0.176774,0,0.00306796,0.00153398,-0.00306796,2.04633,2.04633,
53757.3,0.0429515,0.0414175,-0.605727,-0.605922,2.10192,2.10192,-0.178308,-0.176774,0,0.00306796,0.00153398,-0.00306796,2.04633,2.04633,
53777.3,0.0429515,0.0414175,-0.605727,-0.605922,2.10192,2.10192,-0.178308,-0.176774,0,0.00306796,0.00153398,-0.00306796,2.04633,2.04633,
53797.3,0.0429515,0.0414175,-0.605727,-0.605922,2.10192,2.10192,-0.178308,-0.17524,0,0.00306796,0.00153398,-0.00306796,2.04633,2.04633,
53817.3,0.0429515,0.0414175,-0.605727,-0.605922,2.10192,2.10192,-0.178308,-0.17524,0,0.00306796,0.00153398,-0.00306796,2.04633,2.04633,
53837.2,0.0429515,0.0414175,-0.605727,-0.605922,2.10192,2.10192,-0.178308,-0.17524,0,0.00306796,0.00153398,-0.00306796,2.04633,2.04633,
53857.2,0.0429515,0.0414175,-0.605727,-0.605922,2.10192,2.10192,-0.178308,-0.17524,0,0.00306796,0.00153398,-0.00306796,2.04633,2.04633,
53877.4,0.0429515,0.0414175,-0.605727,-0.605922,2.10192,2.10192,-0.178308,-0.17524,0,0.00306796,0.00153398,-0.00306796,2.04633,2.04633,
53897.3,0.0429515,0.0414175,-0.605727,-0.605922,2.10192,2.10192,-0.178308,-0.17524,0,0.00306796,0.00153398,-0.00306796,2.04633,2.04633,
53917.3,0.0429515,0.0414175,-0.605727,-0.605922,2.10192,2.10192,-0.178308,-0.17524,0,0.00306796,0.00153398,-0.00306796,2.04633,2.04633,
53937.4,0.0429515,0.0414175,-0.605727,-0.605922,2.10192,2.10192,-0.178308,-0.17524,0,0.00306796,0.00153398,-0.00306796,2.04633,2.04633,
53957.3,0.0429515,0.0414175,-0.605727,-0.605922,2.10192,2.10192,-0.178308,-0.17524,0,0.00306796,0.00153398,-0.00306796,2.04633,2.04633,
53977.3,0.0429515,0.0414175,-0.605727,-0.605922,2.10192,2.10192,-0.178308,-0.17524,0,0.00306796,0.00153398,-0.00306796,2.04633,2.04633,
53997.3,0.0429515,0.0414175,-0.605727,-0.605922,2.10192,2.10192,-0.178308,-0.17524,0,0.00306796,0.00153398,-0.00306796,2.04633,2.04633,
54017.2,0.0429515,0.0414175,-0.605727,-0.605922,2.10192,2.10192,-0.178308,-0.17524,0,0.00306796,0.00153398,-0.00306796,2.04633,2.04633,
54037.2,0.0429515,0.0414175,-0.605727,-0.605922,2.10192,2.10192,-0.178308,-0.17524,0,0.00306796,0.00153398,-0.00306796,2.04633,2.04633,
54057.3,0.0429515,0.0414175,-0.605727,-0.605922,2.10192,2.10192,-0.178308,-0.17524,0,0.00306796,0.00153398,-0.00306796,2.04633,2.04633,
54077.2,0.0429515,0.0414175,-0.605727,-0.605922,2.10192,2.10192,-0.178308,-0.17524,0,0.00306796,0.00153398,-0.00306796,2.04633,2.04633,
54097.2,0.0429515,0.0414175,-0.605727,-0.605922,2.10192,2.10192,-0.178308,-0.17524,0,0.00306796,0.00153398,-0.00306796,2.04633,2.04633,
54117.2,0.0429515,0.0414175,-0.605727,-0.605922,2.10192,2.10192,-0.178308,-0.17524,0,0.00306796,0.00153398,-0.00306796,2.04633,2.04633,
54137.3,0.0429515,0.0414175,-0.605727,-0.605922,2.10192,2.10192,-0.178308,-0.17524,0,0.00306796,0.00153398,-0.00306796,2.04633,2.04633,
54157.3,0.0429515,0.0414175,-0.605727,-0.605922,2.10192,2.10192,-0.178308,-0.17524,0,0.00306796,0.00153398,-0.00306796,2.04633,2.04633,
54177.3,0.0429515,0.0414175,-0.605727,-0.605922,2.10192,2.10192,-0.178308,-0.17524,0,0.00306796,0.00153398,-0.00306796,2.04633,2.04633,
54197.3,0.0429515,0.0414175,-0.605727,-0.605922,2.10192,2.10192,-0.178308,-0.176774,0,0.00153398,0.00153398,-0.00306796,2.04633,2.04633,
54217.2,0.0429515,0.0414175,-0.605727,-0.605922,2.10192,2.10192,-0.178308,-0.176774,0,0.00153398,0.00153398,-0.00306796,2.04633,2.04633,
54237.3,0.0429515,0.0414175,-0.605727,-0.605922,2.10192,2.10192,-0.178308,-0.176774,0,0.00153398,0.00153398,-0.00306796,2.04633,2.04633,
54257.3,0.0429515,0.0414175,-0.605727,-0.605922,2.10192,2.10192,-0.178308,-0.176774,0,0.00153398,0.00153398,-0.00306796,2.04633,2.04633,
54277.3,0.0429515,0.0414175,-0.605727,-0.605922,2.10192,2.10192,-0.178308,-0.176774,0,0.00153398,0.00153398,-0.00306796,2.04633,2.04633,
54297.3,0.0429515,0.0414175,-0.605727,-0.605922,2.10192,2.10192,-0.178308,-0.176774,0,0.00153398,0.00153398,-0.00306796,2.04633,2.04633,
54317.3,0.0429515,0.0414175,-0.605727,-0.605922,2.10192,2.10345,-0.178308,-0.17524,0,0.00153398,0.00153398,-0.00460194,2.04633,2.04633,
54337.3,0.0429515,0.0414175,-0.605727,-0.605922,2.10192,2.10345,-0.178308,-0.17524,0,0.00153398,0.00153398,-0.00460194,2.04633,2.04633,
54357.3,0.0429515,0.0414175,-0.605727,-0.605922,2.10192,2.10345,-0.178308,-0.17524,0,0.00153398,0.00153398,-0.00460194,2.04633,2.04633,
54377.3,0.0429515,0.0414175,-0.605727,-0.605922,2.10192,2.10345,-0.178308,-0.17524,0,0.00153398,0.00153398,-0.00460194,2.04633,2.04633,
54397.3,0.0429515,0.0414175,-0.605727,-0.605922,2.10192,2.10345,-0.178308,-0.17524,0,0.00153398,0.00153398,-0.00460194,2.04633,2.04633,
54417.2,0.0429515,0.0414175,-0.605727,-0.605922,2.10192,2.10192,-0.178308,-0.176774,0,0.00153398,0.00153398,-0.00306796,2.04633,2.04633,
54437.3,0.0429515,0.0414175,-0.605727,-0.605922,2.10192,2.10192,-0.178308,-0.176774,0,0.00153398,0.00153398,-0.00306796,2.04633,2.04633,
54457.3,0.0429515,0.0414175,-0.605727,-0.605922,2.10192,2.10192,-0.178308,-0.176774,0,0.00153398,0.00153398,-0.00306796,2.04633,2.04633,
54477.3,0.0429515,0.0414175,-0.605727,-0.605922,2.10192,2.10192,-0.178308,-0.176774,0,0.00153398,0.00153398,-0.00306796,2.04633,2.04633,
54497.2,0.0429515,0.0414175,-0.605727,-0.605922,2.10192,2.10192,-0.178308,-0.176774,0,0.00153398,0.00153398,-0.00306796,2.04633,2.04633,
54517.2,0.0429515,0.0429515,-0.605727,-0.605922,2.10192,2.10345,-0.178308,-0.17524,0,0.00306796,0.00153398,-0.00306796,2.04633,2.04633,
54537.3,0.0429515,0.0429515,-0.605727,-0.605922,2.10192,2.10345,-0.178308,-0.17524,0,0.00306796,0.00153398,-0.00306796,2.04633,2.04633,
54557.4,0.0429515,0.0429515,-0.605727,-0.605922,2.10192,2.10345,-0.178308,-0.17524,0,0.00306796,0.00153398,-0.00306796,2.04633,2.04633,
54577.3,0.0429515,0.0429515,-0.605727,-0.605922,2.10192,2.10345,-0.178308,-0.17524,0,0.00306796,0.00153398,-0.00306796,2.04633,2.04633,
54597.3,0.0429515,0.0414175,-0.605727,-0.605922,2.10192,2.10192,-0.178308,-0.17524,0,0.00153398,0.00153398,-0.00306796,2.04633,2.04633,
54617.2,0.0429515,0.0414175,-0.605727,-0.605922,2.10192,2.10192,-0.178308,-0.17524,0,0.00153398,0.00153398,-0.00306796,2.04633,2.04633,
54637.3,0.0429515,0.0414175,-0.605727,-0.605922,2.10192,2.10192,-0.178308,-0.17524,0,0.00153398,0.00153398,-0.00306796,2.04633,2.04633,
54657.3,0.0429515,0.0414175,-0.605727,-0.605922,2.10192,2.10192,-0.178308,-0.17524,0,0.00153398,0.00153398,-0.00306796,2.04633,2.04633,
54677.3,0.0429515,0.0414175,-0.605727,-0.605922,2.10192,2.10192,-0.178308,-0.17524,0,0.00153398,0.00153398,-0.00306796,2.04633,2.04633,
54697.2,0.0429515,0.0414175,-0.605727,-0.605922,2.10192,2.10192,-0.178308,-0.17524,0,0.00153398,0.00153398,-0.00306796,2.04633,2.04633,
54717.3,0.0429515,0.0414175,-0.605727,-0.605922,2.10192,2.10192,-0.178308,-0.17524,0,0.00153398,0.00153398,-0.00306796,2.04633,2.04633,
54737.4,0.0429515,0.0414175,-0.605727,-0.605922,2.10192,2.10192,-0.178308,-0.17524,0,0.00153398,0.00153398,-0.00306796,2.04633,2.04633,
54757.4,0.0429515,0.0414175,-0.605727,-0.605922,2.10192,2.10192,-0.178308,-0.17524,0,0.00153398,0.00153398,-0.00306796,2.04633,2.04633,
54777.4,0.0429515,0.0414175,-0.605727,-0.605922,2.10192,2.10192,-0.178308,-0.17524,0,0.00153398,0.00153398,-0.00306796,2.04633,2.04633,
54797.4,0.0429515,0.0414175,-0.605727,-0.605922,2.10192,2.10192,-0.178308,-0.17524,0,0.00153398,0.00153398,-0.00306796,2.04633,2.04633,
54817.3,0.0429515,0.0414175,-0.605727,-0.605922,2.10192,2.10192,-0.178308,-0.17524,0,0.00153398,0.00153398,-0.00460194,2.04633,2.04633,
54837.3,0.0429515,0.0414175,-0.605727,-0.605922,2.10192,2.10192,-0.178308,-0.17524,0,0.00153398,0.00153398,-0.00460194,2.04633,2.04633,
54857.3,0.0429515,0.0414175,-0.605727,-0.605922,2.10192,2.10192,-0.178308,-0.17524,0,0.00153398,0.00153398,-0.00460194,2.04633,2.04633,
54877.3,0.0429515,0.0414175,-0.605727,-0.605922,2.10192,2.10192,-0.178308,-0.17524,0,0.00153398,0.00153398,-0.00460194,2.04633,2.04633,
54897.3,0.0429515,0.0414175,-0.605727,-0.605922,2.10192,2.10192,-0.178308,-0.176774,0,0.00153398,0.00153398,-0.00306796,2.04633,2.04633,
54917.4,0.0429515,0.0414175,-0.605727,-0.605922,2.10192,2.10192,-0.178308,-0.176774,0,0.00153398,0.00153398,-0.00306796,2.04633,2.04633,
54937.4,0.0429515,0.0414175,-0.605727,-0.605922,2.10192,2.10192,-0.178308,-0.176774,0,0.00153398,0.00153398,-0.00306796,2.04633,2.04633,
54957.4,0.0429515,0.0414175,-0.605727,-0.605922,2.10192,2.10192,-0.178308,-0.176774,0,0.00153398,0.00153398,-0.00306796,2.04633,2.04633,
54977.3,0.0429515,0.0414175,-0.605727,-0.605922,2.10192,2.10192,-0.178308,-0.176774,0,0.00153398,0.00153398,-0.00306796,2.04633,2.04633,
54997.3,0.0429515,0.0429515,-0.605727,-0.605922,2.10192,2.10192,-0.178308,-0.17524,0,0.00153398,0.00153398,-0.00306796,2.04633,2.04633,
55017.3,0.0429515,0.0429515,-0.605727,-0.605922,2.10192,2.10192,-0.178308,-0.17524,0,0.00153398,0.00153398,-0.00306796,2.04633,2.04633,
55037.4,0.0429515,0.0429515,-0.605727,-0.605922,2.10192,2.10192,-0.178308,-0.17524,0,0.00153398,0.00153398,-0.00306796,2.04633,2.04633,
55057.3,0.0429515,0.0429515,-0.605727,-0.605922,2.10192,2.10192,-0.178308,-0.17524,0,0.00153398,0.00153398,-0.00306796,2.04633,2.04633,
55077.3,0.0429515,0.0429515,-0.605727,-0.605922,2.10192,2.10192,-0.178308,-0.17524,0,0.00153398,0.00153398,-0.00306796,2.04633,2.04633,
55097.4,0.0429515,0.0429515,-0.605727,-0.605922,2.10192,2.10192,-0.178308,-0.17524,0,0.00153398,0.00153398,-0.00306796,2.04633,2.04633,
55117.2,0.0429515,0.0414175,-0.605727,-0.605922,2.10192,2.10192,-0.178308,-0.176774,0,0.00153398,0.00153398,-0.00460194,2.04633,2.04633,
55137.3,0.0429515,0.0414175,-0.605727,-0.605922,2.10192,2.10192,-0.178308,-0.176774,0,0.00153398,0.00153398,-0.00460194,2.04633,2.04633,
55157.3,0.0429515,0.0414175,-0.605727,-0.605922,2.10192,2.10192,-0.178308,-0.176774,0,0.00153398,0.00153398,-0.00460194,2.04633,2.04633,
55177.4,0.0429515,0.0414175,-0.605727,-0.605922,2.10192,2.10192,-0.178308,-0.176774,0,0.00153398,0.00153398,-0.00460194,2.04633,2.04633,
55197.3,0.0429515,0.0414175,-0.605727,-0.605922,2.10192,2.10192,-0.178308,-0.176774,0,0.00153398,0.00153398,-0.00460194,2.04633,2.04633,
55217.4,0.0429515,0.0414175,-0.605727,-0.605922,2.10192,2.10192,-0.178308,-0.176774,0,0.00153398,0.00153398,-0.00306796,2.04633,2.04633,
55237.4,0.0429515,0.0414175,-0.605727,-0.605922,2.10192,2.10192,-0.178308,-0.176774,0,0.00153398,0.00153398,-0.00306796,2.04633,2.04633,
55257.3,0.0429515,0.0414175,-0.605727,-0.605922,2.10192,2.10192,-0.178308,-0.176774,0,0.00153398,0.00153398,-0.00306796,2.04633,2.04633,
55277.4,0.0429515,0.0414175,-0.605727,-0.605922,2.10192,2.10192,-0.178308,-0.176774,0,0.00153398,0.00153398,-0.00306796,2.04633,2.04633,
55297.4,0.0429515,0.0414175,-0.605727,-0.605922,2.10192,2.10192,-0.178308,-0.176774,0,0.00153398,0.00153398,-0.00306796,2.04633,2.04633,
55317.4,0.0429515,0.0414175,-0.605727,-0.605922,2.10192,2.10192,-0.178308,-0.176774,0,0.00153398,0.00153398,-0.00306796,2.04633,2.04633,
55337.3,0.0429515,0.0414175,-0.605727,-0.605922,2.10192,2.10192,-0.178308,-0.176774,0,0.00153398,0.00153398,-0.00306796,2.04633,2.04633,
55357.4,0.0429515,0.0414175,-0.605727,-0.605922,2.10192,2.10192,-0.178308,-0.176774,0,0.00153398,0.00153398,-0.00306796,2.04633,2.04633,
55377.3,0.0429515,0.0414175,-0.605727,-0.605922,2.10192,2.10192,-0.178308,-0.176774,0,0.00153398,0.00153398,-0.00306796,2.04633,2.04633,
55397.4,0.0429515,0.0414175,-0.605727,-0.605922,2.10192,2.10192,-0.178308,-0.17524,0,0.00153398,0.00153398,-0.00460194,2.04633,2.04633,
55417.4,0.0429515,0.0414175,-0.605727,-0.605922,2.10192,2.10192,-0.178308,-0.17524,0,0.00153398,0.00153398,-0.00460194,2.04633,2.04633,
55437.4,0.0429515,0.0414175,-0.605727,-0.605922,2.10192,2.10192,-0.178308,-0.17524,0,0.00153398,0.00153398,-0.00460194,2.04633,2.04633,
55457.3,0.0429515,0.0414175,-0.605727,-0.605922,2.10192,2.10192,-0.178308,-0.17524,0,0.00153398,0.00153398,-0.00460194,2.04633,2.04633,
55477.4,0.0429515,0.0414175,-0.605727,-0.605922,2.10192,2.10192,-0.178308,-0.17524,0,0.00153398,0.00153398,-0.00460194,2.04633,2.04633,
55497.4,0.0429515,0.0414175,-0.605727,-0.605922,2.10192,2.10192,-0.178308,-0.17524,0,0.00153398,0.00153398,-0.00460194,2.04633,2.04633,
55517.4,0.0429515,0.0414175,-0.605727,-0.605922,2.10192,2.10345,-0.178308,-0.17524,0,0.00153398,0.00153398,-0.00306796,2.04633,2.04633,
55537.3,0.0429515,0.0414175,-0.605727,-0.605922,2.10192,2.10345,-0.178308,-0.17524,0,0.00153398,0.00153398,-0.00306796,2.04633,2.04633,
55557.3,0.0429515,0.0414175,-0.605727,-0.605922,2.10192,2.10345,-0.178308,-0.17524,0,0.00153398,0.00153398,-0.00306796,2.04633,2.04633,
55577.3,0.0429515,0.0414175,-0.605727,-0.605922,2.10192,2.10345,-0.178308,-0.17524,0,0.00153398,0.00153398,-0.00306796,2.04633,2.04633,
55597.3,0.0429515,0.0414175,-0.605727,-0.605922,2.10192,2.10192,-0.178308,-0.17524,0,0.00153398,0.00153398,-0.00306796,2.04633,2.04633,
55617.3,0.0429515,0.0414175,-0.605727,-0.605922,2.10192,2.10192,-0.178308,-0.17524,0,0.00153398,0.00153398,-0.00306796,2.04633,2.04633,
55637.3,0.0429515,0.0414175,-0.605727,-0.605922,2.10192,2.10192,-0.178308,-0.17524,0,0.00153398,0.00153398,-0.00306796,2.04633,2.04633,
55657.4,0.0429515,0.0414175,-0.605727,-0.605922,2.10192,2.10192,-0.178308,-0.17524,0,0.00153398,0.00153398,-0.00306796,2.04633,2.04633,
55677.4,0.0429515,0.0414175,-0.605727,-0.605922,2.10192,2.10192,-0.178308,-0.17524,0,0.00153398,0.00153398,-0.00306796,2.04633,2.04633,
55697.3,0.0429515,0.0414175,-0.605727,-0.605922,2.10192,2.10192,-0.178308,-0.17524,0,0.00153398,0.00153398,-0.00306796,2.04633,2.04633,
55717.3,0.0429515,0.0414175,-0.605727,-0.605922,2.10192,2.10192,-0.178308,-0.17524,0,0.00153398,0.00153398,-0.00306796,2.04633,2.04633,
55737.3,0.0429515,0.0414175,-0.605727,-0.605922,2.10192,2.10192,-0.178308,-0.17524,0,0.00153398,0.00153398,-0.00306796,2.04633,2.04633,
55757.3,0.0429515,0.0414175,-0.605727,-0.605922,2.10192,2.10192,-0.178308,-0.17524,0,0.00153398,0.00153398,-0.00306796,2.04633,2.04633,
55777.3,0.0429515,0.0414175,-0.605727,-0.605922,2.10192,2.10192,-0.178308,-0.17524,0,0.00153398,0.00153398,-0.00306796,2.04633,2.04633,
55797.3,0.0429515,0.0414175,-0.605727,-0.605922,2.10192,2.10192,-0.178308,-0.17524,0,0.00153398,0.00153398,-0.00306796,2.04633,2.04633,
55817.3,0.0429515,0.0414175,-0.605727,-0.605922,2.10192,2.10192,-0.178308,-0.17524,0,0.00153398,0.00153398,-0.00306796,2.04633,2.04633,
55837.2,0.0429515,0.0414175,-0.605727,-0.605922,2.10192,2.10192,-0.178308,-0.17524,0,0.00153398,0.00153398,-0.00306796,2.04633,2.04633,
55858.9,0.0429515,0.0414175,-0.605727,-0.605922,2.10192,2.10192,-0.178308,-0.17524,0,0.00153398,0.00153398,-0.00306796,2.04633,2.04633,
55877.2,0.0429515,0.0414175,-0.605727,-0.605922,2.10192,2.10192,-0.178308,-0.17524,0,0.00153398,0.00153398,-0.00306796,2.04633,2.04633,
55897.2,0.0429515,0.0414175,-0.605727,-0.605922,2.10192,2.10192,-0.178308,-0.17524,0,0.00153398,0.00153398,-0.00306796,2.04633,2.04633,
55917.2,0.0429515,0.0414175,-0.605727,-0.605922,2.10192,2.10192,-0.178308,-0.17524,0,0.00153398,0.00153398,-0.00306796,2.04633,2.04633,
55937.2,0.0429515,0.0414175,-0.605727,-0.605922,2.10192,2.10192,-0.178308,-0.17524,0,0.00153398,0.00153398,-0.00306796,2.04633,2.04633,
55957.2,0.0429515,0.0414175,-0.605727,-0.605922,2.10192,2.10192,-0.178308,-0.17524,0,0.00153398,0.00153398,-0.00306796,2.04633,2.04633,
55977.2,0.0429515,0.0414175,-0.605727,-0.605922,2.10192,2.10192,-0.178308,-0.17524,0,0.00153398,0.00153398,-0.00306796,2.04633,2.04633,
55997.2,0.0429515,0.0414175,-0.605727,-0.605922,2.10192,2.10345,-0.178308,-0.17524,0,0.00153398,0.00153398,-0.00306796,2.04633,2.04633,
56017.4,0.0429515,0.0414175,-0.605727,-0.605922,2.10192,2.10345,-0.178308,-0.17524,0,0.00153398,0.00153398,-0.00306796,2.04633,2.04633,
56037.3,0.0429515,0.0414175,-0.605727,-0.605922,2.10192,2.10345,-0.178308,-0.17524,0,0.00153398,0.00153398,-0.00306796,2.04633,2.04633,
56057.3,0.0429515,0.0414175,-0.605727,-0.605922,2.10192,2.10345,-0.178308,-0.17524,0,0.00153398,0.00153398,-0.00306796,2.04633,2.04633,
56077.2,0.0429515,0.0414175,-0.605727,-0.605922,2.10192,2.10345,-0.178308,-0.17524,0,0.00153398,0.00153398,-0.00306796,2.04633,2.04633,
56097.2,0.0429515,0.0414175,-0.605727,-0.605922,2.10192,2.10345,-0.178308,-0.17524,0,0.00153398,0.00153398,-0.00306796,2.04633,2.04633,
56117.3,0.0429515,0.0414175,-0.605727,-0.605922,2.10192,2.10192,-0.178308,-0.176774,0,0.00153398,0.00153398,-0.00306796,2.04633,2.04633,
56137.2,0.0429515,0.0414175,-0.605727,-0.605922,2.10192,2.10192,-0.178308,-0.176774,0,0.00153398,0.00153398,-0.00306796,2.04633,2.04633,
56157.3,0.0429515,0.0414175,-0.605727,-0.605922,2.10192,2.10192,-0.178308,-0.176774,0,0.00153398,0.00153398,-0.00306796,2.04633,2.04633,
56177.3,0.0429515,0.0414175,-0.605727,-0.605922,2.10192,2.10192,-0.178308,-0.176774,0,0.00153398,0.00153398,-0.00306796,2.04633,2.04633,
56197.3,0.0429515,0.0414175,-0.605727,-0.605922,2.10192,2.10192,-0.178308,-0.176774,0,0.00153398,0.00153398,-0.00460194,2.04633,2.04633,
56217.3,0.0429515,0.0414175,-0.605727,-0.605922,2.10192,2.10192,-0.178308,-0.176774,0,0.00153398,0.00153398,-0.00460194,2.04633,2.04633,
56237.3,0.0429515,0.0414175,-0.605727,-0.605922,2.10192,2.10192,-0.178308,-0.176774,0,0.00153398,0.00153398,-0.00460194,2.04633,2.04633,
56257.3,0.0429515,0.0414175,-0.605727,-0.605922,2.10192,2.10192,-0.178308,-0.176774,0,0.00153398,0.00153398,-0.00460194,2.04633,2.04633,
56277.3,0.0429515,0.0414175,-0.605727,-0.605922,2.10192,2.10192,-0.178308,-0.176774,0,0.00153398,0.00153398,-0.00460194,2.04633,2.04633,
56297.3,0.0429515,0.0414175,-0.605727,-0.605922,2.10192,2.10192,-0.178308,-0.176774,0,0.00153398,0.00153398,-0.00460194,2.04633,2.04633,
56317.3,0.0429515,0.0414175,-0.605727,-0.605922,2.10192,2.10192,-0.178308,-0.17524,0,0.00153398,0.00153398,-0.00460194,2.04633,2.04633,
56337.3,0.0429515,0.0414175,-0.605727,-0.605922,2.10192,2.10192,-0.178308,-0.17524,0,0.00153398,0.00153398,-0.00460194,2.04633,2.04633,
56357.3,0.0429515,0.0414175,-0.605727,-0.605922,2.10192,2.10192,-0.178308,-0.17524,0,0.00153398,0.00153398,-0.00460194,2.04633,2.04633,
56377.3,0.0429515,0.0414175,-0.605727,-0.605922,2.10192,2.10192,-0.178308,-0.17524,0,0.00153398,0.00153398,-0.00460194,2.04633,2.04633,
56397.3,0.0429515,0.0414175,-0.605727,-0.605922,2.10192,2.10192,-0.178308,-0.176774,0,0.00153398,0.00153398,-0.00306796,2.04633,2.04633,
56417.3,0.0429515,0.0414175,-0.605727,-0.605922,2.10192,2.10192,-0.178308,-0.176774,0,0.00153398,0.00153398,-0.00306796,2.04633,2.04633,
56437.3,0.0429515,0.0414175,-0.605727,-0.605922,2.10192,2.10192,-0.178308,-0.176774,0,0.00153398,0.00153398,-0.00306796,2.04633,2.04633,
56457.3,0.0429515,0.0414175,-0.605727,-0.605922,2.10192,2.10192,-0.178308,-0.176774,0,0.00153398,0.00153398,-0.00306796,2.04633,2.04633,
56477.4,0.0429515,0.0414175,-0.605727,-0.605922,2.10192,2.10192,-0.178308,-0.176774,0,0.00153398,0.00153398,-0.00306796,2.04633,2.04633,
56497.3,0.0429515,0.0414175,-0.605727,-0.605922,2.10192,2.10192,-0.178308,-0.176774,0,0.00153398,0.00153398,-0.00306796,2.04633,2.04633,
56517.4,0.0429515,0.0414175,-0.605727,-0.605922,2.10192,2.10192,-0.178308,-0.176774,0,0.00153398,0.00153398,-0.00306796,2.04633,2.04633,
56537.4,0.0429515,0.0414175,-0.605727,-0.605922,2.10192,2.10192,-0.178308,-0.176774,0,0.00153398,0.00153398,-0.00306796,2.04633,2.04633,
56557.3,0.0429515,0.0414175,-0.605727,-0.605922,2.10192,2.10192,-0.178308,-0.176774,0,0.00153398,0.00153398,-0.00306796,2.04633,2.04633,
56577.3,0.0429515,0.0414175,-0.605727,-0.605922,2.10192,2.10192,-0.178308,-0.176774,0,0.00153398,0.00153398,-0.00306796,2.04633,2.04633,
56597.4,0.0429515,0.0414175,-0.605727,-0.605922,2.10192,2.10345,-0.178308,-0.176774,0,0.00153398,0.00153398,-0.00306796,2.04633,2.04633,
56617.3,0.0429515,0.0414175,-0.605727,-0.605922,2.10192,2.10345,-0.178308,-0.176774,0,0.00153398,0.00153398,-0.00306796,2.04633,2.04633,
56637.3,0.0429515,0.0414175,-0.605727,-0.605922,2.10192,2.10345,-0.178308,-0.176774,0,0.00153398,0.00153398,-0.00306796,2.04633,2.04633,
56657.3,0.0429515,0.0414175,-0.605727,-0.605922,2.10192,2.10345,-0.178308,-0.176774,0,0.00153398,0.00153398,-0.00306796,2.04633,2.04633,
56677.3,0.0429515,0.0414175,-0.605727,-0.605922,2.10192,2.10345,-0.178308,-0.176774,0,0.00153398,0.00153398,-0.00306796,2.04633,2.04633,
56697.3,0.0429515,0.0414175,-0.605727,-0.605922,2.10192,2.10345,-0.178308,-0.176774,0,0.00153398,0.00153398,-0.00306796,2.04633,2.04633,
56717.3,0.0429515,0.0414175,-0.605727,-0.605922,2.10192,2.10192,-0.178308,-0.17524,0,0.00153398,0.00153398,-0.00306796,2.04633,2.04633,
56737.3,0.0429515,0.0414175,-0.605727,-0.605922,2.10192,2.10192,-0.178308,-0.17524,0,0.00153398,0.00153398,-0.00306796,2.04633,2.04633,
56757.4,0.0429515,0.0414175,-0.605727,-0.605922,2.10192,2.10192,-0.178308,-0.17524,0,0.00153398,0.00153398,-0.00306796,2.04633,2.04633,
56777.3,0.0429515,0.0414175,-0.605727,-0.605922,2.10192,2.10192,-0.178308,-0.17524,0,0.00153398,0.00153398,-0.00306796,2.04633,2.04633,
56797.3,0.0429515,0.0414175,-0.605727,-0.605922,2.10192,2.10192,-0.178308,-0.17524,0,0.00153398,0.00153398,-0.00306796,2.04633,2.04633,
56817.3,0.0429515,0.0414175,-0.605727,-0.605922,2.10192,2.10192,-0.178308,-0.176774,0,0.00153398,0.00153398,-0.00306796,2.04633,2.04633,
56837.3,0.0429515,0.0414175,-0.605727,-0.605922,2.10192,2.10192,-0.178308,-0.176774,0,0.00153398,0.00153398,-0.00306796,2.04633,2.04633,
56857.3,0.0429515,0.0414175,-0.605727,-0.605922,2.10192,2.10192,-0.178308,-0.176774,0,0.00153398,0.00153398,-0.00306796,2.04633,2.04633,
56877.3,0.0429515,0.0414175,-0.605727,-0.605922,2.10192,2.10192,-0.178308,-0.176774,0,0.00153398,0.00153398,-0.00306796,2.04633,2.04633,
56897.3,0.0429515,0.0414175,-0.605727,-0.605922,2.10192,2.10192,-0.178308,-0.176774,0,0.00153398,0.00153398,-0.00306796,2.04633,2.04633,
56917.3,0.0429515,0.0414175,-0.605727,-0.605922,2.10192,2.10192,-0.178308,-0.176774,0,0.00153398,0.00153398,-0.00306796,2.04633,2.04633,
56937.4,0.0429515,0.0414175,-0.605727,-0.605922,2.10192,2.10192,-0.178308,-0.176774,0,0.00153398,0.00153398,-0.00306796,2.04633,2.04633,
56957.3,0.0429515,0.0414175,-0.605727,-0.605922,2.10192,2.10192,-0.178308,-0.176774,0,0.00153398,0.00153398,-0.00306796,2.04633,2.04633,
56977.4,0.0429515,0.0414175,-0.605727,-0.605922,2.10192,2.10192,-0.178308,-0.176774,0,0.00153398,0.00153398,-0.00306796,2.04633,2.04633,
56997.3,0.0429515,0.0414175,-0.605727,-0.605922,2.10192,2.10192,-0.178308,-0.176774,0,0.00153398,0.00153398,-0.00306796,2.04633,2.04633,
57017.4,0.0429515,0.0414175,-0.605727,-0.605922,2.10192,2.10192,-0.178308,-0.176774,0,0.00153398,0.00153398,-0.00306796,2.04633,2.04633,
57037.4,0.0429515,0.0414175,-0.605727,-0.605922,2.10192,2.10192,-0.178308,-0.176774,0,0.00153398,0.00153398,-0.00306796,2.04633,2.04633,
57057.3,0.0429515,0.0414175,-0.605727,-0.605922,2.10192,2.10192,-0.178308,-0.176774,0,0.00153398,0.00153398,-0.00306796,2.04633,2.04633,
57077.3,0.0429515,0.0414175,-0.605727,-0.605922,2.10192,2.10192,-0.178308,-0.176774,0,0.00153398,0.00153398,-0.00306796,2.04633,2.04633,
57097.3,0.0429515,0.0414175,-0.605727,-0.605922,2.10192,2.10192,-0.178308,-0.176774,0,0.00153398,0.00153398,-0.00306796,2.04633,2.04633,
57117.3,0.0429515,0.0414175,-0.605727,-0.605922,2.10192,2.10192,-0.178308,-0.176774,0,0.00153398,0.00153398,-0.00306796,2.04633,2.04633,
57137.3,0.0429515,0.0414175,-0.605727,-0.605922,2.10192,2.10192,-0.178308,-0.176774,0,0.00153398,0.00153398,-0.00306796,2.04633,2.04633,
57157.4,0.0429515,0.0414175,-0.605727,-0.605922,2.10192,2.10192,-0.178308,-0.176774,0,0.00153398,0.00153398,-0.00306796,2.04633,2.04633,
57177.4,0.0429515,0.0414175,-0.605727,-0.605922,2.10192,2.10192,-0.178308,-0.176774,0,0.00153398,0.00153398,-0.00306796,2.04633,2.04633,
57197.3,0.0429515,0.0414175,-0.605727,-0.605922,2.10192,2.10192,-0.178308,-0.176774,0,0.00153398,0.00153398,-0.00306796,2.04633,2.04633,
57217.4,0.0429515,0.0414175,-0.605727,-0.605922,2.10192,2.10192,-0.178308,-0.176774,0,0.00153398,0.00153398,-0.00306796,2.04633,2.04633,
57237.4,0.0429515,0.0414175,-0.605727,-0.605922,2.10192,2.10192,-0.178308,-0.176774,0,0.00153398,0.00153398,-0.00306796,2.04633,2.04633,
57257.3,0.0429515,0.0414175,-0.605727,-0.605922,2.10192,2.10192,-0.178308,-0.176774,0,0.00153398,0.00153398,-0.00306796,2.04633,2.04633,
57277.3,0.0429515,0.0414175,-0.605727,-0.605922,2.10192,2.10192,-0.178308,-0.176774,0,0.00153398,0.00153398,-0.00306796,2.04633,2.04633,
57297.3,0.0429515,0.0414175,-0.605727,-0.605922,2.10192,2.10192,-0.178308,-0.176774,0,0.00153398,0.00153398,-0.00460194,2.04633,2.04633,
57317.4,0.0429515,0.0414175,-0.605727,-0.605922,2.10192,2.10192,-0.178308,-0.176774,0,0.00153398,0.00153398,-0.00460194,2.04633,2.04633,
57337.4,0.0429515,0.0414175,-0.605727,-0.605922,2.10192,2.10192,-0.178308,-0.176774,0,0.00153398,0.00153398,-0.00460194,2.04633,2.04633,
57357.3,0.0429515,0.0414175,-0.605727,-0.605922,2.10192,2.10192,-0.178308,-0.176774,0,0.00153398,0.00153398,-0.00460194,2.04633,2.04633,
57377.3,0.0429515,0.0414175,-0.605727,-0.605922,2.10192,2.10192,-0.178308,-0.176774,0,0.00153398,0.00153398,-0.00460194,2.04633,2.04633,
57397.3,0.0429515,0.0414175,-0.605727,-0.605922,2.10192,2.10192,-0.178308,-0.176774,0,0.00153398,0.00153398,-0.00460194,2.04633,2.04633,
57417.3,0.0429515,0.0414175,-0.605727,-0.605922,2.10192,2.10192,-0.178308,-0.176774,0,0.00153398,0.00153398,-0.00306796,2.04633,2.04633,
57437.3,0.0429515,0.0414175,-0.605727,-0.605922,2.10192,2.10192,-0.178308,-0.176774,0,0.00153398,0.00153398,-0.00306796,2.04633,2.04633,
57457.3,0.0429515,0.0414175,-0.605727,-0.605922,2.10192,2.10192,-0.178308,-0.176774,0,0.00153398,0.00153398,-0.00306796,2.04633,2.04633,
57477.3,0.0429515,0.0414175,-0.605727,-0.605922,2.10192,2.10192,-0.178308,-0.176774,0,0.00153398,0.00153398,-0.00306796,2.04633,2.04633,
57497.3,0.0429515,0.0414175,-0.605727,-0.605922,2.10192,2.10192,-0.178308,-0.176774,0,0.00153398,0.00153398,-0.00306796,2.04633,2.04633,
57517.3,0.0429515,0.0414175,-0.605727,-0.605922,2.10192,2.10192,-0.178308,-0.176774,0,0.00153398,0.00153398,-0.00306796,2.04633,2.04633,
57537.3,0.0429515,0.0414175,-0.605727,-0.605922,2.10192,2.10192,-0.178308,-0.176774,0,0.00153398,0.00153398,-0.00306796,2.04633,2.04633,
57557.3,0.0429515,0.0414175,-0.605727,-0.605922,2.10192,2.10192,-0.178308,-0.176774,0,0.00153398,0.00153398,-0.00306796,2.04633,2.04633,
57577.3,0.0429515,0.0414175,-0.605727,-0.605922,2.10192,2.10192,-0.178308,-0.176774,0,0.00153398,0.00153398,-0.00306796,2.04633,2.04633,
57597.3,0.0429515,0.0414175,-0.605727,-0.605922,2.10192,2.10192,-0.178308,-0.176774,0,0.00153398,0.00153398,-0.00306796,2.04633,2.04633,
57617.3,0.0429515,0.0414175,-0.605727,-0.605922,2.10192,2.10192,-0.178308,-0.176774,0,0.00153398,0.00153398,-0.00306796,2.04633,2.04633,
57637.3,0.0429515,0.0414175,-0.605727,-0.605922,2.10192,2.10192,-0.178308,-0.176774,0,0.00153398,0.00153398,-0.00306796,2.04633,2.04633,
57657.3,0.0429515,0.0414175,-0.605727,-0.605922,2.10192,2.10192,-0.178308,-0.176774,0,0.00153398,0.00153398,-0.00306796,2.04633,2.04633,
57677.4,0.0429515,0.0414175,-0.605727,-0.605922,2.10192,2.10192,-0.178308,-0.176774,0,0.00153398,0.00153398,-0.00306796,2.04633,2.04633,
57697.3,0.0429515,0.0414175,-0.605727,-0.605922,2.10192,2.10192,-0.178308,-0.176774,0,0.00153398,0.00153398,-0.00306796,2.04633,2.04633,
57717.3,0.0429515,0.0414175,-0.605727,-0.605922,2.10192,2.10192,-0.178308,-0.176774,0,0.00153398,0.00153398,-0.00306796,2.04633,2.04633,
57737.3,0.0429515,0.0414175,-0.605727,-0.605922,2.10192,2.10192,-0.178308,-0.176774,0,0.00153398,0.00153398,-0.00306796,2.04633,2.04633,
57757.3,0.0429515,0.0414175,-0.605727,-0.605922,2.10192,2.10192,-0.178308,-0.176774,0,0.00153398,0.00153398,-0.00306796,2.04633,2.04633,
57777.4,0.0429515,0.0414175,-0.605727,-0.605922,2.10192,2.10192,-0.178308,-0.176774,0,0.00153398,0.00153398,-0.00306796,2.04633,2.04633,
57797.4,0.0429515,0.0414175,-0.605727,-0.605922,2.10192,2.10345,-0.178308,-0.17524,0,0.00153398,0.00153398,-0.00460194,2.04633,2.04633,
57817.4,0.0429515,0.0414175,-0.605727,-0.605922,2.10192,2.10345,-0.178308,-0.17524,0,0.00153398,0.00153398,-0.00460194,2.04633,2.04633,
57837.3,0.0429515,0.0414175,-0.605727,-0.605922,2.10192,2.10345,-0.178308,-0.17524,0,0.00153398,0.00153398,-0.00460194,2.04633,2.04633,
57857.3,0.0429515,0.0414175,-0.605727,-0.605922,2.10192,2.10345,-0.178308,-0.17524,0,0.00153398,0.00153398,-0.00460194,2.04633,2.04633,
57877.4,0.0429515,0.0414175,-0.605727,-0.605922,2.10192,2.10345,-0.178308,-0.17524,0,0.00153398,0.00153398,-0.00460194,2.04633,2.04633,
57897.4,0.0429515,0.0414175,-0.605727,-0.605922,2.10192,2.10345,-0.178308,-0.17524,0,0.00153398,0.00153398,-0.00460194,2.04633,2.04633,
57917.3,0.0429515,0.0414175,-0.605727,-0.605922,2.10192,2.10345,-0.178308,-0.176774,0,0.00153398,0.00153398,-0.00306796,2.04633,2.04633,
57937.3,0.0429515,0.0414175,-0.605727,-0.605922,2.10192,2.10345,-0.178308,-0.176774,0,0.00153398,0.00153398,-0.00306796,2.04633,2.04633,
57957.3,0.0429515,0.0414175,-0.605727,-0.605922,2.10192,2.10345,-0.178308,-0.176774,0,0.00153398,0.00153398,-0.00306796,2.04633,2.04633,
57977.3,0.0429515,0.0414175,-0.605727,-0.605922,2.10192,2.10345,-0.178308,-0.176774,0,0.00153398,0.00153398,-0.00306796,2.04633,2.04633,
57997.3,0.0429515,0.0414175,-0.605727,-0.605922,2.10192,2.10345,-0.178308,-0.176774,0,0.00153398,0.00153398,-0.00306796,2.04633,2.04633,
58017.3,0.0429515,0.0414175,-0.605727,-0.605922,2.10192,2.10192,-0.178308,-0.176774,0,0.00153398,0.00153398,-0.00306796,2.04633,2.04633,
58037.3,0.0429515,0.0414175,-0.605727,-0.605922,2.10192,2.10192,-0.178308,-0.176774,0,0.00153398,0.00153398,-0.00306796,2.04633,2.04633,
58057.3,0.0429515,0.0414175,-0.605727,-0.605922,2.10192,2.10192,-0.178308,-0.176774,0,0.00153398,0.00153398,-0.00306796,2.04633,2.04633,
58077.3,0.0429515,0.0414175,-0.605727,-0.605922,2.10192,2.10192,-0.178308,-0.176774,0,0.00153398,0.00153398,-0.00306796,2.04633,2.04633,
58097.3,0.0429515,0.0414175,-0.605727,-0.605922,2.10192,2.10192,-0.178308,-0.176774,0,0.00153398,0.00153398,-0.00306796,2.04633,2.04633,
58117.3,0.0429515,0.0414175,-0.605727,-0.605922,2.10192,2.10192,-0.178308,-0.176774,0,0.00153398,0.00153398,-0.00306796,2.04633,2.04633,
58137.3,0.0429515,0.0414175,-0.605727,-0.605922,2.10192,2.10192,-0.178308,-0.176774,0,0.00153398,0.00153398,-0.00306796,2.04633,2.04633,
58157.3,0.0429515,0.0414175,-0.605727,-0.605922,2.10192,2.10192,-0.178308,-0.176774,0,0.00153398,0.00153398,-0.00306796,2.04633,2.04633,
58177.4,0.0429515,0.0414175,-0.605727,-0.605922,2.10192,2.10192,-0.178308,-0.176774,0,0.00153398,0.00153398,-0.00306796,2.04633,2.04633,
58197.3,0.0429515,0.0414175,-0.605727,-0.605922,2.10192,2.10192,-0.178308,-0.176774,0,0.00153398,0.00153398,-0.00306796,2.04633,2.04633,
58217.4,0.0429515,0.0414175,-0.605727,-0.605922,2.10192,2.10345,-0.178308,-0.176774,0,0.00153398,0.00153398,-0.00460194,2.04633,2.04633,
58237.3,0.0429515,0.0414175,-0.605727,-0.605922,2.10192,2.10345,-0.178308,-0.176774,0,0.00153398,0.00153398,-0.00460194,2.04633,2.04633,
58257.3,0.0429515,0.0414175,-0.605727,-0.605922,2.10192,2.10345,-0.178308,-0.176774,0,0.00153398,0.00153398,-0.00460194,2.04633,2.04633,
58277.3,0.0429515,0.0414175,-0.605727,-0.605922,2.10192,2.10345,-0.178308,-0.176774,0,0.00153398,0.00153398,-0.00460194,2.04633,2.04633,
58297.3,0.0429515,0.0414175,-0.605727,-0.605922,2.10192,2.10345,-0.178308,-0.176774,0,0.00153398,0.00153398,-0.00460194,2.04633,2.04633,
58317.4,0.0429515,0.0414175,-0.605727,-0.605922,2.10192,2.10192,-0.178308,-0.176774,0,0.00153398,0.00153398,-0.00306796,2.04633,2.04633,
58337.4,0.0429515,0.0414175,-0.605727,-0.605922,2.10192,2.10192,-0.178308,-0.176774,0,0.00153398,0.00153398,-0.00306796,2.04633,2.04633,
58357.3,0.0429515,0.0414175,-0.605727,-0.605922,2.10192,2.10192,-0.178308,-0.176774,0,0.00153398,0.00153398,-0.00306796,2.04633,2.04633,
58377.3,0.0429515,0.0414175,-0.605727,-0.605922,2.10192,2.10192,-0.178308,-0.176774,0,0.00153398,0.00153398,-0.00306796,2.04633,2.04633,
58397.3,0.0429515,0.0414175,-0.605727,-0.605922,2.10192,2.10192,-0.178308,-0.176774,0,0.00153398,0.00153398,-0.00306796,2.04633,2.04633,
58417.4,0.0429515,0.0414175,-0.605727,-0.605922,2.10192,2.10192,-0.178308,-0.176774,0,0.00153398,0.00153398,-0.00306796,2.04633,2.04633,
58437.3,0.0429515,0.0414175,-0.605727,-0.605922,2.10192,2.10192,-0.178308,-0.176774,0,0.00153398,0.00153398,-0.00306796,2.04633,2.04633,
58457.3,0.0429515,0.0414175,-0.605727,-0.605922,2.10192,2.10192,-0.178308,-0.176774,0,0.00153398,0.00153398,-0.00306796,2.04633,2.04633,
58477.4,0.0429515,0.0414175,-0.605727,-0.605922,2.10192,2.10192,-0.178308,-0.176774,0,0.00153398,0.00153398,-0.00306796,2.04633,2.04633,
58497.3,0.0429515,0.0414175,-0.605727,-0.605922,2.10192,2.10192,-0.178308,-0.176774,0,0.00153398,0.00153398,-0.00306796,2.04633,2.04633,
58517.4,0.0429515,0.0414175,-0.605727,-0.605922,2.10192,2.10192,-0.178308,-0.176774,0,0.00153398,0.00153398,-0.00306796,2.04633,2.04633,
58537.3,0.0429515,0.0414175,-0.605727,-0.605922,2.10192,2.10192,-0.178308,-0.176774,0,0.00153398,0.00153398,-0.00306796,2.04633,2.04633,
58557.3,0.0429515,0.0414175,-0.605727,-0.605922,2.10192,2.10192,-0.178308,-0.176774,0,0.00153398,0.00153398,-0.00306796,2.04633,2.04633,
58577.3,0.0429515,0.0414175,-0.605727,-0.605922,2.10192,2.10192,-0.178308,-0.176774,0,0.00153398,0.00153398,-0.00306796,2.04633,2.04633,
58597.4,0.0429515,0.0414175,-0.605727,-0.605922,2.10192,2.10192,-0.178308,-0.176774,0,0.00153398,0.00153398,-0.00306796,2.04633,2.04633,
58617.3,0.0429515,0.0414175,-0.605727,-0.605922,2.10192,2.10345,-0.178308,-0.176774,0,0.00153398,0.00153398,-0.00306796,2.04633,2.04633,
58637.3,0.0429515,0.0414175,-0.605727,-0.605922,2.10192,2.10345,-0.178308,-0.176774,0,0.00153398,0.00153398,-0.00306796,2.04633,2.04633,
58657.3,0.0429515,0.0414175,-0.605727,-0.605922,2.10192,2.10345,-0.178308,-0.176774,0,0.00153398,0.00153398,-0.00306796,2.04633,2.04633,
58677.3,0.0429515,0.0414175,-0.605727,-0.605922,2.10192,2.10345,-0.178308,-0.176774,0,0.00153398,0.00153398,-0.00306796,2.04633,2.04633,
58697.4,0.0429515,0.0414175,-0.605727,-0.605922,2.10192,2.10345,-0.178308,-0.176774,0,0.00153398,0.00153398,-0.00306796,2.04633,2.04633,
58717.3,0.0429515,0.0414175,-0.605727,-0.605922,2.10192,2.10345,-0.178308,-0.176774,0,0.00153398,0.00153398,-0.00460194,2.04633,2.04633,
58737.4,0.0429515,0.0414175,-0.605727,-0.605922,2.10192,2.10345,-0.178308,-0.176774,0,0.00153398,0.00153398,-0.00460194,2.04633,2.04633,
58757.3,0.0429515,0.0414175,-0.605727,-0.605922,2.10192,2.10345,-0.178308,-0.176774,0,0.00153398,0.00153398,-0.00460194,2.04633,2.04633,
58777.2,0.0429515,0.0414175,-0.605727,-0.605922,2.10192,2.10345,-0.178308,-0.176774,0,0.00153398,0.00153398,-0.00460194,2.04633,2.04633,
58797.3,0.0429515,0.0414175,-0.605727,-0.605922,2.10192,2.10345,-0.178308,-0.176774,0,0.00153398,0.00153398,-0.00460194,2.04633,2.04633,
58817.3,0.0429515,0.0414175,-0.605727,-0.605922,2.10192,2.10345,-0.178308,-0.17524,0,0.00153398,0.00153398,-0.00306796,2.04633,2.04633,
58837.3,0.0429515,0.0414175,-0.605727,-0.605922,2.10192,2.10345,-0.178308,-0.17524,0,0.00153398,0.00153398,-0.00306796,2.04633,2.04633,
58857.3,0.0429515,0.0414175,-0.605727,-0.605922,2.10192,2.10345,-0.178308,-0.17524,0,0.00153398,0.00153398,-0.00306796,2.04633,2.04633,
58878.7,0.0429515,0.0414175,-0.605727,-0.605922,2.10192,2.10345,-0.178308,-0.17524,0,0.00153398,0.00153398,-0.00306796,2.04633,2.04633,
58897.3,0.0429515,0.0414175,-0.605727,-0.605922,2.10192,2.10345,-0.178308,-0.176774,0,0.00153398,0.00153398,-0.00306796,2.04633,2.04633,
58917.4,0.0429515,0.0414175,-0.605727,-0.605922,2.10192,2.10345,-0.178308,-0.176774,0,0.00153398,0.00153398,-0.00306796,2.04633,2.04633,
58937.4,0.0429515,0.0414175,-0.605727,-0.605922,2.10192,2.10345,-0.178308,-0.176774,0,0.00153398,0.00153398,-0.00306796,2.04633,2.04633,
58957.3,0.0429515,0.0414175,-0.605727,-0.605922,2.10192,2.10345,-0.178308,-0.176774,0,0.00153398,0.00153398,-0.00306796,2.04633,2.04633,
58977.4,0.0429515,0.0414175,-0.605727,-0.605922,2.10192,2.10345,-0.178308,-0.176774,0,0.00153398,0.00153398,-0.00306796,2.04633,2.04633,
58997.4,0.0429515,0.0414175,-0.605727,-0.605922,2.10192,2.10192,-0.178308,-0.176774,0,0.00153398,0.00153398,-0.00306796,2.04633,2.04633,
59017.4,0.0429515,0.0414175,-0.605727,-0.605922,2.10192,2.10192,-0.178308,-0.176774,0,0.00153398,0.00153398,-0.00306796,2.04633,2.04633,
59037.4,0.0429515,0.0414175,-0.605727,-0.605922,2.10192,2.10192,-0.178308,-0.176774,0,0.00153398,0.00153398,-0.00306796,2.04633,2.04633,
59057.3,0.0429515,0.0414175,-0.605727,-0.605922,2.10192,2.10192,-0.178308,-0.176774,0,0.00153398,0.00153398,-0.00306796,2.04633,2.04633,
59077.3,0.0429515,0.0414175,-0.605727,-0.605922,2.10192,2.10192,-0.178308,-0.176774,0,0.00153398,0.00153398,-0.00306796,2.04633,2.04633,
59097.3,0.0429515,0.0414175,-0.605727,-0.605922,2.10192,2.10192,-0.178308,-0.176774,0,0.00153398,0.00153398,-0.00306796,2.04633,2.04633,
59117.3,0.0429515,0.0414175,-0.605727,-0.605922,2.10192,2.10192,-0.178308,-0.176774,0,0.00153398,0.00153398,-0.00460194,2.04633,2.04633,
59137.3,0.0429515,0.0414175,-0.605727,-0.605922,2.10192,2.10192,-0.178308,-0.176774,0,0.00153398,0.00153398,-0.00460194,2.04633,2.04633,
59157.4,0.0429515,0.0414175,-0.605727,-0.605922,2.10192,2.10192,-0.178308,-0.176774,0,0.00153398,0.00153398,-0.00460194,2.04633,2.04633,
59177.4,0.0429515,0.0414175,-0.605727,-0.605922,2.10192,2.10192,-0.178308,-0.176774,0,0.00153398,0.00153398,-0.00460194,2.04633,2.04633,
59197.3,0.0429515,0.0414175,-0.605727,-0.605922,2.10192,2.10192,-0.178308,-0.176774,0,0.00153398,0.00153398,-0.00306796,2.04633,2.04633,
59217.3,0.0429515,0.0414175,-0.605727,-0.605922,2.10192,2.10192,-0.178308,-0.176774,0,0.00153398,0.00153398,-0.00306796,2.04633,2.04633,
59237.3,0.0429515,0.0414175,-0.605727,-0.605922,2.10192,2.10192,-0.178308,-0.176774,0,0.00153398,0.00153398,-0.00306796,2.04633,2.04633,
59257.4,0.0429515,0.0414175,-0.605727,-0.605922,2.10192,2.10192,-0.178308,-0.176774,0,0.00153398,0.00153398,-0.00306796,2.04633,2.04633,
59277.4,0.0429515,0.0414175,-0.605727,-0.605922,2.10192,2.10192,-0.178308,-0.176774,0,0.00153398,0.00153398,-0.00306796,2.04633,2.04633,
59297.4,0.0429515,0.0414175,-0.605727,-0.605922,2.10192,2.10192,-0.178308,-0.176774,0,0.00153398,0.00153398,-0.00460194,2.04633,2.04633,
59317.4,0.0429515,0.0414175,-0.605727,-0.605922,2.10192,2.10192,-0.178308,-0.176774,0,0.00153398,0.00153398,-0.00460194,2.04633,2.04633,
59337.4,0.0429515,0.0414175,-0.605727,-0.605922,2.10192,2.10192,-0.178308,-0.176774,0,0.00153398,0.00153398,-0.00460194,2.04633,2.04633,
59357.4,0.0429515,0.0414175,-0.605727,-0.605922,2.10192,2.10192,-0.178308,-0.176774,0,0.00153398,0.00153398,-0.00460194,2.04633,2.04633,
59377.3,0.0429515,0.0414175,-0.605727,-0.605922,2.10192,2.10192,-0.178308,-0.176774,0,0.00153398,0.00153398,-0.00460194,2.04633,2.04633,
59397.3,0.0429515,0.0414175,-0.605727,-0.605922,2.10192,2.10192,-0.178308,-0.176774,0,0.00153398,0.00153398,-0.00306796,2.04633,2.04633,
59417.4,0.0429515,0.0414175,-0.605727,-0.605922,2.10192,2.10192,-0.178308,-0.176774,0,0.00153398,0.00153398,-0.00306796,2.04633,2.04633,
59437.4,0.0429515,0.0414175,-0.605727,-0.605922,2.10192,2.10192,-0.178308,-0.176774,0,0.00153398,0.00153398,-0.00306796,2.04633,2.04633,
59457.4,0.0429515,0.0414175,-0.605727,-0.605922,2.10192,2.10192,-0.178308,-0.176774,0,0.00153398,0.00153398,-0.00306796,2.04633,2.04633,
59477.4,0.0429515,0.0414175,-0.605727,-0.605922,2.10192,2.10192,-0.178308,-0.176774,0,0.00153398,0.00153398,-0.00306796,2.04633,2.04633,
59497.3,0.0429515,0.0414175,-0.605727,-0.605922,2.10192,2.10192,-0.178308,-0.176774,0,0.00153398,0.00153398,-0.00306796,2.04633,2.04633,
59517.3,0.0429515,0.0414175,-0.605727,-0.605922,2.10192,2.10192,-0.178308,-0.176774,0,0.00153398,0.00153398,-0.00306796,2.04633,2.04633,
59537.4,0.0429515,0.0414175,-0.605727,-0.605922,2.10192,2.10192,-0.178308,-0.176774,0,0.00153398,0.00153398,-0.00306796,2.04633,2.04633,
59557.3,0.0429515,0.0414175,-0.605727,-0.605922,2.10192,2.10192,-0.178308,-0.176774,0,0.00153398,0.00153398,-0.00306796,2.04633,2.04633,
59577.3,0.0429515,0.0414175,-0.605727,-0.605922,2.10192,2.10192,-0.178308,-0.176774,0,0.00153398,0.00153398,-0.00306796,2.04633,2.04633,
59597.2,0.0429515,0.0414175,-0.605727,-0.605922,2.10192,2.10192,-0.178308,-0.17524,0,0.00153398,0.00153398,-0.00306796,2.04633,2.04633,
59617.2,0.0429515,0.0414175,-0.605727,-0.605922,2.10192,2.10192,-0.178308,-0.17524,0,0.00153398,0.00153398,-0.00306796,2.04633,2.04633,
59637.3,0.0429515,0.0414175,-0.605727,-0.605922,2.10192,2.10192,-0.178308,-0.17524,0,0.00153398,0.00153398,-0.00306796,2.04633,2.04633,
59657.3,0.0429515,0.0414175,-0.605727,-0.605922,2.10192,2.10192,-0.178308,-0.17524,0,0.00153398,0.00153398,-0.00306796,2.04633,2.04633,
59677.3,0.0429515,0.0414175,-0.605727,-0.605922,2.10192,2.10192,-0.178308,-0.17524,0,0.00153398,0.00153398,-0.00306796,2.04633,2.04633,
59697.3,0.0429515,0.0414175,-0.605727,-0.605922,2.10192,2.10192,-0.178308,-0.17524,0,0.00153398,0.00153398,-0.00306796,2.04633,2.04633,
59717.3,0.0429515,0.0414175,-0.605727,-0.605922,2.10192,2.10345,-0.178308,-0.17524,0,0.00153398,0.00153398,-0.00306796,2.04633,2.04633,
59737.3,0.0429515,0.0414175,-0.605727,-0.605922,2.10192,2.10345,-0.178308,-0.17524,0,0.00153398,0.00153398,-0.00306796,2.04633,2.04633,
59757.3,0.0429515,0.0414175,-0.605727,-0.605922,2.10192,2.10345,-0.178308,-0.17524,0,0.00153398,0.00153398,-0.00306796,2.04633,2.04633,
59777.2,0.0429515,0.0414175,-0.605727,-0.605922,2.10192,2.10345,-0.178308,-0.17524,0,0.00153398,0.00153398,-0.00306796,2.04633,2.04633,
59797.2,0.0429515,0.0414175,-0.605727,-0.605922,2.10192,2.10192,-0.178308,-0.176774,0,0.00153398,0.00153398,-0.00460194,2.04633,2.04633,
59817.3,0.0429515,0.0414175,-0.605727,-0.605922,2.10192,2.10192,-0.178308,-0.176774,0,0.00153398,0.00153398,-0.00460194,2.04633,2.04633,
59837.3,0.0429515,0.0414175,-0.605727,-0.605922,2.10192,2.10192,-0.178308,-0.176774,0,0.00153398,0.00153398,-0.00460194,2.04633,2.04633,
59857.4,0.0429515,0.0414175,-0.605727,-0.605922,2.10192,2.10192,-0.178308,-0.176774,0,0.00153398,0.00153398,-0.00460194,2.04633,2.04633,
59877.2,0.0429515,0.0414175,-0.605727,-0.605922,2.10192,2.10192,-0.178308,-0.176774,0,0.00153398,0.00153398,-0.00460194,2.04633,2.04633,
59897.2,0.0429515,0.0414175,-0.605727,-0.605922,2.10192,2.10192,-0.178308,-0.176774,0,0.00153398,0.00153398,-0.00460194,2.04633,2.04633,
59917.2,0.0429515,0.0414175,-0.605727,-0.605922,2.10192,2.10192,-0.178308,-0.176774,0,0.00153398,0.00153398,-0.00306796,2.04633,2.04633,
59937.3,0.0429515,0.0414175,-0.605727,-0.605922,2.10192,2.10192,-0.178308,-0.176774,0,0.00153398,0.00153398,-0.00306796,2.04633,2.04633,
59957.3,0.0429515,0.0414175,-0.605727,-0.605922,2.10192,2.10192,-0.178308,-0.176774,0,0.00153398,0.00153398,-0.00306796,2.04633,2.04633,
59977.4,0.0429515,0.0414175,-0.605727,-0.605922,2.10192,2.10192,-0.178308,-0.176774,0,0.00153398,0.00153398,-0.00306796,2.04633,2.04633,
59997.4,0.0429515,0.0414175,-0.605727,-0.605922,2.10192,2.10192,-0.178308,-0.176774,0,0.00153398,0.00153398,-0.00306796,2.04633,2.04633,
60017.3,0.0429515,0.0414175,-0.605727,-0.605922,2.10192,2.10345,-0.178308,-0.17524,0,0.00153398,0.00153398,-0.00306796,2.04633,2.04633,
60037.4,0.0429515,0.0414175,-0.605727,-0.605922,2.10192,2.10345,-0.178308,-0.17524,0,0.00153398,0.00153398,-0.00306796,2.04633,2.04633,
60057.3,0.0429515,0.0414175,-0.605727,-0.605922,2.10192,2.10345,-0.178308,-0.17524,0,0.00153398,0.00153398,-0.00306796,2.04633,2.04633,
60077.4,0.0429515,0.0414175,-0.605727,-0.605922,2.10192,2.10345,-0.178308,-0.17524,0,0.00153398,0.00153398,-0.00306796,2.04633,2.04633,
60097.3,0.0429515,0.0414175,-0.605727,-0.605922,2.10192,2.10192,-0.178308,-0.176774,0,0.00153398,0.00153398,-0.00306796,2.04633,2.04633,
60117.3,0.0429515,0.0414175,-0.605727,-0.605922,2.10192,2.10192,-0.178308,-0.176774,0,0.00153398,0.00153398,-0.00306796,2.04633,2.04633,
60137.3,0.0429515,0.0414175,-0.605727,-0.605922,2.10192,2.10192,-0.178308,-0.176774,0,0.00153398,0.00153398,-0.00306796,2.04633,2.04633,
60157.4,0.0429515,0.0414175,-0.605727,-0.605922,2.10192,2.10192,-0.178308,-0.176774,0,0.00153398,0.00153398,-0.00306796,2.04633,2.04633,
60177.4,0.0429515,0.0414175,-0.605727,-0.605922,2.10192,2.10192,-0.178308,-0.176774,0,0.00153398,0.00153398,-0.00306796,2.04633,2.04633,
60197.4,0.0429515,0.0414175,-0.605727,-0.605922,2.10192,2.10192,-0.178308,-0.176774,0,0.00153398,0.00153398,-0.00306796,2.04633,2.04633,
60217.3,0.0429515,0.0414175,-0.605727,-0.605922,2.10192,2.10192,-0.178308,-0.176774,0,0.00153398,0.00153398,-0.00306796,2.04633,2.04633,
60237.3,0.0429515,0.0414175,-0.605727,-0.605922,2.10192,2.10192,-0.178308,-0.176774,0,0.00153398,0.00153398,-0.00306796,2.04633,2.04633,
60257.3,0.0429515,0.0414175,-0.605727,-0.605922,2.10192,2.10192,-0.178308,-0.176774,0,0.00153398,0.00153398,-0.00306796,2.04633,2.04633,
60277.4,0.0429515,0.0414175,-0.605727,-0.605922,2.10192,2.10192,-0.178308,-0.176774,0,0.00153398,0.00153398,-0.00306796,2.04633,2.04633,
60297.3,0.0429515,0.0414175,-0.605727,-0.605922,2.10192,2.10192,-0.178308,-0.176774,0,0.00153398,0.00153398,-0.00306796,2.04633,2.04633,
60317.3,0.0429515,0.0414175,-0.605727,-0.605922,2.10192,2.10192,-0.178308,-0.17524,0,0.00153398,0.00153398,-0.00306796,2.04633,2.04633,
60337.3,0.0429515,0.0414175,-0.605727,-0.605922,2.10192,2.10192,-0.178308,-0.17524,0,0.00153398,0.00153398,-0.00306796,2.04633,2.04633,
60357.4,0.0429515,0.0414175,-0.605727,-0.605922,2.10192,2.10192,-0.178308,-0.17524,0,0.00153398,0.00153398,-0.00306796,2.04633,2.04633,
60377.4,0.0429515,0.0414175,-0.605727,-0.605922,2.10192,2.10192,-0.178308,-0.17524,0,0.00153398,0.00153398,-0.00306796,2.04633,2.04633,
60397.4,0.0429515,0.0414175,-0.605727,-0.605922,2.10192,2.10192,-0.178308,-0.17524,0,0.00153398,0.00153398,-0.00306796,2.04633,2.04633,
60417.3,0.0429515,0.0414175,-0.605727,-0.605922,2.10192,2.10192,-0.178308,-0.176774,0,0.00153398,0.00153398,-0.00306796,2.04633,2.04633,
60437.3,0.0429515,0.0414175,-0.605727,-0.605922,2.10192,2.10192,-0.178308,-0.176774,0,0.00153398,0.00153398,-0.00306796,2.04633,2.04633,
60457.4,0.0429515,0.0414175,-0.605727,-0.605922,2.10192,2.10192,-0.178308,-0.176774,0,0.00153398,0.00153398,-0.00306796,2.04633,2.04633,
60477.3,0.0429515,0.0414175,-0.605727,-0.605922,2.10192,2.10192,-0.178308,-0.176774,0,0.00153398,0.00153398,-0.00306796,2.04633,2.04633,
60497.4,0.0429515,0.0414175,-0.605727,-0.605922,2.10192,2.10192,-0.178308,-0.176774,0,0.00153398,0.00153398,-0.00306796,2.04633,2.04633,
60517.4,0.0429515,0.0414175,-0.605727,-0.605922,2.10192,2.10192,-0.178308,-0.176774,0,0.00153398,0.00153398,-0.00306796,2.04633,2.04633,
60537.4,0.0429515,0.0414175,-0.605727,-0.605922,2.10192,2.10192,-0.178308,-0.176774,0,0.00153398,0.00153398,-0.00306796,2.04633,2.04633,
60557.3,0.0429515,0.0414175,-0.605727,-0.605922,2.10192,2.10192,-0.178308,-0.176774,0,0.00153398,0.00153398,-0.00306796,2.04633,2.04633,
60577.4,0.0429515,0.0414175,-0.605727,-0.605922,2.10192,2.10192,-0.178308,-0.176774,0,0.00153398,0.00153398,-0.00306796,2.04633,2.04633,
60597.3,0.0429515,0.0414175,-0.605727,-0.605922,2.10192,2.10192,-0.178308,-0.176774,0,0.00153398,0.00153398,-0.00306796,2.04633,2.04633,
60617.2,0.0429515,0.0414175,-0.605727,-0.605922,2.10192,2.10192,-0.178308,-0.176774,0,0.00153398,0.00153398,-0.00306796,2.04633,2.04633,
60637.3,0.0429515,0.0414175,-0.605727,-0.605922,2.10192,2.10192,-0.178308,-0.176774,0,0.00153398,0.00153398,-0.00306796,2.04633,2.04633,
60657.3,0.0429515,0.0414175,-0.605727,-0.605922,2.10192,2.10192,-0.178308,-0.176774,0,0.00153398,0.00153398,-0.00306796,2.04633,2.04633,
60677.3,0.0429515,0.0414175,-0.605727,-0.605922,2.10192,2.10192,-0.178308,-0.176774,0,0.00153398,0.00153398,-0.00306796,2.04633,2.04633,
60697.3,0.0429515,0.0414175,-0.605727,-0.605922,2.10192,2.10192,-0.178308,-0.176774,0,0.00153398,0.00153398,-0.00306796,2.04633,2.04633,
60717.3,0.0429515,0.0414175,-0.605727,-0.605922,2.10192,2.10192,-0.178308,-0.176774,0,0.00153398,0.00153398,-0.00306796,2.04633,2.04633,
60737.3,0.0429515,0.0414175,-0.605727,-0.605922,2.10192,2.10192,-0.178308,-0.176774,0,0.00153398,0.00153398,-0.00306796,2.04633,2.04633,
60757.3,0.0429515,0.0414175,-0.605727,-0.605922,2.10192,2.10192,-0.178308,-0.176774,0,0.00153398,0.00153398,-0.00306796,2.04633,2.04633,
60777.2,0.0429515,0.0414175,-0.605727,-0.605922,2.10192,2.10192,-0.178308,-0.176774,0,0.00153398,0.00153398,-0.00306796,2.04633,2.04633,
60797.2,0.0429515,0.0414175,-0.605727,-0.605922,2.10192,2.10192,-0.178308,-0.176774,0,0.00153398,0.00153398,-0.00460194,2.04633,2.04633,
60817.2,0.0429515,0.0414175,-0.605727,-0.605922,2.10192,2.10192,-0.178308,-0.176774,0,0.00153398,0.00153398,-0.00460194,2.04633,2.04633,
60837.2,0.0429515,0.0414175,-0.605727,-0.605922,2.10192,2.10192,-0.178308,-0.176774,0,0.00153398,0.00153398,-0.00460194,2.04633,2.04633,
60857.3,0.0429515,0.0414175,-0.605727,-0.605922,2.10192,2.10192,-0.178308,-0.176774,0,0.00153398,0.00153398,-0.00460194,2.04633,2.04633,
60877.3,0.0429515,0.0414175,-0.605727,-0.605922,2.10192,2.10192,-0.178308,-0.176774,0,0.00153398,0.00153398,-0.00460194,2.04633,2.04633,
60897.3,0.0429515,0.0414175,-0.605727,-0.605922,2.10192,2.10192,-0.178308,-0.176774,0,0.00153398,0.00153398,-0.00460194,2.04633,2.04633,
60917.4,0.0429515,0.0414175,-0.605727,-0.605922,2.10192,2.10192,-0.178308,-0.17524,0,0.00153398,0.00153398,-0.00306796,2.04633,2.04633,
60937.3,0.0429515,0.0414175,-0.605727,-0.605922,2.10192,2.10192,-0.178308,-0.17524,0,0.00153398,0.00153398,-0.00306796,2.04633,2.04633,
60957.3,0.0429515,0.0414175,-0.605727,-0.605922,2.10192,2.10192,-0.178308,-0.17524,0,0.00153398,0.00153398,-0.00306796,2.04633,2.04633,
60977.4,0.0429515,0.0414175,-0.605727,-0.605922,2.10192,2.10192,-0.178308,-0.17524,0,0.00153398,0.00153398,-0.00306796,2.04633,2.04633,
60997.3,0.0429515,0.0414175,-0.605727,-0.605922,2.10192,2.10192,-0.178308,-0.176774,0,0.00153398,0.00153398,-0.00306796,2.04633,2.04633,
61017.4,0.0429515,0.0414175,-0.605727,-0.605922,2.10192,2.10192,-0.178308,-0.176774,0,0.00153398,0.00153398,-0.00306796,2.04633,2.04633,
61037.4,0.0429515,0.0414175,-0.605727,-0.605922,2.10192,2.10192,-0.178308,-0.176774,0,0.00153398,0.00153398,-0.00306796,2.04633,2.04633,
61057.3,0.0429515,0.0414175,-0.605727,-0.605922,2.10192,2.10192,-0.178308,-0.176774,0,0.00153398,0.00153398,-0.00306796,2.04633,2.04633,
61077.3,0.0429515,0.0414175,-0.605727,-0.605922,2.10192,2.10192,-0.178308,-0.176774,0,0.00153398,0.00153398,-0.00306796,2.04633,2.04633,
61097.4,0.0429515,0.0414175,-0.605727,-0.605922,2.10192,2.10192,-0.178308,-0.176774,0,0.00153398,0.00153398,-0.00306796,2.04633,2.04633,
61117.2,0.0429515,0.0414175,-0.605727,-0.605922,2.10192,2.10192,-0.178308,-0.17524,0,0.00153398,0.00153398,-0.00306796,2.04633,2.04633,
61137.4,0.0429515,0.0414175,-0.605727,-0.605922,2.10192,2.10192,-0.178308,-0.17524,0,0.00153398,0.00153398,-0.00306796,2.04633,2.04633,
61157.4,0.0429515,0.0414175,-0.605727,-0.605922,2.10192,2.10192,-0.178308,-0.17524,0,0.00153398,0.00153398,-0.00306796,2.04633,2.04633,
61177.3,0.0429515,0.0414175,-0.605727,-0.605922,2.10192,2.10192,-0.178308,-0.17524,0,0.00153398,0.00153398,-0.00306796,2.04633,2.04633,
61197.2,0.0429515,0.0414175,-0.605727,-0.605922,2.10192,2.10345,-0.178308,-0.176774,0,0.00153398,0.00153398,-0.00306796,2.04633,2.04633,
61217.4,0.0429515,0.0414175,-0.605727,-0.605922,2.10192,2.10345,-0.178308,-0.176774,0,0.00153398,0.00153398,-0.00306796,2.04633,2.04633,
61237.4,0.0429515,0.0414175,-0.605727,-0.605922,2.10192,2.10345,-0.178308,-0.176774,0,0.00153398,0.00153398,-0.00306796,2.04633,2.04633,
61257.3,0.0429515,0.0414175,-0.605727,-0.605922,2.10192,2.10345,-0.178308,-0.176774,0,0.00153398,0.00153398,-0.00306796,2.04633,2.04633,
61277.3,0.0429515,0.0414175,-0.605727,-0.605922,2.10192,2.10345,-0.178308,-0.176774,0,0.00153398,0.00153398,-0.00306796,2.04633,2.04633,
61297.3,0.0429515,0.0414175,-0.605727,-0.605922,2.10192,2.10192,-0.178308,-0.176774,0,0.00153398,0.00153398,-0.00306796,2.04633,2.04633,
61317.3,0.0429515,0.0414175,-0.605727,-0.605922,2.10192,2.10192,-0.178308,-0.176774,0,0.00153398,0.00153398,-0.00306796,2.04633,2.04633,
61337.4,0.0429515,0.0414175,-0.605727,-0.605922,2.10192,2.10192,-0.178308,-0.176774,0,0.00153398,0.00153398,-0.00306796,2.04633,2.04633,
61357.4,0.0429515,0.0414175,-0.605727,-0.605922,2.10192,2.10192,-0.178308,-0.176774,0,0.00153398,0.00153398,-0.00306796,2.04633,2.04633,
61377.4,0.0429515,0.0414175,-0.605727,-0.605922,2.10192,2.10192,-0.178308,-0.176774,0,0.00153398,0.00153398,-0.00306796,2.04633,2.04633,
61397.3,0.0429515,0.0414175,-0.605727,-0.605922,2.10192,2.10192,-0.178308,-0.176774,0,0.00153398,0.00153398,-0.00306796,2.04633,2.04786,
61417.4,0.0429515,0.0414175,-0.605727,-0.605922,2.10192,2.10192,-0.178308,-0.176774,0,0.00153398,0.00153398,-0.00306796,2.04633,2.04786,
61437.4,0.0429515,0.0414175,-0.605727,-0.605922,2.10192,2.10192,-0.178308,-0.176774,0,0.00153398,0.00153398,-0.00306796,2.04633,2.04786,
61457.3,0.0429515,0.0414175,-0.605727,-0.605922,2.10192,2.10192,-0.178308,-0.176774,0,0.00153398,0.00153398,-0.00306796,2.04633,2.04786,
61477.3,0.0429515,0.0414175,-0.605727,-0.605922,2.10192,2.10192,-0.178308,-0.176774,0,0.00153398,0.00153398,-0.00306796,2.04633,2.04786,
61497.3,0.0429515,0.0414175,-0.605727,-0.605922,2.10192,2.10192,-0.178308,-0.176774,0,0.00153398,0.00153398,-0.00306796,2.04633,2.04786,
61517.3,0.0429515,0.0414175,-0.605727,-0.605922,2.10192,2.10192,-0.178308,-0.176774,0,0.00153398,0.00153398,-0.00306796,2.04633,2.04633,
61537.4,0.0429515,0.0414175,-0.605727,-0.605922,2.10192,2.10192,-0.178308,-0.176774,0,0.00153398,0.00153398,-0.00306796,2.04633,2.04633,
61557.3,0.0429515,0.0414175,-0.605727,-0.605922,2.10192,2.10192,-0.178308,-0.176774,0,0.00153398,0.00153398,-0.00306796,2.04633,2.04633,
61577.3,0.0429515,0.0414175,-0.605727,-0.605922,2.10192,2.10192,-0.178308,-0.176774,0,0.00153398,0.00153398,-0.00306796,2.04633,2.04633,
61597.4,0.0429515,0.0414175,-0.605727,-0.605922,2.10192,2.10192,-0.178308,-0.176774,0,0.00153398,0.00153398,-0.00306796,2.04633,2.04633,
61617.2,0.0429515,0.0414175,-0.605727,-0.605922,2.10192,2.10345,-0.178308,-0.176774,0,0.00153398,0.00153398,-0.00306796,2.04633,2.04633,
61637.4,0.0429515,0.0414175,-0.605727,-0.605922,2.10192,2.10345,-0.178308,-0.176774,0,0.00153398,0.00153398,-0.00306796,2.04633,2.04633,
61657.4,0.0429515,0.0414175,-0.605727,-0.605922,2.10192,2.10345,-0.178308,-0.176774,0,0.00153398,0.00153398,-0.00306796,2.04633,2.04633,
61677.4,0.0429515,0.0414175,-0.605727,-0.605922,2.10192,2.10345,-0.178308,-0.176774,0,0.00153398,0.00153398,-0.00306796,2.04633,2.04633,
61697.3,0.0429515,0.0414175,-0.605727,-0.605922,2.10192,2.10192,-0.178308,-0.17524,0,0.00153398,0.00153398,-0.00306796,2.04633,2.04633,
61717.4,0.0429515,0.0414175,-0.605727,-0.605922,2.10192,2.10192,-0.178308,-0.17524,0,0.00153398,0.00153398,-0.00306796,2.04633,2.04633,
61737.4,0.0429515,0.0414175,-0.605727,-0.605922,2.10192,2.10192,-0.178308,-0.17524,0,0.00153398,0.00153398,-0.00306796,2.04633,2.04633,
61757.4,0.0429515,0.0414175,-0.605727,-0.605922,2.10192,2.10192,-0.178308,-0.17524,0,0.00153398,0.00153398,-0.00306796,2.04633,2.04633,
61777.4,0.0429515,0.0414175,-0.605727,-0.605922,2.10192,2.10192,-0.178308,-0.17524,0,0.00153398,0.00153398,-0.00306796,2.04633,2.04633,
61797.4,0.0429515,0.0414175,-0.605727,-0.605922,2.10192,2.10192,-0.178308,-0.176774,0,0.00153398,0.00153398,-0.00306796,2.04633,2.04633,
61817.4,0.0429515,0.0414175,-0.605727,-0.605922,2.10192,2.10192,-0.178308,-0.176774,0,0.00153398,0.00153398,-0.00306796,2.04633,2.04633,
61837.3,0.0429515,0.0414175,-0.605727,-0.605922,2.10192,2.10192,-0.178308,-0.176774,0,0.00153398,0.00153398,-0.00306796,2.04633,2.04633,
61857.4,0.0429515,0.0414175,-0.605727,-0.605922,2.10192,2.10192,-0.178308,-0.176774,0,0.00153398,0.00153398,-0.00306796,2.04633,2.04633,
61877.4,0.0429515,0.0414175,-0.605727,-0.605922,2.10192,2.10192,-0.178308,-0.176774,0,0.00153398,0.00153398,-0.00306796,2.04633,2.04633,
61897.3,0.0429515,0.0414175,-0.605727,-0.605922,2.10192,2.10192,-0.178308,-0.176774,0,0.00153398,0.00153398,-0.00306796,2.04633,2.04633,
61917.3,0.0429515,0.0414175,-0.605727,-0.605922,2.10192,2.10192,-0.178308,-0.176774,0,0.00153398,0.00153398,-0.00306796,2.04633,2.04633,
61937.4,0.0429515,0.0414175,-0.605727,-0.605922,2.10192,2.10192,-0.178308,-0.176774,0,0.00153398,0.00153398,-0.00306796,2.04633,2.04633,
61957.3,0.0429515,0.0414175,-0.605727,-0.605922,2.10192,2.10192,-0.178308,-0.176774,0,0.00153398,0.00153398,-0.00306796,2.04633,2.04633,
61977.3,0.0429515,0.0414175,-0.605727,-0.605922,2.10192,2.10192,-0.178308,-0.176774,0,0.00153398,0.00153398,-0.00306796,2.04633,2.04633,
61997.3,0.0429515,0.0414175,-0.605727,-0.605922,2.10192,2.10192,-0.178308,-0.176774,0,0.00153398,0.00153398,-0.00306796,2.04633,2.04633,
62017.4,0.0429515,0.0414175,-0.605727,-0.605922,2.10192,2.10345,-0.178308,-0.176774,0,0.00153398,0.00153398,-0.00460194,2.04633,2.04633,
62037.4,0.0429515,0.0414175,-0.605727,-0.605922,2.10192,2.10345,-0.178308,-0.176774,0,0.00153398,0.00153398,-0.00460194,2.04633,2.04633,
62057.3,0.0429515,0.0414175,-0.605727,-0.605922,2.10192,2.10345,-0.178308,-0.176774,0,0.00153398,0.00153398,-0.00460194,2.04633,2.04633,
62077.3,0.0429515,0.0414175,-0.605727,-0.605922,2.10192,2.10345,-0.178308,-0.176774,0,0.00153398,0.00153398,-0.00460194,2.04633,2.04633,
62097.3,0.0429515,0.0414175,-0.605727,-0.605922,2.10192,2.10345,-0.178308,-0.176774,0,0.00153398,0.00153398,-0.00460194,2.04633,2.04633,
62117.2,0.0429515,0.0414175,-0.605727,-0.605922,2.10192,2.10345,-0.178308,-0.176774,0,0.00153398,0.00153398,-0.00306796,2.04633,2.04633,
62137.3,0.0429515,0.0414175,-0.605727,-0.605922,2.10192,2.10345,-0.178308,-0.176774,0,0.00153398,0.00153398,-0.00306796,2.04633,2.04633,
62157.4,0.0429515,0.0414175,-0.605727,-0.605922,2.10192,2.10345,-0.178308,-0.176774,0,0.00153398,0.00153398,-0.00306796,2.04633,2.04633,
62177.4,0.0429515,0.0414175,-0.605727,-0.605922,2.10192,2.10345,-0.178308,-0.176774,0,0.00153398,0.00153398,-0.00306796,2.04633,2.04633,
62197.4,0.0429515,0.0414175,-0.605727,-0.605922,2.10192,2.10345,-0.178308,-0.176774,0,0.00153398,0.00153398,-0.00306796,2.04633,2.04633,
62217.3,0.0429515,0.0414175,-0.605727,-0.605922,2.10192,2.10192,-0.178308,-0.176774,0,0.00153398,0.00153398,-0.00306796,2.04633,2.04633,
62237.3,0.0429515,0.0414175,-0.605727,-0.605922,2.10192,2.10192,-0.178308,-0.176774,0,0.00153398,0.00153398,-0.00306796,2.04633,2.04633,
62257.3,0.0429515,0.0414175,-0.605727,-0.605922,2.10192,2.10192,-0.178308,-0.176774,0,0.00153398,0.00153398,-0.00306796,2.04633,2.04633,
62277.3,0.0429515,0.0414175,-0.605727,-0.605922,2.10192,2.10192,-0.178308,-0.176774,0,0.00153398,0.00153398,-0.00306796,2.04633,2.04633,
62297.3,0.0429515,0.0414175,-0.605727,-0.605922,2.10192,2.10192,-0.178308,-0.176774,0,0.00153398,0.00153398,-0.00306796,2.04633,2.04633,
62317.3,0.0429515,0.0414175,-0.605727,-0.605922,2.10192,2.10345,-0.178308,-0.17524,0,0.00153398,0.00153398,-0.00306796,2.04633,2.04633,
62337.4,0.0429515,0.0414175,-0.605727,-0.605922,2.10192,2.10345,-0.178308,-0.17524,0,0.00153398,0.00153398,-0.00306796,2.04633,2.04633,
62357.4,0.0429515,0.0414175,-0.605727,-0.605922,2.10192,2.10345,-0.178308,-0.17524,0,0.00153398,0.00153398,-0.00306796,2.04633,2.04633,
62377.4,0.0429515,0.0414175,-0.605727,-0.605922,2.10192,2.10345,-0.178308,-0.17524,0,0.00153398,0.00153398,-0.00306796,2.04633,2.04633,
62397.3,0.0429515,0.0414175,-0.605727,-0.605922,2.10192,2.10345,-0.178308,-0.176774,0,0.00153398,0.00153398,-0.00306796,2.04633,2.04633,
62417.4,0.0429515,0.0414175,-0.605727,-0.605922,2.10192,2.10345,-0.178308,-0.176774,0,0.00153398,0.00153398,-0.00306796,2.04633,2.04633,
62437.4,0.0429515,0.0414175,-0.605727,-0.605922,2.10192,2.10345,-0.178308,-0.176774,0,0.00153398,0.00153398,-0.00306796,2.04633,2.04633,
62457.4,0.0429515,0.0414175,-0.605727,-0.605922,2.10192,2.10345,-0.178308,-0.176774,0,0.00153398,0.00153398,-0.00306796,2.04633,2.04633,
62477.4,0.0429515,0.0414175,-0.605727,-0.605922,2.10192,2.10345,-0.178308,-0.176774,0,0.00153398,0.00153398,-0.00306796,2.04633,2.04633,
62497.4,0.0429515,0.0414175,-0.605727,-0.605922,2.10192,2.10192,-0.178308,-0.17524,0,0.00153398,0.00153398,-0.00306796,2.04633,2.04633,
62517.3,0.0429515,0.0414175,-0.605727,-0.605922,2.10192,2.10192,-0.178308,-0.17524,0,0.00153398,0.00153398,-0.00306796,2.04633,2.04633,
62537.4,0.0429515,0.0414175,-0.605727,-0.605922,2.10192,2.10192,-0.178308,-0.17524,0,0.00153398,0.00153398,-0.00306796,2.04633,2.04633,
62557.3,0.0429515,0.0414175,-0.605727,-0.605922,2.10192,2.10192,-0.178308,-0.17524,0,0.00153398,0.00153398,-0.00306796,2.04633,2.04633,
62577.3,0.0429515,0.0414175,-0.605727,-0.605922,2.10192,2.10192,-0.178308,-0.17524,0,0.00153398,0.00153398,-0.00306796,2.04633,2.04633,
62597.3,0.0429515,0.0414175,-0.605727,-0.605922,2.10192,2.10192,-0.178308,-0.176774,0,0.00153398,0.00153398,-0.00306796,2.04633,2.04633,
62617.3,0.0429515,0.0414175,-0.605727,-0.605922,2.10192,2.10192,-0.178308,-0.176774,0,0.00153398,0.00153398,-0.00306796,2.04633,2.04633,
62637.4,0.0429515,0.0414175,-0.605727,-0.605922,2.10192,2.10192,-0.178308,-0.176774,0,0.00153398,0.00153398,-0.00306796,2.04633,2.04633,
62657.3,0.0429515,0.0414175,-0.605727,-0.605922,2.10192,2.10192,-0.178308,-0.176774,0,0.00153398,0.00153398,-0.00306796,2.04633,2.04633,
62677.4,0.0429515,0.0414175,-0.605727,-0.605922,2.10192,2.10192,-0.178308,-0.176774,0,0.00153398,0.00153398,-0.00306796,2.04633,2.04633,
62697.3,0.0429515,0.0414175,-0.605727,-0.605922,2.10192,2.10192,-0.178308,-0.176774,0,0.00153398,0.00153398,-0.00306796,2.04633,2.04633,
62717.3,0.0429515,0.0414175,-0.605727,-0.605922,2.10192,2.10192,-0.178308,-0.17524,0,0.00153398,0.00153398,-0.00306796,2.04633,2.04633,
62737.4,0.0429515,0.0414175,-0.605727,-0.605922,2.10192,2.10192,-0.178308,-0.17524,0,0.00153398,0.00153398,-0.00306796,2.04633,2.04633,
62757.4,0.0429515,0.0414175,-0.605727,-0.605922,2.10192,2.10192,-0.178308,-0.17524,0,0.00153398,0.00153398,-0.00306796,2.04633,2.04633,
62777.4,0.0429515,0.0414175,-0.605727,-0.605922,2.10192,2.10192,-0.178308,-0.17524,0,0.00153398,0.00153398,-0.00306796,2.04633,2.04633,
62797.3,0.0429515,0.0414175,-0.605727,-0.605922,2.10192,2.10192,-0.178308,-0.176774,0,0.00153398,0.00153398,-0.00306796,2.04633,2.04633,
62817.4,0.0429515,0.0414175,-0.605727,-0.605922,2.10192,2.10192,-0.178308,-0.176774,0,0.00153398,0.00153398,-0.00306796,2.04633,2.04633,
62837.4,0.0429515,0.0414175,-0.605727,-0.605922,2.10192,2.10192,-0.178308,-0.176774,0,0.00153398,0.00153398,-0.00306796,2.04633,2.04633,
62857.4,0.0429515,0.0414175,-0.605727,-0.605922,2.10192,2.10192,-0.178308,-0.176774,0,0.00153398,0.00153398,-0.00306796,2.04633,2.04633,
62877.4,0.0429515,0.0414175,-0.605727,-0.605922,2.10192,2.10192,-0.178308,-0.176774,0,0.00153398,0.00153398,-0.00306796,2.04633,2.04633,
62897.2,0.0429515,0.0414175,-0.605727,-0.605922,2.10192,2.10192,-0.178308,-0.176774,0,0.00153398,0.00153398,-0.00306796,2.04633,2.04633,
62917.3,0.0429515,0.0414175,-0.605727,-0.605922,2.10192,2.10192,-0.178308,-0.176774,0,0.00153398,0.00153398,-0.00306796,2.04633,2.04633,
62937.4,0.0429515,0.0414175,-0.605727,-0.605922,2.10192,2.10192,-0.178308,-0.176774,0,0.00153398,0.00153398,-0.00306796,2.04633,2.04633,
62957.4,0.0429515,0.0414175,-0.605727,-0.605922,2.10192,2.10192,-0.178308,-0.176774,0,0.00153398,0.00153398,-0.00306796,2.04633,2.04633,
62977.4,0.0429515,0.0414175,-0.605727,-0.605922,2.10192,2.10192,-0.178308,-0.176774,0,0.00153398,0.00153398,-0.00306796,2.04633,2.04633,
62997.3,0.0429515,0.0414175,-0.605727,-0.605922,2.10192,2.10192,-0.178308,-0.176774,0,0.00153398,0.00153398,-0.00306796,2.04633,2.04633,
63017.4,0.0429515,0.0414175,-0.605727,-0.605922,2.10192,2.10192,-0.178308,-0.176774,0,0.00153398,0.00153398,-0.00306796,2.04633,2.04633,
63037.4,0.0429515,0.0414175,-0.605727,-0.605922,2.10192,2.10192,-0.178308,-0.176774,0,0.00153398,0.00153398,-0.00306796,2.04633,2.04633,
63057.3,0.0429515,0.0414175,-0.605727,-0.605922,2.10192,2.10192,-0.178308,-0.176774,0,0.00153398,0.00153398,-0.00306796,2.04633,2.04633,
63077.3,0.0429515,0.0414175,-0.605727,-0.605922,2.10192,2.10192,-0.178308,-0.176774,0,0.00153398,0.00153398,-0.00306796,2.04633,2.04633,
63097.3,0.0429515,0.0414175,-0.605727,-0.605922,2.10192,2.10192,-0.178308,-0.176774,0,0.00153398,0.00153398,-0.00306796,2.04633,2.04633,
63117.3,0.0429515,0.0414175,-0.605727,-0.605922,2.10192,2.10192,-0.178308,-0.176774,0,0.00153398,0.00153398,-0.00306796,2.04633,2.04633,
63137.3,0.0429515,0.0414175,-0.605727,-0.605922,2.10192,2.10192,-0.178308,-0.176774,0,0.00153398,0.00153398,-0.00306796,2.04633,2.04633,
63157.4,0.0429515,0.0414175,-0.605727,-0.605922,2.10192,2.10192,-0.178308,-0.176774,0,0.00153398,0.00153398,-0.00306796,2.04633,2.04633,
63177.4,0.0429515,0.0414175,-0.605727,-0.605922,2.10192,2.10192,-0.178308,-0.176774,0,0.00153398,0.00153398,-0.00306796,2.04633,2.04633,
63197.4,0.0429515,0.0414175,-0.605727,-0.605922,2.10192,2.10192,-0.178308,-0.176774,0,0.00153398,0.00153398,-0.00306796,2.04633,2.04633,
63217.4,0.0429515,0.0414175,-0.605727,-0.605922,2.10192,2.10192,-0.178308,-0.176774,0,0.00153398,0.00153398,-0.00306796,2.04633,2.04633,
63237.4,0.0429515,0.0414175,-0.605727,-0.605922,2.10192,2.10192,-0.178308,-0.176774,0,0.00153398,0.00153398,-0.00306796,2.04633,2.04633,
63257.4,0.0429515,0.0414175,-0.605727,-0.605922,2.10192,2.10192,-0.178308,-0.176774,0,0.00153398,0.00153398,-0.00306796,2.04633,2.04633,
63277.4,0.0429515,0.0414175,-0.605727,-0.605922,2.10192,2.10192,-0.178308,-0.176774,0,0.00153398,0.00153398,-0.00306796,2.04633,2.04633,
63297.3,0.0429515,0.0414175,-0.605727,-0.605922,2.10192,2.10345,-0.178308,-0.176774,0,0.00153398,0.00153398,-0.00460194,2.04633,2.04633,
63317.4,0.0429515,0.0414175,-0.605727,-0.605922,2.10192,2.10345,-0.178308,-0.176774,0,0.00153398,0.00153398,-0.00460194,2.04633,2.04633,
63337.3,0.0429515,0.0414175,-0.605727,-0.605922,2.10192,2.10345,-0.178308,-0.176774,0,0.00153398,0.00153398,-0.00460194,2.04633,2.04633,
63357.4,0.0429515,0.0414175,-0.605727,-0.605922,2.10192,2.10345,-0.178308,-0.176774,0,0.00153398,0.00153398,-0.00460194,2.04633,2.04633,
63377.4,0.0429515,0.0414175,-0.605727,-0.605922,2.10192,2.10345,-0.178308,-0.176774,0,0.00153398,0.00153398,-0.00460194,2.04633,2.04633,
63397.3,0.0429515,0.0414175,-0.605727,-0.605922,2.10192,2.10345,-0.178308,-0.176774,0,0.00153398,0.00153398,-0.00460194,2.04633,2.04633,
63417.3,0.0429515,0.0414175,-0.605727,-0.605922,2.10192,2.10192,-0.178308,-0.176774,0,0.00153398,0.00153398,-0.00460194,2.04633,2.04633,
63437.4,0.0429515,0.0414175,-0.605727,-0.605922,2.10192,2.10192,-0.178308,-0.176774,0,0.00153398,0.00153398,-0.00460194,2.04633,2.04633,
63457.3,0.0429515,0.0414175,-0.605727,-0.605922,2.10192,2.10192,-0.178308,-0.176774,0,0.00153398,0.00153398,-0.00460194,2.04633,2.04633,
63477.3,0.0429515,0.0414175,-0.605727,-0.605922,2.10192,2.10192,-0.178308,-0.176774,0,0.00153398,0.00153398,-0.00460194,2.04633,2.04633,
63497.3,0.0429515,0.0414175,-0.605727,-0.605922,2.10192,2.10192,-0.178308,-0.176774,0,0.00153398,0.00153398,-0.00460194,2.04633,2.04633,
63517.3,0.0429515,0.0414175,-0.605727,-0.605922,2.10192,2.10192,-0.178308,-0.176774,0,0.00153398,0.00153398,-0.00306796,2.04633,2.04633,
63537.3,0.0429515,0.0414175,-0.605727,-0.605922,2.10192,2.10192,-0.178308,-0.176774,0,0.00153398,0.00153398,-0.00306796,2.04633,2.04633,
63557.3,0.0429515,0.0414175,-0.605727,-0.605922,2.10192,2.10192,-0.178308,-0.176774,0,0.00153398,0.00153398,-0.00306796,2.04633,2.04633,
63577.4,0.0429515,0.0414175,-0.605727,-0.605922,2.10192,2.10192,-0.178308,-0.176774,0,0.00153398,0.00153398,-0.00306796,2.04633,2.04633,
63597.4,0.0429515,0.0414175,-0.605727,-0.605922,2.10192,2.10192,-0.178308,-0.176774,0,0.00153398,0.00153398,-0.00306796,2.04633,2.04633,
63617.3,0.0429515,0.0414175,-0.605727,-0.605922,2.10192,2.10192,-0.178308,-0.176774,0,0.00153398,0.00153398,-0.00460194,2.04633,2.04633,
63637.3,0.0429515,0.0414175,-0.605727,-0.605922,2.10192,2.10192,-0.178308,-0.176774,0,0.00153398,0.00153398,-0.00460194,2.04633,2.04633,
63657.3,0.0429515,0.0414175,-0.605727,-0.605922,2.10192,2.10192,-0.178308,-0.176774,0,0.00153398,0.00153398,-0.00460194,2.04633,2.04633,
63677.3,0.0429515,0.0414175,-0.605727,-0.605922,2.10192,2.10192,-0.178308,-0.176774,0,0.00153398,0.00153398,-0.00460194,2.04633,2.04633,
63697.4,0.0429515,0.0414175,-0.605727,-0.605922,2.10192,2.10192,-0.178308,-0.176774,0,0.00153398,0.00153398,-0.00460194,2.04633,2.04633,
63717.4,0.0429515,0.0414175,-0.605727,-0.605922,2.10192,2.10192,-0.178308,-0.176774,0,0.00153398,0.00153398,-0.00460194,2.04633,2.04633,
63737.3,0.0429515,0.0414175,-0.605727,-0.605922,2.10192,2.10192,-0.178308,-0.176774,0,0.00153398,0.00153398,-0.00460194,2.04633,2.04633,
63757.3,0.0429515,0.0414175,-0.605727,-0.605922,2.10192,2.10192,-0.178308,-0.176774,0,0.00153398,0.00153398,-0.00460194,2.04633,2.04633,
63777.3,0.0429515,0.0414175,-0.605727,-0.605922,2.10192,2.10192,-0.178308,-0.176774,0,0.00153398,0.00153398,-0.00460194,2.04633,2.04633,
63797.3,0.0429515,0.0414175,-0.605727,-0.605922,2.10192,2.10192,-0.178308,-0.176774,0,0.00153398,0.00153398,-0.00306796,2.04633,2.04633,
63817.3,0.0429515,0.0414175,-0.605727,-0.605922,2.10192,2.10192,-0.178308,-0.176774,0,0.00153398,0.00153398,-0.00306796,2.04633,2.04633,
63837.4,0.0429515,0.0414175,-0.605727,-0.605922,2.10192,2.10192,-0.178308,-0.176774,0,0.00153398,0.00153398,-0.00306796,2.04633,2.04633,
63857.4,0.0429515,0.0414175,-0.605727,-0.605922,2.10192,2.10192,-0.178308,-0.176774,0,0.00153398,0.00153398,-0.00306796,2.04633,2.04633,
63877.3,0.0429515,0.0414175,-0.605727,-0.605922,2.10192,2.10192,-0.178308,-0.176774,0,0.00153398,0.00153398,-0.00306796,2.04633,2.04633,
63897.4,0.0429515,0.0414175,-0.605727,-0.605922,2.10192,2.10192,-0.178308,-0.176774,0,0.00153398,0.00153398,-0.00306796,2.04633,2.04633,
63917.4,0.0429515,0.0414175,-0.605727,-0.605922,2.10192,2.10192,-0.178308,-0.176774,0,0.00153398,0.00153398,-0.00306796,2.04633,2.04633,
63937.3,0.0429515,0.0414175,-0.605727,-0.605922,2.10192,2.10192,-0.178308,-0.176774,0,0.00153398,0.00153398,-0.00306796,2.04633,2.04633,
63957.3,0.0429515,0.0414175,-0.605727,-0.605922,2.10192,2.10192,-0.178308,-0.176774,0,0.00153398,0.00153398,-0.00306796,2.04633,2.04633,
63977.3,0.0429515,0.0414175,-0.605727,-0.605922,2.10192,2.10192,-0.178308,-0.176774,0,0.00153398,0.00153398,-0.00306796,2.04633,2.04633,
63997.4,0.0429515,0.0414175,-0.605727,-0.605922,2.10192,2.10192,-0.178308,-0.176774,0,0.00153398,0.00153398,-0.00306796,2.04633,2.04633,
64017.3,0.0429515,0.0414175,-0.605727,-0.605922,2.10192,2.10192,-0.178308,-0.176774,0,0.00153398,0.00153398,-0.00306796,2.04633,2.04633,
64037.4,0.0429515,0.0414175,-0.605727,-0.605922,2.10192,2.10192,-0.178308,-0.176774,0,0.00153398,0.00153398,-0.00306796,2.04633,2.04633,
64057.3,0.0429515,0.0414175,-0.605727,-0.605922,2.10192,2.10192,-0.178308,-0.176774,0,0.00153398,0.00153398,-0.00306796,2.04633,2.04633,
64077.3,0.0429515,0.0414175,-0.605727,-0.605922,2.10192,2.10192,-0.178308,-0.176774,0,0.00153398,0.00153398,-0.00306796,2.04633,2.04633,
64097.3,0.0429515,0.0414175,-0.605727,-0.605922,2.10192,2.10192,-0.178308,-0.176774,0,0.00153398,0.00153398,-0.00306796,2.04633,2.04633,
64117.3,0.0429515,0.0414175,-0.605727,-0.605922,2.10192,2.10192,-0.178308,-0.176774,0,0.00153398,0.00153398,-0.00306796,2.04633,2.04633,
64137.3,0.0429515,0.0414175,-0.605727,-0.605922,2.10192,2.10192,-0.178308,-0.176774,0,0.00153398,0.00153398,-0.00306796,2.04633,2.04633,
64157.3,0.0429515,0.0414175,-0.605727,-0.605922,2.10192,2.10192,-0.178308,-0.176774,0,0.00153398,0.00153398,-0.00306796,2.04633,2.04633,
64177.3,0.0429515,0.0414175,-0.605727,-0.605922,2.10192,2.10192,-0.178308,-0.176774,0,0.00153398,0.00153398,-0.00306796,2.04633,2.04633,
64197.3,0.0429515,0.0414175,-0.605727,-0.605922,2.10192,2.10192,-0.178308,-0.176774,0,0,0.00153398,-0.00306796,2.04633,2.04633,
64217.3,0.0429515,0.0414175,-0.605727,-0.605922,2.10192,2.10192,-0.178308,-0.176774,0,0,0.00153398,-0.00306796,2.04633,2.04633,
64237.3,0.0429515,0.0414175,-0.605727,-0.605922,2.10192,2.10192,-0.178308,-0.176774,0,0,0.00153398,-0.00306796,2.04633,2.04633,
64257.3,0.0429515,0.0414175,-0.605727,-0.605922,2.10192,2.10192,-0.178308,-0.176774,0,0,0.00153398,-0.00306796,2.04633,2.04633,
64277.4,0.0429515,0.0414175,-0.605727,-0.605922,2.10192,2.10192,-0.178308,-0.176774,0,0,0.00153398,-0.00306796,2.04633,2.04633,
64297.4,0.0429515,0.0414175,-0.605727,-0.605922,2.10192,2.10192,-0.178308,-0.176774,0,0,0.00153398,-0.00306796,2.04633,2.04633,
64317.4,0.0429515,0.0414175,-0.605727,-0.605922,2.10192,2.10192,-0.178308,-0.176774,0,0.00153398,0.00153398,-0.00306796,2.04633,2.04786,
64337.4,0.0429515,0.0414175,-0.605727,-0.605922,2.10192,2.10192,-0.178308,-0.176774,0,0.00153398,0.00153398,-0.00306796,2.04633,2.04786,
64357.4,0.0429515,0.0414175,-0.605727,-0.605922,2.10192,2.10192,-0.178308,-0.176774,0,0.00153398,0.00153398,-0.00306796,2.04633,2.04786,
64377.3,0.0429515,0.0414175,-0.605727,-0.605922,2.10192,2.10192,-0.178308,-0.176774,0,0.00153398,0.00153398,-0.00306796,2.04633,2.04786,
64397.3,0.0429515,0.0414175,-0.605727,-0.605922,2.10192,2.10192,-0.178308,-0.176774,0,0.00153398,0.00153398,-0.00306796,2.04633,2.04786,
64417.3,0.0429515,0.0414175,-0.605727,-0.605922,2.10192,2.10192,-0.178308,-0.176774,0,0.00153398,0.00153398,-0.00306796,2.04633,2.04786,
64437.4,0.0429515,0.0414175,-0.605727,-0.605922,2.10192,2.10192,-0.178308,-0.176774,0,0,0.00153398,-0.00306796,2.04633,2.04633,
64457.3,0.0429515,0.0414175,-0.605727,-0.605922,2.10192,2.10192,-0.178308,-0.176774,0,0,0.00153398,-0.00306796,2.04633,2.04633,
64477.3,0.0429515,0.0414175,-0.605727,-0.605922,2.10192,2.10192,-0.178308,-0.176774,0,0,0.00153398,-0.00306796,2.04633,2.04633,
64497.4,0.0429515,0.0414175,-0.605727,-0.605922,2.10192,2.10192,-0.178308,-0.17524,0,0,0.00153398,-0.00306796,2.04633,2.04633,
64517.3,0.0429515,0.0414175,-0.605727,-0.605922,2.10192,2.10192,-0.178308,-0.17524,0,0,0.00153398,-0.00306796,2.04633,2.04633,
64537.3,0.0429515,0.0414175,-0.605727,-0.605922,2.10192,2.10192,-0.178308,-0.17524,0,0,0.00153398,-0.00306796,2.04633,2.04633,
64557.3,0.0429515,0.0414175,-0.605727,-0.605922,2.10192,2.10192,-0.178308,-0.17524,0,0,0.00153398,-0.00306796,2.04633,2.04633,
64577.3,0.0429515,0.0414175,-0.605727,-0.605922,2.10192,2.10192,-0.178308,-0.17524,0,0,0.00153398,-0.00306796,2.04633,2.04633,
64597.3,0.0429515,0.0414175,-0.605727,-0.605922,2.10192,2.10192,-0.178308,-0.176774,0,0,0.00153398,-0.00306796,2.04633,2.04633,
64617.3,0.0429515,0.0414175,-0.605727,-0.605922,2.10192,2.10192,-0.178308,-0.176774,0,0,0.00153398,-0.00306796,2.04633,2.04633,
64637.4,0.0429515,0.0414175,-0.605727,-0.605922,2.10192,2.10192,-0.178308,-0.176774,0,0,0.00153398,-0.00306796,2.04633,2.04633,
64657.4,0.0429515,0.0414175,-0.605727,-0.605922,2.10192,2.10192,-0.178308,-0.176774,0,0,0.00153398,-0.00306796,2.04633,2.04633,
64677.4,0.0429515,0.0414175,-0.605727,-0.605922,2.10192,2.10192,-0.178308,-0.176774,0,0,0.00153398,-0.00306796,2.04633,2.04633,
64697.3,0.0429515,0.0414175,-0.605727,-0.605922,2.10192,2.10192,-0.178308,-0.176774,0,0,0.00153398,-0.00306796,2.04633,2.04633,
64717.3,0.0429515,0.0414175,-0.605727,-0.605922,2.10192,2.10192,-0.178308,-0.176774,0,0,0.00153398,-0.00306796,2.04633,2.04633,
64737.3,0.0429515,0.0414175,-0.605727,-0.605922,2.10192,2.10192,-0.178308,-0.176774,0,0,0.00153398,-0.00306796,2.04633,2.04633,
64757.3,0.0429515,0.0414175,-0.605727,-0.605922,2.10192,2.10192,-0.178308,-0.176774,0,0,0.00153398,-0.00306796,2.04633,2.04633,
64777.3,0.0429515,0.0414175,-0.605727,-0.605922,2.10192,2.10192,-0.178308,-0.176774,0,0,0.00153398,-0.00306796,2.04633,2.04633,
64797.3,0.0429515,0.0414175,-0.605727,-0.605922,2.10192,2.09885,-0.178308,-0.176774,0,0,0.00153398,-0.00306796,2.04633,2.04633,
64817.3,0.0429515,0.0414175,-0.605727,-0.605922,2.10192,2.09885,-0.178308,-0.176774,0,0,0.00153398,-0.00306796,2.04633,2.04633,
64837.3,0.0429515,0.0414175,-0.605727,-0.605922,2.10192,2.09885,-0.178308,-0.176774,0,0,0.00153398,-0.00306796,2.04633,2.04633,
64857.4,0.0429515,0.0414175,-0.605727,-0.605922,2.10192,2.09885,-0.178308,-0.176774,0,0,0.00153398,-0.00306796,2.04633,2.04633,
64877.4,0.0429515,0.0414175,-0.605727,-0.605922,2.10192,2.09885,-0.178308,-0.176774,0,0,0.00153398,-0.00306796,2.04633,2.04633,
64897.4,0.0429515,0.0414175,-0.605727,-0.605922,2.10192,2.10192,-0.178308,-0.176774,0,0,0.00153398,-0.00306796,2.04633,2.04633,
64917.3,0.0429515,0.0414175,-0.605727,-0.605922,2.10192,2.10192,-0.178308,-0.176774,0,0,0.00153398,-0.00306796,2.04633,2.04633,
64937.4,0.0429515,0.0414175,-0.605727,-0.605922,2.10192,2.10192,-0.178308,-0.176774,0,0,0.00153398,-0.00306796,2.04633,2.04633,
64957.3,0.0429515,0.0414175,-0.605727,-0.605922,2.10192,2.10192,-0.178308,-0.176774,0,0,0.00153398,-0.00306796,2.04633,2.04633,
64977.4,0.0429515,0.0414175,-0.605727,-0.605922,2.10192,2.10192,-0.178308,-0.176774,0,0,0.00153398,-0.00306796,2.04633,2.04633,
64997.3,0.0429515,0.0414175,-0.605727,-0.605922,2.10192,2.10192,-0.178308,-0.176774,0,0,0.00153398,-0.00306796,2.04633,2.04633,
65017.3,0.0429515,0.0414175,-0.605727,-0.605922,2.10192,2.10192,-0.178308,-0.176774,0,0,0.00153398,-0.00306796,2.04633,2.04633,
65037.3,0.0429515,0.0414175,-0.605727,-0.605922,2.10192,2.10192,-0.178308,-0.176774,0,0,0.00153398,-0.00306796,2.04633,2.04633,
65057.2,0.0429515,0.0414175,-0.605727,-0.605922,2.10192,2.10192,-0.178308,-0.176774,0,0,0.00153398,-0.00306796,2.04633,2.04633,
65077.3,0.0429515,0.0414175,-0.605727,-0.605922,2.10192,2.10192,-0.178308,-0.176774,0,0,0.00153398,-0.00306796,2.04633,2.04633,
65097.3,0.0429515,0.0414175,-0.605727,-0.605922,2.10192,2.10192,-0.178308,-0.176774,0,0,0.00153398,-0.00306796,2.04633,2.04633,
65117.3,0.0429515,0.0414175,-0.605727,-0.605922,2.10192,2.10192,-0.178308,-0.176774,0,0.00153398,0.00153398,-0.00306796,2.04633,2.04633,
65137.4,0.0429515,0.0414175,-0.605727,-0.605922,2.10192,2.10192,-0.178308,-0.176774,0,0.00153398,0.00153398,-0.00306796,2.04633,2.04633,
65157.4,0.0429515,0.0414175,-0.605727,-0.605922,2.10192,2.10192,-0.178308,-0.176774,0,0.00153398,0.00153398,-0.00306796,2.04633,2.04633,
65177.4,0.0429515,0.0414175,-0.605727,-0.605922,2.10192,2.10192,-0.178308,-0.176774,0,0.00153398,0.00153398,-0.00306796,2.04633,2.04633,
65197.3,0.0429515,0.0414175,-0.605727,-0.605922,2.10192,2.10192,-0.178308,-0.176774,0,0,0.00153398,-0.00306796,2.04633,2.04633,
65217.3,0.0429515,0.0414175,-0.605727,-0.605922,2.10192,2.10192,-0.178308,-0.176774,0,0,0.00153398,-0.00306796,2.04633,2.04633,
65237.3,0.0429515,0.0414175,-0.605727,-0.605922,2.10192,2.10192,-0.178308,-0.176774,0,0,0.00153398,-0.00306796,2.04633,2.04633,
65257.4,0.0429515,0.0414175,-0.605727,-0.605922,2.10192,2.10192,-0.178308,-0.176774,0,0,0.00153398,-0.00306796,2.04633,2.04633,
65277.4,0.0429515,0.0414175,-0.605727,-0.605922,2.10192,2.10192,-0.178308,-0.176774,0,0,0.00153398,-0.00306796,2.04633,2.04633,
65297.4,0.0429515,0.0414175,-0.605727,-0.605922,2.10192,2.10192,-0.178308,-0.176774,0,0.00153398,0.00153398,-0.00306796,2.04633,2.04633,
65317.4,0.0429515,0.0414175,-0.605727,-0.605922,2.10192,2.10192,-0.178308,-0.176774,0,0.00153398,0.00153398,-0.00306796,2.04633,2.04633,
65337.4,0.0429515,0.0414175,-0.605727,-0.605922,2.10192,2.10192,-0.178308,-0.176774,0,0.00153398,0.00153398,-0.00306796,2.04633,2.04633,
65357.4,0.0429515,0.0414175,-0.605727,-0.605922,2.10192,2.10192,-0.178308,-0.176774,0,0.00153398,0.00153398,-0.00306796,2.04633,2.04633,
65377.4,0.0429515,0.0414175,-0.605727,-0.605922,2.10192,2.10192,-0.178308,-0.176774,0,0.00153398,0.00153398,-0.00306796,2.04633,2.04633,
65397.4,0.0429515,0.0414175,-0.605727,-0.605922,2.10192,2.10192,-0.178308,-0.176774,0,0,0.00153398,-0.00306796,2.04633,2.04633,
65417.2,0.0429515,0.0414175,-0.605727,-0.605922,2.10192,2.10192,-0.178308,-0.176774,0,0,0.00153398,-0.00306796,2.04633,2.04633,
65437.2,0.0429515,0.0414175,-0.605727,-0.605922,2.10192,2.10192,-0.178308,-0.176774,0,0,0.00153398,-0.00306796,2.04633,2.04633,
65457.4,0.0429515,0.0414175,-0.605727,-0.605922,2.10192,2.10192,-0.178308,-0.176774,0,0,0.00153398,-0.00306796,2.04633,2.04633,
65477.4,0.0429515,0.0414175,-0.605727,-0.605922,2.10192,2.10192,-0.178308,-0.176774,0,0,0.00153398,-0.00306796,2.04633,2.04633,
65497.4,0.0429515,0.0414175,-0.605727,-0.605922,2.10192,2.10192,-0.178308,-0.176774,0,0,0.00153398,-0.00306796,2.04633,2.04633,
65517.3,0.0429515,0.0414175,-0.605727,-0.605922,2.10192,2.10192,-0.178308,-0.176774,0,0,0.00153398,-0.00306796,2.04633,2.04633,
65537.4,0.0429515,0.0414175,-0.605727,-0.605922,2.10192,2.10192,-0.178308,-0.176774,0,0,0.00153398,-0.00306796,2.04633,2.04633,
65557.3,0.0429515,0.0414175,-0.605727,-0.605922,2.10192,2.10192,-0.178308,-0.176774,0,0,0.00153398,-0.00306796,2.04633,2.04633,
65577.3,0.0429515,0.0414175,-0.605727,-0.605922,2.10192,2.10192,-0.178308,-0.176774,0,0,0.00153398,-0.00306796,2.04633,2.04633,
65597.2,0.0429515,0.0414175,-0.605727,-0.605922,2.10192,2.10192,-0.178308,-0.176774,0,0,0.00153398,-0.00306796,2.04633,2.04633,
65617.3,0.0429515,0.0414175,-0.605727,-0.605922,2.10192,2.10192,-0.178308,-0.176774,0,0,0.00153398,-0.00306796,2.04633,2.04633,
65637.3,0.0429515,0.0414175,-0.605727,-0.605922,2.10192,2.10192,-0.178308,-0.176774,0,0,0.00153398,-0.00306796,2.04633,2.04633,
65657.3,0.0429515,0.0414175,-0.605727,-0.605922,2.10192,2.10192,-0.178308,-0.176774,0,0,0.00153398,-0.00306796,2.04633,2.04633,
65677.3,0.0429515,0.0414175,-0.605727,-0.605922,2.10192,2.10192,-0.178308,-0.176774,0,0,0.00153398,-0.00306796,2.04633,2.04633,
65697.2,0.0429515,0.0414175,-0.605727,-0.605922,2.10192,2.10192,-0.178308,-0.17524,0,0,0.00153398,-0.00306796,2.04633,2.04633,
65717.3,0.0429515,0.0414175,-0.605727,-0.605922,2.10192,2.10192,-0.178308,-0.17524,0,0,0.00153398,-0.00306796,2.04633,2.04633,
65737.3,0.0429515,0.0414175,-0.605727,-0.605922,2.10192,2.10192,-0.178308,-0.17524,0,0,0.00153398,-0.00306796,2.04633,2.04633,
65757.3,0.0429515,0.0414175,-0.605727,-0.605922,2.10192,2.10192,-0.178308,-0.17524,0,0,0.00153398,-0.00306796,2.04633,2.04633,
65777.2,0.0429515,0.0414175,-0.605727,-0.605922,2.10192,2.10192,-0.178308,-0.17524,0,0,0.00153398,-0.00306796,2.04633,2.04633,
65797.3,0.0429515,0.0414175,-0.605727,-0.605922,2.10192,2.10192,-0.178308,-0.17524,0,0,0.00153398,-0.00306796,2.04633,2.04633,
65817.2,0.0429515,0.0414175,-0.605727,-0.605922,2.10192,2.10192,-0.178308,-0.176774,0,0.00153398,0.00153398,-0.00306796,2.04633,2.04633,
65837.3,0.0429515,0.0414175,-0.605727,-0.605922,2.10192,2.10192,-0.178308,-0.176774,0,0.00153398,0.00153398,-0.00306796,2.04633,2.04633,
65857.3,0.0429515,0.0414175,-0.605727,-0.605922,2.10192,2.10192,-0.178308,-0.176774,0,0.00153398,0.00153398,-0.00306796,2.04633,2.04633,
65877.2,0.0429515,0.0414175,-0.605727,-0.605922,2.10192,2.10192,-0.178308,-0.176774,0,0.00153398,0.00153398,-0.00306796,2.04633,2.04633,
65897.2,0.0429515,0.0414175,-0.605727,-0.605922,2.10192,2.10192,-0.178308,-0.176774,0,0.00153398,0.00153398,-0.00306796,2.04633,2.04633,
65917.3,0.0429515,0.0414175,-0.605727,-0.605922,2.10192,2.10192,-0.178308,-0.176774,0,0,0.00153398,-0.00306796,2.04633,2.04633,
65937.3,0.0429515,0.0414175,-0.605727,-0.605922,2.10192,2.10192,-0.178308,-0.176774,0,0,0.00153398,-0.00306796,2.04633,2.04633,
65957.3,0.0429515,0.0414175,-0.605727,-0.605922,2.10192,2.10192,-0.178308,-0.176774,0,0,0.00153398,-0.00306796,2.04633,2.04633,
65977.3,0.0429515,0.0414175,-0.605727,-0.605922,2.10192,2.10192,-0.178308,-0.176774,0,0,0.00153398,-0.00306796,2.04633,2.04633,
65997.3,0.0429515,0.0414175,-0.605727,-0.605922,2.10192,2.10192,-0.178308,-0.176774,0,0,0.00153398,-0.00306796,2.04633,2.04633,
66017.3,0.0429515,0.0414175,-0.605727,-0.605922,2.10192,2.10192,-0.178308,-0.176774,0,0,0.00153398,-0.00306796,2.04633,2.04633,
66037.3,0.0429515,0.0414175,-0.605727,-0.605922,2.10192,2.10192,-0.178308,-0.176774,0,0,0.00153398,-0.00306796,2.04633,2.04633,
66057.3,0.0429515,0.0414175,-0.605727,-0.605922,2.10192,2.10192,-0.178308,-0.176774,0,0,0.00153398,-0.00306796,2.04633,2.04633,
66077.3,0.0429515,0.0414175,-0.605727,-0.605922,2.10192,2.10192,-0.178308,-0.176774,0,0,0.00153398,-0.00306796,2.04633,2.04633,
66097.4,0.0429515,0.0414175,-0.605727,-0.605922,2.10192,2.10192,-0.178308,-0.176774,0,0,0.00153398,-0.00306796,2.04633,2.04633,
66117.3,0.0429515,0.0414175,-0.605727,-0.605922,2.10192,2.10192,-0.178308,-0.176774,0,0,0.00153398,-0.00306796,2.04633,2.04633,
66137.4,0.0429515,0.0414175,-0.605727,-0.605922,2.10192,2.10192,-0.178308,-0.176774,0,0,0.00153398,-0.00306796,2.04633,2.04633,
66157.4,0.0429515,0.0414175,-0.605727,-0.605922,2.10192,2.10192,-0.178308,-0.176774,0,0,0.00153398,-0.00306796,2.04633,2.04633,
66177.3,0.0429515,0.0414175,-0.605727,-0.605922,2.10192,2.10192,-0.178308,-0.176774,0,0,0.00153398,-0.00306796,2.04633,2.04633,
66197.4,0.0429515,0.0414175,-0.605727,-0.605922,2.10192,2.10192,-0.178308,-0.176774,0,0,0.00153398,-0.00306796,2.04633,2.04633,
66217.4,0.0429515,0.0414175,-0.605727,-0.605922,2.10192,2.10192,-0.178308,-0.176774,0,0,0.00153398,-0.00306796,2.04633,2.04633,
66237.3,0.0429515,0.0414175,-0.605727,-0.605922,2.10192,2.10192,-0.178308,-0.176774,0,0,0.00153398,-0.00306796,2.04633,2.04633,
66257.3,0.0429515,0.0414175,-0.605727,-0.605922,2.10192,2.10192,-0.178308,-0.176774,0,0,0.00153398,-0.00306796,2.04633,2.04633,
66277.3,0.0429515,0.0414175,-0.605727,-0.605922,2.10192,2.10192,-0.178308,-0.176774,0,0,0.00153398,-0.00306796,2.04633,2.04633,
66297.4,0.0429515,0.0414175,-0.605727,-0.605922,2.10192,2.10192,-0.178308,-0.176774,0,0,0.00153398,-0.00306796,2.04633,2.04633,
66317.3,0.0429515,0.0414175,-0.605727,-0.605922,2.10192,2.10192,-0.178308,-0.176774,0,0,0.00153398,-0.00306796,2.04633,2.04633,
66337.4,0.0429515,0.0414175,-0.605727,-0.605922,2.10192,2.10192,-0.178308,-0.176774,0,0,0.00153398,-0.00306796,2.04633,2.04633,
66357.3,0.0429515,0.0414175,-0.605727,-0.605922,2.10192,2.10192,-0.178308,-0.176774,0,0,0.00153398,-0.00306796,2.04633,2.04633,
66377.4,0.0429515,0.0414175,-0.605727,-0.605922,2.10192,2.10192,-0.178308,-0.176774,0,0,0.00153398,-0.00306796,2.04633,2.04633,
66397.3,0.0429515,0.0414175,-0.605727,-0.605922,2.10192,2.10192,-0.178308,-0.176774,0,0,0.00153398,-0.00306796,2.04633,2.04633,
66417.4,0.0429515,0.0414175,-0.605727,-0.605922,2.10192,2.10192,-0.178308,-0.176774,0,0,0.00153398,-0.00306796,2.04633,2.04633,
66439.9,0.0429515,0.0414175,-0.605727,-0.605922,2.10192,2.10192,-0.178308,-0.176774,0,0,0.00153398,-0.00306796,2.04633,2.04633,
66457.2,0.0429515,0.0414175,-0.605727,-0.605922,2.10192,2.10192,-0.178308,-0.176774,0,0,0.00153398,-0.00306796,2.04633,2.04633,
66477.2,0.0429515,0.0414175,-0.605727,-0.605922,2.10192,2.10192,-0.178308,-0.176774,0,0,0.00153398,-0.00306796,2.04633,2.04633,
66497.2,0.0429515,0.0414175,-0.605727,-0.605922,2.10192,2.10192,-0.178308,-0.176774,0,0,0.00153398,-0.00306796,2.04633,2.04633,
66517.2,0.0429515,0.0414175,-0.605727,-0.605922,2.10192,2.10192,-0.178308,-0.176774,0,0,0.00153398,-0.00306796,2.04633,2.04633,
66537.3,0.0429515,0.0414175,-0.605727,-0.605922,2.10192,2.10192,-0.178308,-0.176774,0,0,0.00153398,-0.00306796,2.04633,2.04633,
66557.2,0.0429515,0.0414175,-0.605727,-0.605922,2.10192,2.10192,-0.178308,-0.176774,0,0,0.00153398,-0.00306796,2.04633,2.04633,
66577.3,0.0429515,0.0414175,-0.605727,-0.605922,2.10192,2.10192,-0.178308,-0.176774,0,0,0.00153398,-0.00306796,2.04633,2.04633,
66597.2,0.0429515,0.0414175,-0.605727,-0.605922,2.10192,2.10192,-0.178308,-0.176774,0,0,0.00153398,-0.00306796,2.04633,2.04633,
66617.3,0.0429515,0.0414175,-0.605727,-0.605922,2.10192,2.10192,-0.178308,-0.176774,0,0,0.00153398,-0.00306796,2.04633,2.04633,
66637.3,0.0429515,0.0414175,-0.605727,-0.605922,2.10192,2.10192,-0.178308,-0.176774,0,0,0.00153398,-0.00306796,2.04633,2.04633,
66657.3,0.0429515,0.0414175,-0.605727,-0.605922,2.10192,2.10192,-0.178308,-0.176774,0,0,0.00153398,-0.00306796,2.04633,2.04633,
66677.4,0.0429515,0.0414175,-0.605727,-0.605922,2.10192,2.10192,-0.178308,-0.176774,0,0,0.00153398,-0.00306796,2.04633,2.04633,
66697.4,0.0429515,0.0414175,-0.605727,-0.605922,2.10192,2.10192,-0.178308,-0.176774,0,0,0.00153398,-0.00306796,2.04633,2.04633,
66717.3,0.0429515,0.0414175,-0.605727,-0.605922,2.10192,2.10192,-0.178308,-0.176774,0,0,0.00153398,-0.00306796,2.04633,2.04633,
66737.4,0.0429515,0.0414175,-0.605727,-0.605922,2.10192,2.10192,-0.178308,-0.176774,0,0,0.00153398,-0.00306796,2.04633,2.04633,
66757.4,0.0429515,0.0414175,-0.605727,-0.605922,2.10192,2.10192,-0.178308,-0.176774,0,0,0.00153398,-0.00306796,2.04633,2.04633,
66777.4,0.0429515,0.0414175,-0.605727,-0.605922,2.10192,2.10192,-0.178308,-0.176774,0,0,0.00153398,-0.00306796,2.04633,2.04633,
66797.4,0.0429515,0.0414175,-0.605727,-0.605922,2.10192,2.10192,-0.178308,-0.176774,0,0,0.00153398,-0.00306796,2.04633,2.04633,
66817.3,0.0429515,0.0414175,-0.605727,-0.605922,2.10192,2.10192,-0.178308,-0.176774,0,0,0.00153398,-0.00306796,2.04633,2.04633,
66837.4,0.0429515,0.0414175,-0.605727,-0.605922,2.10192,2.10192,-0.178308,-0.176774,0,0,0.00153398,-0.00306796,2.04633,2.04633,
66857.3,0.0429515,0.0414175,-0.605727,-0.605922,2.10192,2.10192,-0.178308,-0.176774,0,0,0.00153398,-0.00306796,2.04633,2.04633,
66877.3,0.0429515,0.0414175,-0.605727,-0.605922,2.10192,2.10192,-0.178308,-0.176774,0,0,0.00153398,-0.00306796,2.04633,2.04633,
66897.3,0.0429515,0.0414175,-0.605727,-0.605922,2.10192,2.10192,-0.178308,-0.176774,0,0,0.00153398,-0.00306796,2.04633,2.04633,
66917.2,0.0429515,0.0414175,-0.605727,-0.605922,2.10192,2.10192,-0.178308,-0.176774,0,0,0.00153398,-0.00306796,2.04633,2.04633,
66937.3,0.0429515,0.0414175,-0.605727,-0.605922,2.10192,2.10192,-0.178308,-0.176774,0,0,0.00153398,-0.00306796,2.04633,2.04633,
66957.3,0.0429515,0.0414175,-0.605727,-0.605922,2.10192,2.10192,-0.178308,-0.176774,0,0,0.00153398,-0.00306796,2.04633,2.04633,
66977.4,0.0429515,0.0414175,-0.605727,-0.605922,2.10192,2.10192,-0.178308,-0.176774,0,0,0.00153398,-0.00306796,2.04633,2.04633,
66997.3,0.0429515,0.0414175,-0.605727,-0.605922,2.10192,2.10192,-0.178308,-0.176774,0,0,0.00153398,-0.00306796,2.04633,2.04633,
67017.4,0.0429515,0.0414175,-0.605727,-0.605922,2.10192,2.10192,-0.178308,-0.176774,0,0,0.00153398,-0.00306796,2.04633,2.04633,
67037.3,0.0429515,0.0414175,-0.605727,-0.605922,2.10192,2.10192,-0.178308,-0.176774,0,0,0.00153398,-0.00306796,2.04633,2.04633,
67057.3,0.0429515,0.0414175,-0.605727,-0.605922,2.10192,2.10192,-0.178308,-0.176774,0,0,0.00153398,-0.00306796,2.04633,2.04633,
67077.3,0.0429515,0.0414175,-0.605727,-0.605922,2.10192,2.10192,-0.178308,-0.176774,0,0,0.00153398,-0.00306796,2.04633,2.04633,
67097.3,0.0429515,0.0414175,-0.605727,-0.605922,2.10192,2.10192,-0.178308,-0.176774,0,0,0.00153398,-0.00306796,2.04633,2.04633,
67117.3,0.0429515,0.0414175,-0.605727,-0.605922,2.10192,2.09885,-0.178308,-0.17524,0,0,0.00153398,-0.00306796,2.04633,2.04633,
67137.3,0.0429515,0.0414175,-0.605727,-0.605922,2.10192,2.09885,-0.178308,-0.17524,0,0,0.00153398,-0.00306796,2.04633,2.04633,
67157.3,0.0429515,0.0414175,-0.605727,-0.605922,2.10192,2.09885,-0.178308,-0.17524,0,0,0.00153398,-0.00306796,2.04633,2.04633,
67177.3,0.0429515,0.0414175,-0.605727,-0.605922,2.10192,2.09885,-0.178308,-0.17524,0,0,0.00153398,-0.00306796,2.04633,2.04633,
67197.3,0.0429515,0.0414175,-0.605727,-0.605922,2.10192,2.10192,-0.178308,-0.176774,0,0,0.00153398,-0.00306796,2.04633,2.04633,
67217.3,0.0429515,0.0414175,-0.605727,-0.605922,2.10192,2.10192,-0.178308,-0.176774,0,0,0.00153398,-0.00306796,2.04633,2.04633,
67237.3,0.0429515,0.0414175,-0.605727,-0.605922,2.10192,2.10192,-0.178308,-0.176774,0,0,0.00153398,-0.00306796,2.04633,2.04633,
67257.3,0.0429515,0.0414175,-0.605727,-0.605922,2.10192,2.10192,-0.178308,-0.176774,0,0,0.00153398,-0.00306796,2.04633,2.04633,
67277.4,0.0429515,0.0414175,-0.605727,-0.605922,2.10192,2.10192,-0.178308,-0.176774,0,0,0.00153398,-0.00306796,2.04633,2.04633,
67297.4,0.0429515,0.0414175,-0.605727,-0.605922,2.10192,2.10192,-0.178308,-0.176774,0,0,0.00153398,-0.00306796,2.04633,2.04633,
67317.4,0.0429515,0.0414175,-0.605727,-0.605922,2.10192,2.10192,-0.178308,-0.176774,0,0,0.00153398,-0.00306796,2.04633,2.04633,
67337.4,0.0429515,0.0414175,-0.605727,-0.605922,2.10192,2.10192,-0.178308,-0.176774,0,0,0.00153398,-0.00306796,2.04633,2.04633,
67357.4,0.0429515,0.0414175,-0.605727,-0.605922,2.10192,2.10192,-0.178308,-0.176774,0,0,0.00153398,-0.00306796,2.04633,2.04633,
67377.4,0.0429515,0.0414175,-0.605727,-0.605922,2.10192,2.10192,-0.178308,-0.176774,0,0,0.00153398,-0.00306796,2.04633,2.04633,
67397.3,0.0429515,0.0414175,-0.605727,-0.605922,2.10192,2.10192,-0.178308,-0.176774,0,0,0.00153398,-0.00306796,2.04633,2.04633,
67417.3,0.0429515,0.0414175,-0.605727,-0.605922,2.10192,2.10192,-0.178308,-0.176774,0,0,0.00153398,-0.00306796,2.04633,2.04633,
67437.3,0.0429515,0.0414175,-0.605727,-0.605922,2.10192,2.10192,-0.178308,-0.176774,0,0,0.00153398,-0.00306796,2.04633,2.04633,
67457.3,0.0429515,0.0414175,-0.605727,-0.605922,2.10192,2.10192,-0.178308,-0.176774,0,0,0.00153398,-0.00306796,2.04633,2.04633,
67477.3,0.0429515,0.0414175,-0.605727,-0.605922,2.10192,2.10192,-0.178308,-0.176774,0,0,0.00153398,-0.00306796,2.04633,2.04633,
67497.2,0.0429515,0.0414175,-0.605727,-0.605922,2.10192,2.10192,-0.178308,-0.176774,0,0,0.00153398,-0.00306796,2.04633,2.04633,
67517.4,0.0429515,0.0414175,-0.605727,-0.605922,2.10192,2.10192,-0.178308,-0.176774,0,0,0.00153398,-0.00306796,2.04633,2.04633,
67537.3,0.0429515,0.0414175,-0.605727,-0.605922,2.10192,2.10192,-0.178308,-0.176774,0,0,0.00153398,-0.00306796,2.04633,2.04633,
67557.3,0.0429515,0.0414175,-0.605727,-0.605922,2.10192,2.10192,-0.178308,-0.176774,0,0,0.00153398,-0.00306796,2.04633,2.04633,
67577.3,0.0429515,0.0414175,-0.605727,-0.605922,2.10192,2.10192,-0.178308,-0.176774,0,0,0.00153398,-0.00306796,2.04633,2.04633,
67597.3,0.0429515,0.0414175,-0.605727,-0.605922,2.10192,2.10192,-0.178308,-0.176774,0,0,0.00153398,-0.00306796,2.04633,2.04633,
67617.3,0.0429515,0.0414175,-0.605727,-0.605922,2.10192,2.10192,-0.178308,-0.176774,0,0,0.00153398,-0.00306796,2.04633,2.04633,
67637.3,0.0429515,0.0414175,-0.605727,-0.605922,2.10192,2.10192,-0.178308,-0.176774,0,0,0.00153398,-0.00306796,2.04633,2.04633,
67657.3,0.0429515,0.0414175,-0.605727,-0.605922,2.10192,2.10192,-0.178308,-0.176774,0,0,0.00153398,-0.00306796,2.04633,2.04633,
67677.3,0.0429515,0.0414175,-0.605727,-0.605922,2.10192,2.10192,-0.178308,-0.176774,0,0,0.00153398,-0.00306796,2.04633,2.04633,
67697.4,0.0429515,0.0414175,-0.605727,-0.605922,2.10192,2.10192,-0.178308,-0.176774,0,0,0.00153398,-0.00306796,2.04633,2.04633,
67717.3,0.0429515,0.0414175,-0.605727,-0.605922,2.10192,2.10192,-0.178308,-0.176774,0,0,0.00153398,-0.00306796,2.04633,2.04633,
67737.3,0.0429515,0.0414175,-0.605727,-0.605922,2.10192,2.10192,-0.178308,-0.176774,0,0,0.00153398,-0.00306796,2.04633,2.04633,
67757.4,0.0429515,0.0414175,-0.605727,-0.605922,2.10192,2.10192,-0.178308,-0.176774,0,0,0.00153398,-0.00306796,2.04633,2.04633,
67777.4,0.0429515,0.0414175,-0.605727,-0.605922,2.10192,2.10192,-0.178308,-0.176774,0,0,0.00153398,-0.00306796,2.04633,2.04633,
67797.4,0.0429515,0.0414175,-0.605727,-0.605922,2.10192,2.10192,-0.178308,-0.176774,0,0,0.00153398,-0.00306796,2.04633,2.04633,
67817.4,0.0429515,0.0414175,-0.605727,-0.605922,2.10192,2.10192,-0.178308,-0.176774,0,0,0.00153398,-0.00306796,2.04633,2.04633,
67837.3,0.0429515,0.0414175,-0.605727,-0.605922,2.10192,2.10192,-0.178308,-0.176774,0,0,0.00153398,-0.00306796,2.04633,2.04633,
67857.4,0.0429515,0.0414175,-0.605727,-0.605922,2.10192,2.10192,-0.178308,-0.176774,0,0,0.00153398,-0.00306796,2.04633,2.04633,
67877.3,0.0429515,0.0414175,-0.605727,-0.605922,2.10192,2.10192,-0.178308,-0.176774,0,0,0.00153398,-0.00306796,2.04633,2.04633,
67897.3,0.0429515,0.0414175,-0.605727,-0.605922,2.10192,2.10192,-0.178308,-0.176774,0,0,0.00153398,-0.00306796,2.04633,2.04633,
67917.4,0.0429515,0.0414175,-0.605727,-0.605922,2.10192,2.10192,-0.178308,-0.176774,0,0,0.00153398,-0.00306796,2.04633,2.04633,
67937.4,0.0429515,0.0414175,-0.605727,-0.605922,2.10192,2.10192,-0.178308,-0.176774,0,0,0.00153398,-0.00306796,2.04633,2.04633,
67957.3,0.0429515,0.0414175,-0.605727,-0.605922,2.10192,2.10192,-0.178308,-0.176774,0,0,0.00153398,-0.00306796,2.04633,2.04633,
67977.3,0.0429515,0.0414175,-0.605727,-0.605922,2.10192,2.10192,-0.178308,-0.176774,0,0,0.00153398,-0.00306796,2.04633,2.04633,
67997.4,0.0429515,0.0414175,-0.605727,-0.605922,2.10192,2.10192,-0.178308,-0.17524,0,0,0.00153398,-0.00306796,2.04633,2.04633,
68017.4,0.0429515,0.0414175,-0.605727,-0.605922,2.10192,2.10192,-0.178308,-0.17524,0,0,0.00153398,-0.00306796,2.04633,2.04633,
68037.4,0.0429515,0.0414175,-0.605727,-0.605922,2.10192,2.10192,-0.178308,-0.17524,0,0,0.00153398,-0.00306796,2.04633,2.04633,
68057.3,0.0429515,0.0414175,-0.605727,-0.605922,2.10192,2.10192,-0.178308,-0.17524,0,0,0.00153398,-0.00306796,2.04633,2.04633,
68077.3,0.0429515,0.0414175,-0.605727,-0.605922,2.10192,2.10192,-0.178308,-0.17524,0,0,0.00153398,-0.00306796,2.04633,2.04633,
68097.3,0.0429515,0.0414175,-0.605727,-0.605922,2.10192,2.10192,-0.178308,-0.176774,0,0,0.00153398,-0.00306796,2.04633,2.04633,
68117.3,0.0429515,0.0414175,-0.605727,-0.605922,2.10192,2.10192,-0.178308,-0.176774,0,0,0.00153398,-0.00306796,2.04633,2.04633,
68137.4,0.0429515,0.0414175,-0.605727,-0.605922,2.10192,2.10192,-0.178308,-0.176774,0,0,0.00153398,-0.00306796,2.04633,2.04633,
68157.3,0.0429515,0.0414175,-0.605727,-0.605922,2.10192,2.10192,-0.178308,-0.176774,0,0,0.00153398,-0.00306796,2.04633,2.04633,
68177.3,0.0429515,0.0414175,-0.605727,-0.605922,2.10192,2.10192,-0.178308,-0.176774,0,0,0.00153398,-0.00306796,2.04633,2.04633,
68197.4,0.0429515,0.0414175,-0.605727,-0.605922,2.10192,2.10192,-0.178308,-0.176774,0,0,0.00153398,-0.00306796,2.04633,2.04633,
68217.4,0.0429515,0.0414175,-0.605727,-0.605922,2.10192,2.10192,-0.178308,-0.176774,0,0,0.00153398,-0.00306796,2.04633,2.04633,
68237.3,0.0429515,0.0414175,-0.605727,-0.605922,2.10192,2.10192,-0.178308,-0.176774,0,0,0.00153398,-0.00306796,2.04633,2.04633,
68257.4,0.0429515,0.0414175,-0.605727,-0.605922,2.10192,2.10192,-0.178308,-0.176774,0,0,0.00153398,-0.00306796,2.04633,2.04633,
68277.4,0.0429515,0.0414175,-0.605727,-0.605922,2.10192,2.10192,-0.178308,-0.176774,0,0,0.00153398,-0.00306796,2.04633,2.04633,
68297.3,0.0429515,0.0414175,-0.605727,-0.605922,2.10192,2.10192,-0.178308,-0.176774,0,0,0.00153398,-0.00306796,2.04633,2.04633,
68317.4,0.0429515,0.0414175,-0.605727,-0.605922,2.10192,2.10192,-0.178308,-0.176774,0,0,0.00153398,-0.00306796,2.04633,2.04633,
68337.4,0.0429515,0.0414175,-0.605727,-0.605922,2.10192,2.10192,-0.178308,-0.176774,0,0,0.00153398,-0.00306796,2.04633,2.04633,
68357.3,0.0429515,0.0414175,-0.605727,-0.605922,2.10192,2.10192,-0.178308,-0.176774,0,0,0.00153398,-0.00306796,2.04633,2.04633,
68377.3,0.0429515,0.0414175,-0.605727,-0.605922,2.10192,2.10192,-0.178308,-0.176774,0,0,0.00153398,-0.00306796,2.04633,2.04633,
68397.4,0.0429515,0.0414175,-0.605727,-0.605922,2.10192,2.10192,-0.178308,-0.176774,0,0,0.00153398,-0.00306796,2.04633,2.04633,
68417.4,0.0429515,0.0414175,-0.605727,-0.605922,2.10192,2.10192,-0.178308,-0.176774,0,0,0.00153398,-0.00306796,2.04633,2.04633,
68437.4,0.0429515,0.0414175,-0.605727,-0.605922,2.10192,2.10192,-0.178308,-0.176774,0,0,0.00153398,-0.00306796,2.04633,2.04633,
68457.4,0.0429515,0.0414175,-0.605727,-0.605922,2.10192,2.10192,-0.178308,-0.176774,0,0,0.00153398,-0.00306796,2.04633,2.04633,
68477.4,0.0429515,0.0414175,-0.605727,-0.605922,2.10192,2.10192,-0.178308,-0.176774,0,0,0.00153398,-0.00306796,2.04633,2.04633,
68497.3,0.0429515,0.0414175,-0.605727,-0.605922,2.10192,2.10192,-0.178308,-0.176774,0,0.00153398,0.00153398,-0.00306796,2.04633,2.04633,
68517.3,0.0429515,0.0414175,-0.605727,-0.605922,2.10192,2.10192,-0.178308,-0.176774,0,0.00153398,0.00153398,-0.00306796,2.04633,2.04633,
68537.3,0.0429515,0.0414175,-0.605727,-0.605922,2.10192,2.10192,-0.178308,-0.176774,0,0.00153398,0.00153398,-0.00306796,2.04633,2.04633,
68557.3,0.0429515,0.0414175,-0.605727,-0.605922,2.10192,2.10192,-0.178308,-0.176774,0,0.00153398,0.00153398,-0.00306796,2.04633,2.04633,
68577.3,0.0429515,0.0414175,-0.605727,-0.605922,2.10192,2.10192,-0.178308,-0.176774,0,0.00153398,0.00153398,-0.00306796,2.04633,2.04633,
68597.4,0.0429515,0.0414175,-0.605727,-0.605922,2.10192,2.10192,-0.178308,-0.176774,0,0,0.00153398,-0.00306796,2.04633,2.04633,
68617.3,0.0429515,0.0414175,-0.605727,-0.605922,2.10192,2.10192,-0.178308,-0.176774,0,0,0.00153398,-0.00306796,2.04633,2.04633,
68637.4,0.0429515,0.0414175,-0.605727,-0.605922,2.10192,2.10192,-0.178308,-0.176774,0,0,0.00153398,-0.00306796,2.04633,2.04633,
68657.4,0.0429515,0.0414175,-0.605727,-0.605922,2.10192,2.10192,-0.178308,-0.176774,0,0,0.00153398,-0.00306796,2.04633,2.04633,
68677.4,0.0429515,0.0414175,-0.605727,-0.605922,2.10192,2.10192,-0.178308,-0.176774,0,0,0.00153398,-0.00306796,2.04633,2.04633,
68697.3,0.0429515,0.0414175,-0.605727,-0.605922,2.10192,2.10192,-0.178308,-0.176774,0,0,0.00153398,-0.00306796,2.04633,2.04633,
68717.3,0.0429515,0.0414175,-0.605727,-0.605922,2.10192,2.10192,-0.178308,-0.176774,0,0,0.00153398,-0.00306796,2.04633,2.04633,
68737.3,0.0429515,0.0414175,-0.605727,-0.605922,2.10192,2.10192,-0.178308,-0.176774,0,0,0.00153398,-0.00306796,2.04633,2.04633,
68757.4,0.0429515,0.0414175,-0.605727,-0.605922,2.10192,2.10192,-0.178308,-0.176774,0,0,0.00153398,-0.00306796,2.04633,2.04633,
68777.3,0.0429515,0.0414175,-0.605727,-0.605922,2.10192,2.10192,-0.178308,-0.176774,0,0,0.00153398,-0.00306796,2.04633,2.04633,
68797.4,0.0429515,0.0414175,-0.605727,-0.605922,2.10192,2.10192,-0.178308,-0.176774,0,0,0.00153398,-0.00306796,2.04633,2.04633,
68817.3,0.0429515,0.0414175,-0.605727,-0.605922,2.10192,2.10192,-0.178308,-0.176774,0,0,0.00153398,-0.00306796,2.04633,2.04633,
68837.4,0.0429515,0.0414175,-0.605727,-0.605922,2.10192,2.10192,-0.178308,-0.176774,0,0,0.00153398,-0.00306796,2.04633,2.04633,
68857.4,0.0429515,0.0414175,-0.605727,-0.605922,2.10192,2.10192,-0.178308,-0.176774,0,0,0.00153398,-0.00306796,2.04633,2.04633,
68877.4,0.0429515,0.0414175,-0.605727,-0.605922,2.10192,2.10192,-0.178308,-0.176774,0,0,0.00153398,-0.00306796,2.04633,2.04633,
68897.3,0.0429515,0.0414175,-0.605727,-0.605922,2.10192,2.10192,-0.178308,-0.176774,0,0,0.00153398,-0.00306796,2.04633,2.04633,
68917.3,0.0429515,0.0414175,-0.605727,-0.605922,2.10192,2.10192,-0.178308,-0.176774,0,0,0.00153398,-0.00306796,2.04633,2.04633,
68937.4,0.0429515,0.0414175,-0.605727,-0.605922,2.10192,2.10192,-0.178308,-0.176774,0,0,0.00153398,-0.00306796,2.04633,2.04633,
68957.4,0.0429515,0.0414175,-0.605727,-0.605922,2.10192,2.10192,-0.178308,-0.176774,0,0,0.00153398,-0.00306796,2.04633,2.04633,
68977.4,0.0429515,0.0414175,-0.605727,-0.605922,2.10192,2.10192,-0.178308,-0.176774,0,0,0.00153398,-0.00306796,2.04633,2.04633,
68997.4,0.0429515,0.0414175,-0.605727,-0.605922,2.10192,2.10192,-0.178308,-0.176774,0,0,0.00153398,-0.00306796,2.04633,2.04633,
69017.4,0.0429515,0.0414175,-0.605727,-0.605922,2.10192,2.10192,-0.178308,-0.176774,0,0,0.00153398,-0.00306796,2.04633,2.04633,
69037.3,0.0429515,0.0414175,-0.605727,-0.605922,2.10192,2.10192,-0.178308,-0.176774,0,0,0.00153398,-0.00306796,2.04633,2.04633,
69057.3,0.0429515,0.0414175,-0.605727,-0.605922,2.10192,2.10192,-0.178308,-0.176774,0,0,0.00153398,-0.00306796,2.04633,2.04633,
69077.4,0.0429515,0.0414175,-0.605727,-0.605922,2.10192,2.10192,-0.178308,-0.176774,0,0,0.00153398,-0.00306796,2.04633,2.04633,
69097.3,0.0429515,0.0414175,-0.605727,-0.605922,2.10192,2.10192,-0.178308,-0.176774,0,0,0.00153398,-0.00306796,2.04633,2.04633,
69117.3,0.0429515,0.0414175,-0.605727,-0.605922,2.10192,2.10192,-0.178308,-0.176774,0,0,0.00153398,-0.00306796,2.04633,2.04633,
69137.3,0.0429515,0.0414175,-0.605727,-0.605922,2.10192,2.10192,-0.178308,-0.176774,0,0,0.00153398,-0.00306796,2.04633,2.04633,
69157.4,0.0429515,0.0414175,-0.605727,-0.605922,2.10192,2.10192,-0.178308,-0.176774,0,0,0.00153398,-0.00306796,2.04633,2.04633,
69177.4,0.0429515,0.0414175,-0.605727,-0.605922,2.10192,2.10192,-0.178308,-0.176774,0,0,0.00153398,-0.00306796,2.04633,2.04633,
69197.3,0.0429515,0.0414175,-0.605727,-0.605922,2.10192,2.10192,-0.178308,-0.176774,0,0,0.00153398,-0.00306796,2.04633,2.04633,
69217.4,0.0429515,0.0414175,-0.605727,-0.605922,2.10192,2.10192,-0.178308,-0.176774,0,0,0.00153398,-0.00306796,2.04633,2.04633,
69237.3,0.0429515,0.0414175,-0.605727,-0.605922,2.10192,2.10192,-0.178308,-0.176774,0,0,0.00153398,-0.00306796,2.04633,2.04633,
69257.3,0.0429515,0.0414175,-0.605727,-0.605922,2.10192,2.10192,-0.178308,-0.176774,0,0,0.00153398,-0.00306796,2.04633,2.04633,
69277.3,0.0429515,0.0414175,-0.605727,-0.605922,2.10192,2.10192,-0.178308,-0.176774,0,0,0.00153398,-0.00306796,2.04633,2.04633,
69297.4,0.0429515,0.0414175,-0.605727,-0.605922,2.10192,2.10192,-0.178308,-0.176774,0,0,0.00153398,-0.00306796,2.04633,2.04633,
69317.3,0.0429515,0.0414175,-0.605727,-0.605922,2.10192,2.10192,-0.178308,-0.176774,0,0,0.00153398,-0.00306796,2.04633,2.04633,
69337.3,0.0429515,0.0414175,-0.605727,-0.605922,2.10192,2.10192,-0.178308,-0.176774,0,0.00153398,0.00153398,-0.00306796,2.04633,2.04633,
69357.4,0.0429515,0.0414175,-0.605727,-0.605922,2.10192,2.10192,-0.178308,-0.176774,0,0.00153398,0.00153398,-0.00306796,2.04633,2.04633,
69377.4,0.0429515,0.0414175,-0.605727,-0.605922,2.10192,2.10192,-0.178308,-0.176774,0,0.00153398,0.00153398,-0.00306796,2.04633,2.04633,
69397.3,0.0429515,0.0414175,-0.605727,-0.605922,2.10192,2.10192,-0.178308,-0.176774,0,0.00153398,0.00153398,-0.00306796,2.04633,2.04633,
69417.4,0.0429515,0.0414175,-0.605727,-0.605922,2.10192,2.10192,-0.178308,-0.176774,0,0.00153398,0.00153398,-0.00306796,2.04633,2.04633,
69437.3,0.0429515,0.0414175,-0.605727,-0.605922,2.10192,2.10192,-0.178308,-0.176774,0,0,0.00153398,-0.00306796,2.04633,2.04633,
69457.4,0.0429515,0.0414175,-0.605727,-0.605922,2.10192,2.10192,-0.178308,-0.176774,0,0,0.00153398,-0.00306796,2.04633,2.04633,
69477.3,0.0429515,0.0414175,-0.605727,-0.605922,2.10192,2.10192,-0.178308,-0.176774,0,0,0.00153398,-0.00306796,2.04633,2.04633,
69497.4,0.0429515,0.0414175,-0.605727,-0.605922,2.10192,2.10192,-0.178308,-0.176774,0,0,0.00153398,-0.00306796,2.04633,2.04633,
69517.3,0.0429515,0.0414175,-0.605727,-0.605922,2.10192,2.10192,-0.178308,-0.176774,0,0,0.00153398,-0.00306796,2.04633,2.04633,
69537.3,0.0429515,0.0414175,-0.605727,-0.605922,2.10192,2.10192,-0.178308,-0.176774,0,0,0.00153398,-0.00306796,2.04633,2.04633,
69557.3,0.0429515,0.0414175,-0.605727,-0.605922,2.10192,2.10192,-0.178308,-0.176774,0,0,0.00153398,-0.00306796,2.04633,2.04633,
69577.4,0.0429515,0.0414175,-0.605727,-0.605922,2.10192,2.10192,-0.178308,-0.176774,0,0,0.00153398,-0.00306796,2.04633,2.04633,
69597.4,0.0429515,0.0414175,-0.605727,-0.605922,2.10192,2.10192,-0.178308,-0.176774,0,0,0.00153398,-0.00306796,2.04633,2.04633,
69617.3,0.0429515,0.0414175,-0.605727,-0.605922,2.10192,2.10192,-0.178308,-0.176774,0,0,0.00153398,-0.00306796,2.04633,2.04633,
69637.4,0.0429515,0.0414175,-0.605727,-0.605922,2.10192,2.10192,-0.178308,-0.176774,0,0,0.00153398,-0.00306796,2.04633,2.04633,
69657.3,0.0429515,0.0414175,-0.605727,-0.605922,2.10192,2.10192,-0.178308,-0.176774,0,0,0.00153398,-0.00306796,2.04633,2.04633,
69677.3,0.0429515,0.0414175,-0.605727,-0.605922,2.10192,2.10192,-0.178308,-0.176774,0,0,0.00153398,-0.00306796,2.04633,2.04633,
69697.3,0.0429515,0.0414175,-0.605727,-0.605922,2.10192,2.10192,-0.178308,-0.176774,0,0,0.00153398,-0.00306796,2.04633,2.04633,
69717.3,0.0429515,0.0414175,-0.605727,-0.605922,2.10192,2.10192,-0.178308,-0.176774,0,0,0.00153398,-0.00306796,2.04633,2.04633,
69737.3,0.0429515,0.0414175,-0.605727,-0.605922,2.10192,2.10192,-0.178308,-0.176774,0,0,0.00153398,-0.00306796,2.04633,2.04633,
69757.3,0.0429515,0.0414175,-0.605727,-0.605922,2.10192,2.10192,-0.178308,-0.176774,0,0,0.00153398,-0.00306796,2.04633,2.04633,
69777.4,0.0429515,0.0414175,-0.605727,-0.605922,2.10192,2.10192,-0.178308,-0.176774,0,0,0.00153398,-0.00306796,2.04633,2.04633,
69797.4,0.0429515,0.0414175,-0.605727,-0.605922,2.10192,2.10192,-0.178308,-0.176774,0,0,0.00153398,-0.00306796,2.04633,2.04633,
69817.3,0.0429515,0.0414175,-0.605727,-0.605922,2.10192,2.10192,-0.178308,-0.176774,0,0,0.00153398,-0.00306796,2.04633,2.04633,
69837.4,0.0429515,0.0414175,-0.605727,-0.605922,2.10192,2.10192,-0.178308,-0.176774,0,0,0.00153398,-0.00306796,2.04633,2.04633,
69857.3,0.0429515,0.0414175,-0.605727,-0.605922,2.10192,2.10192,-0.178308,-0.176774,0,0,0.00153398,-0.00306796,2.04633,2.04633,
69877.4,0.0429515,0.0414175,-0.605727,-0.605922,2.10192,2.10192,-0.178308,-0.176774,0,0,0.00153398,-0.00306796,2.04633,2.04633,
69897.3,0.0429515,0.0414175,-0.605727,-0.605922,2.10192,2.10192,-0.178308,-0.176774,0,0,0.00153398,-0.00306796,2.04633,2.04633,
69917.3,0.0429515,0.0414175,-0.605727,-0.605922,2.10192,2.10192,-0.178308,-0.176774,0,0,0.00153398,-0.00306796,2.04633,2.04633,
69937.3,0.0429515,0.0414175,-0.605727,-0.605922,2.10192,2.10192,-0.178308,-0.176774,0,0,0.00153398,-0.00306796,2.04633,2.04633,
69957.3,0.0429515,0.0414175,-0.605727,-0.605922,2.10192,2.10192,-0.178308,-0.176774,0,0,0.00153398,-0.00306796,2.04633,2.04633,
69977.3,0.0429515,0.0414175,-0.605727,-0.605922,2.10192,2.10192,-0.178308,-0.176774,0,0,0.00153398,-0.00306796,2.04633,2.04633,
69997.3,0.0429515,0.0414175,-0.605727,-0.605922,2.10192,2.10192,-0.178308,-0.176774,0,0,0.00153398,-0.00306796,2.04633,2.04633,
70017.4,0.0429515,0.0414175,-0.605727,-0.605922,2.10192,2.10192,-0.178308,-0.176774,0,0,0.00153398,-0.00306796,2.04633,2.04633,
70037.4,0.0429515,0.0414175,-0.605727,-0.605922,2.10192,2.10192,-0.178308,-0.176774,0,0,0.00153398,-0.00306796,2.04633,2.04633,
70057.3,0.0429515,0.0414175,-0.605727,-0.605922,2.10192,2.10192,-0.178308,-0.176774,0,0,0.00153398,-0.00306796,2.04633,2.04633,
70077.3,0.0429515,0.0414175,-0.605727,-0.605922,2.10192,2.10192,-0.178308,-0.176774,0,0,0.00153398,-0.00306796,2.04633,2.04633,
70097.4,0.0429515,0.0414175,-0.605727,-0.605922,2.10192,2.10192,-0.178308,-0.176774,0,0,0.00153398,-0.00306796,2.04633,2.04633,
70117.3,0.0429515,0.0414175,-0.605727,-0.605922,2.10192,2.10192,-0.178308,-0.176774,0,0,0.00153398,-0.00306796,2.04633,2.04633,
70137.4,0.0429515,0.0414175,-0.605727,-0.605922,2.10192,2.10192,-0.178308,-0.176774,0,0,0.00153398,-0.00306796,2.04633,2.04633,
70157.4,0.0429515,0.0414175,-0.605727,-0.605922,2.10192,2.10192,-0.178308,-0.176774,0,0,0.00153398,-0.00306796,2.04633,2.04633,
70177.3,0.0429515,0.0414175,-0.605727,-0.605922,2.10192,2.10192,-0.178308,-0.176774,0,0,0.00153398,-0.00306796,2.04633,2.04633,
70197.4,0.0429515,0.0414175,-0.605727,-0.605922,2.10192,2.10192,-0.178308,-0.176774,0,0,0.00153398,-0.00306796,2.04633,2.04633,
70217.3,0.0429515,0.0414175,-0.605727,-0.605922,2.10192,2.10192,-0.178308,-0.176774,0,0.00153398,0.00153398,-0.00306796,2.04633,2.04786,
70237.3,0.0429515,0.0414175,-0.605727,-0.605922,2.10192,2.10192,-0.178308,-0.176774,0,0.00153398,0.00153398,-0.00306796,2.04633,2.04786,
70257.4,0.0429515,0.0414175,-0.605727,-0.605922,2.10192,2.10192,-0.178308,-0.176774,0,0.00153398,0.00153398,-0.00306796,2.04633,2.04786,
70277.4,0.0429515,0.0414175,-0.605727,-0.605922,2.10192,2.10192,-0.178308,-0.176774,0,0.00153398,0.00153398,-0.00306796,2.04633,2.04786,
70297.4,0.0429515,0.0414175,-0.605727,-0.605922,2.10192,2.10192,-0.178308,-0.176774,0,0.00153398,0.00153398,-0.00306796,2.04633,2.04786,
70317.3,0.0429515,0.0414175,-0.605727,-0.605922,2.10192,2.10192,-0.178308,-0.176774,0,0,0.00153398,-0.00306796,2.04633,2.04633,
70337.4,0.0429515,0.0414175,-0.605727,-0.605922,2.10192,2.10192,-0.178308,-0.176774,0,0,0.00153398,-0.00306796,2.04633,2.04633,
70357.3,0.0429515,0.0414175,-0.605727,-0.605922,2.10192,2.10192,-0.178308,-0.176774,0,0,0.00153398,-0.00306796,2.04633,2.04633,
70377.3,0.0429515,0.0414175,-0.605727,-0.605922,2.10192,2.10192,-0.178308,-0.176774,0,0,0.00153398,-0.00306796,2.04633,2.04633,
70397.3,0.0429515,0.0414175,-0.605727,-0.605922,2.10192,2.10192,-0.178308,-0.176774,0,0,0.00153398,-0.00306796,2.04633,2.04633,
70417.4,0.0429515,0.0414175,-0.605727,-0.605922,2.10192,2.10192,-0.178308,-0.176774,0,0.00153398,0.00153398,-0.00306796,2.04633,2.04633,
70437.3,0.0429515,0.0414175,-0.605727,-0.605922,2.10192,2.10192,-0.178308,-0.176774,0,0.00153398,0.00153398,-0.00306796,2.04633,2.04633,
70457.3,0.0429515,0.0414175,-0.605727,-0.605922,2.10192,2.10192,-0.178308,-0.176774,0,0.00153398,0.00153398,-0.00306796,2.04633,2.04633,
70477.4,0.0429515,0.0414175,-0.605727,-0.605922,2.10192,2.10192,-0.178308,-0.176774,0,0.00153398,0.00153398,-0.00306796,2.04633,2.04633,
70497.4,0.0429515,0.0414175,-0.605727,-0.605922,2.10192,2.10192,-0.178308,-0.176774,0,0,0.00153398,-0.00306796,2.04633,2.04633,
70517.4,0.0429515,0.0414175,-0.605727,-0.605922,2.10192,2.10192,-0.178308,-0.176774,0,0,0.00153398,-0.00306796,2.04633,2.04633,
70537.4,0.0429515,0.0414175,-0.605727,-0.605922,2.10192,2.10192,-0.178308,-0.176774,0,0,0.00153398,-0.00306796,2.04633,2.04633,
70557.3,0.0429515,0.0414175,-0.605727,-0.605922,2.10192,2.10192,-0.178308,-0.176774,0,0,0.00153398,-0.00306796,2.04633,2.04633,
70577.3,0.0429515,0.0414175,-0.605727,-0.605922,2.10192,2.10192,-0.178308,-0.176774,0,0,0.00153398,-0.00306796,2.04633,2.04633,
70597.4,0.0429515,0.0414175,-0.605727,-0.605922,2.10192,2.10192,-0.178308,-0.176774,0,0,0.00153398,-0.00306796,2.04633,2.04633,
70617.2,0.0429515,0.0414175,-0.605727,-0.605922,2.10192,2.10192,-0.178308,-0.17524,0,0,0.00153398,-0.00306796,2.04633,2.04633,
70637.4,0.0429515,0.0414175,-0.605727,-0.605922,2.10192,2.10192,-0.178308,-0.17524,0,0,0.00153398,-0.00306796,2.04633,2.04633,
70657.4,0.0429515,0.0414175,-0.605727,-0.605922,2.10192,2.10192,-0.178308,-0.17524,0,0,0.00153398,-0.00306796,2.04633,2.04633,
70677.3,0.0429515,0.0414175,-0.605727,-0.605922,2.10192,2.10192,-0.178308,-0.17524,0,0,0.00153398,-0.00306796,2.04633,2.04633,
70697.4,0.0429515,0.0414175,-0.605727,-0.605922,2.10192,2.10192,-0.178308,-0.17524,0,0,0.00153398,-0.00306796,2.04633,2.04633,
70717.3,0.0429515,0.0414175,-0.605727,-0.605922,2.10192,2.10192,-0.178308,-0.176774,0,0,0.00153398,-0.00306796,2.04633,2.04633,
70737.4,0.0429515,0.0414175,-0.605727,-0.605922,2.10192,2.10192,-0.178308,-0.176774,0,0,0.00153398,-0.00306796,2.04633,2.04633,
70757.3,0.0429515,0.0414175,-0.605727,-0.605922,2.10192,2.10192,-0.178308,-0.176774,0,0,0.00153398,-0.00306796,2.04633,2.04633,
70777.4,0.0429515,0.0414175,-0.605727,-0.605922,2.10192,2.10192,-0.178308,-0.176774,0,0,0.00153398,-0.00306796,2.04633,2.04633,
70797.3,0.0429515,0.0414175,-0.605727,-0.605922,2.10192,2.10192,-0.178308,-0.176774,0,0,0.00153398,-0.00306796,2.04633,2.04633,
70817.4,0.0429515,0.0414175,-0.605727,-0.605922,2.10192,2.10192,-0.178308,-0.17524,0,0,0.00153398,-0.00306796,2.04633,2.04633,
70837.3,0.0429515,0.0414175,-0.605727,-0.605922,2.10192,2.10192,-0.178308,-0.17524,0,0,0.00153398,-0.00306796,2.04633,2.04633,
70857.4,0.0429515,0.0414175,-0.605727,-0.605922,2.10192,2.10192,-0.178308,-0.17524,0,0,0.00153398,-0.00306796,2.04633,2.04633,
70877.3,0.0429515,0.0414175,-0.605727,-0.605922,2.10192,2.10192,-0.178308,-0.17524,0,0,0.00153398,-0.00306796,2.04633,2.04633,
70897.3,0.0429515,0.0414175,-0.605727,-0.605922,2.10192,2.10192,-0.178308,-0.176774,0,0.00153398,0.00153398,-0.00306796,2.04633,2.04633,
70917.3,0.0429515,0.0414175,-0.605727,-0.605922,2.10192,2.10192,-0.178308,-0.176774,0,0.00153398,0.00153398,-0.00306796,2.04633,2.04633,
70937.3,0.0429515,0.0414175,-0.605727,-0.605922,2.10192,2.10192,-0.178308,-0.176774,0,0.00153398,0.00153398,-0.00306796,2.04633,2.04633,
70957.3,0.0429515,0.0414175,-0.605727,-0.605922,2.10192,2.10192,-0.178308,-0.176774,0,0.00153398,0.00153398,-0.00306796,2.04633,2.04633,
70977.3,0.0429515,0.0414175,-0.605727,-0.605922,2.10192,2.10192,-0.178308,-0.176774,0,0.00153398,0.00153398,-0.00306796,2.04633,2.04633,
70997.3,0.0429515,0.0414175,-0.605727,-0.605922,2.10192,2.10192,-0.178308,-0.176774,0,0,0.00153398,-0.00306796,2.04633,2.04633,
71017.3,0.0429515,0.0414175,-0.605727,-0.605922,2.10192,2.10192,-0.178308,-0.176774,0,0,0.00153398,-0.00306796,2.04633,2.04633,
71037.3,0.0429515,0.0414175,-0.605727,-0.605922,2.10192,2.10192,-0.178308,-0.176774,0,0,0.00153398,-0.00306796,2.04633,2.04633,
71057.3,0.0429515,0.0414175,-0.605727,-0.605922,2.10192,2.10192,-0.178308,-0.176774,0,0,0.00153398,-0.00306796,2.04633,2.04633,
71077.3,0.0429515,0.0414175,-0.605727,-0.605922,2.10192,2.10192,-0.178308,-0.176774,0,0,0.00153398,-0.00306796,2.04633,2.04633,
71097.3,0.0429515,0.0414175,-0.605727,-0.605922,2.10192,2.10192,-0.178308,-0.176774,0,0,0.00153398,-0.00306796,2.04633,2.04633,
71117.3,0.0429515,0.0414175,-0.605727,-0.605922,2.10192,2.10192,-0.178308,-0.176774,0,0,0.00153398,-0.00306796,2.04633,2.04633,
71137.3,0.0429515,0.0414175,-0.605727,-0.605922,2.10192,2.10192,-0.178308,-0.176774,0,0,0.00153398,-0.00306796,2.04633,2.04633,
71157.3,0.0429515,0.0414175,-0.605727,-0.605922,2.10192,2.10192,-0.178308,-0.176774,0,0,0.00153398,-0.00306796,2.04633,2.04633,
71177.3,0.0429515,0.0414175,-0.605727,-0.605922,2.10192,2.10192,-0.178308,-0.176774,0,0,0.00153398,-0.00306796,2.04633,2.04633,
71197.3,0.0429515,0.0414175,-0.605727,-0.605922,2.10192,2.10192,-0.178308,-0.176774,0,0,0.00153398,-0.00306796,2.04633,2.04633,
71217.3,0.0429515,0.0414175,-0.605727,-0.605922,2.10192,2.10192,-0.178308,-0.176774,0,0,0.00153398,-0.00306796,2.04633,2.04633,
71237.3,0.0429515,0.0414175,-0.605727,-0.605922,2.10192,2.10192,-0.178308,-0.176774,0,0,0.00153398,-0.00306796,2.04633,2.04633,
71257.3,0.0429515,0.0414175,-0.605727,-0.605922,2.10192,2.10192,-0.178308,-0.176774,0,0,0.00153398,-0.00306796,2.04633,2.04633,
71277.2,0.0429515,0.0414175,-0.605727,-0.605922,2.10192,2.10192,-0.178308,-0.176774,0,0,0.00153398,-0.00306796,2.04633,2.04633,
71297.3,0.0429515,0.0414175,-0.605727,-0.605922,2.10192,2.10192,-0.178308,-0.176774,0,0,0.00153398,-0.00306796,2.04633,2.04633,
71317.2,0.0429515,0.0414175,-0.605727,-0.605922,2.10192,2.10192,-0.178308,-0.176774,0,0,0.00153398,-0.00306796,2.04633,2.04633,
71337.2,0.0429515,0.0414175,-0.605727,-0.605922,2.10192,2.10192,-0.178308,-0.176774,0,0,0.00153398,-0.00306796,2.04633,2.04633,
71357.2,0.0429515,0.0414175,-0.605727,-0.605922,2.10192,2.10192,-0.178308,-0.176774,0,0,0.00153398,-0.00306796,2.04633,2.04633,
71377.3,0.0429515,0.0414175,-0.605727,-0.605922,2.10192,2.10192,-0.178308,-0.176774,0,0,0.00153398,-0.00306796,2.04633,2.04633,
71397.2,0.0429515,0.0414175,-0.605727,-0.605922,2.10192,2.10192,-0.178308,-0.176774,0,0,0.00153398,-0.00306796,2.04633,2.04633,
71417.3,0.0429515,0.0414175,-0.605727,-0.605922,2.10192,2.10192,-0.178308,-0.176774,0,0,0.00153398,-0.00306796,2.04633,2.04633,
71437.2,0.0429515,0.0414175,-0.605727,-0.605922,2.10192,2.10192,-0.178308,-0.176774,0,0,0.00153398,-0.00306796,2.04633,2.04633,
71457.2,0.0429515,0.0414175,-0.605727,-0.605922,2.10192,2.10192,-0.178308,-0.176774,0,0,0.00153398,-0.00306796,2.04633,2.04633,
71477.3,0.0429515,0.0414175,-0.605727,-0.605922,2.10192,2.10192,-0.178308,-0.176774,0,0,0.00153398,-0.00306796,2.04633,2.04633,
71497.3,0.0429515,0.0414175,-0.605727,-0.605922,2.10192,2.10192,-0.178308,-0.176774,0,0,0.00153398,-0.00306796,2.04633,2.04633,
71517.2,0.0429515,0.0414175,-0.605727,-0.605922,2.10192,2.10192,-0.178308,-0.176774,0,0,0.00153398,-0.00306796,2.04633,2.04633,
71537.2,0.0429515,0.0414175,-0.605727,-0.605922,2.10192,2.10192,-0.178308,-0.176774,0,0,0.00153398,-0.00306796,2.04633,2.04633,
71557.3,0.0429515,0.0414175,-0.605727,-0.605922,2.10192,2.10192,-0.178308,-0.176774,0,0,0.00153398,-0.00306796,2.04633,2.04633,
71577.3,0.0429515,0.0414175,-0.605727,-0.605922,2.10192,2.10192,-0.178308,-0.176774,0,0,0.00153398,-0.00306796,2.04633,2.04633,
71597.3,0.0429515,0.0414175,-0.605727,-0.605922,2.10192,2.10192,-0.178308,-0.176774,0,0,0.00153398,-0.00306796,2.04633,2.04633,
71617.3,0.0429515,0.0414175,-0.605727,-0.605922,2.10192,2.10192,-0.178308,-0.176774,0,0,0.00153398,-0.00306796,2.04633,2.04633,
71637.3,0.0429515,0.0414175,-0.605727,-0.605922,2.10192,2.10192,-0.178308,-0.176774,0,0,0.00153398,-0.00306796,2.04633,2.04633,
71657.3,0.0429515,0.0414175,-0.605727,-0.605922,2.10192,2.10192,-0.178308,-0.176774,0,0,0.00153398,-0.00306796,2.04633,2.04633,
71677.3,0.0429515,0.0414175,-0.605727,-0.605922,2.10192,2.10192,-0.178308,-0.176774,0,0,0.00153398,-0.00306796,2.04633,2.04633,
71697.3,0.0429515,0.0414175,-0.605727,-0.605922,2.10192,2.10192,-0.178308,-0.17524,0,0,0.00153398,-0.00306796,2.04633,2.04633,
71717.3,0.0429515,0.0414175,-0.605727,-0.605922,2.10192,2.10192,-0.178308,-0.17524,0,0,0.00153398,-0.00306796,2.04633,2.04633,
71737.3,0.0429515,0.0414175,-0.605727,-0.605922,2.10192,2.10192,-0.178308,-0.17524,0,0,0.00153398,-0.00306796,2.04633,2.04633,
71757.3,0.0429515,0.0414175,-0.605727,-0.605922,2.10192,2.10192,-0.178308,-0.17524,0,0,0.00153398,-0.00306796,2.04633,2.04633,
71777.3,0.0429515,0.0414175,-0.605727,-0.605922,2.10192,2.10192,-0.178308,-0.17524,0,0,0.00153398,-0.00306796,2.04633,2.04633,
71797.3,0.0429515,0.0414175,-0.605727,-0.605922,2.10192,2.10192,-0.178308,-0.17524,0,0,0.00153398,-0.00306796,2.04633,2.04633,
71817.3,0.0429515,0.0414175,-0.605727,-0.605922,2.10192,2.10192,-0.178308,-0.176774,0,0,0.00153398,-0.00306796,2.04633,2.04633,
71837.2,0.0429515,0.0414175,-0.605727,-0.605922,2.10192,2.10192,-0.178308,-0.176774,0,0,0.00153398,-0.00306796,2.04633,2.04633,
71857.4,0.0429515,0.0414175,-0.605727,-0.605922,2.10192,2.10192,-0.178308,-0.176774,0,0,0.00153398,-0.00306796,2.04633,2.04633,
71877.3,0.0429515,0.0414175,-0.605727,-0.605922,2.10192,2.10192,-0.178308,-0.176774,0,0,0.00153398,-0.00306796,2.04633,2.04633,
71897.4,0.0429515,0.0414175,-0.605727,-0.605922,2.10192,2.10192,-0.178308,-0.176774,0,0,0.00153398,-0.00306796,2.04633,2.04633,
71917.3,0.0429515,0.0414175,-0.605727,-0.605922,2.10192,2.10192,-0.178308,-0.176774,0,0,0.00153398,-0.00306796,2.04633,2.04633,
71937.2,0.0429515,0.0414175,-0.605727,-0.605922,2.10192,2.10192,-0.178308,-0.176774,0,0,0.00153398,-0.00306796,2.04633,2.04633,
71957.3,0.0429515,0.0414175,-0.605727,-0.605922,2.10192,2.10192,-0.178308,-0.176774,0,0,0.00153398,-0.00306796,2.04633,2.04633,
71977.3,0.0429515,0.0414175,-0.605727,-0.605922,2.10192,2.10192,-0.178308,-0.176774,0,0,0.00153398,-0.00306796,2.04633,2.04633,
71997.3,0.0429515,0.0414175,-0.605727,-0.605922,2.10192,2.10192,-0.178308,-0.176774,0,0,0.00153398,-0.00306796,2.04633,2.04633,
72017.3,0.0429515,0.0414175,-0.605727,-0.605922,2.10192,2.10192,-0.178308,-0.176774,0,0,0.00153398,-0.00306796,2.04633,2.04633,
72037.3,0.0429515,0.0414175,-0.605727,-0.605922,2.10192,2.10192,-0.178308,-0.176774,0,0,0.00153398,-0.00306796,2.04633,2.04633,
72057.3,0.0429515,0.0414175,-0.605727,-0.605922,2.10192,2.10192,-0.178308,-0.176774,0,0,0.00153398,-0.00306796,2.04633,2.04633,
72077.3,0.0429515,0.0414175,-0.605727,-0.605922,2.10192,2.10192,-0.178308,-0.176774,0,0,0.00153398,-0.00306796,2.04633,2.04633,
72097.3,0.0429515,0.0414175,-0.605727,-0.605922,2.10192,2.10192,-0.178308,-0.176774,0,0,0.00153398,-0.00306796,2.04633,2.04633,
72117.3,0.0429515,0.0414175,-0.605727,-0.605922,2.10192,2.10192,-0.178308,-0.176774,0,0,0.00153398,-0.00306796,2.04633,2.04633,
72137.3,0.0429515,0.0414175,-0.605727,-0.605922,2.10192,2.10192,-0.178308,-0.176774,0,0,0.00153398,-0.00306796,2.04633,2.04633,
72157.3,0.0429515,0.0414175,-0.605727,-0.605922,2.10192,2.10192,-0.178308,-0.176774,0,0,0.00153398,-0.00306796,2.04633,2.04633,
72177.3,0.0429515,0.0414175,-0.605727,-0.605922,2.10192,2.10192,-0.178308,-0.176774,0,0,0.00153398,-0.00306796,2.04633,2.04633,
72197.4,0.0429515,0.0414175,-0.605727,-0.605922,2.10192,2.10192,-0.178308,-0.176774,0,0,0.00153398,-0.00306796,2.04633,2.04633,
72217.3,0.0429515,0.0414175,-0.605727,-0.605922,2.10192,2.10192,-0.178308,-0.176774,0,0,0.00153398,-0.00306796,2.04633,2.04633,
72237.2,0.0429515,0.0414175,-0.605727,-0.605922,2.10192,2.10192,-0.178308,-0.176774,0,0,0.00153398,-0.00306796,2.04633,2.04633,
72257.3,0.0429515,0.0414175,-0.605727,-0.605922,2.10192,2.10192,-0.178308,-0.176774,0,0,0.00153398,-0.00306796,2.04633,2.04633,
72277.3,0.0429515,0.0414175,-0.605727,-0.605922,2.10192,2.10192,-0.178308,-0.176774,0,0,0.00153398,-0.00306796,2.04633,2.04633,
72297.4,0.0429515,0.0414175,-0.605727,-0.605922,2.10192,2.10192,-0.178308,-0.176774,0,0,0.00153398,-0.00306796,2.04633,2.04633,
72317.3,0.0429515,0.0414175,-0.605727,-0.605922,2.10192,2.10192,-0.178308,-0.17524,0,0,0.00153398,-0.00306796,2.04633,2.04633,
72337.4,0.0429515,0.0414175,-0.605727,-0.605922,2.10192,2.10192,-0.178308,-0.17524,0,0,0.00153398,-0.00306796,2.04633,2.04633,
72357.4,0.0429515,0.0414175,-0.605727,-0.605922,2.10192,2.10192,-0.178308,-0.17524,0,0,0.00153398,-0.00306796,2.04633,2.04633,
72377.4,0.0429515,0.0414175,-0.605727,-0.605922,2.10192,2.10192,-0.178308,-0.17524,0,0,0.00153398,-0.00306796,2.04633,2.04633,
72397.4,0.0429515,0.0414175,-0.605727,-0.605922,2.10192,2.10192,-0.178308,-0.17524,0,0,0.00153398,-0.00306796,2.04633,2.04633,
72417.3,0.0429515,0.0414175,-0.605727,-0.605922,2.10192,2.10192,-0.178308,-0.176774,0,0,0.00153398,-0.00306796,2.04633,2.04633,
72437.4,0.0429515,0.0414175,-0.605727,-0.605922,2.10192,2.10192,-0.178308,-0.176774,0,0,0.00153398,-0.00306796,2.04633,2.04633,
72457.4,0.0429515,0.0414175,-0.605727,-0.605922,2.10192,2.10192,-0.178308,-0.176774,0,0,0.00153398,-0.00306796,2.04633,2.04633,
72477.4,0.0429515,0.0414175,-0.605727,-0.605922,2.10192,2.10192,-0.178308,-0.176774,0,0,0.00153398,-0.00306796,2.04633,2.04633,
72497.4,0.0429515,0.0414175,-0.605727,-0.605922,2.10192,2.10192,-0.178308,-0.176774,0,0,0.00153398,-0.00306796,2.04633,2.04633,
72517.3,0.0429515,0.0414175,-0.605727,-0.605922,2.10192,2.10192,-0.178308,-0.176774,0,0,0.00153398,-0.00306796,2.04633,2.04633,
72537.3,0.0429515,0.0414175,-0.605727,-0.605922,2.10192,2.10192,-0.178308,-0.176774,0,0,0.00153398,-0.00306796,2.04633,2.04633,
72557.3,0.0429515,0.0414175,-0.605727,-0.605922,2.10192,2.10192,-0.178308,-0.176774,0,0,0.00153398,-0.00306796,2.04633,2.04633,
72577.3,0.0429515,0.0414175,-0.605727,-0.605922,2.10192,2.10192,-0.178308,-0.176774,0,0,0.00153398,-0.00306796,2.04633,2.04633,
72597.4,0.0429515,0.0414175,-0.605727,-0.605922,2.10192,2.10192,-0.178308,-0.176774,0,0,0.00153398,-0.00306796,2.04633,2.04633,
72617.2,0.0429515,0.0414175,-0.605727,-0.605922,2.10192,2.10192,-0.178308,-0.176774,0,0,0.00153398,-0.00306796,2.04633,2.04633,
72637.3,0.0429515,0.0414175,-0.605727,-0.605922,2.10192,2.10192,-0.178308,-0.176774,0,0,0.00153398,-0.00306796,2.04633,2.04633,
72657.3,0.0429515,0.0414175,-0.605727,-0.605922,2.10192,2.10192,-0.178308,-0.176774,0,0,0.00153398,-0.00306796,2.04633,2.04633,
72677.4,0.0429515,0.0414175,-0.605727,-0.605922,2.10192,2.10192,-0.178308,-0.176774,0,0,0.00153398,-0.00306796,2.04633,2.04633,
72697.3,0.0429515,0.0414175,-0.605727,-0.605922,2.10192,2.10192,-0.178308,-0.176774,0,0,0.00153398,-0.00306796,2.04633,2.04633,
72717.3,0.0429515,0.0414175,-0.605727,-0.605922,2.10192,2.10192,-0.178308,-0.176774,0,0,0.00153398,-0.00153398,2.04633,2.04633,
72737.3,0.0429515,0.0414175,-0.605727,-0.605922,2.10192,2.10192,-0.178308,-0.176774,0,0,0.00153398,-0.00153398,2.04633,2.04633,
72757.3,0.0429515,0.0414175,-0.605727,-0.605922,2.10192,2.10192,-0.178308,-0.176774,0,0,0.00153398,-0.00153398,2.04633,2.04633,
72777.3,0.0429515,0.0414175,-0.605727,-0.605922,2.10192,2.10192,-0.178308,-0.176774,0,0,0.00153398,-0.00153398,2.04633,2.04633,
72797.3,0.0429515,0.0414175,-0.605727,-0.605922,2.10192,2.10192,-0.178308,-0.176774,0,0,0.00153398,-0.00153398,2.04633,2.04633,
72817.3,0.0429515,0.0414175,-0.605727,-0.605922,2.10192,2.10192,-0.178308,-0.176774,0,0,0.00153398,-0.00153398,2.04633,2.04633,
72837.3,0.0429515,0.0414175,-0.605727,-0.605922,2.10192,2.10192,-0.178308,-0.176774,0,0,0.00153398,-0.00153398,2.04633,2.04633,
72857.3,0.0429515,0.0414175,-0.605727,-0.605922,2.10192,2.10192,-0.178308,-0.176774,0,0,0.00153398,-0.00153398,2.04633,2.04633,
72877.4,0.0429515,0.0414175,-0.605727,-0.605922,2.10192,2.10192,-0.178308,-0.176774,0,0,0.00153398,-0.00153398,2.04633,2.04633,
72897.2,0.0429515,0.0414175,-0.605727,-0.605922,2.10192,2.10192,-0.178308,-0.176774,0,0,0.00153398,-0.00153398,2.04633,2.04633,
72917.3,0.0429515,0.0414175,-0.605727,-0.605922,2.10192,2.10192,-0.178308,-0.176774,0,0,0.00153398,-0.00153398,2.04633,2.04633,
72937.3,0.0429515,0.0414175,-0.605727,-0.605922,2.10192,2.10192,-0.178308,-0.176774,0,0,0.00153398,-0.00153398,2.04633,2.04633,
72957.2,0.0429515,0.0414175,-0.605727,-0.605922,2.10192,2.10192,-0.178308,-0.176774,0,0,0.00153398,-0.00153398,2.04633,2.04633,
72977.3,0.0429515,0.0414175,-0.605727,-0.605922,2.10192,2.10192,-0.178308,-0.176774,0,0,0.00153398,-0.00153398,2.04633,2.04633,
72997.4,0.0429515,0.0414175,-0.605727,-0.605922,2.10192,2.10192,-0.178308,-0.176774,0,0,0.00153398,-0.00153398,2.04633,2.04633,
73017.3,0.0429515,0.0414175,-0.605727,-0.605922,2.10192,2.10192,-0.178308,-0.176774,0,0,0.00153398,-0.00153398,2.04633,2.04633,
73037.4,0.0429515,0.0414175,-0.605727,-0.605922,2.10192,2.10192,-0.178308,-0.176774,0,0,0.00153398,-0.00153398,2.04633,2.04633,
73057.3,0.0429515,0.0414175,-0.605727,-0.605922,2.10192,2.10192,-0.178308,-0.176774,0,0,0.00153398,-0.00153398,2.04633,2.04633,
73077.2,0.0429515,0.0414175,-0.605727,-0.605922,2.10192,2.10192,-0.178308,-0.176774,0,0,0.00153398,-0.00153398,2.04633,2.04633,
73097.4,0.0429515,0.0414175,-0.605727,-0.605922,2.10192,2.10192,-0.178308,-0.176774,0,0,0.00153398,-0.00153398,2.04633,2.04633,
73117.3,0.0429515,0.0414175,-0.605727,-0.605922,2.10192,2.10192,-0.178308,-0.176774,0,0,0.00153398,-0.00153398,2.04633,2.04633,
73137.3,0.0429515,0.0414175,-0.605727,-0.605922,2.10192,2.10192,-0.178308,-0.176774,0,0,0.00153398,-0.00153398,2.04633,2.04633,
73157.4,0.0429515,0.0414175,-0.605727,-0.605922,2.10192,2.10192,-0.178308,-0.176774,0,0,0.00153398,-0.00153398,2.04633,2.04633,
73177.4,0.0429515,0.0414175,-0.605727,-0.605922,2.10192,2.10192,-0.178308,-0.176774,0,0,0.00153398,-0.00153398,2.04633,2.04633,
73197.3,0.0429515,0.0414175,-0.605727,-0.605922,2.10192,2.10192,-0.178308,-0.176774,0,0,0.00153398,-0.00153398,2.04633,2.04633,
73217.3,0.0429515,0.0414175,-0.605727,-0.605922,2.10192,2.10192,-0.178308,-0.176774,0,0,0.00153398,-0.00153398,2.04633,2.04633,
73237.3,0.0429515,0.0414175,-0.605727,-0.605922,2.10192,2.10192,-0.178308,-0.176774,0,0,0.00153398,-0.00153398,2.04633,2.04633,
73257.3,0.0429515,0.0414175,-0.605727,-0.605922,2.10192,2.10192,-0.178308,-0.176774,0,0,0.00153398,-0.00153398,2.04633,2.04633,
73277.3,0.0429515,0.0414175,-0.605727,-0.605922,2.10192,2.10192,-0.178308,-0.176774,0,0,0.00153398,-0.00153398,2.04633,2.04633,
73297.4,0.0429515,0.0414175,-0.605727,-0.605922,2.10192,2.10192,-0.178308,-0.176774,0,0,0.00153398,-0.00153398,2.04633,2.04633,
73317.3,0.0429515,0.0414175,-0.605727,-0.605922,2.10192,2.10192,-0.178308,-0.176774,0,0,0.00153398,-0.00153398,2.04633,2.04633,
73337.4,0.0429515,0.0414175,-0.605727,-0.605922,2.10192,2.10192,-0.178308,-0.176774,0,0,0.00153398,-0.00153398,2.04633,2.04633,
73357.4,0.0429515,0.0414175,-0.605727,-0.605922,2.10192,2.10192,-0.178308,-0.176774,0,0,0.00153398,-0.00153398,2.04633,2.04633,
73377.4,0.0429515,0.0414175,-0.605727,-0.605922,2.10192,2.10192,-0.178308,-0.176774,0,0,0.00153398,-0.00153398,2.04633,2.04633,
73397.3,0.0429515,0.0414175,-0.605727,-0.605922,2.10192,2.10192,-0.178308,-0.176774,0,0,0.00153398,-0.00153398,2.04633,2.04633,
73417.3,0.0429515,0.0414175,-0.605727,-0.605922,2.10192,2.10192,-0.178308,-0.176774,0,0,0.00153398,-0.00153398,2.04633,2.04633,
73437.4,0.0429515,0.0414175,-0.605727,-0.605922,2.10192,2.10192,-0.178308,-0.176774,0,0,0.00153398,-0.00153398,2.04633,2.04633,
73457.4,0.0429515,0.0414175,-0.605727,-0.605922,2.10192,2.10192,-0.178308,-0.176774,0,0,0.00153398,-0.00153398,2.04633,2.04633,
73477.3,0.0429515,0.0414175,-0.605727,-0.605922,2.10192,2.10192,-0.178308,-0.176774,0,0,0.00153398,-0.00153398,2.04633,2.04633,
73497.3,0.0429515,0.0414175,-0.605727,-0.605922,2.10192,2.10192,-0.178308,-0.176774,0,0,0.00153398,-0.00153398,2.04633,2.04633,
73517.3,0.0429515,0.0414175,-0.605727,-0.605922,2.10192,2.10192,-0.178308,-0.176774,0,0,0.00153398,0,2.04633,2.04633,
73537.3,0.0429515,0.0414175,-0.605727,-0.605922,2.10192,2.10192,-0.178308,-0.176774,0,0,0.00153398,0,2.04633,2.04633,
73557.3,0.0429515,0.0414175,-0.605727,-0.605922,2.10192,2.10192,-0.178308,-0.176774,0,0,0.00153398,0,2.04633,2.04633,
73577.3,0.0429515,0.0414175,-0.605727,-0.605922,2.10192,2.10192,-0.178308,-0.176774,0,0,0.00153398,0,2.04633,2.04633,
73597.3,0.0429515,0.0414175,-0.605727,-0.605922,2.10192,2.10192,-0.178308,-0.176774,0,0,0.00153398,0,2.04633,2.04633,
73617.3,0.0429515,0.0414175,-0.605727,-0.605922,2.10192,2.10192,-0.178308,-0.176774,0,0,0.00153398,0,2.04633,2.04633,
73637.4,0.0429515,0.0414175,-0.605727,-0.605922,2.10192,2.10192,-0.178308,-0.176774,0,0,0.00153398,0,2.04633,2.04633,
73657.4,0.0429515,0.0414175,-0.605727,-0.605922,2.10192,2.10192,-0.178308,-0.176774,0,0,0.00153398,0,2.04633,2.04633,
73677.3,0.0429515,0.0414175,-0.605727,-0.605922,2.10192,2.10192,-0.178308,-0.176774,0,0,0.00153398,0,2.04633,2.04633,
73697.3,0.0429515,0.0414175,-0.605727,-0.605922,2.10192,2.10192,-0.178308,-0.176774,0,0,0.00153398,0,2.04633,2.04786,
73717.3,0.0429515,0.0414175,-0.605727,-0.605922,2.10192,2.10192,-0.178308,-0.176774,0,0,0.00153398,0,2.04633,2.04786,
73737.3,0.0429515,0.0414175,-0.605727,-0.605922,2.10192,2.10192,-0.178308,-0.176774,0,0,0.00153398,0,2.04633,2.04786,
73757.3,0.0429515,0.0414175,-0.605727,-0.605922,2.10192,2.10192,-0.178308,-0.176774,0,0,0.00153398,0,2.04633,2.04786,
73777.4,0.0429515,0.0414175,-0.605727,-0.605922,2.10192,2.10192,-0.178308,-0.176774,0,0,0.00153398,0,2.04633,2.04786,
73797.4,0.0429515,0.0414175,-0.605727,-0.605922,2.10192,2.10192,-0.178308,-0.176774,0,0,0.00153398,0,2.04633,2.04786,
73817.4,0.0429515,0.0414175,-0.605727,-0.605922,2.10192,2.10192,-0.178308,-0.17524,0,0,0.00153398,0,2.04633,2.04633,
73837.3,0.0429515,0.0414175,-0.605727,-0.605922,2.10192,2.10192,-0.178308,-0.17524,0,0,0.00153398,0,2.04633,2.04633,
73857.3,0.0429515,0.0414175,-0.605727,-0.605922,2.10192,2.10192,-0.178308,-0.17524,0,0,0.00153398,0,2.04633,2.04633,
73877.3,0.0429515,0.0414175,-0.605727,-0.605922,2.10192,2.10192,-0.178308,-0.17524,0,0,0.00153398,0,2.04633,2.04633,
73897.2,0.0429515,0.0414175,-0.605727,-0.605922,2.10192,2.10192,-0.178308,-0.17524,0,0,0.00153398,0,2.04633,2.04633,
73917.4,0.0429515,0.0414175,-0.605727,-0.605922,2.10192,2.10192,-0.178308,-0.176774,0,0,0.00153398,0,2.04633,2.04633,
73937.3,0.0429515,0.0414175,-0.605727,-0.605922,2.10192,2.10192,-0.178308,-0.176774,0,0,0.00153398,0,2.04633,2.04633,
73957.4,0.0429515,0.0414175,-0.605727,-0.605922,2.10192,2.10192,-0.178308,-0.176774,0,0,0.00153398,0,2.04633,2.04633,
73977.4,0.0429515,0.0414175,-0.605727,-0.605922,2.10192,2.10192,-0.178308,-0.176774,0,0,0.00153398,0,2.04633,2.04633,
73997.3,0.0429515,0.0414175,-0.605727,-0.605922,2.10192,2.10192,-0.178308,-0.176774,0,0,0.00153398,0,2.04633,2.04633,
74017.4,0.0429515,0.0414175,-0.605727,-0.605922,2.10192,2.10192,-0.178308,-0.176774,0,0,0.00153398,0,2.04633,2.04633,
74037.3,0.0429515,0.0414175,-0.605727,-0.605922,2.10192,2.10192,-0.178308,-0.176774,0,0,0.00153398,0,2.04633,2.04633,
74057.3,0.0429515,0.0414175,-0.605727,-0.605922,2.10192,2.10192,-0.178308,-0.176774,0,0,0.00153398,0,2.04633,2.04633,
74077.3,0.0429515,0.0414175,-0.605727,-0.605922,2.10192,2.10192,-0.178308,-0.176774,0,0,0.00153398,0,2.04633,2.04633,
74097.3,0.0429515,0.0414175,-0.605727,-0.605922,2.10192,2.10192,-0.178308,-0.176774,0,0,0.00153398,0,2.04633,2.04633,
74117.3,0.0429515,0.0414175,-0.605727,-0.605922,2.10192,2.10192,-0.178308,-0.176774,0,0,0.00153398,0,2.04633,2.04633,
74137.3,0.0429515,0.0414175,-0.605727,-0.605922,2.10192,2.10192,-0.178308,-0.176774,0,0,0.00153398,0,2.04633,2.04633,
74157.3,0.0429515,0.0414175,-0.605727,-0.605922,2.10192,2.10192,-0.178308,-0.176774,0,0,0.00153398,0,2.04633,2.04633,
74177.3,0.0429515,0.0414175,-0.605727,-0.605922,2.10192,2.10192,-0.178308,-0.176774,0,0,0.00153398,0,2.04633,2.04633,
74197.4,0.0429515,0.0414175,-0.605727,-0.605922,2.10192,2.10192,-0.178308,-0.176774,0,0,0.00153398,0,2.04633,2.04633,
74217.4,0.0429515,0.0414175,-0.605727,-0.605922,2.10192,2.10192,-0.178308,-0.176774,0,0,0.00153398,0,2.04633,2.04633,
74237.3,0.0429515,0.0414175,-0.605727,-0.605922,2.10192,2.10192,-0.178308,-0.176774,0,0,0.00153398,0,2.04633,2.04633,
74257.4,0.0429515,0.0414175,-0.605727,-0.605922,2.10192,2.10192,-0.178308,-0.176774,0,0,0.00153398,0,2.04633,2.04633,
74277.4,0.0429515,0.0414175,-0.605727,-0.605922,2.10192,2.10192,-0.178308,-0.176774,0,0,0.00153398,0,2.04633,2.04633,
74297.3,0.0429515,0.0414175,-0.605727,-0.605922,2.10192,2.10192,-0.178308,-0.176774,0,0,0.00153398,0,2.04633,2.04633,
74317.3,0.0429515,0.0414175,-0.605727,-0.605922,2.10192,2.10192,-0.178308,-0.176774,0,0,0.00153398,0,2.04633,2.04633,
74337.3,0.0429515,0.0414175,-0.605727,-0.605922,2.10192,2.10192,-0.178308,-0.176774,0,0,0.00153398,0,2.04633,2.04633,
74357.4,0.0429515,0.0414175,-0.605727,-0.605922,2.10192,2.10192,-0.178308,-0.176774,0,0,0.00153398,0,2.04633,2.04633,
74377.3,0.0429515,0.0414175,-0.605727,-0.605922,2.10192,2.10192,-0.178308,-0.176774,0,0,0.00153398,0,2.04633,2.04633,
74397.3,0.0429515,0.0414175,-0.605727,-0.605922,2.10192,2.10192,-0.178308,-0.176774,0,0,0.00153398,0,2.04633,2.04633,
74417.3,0.0429515,0.0414175,-0.605727,-0.605922,2.10192,2.10192,-0.178308,-0.176774,0,0,0.00153398,0,2.04633,2.04633,
74437.3,0.0429515,0.0414175,-0.605727,-0.605922,2.10192,2.10192,-0.178308,-0.176774,0,0,0.00153398,0,2.04633,2.04633,
74457.4,0.0429515,0.0414175,-0.605727,-0.605922,2.10192,2.10192,-0.178308,-0.176774,0,0,0.00153398,0,2.04633,2.04633,
74477.4,0.0429515,0.0414175,-0.605727,-0.605922,2.10192,2.10192,-0.178308,-0.176774,0,0,0.00153398,0,2.04633,2.04633,
74497.4,0.0429515,0.0414175,-0.605727,-0.605922,2.10192,2.10192,-0.178308,-0.17524,0,0,0.00153398,0,2.04633,2.04633,
74517.3,0.0429515,0.0414175,-0.605727,-0.605922,2.10192,2.10192,-0.178308,-0.17524,0,0,0.00153398,0,2.04633,2.04633,
74537.3,0.0429515,0.0414175,-0.605727,-0.605922,2.10192,2.10192,-0.178308,-0.17524,0,0,0.00153398,0,2.04633,2.04633,
74557.3,0.0429515,0.0414175,-0.605727,-0.605922,2.10192,2.10192,-0.178308,-0.17524,0,0,0.00153398,0,2.04633,2.04633,
74577.3,0.0429515,0.0414175,-0.605727,-0.605922,2.10192,2.10192,-0.178308,-0.17524,0,0,0.00153398,0,2.04633,2.04633,
74597.4,0.0429515,0.0414175,-0.605727,-0.605922,2.10192,2.10192,-0.178308,-0.176774,0,0,0.00153398,0,2.04633,2.04633,
74617.3,0.0429515,0.0414175,-0.605727,-0.605922,2.10192,2.10192,-0.178308,-0.176774,0,0,0.00153398,0,2.04633,2.04633,
74637.3,0.0429515,0.0414175,-0.605727,-0.605922,2.10192,2.10192,-0.178308,-0.176774,0,0,0.00153398,0,2.04633,2.04633,
74657.3,0.0429515,0.0414175,-0.605727,-0.605922,2.10192,2.10192,-0.178308,-0.176774,0,0,0.00153398,0,2.04633,2.04633,
74677.2,0.0429515,0.0414175,-0.605727,-0.605922,2.10192,2.10192,-0.178308,-0.176774,0,0,0.00153398,0,2.04633,2.04633,
74697.4,0.0429515,0.0414175,-0.605727,-0.605922,2.10192,2.10192,-0.178308,-0.176774,0,0,0.00153398,0,2.04633,2.04633,
74717.4,0.0429515,0.0414175,-0.605727,-0.605922,2.10192,2.10192,-0.178308,-0.176774,0,0,0.00153398,0,2.04633,2.04633,
74737.3,0.0429515,0.0414175,-0.605727,-0.605922,2.10192,2.10192,-0.178308,-0.176774,0,0,0.00153398,0,2.04633,2.04633,
74757.3,0.0429515,0.0414175,-0.605727,-0.605922,2.10192,2.10192,-0.178308,-0.176774,0,0,0.00153398,0,2.04633,2.04633,
74777.4,0.0429515,0.0414175,-0.605727,-0.605922,2.10192,2.10192,-0.178308,-0.176774,0,0,0.00153398,0,2.04633,2.04633,
74797.3,0.0429515,0.0414175,-0.605727,-0.605922,2.10192,2.10192,-0.178308,-0.176774,0,0,0.00153398,0,2.04633,2.04633,
74817.4,0.0429515,0.0414175,-0.605727,-0.605922,2.10192,2.10192,-0.178308,-0.176774,0,0,0.00153398,0,2.04633,2.04633,
74837.4,0.0429515,0.0414175,-0.605727,-0.605922,2.10192,2.10192,-0.178308,-0.176774,0,0,0.00153398,0,2.04633,2.04633,
74857.4,0.0429515,0.0414175,-0.605727,-0.605922,2.10192,2.10192,-0.178308,-0.176774,0,0,0.00153398,0,2.04633,2.04633,
74877.4,0.0429515,0.0414175,-0.605727,-0.605922,2.10192,2.10192,-0.178308,-0.176774,0,0,0.00153398,0,2.04633,2.04633,
74897.4,0.0429515,0.0414175,-0.605727,-0.605922,2.10192,2.10192,-0.178308,-0.176774,0,0,0.00153398,0,2.04633,2.04633,
74917.4,0.0429515,0.0414175,-0.605727,-0.605922,2.10192,2.10192,-0.178308,-0.176774,0,0,0.00153398,0,2.04633,2.04633,
74937.3,0.0429515,0.0414175,-0.605727,-0.605922,2.10192,2.10192,-0.178308,-0.176774,0,0,0.00153398,0,2.04633,2.04633,
74957.3,0.0429515,0.0414175,-0.605727,-0.605922,2.10192,2.10192,-0.178308,-0.176774,0,0,0.00153398,0,2.04633,2.04633,
74977.4,0.0429515,0.0414175,-0.605727,-0.605922,2.10192,2.10192,-0.178308,-0.176774,0,0,0.00153398,0,2.04633,2.04633,
74997.3,0.0429515,0.0414175,-0.605727,-0.605922,2.10192,2.10192,-0.178308,-0.176774,0,0,0.00153398,0,2.04633,2.04633,
75017.3,0.0429515,0.0414175,-0.605727,-0.605922,2.10192,2.10192,-0.178308,-0.176774,0,0,0.00153398,0,2.04633,2.04633,
75037.3,0.0429515,0.0414175,-0.605727,-0.605922,2.10192,2.10192,-0.178308,-0.176774,0,0,0.00153398,0,2.04633,2.04633,
75057.3,0.0429515,0.0414175,-0.605727,-0.605922,2.10192,2.10192,-0.178308,-0.176774,0,0,0.00153398,0,2.04633,2.04633,
75077.3,0.0429515,0.0414175,-0.605727,-0.605922,2.10192,2.10192,-0.178308,-0.176774,0,0,0.00153398,0,2.04633,2.04633,
75097.4,0.0429515,0.0414175,-0.605727,-0.605922,2.10192,2.10192,-0.178308,-0.176774,0,0,0.00153398,0,2.04633,2.04633,
75117.2,0.0429515,0.0414175,-0.605727,-0.605922,2.10192,2.10192,-0.178308,-0.176774,0,0,0.00153398,0.00153398,2.04633,2.04633,
75137.3,0.0429515,0.0414175,-0.605727,-0.605922,2.10192,2.10192,-0.178308,-0.176774,0,0,0.00153398,0.00153398,2.04633,2.04633,
75157.3,0.0429515,0.0414175,-0.605727,-0.605922,2.10192,2.10192,-0.178308,-0.176774,0,0,0.00153398,0.00153398,2.04633,2.04633,
75177.3,0.0429515,0.0414175,-0.605727,-0.605922,2.10192,2.10192,-0.178308,-0.176774,0,0,0.00153398,0.00153398,2.04633,2.04633,
75197.3,0.0429515,0.0414175,-0.605727,-0.605922,2.10192,2.10192,-0.178308,-0.176774,0,0,0.00153398,0.00153398,2.04633,2.04633,
75217.4,0.0429515,0.0414175,-0.605727,-0.605922,2.10192,2.10192,-0.178308,-0.176774,0,0,0.00153398,0.00153398,2.04633,2.04633,
75237.4,0.0429515,0.0414175,-0.605727,-0.605922,2.10192,2.10192,-0.178308,-0.176774,0,0,0.00153398,0.00153398,2.04633,2.04633,
75257.4,0.0429515,0.0414175,-0.605727,-0.605922,2.10192,2.10192,-0.178308,-0.176774,0,0,0.00153398,0.00153398,2.04633,2.04633,
75277.4,0.0429515,0.0414175,-0.605727,-0.605922,2.10192,2.10192,-0.178308,-0.176774,0,0,0.00153398,0.00153398,2.04633,2.04633,
75297.3,0.0429515,0.0414175,-0.605727,-0.605922,2.10192,2.10192,-0.178308,-0.176774,0,0,0.00153398,0.00153398,2.04633,2.04633,
75317.3,0.0429515,0.0414175,-0.605727,-0.605922,2.10192,2.10192,-0.178308,-0.176774,0,0,0.00153398,0.00153398,2.04633,2.04633,
75337.4,0.0429515,0.0414175,-0.605727,-0.605922,2.10192,2.10192,-0.178308,-0.176774,0,0,0.00153398,0.00153398,2.04633,2.04633,
75357.4,0.0429515,0.0414175,-0.605727,-0.605922,2.10192,2.10192,-0.178308,-0.176774,0,0,0.00153398,0.00153398,2.04633,2.04633,
75377.3,0.0429515,0.0414175,-0.605727,-0.605922,2.10192,2.10192,-0.178308,-0.176774,0,0,0.00153398,0.00153398,2.04633,2.04633,
75397.4,0.0429515,0.0414175,-0.605727,-0.605922,2.10192,2.10192,-0.178308,-0.176774,0,0,0.00153398,0.00153398,2.04633,2.04633,
75417.4,0.0429515,0.0414175,-0.605727,-0.605922,2.10192,2.10192,-0.178308,-0.176774,0,0,0.00153398,0.00153398,2.04633,2.04633,
75437.3,0.0429515,0.0414175,-0.605727,-0.605922,2.10192,2.10192,-0.178308,-0.176774,0,0,0.00153398,0.00153398,2.04633,2.04633,
75457.4,0.0429515,0.0414175,-0.605727,-0.605922,2.10192,2.10192,-0.178308,-0.176774,0,0,0.00153398,0.00153398,2.04633,2.04633,
75477.3,0.0429515,0.0414175,-0.605727,-0.605922,2.10192,2.10192,-0.178308,-0.176774,0,0,0.00153398,0.00153398,2.04633,2.04633,
75497.3,0.0429515,0.0414175,-0.605727,-0.605922,2.10192,2.10192,-0.178308,-0.176774,0,0,0.00153398,0.00153398,2.04633,2.04633,
75517.3,0.0429515,0.0414175,-0.605727,-0.605922,2.10192,2.10192,-0.178308,-0.176774,0,0,0.00153398,0.00153398,2.04633,2.04633,
75537.3,0.0429515,0.0414175,-0.605727,-0.605922,2.10192,2.10192,-0.178308,-0.176774,0,0,0.00153398,0.00153398,2.04633,2.04633,
75557.3,0.0429515,0.0414175,-0.605727,-0.605922,2.10192,2.10192,-0.178308,-0.176774,0,0,0.00153398,0.00153398,2.04633,2.04633,
75577.3,0.0429515,0.0414175,-0.605727,-0.605922,2.10192,2.10192,-0.178308,-0.176774,0,0,0.00153398,0.00153398,2.04633,2.04633,
75597.2,0.0429515,0.0414175,-0.605727,-0.605922,2.10192,2.10192,-0.178308,-0.176774,0,0,0.00153398,0.00153398,2.04633,2.04633,
75617.3,0.0429515,0.0414175,-0.605727,-0.605922,2.10192,2.10192,-0.178308,-0.176774,0,0,0.00153398,0.00153398,2.04633,2.04633,
75637.3,0.0429515,0.0414175,-0.605727,-0.605922,2.10192,2.10192,-0.178308,-0.176774,0,0,0.00153398,0.00153398,2.04633,2.04633,
75657.4,0.0429515,0.0414175,-0.605727,-0.605922,2.10192,2.10192,-0.178308,-0.176774,0,0,0.00153398,0.00153398,2.04633,2.04633,
75677.4,0.0429515,0.0414175,-0.605727,-0.605922,2.10192,2.10192,-0.178308,-0.176774,0,0,0.00153398,0.00153398,2.04633,2.04633,
75697.4,0.0429515,0.0414175,-0.605727,-0.605922,2.10192,2.10192,-0.178308,-0.176774,0,0,0.00153398,0.00153398,2.04633,2.04633,
75717.3,0.0429515,0.0414175,-0.605727,-0.605922,2.10192,2.10192,-0.178308,-0.176774,0,0,0.00153398,0.00153398,2.04633,2.04633,
75737.3,0.0429515,0.0414175,-0.605727,-0.605922,2.10192,2.10192,-0.178308,-0.176774,0,0,0.00153398,0.00153398,2.04633,2.04633,
75757.3,0.0429515,0.0414175,-0.605727,-0.605922,2.10192,2.10192,-0.178308,-0.176774,0,0,0.00153398,0.00153398,2.04633,2.04633,
75777.4,0.0429515,0.0414175,-0.605727,-0.605922,2.10192,2.10192,-0.178308,-0.176774,0,0,0.00153398,0.00153398,2.04633,2.04633,
75797.4,0.0429515,0.0414175,-0.605727,-0.605922,2.10192,2.10192,-0.178308,-0.176774,0,0,0.00153398,0.00153398,2.04633,2.04633,
75817.4,0.0429515,0.0414175,-0.605727,-0.605922,2.10192,2.10192,-0.178308,-0.176774,0,0,0.00153398,0.00153398,2.04633,2.04633,
75837.4,0.0429515,0.0414175,-0.605727,-0.605922,2.10192,2.10192,-0.178308,-0.176774,0,0,0.00153398,0.00153398,2.04633,2.04633,
75857.3,0.0429515,0.0414175,-0.605727,-0.605922,2.10192,2.10192,-0.178308,-0.176774,0,0,0.00153398,0.00153398,2.04633,2.04633,
75877.4,0.0429515,0.0414175,-0.605727,-0.605922,2.10192,2.10192,-0.178308,-0.176774,0,0,0.00153398,0.00153398,2.04633,2.04633,
75897.3,0.0429515,0.0414175,-0.605727,-0.605922,2.10192,2.10192,-0.178308,-0.176774,0,0,0.00153398,0.00153398,2.04633,2.04633,
75917.3,0.0429515,0.0414175,-0.605727,-0.605922,2.10192,2.10192,-0.178308,-0.176774,0,0,0.00153398,0.00153398,2.04633,2.04633,
75937.4,0.0429515,0.0414175,-0.605727,-0.605922,2.10192,2.10192,-0.178308,-0.176774,0,0,0.00153398,0.00153398,2.04633,2.04633,
75957.4,0.0429515,0.0414175,-0.605727,-0.605922,2.10192,2.10192,-0.178308,-0.176774,0,0,0.00153398,0.00153398,2.04633,2.04633,
75977.4,0.0429515,0.0414175,-0.605727,-0.605922,2.10192,2.10192,-0.178308,-0.176774,0,0,0.00153398,0.00153398,2.04633,2.04633,
75997.3,0.0429515,0.0414175,-0.605727,-0.605922,2.10192,2.10192,-0.178308,-0.176774,0,0,0.00153398,0.00153398,2.04633,2.04633,
76017.3,0.0429515,0.0414175,-0.605727,-0.605922,2.10192,2.10192,-0.178308,-0.176774,0,0,0.00153398,0.00153398,2.04633,2.04633,
76037.3,0.0429515,0.0414175,-0.605727,-0.605922,2.10192,2.10192,-0.178308,-0.176774,0,0,0.00153398,0.00153398,2.04633,2.04633,
76057.3,0.0429515,0.0414175,-0.605727,-0.605922,2.10192,2.10192,-0.178308,-0.176774,0,0,0.00153398,0.00153398,2.04633,2.04633,
76077.5,0.0429515,0.0414175,-0.605727,-0.605922,2.10192,2.10192,-0.178308,-0.176774,0,0,0.00153398,0.00153398,2.04633,2.04633,
76098.9,0.0429515,0.0414175,-0.605727,-0.605922,2.10192,2.10192,-0.178308,-0.176774,0,0,0.00153398,0.00153398,2.04633,2.04633,
76117.2,0.0429515,0.0414175,-0.605727,-0.605922,2.10192,2.10192,-0.178308,-0.176774,0,0,0.00153398,0.00153398,2.04633,2.04633,
76137.2,0.0429515,0.0414175,-0.605727,-0.605922,2.10192,2.10192,-0.178308,-0.176774,0,0,0.00153398,0.00153398,2.04633,2.04633,
76157.3,0.0429515,0.0414175,-0.605727,-0.605922,2.10192,2.10192,-0.178308,-0.176774,0,0,0.00153398,0.00153398,2.04633,2.04633,
76177.2,0.0429515,0.0414175,-0.605727,-0.605922,2.10192,2.10192,-0.178308,-0.176774,0,0,0.00153398,0.00153398,2.04633,2.04633,
76197.2,0.0429515,0.0414175,-0.605727,-0.605922,2.10192,2.10192,-0.178308,-0.176774,0,0,0.00153398,0.00153398,2.04633,2.04633,
76217.3,0.0429515,0.0414175,-0.605727,-0.605922,2.10192,2.10192,-0.178308,-0.176774,0,0,0.00153398,0.00153398,2.04633,2.04633,
76237.3,0.0429515,0.0414175,-0.605727,-0.605922,2.10192,2.10192,-0.178308,-0.176774,0,0,0.00153398,0.00153398,2.04633,2.04633,
76257.3,0.0429515,0.0414175,-0.605727,-0.605922,2.10192,2.10192,-0.178308,-0.176774,0,0,0.00153398,0.00153398,2.04633,2.04633,
76277.3,0.0429515,0.0414175,-0.605727,-0.605922,2.10192,2.10192,-0.178308,-0.176774,0,0,0.00153398,0.00153398,2.04633,2.04633,
76297.3,0.0429515,0.0414175,-0.605727,-0.605922,2.10192,2.10192,-0.178308,-0.176774,0,0,0.00153398,0.00153398,2.04633,2.04633,
76317.4,0.0429515,0.0414175,-0.605727,-0.605922,2.10192,2.10192,-0.178308,-0.176774,0,0,0.00153398,0.00153398,2.04633,2.04633,
76337.4,0.0429515,0.0414175,-0.605727,-0.605922,2.10192,2.10192,-0.178308,-0.176774,0,0,0.00153398,0.00153398,2.04633,2.04633,
76357.3,0.0429515,0.0414175,-0.605727,-0.605922,2.10192,2.10192,-0.178308,-0.176774,0,0,0.00153398,0.00153398,2.04633,2.04633,
76377.3,0.0429515,0.0414175,-0.605727,-0.605922,2.10192,2.10192,-0.178308,-0.176774,0,0,0.00153398,0.00153398,2.04633,2.04633,
76397.3,0.0429515,0.0414175,-0.605727,-0.605922,2.10192,2.10192,-0.178308,-0.176774,0,0,0.00153398,0.00153398,2.04633,2.04633,
76417.3,0.0429515,0.0414175,-0.605727,-0.605922,2.10192,2.10192,-0.178308,-0.176774,0,0,0.00153398,0.00153398,2.04633,2.04633,
76437.3,0.0429515,0.0414175,-0.605727,-0.605922,2.10192,2.10192,-0.178308,-0.176774,0,0,0.00153398,0.00153398,2.04633,2.04633,
76457.3,0.0429515,0.0414175,-0.605727,-0.605922,2.10192,2.10192,-0.178308,-0.176774,0,0,0.00153398,0.00153398,2.04633,2.04633,
76477.4,0.0429515,0.0414175,-0.605727,-0.605922,2.10192,2.10192,-0.178308,-0.176774,0,0,0.00153398,0.00153398,2.04633,2.04633,
76497.3,0.0429515,0.0414175,-0.605727,-0.605922,2.10192,2.09885,-0.178308,-0.176774,0,0,0.00153398,0.00153398,2.04633,2.04633,
76517.3,0.0429515,0.0414175,-0.605727,-0.605922,2.10192,2.09885,-0.178308,-0.176774,0,0,0.00153398,0.00153398,2.04633,2.04633,
76537.4,0.0429515,0.0414175,-0.605727,-0.605922,2.10192,2.09885,-0.178308,-0.176774,0,0,0.00153398,0.00153398,2.04633,2.04633,
76557.3,0.0429515,0.0414175,-0.605727,-0.605922,2.10192,2.09885,-0.178308,-0.176774,0,0,0.00153398,0.00153398,2.04633,2.04633,
76577.3,0.0429515,0.0414175,-0.605727,-0.605922,2.10192,2.09885,-0.178308,-0.176774,0,0,0.00153398,0.00153398,2.04633,2.04633,
76597.4,0.0429515,0.0414175,-0.605727,-0.605922,2.10192,2.10192,-0.178308,-0.176774,0,0,0.00153398,0.00153398,2.04633,2.04633,
76617.3,0.0429515,0.0414175,-0.605727,-0.605922,2.10192,2.10192,-0.178308,-0.176774,0,0,0.00153398,0.00153398,2.04633,2.04633,
76637.3,0.0429515,0.0414175,-0.605727,-0.605922,2.10192,2.10192,-0.178308,-0.176774,0,0,0.00153398,0.00153398,2.04633,2.04633,
76657.3,0.0429515,0.0414175,-0.605727,-0.605922,2.10192,2.10192,-0.178308,-0.176774,0,0,0.00153398,0.00153398,2.04633,2.04633,
76677.3,0.0429515,0.0414175,-0.605727,-0.605922,2.10192,2.10192,-0.178308,-0.176774,0,0,0.00153398,0.00153398,2.04633,2.04633,
76697.4,0.0429515,0.0414175,-0.605727,-0.605922,2.10192,2.10192,-0.178308,-0.176774,0,0,0.00153398,0.00153398,2.04633,2.04633,
76717.3,0.0429515,0.0414175,-0.605727,-0.605922,2.10192,2.10192,-0.178308,-0.176774,0,0,0.00153398,0.00153398,2.04633,2.04633,
76737.4,0.0429515,0.0414175,-0.605727,-0.605922,2.10192,2.10192,-0.178308,-0.176774,0,0,0.00153398,0.00153398,2.04633,2.04633,
76757.4,0.0429515,0.0414175,-0.605727,-0.605922,2.10192,2.10192,-0.178308,-0.176774,0,0,0.00153398,0.00153398,2.04633,2.04633,
76777.4,0.0429515,0.0414175,-0.605727,-0.605922,2.10192,2.10192,-0.178308,-0.176774,0,0,0.00153398,0.00153398,2.04633,2.04633,
76797.3,0.0429515,0.0414175,-0.605727,-0.605922,2.10192,2.10192,-0.178308,-0.176774,0,0,0.00153398,0.00153398,2.04633,2.04633,
76817.4,0.0429515,0.0414175,-0.605727,-0.605922,2.10192,2.09885,-0.178308,-0.176774,0,0,0.00153398,0.00153398,2.04633,2.04633,
76837.3,0.0429515,0.0414175,-0.605727,-0.605922,2.10192,2.09885,-0.178308,-0.176774,0,0,0.00153398,0.00153398,2.04633,2.04633,
76857.3,0.0429515,0.0414175,-0.605727,-0.605922,2.10192,2.09885,-0.178308,-0.176774,0,0,0.00153398,0.00153398,2.04633,2.04633,
76877.3,0.0429515,0.0414175,-0.605727,-0.605922,2.10192,2.09885,-0.178308,-0.176774,0,0,0.00153398,0.00153398,2.04633,2.04633,
76897.3,0.0429515,0.0414175,-0.605727,-0.605922,2.10192,2.10192,-0.178308,-0.176774,0,0,0.00153398,0.00153398,2.04633,2.04633,
76917.4,0.0429515,0.0414175,-0.605727,-0.605922,2.10192,2.10192,-0.178308,-0.176774,0,0,0.00153398,0.00153398,2.04633,2.04633,
76937.4,0.0429515,0.0414175,-0.605727,-0.605922,2.10192,2.10192,-0.178308,-0.176774,0,0,0.00153398,0.00153398,2.04633,2.04633,
76957.4,0.0429515,0.0414175,-0.605727,-0.605922,2.10192,2.10192,-0.178308,-0.176774,0,0,0.00153398,0.00153398,2.04633,2.04633,
76977.3,0.0429515,0.0414175,-0.605727,-0.605922,2.10192,2.10192,-0.178308,-0.176774,0,0,0.00153398,0.00153398,2.04633,2.04633,
76997.3,0.0429515,0.0414175,-0.605727,-0.605922,2.10192,2.10192,-0.178308,-0.176774,0,0,0.00153398,0.00153398,2.04633,2.04633,
77017.3,0.0429515,0.0414175,-0.605727,-0.605922,2.10192,2.10192,-0.178308,-0.176774,0,0,0.00153398,0.00153398,2.04633,2.04633,
77037.4,0.0429515,0.0414175,-0.605727,-0.605922,2.10192,2.10192,-0.178308,-0.176774,0,0,0.00153398,0.00153398,2.04633,2.04633,
77057.3,0.0429515,0.0414175,-0.605727,-0.605922,2.10192,2.10192,-0.178308,-0.176774,0,0,0.00153398,0.00153398,2.04633,2.04633,
77077.2,0.0429515,0.0414175,-0.605727,-0.605922,2.10192,2.10192,-0.178308,-0.176774,0,0,0.00153398,0.00153398,2.04633,2.04633,
77097.3,0.0429515,0.0414175,-0.605727,-0.605922,2.10192,2.10192,-0.178308,-0.176774,0,0,0.00153398,0.00153398,2.04633,2.04633,
77117.3,0.0429515,0.0414175,-0.605727,-0.605922,2.10192,2.10192,-0.178308,-0.176774,0,0,0.00153398,0.00153398,2.04633,2.04633,
77137.4,0.0429515,0.0414175,-0.605727,-0.605922,2.10192,2.10192,-0.178308,-0.176774,0,0,0.00153398,0.00153398,2.04633,2.04633,
77157.4,0.0429515,0.0414175,-0.605727,-0.605922,2.10192,2.10192,-0.178308,-0.176774,0,0,0.00153398,0.00153398,2.04633,2.04633,
77177.3,0.0429515,0.0414175,-0.605727,-0.605922,2.10192,2.10192,-0.178308,-0.176774,0,0,0.00153398,0.00153398,2.04633,2.04633,
77197.3,0.0429515,0.0414175,-0.605727,-0.605922,2.10192,2.10192,-0.178308,-0.176774,0,0,0.00153398,0.00153398,2.04633,2.04633,
77217.3,0.0429515,0.0414175,-0.605727,-0.605922,2.10192,2.10192,-0.178308,-0.176774,0,0,0.00153398,0.00153398,2.04633,2.04633,
77237.4,0.0429515,0.0414175,-0.605727,-0.605922,2.10192,2.10192,-0.178308,-0.176774,0,0,0.00153398,0.00153398,2.04633,2.04633,
77257.3,0.0429515,0.0414175,-0.605727,-0.605922,2.10192,2.10192,-0.178308,-0.176774,0,0,0.00153398,0.00153398,2.04633,2.04633,
77277.4,0.0429515,0.0414175,-0.605727,-0.605922,2.10192,2.10192,-0.178308,-0.176774,0,0,0.00153398,0.00153398,2.04633,2.04633,
77297.4,0.0429515,0.0414175,-0.605727,-0.605922,2.10192,2.10192,-0.178308,-0.176774,0,0,0.00153398,0.00153398,2.04633,2.04633,
77317.3,0.0429515,0.0414175,-0.605727,-0.605922,2.10192,2.10192,-0.178308,-0.176774,0,0,0.00153398,0.00153398,2.04633,2.04633,
77337.3,0.0429515,0.0414175,-0.605727,-0.605922,2.10192,2.10192,-0.178308,-0.176774,0,0,0.00153398,0.00153398,2.04633,2.04633,
77357.4,0.0429515,0.0414175,-0.605727,-0.605922,2.10192,2.10192,-0.178308,-0.176774,0,0,0.00153398,0.00153398,2.04633,2.04633,
77377.4,0.0429515,0.0414175,-0.605727,-0.605922,2.10192,2.10192,-0.178308,-0.176774,0,0,0.00153398,0.00153398,2.04633,2.04633,
77397.4,0.0429515,0.0414175,-0.605727,-0.605922,2.10192,2.10192,-0.178308,-0.176774,0,0,0.00153398,0.00153398,2.04633,2.04633,
77417.3,0.0429515,0.0414175,-0.605727,-0.605922,2.10192,2.10192,-0.178308,-0.176774,0,0.00153398,0.00153398,0.00153398,2.04633,2.04633,
77437.4,0.0429515,0.0414175,-0.605727,-0.605922,2.10192,2.10192,-0.178308,-0.176774,0,0.00153398,0.00153398,0.00153398,2.04633,2.04633,
77457.3,0.0429515,0.0414175,-0.605727,-0.605922,2.10192,2.10192,-0.178308,-0.176774,0,0.00153398,0.00153398,0.00153398,2.04633,2.04633,
77477.4,0.0429515,0.0414175,-0.605727,-0.605922,2.10192,2.10192,-0.178308,-0.176774,0,0.00153398,0.00153398,0.00153398,2.04633,2.04633,
77497.4,0.0429515,0.0414175,-0.605727,-0.605922,2.10192,2.10192,-0.178308,-0.176774,0,0.00153398,0.00153398,0.00153398,2.04633,2.04633,
77517.3,0.0429515,0.0414175,-0.605727,-0.605922,2.10192,2.09885,-0.178308,-0.176774,0,0,0.00153398,0.00153398,2.04633,2.04633,
77537.4,0.0429515,0.0414175,-0.605727,-0.605922,2.10192,2.09885,-0.178308,-0.176774,0,0,0.00153398,0.00153398,2.04633,2.04633,
77557.3,0.0429515,0.0414175,-0.605727,-0.605922,2.10192,2.09885,-0.178308,-0.176774,0,0,0.00153398,0.00153398,2.04633,2.04633,
77577.3,0.0429515,0.0414175,-0.605727,-0.605922,2.10192,2.09885,-0.178308,-0.176774,0,0,0.00153398,0.00153398,2.04633,2.04633,
77597.4,0.0429515,0.0414175,-0.605727,-0.605922,2.10192,2.09885,-0.178308,-0.176774,0,0,0.00153398,0.00153398,2.04633,2.04633,
77617.3,0.0429515,0.0414175,-0.605727,-0.605922,2.10192,2.09885,-0.178308,-0.176774,0,0,0.00153398,0.00153398,2.04633,2.04633,
77637.3,0.0429515,0.0414175,-0.605727,-0.605922,2.10192,2.09885,-0.178308,-0.176774,0,0,0.00153398,0.00153398,2.04633,2.04633,
77657.3,0.0429515,0.0414175,-0.605727,-0.605922,2.10192,2.09885,-0.178308,-0.176774,0,0,0.00153398,0.00153398,2.04633,2.04633,
77677.3,0.0429515,0.0414175,-0.605727,-0.605922,2.10192,2.09885,-0.178308,-0.176774,0,0,0.00153398,0.00153398,2.04633,2.04633,
77697.3,0.0429515,0.0414175,-0.605727,-0.605922,2.10192,2.10192,-0.178308,-0.176774,0,0,0.00153398,0.00153398,2.04633,2.04633,
77717.3,0.0429515,0.0414175,-0.605727,-0.605922,2.10192,2.10192,-0.178308,-0.176774,0,0,0.00153398,0.00153398,2.04633,2.04633,
77737.4,0.0429515,0.0414175,-0.605727,-0.605922,2.10192,2.10192,-0.178308,-0.176774,0,0,0.00153398,0.00153398,2.04633,2.04633,
77757.4,0.0429515,0.0414175,-0.605727,-0.605922,2.10192,2.10192,-0.178308,-0.176774,0,0,0.00153398,0.00153398,2.04633,2.04633,
77777.4,0.0429515,0.0414175,-0.605727,-0.605922,2.10192,2.10192,-0.178308,-0.176774,0,0,0.00153398,0.00153398,2.04633,2.04633,
77797.4,0.0429515,0.0414175,-0.605727,-0.605922,2.10192,2.10192,-0.178308,-0.176774,0,0,0.00153398,0.00153398,2.04633,2.04633,
77817.4,0.0429515,0.0414175,-0.605727,-0.605922,2.10192,2.10192,-0.178308,-0.176774,0,0,0.00153398,0.00153398,2.04633,2.04633,
77837.4,0.0429515,0.0414175,-0.605727,-0.605922,2.10192,2.10192,-0.178308,-0.176774,0,0,0.00153398,0.00153398,2.04633,2.04633,
77857.3,0.0429515,0.0414175,-0.605727,-0.605922,2.10192,2.10192,-0.178308,-0.176774,0,0,0.00153398,0.00153398,2.04633,2.04633,
77877.3,0.0429515,0.0414175,-0.605727,-0.605922,2.10192,2.10192,-0.178308,-0.176774,0,0,0.00153398,0.00153398,2.04633,2.04633,
77897.2,0.0429515,0.0414175,-0.605727,-0.605922,2.10192,2.10192,-0.178308,-0.176774,0,0,0.00153398,0.00153398,2.04633,2.04633,
77917.2,0.0429515,0.0414175,-0.605727,-0.605922,2.10192,2.10192,-0.178308,-0.176774,0,0,0.00153398,0.00153398,2.04633,2.04633,
77937.2,0.0429515,0.0414175,-0.605727,-0.605922,2.10192,2.10192,-0.178308,-0.176774,0,0,0.00153398,0.00153398,2.04633,2.04633,
77957.3,0.0429515,0.0414175,-0.605727,-0.605922,2.10192,2.10192,-0.178308,-0.176774,0,0,0.00153398,0.00153398,2.04633,2.04633,
77977.3,0.0429515,0.0414175,-0.605727,-0.605922,2.10192,2.10192,-0.178308,-0.176774,0,0,0.00153398,0.00153398,2.04633,2.04633,
77997.2,0.0429515,0.0414175,-0.605727,-0.605922,2.10192,2.10192,-0.178308,-0.176774,0,0,0.00153398,0.00153398,2.04633,2.04633,
78017.2,0.0429515,0.0414175,-0.605727,-0.605922,2.10192,2.10192,-0.178308,-0.176774,0,0,0.00153398,0.00153398,2.04633,2.04633,
78037.2,0.0429515,0.0414175,-0.605727,-0.605922,2.10192,2.10192,-0.178308,-0.176774,0,0,0.00153398,0.00153398,2.04633,2.04633,
78057.3,0.0429515,0.0414175,-0.605727,-0.605922,2.10192,2.10192,-0.178308,-0.176774,0,0,0.00153398,0.00153398,2.04633,2.04633,
78077.3,0.0429515,0.0414175,-0.605727,-0.605922,2.10192,2.10192,-0.178308,-0.176774,0,0,0.00153398,0.00153398,2.04633,2.04633,
78097.3,0.0429515,0.0414175,-0.605727,-0.605922,2.10192,2.10192,-0.178308,-0.176774,0,0,0.00153398,0.00153398,2.04633,2.04633,
78117.3,0.0429515,0.0414175,-0.605727,-0.605922,2.10192,2.10192,-0.178308,-0.176774,0,0,0.00153398,0.00153398,2.04633,2.04633,
78137.3,0.0429515,0.0414175,-0.605727,-0.605922,2.10192,2.10192,-0.178308,-0.176774,0,0,0.00153398,0.00153398,2.04633,2.04633,
78157.3,0.0429515,0.0414175,-0.605727,-0.605922,2.10192,2.10192,-0.178308,-0.176774,0,0,0.00153398,0.00153398,2.04633,2.04633,
78177.3,0.0429515,0.0414175,-0.605727,-0.605922,2.10192,2.10192,-0.178308,-0.176774,0,0,0.00153398,0.00153398,2.04633,2.04633,
78197.3,0.0429515,0.0414175,-0.605727,-0.605922,2.10192,2.10192,-0.178308,-0.176774,0,0,0.00153398,0.00153398,2.04633,2.04633,
78217.3,0.0429515,0.0414175,-0.605727,-0.605922,2.10192,2.10192,-0.178308,-0.176774,0,0,0.00153398,0.00153398,2.04633,2.04633,
78237.3,0.0429515,0.0414175,-0.605727,-0.605922,2.10192,2.10192,-0.178308,-0.176774,0,0,0.00153398,0.00153398,2.04633,2.04633,
78257.3,0.0429515,0.0414175,-0.605727,-0.605922,2.10192,2.10192,-0.178308,-0.176774,0,0,0.00153398,0.00153398,2.04633,2.04633,
78277.3,0.0429515,0.0414175,-0.605727,-0.605922,2.10192,2.10192,-0.178308,-0.176774,0,0,0.00153398,0.00153398,2.04633,2.04633,
78297.3,0.0429515,0.0414175,-0.605727,-0.605922,2.10192,2.10192,-0.178308,-0.176774,0,0,0.00153398,0.00153398,2.04633,2.04633,
78317.3,0.0429515,0.0414175,-0.605727,-0.605922,2.10192,2.10192,-0.178308,-0.176774,0,0,0.00153398,0.00153398,2.04633,2.04633,
78337.2,0.0429515,0.0414175,-0.605727,-0.605922,2.10192,2.10192,-0.178308,-0.176774,0,0,0.00153398,0.00153398,2.04633,2.04633,
78357.2,0.0429515,0.0414175,-0.605727,-0.605922,2.10192,2.10192,-0.178308,-0.176774,0,0,0.00153398,0.00153398,2.04633,2.04633,
78377.3,0.0429515,0.0414175,-0.605727,-0.605922,2.10192,2.10192,-0.178308,-0.176774,0,0,0.00153398,0.00153398,2.04633,2.04633,
78397.3,0.0429515,0.0414175,-0.605727,-0.605922,2.10192,2.10192,-0.178308,-0.176774,0,0,0.00153398,0.00153398,2.04633,2.04633,
78417.3,0.0429515,0.0414175,-0.605727,-0.605922,2.10192,2.10192,-0.178308,-0.176774,0,0,0.00153398,0.00153398,2.04633,2.04633,
78437.2,0.0429515,0.0414175,-0.605727,-0.605922,2.10192,2.10192,-0.178308,-0.176774,0,0,0.00153398,0.00153398,2.04633,2.04633,
78457.4,0.0429515,0.0414175,-0.605727,-0.605922,2.10192,2.10192,-0.178308,-0.176774,0,0,0.00153398,0.00153398,2.04633,2.04633,
78477.3,0.0429515,0.0414175,-0.605727,-0.605922,2.10192,2.10192,-0.178308,-0.176774,0,0,0.00153398,0.00153398,2.04633,2.04633,
78497.3,0.0429515,0.0414175,-0.605727,-0.605922,2.10192,2.10192,-0.178308,-0.176774,0,0,0.00153398,0.00153398,2.04633,2.04633,
78517.3,0.0429515,0.0414175,-0.605727,-0.605922,2.10192,2.10192,-0.178308,-0.176774,0,0,0.00153398,0.00153398,2.04633,2.04633,
78537.3,0.0429515,0.0414175,-0.605727,-0.605922,2.10192,2.10192,-0.178308,-0.176774,0,0,0.00153398,0.00153398,2.04633,2.04633,
78557.4,0.0429515,0.0414175,-0.605727,-0.605922,2.10192,2.10192,-0.178308,-0.176774,0,0,0.00153398,0.00153398,2.04633,2.04633,
78577.3,0.0429515,0.0414175,-0.605727,-0.605922,2.10192,2.10192,-0.178308,-0.176774,0,0,0.00153398,0.00153398,2.04633,2.04633,
78597.3,0.0429515,0.0414175,-0.605727,-0.605922,2.10192,2.10192,-0.178308,-0.176774,0,0,0.00153398,0.00153398,2.04633,2.04633,
78617.3,0.0429515,0.0414175,-0.605727,-0.605922,2.10192,2.10192,-0.178308,-0.176774,0,0,0.00153398,0.00153398,2.04633,2.04633,
78637.2,0.0429515,0.0414175,-0.605727,-0.605922,2.10192,2.10192,-0.178308,-0.176774,0,0,0.00153398,0.00153398,2.04633,2.04633,
78657.3,0.0429515,0.0414175,-0.605727,-0.605922,2.10192,2.10192,-0.178308,-0.176774,0,0,0.00153398,0.00153398,2.04633,2.04633,
78677.4,0.0429515,0.0414175,-0.605727,-0.605922,2.10192,2.10192,-0.178308,-0.176774,0,0,0.00153398,0.00153398,2.04633,2.04633,
78697.4,0.0429515,0.0414175,-0.605727,-0.605922,2.10192,2.10192,-0.178308,-0.176774,0,0,0.00153398,0.00153398,2.04633,2.04633,
78717.3,0.0429515,0.0414175,-0.605727,-0.605922,2.10192,2.10192,-0.178308,-0.176774,0,0,0.00153398,0.00153398,2.04633,2.04633,
78737.3,0.0429515,0.0414175,-0.605727,-0.605922,2.10192,2.10192,-0.178308,-0.176774,0,0,0.00153398,0.00153398,2.04633,2.04633,
78757.4,0.0429515,0.0414175,-0.605727,-0.605922,2.10192,2.10192,-0.178308,-0.176774,0,0,0.00153398,0.00153398,2.04633,2.04633,
78777.3,0.0429515,0.0414175,-0.605727,-0.605922,2.10192,2.10192,-0.178308,-0.176774,0,0,0.00153398,0.00153398,2.04633,2.04633,
78797.1,0.0429515,0.0414175,-0.605727,-0.605922,2.10192,2.10192,-0.178308,-0.176774,0,0,0.00153398,0.00153398,2.04633,2.04633,
78817.4,0.0429515,0.0414175,-0.605727,-0.605922,2.10192,2.10192,-0.178308,-0.176774,0,0,0.00153398,0.00153398,2.04633,2.04633,
78837.4,0.0429515,0.0414175,-0.605727,-0.605922,2.10192,2.10192,-0.178308,-0.176774,0,0,0.00153398,0.00153398,2.04633,2.04633,
78857.3,0.0429515,0.0414175,-0.605727,-0.605922,2.10192,2.10192,-0.178308,-0.176774,0,0,0.00153398,0.00153398,2.04633,2.04633,
78877.3,0.0429515,0.0414175,-0.605727,-0.605922,2.10192,2.10192,-0.178308,-0.176774,0,0,0.00153398,0.00153398,2.04633,2.04633,
78897.3,0.0429515,0.0414175,-0.605727,-0.605922,2.10192,2.10192,-0.178308,-0.176774,0,0,0.00153398,0.00153398,2.04633,2.04633,
78917.4,0.0429515,0.0414175,-0.605727,-0.605922,2.10192,2.10192,-0.178308,-0.176774,0,0,0.00153398,0.00153398,2.04633,2.04633,
78937.4,0.0429515,0.0414175,-0.605727,-0.605922,2.10192,2.10192,-0.178308,-0.176774,0,0,0.00153398,0.00153398,2.04633,2.04633,
78957.4,0.0429515,0.0414175,-0.605727,-0.605922,2.10192,2.10192,-0.178308,-0.176774,0,0,0.00153398,0.00153398,2.04633,2.04633,
78977.3,0.0429515,0.0414175,-0.605727,-0.605922,2.10192,2.10192,-0.178308,-0.176774,0,0,0.00153398,0.00153398,2.04633,2.04633,
78997.4,0.0429515,0.0414175,-0.605727,-0.605922,2.10192,2.10192,-0.178308,-0.176774,0,0,0.00153398,0.00153398,2.04633,2.04633,
79017.4,0.0429515,0.0414175,-0.605727,-0.605922,2.10192,2.10192,-0.178308,-0.176774,0,0,0.00153398,0.00153398,2.04633,2.04633,
79037.3,0.0429515,0.0414175,-0.605727,-0.605922,2.10192,2.10192,-0.178308,-0.176774,0,0,0.00153398,0.00153398,2.04633,2.04633,
79057.3,0.0429515,0.0414175,-0.605727,-0.605922,2.10192,2.10192,-0.178308,-0.176774,0,0,0.00153398,0.00153398,2.04633,2.04633,
79077.3,0.0429515,0.0414175,-0.605727,-0.605922,2.10192,2.10192,-0.178308,-0.176774,0,0,0.00153398,0.00153398,2.04633,2.04633,
79097.3,0.0429515,0.0414175,-0.605727,-0.605922,2.10192,2.10192,-0.178308,-0.176774,0,0,0.00153398,0.00153398,2.04633,2.04633,
79117.3,0.0429515,0.0414175,-0.605727,-0.605922,2.10192,2.10192,-0.178308,-0.176774,0,0,0.00153398,0.00153398,2.04633,2.04633,
79137.4,0.0429515,0.0414175,-0.605727,-0.605922,2.10192,2.10192,-0.178308,-0.176774,0,0,0.00153398,0.00153398,2.04633,2.04633,
79157.3,0.0429515,0.0414175,-0.605727,-0.605922,2.10192,2.10192,-0.178308,-0.176774,0,0,0.00153398,0.00153398,2.04633,2.04633,
79177.3,0.0429515,0.0414175,-0.605727,-0.605922,2.10192,2.10192,-0.178308,-0.176774,0,0,0.00153398,0.00153398,2.04633,2.04633,
79197.3,0.0429515,0.0414175,-0.605727,-0.605922,2.10192,2.10192,-0.178308,-0.176774,0,0,0.00153398,0.00153398,2.04633,2.04633,
79217.4,0.0429515,0.0414175,-0.605727,-0.605922,2.10192,2.10192,-0.178308,-0.176774,0,0,0.00153398,0.00153398,2.04633,2.04633,
79237.3,0.0429515,0.0414175,-0.605727,-0.605922,2.10192,2.10192,-0.178308,-0.176774,0,0,0.00153398,0.00153398,2.04633,2.04633,
79257.4,0.0429515,0.0414175,-0.605727,-0.605922,2.10192,2.10192,-0.178308,-0.176774,0,0,0.00153398,0.00153398,2.04633,2.04633,
79277.3,0.0429515,0.0414175,-0.605727,-0.605922,2.10192,2.10192,-0.178308,-0.176774,0,0,0.00153398,0.00153398,2.04633,2.04633,
79297.4,0.0429515,0.0414175,-0.605727,-0.605922,2.10192,2.10192,-0.178308,-0.176774,0,0,0.00153398,0.00153398,2.04633,2.04633,
79317.3,0.0429515,0.0414175,-0.605727,-0.605922,2.10192,2.10192,-0.178308,-0.176774,0,0,0.00153398,0.00153398,2.04633,2.04633,
79337.3,0.0429515,0.0414175,-0.605727,-0.605922,2.10192,2.10192,-0.178308,-0.176774,0,0,0.00153398,0.00153398,2.04633,2.04633,
79357.3,0.0429515,0.0414175,-0.605727,-0.605922,2.10192,2.10192,-0.178308,-0.176774,0,0,0.00153398,0.00153398,2.04633,2.04633,
79377.3,0.0429515,0.0414175,-0.605727,-0.605922,2.10192,2.10192,-0.178308,-0.176774,0,0,0.00153398,0.00153398,2.04633,2.04633,
79397.3,0.0429515,0.0414175,-0.605727,-0.605922,2.10192,2.10192,-0.178308,-0.176774,0,0,0.00153398,0.00153398,2.04633,2.04633,
79417.4,0.0429515,0.0414175,-0.605727,-0.605922,2.10192,2.10192,-0.178308,-0.176774,0,0,0.00153398,0.00153398,2.04633,2.04633,
79437.4,0.0429515,0.0414175,-0.605727,-0.605922,2.10192,2.10192,-0.178308,-0.176774,0,0,0.00153398,0.00153398,2.04633,2.04633,
79457.3,0.0429515,0.0414175,-0.605727,-0.605922,2.10192,2.10192,-0.178308,-0.176774,0,0,0.00153398,0.00153398,2.04633,2.04633,
79477.3,0.0429515,0.0414175,-0.605727,-0.605922,2.10192,2.10192,-0.178308,-0.176774,0,0,0.00153398,0.00153398,2.04633,2.04633,
79497.3,0.0429515,0.0414175,-0.605727,-0.605922,2.10192,2.10192,-0.178308,-0.176774,0,0,0.00153398,0.00153398,2.04633,2.04633,
79517.3,0.0429515,0.0414175,-0.605727,-0.605922,2.10192,2.10192,-0.178308,-0.17524,0,0,0.00153398,0.00153398,2.04633,2.04633,
79537.3,0.0429515,0.0414175,-0.605727,-0.605922,2.10192,2.10192,-0.178308,-0.17524,0,0,0.00153398,0.00153398,2.04633,2.04633,
79557.3,0.0429515,0.0414175,-0.605727,-0.605922,2.10192,2.10192,-0.178308,-0.17524,0,0,0.00153398,0.00153398,2.04633,2.04633,
79577.2,0.0429515,0.0414175,-0.605727,-0.605922,2.10192,2.10192,-0.178308,-0.17524,0,0,0.00153398,0.00153398,2.04633,2.04633,
79597.2,0.0429515,0.0414175,-0.605727,-0.605922,2.10192,2.10192,-0.178308,-0.176774,0,0,0.00153398,0.00153398,2.04633,2.04633,
79617.2,0.0429515,0.0414175,-0.605727,-0.605922,2.10192,2.10192,-0.178308,-0.176774,0,0,0.00153398,0.00153398,2.04633,2.04633,
79637.2,0.0429515,0.0414175,-0.605727,-0.605922,2.10192,2.10192,-0.178308,-0.176774,0,0,0.00153398,0.00153398,2.04633,2.04633,
79657.3,0.0429515,0.0414175,-0.605727,-0.605922,2.10192,2.10192,-0.178308,-0.176774,0,0,0.00153398,0.00153398,2.04633,2.04633,
79677.2,0.0429515,0.0414175,-0.605727,-0.605922,2.10192,2.10192,-0.178308,-0.176774,0,0,0.00153398,0.00153398,2.04633,2.04633,
79697.2,0.0429515,0.0414175,-0.605727,-0.605922,2.10192,2.10192,-0.178308,-0.176774,0,0,0.00153398,0.00153398,2.04633,2.04633,
79717.2,0.0429515,0.0414175,-0.605727,-0.605922,2.10192,2.09885,-0.178308,-0.176774,0,0,0.00153398,0.00153398,2.04633,2.04633,
79737.2,0.0429515,0.0414175,-0.605727,-0.605922,2.10192,2.09885,-0.178308,-0.176774,0,0,0.00153398,0.00153398,2.04633,2.04633,
79757.2,0.0429515,0.0414175,-0.605727,-0.605922,2.10192,2.09885,-0.178308,-0.176774,0,0,0.00153398,0.00153398,2.04633,2.04633,
79777.3,0.0429515,0.0414175,-0.605727,-0.605922,2.10192,2.09885,-0.178308,-0.176774,0,0,0.00153398,0.00153398,2.04633,2.04633,
79797.3,0.0429515,0.0414175,-0.605727,-0.605922,2.10192,2.09885,-0.178308,-0.176774,0,0,0.00153398,0.00153398,2.04633,2.04633,
79817.3,0.0429515,0.0414175,-0.605727,-0.605922,2.10192,2.10192,-0.178308,-0.176774,0,0,0.00153398,0.00153398,2.04633,2.04633,
79837.2,0.0429515,0.0414175,-0.605727,-0.605922,2.10192,2.10192,-0.178308,-0.176774,0,0,0.00153398,0.00153398,2.04633,2.04633,
79857.3,0.0429515,0.0414175,-0.605727,-0.605922,2.10192,2.10192,-0.178308,-0.176774,0,0,0.00153398,0.00153398,2.04633,2.04633,
79877.2,0.0429515,0.0414175,-0.605727,-0.605922,2.10192,2.10192,-0.178308,-0.176774,0,0,0.00153398,0.00153398,2.04633,2.04633,
79897.2,0.0429515,0.0414175,-0.605727,-0.605922,2.10192,2.10192,-0.178308,-0.176774,0,0,0.00153398,0.00153398,2.04633,2.04633,
79917.2,0.0429515,0.0414175,-0.605727,-0.605922,2.10192,2.09885,-0.178308,-0.176774,0,0,0.00153398,0.00153398,2.04633,2.04633,
79937.2,0.0429515,0.0414175,-0.605727,-0.605922,2.10192,2.09885,-0.178308,-0.176774,0,0,0.00153398,0.00153398,2.04633,2.04633,
79957.3,0.0429515,0.0414175,-0.605727,-0.605922,2.10192,2.09885,-0.178308,-0.176774,0,0,0.00153398,0.00153398,2.04633,2.04633,
79977.3,0.0429515,0.0414175,-0.605727,-0.605922,2.10192,2.09885,-0.178308,-0.176774,0,0,0.00153398,0.00153398,2.04633,2.04633,
79997.3,0.0429515,0.0414175,-0.605727,-0.605922,2.10192,2.10192,-0.178308,-0.176774,0,0,0.00153398,0.00153398,2.04633,2.04633,
80017.3,0.0429515,0.0414175,-0.605727,-0.605922,2.10192,2.10192,-0.178308,-0.176774,0,0,0.00153398,0.00153398,2.04633,2.04633,
80037.2,0.0429515,0.0414175,-0.605727,-0.605922,2.10192,2.10192,-0.178308,-0.176774,0,0,0.00153398,0.00153398,2.04633,2.04633,
80057.3,0.0429515,0.0414175,-0.605727,-0.605922,2.10192,2.10192,-0.178308,-0.176774,0,0,0.00153398,0.00153398,2.04633,2.04633,
80077.2,0.0429515,0.0414175,-0.605727,-0.605922,2.10192,2.10192,-0.178308,-0.176774,0,0,0.00153398,0.00153398,2.04633,2.04633,
80097.2,0.0429515,0.0414175,-0.605727,-0.605922,2.10192,2.10192,-0.178308,-0.176774,0,0,0.00153398,0.00153398,2.04633,2.04633,
80117.4,0.0429515,0.0414175,-0.605727,-0.605922,2.10192,2.10192,-0.178308,-0.176774,0,0,0.00153398,0.00153398,2.04633,2.04633,
80137.2,0.0429515,0.0414175,-0.605727,-0.605922,2.10192,2.10192,-0.178308,-0.176774,0,0,0.00153398,0.00153398,2.04633,2.04633,
80157.3,0.0429515,0.0414175,-0.605727,-0.605922,2.10192,2.10192,-0.178308,-0.176774,0,0,0.00153398,0.00153398,2.04633,2.04633,
80177.2,0.0429515,0.0414175,-0.605727,-0.605922,2.10192,2.10192,-0.178308,-0.176774,0,0,0.00153398,0.00153398,2.04633,2.04633,
80197.2,0.0429515,0.0414175,-0.605727,-0.605922,2.10192,2.10192,-0.178308,-0.176774,0,0,0.00153398,0.00153398,2.04633,2.04633,
80217.3,0.0429515,0.0414175,-0.605727,-0.605922,2.10192,2.10192,-0.178308,-0.176774,0,0,0.00153398,0.00153398,2.04633,2.04786,
80237.2,0.0429515,0.0414175,-0.605727,-0.605922,2.10192,2.10192,-0.178308,-0.176774,0,0,0.00153398,0.00153398,2.04633,2.04786,
80257.2,0.0429515,0.0414175,-0.605727,-0.605922,2.10192,2.10192,-0.178308,-0.176774,0,0,0.00153398,0.00153398,2.04633,2.04786,
80277.3,0.0429515,0.0414175,-0.605727,-0.605922,2.10192,2.10192,-0.178308,-0.176774,0,0,0.00153398,0.00153398,2.04633,2.04786,
80297.3,0.0429515,0.0414175,-0.605727,-0.605922,2.10192,2.10192,-0.178308,-0.176774,0,0,0.00153398,0.00153398,2.04633,2.04786,
80317.3,0.0429515,0.0414175,-0.605727,-0.605922,2.10192,2.10192,-0.178308,-0.176774,0,0,0.00153398,0.00153398,2.04633,2.04633,
80337.3,0.0429515,0.0414175,-0.605727,-0.605922,2.10192,2.10192,-0.178308,-0.176774,0,0,0.00153398,0.00153398,2.04633,2.04633,
80357.3,0.0429515,0.0414175,-0.605727,-0.605922,2.10192,2.10192,-0.178308,-0.176774,0,0,0.00153398,0.00153398,2.04633,2.04633,
80377.2,0.0429515,0.0414175,-0.605727,-0.605922,2.10192,2.10192,-0.178308,-0.176774,0,0,0.00153398,0.00153398,2.04633,2.04633,
80397.2,0.0429515,0.0414175,-0.605727,-0.605922,2.10192,2.10192,-0.178308,-0.176774,0,0,0.00153398,0.00153398,2.04633,2.04633,
80417.3,0.0429515,0.0414175,-0.605727,-0.605922,2.10192,2.10192,-0.178308,-0.176774,0,0,0.00153398,0.00153398,2.04633,2.04633,
80437.3,0.0429515,0.0414175,-0.605727,-0.605922,2.10192,2.10192,-0.178308,-0.176774,0,0,0.00153398,0.00153398,2.04633,2.04633,
80457.3,0.0429515,0.0414175,-0.605727,-0.605922,2.10192,2.10192,-0.178308,-0.176774,0,0,0.00153398,0.00153398,2.04633,2.04633,
80477.3,0.0429515,0.0414175,-0.605727,-0.605922,2.10192,2.10192,-0.178308,-0.176774,0,0,0.00153398,0.00153398,2.04633,2.04633,
80497.3,0.0429515,0.0414175,-0.605727,-0.605922,2.10192,2.10192,-0.178308,-0.176774,0,0,0.00153398,0.00153398,2.04633,2.04633,
80517.3,0.0429515,0.0414175,-0.605727,-0.605922,2.10192,2.10192,-0.178308,-0.176774,0,0,0.00153398,0.00153398,2.04633,2.04633,
80537.3,0.0429515,0.0414175,-0.605727,-0.605922,2.10192,2.10192,-0.178308,-0.176774,0,0,0.00153398,0.00153398,2.04633,2.04633,
80557.2,0.0429515,0.0414175,-0.605727,-0.605922,2.10192,2.10192,-0.178308,-0.176774,0,0,0.00153398,0.00153398,2.04633,2.04633,
80577.3,0.0429515,0.0414175,-0.605727,-0.605922,2.10192,2.10192,-0.178308,-0.176774,0,0,0.00153398,0.00153398,2.04633,2.04633,
80597.3,0.0429515,0.0414175,-0.605727,-0.605922,2.10192,2.10192,-0.178308,-0.176774,0,0,0.00153398,0.00153398,2.04633,2.04633,
80617.3,0.0429515,0.0414175,-0.605727,-0.605922,2.10192,2.10192,-0.178308,-0.176774,0,0,0.00153398,0.00153398,2.04633,2.04633,
80637.3,0.0429515,0.0414175,-0.605727,-0.605922,2.10192,2.10192,-0.178308,-0.176774,0,0,0.00153398,0.00153398,2.04633,2.04633,
80657.3,0.0429515,0.0414175,-0.605727,-0.605922,2.10192,2.10192,-0.178308,-0.176774,0,0,0.00153398,0.00153398,2.04633,2.04633,
80677.2,0.0429515,0.0414175,-0.605727,-0.605922,2.10192,2.10192,-0.178308,-0.176774,0,0,0.00153398,0.00153398,2.04633,2.04633,
80697.2,0.0429515,0.0414175,-0.605727,-0.605922,2.10192,2.10192,-0.178308,-0.176774,0,0,0.00153398,0.00153398,2.04633,2.04633,
80717.2,0.0429515,0.0414175,-0.605727,-0.605922,2.10192,2.10192,-0.178308,-0.176774,0,0,0.00153398,0.00153398,2.04633,2.04633,
80737.3,0.0429515,0.0414175,-0.605727,-0.605922,2.10192,2.10192,-0.178308,-0.176774,0,0,0.00153398,0.00153398,2.04633,2.04633,
80757.3,0.0429515,0.0414175,-0.605727,-0.605922,2.10192,2.10192,-0.178308,-0.176774,0,0,0.00153398,0.00153398,2.04633,2.04633,
80777.3,0.0429515,0.0414175,-0.605727,-0.605922,2.10192,2.10192,-0.178308,-0.176774,0,0,0.00153398,0.00153398,2.04633,2.04633,
80797.2,0.0429515,0.0414175,-0.605727,-0.605922,2.10192,2.10192,-0.178308,-0.176774,0,0,0.00153398,0.00153398,2.04633,2.04633,
80817.2,0.0429515,0.0414175,-0.605727,-0.605922,2.10192,2.10192,-0.178308,-0.176774,0,0,0.00153398,0.00153398,2.04633,2.04633,
80837.3,0.0429515,0.0414175,-0.605727,-0.605922,2.10192,2.10192,-0.178308,-0.176774,0,0,0.00153398,0.00153398,2.04633,2.04633,
80857.3,0.0429515,0.0414175,-0.605727,-0.605922,2.10192,2.10192,-0.178308,-0.176774,0,0,0.00153398,0.00153398,2.04633,2.04633,
80877.3,0.0429515,0.0414175,-0.605727,-0.605922,2.10192,2.10192,-0.178308,-0.176774,0,0,0.00153398,0.00153398,2.04633,2.04633,
80897.3,0.0429515,0.0414175,-0.605727,-0.605922,2.10192,2.10192,-0.178308,-0.176774,0,0,0.00153398,0.00153398,2.04633,2.04633,
80917.3,0.0429515,0.0414175,-0.605727,-0.605922,2.10192,2.10192,-0.178308,-0.176774,0,0,0.00153398,0.00153398,2.04633,2.04633,
80937.3,0.0429515,0.0414175,-0.605727,-0.605922,2.10192,2.10192,-0.178308,-0.176774,0,0,0.00153398,0.00153398,2.04633,2.04633,
80957.4,0.0429515,0.0414175,-0.605727,-0.605922,2.10192,2.10192,-0.178308,-0.176774,0,0,0.00153398,0.00153398,2.04633,2.04633,
80977.3,0.0429515,0.0414175,-0.605727,-0.605922,2.10192,2.10192,-0.178308,-0.176774,0,0,0.00153398,0.00153398,2.04633,2.04633,
80997.3,0.0429515,0.0414175,-0.605727,-0.605922,2.10192,2.10192,-0.178308,-0.176774,0,0,0.00153398,0.00153398,2.04633,2.04633,
81017.3,0.0429515,0.0414175,-0.605727,-0.605922,2.10192,2.10192,-0.178308,-0.176774,0,0,0.00153398,0.00153398,2.04633,2.04633,
81037.3,0.0429515,0.0414175,-0.605727,-0.605922,2.10192,2.10192,-0.178308,-0.176774,0,0,0.00153398,0.00153398,2.04633,2.04633,
81057.3,0.0429515,0.0414175,-0.605727,-0.605922,2.10192,2.10192,-0.178308,-0.176774,0,0,0.00153398,0.00153398,2.04633,2.04633,
81077.3,0.0429515,0.0414175,-0.605727,-0.605922,2.10192,2.10192,-0.178308,-0.176774,0,0,0.00153398,0.00153398,2.04633,2.04633,
81097.3,0.0429515,0.0414175,-0.605727,-0.605922,2.10192,2.10192,-0.178308,-0.176774,0,0,0.00153398,0.00153398,2.04633,2.04633,
81117.3,0.0429515,0.0414175,-0.605727,-0.605922,2.10192,2.10192,-0.178308,-0.176774,0,0,0.00153398,0.00153398,2.04633,2.04633,
81137.3,0.0429515,0.0414175,-0.605727,-0.605922,2.10192,2.10192,-0.178308,-0.176774,0,0,0.00153398,0.00153398,2.04633,2.04633,
81157.4,0.0429515,0.0414175,-0.605727,-0.605922,2.10192,2.10192,-0.178308,-0.176774,0,0,0.00153398,0.00153398,2.04633,2.04633,
81177.4,0.0429515,0.0414175,-0.605727,-0.605922,2.10192,2.10192,-0.178308,-0.176774,0,0,0.00153398,0.00153398,2.04633,2.04633,
81197.3,0.0429515,0.0414175,-0.605727,-0.605922,2.10192,2.10192,-0.178308,-0.176774,0,0,0.00153398,0.00153398,2.04633,2.04633,
81217.3,0.0429515,0.0414175,-0.605727,-0.605922,2.10192,2.10192,-0.178308,-0.176774,0,0,0.00153398,0.00153398,2.04633,2.04633,
81237.3,0.0429515,0.0414175,-0.605727,-0.605922,2.10192,2.10192,-0.178308,-0.176774,0,0,0.00153398,0.00153398,2.04633,2.04633,
81257.3,0.0429515,0.0414175,-0.605727,-0.605922,2.10192,2.10192,-0.178308,-0.176774,0,0,0.00153398,0.00153398,2.04633,2.04633,
81277.3,0.0429515,0.0414175,-0.605727,-0.605922,2.10192,2.10192,-0.178308,-0.176774,0,0,0.00153398,0.00153398,2.04633,2.04633,
81297.2,0.0429515,0.0414175,-0.605727,-0.605922,2.10192,2.10192,-0.178308,-0.176774,0,0,0.00153398,0.00153398,2.04633,2.04633,
81317.3,0.0429515,0.0414175,-0.605727,-0.605922,2.10192,2.10192,-0.178308,-0.176774,0,0,0.00153398,0.00153398,2.04633,2.04633,
81337.3,0.0429515,0.0414175,-0.605727,-0.605922,2.10192,2.10192,-0.178308,-0.176774,0,0,0.00153398,0.00153398,2.04633,2.04633,
81357.3,0.0429515,0.0414175,-0.605727,-0.605922,2.10192,2.10192,-0.178308,-0.176774,0,0,0.00153398,0.00153398,2.04633,2.04633,
81377.3,0.0429515,0.0414175,-0.605727,-0.605922,2.10192,2.10192,-0.178308,-0.176774,0,0,0.00153398,0.00153398,2.04633,2.04633,
81397.2,0.0429515,0.0414175,-0.605727,-0.605922,2.10192,2.10192,-0.178308,-0.176774,0,0,0.00153398,0.00153398,2.04633,2.04633,
81417.2,0.0429515,0.0414175,-0.605727,-0.605922,2.10192,2.10192,-0.178308,-0.176774,0,0,0.00153398,0.00153398,2.04633,2.04633,
81437.2,0.0429515,0.0414175,-0.605727,-0.605922,2.10192,2.10192,-0.178308,-0.176774,0,0,0.00153398,0.00153398,2.04633,2.04633,
81457.2,0.0429515,0.0414175,-0.605727,-0.605922,2.10192,2.10192,-0.178308,-0.176774,0,0,0.00153398,0.00153398,2.04633,2.04633,
81477.2,0.0429515,0.0414175,-0.605727,-0.605922,2.10192,2.10192,-0.178308,-0.176774,0,0,0.00153398,0.00153398,2.04633,2.04633,
81497.2,0.0429515,0.0414175,-0.605727,-0.605922,2.10192,2.10192,-0.178308,-0.176774,0,0,0.00153398,0.00153398,2.04633,2.04633,
81517.2,0.0429515,0.0414175,-0.605727,-0.605922,2.10192,2.10192,-0.178308,-0.176774,0,0,0.00153398,0.00153398,2.04633,2.04633,
81537.3,0.0429515,0.0414175,-0.605727,-0.605922,2.10192,2.10192,-0.178308,-0.176774,0,0,0.00153398,0.00153398,2.04633,2.04633,
81557.2,0.0429515,0.0414175,-0.605727,-0.605922,2.10192,2.10192,-0.178308,-0.176774,0,0,0.00153398,0.00153398,2.04633,2.04633,
81577.2,0.0429515,0.0414175,-0.605727,-0.605922,2.10192,2.10192,-0.178308,-0.176774,0,0,0.00153398,0.00153398,2.04633,2.04633,
81597.2,0.0429515,0.0414175,-0.605727,-0.605922,2.10192,2.10192,-0.178308,-0.176774,0,0,0.00153398,0.00153398,2.04633,2.04633,
81617.3,0.0429515,0.0414175,-0.605727,-0.605922,2.10192,2.10192,-0.178308,-0.176774,0,0,0.00153398,0.00153398,2.04633,2.04633,
81637.3,0.0429515,0.0414175,-0.605727,-0.605922,2.10192,2.10192,-0.178308,-0.176774,0,0,0.00153398,0.00153398,2.04633,2.04633,
81657.3,0.0429515,0.0414175,-0.605727,-0.605922,2.10192,2.10192,-0.178308,-0.176774,0,0,0.00153398,0.00153398,2.04633,2.04633,
81677.3,0.0429515,0.0414175,-0.605727,-0.605922,2.10192,2.10192,-0.178308,-0.176774,0,0,0.00153398,0.00153398,2.04633,2.04633,
81697.3,0.0429515,0.0414175,-0.605727,-0.605922,2.10192,2.10192,-0.178308,-0.176774,0,0,0.00153398,0.00153398,2.04633,2.04633,
81717.4,0.0429515,0.0414175,-0.605727,-0.605922,2.10192,2.10192,-0.178308,-0.176774,0,0,0.00153398,0.00153398,2.04633,2.04633,
81737.3,0.0429515,0.0414175,-0.605727,-0.605922,2.10192,2.10192,-0.178308,-0.176774,0,0,0.00153398,0.00153398,2.04633,2.04633,
81757.3,0.0429515,0.0414175,-0.605727,-0.605922,2.10192,2.10192,-0.178308,-0.176774,0,0,0.00153398,0.00153398,2.04633,2.04633,
81777.3,0.0429515,0.0414175,-0.605727,-0.605922,2.10192,2.10192,-0.178308,-0.176774,0,0,0.00153398,0.00153398,2.04633,2.04633,
81797.3,0.0429515,0.0414175,-0.605727,-0.605922,2.10192,2.10192,-0.178308,-0.176774,0,0,0.00153398,0.00153398,2.04633,2.04633,
81817.3,0.0429515,0.0414175,-0.605727,-0.605922,2.10192,2.10192,-0.178308,-0.176774,0,0,0.00153398,0.00153398,2.04633,2.04633,
81837.3,0.0429515,0.0414175,-0.605727,-0.605922,2.10192,2.10192,-0.178308,-0.176774,0,0,0.00153398,0.00153398,2.04633,2.04633,
81857.3,0.0429515,0.0414175,-0.605727,-0.605922,2.10192,2.10192,-0.178308,-0.176774,0,0,0.00153398,0.00153398,2.04633,2.04633,
81877.3,0.0429515,0.0414175,-0.605727,-0.605922,2.10192,2.10192,-0.178308,-0.176774,0,0,0.00153398,0.00153398,2.04633,2.04633,
81897.3,0.0429515,0.0414175,-0.605727,-0.605922,2.10192,2.10192,-0.178308,-0.176774,0,0,0.00153398,0.00153398,2.04633,2.04633,
81917.3,0.0429515,0.0414175,-0.605727,-0.605922,2.10192,2.10192,-0.178308,-0.176774,0,-0.00153398,0.00153398,0.00153398,2.04633,2.04633,
81937.3,0.0429515,0.0414175,-0.605727,-0.605922,2.10192,2.10192,-0.178308,-0.176774,0,-0.00153398,0.00153398,0.00153398,2.04633,2.04633,
81957.3,0.0429515,0.0414175,-0.605727,-0.605922,2.10192,2.10192,-0.178308,-0.176774,0,-0.00153398,0.00153398,0.00153398,2.04633,2.04633,
81977.3,0.0429515,0.0414175,-0.605727,-0.605922,2.10192,2.10192,-0.178308,-0.176774,0,-0.00153398,0.00153398,0.00153398,2.04633,2.04633,
81997.2,0.0429515,0.0414175,-0.605727,-0.605922,2.10192,2.10192,-0.178308,-0.176774,0,-0.00153398,0.00153398,0.00153398,2.04633,2.04633,
82017.3,0.0429515,0.0414175,-0.605727,-0.605922,2.10192,2.10192,-0.178308,-0.176774,0,-0.00153398,0.00153398,0.00153398,2.04633,2.04633,
82037.2,0.0429515,0.0414175,-0.605727,-0.605922,2.10192,2.10192,-0.178308,-0.176774,0,-0.00153398,0.00153398,0.00153398,2.04633,2.04633,
82057.3,0.0429515,0.0414175,-0.605727,-0.605922,2.10192,2.10192,-0.178308,-0.176774,0,-0.00153398,0.00153398,0.00153398,2.04633,2.04633,
82077.4,0.0429515,0.0414175,-0.605727,-0.605922,2.10192,2.10192,-0.178308,-0.176774,0,-0.00153398,0.00153398,0.00153398,2.04633,2.04633,
82097.3,0.0429515,0.0414175,-0.605727,-0.605922,2.10192,2.09885,-0.178308,-0.176774,0,-0.00153398,0.00153398,0.00153398,2.04633,2.04633,
82117.2,0.0429515,0.0414175,-0.605727,-0.605922,2.10192,2.09885,-0.178308,-0.176774,0,-0.00153398,0.00153398,0.00153398,2.04633,2.04633,
82137.2,0.0429515,0.0414175,-0.605727,-0.605922,2.10192,2.09885,-0.178308,-0.176774,0,-0.00153398,0.00153398,0.00153398,2.04633,2.04633,
82157.2,0.0429515,0.0414175,-0.605727,-0.605922,2.10192,2.09885,-0.178308,-0.176774,0,-0.00153398,0.00153398,0.00153398,2.04633,2.04633,
82177.2,0.0429515,0.0414175,-0.605727,-0.605922,2.10192,2.09885,-0.178308,-0.176774,0,-0.00153398,0.00153398,0.00153398,2.04633,2.04633,
82197.2,0.0429515,0.0414175,-0.605727,-0.605922,2.10192,2.09885,-0.178308,-0.176774,0,-0.00153398,0.00153398,0.00153398,2.04633,2.04633,
82217.2,0.0429515,0.0414175,-0.605727,-0.605922,2.10192,2.10192,-0.178308,-0.176774,0,-0.00153398,0.00153398,0.00153398,2.04633,2.04633,
82237.2,0.0429515,0.0414175,-0.605727,-0.605922,2.10192,2.10192,-0.178308,-0.176774,0,-0.00153398,0.00153398,0.00153398,2.04633,2.04633,
82257.3,0.0429515,0.0414175,-0.605727,-0.605922,2.10192,2.10192,-0.178308,-0.176774,0,-0.00153398,0.00153398,0.00153398,2.04633,2.04633,
82277.2,0.0429515,0.0414175,-0.605727,-0.605922,2.10192,2.10192,-0.178308,-0.176774,0,-0.00153398,0.00153398,0.00153398,2.04633,2.04633,
82297.3,0.0429515,0.0414175,-0.605727,-0.605922,2.10192,2.10192,-0.178308,-0.176774,0,-0.00153398,0.00153398,0.00153398,2.04633,2.04633,
82317.2,0.0429515,0.0414175,-0.605727,-0.605922,2.10192,2.10192,-0.178308,-0.176774,0,-0.00306796,0.00153398,0.00153398,2.04633,2.04633,
82337.4,0.0429515,0.0414175,-0.605727,-0.605922,2.10192,2.10192,-0.178308,-0.176774,0,-0.00306796,0.00153398,0.00153398,2.04633,2.04633,
82357.4,0.0429515,0.0414175,-0.605727,-0.605922,2.10192,2.10192,-0.178308,-0.176774,0,-0.00306796,0.00153398,0.00153398,2.04633,2.04633,
82377.2,0.0429515,0.0414175,-0.605727,-0.605922,2.10192,2.10192,-0.178308,-0.176774,0,-0.00306796,0.00153398,0.00153398,2.04633,2.04633,
82397.2,0.0429515,0.0414175,-0.605727,-0.605922,2.10192,2.09885,-0.178308,-0.176774,0,-0.00306796,0.00153398,0.00153398,2.04633,2.04633,
82417.2,0.0429515,0.0414175,-0.605727,-0.605922,2.10192,2.09885,-0.178308,-0.176774,0,-0.00306796,0.00153398,0.00153398,2.04633,2.04633,
82437.2,0.0429515,0.0414175,-0.605727,-0.605922,2.10192,2.09885,-0.178308,-0.176774,0,-0.00306796,0.00153398,0.00153398,2.04633,2.04633,
82457.2,0.0429515,0.0414175,-0.605727,-0.605922,2.10192,2.09885,-0.178308,-0.176774,0,-0.00306796,0.00153398,0.00153398,2.04633,2.04633,
82477.2,0.0429515,0.0414175,-0.605727,-0.605922,2.10192,2.09885,-0.178308,-0.176774,0,-0.00306796,0.00153398,0.00153398,2.04633,2.04633,
82497.2,0.0429515,0.0414175,-0.605727,-0.605922,2.10192,2.10192,-0.178308,-0.176774,0,-0.00306796,0.00153398,0.00153398,2.04633,2.04633,
82517.3,0.0429515,0.0414175,-0.605727,-0.605922,2.10192,2.10192,-0.178308,-0.176774,0,-0.00306796,0.00153398,0.00153398,2.04633,2.04633,
82537.3,0.0429515,0.0414175,-0.605727,-0.605922,2.10192,2.10192,-0.178308,-0.176774,0,-0.00306796,0.00153398,0.00153398,2.04633,2.04633,
82557.3,0.0429515,0.0414175,-0.605727,-0.605922,2.10192,2.10192,-0.178308,-0.176774,0,-0.00306796,0.00153398,0.00153398,2.04633,2.04633,
82577.3,0.0429515,0.0414175,-0.605727,-0.605922,2.10192,2.10192,-0.178308,-0.176774,0,-0.00306796,0.00153398,0.00153398,2.04633,2.04633,
82597.4,0.0429515,0.0414175,-0.605727,-0.605922,2.10192,2.10192,-0.178308,-0.176774,0,-0.00306796,0.00153398,0.00153398,2.04633,2.04633,
82617.3,0.0429515,0.0414175,-0.605727,-0.605922,2.10192,2.10192,-0.178308,-0.176774,0,-0.00306796,0.00153398,0.00153398,2.04633,2.04633,
82637.3,0.0429515,0.0414175,-0.605727,-0.605922,2.10192,2.10192,-0.178308,-0.176774,0,-0.00306796,0.00153398,0.00153398,2.04633,2.04633,
82657.4,0.0429515,0.0414175,-0.605727,-0.605922,2.10192,2.10192,-0.178308,-0.176774,0,-0.00306796,0.00153398,0.00153398,2.04633,2.04633,
82677.3,0.0429515,0.0414175,-0.605727,-0.605922,2.10192,2.10192,-0.178308,-0.176774,0,-0.00306796,0.00153398,0.00153398,2.04633,2.04633,
82697.2,0.0429515,0.0414175,-0.605727,-0.605922,2.10192,2.10192,-0.178308,-0.176774,0,-0.00306796,0.00153398,0.00153398,2.04633,2.04633,
82717.2,0.0429515,0.0414175,-0.605727,-0.605922,2.10192,2.10192,-0.178308,-0.176774,0,-0.00306796,0.00153398,0.00153398,2.04633,2.04633,
82737.2,0.0429515,0.0414175,-0.605727,-0.605922,2.10192,2.10192,-0.178308,-0.176774,0,-0.00306796,0.00153398,0.00153398,2.04633,2.04633,
82757.2,0.0429515,0.0414175,-0.605727,-0.605922,2.10192,2.10192,-0.178308,-0.176774,0,-0.00306796,0.00153398,0.00153398,2.04633,2.04633,
82777.3,0.0429515,0.0414175,-0.605727,-0.605922,2.10192,2.10192,-0.178308,-0.176774,0,-0.00306796,0.00153398,0.00153398,2.04633,2.04633,
82797.2,0.0429515,0.0414175,-0.605727,-0.605922,2.10192,2.10192,-0.178308,-0.176774,0,-0.00306796,0.00153398,0.00153398,2.04633,2.04633,
82817.2,0.0429515,0.0414175,-0.605727,-0.605922,2.10192,2.10192,-0.178308,-0.176774,0,-0.00306796,0.00153398,0.00153398,2.04633,2.04633,
82837.2,0.0429515,0.0414175,-0.605727,-0.605922,2.10192,2.10192,-0.178308,-0.176774,0,-0.00306796,0.00153398,0.00153398,2.04633,2.04633,
82857.3,0.0429515,0.0414175,-0.605727,-0.605922,2.10192,2.10192,-0.178308,-0.176774,0,-0.00306796,0.00153398,0.00153398,2.04633,2.04633,
82877.3,0.0429515,0.0414175,-0.605727,-0.605922,2.10192,2.10192,-0.178308,-0.176774,0,-0.00306796,0.00153398,0.00153398,2.04633,2.04633,
82897.3,0.0429515,0.0414175,-0.605727,-0.605922,2.10192,2.09885,-0.178308,-0.176774,0,-0.00306796,0.00153398,0.00153398,2.04633,2.04633,
82917.2,0.0429515,0.0414175,-0.605727,-0.605922,2.10192,2.09885,-0.178308,-0.176774,0,-0.00306796,0.00153398,0.00153398,2.04633,2.04633,
82937.2,0.0429515,0.0414175,-0.605727,-0.605922,2.10192,2.09885,-0.178308,-0.176774,0,-0.00306796,0.00153398,0.00153398,2.04633,2.04633,
82957.3,0.0429515,0.0414175,-0.605727,-0.605922,2.10192,2.09885,-0.178308,-0.176774,0,-0.00306796,0.00153398,0.00153398,2.04633,2.04633,
82977.3,0.0429515,0.0414175,-0.605727,-0.605922,2.10192,2.09885,-0.178308,-0.176774,0,-0.00306796,0.00153398,0.00153398,2.04633,2.04633,
82997.2,0.0429515,0.0414175,-0.605727,-0.605922,2.10192,2.09885,-0.178308,-0.176774,0,-0.00306796,0.00153398,0.00153398,2.04633,2.04633,
83017.3,0.0429515,0.0414175,-0.605727,-0.605922,2.10192,2.10192,-0.178308,-0.176774,0,-0.00306796,0.00153398,0.00153398,2.04633,2.04633,
83037.3,0.0429515,0.0414175,-0.605727,-0.605922,2.10192,2.10192,-0.178308,-0.176774,0,-0.00306796,0.00153398,0.00153398,2.04633,2.04633,
83057.3,0.0429515,0.0414175,-0.605727,-0.605922,2.10192,2.10192,-0.178308,-0.176774,0,-0.00306796,0.00153398,0.00153398,2.04633,2.04633,
83077.3,0.0429515,0.0414175,-0.605727,-0.605922,2.10192,2.10192,-0.178308,-0.176774,0,-0.00306796,0.00153398,0.00153398,2.04633,2.04633,
83097.3,0.0429515,0.0414175,-0.605727,-0.605922,2.10192,2.10192,-0.178308,-0.176774,0,-0.00306796,0.00153398,0.00153398,2.04633,2.04633,
83117.3,0.0429515,0.0414175,-0.605727,-0.605922,2.10192,2.10192,-0.178308,-0.176774,0,-0.00153398,0.00153398,0.00153398,2.04633,2.04633,
83137.4,0.0429515,0.0414175,-0.605727,-0.605922,2.10192,2.10192,-0.178308,-0.176774,0,-0.00153398,0.00153398,0.00153398,2.04633,2.04633,
83157.3,0.0429515,0.0414175,-0.605727,-0.605922,2.10192,2.10192,-0.178308,-0.176774,0,-0.00153398,0.00153398,0.00153398,2.04633,2.04633,
83177.3,0.0429515,0.0414175,-0.605727,-0.605922,2.10192,2.10192,-0.178308,-0.176774,0,-0.00153398,0.00153398,0.00153398,2.04633,2.04633,
83197.2,0.0429515,0.0414175,-0.605727,-0.605922,2.10192,2.10192,-0.178308,-0.176774,0,-0.00153398,0.00153398,0.00153398,2.04633,2.04633,
83217.3,0.0429515,0.0414175,-0.605727,-0.605922,2.10192,2.10192,-0.178308,-0.176774,0,-0.00153398,0.00153398,0.00153398,2.04633,2.04633,
83237.2,0.0429515,0.0414175,-0.605727,-0.605922,2.10192,2.10192,-0.178308,-0.176774,0,-0.00153398,0.00153398,0.00153398,2.04633,2.04633,
83257.3,0.0429515,0.0414175,-0.605727,-0.605922,2.10192,2.10192,-0.178308,-0.176774,0,-0.00153398,0.00153398,0.00153398,2.04633,2.04633,
83277.3,0.0429515,0.0414175,-0.605727,-0.605922,2.10192,2.10192,-0.178308,-0.176774,0,-0.00153398,0.00153398,0.00153398,2.04633,2.04633,
83297.3,0.0429515,0.0414175,-0.605727,-0.605922,2.10192,2.10192,-0.178308,-0.176774,0,-0.00306796,0.00153398,0.00153398,2.04633,2.04633,
83317.3,0.0429515,0.0414175,-0.605727,-0.605922,2.10192,2.10192,-0.178308,-0.176774,0,-0.00306796,0.00153398,0.00153398,2.04633,2.04633,
83337.4,0.0429515,0.0414175,-0.605727,-0.605922,2.10192,2.10192,-0.178308,-0.176774,0,-0.00306796,0.00153398,0.00153398,2.04633,2.04633,
83357.4,0.0429515,0.0414175,-0.605727,-0.605922,2.10192,2.10192,-0.178308,-0.176774,0,-0.00306796,0.00153398,0.00153398,2.04633,2.04633,
83377.4,0.0429515,0.0414175,-0.605727,-0.605922,2.10192,2.10192,-0.178308,-0.176774,0,-0.00306796,0.00153398,0.00153398,2.04633,2.04633,
83397.3,0.0429515,0.0414175,-0.605727,-0.605922,2.10192,2.10192,-0.178308,-0.176774,0,-0.00306796,0.00153398,0.00153398,2.04633,2.04633,
83417.3,0.0429515,0.0414175,-0.605727,-0.605922,2.10192,2.10192,-0.178308,-0.17524,0,-0.00306796,0.00153398,0.00153398,2.04633,2.04633,
83437.3,0.0429515,0.0414175,-0.605727,-0.605922,2.10192,2.10192,-0.178308,-0.17524,0,-0.00306796,0.00153398,0.00153398,2.04633,2.04633,
83457.2,0.0429515,0.0414175,-0.605727,-0.605922,2.10192,2.10192,-0.178308,-0.17524,0,-0.00306796,0.00153398,0.00153398,2.04633,2.04633,
83477.3,0.0429515,0.0414175,-0.605727,-0.605922,2.10192,2.10192,-0.178308,-0.17524,0,-0.00306796,0.00153398,0.00153398,2.04633,2.04633,
83497.3,0.0429515,0.0414175,-0.605727,-0.605922,2.10192,2.10192,-0.178308,-0.17524,0,-0.00306796,0.00153398,0.00153398,2.04633,2.04633,
83517.3,0.0429515,0.0414175,-0.605727,-0.605922,2.10192,2.10192,-0.178308,-0.176774,0,-0.00306796,0.00153398,0.00153398,2.04633,2.04633,
83537.3,0.0429515,0.0414175,-0.605727,-0.605922,2.10192,2.10192,-0.178308,-0.176774,0,-0.00306796,0.00153398,0.00153398,2.04633,2.04633,
83557.3,0.0429515,0.0414175,-0.605727,-0.605922,2.10192,2.10192,-0.178308,-0.176774,0,-0.00306796,0.00153398,0.00153398,2.04633,2.04633,
83577.3,0.0429515,0.0414175,-0.605727,-0.605922,2.10192,2.10192,-0.178308,-0.176774,0,-0.00306796,0.00153398,0.00153398,2.04633,2.04633,
83597.2,0.0429515,0.0414175,-0.605727,-0.605922,2.10192,2.10192,-0.178308,-0.176774,0,-0.00153398,0.00153398,0.00153398,2.04633,2.04633,
83617.3,0.0429515,0.0414175,-0.605727,-0.605922,2.10192,2.10192,-0.178308,-0.176774,0,-0.00153398,0.00153398,0.00153398,2.04633,2.04633,
83637.3,0.0429515,0.0414175,-0.605727,-0.605922,2.10192,2.10192,-0.178308,-0.176774,0,-0.00153398,0.00153398,0.00153398,2.04633,2.04633,
83657.2,0.0429515,0.0414175,-0.605727,-0.605922,2.10192,2.10192,-0.178308,-0.176774,0,-0.00153398,0.00153398,0.00153398,2.04633,2.04633,
83677.2,0.0429515,0.0414175,-0.605727,-0.605922,2.10192,2.10192,-0.178308,-0.176774,0,-0.00153398,0.00153398,0.00153398,2.04633,2.04633,
83697.2,0.0429515,0.0414175,-0.605727,-0.605922,2.10192,2.10192,-0.178308,-0.176774,0,-0.00306796,0.00153398,0.00153398,2.04633,2.04633,
83717.2,0.0429515,0.0414175,-0.605727,-0.605922,2.10192,2.10192,-0.178308,-0.176774,0,-0.00306796,0.00153398,0.00153398,2.04633,2.04633,
83737.3,0.0429515,0.0414175,-0.605727,-0.605922,2.10192,2.10192,-0.178308,-0.176774,0,-0.00306796,0.00153398,0.00153398,2.04633,2.04633,
83757.2,0.0429515,0.0414175,-0.605727,-0.605922,2.10192,2.10192,-0.178308,-0.176774,0,-0.00306796,0.00153398,0.00153398,2.04633,2.04633,
83777.2,0.0429515,0.0414175,-0.605727,-0.605922,2.10192,2.10192,-0.178308,-0.176774,0,-0.00306796,0.00153398,0.00153398,2.04633,2.04633,
83797.2,0.0429515,0.0414175,-0.605727,-0.605922,2.10192,2.10192,-0.178308,-0.176774,0,-0.00306796,0.00153398,0.00153398,2.04633,2.04633,
83817.2,0.0429515,0.0414175,-0.605727,-0.605922,2.10192,2.10192,-0.178308,-0.176774,0,-0.00306796,0.00153398,0.00153398,2.04633,2.04633,
83837.2,0.0429515,0.0414175,-0.605727,-0.605922,2.10192,2.10192,-0.178308,-0.176774,0,-0.00306796,0.00153398,0.00153398,2.04633,2.04633,
83857.2,0.0429515,0.0414175,-0.605727,-0.605922,2.10192,2.10192,-0.178308,-0.176774,0,-0.00306796,0.00153398,0.00153398,2.04633,2.04633,
83877.2,0.0429515,0.0414175,-0.605727,-0.605922,2.10192,2.10192,-0.178308,-0.176774,0,-0.00306796,0.00153398,0.00153398,2.04633,2.04633,
83897.2,0.0429515,0.0414175,-0.605727,-0.605922,2.10192,2.10192,-0.178308,-0.176774,0,-0.00306796,0.00153398,0.00153398,2.04633,2.04633,
83917.2,0.0429515,0.0414175,-0.605727,-0.605922,2.10192,2.09885,-0.178308,-0.176774,0,-0.00306796,0.00153398,0.00153398,2.04633,2.04633,
83937.2,0.0429515,0.0414175,-0.605727,-0.605922,2.10192,2.09885,-0.178308,-0.176774,0,-0.00306796,0.00153398,0.00153398,2.04633,2.04633,
83957.3,0.0429515,0.0414175,-0.605727,-0.605922,2.10192,2.09885,-0.178308,-0.176774,0,-0.00306796,0.00153398,0.00153398,2.04633,2.04633,
83977.3,0.0429515,0.0414175,-0.605727,-0.605922,2.10192,2.09885,-0.178308,-0.176774,0,-0.00306796,0.00153398,0.00153398,2.04633,2.04633,
83997.2,0.0429515,0.0414175,-0.605727,-0.605922,2.10192,2.09885,-0.178308,-0.176774,0,-0.00306796,0.00153398,0.00153398,2.04633,2.04633,
84017.3,0.0429515,0.0414175,-0.605727,-0.605922,2.10192,2.10192,-0.178308,-0.176774,0,-0.00306796,0.00153398,0.00153398,2.04633,2.04633,
84037.3,0.0429515,0.0414175,-0.605727,-0.605922,2.10192,2.10192,-0.178308,-0.176774,0,-0.00306796,0.00153398,0.00153398,2.04633,2.04633,
84057.3,0.0429515,0.0414175,-0.605727,-0.605922,2.10192,2.10192,-0.178308,-0.176774,0,-0.00306796,0.00153398,0.00153398,2.04633,2.04633,
84077.2,0.0429515,0.0414175,-0.605727,-0.605922,2.10192,2.10192,-0.178308,-0.176774,0,-0.00306796,0.00153398,0.00153398,2.04633,2.04633,
84097.3,0.0429515,0.0414175,-0.605727,-0.605922,2.10192,2.10192,-0.178308,-0.176774,0,-0.00306796,0.00153398,0.00153398,2.04633,2.04633,
84117.3,0.0429515,0.0414175,-0.605727,-0.605922,2.10192,2.10192,-0.178308,-0.176774,0,-0.00306796,0.00153398,0.00153398,2.04633,2.04633,
84137.3,0.0429515,0.0414175,-0.605727,-0.605922,2.10192,2.10192,-0.178308,-0.176774,0,-0.00306796,0.00153398,0.00153398,2.04633,2.04633,
84157.4,0.0429515,0.0414175,-0.605727,-0.605922,2.10192,2.10192,-0.178308,-0.176774,0,-0.00306796,0.00153398,0.00153398,2.04633,2.04633,
84177.4,0.0429515,0.0414175,-0.605727,-0.605922,2.10192,2.10192,-0.178308,-0.176774,0,-0.00306796,0.00153398,0.00153398,2.04633,2.04633,
84197.4,0.0429515,0.0414175,-0.605727,-0.605922,2.10192,2.10192,-0.178308,-0.176774,0,-0.00306796,0.00153398,0.00153398,2.04633,2.04633,
84217.4,0.0429515,0.0414175,-0.605727,-0.605922,2.10192,2.10192,-0.178308,-0.176774,0,-0.00306796,0.00153398,0.00153398,2.04633,2.04633,
84237.4,0.0429515,0.0414175,-0.605727,-0.605922,2.10192,2.10192,-0.178308,-0.176774,0,-0.00306796,0.00153398,0.00153398,2.04633,2.04633,
84257.3,0.0429515,0.0414175,-0.605727,-0.605922,2.10192,2.10192,-0.178308,-0.176774,0,-0.00306796,0.00153398,0.00153398,2.04633,2.04633,
84277.3,0.0429515,0.0414175,-0.605727,-0.605922,2.10192,2.10192,-0.178308,-0.176774,0,-0.00306796,0.00153398,0.00153398,2.04633,2.04633,
84297.3,0.0429515,0.0414175,-0.605727,-0.605922,2.10192,2.10192,-0.178308,-0.176774,0,-0.00306796,0.00153398,0.00153398,2.04633,2.04633,
84317.3,0.0429515,0.0414175,-0.605727,-0.605922,2.10192,2.10192,-0.178308,-0.176774,0,-0.00306796,0.00153398,0.00153398,2.04633,2.04633,
84337.3,0.0429515,0.0414175,-0.605727,-0.605922,2.10192,2.10192,-0.178308,-0.176774,0,-0.00306796,0.00153398,0.00153398,2.04633,2.04633,
84357.4,0.0429515,0.0414175,-0.605727,-0.605922,2.10192,2.10192,-0.178308,-0.176774,0,-0.00306796,0.00153398,0.00153398,2.04633,2.04633,
84377.4,0.0429515,0.0414175,-0.605727,-0.605922,2.10192,2.10192,-0.178308,-0.176774,0,-0.00306796,0.00153398,0.00153398,2.04633,2.04633,
84397.4,0.0429515,0.0414175,-0.605727,-0.605922,2.10192,2.10192,-0.178308,-0.176774,0,-0.00306796,0.00153398,0.00153398,2.04633,2.04633,
84417.3,0.0429515,0.0414175,-0.605727,-0.605922,2.10192,2.10192,-0.178308,-0.176774,0,-0.00306796,0.00153398,0.00153398,2.04633,2.04633,
84437.3,0.0429515,0.0414175,-0.605727,-0.605922,2.10192,2.10192,-0.178308,-0.176774,0,-0.00306796,0.00153398,0.00153398,2.04633,2.04633,
84457.4,0.0429515,0.0414175,-0.605727,-0.605922,2.10192,2.10192,-0.178308,-0.176774,0,-0.00306796,0.00153398,0.00153398,2.04633,2.04633,
84477.3,0.0429515,0.0414175,-0.605727,-0.605922,2.10192,2.10192,-0.178308,-0.176774,0,-0.00306796,0.00153398,0.00153398,2.04633,2.04633,
84497.3,0.0429515,0.0414175,-0.605727,-0.605922,2.10192,2.10192,-0.178308,-0.176774,0,-0.00306796,0.00153398,0.00153398,2.04633,2.04633,
84517.3,0.0429515,0.0414175,-0.605727,-0.605922,2.10192,2.10192,-0.178308,-0.176774,0,-0.00306796,0.00153398,0.00153398,2.04633,2.04633,
84538,0.0429515,0.0414175,-0.605727,-0.605922,2.10192,2.10192,-0.178308,-0.176774,0,-0.00306796,0.00153398,0.00153398,2.04633,2.04633,
84557.3,0.0429515,0.0414175,-0.605727,-0.605922,2.10192,2.10192,-0.178308,-0.176774,0,-0.00306796,0.00153398,0.00153398,2.04633,2.04633,
84577.2,0.0429515,0.0414175,-0.605727,-0.605922,2.10192,2.10192,-0.178308,-0.176774,0,-0.00306796,0.00153398,0.00153398,2.04633,2.04633,
84597.2,0.0429515,0.0414175,-0.605727,-0.605922,2.10192,2.10192,-0.178308,-0.176774,0,-0.00306796,0.00153398,0.00153398,2.04633,2.04633,
84617.3,0.0429515,0.0414175,-0.605727,-0.605922,2.10192,2.10192,-0.178308,-0.176774,0,-0.00306796,0.00153398,0.00153398,2.04633,2.04633,
84637.2,0.0429515,0.0414175,-0.605727,-0.605922,2.10192,2.10192,-0.178308,-0.176774,0,-0.00306796,0.00153398,0.00153398,2.04633,2.04633,
84657.3,0.0429515,0.0414175,-0.605727,-0.605922,2.10192,2.10192,-0.178308,-0.176774,0,-0.00306796,0.00153398,0.00153398,2.04633,2.04633,
84677.2,0.0429515,0.0414175,-0.605727,-0.605922,2.10192,2.10192,-0.178308,-0.176774,0,-0.00306796,0.00153398,0.00153398,2.04633,2.04633,
84697.3,0.0429515,0.0414175,-0.605727,-0.605922,2.10192,2.10192,-0.178308,-0.176774,0,-0.00306796,0.00153398,0.00153398,2.04633,2.04633,
84717.2,0.0429515,0.0414175,-0.605727,-0.605922,2.10192,2.10192,-0.178308,-0.176774,0,-0.00153398,0.00153398,0.00153398,2.04633,2.04633,
84737.3,0.0429515,0.0414175,-0.605727,-0.605922,2.10192,2.10192,-0.178308,-0.176774,0,-0.00153398,0.00153398,0.00153398,2.04633,2.04633,
84757.3,0.0429515,0.0414175,-0.605727,-0.605922,2.10192,2.10192,-0.178308,-0.176774,0,-0.00153398,0.00153398,0.00153398,2.04633,2.04633,
84777.4,0.0429515,0.0414175,-0.605727,-0.605922,2.10192,2.10192,-0.178308,-0.176774,0,-0.00153398,0.00153398,0.00153398,2.04633,2.04633,
84797.3,0.0429515,0.0414175,-0.605727,-0.605922,2.10192,2.10192,-0.178308,-0.176774,0,-0.00153398,0.00153398,0.00153398,2.04633,2.04633,
84817.3,0.0429515,0.0414175,-0.605727,-0.605922,2.10192,2.10192,-0.178308,-0.176774,0,-0.00306796,0.00153398,0.00153398,2.04633,2.04633,
84837.3,0.0429515,0.0414175,-0.605727,-0.605922,2.10192,2.10192,-0.178308,-0.176774,0,-0.00306796,0.00153398,0.00153398,2.04633,2.04633,
84857.4,0.0429515,0.0414175,-0.605727,-0.605922,2.10192,2.10192,-0.178308,-0.176774,0,-0.00306796,0.00153398,0.00153398,2.04633,2.04633,
84877.3,0.0429515,0.0414175,-0.605727,-0.605922,2.10192,2.10192,-0.178308,-0.176774,0,-0.00306796,0.00153398,0.00153398,2.04633,2.04633,
84897.3,0.0429515,0.0414175,-0.605727,-0.605922,2.10192,2.10192,-0.178308,-0.176774,0,-0.00306796,0.00153398,0.00153398,2.04633,2.04633,
84917.4,0.0429515,0.0414175,-0.605727,-0.605922,2.10192,2.10192,-0.178308,-0.176774,0,-0.00306796,0.00153398,0.00153398,2.04633,2.04633,
84937.3,0.0429515,0.0414175,-0.605727,-0.605922,2.10192,2.10192,-0.178308,-0.176774,0,-0.00306796,0.00153398,0.00153398,2.04633,2.04633,
84957.4,0.0429515,0.0414175,-0.605727,-0.605922,2.10192,2.10192,-0.178308,-0.176774,0,-0.00306796,0.00153398,0.00153398,2.04633,2.04633,
84977.3,0.0429515,0.0414175,-0.605727,-0.605922,2.10192,2.10192,-0.178308,-0.176774,0,-0.00306796,0.00153398,0.00153398,2.04633,2.04633,
84997.4,0.0429515,0.0414175,-0.605727,-0.605922,2.10192,2.10192,-0.178308,-0.176774,0,-0.00306796,0.00153398,0.00153398,2.04633,2.04633,
85017.3,0.0429515,0.0414175,-0.605727,-0.605922,2.10192,2.10192,-0.178308,-0.176774,0,-0.00306796,0.00153398,0.00153398,2.04633,2.04633,
85037.4,0.0429515,0.0414175,-0.605727,-0.605922,2.10192,2.10192,-0.178308,-0.176774,0,-0.00306796,0.00153398,0.00153398,2.04633,2.04633,
85057.3,0.0429515,0.0414175,-0.605727,-0.605922,2.10192,2.10192,-0.178308,-0.176774,0,-0.00306796,0.00153398,0.00153398,2.04633,2.04633,
85077.3,0.0429515,0.0414175,-0.605727,-0.605922,2.10192,2.10192,-0.178308,-0.176774,0,-0.00306796,0.00153398,0.00153398,2.04633,2.04633,
85097.3,0.0429515,0.0414175,-0.605727,-0.605922,2.10192,2.10192,-0.178308,-0.176774,0,-0.00306796,0.00153398,0.00153398,2.04633,2.04633,
85117.3,0.0429515,0.0414175,-0.605727,-0.605922,2.10192,2.10192,-0.178308,-0.176774,0,-0.00153398,0.00153398,0.00153398,2.04633,2.0448,
85137.3,0.0429515,0.0414175,-0.605727,-0.605922,2.10192,2.10192,-0.178308,-0.176774,0,-0.00153398,0.00153398,0.00153398,2.04633,2.0448,
85157.3,0.0429515,0.0414175,-0.605727,-0.605922,2.10192,2.10192,-0.178308,-0.176774,0,-0.00153398,0.00153398,0.00153398,2.04633,2.0448,
85177.4,0.0429515,0.0414175,-0.605727,-0.605922,2.10192,2.10192,-0.178308,-0.176774,0,-0.00153398,0.00153398,0.00153398,2.04633,2.0448,
85197.3,0.0429515,0.0414175,-0.605727,-0.605922,2.10192,2.10192,-0.178308,-0.176774,0,-0.00306796,0.00153398,0,2.04633,2.04633,
85217.4,0.0429515,0.0414175,-0.605727,-0.605922,2.10192,2.10192,-0.178308,-0.176774,0,-0.00306796,0.00153398,0,2.04633,2.04633,
85237.4,0.0429515,0.0414175,-0.605727,-0.605922,2.10192,2.10192,-0.178308,-0.176774,0,-0.00306796,0.00153398,0,2.04633,2.04633,
85257.3,0.0429515,0.0414175,-0.605727,-0.605922,2.10192,2.10192,-0.178308,-0.176774,0,-0.00306796,0.00153398,0,2.04633,2.04633,
85277.3,0.0429515,0.0414175,-0.605727,-0.605922,2.10192,2.10192,-0.178308,-0.176774,0,-0.00306796,0.00153398,0,2.04633,2.04633,
85297.3,0.0429515,0.0414175,-0.605727,-0.605922,2.10192,2.10192,-0.178308,-0.176774,0,-0.00306796,0.00153398,0.00153398,2.04633,2.04633,
85317.2,0.0429515,0.0414175,-0.605727,-0.605922,2.10192,2.10192,-0.178308,-0.176774,0,-0.00306796,0.00153398,0.00153398,2.04633,2.04633,
85337.2,0.0429515,0.0414175,-0.605727,-0.605922,2.10192,2.10192,-0.178308,-0.176774,0,-0.00306796,0.00153398,0.00153398,2.04633,2.04633,
85357.3,0.0429515,0.0414175,-0.605727,-0.605922,2.10192,2.10192,-0.178308,-0.176774,0,-0.00306796,0.00153398,0.00153398,2.04633,2.04633,
85377.2,0.0429515,0.0414175,-0.605727,-0.605922,2.10192,2.10192,-0.178308,-0.176774,0,-0.00306796,0.00153398,0.00153398,2.04633,2.04633,
85397.3,0.0429515,0.0414175,-0.605727,-0.605922,2.10192,2.10192,-0.178308,-0.176774,0,-0.00306796,0.00153398,0.00153398,2.04633,2.04633,
85417.2,0.0429515,0.0414175,-0.605727,-0.605922,2.10192,2.10192,-0.178308,-0.176774,0,-0.00306796,0.00153398,0.00153398,2.04633,2.04633,
85437.4,0.0429515,0.0414175,-0.605727,-0.605922,2.10192,2.10192,-0.178308,-0.176774,0,-0.00153398,0.00153398,0.00153398,2.04633,2.04633,
85457.3,0.0429515,0.0414175,-0.605727,-0.605922,2.10192,2.10192,-0.178308,-0.176774,0,-0.00153398,0.00153398,0.00153398,2.04633,2.04633,
85477.2,0.0429515,0.0414175,-0.605727,-0.605922,2.10192,2.10192,-0.178308,-0.176774,0,-0.00153398,0.00153398,0.00153398,2.04633,2.04633,
85497.2,0.0429515,0.0414175,-0.605727,-0.605922,2.10192,2.10192,-0.178308,-0.176774,0,-0.00153398,0.00153398,0.00153398,2.04633,2.04633,
85517.2,0.0429515,0.0414175,-0.605727,-0.605922,2.10192,2.10192,-0.178308,-0.176774,0,-0.00306796,0.00153398,0.00153398,2.04633,2.04633,
85537.2,0.0429515,0.0414175,-0.605727,-0.605922,2.10192,2.10192,-0.178308,-0.176774,0,-0.00306796,0.00153398,0.00153398,2.04633,2.04633,
85557.2,0.0429515,0.0414175,-0.605727,-0.605922,2.10192,2.10192,-0.178308,-0.176774,0,-0.00306796,0.00153398,0.00153398,2.04633,2.04633,
85577.2,0.0429515,0.0414175,-0.605727,-0.605922,2.10192,2.10192,-0.178308,-0.176774,0,-0.00306796,0.00153398,0.00153398,2.04633,2.04633,
85597.3,0.0429515,0.0414175,-0.605727,-0.605922,2.10192,2.10192,-0.178308,-0.176774,0,-0.00306796,0.00153398,0.00153398,2.04633,2.04633,
85617.2,0.0429515,0.0414175,-0.605727,-0.605922,2.10192,2.10192,-0.178308,-0.176774,0,-0.00153398,0.00153398,0.00153398,2.04633,2.04633,
85637.2,0.0429515,0.0414175,-0.605727,-0.605922,2.10192,2.10192,-0.178308,-0.176774,0,-0.00153398,0.00153398,0.00153398,2.04633,2.04633,
85657.3,0.0429515,0.0414175,-0.605727,-0.605922,2.10192,2.10192,-0.178308,-0.176774,0,-0.00153398,0.00153398,0.00153398,2.04633,2.04633,
85677.3,0.0429515,0.0414175,-0.605727,-0.605922,2.10192,2.10192,-0.178308,-0.176774,0,-0.00153398,0.00153398,0.00153398,2.04633,2.04633,
85697.2,0.0429515,0.0414175,-0.605727,-0.605922,2.10192,2.10192,-0.178308,-0.176774,0,-0.00153398,0.00153398,0.00153398,2.04633,2.04633,
85717.2,0.0429515,0.0414175,-0.605727,-0.605922,2.10192,2.10192,-0.178308,-0.176774,0,-0.00153398,0.00153398,0.00153398,2.04633,2.04633,
85737.2,0.0429515,0.0414175,-0.605727,-0.605922,2.10192,2.10192,-0.178308,-0.176774,0,-0.00153398,0.00153398,0.00153398,2.04633,2.04633,
85757.2,0.0429515,0.0414175,-0.605727,-0.605922,2.10192,2.10192,-0.178308,-0.176774,0,-0.00153398,0.00153398,0.00153398,2.04633,2.04633,
85777.2,0.0429515,0.0414175,-0.605727,-0.605922,2.10192,2.10192,-0.178308,-0.176774,0,-0.00153398,0.00153398,0.00153398,2.04633,2.04633,
85797.2,0.0429515,0.0414175,-0.605727,-0.605922,2.10192,2.10192,-0.178308,-0.176774,0,-0.00153398,0.00153398,0.00153398,2.04633,2.04633,
85817.3,0.0429515,0.0414175,-0.605727,-0.605922,2.10192,2.10192,-0.178308,-0.176774,0,-0.00306796,0.00153398,0.00153398,2.04633,2.04633,
85837.3,0.0429515,0.0414175,-0.605727,-0.605922,2.10192,2.10192,-0.178308,-0.176774,0,-0.00306796,0.00153398,0.00153398,2.04633,2.04633,
85857.2,0.0429515,0.0414175,-0.605727,-0.605922,2.10192,2.10192,-0.178308,-0.176774,0,-0.00306796,0.00153398,0.00153398,2.04633,2.04633,
85877.3,0.0429515,0.0414175,-0.605727,-0.605922,2.10192,2.10192,-0.178308,-0.176774,0,-0.00306796,0.00153398,0.00153398,2.04633,2.04633,
85897.2,0.0429515,0.0414175,-0.605727,-0.605922,2.10192,2.10192,-0.178308,-0.176774,0,-0.00306796,0.00153398,0.00153398,2.04633,2.04633,
85917.2,0.0429515,0.0414175,-0.605727,-0.605922,2.10192,2.10192,-0.178308,-0.176774,0,-0.00306796,0.00153398,0.00153398,2.04633,2.04633,
85937.2,0.0429515,0.0414175,-0.605727,-0.605922,2.10192,2.10192,-0.178308,-0.176774,0,-0.00306796,0.00153398,0.00153398,2.04633,2.04633,
85957.2,0.0429515,0.0414175,-0.605727,-0.605922,2.10192,2.10192,-0.178308,-0.176774,0,-0.00306796,0.00153398,0.00153398,2.04633,2.04633,
85977.2,0.0429515,0.0414175,-0.605727,-0.605922,2.10192,2.10192,-0.178308,-0.176774,0,-0.00306796,0.00153398,0.00153398,2.04633,2.04633,
85997.3,0.0429515,0.0414175,-0.605727,-0.605922,2.10192,2.10192,-0.178308,-0.176774,0,-0.00306796,0.00153398,0.00153398,2.04633,2.04633,
86017.2,0.0429515,0.0414175,-0.605727,-0.605922,2.10192,2.10192,-0.178308,-0.176774,0,-0.00306796,0.00153398,0.00153398,2.04633,2.04633,
86037.2,0.0429515,0.0414175,-0.605727,-0.605922,2.10192,2.10192,-0.178308,-0.176774,0,-0.00306796,0.00153398,0.00153398,2.04633,2.04633,
86057.2,0.0429515,0.0414175,-0.605727,-0.605922,2.10192,2.10192,-0.178308,-0.176774,0,-0.00306796,0.00153398,0.00153398,2.04633,2.04633,
86077.3,0.0429515,0.0414175,-0.605727,-0.605922,2.10192,2.10192,-0.178308,-0.176774,0,-0.00306796,0.00153398,0.00153398,2.04633,2.04633,
86097.3,0.0429515,0.0414175,-0.605727,-0.605922,2.10192,2.10192,-0.178308,-0.176774,0,-0.00306796,0.00153398,0.00153398,2.04633,2.04633,
86117.3,0.0429515,0.0414175,-0.605727,-0.605922,2.10192,2.10192,-0.178308,-0.176774,0,-0.00153398,0.00153398,0.00153398,2.04633,2.04633,
86137.3,0.0429515,0.0414175,-0.605727,-0.605922,2.10192,2.10192,-0.178308,-0.176774,0,-0.00153398,0.00153398,0.00153398,2.04633,2.04633,
86157.2,0.0429515,0.0414175,-0.605727,-0.605922,2.10192,2.10192,-0.178308,-0.176774,0,-0.00153398,0.00153398,0.00153398,2.04633,2.04633,
86177.2,0.0429515,0.0414175,-0.605727,-0.605922,2.10192,2.10192,-0.178308,-0.176774,0,-0.00153398,0.00153398,0.00153398,2.04633,2.04633,
86197.3,0.0429515,0.0414175,-0.605727,-0.605922,2.10192,2.10192,-0.178308,-0.176774,0,-0.00153398,0.00153398,0.00153398,2.04633,2.04633,
86217.2,0.0429515,0.0414175,-0.605727,-0.605922,2.10192,2.10192,-0.178308,-0.176774,0,-0.00153398,0.00153398,0.00153398,2.04633,2.04633,
86237.3,0.0429515,0.0414175,-0.605727,-0.605922,2.10192,2.10192,-0.178308,-0.176774,0,-0.00153398,0.00153398,0.00153398,2.04633,2.04633,
86257.3,0.0429515,0.0414175,-0.605727,-0.605922,2.10192,2.10192,-0.178308,-0.176774,0,-0.00153398,0.00153398,0.00153398,2.04633,2.04633,
86277.3,0.0429515,0.0414175,-0.605727,-0.605922,2.10192,2.10192,-0.178308,-0.176774,0,-0.00153398,0.00153398,0.00153398,2.04633,2.04633,
86297.3,0.0429515,0.0414175,-0.605727,-0.605922,2.10192,2.10192,-0.178308,-0.176774,0,-0.00153398,0.00153398,0.00153398,2.04633,2.04633,
86317.3,0.0429515,0.0414175,-0.605727,-0.605922,2.10192,2.10192,-0.178308,-0.176774,0,-0.00306796,0.00153398,0.00153398,2.04633,2.04633,
86337.3,0.0429515,0.0414175,-0.605727,-0.605922,2.10192,2.10192,-0.178308,-0.176774,0,-0.00306796,0.00153398,0.00153398,2.04633,2.04633,
86357.4,0.0429515,0.0414175,-0.605727,-0.605922,2.10192,2.10192,-0.178308,-0.176774,0,-0.00306796,0.00153398,0.00153398,2.04633,2.04633,
86377.7,0.0429515,0.0414175,-0.605727,-0.605922,2.10192,2.10192,-0.178308,-0.176774,0,-0.00306796,0.00153398,0.00153398,2.04633,2.04633,
86397.3,0.0429515,0.0414175,-0.605727,-0.605922,2.10192,2.10192,-0.178308,-0.176774,0,-0.00306796,0.00153398,0.00153398,2.04633,2.04633,
86417.3,0.0429515,0.0414175,-0.605727,-0.605922,2.10192,2.10192,-0.178308,-0.176774,0,-0.00153398,0.00153398,0.00153398,2.04633,2.04633,
86437.2,0.0429515,0.0414175,-0.605727,-0.605922,2.10192,2.10192,-0.178308,-0.176774,0,-0.00153398,0.00153398,0.00153398,2.04633,2.04633,
86457.2,0.0429515,0.0414175,-0.605727,-0.605922,2.10192,2.10192,-0.178308,-0.176774,0,-0.00153398,0.00153398,0.00153398,2.04633,2.04633,
86477.2,0.0429515,0.0414175,-0.605727,-0.605922,2.10192,2.10192,-0.178308,-0.176774,0,-0.00153398,0.00153398,0.00153398,2.04633,2.04633,
86498,0.0429515,0.0414175,-0.605727,-0.605922,2.10192,2.10192,-0.178308,-0.176774,0,-0.00153398,0.00153398,0.00153398,2.04633,2.04633,
86517.2,0.0429515,0.0414175,-0.605727,-0.605922,2.10192,2.10192,-0.178308,-0.176774,0,-0.00153398,0.00153398,0.00153398,2.04633,2.04633,
86539.7,0.0429515,0.0414175,-0.605727,-0.605922,2.10192,2.10192,-0.178308,-0.176774,0,-0.00153398,0.00153398,0.00153398,2.04633,2.04633,
86557.2,0.0429515,0.0414175,-0.605727,-0.605922,2.10192,2.10192,-0.178308,-0.176774,0,-0.00153398,0.00153398,0.00153398,2.04633,2.04633,
86577.2,0.0429515,0.0414175,-0.605727,-0.605922,2.10192,2.10192,-0.178308,-0.176774,0,-0.00153398,0.00153398,0.00153398,2.04633,2.04633,
86597.2,0.0429515,0.0414175,-0.605727,-0.605922,2.10192,2.10192,-0.178308,-0.176774,0,-0.00153398,0.00153398,0.00153398,2.04633,2.04633,
86617.2,0.0429515,0.0414175,-0.605727,-0.605922,2.10192,2.10192,-0.178308,-0.176774,0,-0.00153398,0.00153398,0.00153398,2.04633,2.04633,
86637.2,0.0429515,0.0414175,-0.605727,-0.605922,2.10192,2.10192,-0.178308,-0.176774,0,-0.00153398,0.00153398,0.00153398,2.04633,2.04633,
86657.3,0.0429515,0.0414175,-0.605727,-0.605922,2.10192,2.10192,-0.178308,-0.176774,0,-0.00153398,0.00153398,0.00153398,2.04633,2.04633,
86677.2,0.0429515,0.0414175,-0.605727,-0.605922,2.10192,2.10192,-0.178308,-0.176774,0,-0.00153398,0.00153398,0.00153398,2.04633,2.04633,
86697.2,0.0429515,0.0414175,-0.605727,-0.605922,2.10192,2.10192,-0.178308,-0.176774,0,-0.00153398,0.00153398,0.00153398,2.04633,2.04633,
86717.2,0.0429515,0.0414175,-0.605727,-0.605922,2.10192,2.10192,-0.178308,-0.176774,0,-0.00153398,0.00153398,0.00153398,2.04633,2.04633,
86737.2,0.0429515,0.0414175,-0.605727,-0.605922,2.10192,2.10192,-0.178308,-0.176774,0,-0.00153398,0.00153398,0.00153398,2.04633,2.04633,
86757.3,0.0429515,0.0414175,-0.605727,-0.605922,2.10192,2.10192,-0.178308,-0.176774,0,-0.00153398,0.00153398,0.00153398,2.04633,2.04633,
86777.3,0.0429515,0.0414175,-0.605727,-0.605922,2.10192,2.10192,-0.178308,-0.176774,0,-0.00153398,0.00153398,0.00153398,2.04633,2.04633,
86797.1,0.0429515,0.0414175,-0.605727,-0.605922,2.10192,2.10192,-0.178308,-0.176774,0,-0.00153398,0.00153398,0.00153398,2.04633,2.04633,
86817.4,0.0429515,0.0414175,-0.605727,-0.605922,2.10192,2.10192,-0.178308,-0.176774,0,-0.00153398,0.00153398,0.00153398,2.04633,2.04633,
86837.2,0.0429515,0.0414175,-0.605727,-0.605922,2.10192,2.10192,-0.178308,-0.176774,0,-0.00153398,0.00153398,0.00153398,2.04633,2.04633,
86857.3,0.0429515,0.0414175,-0.605727,-0.605922,2.10192,2.10192,-0.178308,-0.176774,0,-0.00153398,0.00153398,0.00153398,2.04633,2.04633,
86877.4,0.0429515,0.0414175,-0.605727,-0.605922,2.10192,2.10192,-0.178308,-0.176774,0,-0.00153398,0.00153398,0.00153398,2.04633,2.04633,
86897.2,0.0429515,0.0414175,-0.605727,-0.605922,2.10192,2.10192,-0.178308,-0.176774,0,-0.00153398,0.00153398,0.00153398,2.04633,2.04633,
86917.2,0.0429515,0.0414175,-0.605727,-0.605922,2.10192,2.10192,-0.178308,-0.176774,0,-0.00153398,0.00153398,0.00153398,2.04633,2.04633,
86937.2,0.0429515,0.0414175,-0.605727,-0.605922,2.10192,2.09885,-0.178308,-0.176774,0,-0.00153398,0.00153398,0.00153398,2.04633,2.04633,
86957.2,0.0429515,0.0414175,-0.605727,-0.605922,2.10192,2.09885,-0.178308,-0.176774,0,-0.00153398,0.00153398,0.00153398,2.04633,2.04633,
86977.2,0.0429515,0.0414175,-0.605727,-0.605922,2.10192,2.09885,-0.178308,-0.176774,0,-0.00153398,0.00153398,0.00153398,2.04633,2.04633,
86997.3,0.0429515,0.0414175,-0.605727,-0.605922,2.10192,2.09885,-0.178308,-0.176774,0,-0.00153398,0.00153398,0.00153398,2.04633,2.04633,
87017.2,0.0429515,0.0414175,-0.605727,-0.605922,2.10192,2.09885,-0.178308,-0.176774,0,-0.00153398,0.00153398,0.00153398,2.04633,2.04633,
87037.2,0.0429515,0.0414175,-0.605727,-0.605922,2.10192,2.09885,-0.178308,-0.176774,0,-0.00153398,0.00153398,0.00153398,2.04633,2.04633,
87057.2,0.0429515,0.0414175,-0.605727,-0.605922,2.10192,2.10192,-0.178308,-0.176774,0,-0.00153398,0.00153398,0.00153398,2.04633,2.04633,
87077.2,0.0429515,0.0414175,-0.605727,-0.605922,2.10192,2.10192,-0.178308,-0.176774,0,-0.00153398,0.00153398,0.00153398,2.04633,2.04633,
87097.2,0.0429515,0.0414175,-0.605727,-0.605922,2.10192,2.10192,-0.178308,-0.176774,0,-0.00153398,0.00153398,0.00153398,2.04633,2.04633,
87117.2,0.0429515,0.0414175,-0.605727,-0.605922,2.10192,2.09885,-0.178308,-0.176774,0,-0.00153398,0.00153398,0.00153398,2.04633,2.04633,
87137.2,0.0429515,0.0414175,-0.605727,-0.605922,2.10192,2.09885,-0.178308,-0.176774,0,-0.00153398,0.00153398,0.00153398,2.04633,2.04633,
87157.3,0.0429515,0.0414175,-0.605727,-0.605922,2.10192,2.09885,-0.178308,-0.176774,0,-0.00153398,0.00153398,0.00153398,2.04633,2.04633,
87177.2,0.0429515,0.0414175,-0.605727,-0.605922,2.10192,2.09885,-0.178308,-0.176774,0,-0.00153398,0.00153398,0.00153398,2.04633,2.04633,
87197.3,0.0429515,0.0414175,-0.605727,-0.605922,2.10192,2.10192,-0.178308,-0.176774,0,-0.00153398,0.00153398,0.00153398,2.04633,2.04633,
87217.2,0.0429515,0.0414175,-0.605727,-0.605922,2.10192,2.10192,-0.178308,-0.176774,0,-0.00153398,0.00153398,0.00153398,2.04633,2.04633,
87237.3,0.0429515,0.0414175,-0.605727,-0.605922,2.10192,2.10192,-0.178308,-0.176774,0,-0.00153398,0.00153398,0.00153398,2.04633,2.04633,
87257.2,0.0429515,0.0414175,-0.605727,-0.605922,2.10192,2.10192,-0.178308,-0.176774,0,-0.00153398,0.00153398,0.00153398,2.04633,2.04633,
87277.3,0.0429515,0.0414175,-0.605727,-0.605922,2.10192,2.10192,-0.178308,-0.176774,0,-0.00153398,0.00153398,0.00153398,2.04633,2.04633,
87297.4,0.0429515,0.0414175,-0.605727,-0.605922,2.10192,2.10192,-0.178308,-0.176774,0,-0.00153398,0.00153398,0.00153398,2.04633,2.04633,
87317.3,0.0429515,0.0414175,-0.605727,-0.605922,2.10192,2.10192,-0.178308,-0.176774,0,-0.00153398,0.00153398,0.00153398,2.04633,2.04633,
87337.3,0.0429515,0.0414175,-0.605727,-0.605922,2.10192,2.10192,-0.178308,-0.176774,0,-0.00153398,0.00153398,0.00153398,2.04633,2.04633,
87357.3,0.0429515,0.0414175,-0.605727,-0.605922,2.10192,2.10192,-0.178308,-0.176774,0,-0.00153398,0.00153398,0.00153398,2.04633,2.04633,
87377.2,0.0429515,0.0414175,-0.605727,-0.605922,2.10192,2.10192,-0.178308,-0.176774,0,-0.00153398,0.00153398,0.00153398,2.04633,2.04633,
87397.3,0.0429515,0.0414175,-0.605727,-0.605922,2.10192,2.10192,-0.178308,-0.176774,0,-0.00153398,0.00153398,0.00153398,2.04633,2.04633,
87417.2,0.0429515,0.0414175,-0.605727,-0.605922,2.10192,2.10192,-0.178308,-0.176774,0,-0.00153398,0.00153398,0.00153398,2.04633,2.04633,
87437.2,0.0429515,0.0414175,-0.605727,-0.605922,2.10192,2.10192,-0.178308,-0.176774,0,-0.00153398,0.00153398,0.00153398,2.04633,2.04633,
87457.2,0.0429515,0.0414175,-0.605727,-0.605922,2.10192,2.10192,-0.178308,-0.176774,0,-0.00153398,0.00153398,0.00153398,2.04633,2.04633,
87477.3,0.0429515,0.0414175,-0.605727,-0.605922,2.10192,2.10192,-0.178308,-0.176774,0,-0.00153398,0.00153398,0.00153398,2.04633,2.04633,
87497.2,0.0429515,0.0414175,-0.605727,-0.605922,2.10192,2.10192,-0.178308,-0.176774,0,-0.00153398,0.00153398,0.00153398,2.04633,2.04633,
87517.2,0.0429515,0.0414175,-0.605727,-0.605922,2.10192,2.10192,-0.178308,-0.176774,0,-0.00153398,0.00153398,0.00153398,2.04633,2.04633,
87537.2,0.0429515,0.0414175,-0.605727,-0.605922,2.10192,2.10192,-0.178308,-0.176774,0,-0.00153398,0.00153398,0.00153398,2.04633,2.04633,
87557.3,0.0429515,0.0414175,-0.605727,-0.605922,2.10192,2.10192,-0.178308,-0.176774,0,-0.00153398,0.00153398,0.00153398,2.04633,2.04633,
87577.3,0.0429515,0.0414175,-0.605727,-0.605922,2.10192,2.10192,-0.178308,-0.176774,0,-0.00153398,0.00153398,0.00153398,2.04633,2.04633,
87597.3,0.0429515,0.0414175,-0.605727,-0.605922,2.10192,2.10192,-0.178308,-0.176774,0,-0.00153398,0.00153398,0.00153398,2.04633,2.04633,
87617.3,0.0429515,0.0414175,-0.605727,-0.605922,2.10192,2.10192,-0.178308,-0.176774,0,-0.00153398,0.00153398,0.00153398,2.04633,2.04633,
87637.3,0.0429515,0.0414175,-0.605727,-0.605922,2.10192,2.10192,-0.178308,-0.176774,0,-0.00153398,0.00153398,0.00153398,2.04633,2.04633,
87657.3,0.0429515,0.0414175,-0.605727,-0.605922,2.10192,2.10192,-0.178308,-0.176774,0,-0.00153398,0.00153398,0.00153398,2.04633,2.04633,
87677.3,0.0429515,0.0414175,-0.605727,-0.605922,2.10192,2.10192,-0.178308,-0.176774,0,-0.00153398,0.00153398,0.00153398,2.04633,2.04633,
87697.3,0.0429515,0.0414175,-0.605727,-0.605922,2.10192,2.10192,-0.178308,-0.176774,0,-0.00153398,0.00153398,0.00153398,2.04633,2.04633,
87717.2,0.0429515,0.0414175,-0.605727,-0.605922,2.10192,2.10192,-0.178308,-0.176774,0,-0.00153398,0.00153398,0.00153398,2.04633,2.04633,
87737.3,0.0429515,0.0414175,-0.605727,-0.605922,2.10192,2.10192,-0.178308,-0.176774,0,-0.00153398,0.00153398,0.00153398,2.04633,2.04633,
87757.3,0.0429515,0.0414175,-0.605727,-0.605922,2.10192,2.10192,-0.178308,-0.176774,0,-0.00153398,0.00153398,0.00153398,2.04633,2.04633,
87777.3,0.0429515,0.0414175,-0.605727,-0.605922,2.10192,2.10192,-0.178308,-0.176774,0,-0.00153398,0.00153398,0.00153398,2.04633,2.04633,
87797.4,0.0429515,0.0414175,-0.605727,-0.605922,2.10192,2.10192,-0.178308,-0.176774,0,-0.00153398,0.00153398,0.00153398,2.04633,2.04633,
87817.3,0.0429515,0.0414175,-0.605727,-0.605922,2.10192,2.10192,-0.178308,-0.176774,0,-0.00153398,0.00153398,0.00153398,2.04633,2.04633,
87837.2,0.0429515,0.0414175,-0.605727,-0.605922,2.10192,2.10192,-0.178308,-0.176774,0,-0.00153398,0.00153398,0.00153398,2.04633,2.04633,
87857.3,0.0429515,0.0414175,-0.605727,-0.605922,2.10192,2.10192,-0.178308,-0.176774,0,-0.00153398,0.00153398,0.00153398,2.04633,2.04633,
87877.2,0.0429515,0.0414175,-0.605727,-0.605922,2.10192,2.10192,-0.178308,-0.176774,0,-0.00153398,0.00153398,0.00153398,2.04633,2.04633,
87897.3,0.0429515,0.0414175,-0.605727,-0.605922,2.10192,2.10192,-0.178308,-0.176774,0,-0.00153398,0.00153398,0.00153398,2.04633,2.04633,
87917.3,0.0429515,0.0414175,-0.605727,-0.605922,2.10192,2.10192,-0.178308,-0.17524,0,-0.00153398,0.00153398,0.00153398,2.04633,2.04633,
87937.3,0.0429515,0.0414175,-0.605727,-0.605922,2.10192,2.10192,-0.178308,-0.17524,0,-0.00153398,0.00153398,0.00153398,2.04633,2.04633,
87957.3,0.0429515,0.0414175,-0.605727,-0.605922,2.10192,2.10192,-0.178308,-0.17524,0,-0.00153398,0.00153398,0.00153398,2.04633,2.04633,
87977.4,0.0429515,0.0414175,-0.605727,-0.605922,2.10192,2.10192,-0.178308,-0.17524,0,-0.00153398,0.00153398,0.00153398,2.04633,2.04633,
87997.3,0.0429515,0.0414175,-0.605727,-0.605922,2.10192,2.10192,-0.178308,-0.17524,0,-0.00153398,0.00153398,0.00153398,2.04633,2.04633,
88017.3,0.0429515,0.0414175,-0.605727,-0.605922,2.10192,2.10192,-0.178308,-0.176774,0,-0.00153398,0.00153398,0.00153398,2.04633,2.04633,
88037.4,0.0429515,0.0414175,-0.605727,-0.605922,2.10192,2.10192,-0.178308,-0.176774,0,-0.00153398,0.00153398,0.00153398,2.04633,2.04633,
88057.4,0.0429515,0.0414175,-0.605727,-0.605922,2.10192,2.10192,-0.178308,-0.176774,0,-0.00153398,0.00153398,0.00153398,2.04633,2.04633,
88077.3,0.0429515,0.0414175,-0.605727,-0.605922,2.10192,2.10192,-0.178308,-0.176774,0,-0.00153398,0.00153398,0.00153398,2.04633,2.04633,
88097.4,0.0429515,0.0414175,-0.605727,-0.605922,2.10192,2.10192,-0.178308,-0.176774,0,-0.00153398,0.00153398,0.00153398,2.04633,2.04633,
88117.3,0.0429515,0.0414175,-0.605727,-0.605922,2.10192,2.10192,-0.178308,-0.176774,0,-0.00153398,0.00153398,0.00153398,2.04633,2.04633,
88137.3,0.0429515,0.0414175,-0.605727,-0.605922,2.10192,2.10192,-0.178308,-0.176774,0,-0.00153398,0.00153398,0.00153398,2.04633,2.04633,
88157.3,0.0429515,0.0414175,-0.605727,-0.605922,2.10192,2.10192,-0.178308,-0.176774,0,-0.00153398,0.00153398,0.00153398,2.04633,2.04633,
88177.4,0.0429515,0.0414175,-0.605727,-0.605922,2.10192,2.10192,-0.178308,-0.176774,0,-0.00153398,0.00153398,0.00153398,2.04633,2.04633,
88197.3,0.0429515,0.0414175,-0.605727,-0.605922,2.10192,2.10192,-0.178308,-0.176774,0,-0.00153398,0.00153398,0.00153398,2.04633,2.04633,
88217.3,0.0429515,0.0414175,-0.605727,-0.605922,2.10192,2.10192,-0.178308,-0.176774,0,-0.00153398,0.00153398,0.00153398,2.04633,2.04633,
88237.2,0.0429515,0.0414175,-0.605727,-0.605922,2.10192,2.10192,-0.178308,-0.176774,0,-0.00153398,0.00153398,0.00153398,2.04633,2.04633,
88257.3,0.0429515,0.0414175,-0.605727,-0.605922,2.10192,2.10192,-0.178308,-0.176774,0,-0.00153398,0.00153398,0.00153398,2.04633,2.04633,
88277.3,0.0429515,0.0414175,-0.605727,-0.605922,2.10192,2.10192,-0.178308,-0.176774,0,-0.00153398,0.00153398,0.00153398,2.04633,2.04633,
88297.2,0.0429515,0.0414175,-0.605727,-0.605922,2.10192,2.10192,-0.178308,-0.176774,0,-0.00153398,0.00153398,0.00153398,2.04633,2.04633,
88317.2,0.0429515,0.0414175,-0.605727,-0.605922,2.10192,2.10192,-0.178308,-0.176774,0,-0.00153398,0.00153398,0.00153398,2.04633,2.04633,
88337.3,0.0429515,0.0414175,-0.605727,-0.605922,2.10192,2.10192,-0.178308,-0.176774,0,-0.00153398,0.00153398,0.00153398,2.04633,2.04633,
88357.3,0.0429515,0.0414175,-0.605727,-0.605922,2.10192,2.10192,-0.178308,-0.176774,0,-0.00153398,0.00153398,0.00153398,2.04633,2.04633,
88377.3,0.0429515,0.0414175,-0.605727,-0.605922,2.10192,2.10192,-0.178308,-0.176774,0,-0.00153398,0.00153398,0.00153398,2.04633,2.04633,
88397.3,0.0429515,0.0414175,-0.605727,-0.605922,2.10192,2.10192,-0.178308,-0.176774,0,-0.00153398,0.00153398,0.00153398,2.04633,2.04633,
88417.3,0.0429515,0.0414175,-0.605727,-0.605922,2.10192,2.10192,-0.178308,-0.176774,0,-0.00153398,0.00153398,0.00153398,2.04633,2.04633,
88437.3,0.0429515,0.0414175,-0.605727,-0.605922,2.10192,2.10192,-0.178308,-0.176774,0,-0.00153398,0.00153398,0.00153398,2.04633,2.04633,
88457.3,0.0429515,0.0414175,-0.605727,-0.605922,2.10192,2.10192,-0.178308,-0.176774,0,-0.00153398,0.00153398,0.00153398,2.04633,2.04633,
88477.4,0.0429515,0.0414175,-0.605727,-0.605922,2.10192,2.10192,-0.178308,-0.176774,0,-0.00153398,0.00153398,0.00153398,2.04633,2.04633,
88497.3,0.0429515,0.0414175,-0.605727,-0.605922,2.10192,2.10192,-0.178308,-0.176774,0,-0.00153398,0.00153398,0.00153398,2.04633,2.04633,
88517.4,0.0429515,0.0414175,-0.605727,-0.605922,2.10192,2.10192,-0.178308,-0.176774,0,-0.00153398,0.00153398,0.00153398,2.04633,2.04633,
88537.4,0.0429515,0.0414175,-0.605727,-0.605922,2.10192,2.10192,-0.178308,-0.176774,0,-0.00153398,0.00153398,0.00153398,2.04633,2.04633,
88557.3,0.0429515,0.0414175,-0.605727,-0.605922,2.10192,2.10192,-0.178308,-0.176774,0,-0.00153398,0.00153398,0.00153398,2.04633,2.04633,
88577.3,0.0429515,0.0414175,-0.605727,-0.605922,2.10192,2.10192,-0.178308,-0.176774,0,-0.00153398,0.00153398,0.00153398,2.04633,2.04633,
88597.3,0.0429515,0.0414175,-0.605727,-0.605922,2.10192,2.10192,-0.178308,-0.176774,0,-0.00153398,0.00153398,0.00153398,2.04633,2.04633,
88617.3,0.0429515,0.0414175,-0.605727,-0.605922,2.10192,2.10192,-0.178308,-0.17524,0,-0.00153398,0.00153398,0.00153398,2.04633,2.04633,
88637.2,0.0429515,0.0414175,-0.605727,-0.605922,2.10192,2.10192,-0.178308,-0.17524,0,-0.00153398,0.00153398,0.00153398,2.04633,2.04633,
88657.4,0.0429515,0.0414175,-0.605727,-0.605922,2.10192,2.10192,-0.178308,-0.17524,0,-0.00153398,0.00153398,0.00153398,2.04633,2.04633,
88677.4,0.0429515,0.0414175,-0.605727,-0.605922,2.10192,2.10192,-0.178308,-0.17524,0,-0.00153398,0.00153398,0.00153398,2.04633,2.04633,
88697.4,0.0429515,0.0414175,-0.605727,-0.605922,2.10192,2.10192,-0.178308,-0.17524,0,-0.00153398,0.00153398,0.00153398,2.04633,2.04633,
88717.3,0.0429515,0.0414175,-0.605727,-0.605922,2.10192,2.10192,-0.178308,-0.17524,0,-0.00153398,0.00153398,0.00153398,2.04633,2.04633,
88737.4,0.0429515,0.0414175,-0.605727,-0.605922,2.10192,2.10192,-0.178308,-0.17524,0,-0.00153398,0.00153398,0.00153398,2.04633,2.04633,
88757.4,0.0429515,0.0414175,-0.605727,-0.605922,2.10192,2.10192,-0.178308,-0.17524,0,-0.00153398,0.00153398,0.00153398,2.04633,2.04633,
88777.3,0.0429515,0.0414175,-0.605727,-0.605922,2.10192,2.10192,-0.178308,-0.17524,0,-0.00153398,0.00153398,0.00153398,2.04633,2.04633,
88797.4,0.0429515,0.0414175,-0.605727,-0.605922,2.10192,2.10192,-0.178308,-0.176774,0,-0.00153398,0.00153398,0.00153398,2.04633,2.04633,
88817.4,0.0429515,0.0414175,-0.605727,-0.605922,2.10192,2.10192,-0.178308,-0.176774,0,-0.00153398,0.00153398,0.00153398,2.04633,2.04633,
88837.3,0.0429515,0.0414175,-0.605727,-0.605922,2.10192,2.10192,-0.178308,-0.176774,0,-0.00153398,0.00153398,0.00153398,2.04633,2.04633,
88857.3,0.0429515,0.0414175,-0.605727,-0.605922,2.10192,2.10192,-0.178308,-0.176774,0,-0.00153398,0.00153398,0.00153398,2.04633,2.04633,
88877.3,0.0429515,0.0414175,-0.605727,-0.605922,2.10192,2.10192,-0.178308,-0.176774,0,-0.00153398,0.00153398,0.00153398,2.04633,2.04633,
88897.4,0.0429515,0.0414175,-0.605727,-0.605922,2.10192,2.10192,-0.178308,-0.176774,0,-0.00153398,0.00153398,0.00153398,2.04633,2.04633,
88917.3,0.0429515,0.0414175,-0.605727,-0.605922,2.10192,2.10192,-0.178308,-0.176774,0,-0.00153398,0.00153398,0.00153398,2.04633,2.04633,
88937.4,0.0429515,0.0414175,-0.605727,-0.605922,2.10192,2.10192,-0.178308,-0.176774,0,-0.00153398,0.00153398,0.00153398,2.04633,2.04633,
88957.4,0.0429515,0.0414175,-0.605727,-0.605922,2.10192,2.10192,-0.178308,-0.176774,0,-0.00153398,0.00153398,0.00153398,2.04633,2.04633,
88977.3,0.0429515,0.0414175,-0.605727,-0.605922,2.10192,2.10192,-0.178308,-0.176774,0,-0.00153398,0.00153398,0.00153398,2.04633,2.04633,
88997.3,0.0429515,0.0414175,-0.605727,-0.605922,2.10192,2.10192,-0.178308,-0.176774,0,-0.00153398,0.00153398,0.00153398,2.04633,2.04633,
89017.3,0.0429515,0.0414175,-0.605727,-0.605922,2.10192,2.10192,-0.178308,-0.176774,0,-0.00153398,0.00153398,0.00153398,2.04633,2.04633,
89037.4,0.0429515,0.0414175,-0.605727,-0.605922,2.10192,2.10192,-0.178308,-0.176774,0,-0.00153398,0.00153398,0.00153398,2.04633,2.04633,
89057.3,0.0429515,0.0414175,-0.605727,-0.605922,2.10192,2.10192,-0.178308,-0.176774,0,-0.00153398,0.00153398,0.00153398,2.04633,2.04633,
89077.3,0.0429515,0.0414175,-0.605727,-0.605922,2.10192,2.10192,-0.178308,-0.176774,0,-0.00153398,0.00153398,0.00153398,2.04633,2.04633,
89097.3,0.0429515,0.0414175,-0.605727,-0.605922,2.10192,2.10192,-0.178308,-0.176774,0,-0.00153398,0.00153398,0.00153398,2.04633,2.04633,
89117.4,0.0429515,0.0414175,-0.605727,-0.605922,2.10192,2.10192,-0.178308,-0.176774,0,-0.00153398,0.00153398,0.00153398,2.04633,2.04633,
89137.4,0.0429515,0.0414175,-0.605727,-0.605922,2.10192,2.10192,-0.178308,-0.176774,0,-0.00153398,0.00153398,0.00153398,2.04633,2.04633,
89157.4,0.0429515,0.0414175,-0.605727,-0.605922,2.10192,2.10192,-0.178308,-0.176774,0,-0.00153398,0.00153398,0.00153398,2.04633,2.04633,
89177.4,0.0429515,0.0414175,-0.605727,-0.605922,2.10192,2.10192,-0.178308,-0.176774,0,-0.00153398,0.00153398,0.00153398,2.04633,2.04633,
89197.3,0.0429515,0.0414175,-0.605727,-0.605922,2.10192,2.10192,-0.178308,-0.176774,0,-0.00153398,0.00153398,0.00153398,2.04633,2.04633,
89217.3,0.0429515,0.0414175,-0.605727,-0.605922,2.10192,2.10192,-0.178308,-0.176774,0,-0.00153398,0.00153398,0.00153398,2.04633,2.04633,
89237.3,0.0429515,0.0414175,-0.605727,-0.605922,2.10192,2.10192,-0.178308,-0.176774,0,-0.00153398,0.00153398,0.00153398,2.04633,2.04633,
89257.4,0.0429515,0.0414175,-0.605727,-0.605922,2.10192,2.10192,-0.178308,-0.176774,0,-0.00153398,0.00153398,0.00153398,2.04633,2.04633,
89277.4,0.0429515,0.0414175,-0.605727,-0.605922,2.10192,2.10192,-0.178308,-0.176774,0,-0.00153398,0.00153398,0.00153398,2.04633,2.04633,
89297.3,0.0429515,0.0414175,-0.605727,-0.605922,2.10192,2.10192,-0.178308,-0.176774,0,-0.00153398,0.00153398,0.00153398,2.04633,2.04633,
89317.4,0.0429515,0.0414175,-0.605727,-0.605922,2.10192,2.10192,-0.178308,-0.176774,0,-0.00153398,0.00153398,0.00153398,2.04633,2.04633,
89337.3,0.0429515,0.0414175,-0.605727,-0.605922,2.10192,2.10192,-0.178308,-0.176774,0,-0.00153398,0.00153398,0.00153398,2.04633,2.04633,
89357.4,0.0429515,0.0414175,-0.605727,-0.605922,2.10192,2.10192,-0.178308,-0.176774,0,-0.00153398,0.00153398,0.00153398,2.04633,2.04633,
89377.4,0.0429515,0.0414175,-0.605727,-0.605922,2.10192,2.10192,-0.178308,-0.176774,0,-0.00153398,0.00153398,0.00153398,2.04633,2.04633,
89397.3,0.0429515,0.0414175,-0.605727,-0.605922,2.10192,2.10192,-0.178308,-0.176774,0,-0.00153398,0.00153398,0.00153398,2.04633,2.04633,
89417.3,0.0429515,0.0414175,-0.605727,-0.605922,2.10192,2.10192,-0.178308,-0.176774,0,-0.00153398,0.00153398,0.00153398,2.04633,2.04633,
89437.3,0.0429515,0.0414175,-0.605727,-0.605922,2.10192,2.10192,-0.178308,-0.176774,0,-0.00153398,0.00153398,0.00153398,2.04633,2.04633,
89457.3,0.0429515,0.0414175,-0.605727,-0.605922,2.10192,2.10192,-0.178308,-0.176774,0,-0.00153398,0.00153398,0.00153398,2.04633,2.04633,
89477.2,0.0429515,0.0414175,-0.605727,-0.605922,2.10192,2.10192,-0.178308,-0.176774,0,-0.00153398,0.00153398,0.00153398,2.04633,2.04633,
89498.9,0.0429515,0.0414175,-0.605727,-0.605922,2.10192,2.10192,-0.178308,-0.176774,0,-0.00153398,0.00153398,0.00153398,2.04633,2.04633,
89517.2,0.0429515,0.0414175,-0.605727,-0.605922,2.10192,2.10192,-0.178308,-0.176774,0,-0.00153398,0.00153398,0.00153398,2.04633,2.04633,
89537.2,0.0429515,0.0414175,-0.605727,-0.605922,2.10192,2.10192,-0.178308,-0.176774,0,-0.00153398,0.00153398,0.00153398,2.04633,2.04633,
89557.2,0.0429515,0.0414175,-0.605727,-0.605922,2.10192,2.10192,-0.178308,-0.176774,0,-0.00153398,0.00153398,0.00153398,2.04633,2.04633,
89577.2,0.0429515,0.0414175,-0.605727,-0.605922,2.10192,2.10192,-0.178308,-0.176774,0,-0.00153398,0.00153398,0.00153398,2.04633,2.04633,
89597.3,0.0429515,0.0414175,-0.605727,-0.605922,2.10192,2.09885,-0.178308,-0.176774,0,-0.00153398,0.00153398,0.00153398,2.04633,2.04633,
89617.3,0.0429515,0.0414175,-0.605727,-0.605922,2.10192,2.09885,-0.178308,-0.176774,0,-0.00153398,0.00153398,0.00153398,2.04633,2.04633,
89637.2,0.0429515,0.0414175,-0.605727,-0.605922,2.10192,2.09885,-0.178308,-0.176774,0,-0.00153398,0.00153398,0.00153398,2.04633,2.04633,
89657.3,0.0429515,0.0414175,-0.605727,-0.605922,2.10192,2.09885,-0.178308,-0.176774,0,-0.00153398,0.00153398,0.00153398,2.04633,2.04633,
89677.3,0.0429515,0.0414175,-0.605727,-0.605922,2.10192,2.09885,-0.178308,-0.176774,0,-0.00153398,0.00153398,0.00153398,2.04633,2.04633,
89697.3,0.0429515,0.0414175,-0.605727,-0.605922,2.10192,2.09885,-0.178308,-0.176774,0,-0.00153398,0.00153398,0.00153398,2.04633,2.04633,
89717.3,0.0429515,0.0414175,-0.605727,-0.605922,2.10192,2.09885,-0.178308,-0.176774,0,-0.00153398,0.00153398,0.00153398,2.04633,2.04633,
89737.3,0.0429515,0.0414175,-0.605727,-0.605922,2.10192,2.09885,-0.178308,-0.176774,0,-0.00153398,0.00153398,0.00153398,2.04633,2.04633,
89757.4,0.0429515,0.0414175,-0.605727,-0.605922,2.10192,2.09885,-0.178308,-0.176774,0,-0.00153398,0.00153398,0.00153398,2.04633,2.04633,
89777.4,0.0429515,0.0414175,-0.605727,-0.605922,2.10192,2.09885,-0.178308,-0.176774,0,-0.00153398,0.00153398,0.00153398,2.04633,2.04633,
89797.3,0.0429515,0.0414175,-0.605727,-0.605922,2.10192,2.09885,-0.178308,-0.176774,0,-0.00153398,0.00153398,0.00153398,2.04633,2.04633,
89817.3,0.0429515,0.0414175,-0.605727,-0.605922,2.10192,2.10192,-0.178308,-0.176774,0,-0.00153398,0.00153398,0.00153398,2.04633,2.04633,
89837.2,0.0429515,0.0414175,-0.605727,-0.605922,2.10192,2.10192,-0.178308,-0.176774,0,-0.00153398,0.00153398,0.00153398,2.04633,2.04633,
89857.2,0.0429515,0.0414175,-0.605727,-0.605922,2.10192,2.10192,-0.178308,-0.176774,0,-0.00153398,0.00153398,0.00153398,2.04633,2.04633,
89877.3,0.0429515,0.0414175,-0.605727,-0.605922,2.10192,2.10192,-0.178308,-0.176774,0,-0.00153398,0.00153398,0.00153398,2.04633,2.04633,
89897.3,0.0429515,0.0414175,-0.605727,-0.605922,2.10192,2.10192,-0.178308,-0.176774,0,-0.00153398,0.00153398,0.00153398,2.04633,2.04633,
89917.3,0.0429515,0.0414175,-0.605727,-0.605922,2.10192,2.10192,-0.178308,-0.176774,0,-0.00153398,0.00153398,0.00153398,2.04633,2.04633,
89937.2,0.0429515,0.0414175,-0.605727,-0.605922,2.10192,2.10192,-0.178308,-0.176774,0,-0.00153398,0.00153398,0.00153398,2.04633,2.04633,
89957.3,0.0429515,0.0414175,-0.605727,-0.605922,2.10192,2.10192,-0.178308,-0.176774,0,-0.00153398,0.00153398,0.00153398,2.04633,2.04633,
89977.3,0.0429515,0.0414175,-0.605727,-0.605922,2.10192,2.10192,-0.178308,-0.176774,0,-0.00153398,0.00153398,0.00153398,2.04633,2.04633,
89997.3,0.0429515,0.0414175,-0.605727,-0.605922,2.10192,2.10192,-0.178308,-0.176774,0,-0.00153398,0.00153398,0.00153398,2.04633,2.04633,
90017.3,0.0429515,0.0414175,-0.605727,-0.605922,2.10192,2.10192,-0.178308,-0.176774,0,-0.00153398,0.00153398,0.00153398,2.04633,2.04633,
90037.3,0.0429515,0.0414175,-0.605727,-0.605922,2.10192,2.10192,-0.178308,-0.176774,0,-0.00153398,0.00153398,0.00153398,2.04633,2.04633,
90057.3,0.0429515,0.0414175,-0.605727,-0.605922,2.10192,2.10192,-0.178308,-0.176774,0,-0.00153398,0.00153398,0.00153398,2.04633,2.04633,
90077.4,0.0429515,0.0414175,-0.605727,-0.605922,2.10192,2.10192,-0.178308,-0.176774,0,-0.00153398,0.00153398,0.00153398,2.04633,2.04633,
90097.4,0.0429515,0.0414175,-0.605727,-0.605922,2.10192,2.10192,-0.178308,-0.176774,0,-0.00153398,0.00153398,0.00153398,2.04633,2.04633,
90117.4,0.0429515,0.0414175,-0.605727,-0.605922,2.10192,2.10192,-0.178308,-0.176774,0,-0.00153398,0.00153398,0.00153398,2.04633,2.04633,
90137.3,0.0429515,0.0414175,-0.605727,-0.605922,2.10192,2.10192,-0.178308,-0.176774,0,-0.00153398,0.00153398,0.00153398,2.04633,2.04633,
90157.3,0.0429515,0.0414175,-0.605727,-0.605922,2.10192,2.10192,-0.178308,-0.176774,0,-0.00153398,0.00153398,0.00153398,2.04633,2.04633,
90177.3,0.0429515,0.0414175,-0.605727,-0.605922,2.10192,2.10192,-0.178308,-0.176774,0,-0.00153398,0.00153398,0.00153398,2.04633,2.04633,
90197.3,0.0429515,0.0414175,-0.605727,-0.605922,2.10192,2.10192,-0.178308,-0.176774,0,-0.00153398,0.00153398,0.00153398,2.04633,2.04633,
90217.3,0.0429515,0.0414175,-0.605727,-0.605922,2.10192,2.10192,-0.178308,-0.176774,0,-0.00153398,0.00153398,0.00153398,2.04633,2.04633,
90237.3,0.0429515,0.0414175,-0.605727,-0.605922,2.10192,2.10192,-0.178308,-0.176774,0,-0.00153398,0.00153398,0.00153398,2.04633,2.04633,
90257.2,0.0429515,0.0414175,-0.605727,-0.605922,2.10192,2.10192,-0.178308,-0.176774,0,-0.00153398,0.00153398,0.00153398,2.04633,2.04633,
90277.2,0.0429515,0.0414175,-0.605727,-0.605922,2.10192,2.10192,-0.178308,-0.176774,0,-0.00153398,0.00153398,0.00153398,2.04633,2.04633,
90297.2,0.0429515,0.0414175,-0.605727,-0.605922,2.10192,2.10192,-0.178308,-0.176774,0,-0.00153398,0.00153398,0.00153398,2.04633,2.04633,
90317.3,0.0429515,0.0414175,-0.605727,-0.605922,2.10192,2.10192,-0.178308,-0.176774,0,-0.00153398,0.00153398,0.00153398,2.04633,2.04633,
90337.3,0.0429515,0.0414175,-0.605727,-0.605922,2.10192,2.10192,-0.178308,-0.176774,0,-0.00153398,0.00153398,0.00153398,2.04633,2.04633,
90357.3,0.0429515,0.0414175,-0.605727,-0.605922,2.10192,2.10192,-0.178308,-0.176774,0,-0.00153398,0.00153398,0.00153398,2.04633,2.04633,
90377.3,0.0429515,0.0414175,-0.605727,-0.605922,2.10192,2.10192,-0.178308,-0.176774,0,-0.00153398,0.00153398,0.00153398,2.04633,2.04633,
90397.3,0.0429515,0.0414175,-0.605727,-0.605922,2.10192,2.10192,-0.178308,-0.176774,0,-0.00153398,0.00153398,0.00153398,2.04633,2.04633,
90417.3,0.0429515,0.0414175,-0.605727,-0.605922,2.10192,2.09885,-0.178308,-0.176774,0,-0.00153398,0.00153398,0.00153398,2.04633,2.04633,
90437.3,0.0429515,0.0414175,-0.605727,-0.605922,2.10192,2.09885,-0.178308,-0.176774,0,-0.00153398,0.00153398,0.00153398,2.04633,2.04633,
90457.3,0.0429515,0.0414175,-0.605727,-0.605922,2.10192,2.09885,-0.178308,-0.176774,0,-0.00153398,0.00153398,0.00153398,2.04633,2.04633,
90477.3,0.0429515,0.0414175,-0.605727,-0.605922,2.10192,2.09885,-0.178308,-0.176774,0,-0.00153398,0.00153398,0.00153398,2.04633,2.04633,
90497.2,0.0429515,0.0414175,-0.605727,-0.605922,2.10192,2.10192,-0.178308,-0.176774,0,-0.00153398,0.00153398,0.00153398,2.04633,2.04633,
90517.3,0.0429515,0.0414175,-0.605727,-0.605922,2.10192,2.10192,-0.178308,-0.176774,0,-0.00153398,0.00153398,0.00153398,2.04633,2.04633,
90537.3,0.0429515,0.0414175,-0.605727,-0.605922,2.10192,2.10192,-0.178308,-0.176774,0,-0.00153398,0.00153398,0.00153398,2.04633,2.04633,
90557.3,0.0429515,0.0414175,-0.605727,-0.605922,2.10192,2.10192,-0.178308,-0.176774,0,-0.00153398,0.00153398,0.00153398,2.04633,2.04633,
90577.3,0.0429515,0.0414175,-0.605727,-0.605922,2.10192,2.10192,-0.178308,-0.176774,0,-0.00153398,0.00153398,0.00153398,2.04633,2.04633,
90597.3,0.0429515,0.0414175,-0.605727,-0.605922,2.10192,2.10192,-0.178308,-0.176774,0,-0.00153398,0.00153398,0.00153398,2.04633,2.04633,
90617.3,0.0429515,0.0414175,-0.605727,-0.605922,2.10192,2.10192,-0.178308,-0.176774,0,-0.00153398,0.00153398,0.00153398,2.04633,2.04633,
90637.3,0.0429515,0.0414175,-0.605727,-0.605922,2.10192,2.10192,-0.178308,-0.176774,0,-0.00153398,0.00153398,0.00153398,2.04633,2.04633,
90657.2,0.0429515,0.0414175,-0.605727,-0.605922,2.10192,2.10192,-0.178308,-0.176774,0,-0.00153398,0.00153398,0.00153398,2.04633,2.04633,
90677.2,0.0429515,0.0414175,-0.605727,-0.605922,2.10192,2.10192,-0.178308,-0.176774,0,-0.00153398,0.00153398,0.00153398,2.04633,2.04633,
90697.2,0.0429515,0.0414175,-0.605727,-0.605922,2.10192,2.10192,-0.178308,-0.176774,0,-0.00153398,0.00153398,0.00153398,2.04633,2.04633,
90717.3,0.0429515,0.0414175,-0.605727,-0.605922,2.10192,2.10192,-0.178308,-0.17524,0,-0.00153398,0.00153398,0.00153398,2.04633,2.04633,
90737.3,0.0429515,0.0414175,-0.605727,-0.605922,2.10192,2.10192,-0.178308,-0.17524,0,-0.00153398,0.00153398,0.00153398,2.04633,2.04633,
90757.4,0.0429515,0.0414175,-0.605727,-0.605922,2.10192,2.10192,-0.178308,-0.17524,0,-0.00153398,0.00153398,0.00153398,2.04633,2.04633,
90777.4,0.0429515,0.0414175,-0.605727,-0.605922,2.10192,2.10192,-0.178308,-0.17524,0,-0.00153398,0.00153398,0.00153398,2.04633,2.04633,
90797.3,0.0429515,0.0414175,-0.605727,-0.605922,2.10192,2.10192,-0.178308,-0.176774,0,-0.00153398,0.00153398,0.00153398,2.04633,2.04633,
90817.3,0.0429515,0.0414175,-0.605727,-0.605922,2.10192,2.10192,-0.178308,-0.176774,0,-0.00153398,0.00153398,0.00153398,2.04633,2.04633,
90837.3,0.0429515,0.0414175,-0.605727,-0.605922,2.10192,2.10192,-0.178308,-0.176774,0,-0.00153398,0.00153398,0.00153398,2.04633,2.04633,
90857.3,0.0429515,0.0414175,-0.605727,-0.605922,2.10192,2.10192,-0.178308,-0.176774,0,-0.00153398,0.00153398,0.00153398,2.04633,2.04633,
90877.2,0.0429515,0.0414175,-0.605727,-0.605922,2.10192,2.10192,-0.178308,-0.176774,0,-0.00153398,0.00153398,0.00153398,2.04633,2.04633,
90897.2,0.0429515,0.0414175,-0.605727,-0.605922,2.10192,2.10192,-0.178308,-0.176774,0,-0.00153398,0.00153398,0.00153398,2.04633,2.04633,
90917.2,0.0429515,0.0414175,-0.605727,-0.605922,2.10192,2.10192,-0.178308,-0.176774,0,-0.00153398,0.00153398,0.00153398,2.04633,2.04633,
90937.3,0.0429515,0.0414175,-0.605727,-0.605922,2.10192,2.10192,-0.178308,-0.176774,0,-0.00153398,0.00153398,0.00153398,2.04633,2.04633,
90957.2,0.0429515,0.0414175,-0.605727,-0.605922,2.10192,2.10192,-0.178308,-0.176774,0,-0.00153398,0.00153398,0.00153398,2.04633,2.04633,
90977.2,0.0429515,0.0414175,-0.605727,-0.605922,2.10192,2.10192,-0.178308,-0.176774,0,-0.00153398,0.00153398,0.00153398,2.04633,2.04633,
90997.3,0.0429515,0.0414175,-0.605727,-0.605922,2.10192,2.10192,-0.178308,-0.176774,0,-0.00153398,0.00153398,0.00153398,2.04633,2.04633,
91017.3,0.0429515,0.0414175,-0.605727,-0.605922,2.10192,2.10192,-0.178308,-0.176774,0,-0.00153398,0.00153398,0.00153398,2.04633,2.04633,
91037.3,0.0429515,0.0414175,-0.605727,-0.605922,2.10192,2.10192,-0.178308,-0.176774,0,-0.00153398,0.00153398,0.00153398,2.04633,2.04633,
91057.2,0.0429515,0.0414175,-0.605727,-0.605922,2.10192,2.10192,-0.178308,-0.176774,0,-0.00153398,0.00153398,0.00153398,2.04633,2.04633,
91077.3,0.0429515,0.0414175,-0.605727,-0.605922,2.10192,2.10192,-0.178308,-0.176774,0,-0.00153398,0.00153398,0.00153398,2.04633,2.04633,
91097.3,0.0429515,0.0414175,-0.605727,-0.605922,2.10192,2.10192,-0.178308,-0.176774,0,-0.00153398,0.00153398,0.00153398,2.04633,2.04633,
91117.3,0.0429515,0.0414175,-0.605727,-0.605922,2.10192,2.10192,-0.178308,-0.176774,0,-0.00153398,0.00153398,0.00153398,2.04633,2.04633,
91137.3,0.0429515,0.0414175,-0.605727,-0.605922,2.10192,2.10192,-0.178308,-0.176774,0,-0.00153398,0.00153398,0.00153398,2.04633,2.04633,
91157.4,0.0429515,0.0414175,-0.605727,-0.605922,2.10192,2.10192,-0.178308,-0.176774,0,-0.00153398,0.00153398,0.00153398,2.04633,2.04633,
91177.4,0.0429515,0.0414175,-0.605727,-0.605922,2.10192,2.10192,-0.178308,-0.176774,0,-0.00153398,0.00153398,0.00153398,2.04633,2.04633,
91197.3,0.0429515,0.0414175,-0.605727,-0.605922,2.10192,2.10192,-0.178308,-0.176774,0,-0.00153398,0.00153398,0.00153398,2.04633,2.04633,
91217.4,0.0429515,0.0414175,-0.605727,-0.605922,2.10192,2.10192,-0.178308,-0.176774,0,-0.00153398,0.00153398,0.00153398,2.04633,2.04633,
91237.4,0.0429515,0.0414175,-0.605727,-0.605922,2.10192,2.10192,-0.178308,-0.176774,0,-0.00153398,0.00153398,0.00153398,2.04633,2.04633,
91257.3,0.0429515,0.0414175,-0.605727,-0.605922,2.10192,2.10192,-0.178308,-0.176774,0,-0.00153398,0.00153398,0.00153398,2.04633,2.04633,
91277.4,0.0429515,0.0414175,-0.605727,-0.605922,2.10192,2.10192,-0.178308,-0.176774,0,-0.00153398,0.00153398,0.00153398,2.04633,2.04633,
91297.3,0.0429515,0.0414175,-0.605727,-0.605922,2.10192,2.10192,-0.178308,-0.176774,0,-0.00153398,0.00153398,0.00153398,2.04633,2.04633,
91317.4,0.0429515,0.0414175,-0.605727,-0.605922,2.10192,2.10192,-0.178308,-0.176774,0,-0.00153398,0.00153398,0.00153398,2.04633,2.04633,
91337.4,0.0429515,0.0414175,-0.605727,-0.605922,2.10192,2.10192,-0.178308,-0.176774,0,-0.00153398,0.00153398,0.00153398,2.04633,2.04633,
91357.3,0.0429515,0.0414175,-0.605727,-0.605922,2.10192,2.10192,-0.178308,-0.176774,0,-0.00153398,0.00153398,0.00153398,2.04633,2.04633,
91377.3,0.0429515,0.0414175,-0.605727,-0.605922,2.10192,2.10192,-0.178308,-0.176774,0,-0.00153398,0.00153398,0.00153398,2.04633,2.04633,
91397.4,0.0429515,0.0414175,-0.605727,-0.605922,2.10192,2.10192,-0.178308,-0.176774,0,-0.00153398,0.00153398,0.00153398,2.04633,2.04633,
91417.3,0.0429515,0.0414175,-0.605727,-0.605922,2.10192,2.10192,-0.178308,-0.176774,0,-0.00153398,0.00153398,0.00153398,2.04633,2.04633,
91437.3,0.0429515,0.0414175,-0.605727,-0.605922,2.10192,2.10192,-0.178308,-0.176774,0,-0.00153398,0.00153398,0.00153398,2.04633,2.04633,
91457.3,0.0429515,0.0414175,-0.605727,-0.605922,2.10192,2.10192,-0.178308,-0.176774,0,-0.00153398,0.00153398,0.00153398,2.04633,2.04633,
91477.3,0.0429515,0.0414175,-0.605727,-0.605922,2.10192,2.10192,-0.178308,-0.176774,0,-0.00153398,0.00153398,0.00153398,2.04633,2.04633,
91497.3,0.0429515,0.0414175,-0.605727,-0.605922,2.10192,2.10192,-0.178308,-0.176774,0,-0.00153398,0.00153398,0.00153398,2.04633,2.04633,
91517.4,0.0429515,0.0414175,-0.605727,-0.605922,2.10192,2.10192,-0.178308,-0.176774,0,-0.00153398,0.00153398,0.00153398,2.04633,2.04633,
91537.3,0.0429515,0.0414175,-0.605727,-0.605922,2.10192,2.10192,-0.178308,-0.176774,0,-0.00153398,0.00153398,0.00153398,2.04633,2.04633,
91557.3,0.0429515,0.0414175,-0.605727,-0.605922,2.10192,2.10192,-0.178308,-0.176774,0,-0.00153398,0.00153398,0.00153398,2.04633,2.04633,
91577.3,0.0429515,0.0414175,-0.605727,-0.605922,2.10192,2.10192,-0.178308,-0.176774,0,-0.00153398,0.00153398,0.00153398,2.04633,2.04633,
91597.3,0.0429515,0.0398835,-0.605727,-0.605922,2.10192,2.10192,-0.178308,-0.176774,0,-0.00153398,0.00153398,0.00153398,2.04633,2.04633,
91617.3,0.0429515,0.0398835,-0.605727,-0.605922,2.10192,2.10192,-0.178308,-0.176774,0,-0.00153398,0.00153398,0.00153398,2.04633,2.04633,
91637.3,0.0429515,0.0398835,-0.605727,-0.605922,2.10192,2.10192,-0.178308,-0.176774,0,-0.00153398,0.00153398,0.00153398,2.04633,2.04633,
91657.4,0.0429515,0.0398835,-0.605727,-0.605922,2.10192,2.10192,-0.178308,-0.176774,0,-0.00153398,0.00153398,0.00153398,2.04633,2.04633,
91677.3,0.0429515,0.0398835,-0.605727,-0.605922,2.10192,2.10192,-0.178308,-0.176774,0,-0.00153398,0.00153398,0.00153398,2.04633,2.04633,
91697.3,0.0429515,0.0398835,-0.605727,-0.605922,2.10192,2.10192,-0.178308,-0.176774,0,-0.00153398,0.00153398,0.00153398,2.04633,2.04633,
91717.3,0.0429515,0.0398835,-0.605727,-0.605922,2.10192,2.10192,-0.178308,-0.176774,0,0,0.00153398,0.00306796,2.04633,2.04633,
91737.3,0.0429515,0.0398835,-0.605727,-0.605922,2.10192,2.10192,-0.178308,-0.176774,0,0,0.00153398,0.00306796,2.04633,2.04633,
91757.3,0.0429515,0.0398835,-0.605727,-0.605922,2.10192,2.10192,-0.178308,-0.176774,0,0,0.00153398,0.00306796,2.04633,2.04633,
91777.3,0.0429515,0.0398835,-0.605727,-0.605922,2.10192,2.10192,-0.178308,-0.176774,0,0,0.00153398,0.00306796,2.04633,2.04633,
91797.4,0.0429515,0.0398835,-0.605727,-0.605922,2.10192,2.10192,-0.178308,-0.176774,0,0,0.00153398,0.00306796,2.04633,2.04633,
91817.3,0.0429515,0.0398835,-0.605727,-0.605922,2.10192,2.10192,-0.178308,-0.176774,0,0,0.00153398,0.00306796,2.04633,2.0448,
91837.3,0.0429515,0.0398835,-0.605727,-0.605922,2.10192,2.10192,-0.178308,-0.176774,0,0,0.00153398,0.00306796,2.04633,2.0448,
91857.4,0.0429515,0.0398835,-0.605727,-0.605922,2.10192,2.10192,-0.178308,-0.176774,0,0,0.00153398,0.00306796,2.04633,2.0448,
91877.4,0.0429515,0.0398835,-0.605727,-0.605922,2.10192,2.10192,-0.178308,-0.176774,0,0,0.00153398,0.00306796,2.04633,2.0448,
91897.3,0.0429515,0.0398835,-0.605727,-0.605922,2.10192,2.10192,-0.178308,-0.176774,0,0,0.00153398,0.00306796,2.04633,2.0448,
91917.3,0.0429515,0.0398835,-0.605727,-0.605922,2.10192,2.10192,-0.178308,-0.176774,0,0.00153398,0.00153398,0.00306796,2.04633,2.0448,
91937.4,0.0429515,0.0398835,-0.605727,-0.605922,2.10192,2.10192,-0.178308,-0.176774,0,0.00153398,0.00153398,0.00306796,2.04633,2.0448,
91957.3,0.0429515,0.0398835,-0.605727,-0.605922,2.10192,2.10192,-0.178308,-0.176774,0,0.00153398,0.00153398,0.00306796,2.04633,2.0448,
91977.3,0.0429515,0.0398835,-0.605727,-0.605922,2.10192,2.10192,-0.178308,-0.176774,0,0.00153398,0.00153398,0.00306796,2.04633,2.0448,
91997.2,0.0429515,0.0398835,-0.605727,-0.605922,2.10192,2.10192,-0.178308,-0.176774,0,0.00153398,0.00153398,0.00306796,2.04633,2.0448,
92017.2,0.0429515,0.0414175,-0.605727,-0.607456,2.10192,2.10345,-0.178308,-0.176774,0,0.00306796,0.00153398,0.00306796,2.04633,2.04633,
92037.3,0.0429515,0.0414175,-0.605727,-0.607456,2.10192,2.10345,-0.178308,-0.176774,0,0.00306796,0.00153398,0.00306796,2.04633,2.04633,
92057.4,0.0429515,0.0414175,-0.605727,-0.607456,2.10192,2.10345,-0.178308,-0.176774,0,0.00306796,0.00153398,0.00306796,2.04633,2.04633,
92077.3,0.0429515,0.0414175,-0.605727,-0.607456,2.10192,2.10345,-0.178308,-0.176774,0,0.00306796,0.00153398,0.00306796,2.04633,2.04633,
92097.3,0.0429515,0.0414175,-0.605727,-0.60899,2.10192,2.10192,-0.178308,-0.176774,0,0.00460194,0.00153398,0.00306796,2.04633,2.04633,
92117.4,0.0429515,0.0414175,-0.605727,-0.60899,2.10192,2.10192,-0.178308,-0.176774,0,0.00460194,0.00153398,0.00306796,2.04633,2.04633,
92137.4,0.0429515,0.0414175,-0.605727,-0.60899,2.10192,2.10192,-0.178308,-0.176774,0,0.00460194,0.00153398,0.00306796,2.04633,2.04633,
92157.4,0.0429515,0.0414175,-0.605727,-0.60899,2.10192,2.10192,-0.178308,-0.176774,0,0.00460194,0.00153398,0.00306796,2.04633,2.04633,
92177.3,0.0429515,0.0414175,-0.605727,-0.60899,2.10192,2.10192,-0.178308,-0.176774,0,0.00460194,0.00153398,0.00306796,2.04633,2.04633,
92197.4,0.0429515,0.0414175,-0.605727,-0.60899,2.10192,2.10192,-0.178308,-0.176774,0,0.00460194,0.00153398,0.00306796,2.04633,2.04633,
92217.3,0.0429515,0.0398835,-0.605727,-0.607456,2.10192,2.10345,-0.178308,-0.176774,0,0.00306796,0.00153398,0.00306796,2.04633,2.04633,
92237.3,0.0429515,0.0398835,-0.605727,-0.607456,2.10192,2.10345,-0.178308,-0.176774,0,0.00306796,0.00153398,0.00306796,2.04633,2.04633,
92257.3,0.0429515,0.0398835,-0.605727,-0.607456,2.10192,2.10345,-0.178308,-0.176774,0,0.00306796,0.00153398,0.00306796,2.04633,2.04633,
92277.4,0.0429515,0.0398835,-0.605727,-0.607456,2.10192,2.10345,-0.178308,-0.176774,0,0.00306796,0.00153398,0.00306796,2.04633,2.04633,
92297.4,0.0429515,0.0398835,-0.605727,-0.607456,2.10192,2.10345,-0.178308,-0.176774,0,0.00306796,0.00153398,0.00306796,2.04633,2.04633,
92317.3,0.0429515,0.0383495,-0.605727,-0.605922,2.10192,2.10345,-0.178308,-0.176774,0,0.00460194,0.00153398,0.00460194,2.04633,2.04633,
92337.3,0.0429515,0.0383495,-0.605727,-0.605922,2.10192,2.10345,-0.178308,-0.176774,0,0.00460194,0.00153398,0.00460194,2.04633,2.04633,
92357.3,0.0429515,0.0383495,-0.605727,-0.605922,2.10192,2.10345,-0.178308,-0.176774,0,0.00460194,0.00153398,0.00460194,2.04633,2.04633,
92377.3,0.0429515,0.0383495,-0.605727,-0.605922,2.10192,2.10345,-0.178308,-0.176774,0,0.00460194,0.00153398,0.00460194,2.04633,2.04633,
92397.3,0.0429515,0.0398835,-0.605727,-0.607456,2.10192,2.10959,-0.178308,-0.176774,0,0.00306796,0.00153398,0.0076699,2.04633,2.04786,
92417.4,0.0429515,0.0398835,-0.605727,-0.607456,2.10192,2.10959,-0.178308,-0.176774,0,0.00306796,0.00153398,0.0076699,2.04633,2.04786,
92437.3,0.0429515,0.0398835,-0.605727,-0.607456,2.10192,2.10959,-0.178308,-0.176774,0,0.00306796,0.00153398,0.0076699,2.04633,2.04786,
92457.3,0.0429515,0.0398835,-0.605727,-0.607456,2.10192,2.10959,-0.178308,-0.176774,0,0.00306796,0.00153398,0.0076699,2.04633,2.04786,
92477.3,0.0429515,0.0398835,-0.605727,-0.607456,2.10192,2.10959,-0.178308,-0.176774,0,0.00306796,0.00153398,0.0076699,2.04633,2.04786,
92497.3,0.0429515,0.0398835,-0.605727,-0.60899,2.10192,2.10959,-0.178308,-0.176774,0,0.00460194,0.00153398,0.0076699,2.04633,2.04633,
92517.2,0.0429515,0.0398835,-0.605727,-0.60899,2.10192,2.10959,-0.178308,-0.176774,0,0.00460194,0.00153398,0.0076699,2.04633,2.04633,
92537.2,0.0429515,0.0398835,-0.605727,-0.60899,2.10192,2.10959,-0.178308,-0.176774,0,0.00460194,0.00153398,0.0076699,2.04633,2.04633,
92557.2,0.0429515,0.0398835,-0.605727,-0.60899,2.10192,2.10959,-0.178308,-0.176774,0,0.00460194,0.00153398,0.0076699,2.04633,2.04633,
92577.2,0.0429515,0.0398835,-0.605727,-0.60899,2.10192,2.10959,-0.178308,-0.176774,0,0.00460194,0.00153398,0.0076699,2.04633,2.04633,
92597.2,0.0429515,0.0398835,-0.605727,-0.60899,2.10192,2.10959,-0.178308,-0.176774,0,0.00460194,0.00153398,0.0076699,2.04633,2.04633,
92617.3,0.0429515,0.0398835,-0.605727,-0.607456,2.10192,2.10806,-0.178308,-0.176774,0,0.00460194,0.00153398,0.0076699,2.04633,2.04633,
92637.2,0.0429515,0.0398835,-0.605727,-0.607456,2.10192,2.10806,-0.178308,-0.176774,0,0.00460194,0.00153398,0.0076699,2.04633,2.04633,
92657.2,0.0429515,0.0398835,-0.605727,-0.607456,2.10192,2.10806,-0.178308,-0.176774,0,0.00460194,0.00153398,0.0076699,2.04633,2.04633,
92677.2,0.0429515,0.0398835,-0.605727,-0.607456,2.10192,2.10806,-0.178308,-0.176774,0,0.00460194,0.00153398,0.0076699,2.04633,2.04633,
92697.2,0.0429515,0.0398835,-0.605727,-0.607456,2.10192,2.10806,-0.178308,-0.176774,0,0.00460194,0.00153398,0.0076699,2.04633,2.04633,
92717.2,0.0429515,0.0383495,-0.605727,-0.605922,2.10192,2.10499,-0.178308,-0.176774,0,0.00460194,0.00153398,0.0076699,2.04633,2.04633,
92737.3,0.0429515,0.0383495,-0.605727,-0.605922,2.10192,2.10499,-0.178308,-0.176774,0,0.00460194,0.00153398,0.0076699,2.04633,2.04633,
92757.2,0.0429515,0.0383495,-0.605727,-0.605922,2.10192,2.10499,-0.178308,-0.176774,0,0.00460194,0.00153398,0.0076699,2.04633,2.04633,
92777.2,0.0429515,0.0383495,-0.605727,-0.605922,2.10192,2.10499,-0.178308,-0.176774,0,0.00460194,0.00153398,0.0076699,2.04633,2.04633,
92797.2,0.0429515,0.0383495,-0.605727,-0.605922,2.10192,2.10499,-0.178308,-0.176774,0,0.00460194,0.00153398,0.0076699,2.04633,2.04633,
92817.2,0.0429515,0.0383495,-0.605727,-0.604388,2.10192,2.10652,-0.178308,-0.178308,0,0.00460194,0.00153398,0.0107379,2.04633,2.04633,
92837.2,0.0429515,0.0383495,-0.605727,-0.604388,2.10192,2.10652,-0.178308,-0.178308,0,0.00460194,0.00153398,0.0107379,2.04633,2.04633,
92857.2,0.0429515,0.0383495,-0.605727,-0.604388,2.10192,2.10652,-0.178308,-0.178308,0,0.00460194,0.00153398,0.0107379,2.04633,2.04633,
92877.3,0.0429515,0.0383495,-0.605727,-0.604388,2.10192,2.10652,-0.178308,-0.178308,0,0.00460194,0.00153398,0.0107379,2.04633,2.04633,
92897.2,0.0429515,0.0398835,-0.605727,-0.605922,2.10192,2.10652,-0.178308,-0.178308,0,0.00153398,0.00153398,0.0107379,2.04633,2.04633,
92917.3,0.0429515,0.0398835,-0.605727,-0.605922,2.10192,2.10652,-0.178308,-0.178308,0,0.00153398,0.00153398,0.0107379,2.04633,2.04633,
92937.3,0.0429515,0.0398835,-0.605727,-0.605922,2.10192,2.10652,-0.178308,-0.178308,0,0.00153398,0.00153398,0.0107379,2.04633,2.04633,
92957.2,0.0429515,0.0398835,-0.605727,-0.605922,2.10192,2.10652,-0.178308,-0.178308,0,0.00153398,0.00153398,0.0107379,2.04633,2.04633,
92977.3,0.0429515,0.0398835,-0.605727,-0.605922,2.10192,2.10652,-0.178308,-0.178308,0,0.00153398,0.00153398,0.0107379,2.04633,2.04633,
92997.3,0.0429515,0.0398835,-0.605727,-0.605922,2.10192,2.10652,-0.178308,-0.178308,0,0.00153398,0.00153398,0.0107379,2.04633,2.04633,
93017.2,0.0429515,0.0398835,-0.605727,-0.605922,2.10192,2.10959,-0.178308,-0.178308,0,0.00153398,0.00153398,0.0107379,2.04633,2.04633,
93037.2,0.0429515,0.0398835,-0.605727,-0.605922,2.10192,2.10959,-0.178308,-0.178308,0,0.00153398,0.00153398,0.0107379,2.04633,2.04633,
93057.2,0.0429515,0.0398835,-0.605727,-0.605922,2.10192,2.10959,-0.178308,-0.178308,0,0.00153398,0.00153398,0.0107379,2.04633,2.04633,
93077.3,0.0429515,0.0398835,-0.605727,-0.605922,2.10192,2.10959,-0.178308,-0.178308,0,0.00153398,0.00153398,0.0107379,2.04633,2.04633,
93097.3,0.0429515,0.0398835,-0.605727,-0.605922,2.10192,2.10959,-0.178308,-0.178308,0,0.00153398,0.00153398,0.0107379,2.04633,2.04633,
93117.3,0.0429515,0.0383495,-0.605727,-0.605922,2.10192,2.09732,-0.178308,-0.178308,0,0.00306796,0.00153398,0.0107379,2.04633,2.04633,
93137.3,0.0429515,0.0383495,-0.605727,-0.605922,2.10192,2.09732,-0.178308,-0.178308,0,0.00306796,0.00153398,0.0107379,2.04633,2.04633,
93157.3,0.0429515,0.0383495,-0.605727,-0.605922,2.10192,2.09732,-0.178308,-0.178308,0,0.00306796,0.00153398,0.0107379,2.04633,2.04633,
93177.3,0.0429515,0.0383495,-0.605727,-0.605922,2.10192,2.09732,-0.178308,-0.178308,0,0.00306796,0.00153398,0.0107379,2.04633,2.04633,
93197.3,0.0429515,0.0383495,-0.605727,-0.605922,2.10192,2.09732,-0.178308,-0.178308,0,0.00306796,0.00153398,0.0107379,2.04633,2.04633,
93217.3,0.0429515,0.0368155,-0.605727,-0.604388,2.10192,2.10806,-0.178308,-0.178308,0,0.00153398,0.00153398,0.0107379,2.04633,2.0448,
93237.2,0.0429515,0.0368155,-0.605727,-0.604388,2.10192,2.10806,-0.178308,-0.178308,0,0.00153398,0.00153398,0.0107379,2.04633,2.0448,
93257.3,0.0429515,0.0368155,-0.605727,-0.604388,2.10192,2.10806,-0.178308,-0.178308,0,0.00153398,0.00153398,0.0107379,2.04633,2.0448,
93277.2,0.0429515,0.0368155,-0.605727,-0.604388,2.10192,2.10806,-0.178308,-0.178308,0,0.00153398,0.00153398,0.0107379,2.04633,2.0448,
93297.2,0.0429515,0.0368155,-0.605727,-0.604388,2.10192,2.10806,-0.178308,-0.178308,0,0.00153398,0.00153398,0.0107379,2.04633,2.0448,
93317.2,0.0429515,0.0398835,-0.605727,-0.605922,2.10192,2.09885,-0.178308,-0.178308,0,-0.00460194,0.00153398,0.00920388,2.04633,2.04633,
93337.2,0.0429515,0.0398835,-0.605727,-0.605922,2.10192,2.09885,-0.178308,-0.178308,0,-0.00460194,0.00153398,0.00920388,2.04633,2.04633,
93357.2,0.0429515,0.0398835,-0.605727,-0.605922,2.10192,2.09885,-0.178308,-0.178308,0,-0.00460194,0.00153398,0.00920388,2.04633,2.04633,
93377.2,0.0429515,0.0398835,-0.605727,-0.605922,2.10192,2.09885,-0.178308,-0.178308,0,-0.00460194,0.00153398,0.00920388,2.04633,2.04633,
93397.2,0.0429515,0.0398835,-0.605727,-0.605922,2.10192,2.09885,-0.178308,-0.178308,0,-0.00460194,0.00153398,0.00920388,2.04633,2.04633,
93417.3,0.0429515,0.0383495,-0.605727,-0.605922,2.10192,2.10806,-0.178308,-0.178308,0,0.00460194,0.00153398,0.0107379,2.04633,2.04633,
93437.4,0.0429515,0.0383495,-0.605727,-0.605922,2.10192,2.10806,-0.178308,-0.178308,0,0.00460194,0.00153398,0.0107379,2.04633,2.04633,
93457.4,0.0429515,0.0383495,-0.605727,-0.605922,2.10192,2.10806,-0.178308,-0.178308,0,0.00460194,0.00153398,0.0107379,2.04633,2.04633,
93477.4,0.0429515,0.0383495,-0.605727,-0.605922,2.10192,2.10806,-0.178308,-0.178308,0,0.00460194,0.00153398,0.0107379,2.04633,2.04633,
93497.4,0.0429515,0.0383495,-0.605727,-0.605922,2.10192,2.10806,-0.178308,-0.178308,0,0.00460194,0.00153398,0.0107379,2.04633,2.04633,
93517.4,0.0429515,0.0383495,-0.605727,-0.607456,2.10192,2.10345,-0.178308,-0.178308,0,0.00153398,0.00153398,0.00920388,2.04633,2.04633,
93537.3,0.0429515,0.0383495,-0.605727,-0.607456,2.10192,2.10345,-0.178308,-0.178308,0,0.00153398,0.00153398,0.00920388,2.04633,2.04633,
93557.2,0.0429515,0.0383495,-0.605727,-0.607456,2.10192,2.10345,-0.178308,-0.178308,0,0.00153398,0.00153398,0.00920388,2.04633,2.04633,
93577.3,0.0429515,0.0383495,-0.605727,-0.607456,2.10192,2.10345,-0.178308,-0.178308,0,0.00153398,0.00153398,0.00920388,2.04633,2.04633,
93597.3,0.0429515,0.0383495,-0.605727,-0.605922,2.10192,2.10192,-0.178308,-0.178308,0,0.00153398,0.00153398,0.0107379,2.04633,2.0448,
93617.3,0.0429515,0.0383495,-0.605727,-0.605922,2.10192,2.10192,-0.178308,-0.178308,0,0.00153398,0.00153398,0.0107379,2.04633,2.0448,
93637.3,0.0429515,0.0383495,-0.605727,-0.605922,2.10192,2.10192,-0.178308,-0.178308,0,0.00153398,0.00153398,0.0107379,2.04633,2.0448,
93657.3,0.0429515,0.0383495,-0.605727,-0.605922,2.10192,2.10192,-0.178308,-0.178308,0,0.00153398,0.00153398,0.0107379,2.04633,2.0448,
93677.3,0.0429515,0.0383495,-0.605727,-0.605922,2.10192,2.10192,-0.178308,-0.178308,0,0.00153398,0.00153398,0.0107379,2.04633,2.0448,
93697.3,0.0429515,0.0383495,-0.605727,-0.605922,2.10192,2.09578,-0.178308,-0.179842,0,0,0.00153398,0.00920388,2.04633,2.0448,
93717.3,0.0429515,0.0383495,-0.605727,-0.605922,2.10192,2.09578,-0.178308,-0.179842,0,0,0.00153398,0.00920388,2.04633,2.0448,
93737.3,0.0429515,0.0383495,-0.605727,-0.605922,2.10192,2.09578,-0.178308,-0.179842,0,0,0.00153398,0.00920388,2.04633,2.0448,
93757.4,0.0429515,0.0383495,-0.605727,-0.605922,2.10192,2.09578,-0.178308,-0.179842,0,0,0.00153398,0.00920388,2.04633,2.0448,
93777.3,0.0429515,0.0383495,-0.605727,-0.605922,2.10192,2.09578,-0.178308,-0.179842,0,0,0.00153398,0.00920388,2.04633,2.0448,
93797.3,0.0429515,0.0383495,-0.605727,-0.605922,2.10192,2.09578,-0.178308,-0.179842,0,0,0.00153398,0.00920388,2.04633,2.0448,
93817.4,0.0429515,0.0383495,-0.605727,-0.605922,2.10192,2.09578,-0.178308,-0.179842,0,0,0.00153398,0.00920388,2.04633,2.0448,
93837.4,0.0429515,0.0398835,-0.605727,-0.605922,2.10192,2.10192,-0.178308,-0.181376,0,0.00153398,0.00153398,0.0107379,2.04633,2.04633,
93857.3,0.0429515,0.0398835,-0.605727,-0.605922,2.10192,2.10192,-0.178308,-0.181376,0,0.00153398,0.00153398,0.0107379,2.04633,2.04633,
93877.4,0.0429515,0.0398835,-0.605727,-0.605922,2.10192,2.10192,-0.178308,-0.181376,0,0.00153398,0.00153398,0.0107379,2.04633,2.04633,
93897.4,0.0429515,0.0398835,-0.605727,-0.605922,2.10192,2.10192,-0.178308,-0.181376,0,0.00153398,0.00153398,0.0107379,2.04633,2.04633,
93917.2,0.0429515,0.0398835,-0.605727,-0.605922,2.10192,2.10345,-0.178308,-0.179842,0,0.00306796,0.00153398,0.0107379,2.04633,2.0448,
93937.3,0.0429515,0.0398835,-0.605727,-0.605922,2.10192,2.10345,-0.178308,-0.179842,0,0.00306796,0.00153398,0.0107379,2.04633,2.0448,
93957.3,0.0429515,0.0398835,-0.605727,-0.605922,2.10192,2.10345,-0.178308,-0.179842,0,0.00306796,0.00153398,0.0107379,2.04633,2.0448,
93977.3,0.0429515,0.0398835,-0.605727,-0.605922,2.10192,2.10345,-0.178308,-0.179842,0,0.00306796,0.00153398,0.0107379,2.04633,2.0448,
93997.3,0.0429515,0.0398835,-0.605727,-0.605922,2.10192,2.09272,-0.178308,-0.181376,0,-0.00153398,0.00153398,0.00920388,2.04633,2.04633,
94017.3,0.0429515,0.0398835,-0.605727,-0.605922,2.10192,2.09272,-0.178308,-0.181376,0,-0.00153398,0.00153398,0.00920388,2.04633,2.04633,
94037.3,0.0429515,0.0398835,-0.605727,-0.605922,2.10192,2.09272,-0.178308,-0.181376,0,-0.00153398,0.00153398,0.00920388,2.04633,2.04633,
94057.3,0.0429515,0.0398835,-0.605727,-0.605922,2.10192,2.09272,-0.178308,-0.181376,0,-0.00153398,0.00153398,0.00920388,2.04633,2.04633,
94077.3,0.0429515,0.0398835,-0.605727,-0.605922,2.10192,2.09272,-0.178308,-0.181376,0,-0.00153398,0.00153398,0.00920388,2.04633,2.04633,
94097.2,0.0429515,0.0398835,-0.605727,-0.605922,2.10192,2.09732,-0.178308,-0.179842,0,0,0.00153398,0.0107379,2.04633,2.04633,
94117.2,0.0429515,0.0398835,-0.605727,-0.605922,2.10192,2.09732,-0.178308,-0.179842,0,0,0.00153398,0.0107379,2.04633,2.04633,
94137.2,0.0429515,0.0398835,-0.605727,-0.605922,2.10192,2.09732,-0.178308,-0.179842,0,0,0.00153398,0.0107379,2.04633,2.04633,
94157.2,0.0429515,0.0398835,-0.605727,-0.605922,2.10192,2.09732,-0.178308,-0.179842,0,0,0.00153398,0.0107379,2.04633,2.04633,
94177.3,0.0429515,0.0398835,-0.605727,-0.605922,2.10192,2.09732,-0.178308,-0.179842,0,0,0.00153398,0.0107379,2.04633,2.04633,
94197.2,0.0429515,0.0398835,-0.605727,-0.605922,2.10192,2.09732,-0.178308,-0.179842,0,0,0.00153398,0.0107379,2.04633,2.04633,
94217.3,0.0429515,0.0414175,-0.605727,-0.60899,2.10192,2.10806,-0.178308,-0.179842,0,0,0.00153398,0.0107379,2.04633,2.04786,
94237.2,0.0429515,0.0414175,-0.605727,-0.60899,2.10192,2.10806,-0.178308,-0.179842,0,0,0.00153398,0.0107379,2.04633,2.04786,
94257.2,0.0429515,0.0414175,-0.605727,-0.60899,2.10192,2.10806,-0.178308,-0.179842,0,0,0.00153398,0.0107379,2.04633,2.04786,
94277.2,0.0524246,0.0414175,-0.605748,-0.60899,2.13163,2.10806,-0.186719,-0.179842,0,0,0,0.0107379,0,2.04786,
94297.3,0.0524246,0.0414175,-0.605748,-0.60899,2.13163,2.10806,-0.186719,-0.179842,0,0,0,0.0107379,0,2.04786,
94317.2,0.0498412,0.0414175,-0.605769,-0.607456,2.10806,2.10806,-0.187103,-0.179842,0,-0.00153398,0.0107379,0.0107379,2.04633,2.04633,
94337.3,0.0498412,0.0414175,-0.605769,-0.607456,2.10806,2.10806,-0.187103,-0.179842,0,-0.00153398,0.0107379,0.0107379,2.04633,2.04633,
94357.3,0.0472558,0.0414175,-0.605789,-0.607456,2.13244,2.10806,-0.187481,-0.179842,0,-0.00153398,0,0.0107379,0,2.04633,
94377.3,0.0446685,0.0414175,-0.605809,-0.607456,2.13283,2.10806,-0.187853,-0.179842,0,-0.00153398,0,0.0107379,0,2.04633,
94397.2,0.0420793,0.0414175,-0.605829,-0.607456,2.13321,2.10652,-0.188218,-0.179842,0,0.00460194,0,0.0107379,0,2.0448,
94417.2,0.0420793,0.0414175,-0.605829,-0.607456,2.13321,2.10652,-0.188218,-0.179842,0,0.00460194,0,0.0107379,0,2.0448,
94437.2,0.0394881,0.0414175,-0.605847,-0.607456,2.13359,2.10652,-0.188576,-0.179842,0,0.00460194,0,0.0107379,0,2.0448,
94457.2,0.0394881,0.0414175,-0.605847,-0.607456,2.13359,2.10652,-0.188576,-0.179842,0,0.00460194,0,0.0107379,0,2.0448,
94477.2,0.0368951,0.0414175,-0.605866,-0.607456,2.13396,2.10652,-0.188928,-0.179842,0,0.00460194,0,0.0107379,0,2.0448,
94497.2,0.0343003,0.0414175,-0.605884,-0.607456,2.13432,2.10652,-0.189273,-0.179842,0,0.00460194,0,0.0107379,0,2.0448,
94517.2,0.0475534,0.0475534,-0.605884,-0.60899,2.11726,2.11726,-0.189273,-0.187512,0,-0.00153398,0,0.00306796,2.04633,2.04633,
94537.3,0.0317037,0.0475534,-0.605901,-0.60899,2.13468,2.11726,-0.189612,-0.187512,0,-0.00153398,0,0.00306796,0,2.04633,
94557.4,0.0291054,0.0475534,-0.605918,-0.60899,2.13503,2.11726,-0.189944,-0.187512,0,-0.00153398,0,0.00306796,0,2.04633,
94577.2,0.0291054,0.0475534,-0.605918,-0.60899,2.13503,2.11726,-0.189944,-0.187512,0,-0.00153398,0,0.00306796,0,2.04633,
94597.3,0.0265053,0.0475534,-0.605934,-0.60899,2.13537,2.11726,-0.190269,-0.187512,0,-0.00153398,0,0.00306796,0,2.04633,
94617.3,0.0490874,0.0490874,-0.605934,-0.60899,2.12493,2.12493,-0.190269,-0.187512,0,0.00153398,0,0.00460194,2.04633,2.04633,
94637.3,0.0239035,0.0490874,-0.60595,-0.60899,2.1357,2.12493,-0.190588,-0.187512,0,0.00153398,0,0.00460194,0,2.04633,
94657.3,0.0213001,0.0490874,-0.605966,-0.60899,2.13603,2.12493,-0.1909,-0.187512,0,0.00153398,0,0.00460194,0,2.04633,
94677.2,0.0213001,0.0490874,-0.605966,-0.60899,2.13603,2.12493,-0.1909,-0.187512,0,0.00153398,0,0.00460194,0,2.04633,
94697.3,0.0186951,0.0490874,-0.605981,-0.60899,2.13635,2.12493,-0.191205,-0.187512,0,0.00153398,0,0.00460194,0,2.04633,
94717.3,0.0160884,0.0490874,-0.605995,-0.610524,2.13666,2.13413,-0.191504,-0.187512,0,0,0,0.00460194,0,2.04633,
94737.3,0.0160884,0.0490874,-0.605995,-0.610524,2.13666,2.13413,-0.191504,-0.187512,0,0,0,0.00460194,0,2.04633,
94757.4,0.0134802,0.0490874,-0.60601,-0.610524,2.13697,2.13413,-0.191796,-0.187512,0,0,0,0.00460194,0,2.04633,
94777.3,0.0134802,0.0490874,-0.60601,-0.610524,2.13697,2.13413,-0.191796,-0.187512,0,0,0,0.00460194,0,2.04633,
94797.3,0.0108705,0.0490874,-0.606023,-0.610524,2.13727,2.13413,-0.192081,-0.187512,0,0,0,0.00460194,0,2.04633,
94817.3,0.0108705,0.0460194,-0.606023,-0.610524,2.13727,2.13413,-0.192081,-0.187512,0,-0.00153398,0,0.00460194,0,2.04633,
94837.3,0.0082593,0.0460194,-0.606037,-0.610524,2.13756,2.13413,-0.19236,-0.187512,0,-0.00153398,0,0.00460194,0,2.04633,
94857.3,0.0082593,0.0460194,-0.606037,-0.610524,2.13756,2.13413,-0.19236,-0.187512,0,-0.00153398,0,0.00460194,0,2.04633,
94877.3,0.00564665,0.0460194,-0.60605,-0.610524,2.13785,2.13413,-0.192632,-0.187512,0,-0.00153398,0,0.00460194,0,2.04633,
94897.2,0.00303257,0.0398835,-0.606062,-0.613592,2.13812,2.13107,-0.192897,-0.192114,0,-0.00153398,0,0.00460194,0,2.04633,
94917.2,0.0398835,0.0398835,-0.606062,-0.613592,2.13812,2.13107,-0.192897,-0.192114,0,-0.00153398,0,0.00460194,2.04633,2.04633,
94937.3,0.000417118,0.0398835,-0.606074,-0.613592,2.1384,2.13107,-0.193155,-0.192114,0,-0.00153398,0,0.00460194,0,2.04633,
94957.2,-0.00219969,0.0398835,-0.606086,-0.613592,2.13866,2.13107,-0.193407,-0.192114,0,-0.00153398,0,0.00460194,0,2.04633,
94977.3,-0.00219969,0.0398835,-0.606086,-0.613592,2.13866,2.13107,-0.193407,-0.192114,0,-0.00153398,0,0.00460194,0,2.04633,
94997.2,-0.0048178,0.0398835,-0.606098,-0.613592,2.13891,2.13107,-0.193652,-0.192114,0,-0.00153398,0,0.00460194,0,2.04633,
95017.2,0.0398835,0.0398835,-0.606098,-0.612058,2.128,2.128,-0.193652,-0.192114,0,0.00153398,0,0.00460194,2.04633,2.04633,
95037.2,-0.0074372,0.0398835,-0.606109,-0.612058,2.13916,2.128,-0.19389,-0.192114,0,0.00153398,0,0.00460194,0,2.04633,
95057.3,-0.0074372,0.0398835,-0.606109,-0.612058,2.13916,2.128,-0.19389,-0.192114,0,0.00153398,0,0.00460194,0,2.04633,
95077.2,-0.0100578,0.0398835,-0.606119,-0.612058,2.13941,2.128,-0.194122,-0.192114,0,0.00153398,0,0.00460194,0,2.04633,
95097.2,-0.0126797,0.0398835,-0.606129,-0.612058,2.13964,2.128,-0.194347,-0.192114,0,0.00153398,0,0.00460194,0,2.04633,
95117.2,0.0291456,0.0291456,-0.606129,-0.610524,2.13964,2.1326,-0.194347,-0.19058,0,0.00153398,0,0.00460194,2.04633,2.04633,
95137.2,0.0291456,0.0291456,-0.606129,-0.610524,2.13964,2.1326,-0.194347,-0.19058,0,0.00153398,0,0.00460194,2.04633,2.04633,
95157.2,-0.0153027,0.0291456,-0.606139,-0.610524,2.13987,2.1326,-0.194565,-0.19058,0,0.00153398,0,0.00460194,0,2.04633,
95177.3,-0.0153027,0.0291456,-0.606139,-0.610524,2.13987,2.1326,-0.194565,-0.19058,0,0.00153398,0,0.00460194,0,2.04633,
95197.2,-0.0179269,0.0291456,-0.606149,-0.610524,2.14009,2.1326,-0.194776,-0.19058,0,0.00153398,0,0.00460194,0,2.04633,
95217.2,0.0337476,0.0337476,-0.606149,-0.610524,2.14009,2.13567,-0.194776,-0.192114,0,0,0,0.00460194,2.04633,2.04633,
95237.3,-0.0205521,0.0337476,-0.606158,-0.610524,2.1403,2.13567,-0.19498,-0.192114,0,0,0,0.00460194,0,2.04633,
95257.2,-0.0231785,0.0337476,-0.606167,-0.610524,2.14051,2.13567,-0.195178,-0.192114,0,0,0,0.00460194,0,2.04633,
95277.3,-0.0231785,0.0337476,-0.606167,-0.610524,2.14051,2.13567,-0.195178,-0.192114,0,0,0,0.00460194,0,2.04633,
95297.3,0.0260777,0.0260777,-0.606175,-0.610524,2.14071,2.13413,-0.195369,-0.192114,0,-0.00153398,0,0.00460194,2.04633,2.04633,
95317.3,0.0260777,0.0260777,-0.606175,-0.610524,2.14071,2.13413,-0.195369,-0.192114,0,-0.00153398,0,0.00460194,2.04633,2.04633,
95337.3,-0.0284342,0.0260777,-0.606183,-0.610524,2.1409,2.13413,-0.195553,-0.192114,0,-0.00153398,0,0.00460194,0,2.04633,
95357.3,-0.0310635,0.0260777,-0.606191,-0.610524,2.14109,2.13413,-0.19573,-0.192114,0,-0.00153398,0,0.00460194,0,2.04633,
95377.3,-0.0310635,0.0260777,-0.606191,-0.610524,2.14109,2.13413,-0.19573,-0.192114,0,-0.00153398,0,0.00460194,0,2.04633,
95397.3,-0.0336938,0.0260777,-0.606198,-0.610524,2.14126,2.13413,-0.1959,-0.192114,0,-0.00153398,0,0.00460194,0,2.04633,
95417.4,0.00613592,0.00613592,-0.606198,-0.610524,2.14126,2.13413,-0.1959,-0.193648,0,-0.00153398,0,0.00460194,2.04633,2.04633,
95437.3,-0.0363249,0.00613592,-0.606205,-0.610524,2.14143,2.13413,-0.196064,-0.193648,0,-0.00153398,0,0.00460194,0,2.04633,
95457.4,-0.0363249,0.00613592,-0.606205,-0.610524,2.14143,2.13413,-0.196064,-0.193648,0,-0.00153398,0,0.00460194,0,2.04633,
95477.2,-0.0363249,0.00613592,-0.606205,-0.610524,2.14143,2.13413,-0.196064,-0.193648,0,-0.00153398,0,0.00460194,0,2.04633,
95497.4,-0.0389569,0.00613592,-0.606212,-0.610524,2.1416,2.13413,-0.196221,-0.193648,0,-0.00153398,0,0.00460194,0,2.04633,
95517.3,-0.0389569,0.00613592,-0.606212,-0.610524,2.1416,2.13413,-0.196221,-0.193648,0,-0.00153398,0,0.00460194,0,2.04633,
95537.3,-0.0415897,0.00613592,-0.606219,-0.610524,2.14175,2.13413,-0.19637,-0.193648,0,-0.00153398,0,0.00460194,0,2.04633,
95557.3,0.0153398,0.0153398,-0.606219,-0.612058,2.14175,2.13567,-0.19637,-0.193648,0,0,0,0.00306796,2.04633,2.04633,
95577.3,0.0153398,0.0153398,-0.606219,-0.612058,2.14175,2.13567,-0.19637,-0.193648,0,0,0,0.00306796,2.04633,2.04633,
95597.3,-0.0442233,0.0153398,-0.606225,-0.612058,2.1419,2.13567,-0.196513,-0.193648,0,0,0,0.00306796,0,2.04633,
95617.3,-0.0442233,0.0153398,-0.606225,-0.612058,2.1419,2.13567,-0.196513,-0.193648,0,0,0,0.00306796,0,2.04633,
95637.3,-0.0468576,0.0153398,-0.606231,-0.612058,2.14205,2.13567,-0.19665,-0.193648,0,0,0,0.00306796,0,2.04633,
95657.2,0.0230097,0.0230097,-0.606231,-0.612058,2.14205,2.13874,-0.19665,-0.195182,0,0,0,0.00460194,2.04633,2.04633,
95677.2,0.0230097,0.0230097,-0.606231,-0.612058,2.14205,2.13874,-0.19665,-0.195182,0,0,0,0.00460194,2.04633,2.04633,
95697.2,-0.0494926,0.0230097,-0.606236,-0.612058,2.14218,2.13874,-0.196779,-0.195182,0,0,0,0.00460194,0,2.04633,
95717.2,-0.0494926,0.0230097,-0.606236,-0.612058,2.14218,2.13874,-0.196779,-0.195182,0,0,0,0.00460194,0,2.04633,
95737.2,-0.0521283,-0.00613592,-0.606241,-0.612058,2.14231,2.13874,-0.196901,-0.195182,0,0,0,0.00306796,0,2.04633,
95757.2,-0.0521283,-0.00613592,-0.606241,-0.612058,2.14231,2.13874,-0.196901,-0.195182,0,0,0,0.00306796,0,2.04633,
95777.2,-0.0547647,-0.00613592,-0.606246,-0.612058,2.14243,2.13874,-0.197017,-0.195182,0,0,0,0.00306796,0,2.04633,
95797.2,-0.0574016,-0.00613592,-0.606251,-0.612058,2.14254,2.13874,-0.197126,-0.195182,0,0,0,0.00306796,0,2.04633,
95817.2,-0.0199418,-0.0199418,-0.606251,-0.610524,2.14254,2.13874,-0.197126,-0.196716,0,-0.00306796,0,0.00306796,2.0448,2.0448,
95837.3,-0.0199418,-0.0199418,-0.606251,-0.610524,2.14254,2.13874,-0.197126,-0.196716,0,-0.00306796,0,0.00306796,2.0448,2.0448,
95857.2,-0.0600391,-0.0199418,-0.606255,-0.610524,2.14265,2.13874,-0.197228,-0.196716,0,-0.00306796,0,0.00306796,0,2.0448,
95877.2,-0.0600391,-0.0199418,-0.606255,-0.610524,2.14265,2.13874,-0.197228,-0.196716,0,-0.00306796,0,0.00306796,0,2.0448,
95897.2,-0.0626771,-0.0199418,-0.606259,-0.610524,2.14275,2.13874,-0.197323,-0.196716,0,-0.00306796,0,0.00306796,0,2.0448,
95917.3,-0.0276117,-0.0276117,-0.606259,-0.610524,2.14275,2.13874,-0.197323,-0.196716,0,-0.00460194,0,0.00460194,2.04326,2.04326,
95937.3,-0.0653156,-0.0276117,-0.606263,-0.610524,2.14284,2.13874,-0.197411,-0.196716,0,-0.00460194,0,0.00460194,0,2.04326,
95957.3,-0.0679546,-0.0276117,-0.606266,-0.610524,2.14292,2.13874,-0.197492,-0.196716,0,-0.00460194,0,0.00460194,0,2.04326,
95977.3,-0.0679546,-0.0276117,-0.606266,-0.610524,2.14292,2.13874,-0.197492,-0.196716,0,-0.00460194,0,0.00460194,0,2.04326,
95997.3,-0.070594,-0.0322136,-0.606269,-0.610524,2.143,2.13874,-0.197567,-0.196716,0,-0.00306796,0,0.00460194,0,2.04326,
96017.3,-0.0322136,-0.0322136,-0.606269,-0.610524,2.143,2.13874,-0.197567,-0.196716,0,-0.00306796,0,0.00460194,2.04326,2.04326,
96037.4,-0.0732337,-0.0322136,-0.606272,-0.610524,2.14307,2.13874,-0.197634,-0.196716,0,-0.00306796,0,0.00460194,0,2.04326,
96057.3,-0.0758738,-0.0322136,-0.606274,-0.610524,2.14313,2.13874,-0.197695,-0.196716,0,-0.00306796,0,0.00460194,0,2.04326,
96077.3,-0.0785143,-0.0322136,-0.606277,-0.610524,2.14319,2.13874,-0.197749,-0.196716,0,-0.00306796,0,0.00460194,0,2.04326,
96097.3,-0.0785143,-0.0322136,-0.606277,-0.610524,2.14319,2.13874,-0.197749,-0.196716,0,-0.00306796,0,0.00460194,0,2.04326,
96117.4,-0.0811549,-0.0398835,-0.606279,-0.610524,2.14324,2.1418,-0.197795,-0.196716,0,-0.00460194,0,0.00460194,0,2.04326,
96137.3,-0.0811549,-0.0398835,-0.606279,-0.610524,2.14324,2.1418,-0.197795,-0.196716,0,-0.00460194,0,0.00460194,0,2.04326,
96157.2,-0.0837958,-0.0398835,-0.60628,-0.610524,2.14328,2.1418,-0.197835,-0.196716,0,-0.00460194,0,0.00460194,0,2.04326,
96177.2,-0.0837958,-0.0398835,-0.60628,-0.610524,2.14328,2.1418,-0.197835,-0.196716,0,-0.00460194,0,0.00460194,0,2.04326,
96197.2,-0.0864369,-0.0398835,-0.606282,-0.610524,2.14332,2.1418,-0.197868,-0.196716,0,-0.00460194,0,0.00460194,0,2.04326,
96217.2,-0.0352816,-0.0352816,-0.606283,-0.610524,2.14334,2.1418,-0.197895,-0.196716,0,-0.00460194,0,0.00306796,2.04633,2.04633,
96237.2,-0.0352816,-0.0352816,-0.606283,-0.610524,2.14334,2.1418,-0.197895,-0.196716,0,-0.00460194,0,0.00306796,2.04633,2.04633,
96257.2,-0.0917196,-0.0352816,-0.606283,-0.610524,2.14336,2.1418,-0.197914,-0.196716,0,-0.00460194,0,0.00306796,0,2.04633,
96277.2,-0.0943611,-0.0352816,-0.606284,-0.610524,2.14338,2.1418,-0.197926,-0.196716,0,-0.00460194,0,0.00306796,0,2.04633,
96297.2,-0.0943611,-0.0352816,-0.606284,-0.610524,2.14338,2.1418,-0.197926,-0.196716,0,-0.00460194,0,0.00306796,0,2.04633,
96317.3,-0.0943611,-0.0352816,-0.606284,-0.610524,2.14338,2.1418,-0.197926,-0.196716,0,-0.00460194,0,0.00306796,0,2.04633,
96337.2,-0.0970026,-0.0352816,-0.606284,-0.610524,2.14338,2.1418,-0.197932,-0.196716,0,-0.00460194,0,0.00306796,0,2.04633,
96357.2,-0.0521553,-0.0521553,-0.606284,-0.60899,2.14338,2.14027,-0.197932,-0.19825,0,-0.00306796,0,0.00306796,2.04326,2.04326,
96377.3,-0.0996441,-0.0521553,-0.606284,-0.60899,2.14338,2.14027,-0.19793,-0.19825,0,-0.00306796,0,0.00306796,0,2.04326,
96397.3,-0.0996441,-0.0521553,-0.606284,-0.60899,2.14338,2.14027,-0.19793,-0.19825,0,-0.00306796,0,0.00306796,0,2.04326,
96417.3,-0.102286,-0.0521553,-0.606284,-0.60899,2.14337,2.14027,-0.197922,-0.19825,0,-0.00306796,0,0.00306796,0,2.04326,
96437.3,-0.104927,-0.0659612,-0.606283,-0.60899,2.14336,2.14027,-0.197907,-0.19825,0,-0.00460194,0,0.00306796,0,2.04326,
96457.4,-0.104927,-0.0659612,-0.606283,-0.60899,2.14336,2.14027,-0.197907,-0.19825,0,-0.00460194,0,0.00306796,0,2.04326,
96477.3,-0.107568,-0.0659612,-0.606282,-0.60899,2.14333,2.14027,-0.197885,-0.19825,0,-0.00460194,0,0.00306796,0,2.04326,
96497.2,-0.11021,-0.0567573,-0.606281,-0.60899,2.1433,2.1418,-0.197856,-0.19825,0,-0.00460194,0,0.00306796,0,2.04326,
96517.2,-0.0567573,-0.0567573,-0.606281,-0.60899,2.1433,2.1418,-0.197856,-0.19825,0,-0.00460194,0,0.00306796,2.04326,2.04326,
96537.3,-0.112851,-0.0567573,-0.60628,-0.60899,2.14326,2.1418,-0.19782,-0.19825,0,-0.00460194,0,0.00306796,0,2.04326,
96557.3,-0.115491,-0.0567573,-0.606278,-0.60899,2.14322,2.1418,-0.197777,-0.19825,0,-0.00460194,0,0.00306796,0,2.04326,
96577.3,-0.115491,-0.0567573,-0.606278,-0.60899,2.14322,2.1418,-0.197777,-0.19825,0,-0.00460194,0,0.00306796,0,2.04326,
96597.3,-0.118132,-0.0567573,-0.606276,-0.60899,2.14317,2.1418,-0.197728,-0.19825,0,-0.00460194,0,0.00306796,0,2.04326,
96617.3,-0.0736311,-0.0736311,-0.606276,-0.610524,2.14317,2.1418,-0.197728,-0.19825,0,-0.00306796,0,0.00306796,2.04326,2.04326,
96637.3,-0.120772,-0.0736311,-0.606273,-0.610524,2.14311,2.1418,-0.197671,-0.19825,0,-0.00306796,0,0.00306796,0,2.04326,
96657.3,-0.123412,-0.0736311,-0.606271,-0.610524,2.14304,2.1418,-0.197608,-0.19825,0,-0.00306796,0,0.00306796,0,2.04326,
96677.3,-0.123412,-0.0736311,-0.606271,-0.610524,2.14304,2.1418,-0.197608,-0.19825,0,-0.00306796,0,0.00306796,0,2.04326,
96697.3,-0.126052,-0.0736311,-0.606268,-0.610524,2.14297,2.1418,-0.197537,-0.19825,0,-0.00306796,0,0.00306796,0,2.04326,
96717.3,-0.128691,-0.0705631,-0.606265,-0.60899,2.14289,2.1418,-0.19746,-0.19825,0,-0.00460194,0,0.00306796,0,2.04326,
96737.3,-0.128691,-0.0705631,-0.606265,-0.60899,2.14289,2.1418,-0.19746,-0.19825,0,-0.00460194,0,0.00306796,0,2.04326,
96757.2,-0.13133,-0.0705631,-0.606261,-0.60899,2.1428,2.1418,-0.197376,-0.19825,0,-0.00460194,0,0.00306796,0,2.04326,
96777.2,-0.133968,-0.0705631,-0.606257,-0.60899,2.14271,2.1418,-0.197285,-0.19825,0,-0.00460194,0,0.00306796,0,2.04326,
96797.2,-0.133968,-0.076699,-0.606257,-0.60899,2.14271,2.1418,-0.197285,-0.19825,0,-0.00460194,0,0.00306796,0,2.04326,
96817.2,-0.136606,-0.076699,-0.606253,-0.60899,2.14261,2.1418,-0.197187,-0.19825,0,-0.00460194,0,0.00306796,0,2.04326,
96837.2,-0.139243,-0.076699,-0.606249,-0.60899,2.1425,2.1418,-0.197083,-0.19825,0,-0.00460194,0,0.00306796,0,2.04326,
96857.2,-0.139243,-0.076699,-0.606249,-0.60899,2.1425,2.1418,-0.197083,-0.19825,0,-0.00460194,0,0.00306796,0,2.04326,
96877.2,-0.14188,-0.076699,-0.606244,-0.60899,2.14238,2.1418,-0.196971,-0.19825,0,-0.00460194,0,0.00306796,0,2.04326,
96897.3,-0.14188,-0.076699,-0.606244,-0.60899,2.14238,2.1418,-0.196971,-0.19825,0,-0.00460194,0,0.00306796,0,2.04326,
96917.2,-0.101243,-0.101243,-0.606239,-0.607456,2.14226,2.1418,-0.196853,-0.19825,0,-0.00306796,0,0.00306796,2.04326,2.04326,
96937.2,-0.147152,-0.101243,-0.606234,-0.607456,2.14213,2.1418,-0.196728,-0.19825,0,-0.00306796,0,0.00306796,0,2.04326,
96957.2,-0.147152,-0.101243,-0.606234,-0.607456,2.14213,2.1418,-0.196728,-0.19825,0,-0.00306796,0,0.00306796,0,2.04326,
96977.4,-0.149786,-0.101243,-0.606228,-0.607456,2.14199,2.1418,-0.196596,-0.19825,0,-0.00306796,0,0.00306796,0,2.04326,
96997.2,-0.149786,-0.101243,-0.606228,-0.607456,2.14199,2.1418,-0.196596,-0.19825,0,-0.00306796,0,0.00306796,0,2.04326,
97017.2,-0.108913,-0.108913,-0.606222,-0.607456,2.14184,2.1418,-0.196457,-0.19825,0,-0.00460194,0,0.00306796,2.04326,2.04326,
97037.2,-0.108913,-0.108913,-0.606222,-0.607456,2.14184,2.1418,-0.196457,-0.19825,0,-0.00460194,0,0.00306796,2.04326,2.04326,
97057.2,-0.155054,-0.108913,-0.606216,-0.607456,2.14169,2.1418,-0.196311,-0.19825,0,-0.00460194,0,0.00306796,0,2.04326,
97077.2,-0.157686,-0.108913,-0.606209,-0.607456,2.14153,2.1418,-0.196158,-0.19825,0,-0.00460194,0,0.00306796,0,2.04326,
97097.3,-0.157686,-0.108913,-0.606209,-0.607456,2.14153,2.1418,-0.196158,-0.19825,0,-0.00460194,0,0.00306796,0,2.04326,
97117.3,-0.160318,-0.116583,-0.606203,-0.607456,2.14137,2.1418,-0.195999,-0.19825,0,-0.00306796,0,0.00306796,0,2.04326,
97137.3,-0.160318,-0.116583,-0.606203,-0.607456,2.14137,2.1418,-0.195999,-0.19825,0,-0.00306796,0,0.00306796,0,2.04326,
97157.2,-0.162948,-0.116583,-0.606195,-0.607456,2.14119,2.1418,-0.195832,-0.19825,0,-0.00306796,0,0.00306796,0,2.04326,
97177.2,-0.165578,-0.116583,-0.606188,-0.607456,2.14101,2.1418,-0.195659,-0.19825,0,-0.00306796,0,0.00306796,0,2.04326,
97197.2,-0.125786,-0.125786,-0.606188,-0.607456,2.14101,2.1418,-0.195659,-0.19825,0,-0.00306796,0,0.00306796,2.04326,2.04326,
97217.4,-0.168207,-0.125786,-0.60618,-0.607456,2.14082,2.1418,-0.195479,-0.19825,0,-0.00306796,0,0.00306796,0,2.04326,
97237.4,-0.168207,-0.125786,-0.60618,-0.607456,2.14082,2.1418,-0.195479,-0.19825,0,-0.00306796,0,0.00306796,0,2.04326,
97257.3,-0.170835,-0.125786,-0.606172,-0.607456,2.14063,2.1418,-0.195293,-0.19825,0,-0.00306796,0,0.00306796,0,2.04326,
97277.4,-0.173462,-0.125786,-0.606163,-0.607456,2.14043,2.1418,-0.195099,-0.19825,0,-0.00306796,0,0.00306796,0,2.04326,
97297.4,-0.173462,-0.125786,-0.606163,-0.607456,2.14043,2.1418,-0.195099,-0.19825,0,-0.00306796,0,0.00306796,0,2.04326,
97317.3,-0.122718,-0.122718,-0.606154,-0.607456,2.14022,2.1418,-0.194899,-0.19825,0,-0.00306796,0,0.00306796,2.04326,2.04326,
97337.3,-0.178713,-0.122718,-0.606145,-0.607456,2.14,2.1418,-0.194691,-0.19825,0,-0.00306796,0,0.00306796,0,2.04326,
97357.3,-0.178713,-0.122718,-0.606145,-0.607456,2.14,2.1418,-0.194691,-0.19825,0,-0.00306796,0,0.00306796,0,2.04326,
97377.3,-0.181337,-0.122718,-0.606135,-0.607456,2.13978,2.1418,-0.194478,-0.19825,0,-0.00306796,0,0.00306796,0,2.04326,
97397.2,-0.183959,-0.122718,-0.606125,-0.607456,2.13955,2.1418,-0.194257,-0.19825,0,-0.00306796,0,0.00306796,0,2.04326,
97417.2,-0.139592,-0.139592,-0.606125,-0.607456,2.13955,2.1418,-0.194257,-0.19825,0,-0.00460194,0,0.00153398,2.04326,2.04326,
97437.3,-0.186581,-0.139592,-0.606115,-0.607456,2.13931,2.1418,-0.194029,-0.19825,0,-0.00460194,0,0.00153398,0,2.04326,
97457.3,-0.189201,-0.139592,-0.606104,-0.607456,2.13906,2.1418,-0.193795,-0.19825,0,-0.00460194,0,0.00153398,0,2.04326,
97477.3,-0.189201,-0.139592,-0.606104,-0.607456,2.13906,2.1418,-0.193795,-0.19825,0,-0.00460194,0,0.00153398,0,2.04326,
97497.3,-0.19182,-0.139592,-0.606093,-0.607456,2.13881,2.1418,-0.193554,-0.19825,0,-0.00460194,0,0.00153398,0,2.04326,
97517.3,-0.194437,-0.15033,-0.606081,-0.60899,2.13855,2.14027,-0.193306,-0.19825,0,-0.00460194,0,0.00153398,0,2.04173,
97537.3,-0.194437,-0.15033,-0.606081,-0.60899,2.13855,2.14027,-0.193306,-0.19825,0,-0.00460194,0,0.00153398,0,2.04173,
97557.3,-0.197053,-0.15033,-0.60607,-0.60899,2.13829,2.14027,-0.193052,-0.19825,0,-0.00460194,0,0.00153398,0,2.04173,
97577.2,-0.197053,-0.15033,-0.60607,-0.60899,2.13829,2.14027,-0.193052,-0.19825,0,-0.00460194,0,0.00153398,0,2.04173,
97597.2,-0.156466,-0.156466,-0.606057,-0.607456,2.13801,2.1418,-0.192791,-0.19825,0,-0.00460194,0,0.00153398,2.04326,2.04326,
97617.2,-0.202282,-0.156466,-0.606045,-0.607456,2.13773,2.1418,-0.192523,-0.19825,0,-0.00460194,0,0.00153398,0,2.04326,
97637.2,-0.202282,-0.156466,-0.606045,-0.607456,2.13773,2.1418,-0.192523,-0.19825,0,-0.00460194,0,0.00153398,0,2.04326,
97657.2,-0.204894,-0.156466,-0.606031,-0.607456,2.13744,2.1418,-0.192248,-0.19825,0,-0.00460194,0,0.00153398,0,2.04326,
97677.3,-0.207505,-0.156466,-0.606018,-0.607456,2.13715,2.1418,-0.191967,-0.19825,0,-0.00460194,0,0.00153398,0,2.04326,
97697.2,-0.207505,-0.156466,-0.606018,-0.607456,2.13715,2.1418,-0.191967,-0.19825,0,-0.00460194,0,0.00153398,0,2.04326,
97717.3,-0.154932,-0.154932,-0.606018,-0.607456,2.13715,2.1418,-0.191967,-0.19825,0,-0.00460194,0,0.00153398,2.04326,2.04326,
97737.3,-0.154932,-0.154932,-0.606018,-0.607456,2.13715,2.1418,-0.191967,-0.19825,0,-0.00460194,0,0.00153398,2.04326,2.04326,
97757.2,-0.154932,-0.154932,-0.606018,-0.607456,2.13715,2.1418,-0.191967,-0.19825,0,-0.00460194,0,0.00153398,2.04326,2.04326,
97777.3,-0.154932,-0.154932,-0.606018,-0.607456,2.13715,2.1418,-0.191967,-0.19825,0,-0.00460194,0,0.00153398,2.04326,2.04326,
97797.3,-0.154932,-0.154932,-0.606018,-0.607456,2.13715,2.1418,-0.191967,-0.19825,0,-0.00460194,0,0.00153398,2.04326,2.04326,
97817.4,-0.171806,-0.171806,-0.606018,-0.607456,2.13715,2.14027,-0.191967,-0.196716,0,-0.00306796,0,0.00153398,2.04326,2.04326,
97837.3,-0.171806,-0.171806,-0.606018,-0.607456,2.13715,2.14027,-0.191967,-0.196716,0,-0.00306796,0,0.00153398,2.04326,2.04326,
97857.4,-0.171806,-0.171806,-0.606018,-0.607456,2.13715,2.14027,-0.191967,-0.196716,0,-0.00306796,0,0.00153398,2.04326,2.04326,
97877.3,-0.171806,-0.171806,-0.606018,-0.607456,2.13715,2.14027,-0.191967,-0.196716,0,-0.00306796,0,0.00153398,2.04326,2.04326,
97897.4,-0.171806,-0.171806,-0.606018,-0.607456,2.13715,2.14027,-0.191967,-0.196716,0,-0.00306796,0,0.00153398,2.04326,2.04326,
97917.3,-0.171806,-0.171806,-0.606018,-0.607456,2.13715,2.14027,-0.191967,-0.19825,0,-0.00460194,0,0.00153398,2.04326,2.04173,
97937.4,-0.171806,-0.171806,-0.606018,-0.607456,2.13715,2.14027,-0.191967,-0.19825,0,-0.00460194,0,0.00153398,2.04326,2.04173,
97957.3,-0.171806,-0.171806,-0.606018,-0.607456,2.13715,2.14027,-0.191967,-0.19825,0,-0.00460194,0,0.00153398,2.04326,2.04173,
97977.4,-0.171806,-0.171806,-0.606018,-0.607456,2.13715,2.14027,-0.191967,-0.19825,0,-0.00460194,0,0.00153398,2.04326,2.04173,
97997.4,-0.171806,-0.171806,-0.606018,-0.607456,2.13715,2.14027,-0.191967,-0.19825,0,-0.00460194,0,0.00153398,2.04326,2.04173,
98017.3,-0.184078,-0.184078,-0.606018,-0.607456,2.13715,2.14027,-0.191967,-0.19825,0,-0.00460194,0,0.00153398,2.04326,2.04173,
98037.3,-0.184078,-0.184078,-0.606018,-0.607456,2.13715,2.14027,-0.191967,-0.19825,0,-0.00460194,0,0.00153398,2.04326,2.04173,
98057.3,-0.184078,-0.184078,-0.606018,-0.607456,2.13715,2.14027,-0.191967,-0.19825,0,-0.00460194,0,0.00153398,2.04326,2.04173,
98077.3,-0.184078,-0.184078,-0.606018,-0.607456,2.13715,2.14027,-0.191967,-0.19825,0,-0.00460194,0,0.00153398,2.04326,2.04173,
98097.3,-0.184078,-0.184078,-0.606018,-0.607456,2.13715,2.14027,-0.191967,-0.19825,0,-0.00460194,0,0.00153398,2.04326,2.04173,
98117.3,-0.184078,-0.184078,-0.606018,-0.607456,2.13715,2.13874,-0.191967,-0.196716,0,-0.00460194,0,0.00153398,2.04326,2.04326,
98137.2,-0.184078,-0.184078,-0.606018,-0.607456,2.13715,2.13874,-0.191967,-0.196716,0,-0.00460194,0,0.00153398,2.04326,2.04326,
98157.2,-0.184078,-0.184078,-0.606018,-0.607456,2.13715,2.13874,-0.191967,-0.196716,0,-0.00460194,0,0.00153398,2.04326,2.04326,
98177.2,-0.184078,-0.184078,-0.606018,-0.607456,2.13715,2.13874,-0.191967,-0.196716,0,-0.00460194,0,0.00153398,2.04326,2.04326,
98197.2,-0.184078,-0.184078,-0.606018,-0.607456,2.13715,2.13874,-0.191967,-0.196716,0,-0.00460194,0,0.00153398,2.04326,2.04326,
98217.2,-0.184078,-0.18868,-0.606018,-0.60899,2.13715,2.1372,-0.191967,-0.196716,0,-0.00306796,0,0.00153398,2.04326,2.04326,
98237.2,-0.184078,-0.18868,-0.606018,-0.60899,2.13715,2.1372,-0.191967,-0.196716,0,-0.00306796,0,0.00153398,2.04326,2.04326,
98257.2,-0.184078,-0.18868,-0.606018,-0.60899,2.13715,2.1372,-0.191967,-0.196716,0,-0.00306796,0,0.00153398,2.04326,2.04326,
98277.2,-0.184078,-0.18868,-0.606018,-0.60899,2.13715,2.1372,-0.191967,-0.196716,0,-0.00306796,0,0.00153398,2.04326,2.04326,
98297.2,-0.184078,-0.18868,-0.606018,-0.60899,2.13715,2.1372,-0.191967,-0.196716,0,-0.00306796,0,0.00153398,2.04326,2.04326,
98317.9,-0.184078,-0.184078,-0.606018,-0.607456,2.13715,2.1372,-0.191967,-0.195182,0,-0.00460194,0,0.00153398,2.04326,2.04326,
98337.2,-0.184078,-0.184078,-0.606018,-0.607456,2.13715,2.1372,-0.191967,-0.195182,0,-0.00460194,0,0.00153398,2.04326,2.04326,
98357.2,-0.184078,-0.184078,-0.606018,-0.607456,2.13715,2.1372,-0.191967,-0.195182,0,-0.00460194,0,0.00153398,2.04326,2.04326,
98377.3,-0.184078,-0.184078,-0.606018,-0.607456,2.13715,2.1372,-0.191967,-0.195182,0,-0.00460194,0,0.00153398,2.04326,2.04326,
98397.2,-0.184078,-0.184078,-0.606018,-0.607456,2.13715,2.1372,-0.191967,-0.196716,0,-0.00460194,0,0.00153398,2.04326,2.04326,
98417.3,-0.184078,-0.184078,-0.606018,-0.607456,2.13715,2.1372,-0.191967,-0.196716,0,-0.00460194,0,0.00153398,2.04326,2.04326,
98437.2,-0.184078,-0.184078,-0.606018,-0.607456,2.13715,2.1372,-0.191967,-0.196716,0,-0.00460194,0,0.00153398,2.04326,2.04326,
98457.2,-0.184078,-0.184078,-0.606018,-0.607456,2.13715,2.1372,-0.191967,-0.196716,0,-0.00460194,0,0.00153398,2.04326,2.04326,
98477.2,-0.184078,-0.184078,-0.606018,-0.607456,2.13715,2.1372,-0.191967,-0.196716,0,-0.00460194,0,0.00153398,2.04326,2.04326,
98497.2,-0.184078,-0.184078,-0.606018,-0.607456,2.13715,2.1372,-0.191967,-0.196716,0,-0.00460194,0,0.00153398,2.04326,2.04326,
98517.2,-0.184078,-0.184078,-0.606018,-0.607456,2.13715,2.1372,-0.191967,-0.196716,0,-0.00460194,0,0.00153398,2.04326,2.04326,
98537.4,-0.184078,-0.184078,-0.606018,-0.607456,2.13715,2.1372,-0.191967,-0.196716,0,-0.00460194,0,0.00153398,2.04326,2.04326,
98557.3,-0.184078,-0.184078,-0.606018,-0.607456,2.13715,2.1372,-0.191967,-0.196716,0,-0.00460194,0,0.00153398,2.04326,2.04326,
98577.4,-0.184078,-0.184078,-0.606018,-0.607456,2.13715,2.1372,-0.191967,-0.196716,0,-0.00460194,0,0.00153398,2.04326,2.04326,
98597.3,-0.184078,-0.184078,-0.606018,-0.607456,2.13715,2.1372,-0.191967,-0.196716,0,-0.00460194,0,0.00153398,2.04326,2.04326,
98617.4,-0.184078,-0.185612,-0.606018,-0.607456,2.13715,2.1372,-0.191967,-0.195182,0,-0.00460194,0,0.00153398,2.04326,2.04173,
98637.3,-0.184078,-0.185612,-0.606018,-0.607456,2.13715,2.1372,-0.191967,-0.195182,0,-0.00460194,0,0.00153398,2.04326,2.04173,
98657.3,-0.184078,-0.185612,-0.606018,-0.607456,2.13715,2.1372,-0.191967,-0.195182,0,-0.00460194,0,0.00153398,2.04326,2.04173,
98677.3,-0.184078,-0.185612,-0.606018,-0.607456,2.13715,2.1372,-0.191967,-0.195182,0,-0.00460194,0,0.00153398,2.04326,2.04173,
98697.3,-0.184078,-0.185612,-0.606018,-0.607456,2.13715,2.1372,-0.191967,-0.195182,0,-0.00460194,0,0.00153398,2.04326,2.04173,
98717.2,-0.184078,-0.185612,-0.606018,-0.607456,2.13715,2.1372,-0.191967,-0.195182,0,-0.00460194,0,0.00153398,2.04326,2.04173,
98737.3,-0.184078,-0.185612,-0.606018,-0.607456,2.13715,2.1372,-0.191967,-0.195182,0,-0.00460194,0,0.00153398,2.04326,2.04173,
98757.3,-0.184078,-0.185612,-0.606018,-0.607456,2.13715,2.1372,-0.191967,-0.195182,0,-0.00460194,0,0.00153398,2.04326,2.04173,
98777.3,-0.184078,-0.185612,-0.606018,-0.607456,2.13715,2.1372,-0.191967,-0.195182,0,-0.00460194,0,0.00153398,2.04326,2.04173,
98797.2,-0.184078,-0.187146,-0.606018,-0.612058,2.13715,2.1372,-0.191967,-0.195182,0,-0.00460194,0,0.00153398,2.04326,2.04326,
98817.2,-0.184078,-0.187146,-0.606018,-0.612058,2.13715,2.1372,-0.191967,-0.195182,0,-0.00460194,0,0.00153398,2.04326,2.04326,
98837.2,-0.184078,-0.187146,-0.606018,-0.612058,2.13715,2.1372,-0.191967,-0.195182,0,-0.00460194,0,0.00153398,2.04326,2.04326,
98857.3,-0.184078,-0.187146,-0.606018,-0.612058,2.13715,2.1372,-0.191967,-0.195182,0,-0.00460194,0,0.00153398,2.04326,2.04326,
98877.3,-0.184078,-0.187146,-0.606018,-0.612058,2.13715,2.1372,-0.191967,-0.195182,0,-0.00460194,0,0.00153398,2.04326,2.04326,
98897.2,-0.184078,-0.187146,-0.606018,-0.612058,2.13715,2.13874,-0.191967,-0.195182,0,-0.00460194,0,0.00153398,2.04326,2.0448,
98917.3,-0.184078,-0.187146,-0.606018,-0.612058,2.13715,2.13874,-0.191967,-0.195182,0,-0.00460194,0,0.00153398,2.04326,2.0448,
98937.3,-0.184078,-0.187146,-0.606018,-0.612058,2.13715,2.13874,-0.191967,-0.195182,0,-0.00460194,0,0.00153398,2.04326,2.0448,
98957.2,-0.184078,-0.187146,-0.606018,-0.612058,2.13715,2.13874,-0.191967,-0.195182,0,-0.00460194,0,0.00153398,2.04326,2.0448,
98977.2,-0.184078,-0.187146,-0.606018,-0.612058,2.13715,2.13874,-0.191967,-0.195182,0,-0.00460194,0,0.00153398,2.04326,2.0448,
98997.3,-0.184078,-0.187146,-0.606018,-0.612058,2.13715,2.13874,-0.191967,-0.195182,0,-0.00460194,0,0.00153398,2.04326,2.0448,
99017.3,-0.184078,-0.187146,-0.606018,-0.605922,2.13715,2.1372,-0.191967,-0.195182,0,-0.00460194,0,0.00153398,2.04326,2.04633,
99037.3,-0.184078,-0.187146,-0.606018,-0.605922,2.13715,2.1372,-0.191967,-0.195182,0,-0.00460194,0,0.00153398,2.04326,2.04633,
99057.3,-0.184078,-0.187146,-0.606018,-0.605922,2.13715,2.1372,-0.191967,-0.195182,0,-0.00460194,0,0.00153398,2.04326,2.04633,
99077.3,-0.184078,-0.187146,-0.606018,-0.605922,2.13715,2.1372,-0.191967,-0.195182,0,-0.00460194,0,0.00153398,2.04326,2.04633,
99097.3,-0.184078,-0.187146,-0.606018,-0.605922,2.13715,2.1372,-0.191967,-0.195182,0,-0.00460194,0,0.00153398,2.04326,2.04633,
99117.2,-0.184078,-0.187146,-0.606018,-0.605922,2.13715,2.13567,-0.191967,-0.195182,0,-0.00460194,0,0.00153398,2.04326,2.0448,
99137.2,-0.184078,-0.187146,-0.606018,-0.605922,2.13715,2.13567,-0.191967,-0.195182,0,-0.00460194,0,0.00153398,2.04326,2.0448,
99157.3,-0.184078,-0.187146,-0.606018,-0.605922,2.13715,2.13567,-0.191967,-0.195182,0,-0.00460194,0,0.00153398,2.04326,2.0448,
99177.3,-0.184078,-0.187146,-0.606018,-0.605922,2.13715,2.13567,-0.191967,-0.195182,0,-0.00460194,0,0.00153398,2.04326,2.0448,
99197.4,-0.184078,-0.18868,-0.606018,-0.612058,2.13715,2.13567,-0.191967,-0.195182,0,-0.00460194,0,0.00153398,2.04326,2.04633,
99217.3,-0.184078,-0.18868,-0.606018,-0.612058,2.13715,2.13567,-0.191967,-0.195182,0,-0.00460194,0,0.00153398,2.04326,2.04633,
99237.4,-0.184078,-0.18868,-0.606018,-0.612058,2.13715,2.13567,-0.191967,-0.195182,0,-0.00460194,0,0.00153398,2.04326,2.04633,
99257.4,-0.184078,-0.18868,-0.606018,-0.612058,2.13715,2.13567,-0.191967,-0.195182,0,-0.00460194,0,0.00153398,2.04326,2.04633,
99277.3,-0.184078,-0.18868,-0.606018,-0.612058,2.13715,2.13567,-0.191967,-0.195182,0,-0.00460194,0,0.00153398,2.04326,2.04633,
99297.4,-0.184078,-0.18868,-0.606018,-0.613592,2.13715,2.13874,-0.191967,-0.195182,0,-0.00460194,0,0.00153398,2.04326,2.04633,
99317.2,-0.184078,-0.18868,-0.606018,-0.613592,2.13715,2.13874,-0.191967,-0.195182,0,-0.00460194,0,0.00153398,2.04326,2.04633,
99337.2,-0.184078,-0.18868,-0.606018,-0.613592,2.13715,2.13874,-0.191967,-0.195182,0,-0.00460194,0,0.00153398,2.04326,2.04633,
99357.2,-0.184078,-0.18868,-0.606018,-0.613592,2.13715,2.13874,-0.191967,-0.195182,0,-0.00460194,0,0.00153398,2.04326,2.04633,
99377.2,-0.184078,-0.18868,-0.606018,-0.613592,2.13715,2.13874,-0.191967,-0.195182,0,-0.00460194,0,0.00153398,2.04326,2.04633,
99397.2,-0.184078,-0.18868,-0.606018,-0.613592,2.13715,2.13874,-0.191967,-0.195182,0,-0.00460194,0,0.00153398,2.04326,2.04633,
99417.2,-0.184078,-0.18868,-0.606018,-0.610524,2.13715,2.13874,-0.191967,-0.195182,0,-0.00306796,0,0.00153398,2.04326,2.04633,
99437.3,-0.184078,-0.18868,-0.606018,-0.610524,2.13715,2.13874,-0.191967,-0.195182,0,-0.00306796,0,0.00153398,2.04326,2.04633,
99457.3,-0.184078,-0.18868,-0.606018,-0.610524,2.13715,2.13874,-0.191967,-0.195182,0,-0.00306796,0,0.00153398,2.04326,2.04633,
99477.2,-0.184078,-0.18868,-0.606018,-0.610524,2.13715,2.13874,-0.191967,-0.195182,0,-0.00306796,0,0.00153398,2.04326,2.04633,
99497.2,-0.184078,-0.18868,-0.606018,-0.610524,2.13715,2.13874,-0.191967,-0.195182,0,-0.00306796,0,0.00153398,2.04326,2.04633,
99517.2,-0.184078,-0.18868,-0.606018,-0.610524,2.13715,2.14027,-0.191967,-0.19058,0,-0.00460194,0,0.00153398,2.04326,2.0448,
99537.2,-0.184078,-0.18868,-0.606018,-0.610524,2.13715,2.14027,-0.191967,-0.19058,0,-0.00460194,0,0.00153398,2.04326,2.0448,
99557.2,-0.184078,-0.18868,-0.606018,-0.610524,2.13715,2.14027,-0.191967,-0.19058,0,-0.00460194,0,0.00153398,2.04326,2.0448,
99577.2,-0.184078,-0.18868,-0.606018,-0.610524,2.13715,2.14027,-0.191967,-0.19058,0,-0.00460194,0,0.00153398,2.04326,2.0448,
99597.3,-0.184078,-0.18868,-0.606018,-0.610524,2.13715,2.14027,-0.191967,-0.19058,0,-0.00460194,0,0.00153398,2.04326,2.0448,
99617.3,-0.184078,-0.190214,-0.606018,-0.612058,2.13715,2.14334,-0.191967,-0.19058,0,-0.00306796,0,0.00306796,2.04326,2.04633,
99637.3,-0.184078,-0.190214,-0.606018,-0.612058,2.13715,2.14334,-0.191967,-0.19058,0,-0.00306796,0,0.00306796,2.04326,2.04633,
99657.3,-0.184078,-0.190214,-0.606018,-0.612058,2.13715,2.14334,-0.191967,-0.19058,0,-0.00306796,0,0.00306796,2.04326,2.04633,
99677.4,-0.184078,-0.190214,-0.606018,-0.612058,2.13715,2.14334,-0.191967,-0.19058,0,-0.00306796,0,0.00306796,2.04326,2.04633,
99697.3,-0.184078,-0.191748,-0.606018,-0.610524,2.13715,2.14334,-0.191967,-0.19058,0,-0.00306796,0,0.00306796,2.04326,2.04633,
99717.3,-0.184078,-0.191748,-0.606018,-0.610524,2.13715,2.14334,-0.191967,-0.19058,0,-0.00306796,0,0.00306796,2.04326,2.04633,
99737.3,-0.184078,-0.191748,-0.606018,-0.610524,2.13715,2.14334,-0.191967,-0.19058,0,-0.00306796,0,0.00306796,2.04326,2.04633,
99757.3,-0.184078,-0.191748,-0.606018,-0.610524,2.13715,2.14334,-0.191967,-0.19058,0,-0.00306796,0,0.00306796,2.04326,2.04633,
99777.3,-0.184078,-0.191748,-0.606018,-0.610524,2.13715,2.14334,-0.191967,-0.19058,0,-0.00306796,0,0.00306796,2.04326,2.04633,
99797.4,-0.184078,-0.191748,-0.606018,-0.610524,2.13715,2.14334,-0.191967,-0.19058,0,-0.00306796,0,0.00306796,2.04326,2.04633,
99817.3,-0.184078,-0.191748,-0.606018,-0.60899,2.13715,2.1418,-0.191967,-0.192114,0,-0.00306796,0,0.00306796,2.04326,2.04786,
99837.3,-0.184078,-0.191748,-0.606018,-0.60899,2.13715,2.1418,-0.191967,-0.192114,0,-0.00306796,0,0.00306796,2.04326,2.04786,
99857.3,-0.184078,-0.191748,-0.606018,-0.60899,2.13715,2.1418,-0.191967,-0.192114,0,-0.00306796,0,0.00306796,2.04326,2.04786,
99877.3,-0.184078,-0.191748,-0.606018,-0.60899,2.13715,2.1418,-0.191967,-0.192114,0,-0.00306796,0,0.00306796,2.04326,2.04786,
99897.3,-0.184078,-0.191748,-0.606018,-0.60899,2.13715,2.1418,-0.191967,-0.192114,0,-0.00306796,0,0.00306796,2.04326,2.04786,
99917.3,-0.184078,-0.193282,-0.606018,-0.607456,2.13715,2.13874,-0.191967,-0.192114,0,-0.00153398,0,0.00153398,2.04326,2.0448,
99937.2,-0.184078,-0.193282,-0.606018,-0.607456,2.13715,2.13874,-0.191967,-0.192114,0,-0.00153398,0,0.00153398,2.04326,2.0448,
99957.2,-0.184078,-0.193282,-0.606018,-0.607456,2.13715,2.13874,-0.191967,-0.192114,0,-0.00153398,0,0.00153398,2.04326,2.0448,
99977.2,-0.184078,-0.193282,-0.606018,-0.607456,2.13715,2.13874,-0.191967,-0.192114,0,-0.00153398,0,0.00153398,2.04326,2.0448,
99997.2,-0.184078,-0.19635,-0.606018,-0.610524,2.13715,2.13874,-0.191967,-0.19058,0,0.00460194,0,0.00306796,2.04326,2.0448,
100017,-0.19635,-0.19635,-0.606018,-0.610524,2.13715,2.13874,-0.191967,-0.19058,0,0.00460194,0,0.00306796,2.04326,2.0448,
100037,-0.19635,-0.19635,-0.606018,-0.610524,2.13715,2.13874,-0.191967,-0.19058,0,0.00460194,0,0.00306796,2.04326,2.0448,
100057,-0.19635,-0.19635,-0.606018,-0.610524,2.13715,2.13874,-0.191967,-0.19058,0,0.00460194,0,0.00306796,2.04326,2.0448,
100077,-0.19635,-0.19635,-0.606018,-0.610524,2.13715,2.13874,-0.191967,-0.19058,0,0.00460194,0,0.00306796,2.04326,2.0448,
100097,-0.19635,-0.194816,-0.606018,-0.610524,2.13715,2.13874,-0.191967,-0.19058,0,0.00306796,0,0.00306796,2.04326,2.04633,
100117,-0.19635,-0.194816,-0.606018,-0.610524,2.13715,2.13874,-0.191967,-0.19058,0,0.00306796,0,0.00306796,2.04326,2.04633,
100137,-0.19635,-0.194816,-0.606018,-0.610524,2.13715,2.13874,-0.191967,-0.19058,0,0.00306796,0,0.00306796,2.04326,2.04633,
100157,-0.19635,-0.194816,-0.606018,-0.610524,2.13715,2.13874,-0.191967,-0.19058,0,0.00306796,0,0.00306796,2.04326,2.04633,
100177,-0.19635,-0.194816,-0.606018,-0.610524,2.13715,2.13874,-0.191967,-0.19058,0,0.00306796,0,0.00306796,2.04326,2.04633,
100197,-0.19635,-0.194816,-0.606018,-0.610524,2.13715,2.13874,-0.191967,-0.19058,0,0.00306796,0,0.00306796,2.04326,2.04633,
100217,-0.19635,-0.197884,-0.606018,-0.610524,2.13715,2.14027,-0.191967,-0.19058,0,0.00306796,0,0.00306796,2.04326,2.04633,
100237,-0.19635,-0.197884,-0.606018,-0.610524,2.13715,2.14027,-0.191967,-0.19058,0,0.00306796,0,0.00306796,2.04326,2.04633,
100257,-0.19635,-0.197884,-0.606018,-0.610524,2.13715,2.14027,-0.191967,-0.19058,0,0.00306796,0,0.00306796,2.04326,2.04633,
100277,-0.19635,-0.197884,-0.606018,-0.610524,2.13715,2.14027,-0.191967,-0.19058,0,0.00306796,0,0.00306796,2.04326,2.04633,
100297,-0.19635,-0.197884,-0.606018,-0.610524,2.13715,2.14027,-0.191967,-0.19058,0,0.00306796,0,0.00306796,2.04326,2.04633,
100317,-0.19635,-0.19635,-0.606018,-0.607456,2.13715,2.13874,-0.191967,-0.19058,0,0.00306796,0,0.00306796,2.04326,2.04786,
100337,-0.19635,-0.19635,-0.606018,-0.607456,2.13715,2.13874,-0.191967,-0.19058,0,0.00306796,0,0.00306796,2.04326,2.04786,
100357,-0.19635,-0.19635,-0.606018,-0.607456,2.13715,2.13874,-0.191967,-0.19058,0,0.00306796,0,0.00306796,2.04326,2.04786,
100377,-0.19635,-0.19635,-0.606018,-0.607456,2.13715,2.13874,-0.191967,-0.19058,0,0.00306796,0,0.00306796,2.04326,2.04786,
100397,-0.19635,-0.200951,-0.606018,-0.610524,2.13715,2.14027,-0.191967,-0.19058,0,0.00306796,0,0.00306796,2.04326,2.04633,
100417,-0.19635,-0.200951,-0.606018,-0.610524,2.13715,2.14027,-0.191967,-0.19058,0,0.00306796,0,0.00306796,2.04326,2.04633,
100437,-0.19635,-0.200951,-0.606018,-0.610524,2.13715,2.14027,-0.191967,-0.19058,0,0.00306796,0,0.00306796,2.04326,2.04633,
100457,-0.19635,-0.200951,-0.606018,-0.610524,2.13715,2.14027,-0.191967,-0.19058,0,0.00306796,0,0.00306796,2.04326,2.04633,
100477,-0.19635,-0.200951,-0.606018,-0.610524,2.13715,2.14027,-0.191967,-0.19058,0,0.00306796,0,0.00306796,2.04326,2.04633,
100497,-0.19635,-0.204019,-0.606018,-0.60899,2.13715,2.13874,-0.191967,-0.19058,0,0.00306796,0,0.00306796,2.04326,2.04633,
100517,-0.19635,-0.204019,-0.606018,-0.60899,2.13715,2.13874,-0.191967,-0.19058,0,0.00306796,0,0.00306796,2.04326,2.04633,
100537,-0.19635,-0.204019,-0.606018,-0.60899,2.13715,2.13874,-0.191967,-0.19058,0,0.00306796,0,0.00306796,2.04326,2.04633,
100557,-0.19635,-0.204019,-0.606018,-0.60899,2.13715,2.13874,-0.191967,-0.19058,0,0.00306796,0,0.00306796,2.04326,2.04633,
100577,-0.19635,-0.204019,-0.606018,-0.60899,2.13715,2.13874,-0.191967,-0.19058,0,0.00306796,0,0.00306796,2.04326,2.04633,
100597,-0.19635,-0.204019,-0.606018,-0.60899,2.13715,2.13874,-0.191967,-0.19058,0,0.00306796,0,0.00306796,2.04326,2.04633,
100617,-0.19635,-0.204019,-0.606018,-0.610524,2.13715,2.13874,-0.191967,-0.19058,0,0.00153398,0,0.00306796,2.04326,2.04633,
100637,-0.19635,-0.204019,-0.606018,-0.610524,2.13715,2.13874,-0.191967,-0.19058,0,0.00153398,0,0.00306796,2.04326,2.04633,
100657,-0.19635,-0.204019,-0.606018,-0.610524,2.13715,2.13874,-0.191967,-0.19058,0,0.00153398,0,0.00306796,2.04326,2.04633,
100677,-0.19635,-0.204019,-0.606018,-0.610524,2.13715,2.13874,-0.191967,-0.19058,0,0.00153398,0,0.00306796,2.04326,2.04633,
100697,-0.19635,-0.204019,-0.606018,-0.610524,2.13715,2.13874,-0.191967,-0.19058,0,0.00153398,0,0.00306796,2.04326,2.04633,
100717,-0.19635,-0.202485,-0.606018,-0.60899,2.13715,2.13874,-0.191967,-0.192114,0,0.00306796,0,0.00153398,2.04326,2.04633,
100737,-0.19635,-0.202485,-0.606018,-0.60899,2.13715,2.13874,-0.191967,-0.192114,0,0.00306796,0,0.00153398,2.04326,2.04633,
100757,-0.19635,-0.202485,-0.606018,-0.60899,2.13715,2.13874,-0.191967,-0.192114,0,0.00306796,0,0.00153398,2.04326,2.04633,
100777,-0.19635,-0.202485,-0.606018,-0.60899,2.13715,2.13874,-0.191967,-0.192114,0,0.00306796,0,0.00153398,2.04326,2.04633,
100797,-0.19635,-0.204019,-0.606018,-0.60899,2.13715,2.13874,-0.191967,-0.19058,0,0.00306796,0,0.00153398,2.04326,2.04633,
100817,-0.19635,-0.204019,-0.606018,-0.60899,2.13715,2.13874,-0.191967,-0.19058,0,0.00306796,0,0.00153398,2.04326,2.04633,
100837,-0.19635,-0.204019,-0.606018,-0.60899,2.13715,2.13874,-0.191967,-0.19058,0,0.00306796,0,0.00153398,2.04326,2.04633,
100857,-0.19635,-0.204019,-0.606018,-0.60899,2.13715,2.13874,-0.191967,-0.19058,0,0.00306796,0,0.00153398,2.04326,2.04633,
100877,-0.19635,-0.204019,-0.606018,-0.60899,2.13715,2.13874,-0.191967,-0.19058,0,0.00306796,0,0.00153398,2.04326,2.04633,
100897,-0.19635,-0.205553,-0.606018,-0.60899,2.13715,2.1372,-0.191967,-0.19058,0,0.00460194,0,0.00153398,2.04326,2.04633,
100917,-0.19635,-0.205553,-0.606018,-0.60899,2.13715,2.1372,-0.191967,-0.19058,0,0.00460194,0,0.00153398,2.04326,2.04633,
100937,-0.19635,-0.205553,-0.606018,-0.60899,2.13715,2.1372,-0.191967,-0.19058,0,0.00460194,0,0.00153398,2.04326,2.04633,
100957,-0.19635,-0.205553,-0.606018,-0.60899,2.13715,2.1372,-0.191967,-0.19058,0,0.00460194,0,0.00153398,2.04326,2.04633,
100977,-0.19635,-0.205553,-0.606018,-0.60899,2.13715,2.1372,-0.191967,-0.19058,0,0.00460194,0,0.00153398,2.04326,2.04633,
100997,-0.19635,-0.205553,-0.606018,-0.60899,2.13715,2.1372,-0.191967,-0.19058,0,0.00460194,0,0.00153398,2.04326,2.04633,
101017,-0.210155,-0.210155,-0.606018,-0.610524,2.13715,2.13874,-0.191967,-0.19058,0,0.00460194,0,0.00153398,2.04326,2.0448,
101037,-0.210155,-0.210155,-0.606018,-0.610524,2.13715,2.13874,-0.191967,-0.19058,0,0.00460194,0,0.00153398,2.04326,2.0448,
101057,-0.210155,-0.210155,-0.606018,-0.610524,2.13715,2.13874,-0.191967,-0.19058,0,0.00460194,0,0.00153398,2.04326,2.0448,
101077,-0.210155,-0.210155,-0.606018,-0.610524,2.13715,2.13874,-0.191967,-0.19058,0,0.00460194,0,0.00153398,2.04326,2.0448,
101097,-0.210155,-0.210155,-0.606018,-0.610524,2.13715,2.13874,-0.191967,-0.19058,0,0.00460194,0,0.00153398,2.04326,2.0448,
101117,-0.210155,-0.208621,-0.606018,-0.60899,2.13715,2.1372,-0.191967,-0.19058,0,0.00613592,0,0.00153398,2.04326,2.04633,
101137,-0.210155,-0.208621,-0.606018,-0.60899,2.13715,2.1372,-0.191967,-0.19058,0,0.00613592,0,0.00153398,2.04326,2.04633,
101157,-0.210155,-0.208621,-0.606018,-0.60899,2.13715,2.1372,-0.191967,-0.19058,0,0.00613592,0,0.00153398,2.04326,2.04633,
101177,-0.210155,-0.208621,-0.606018,-0.60899,2.13715,2.1372,-0.191967,-0.19058,0,0.00613592,0,0.00153398,2.04326,2.04633,
101197,-0.210155,-0.210155,-0.606018,-0.607456,2.13715,2.13413,-0.191967,-0.19058,0,0.00460194,0,0,2.04326,2.04633,
101217,-0.210155,-0.210155,-0.606018,-0.607456,2.13715,2.13413,-0.191967,-0.19058,0,0.00460194,0,0,2.04326,2.04633,
101237,-0.210155,-0.210155,-0.606018,-0.607456,2.13715,2.13413,-0.191967,-0.19058,0,0.00460194,0,0,2.04326,2.04633,
101257,-0.210155,-0.210155,-0.606018,-0.607456,2.13715,2.13413,-0.191967,-0.19058,0,0.00460194,0,0,2.04326,2.04633,
101277,-0.210155,-0.210155,-0.606018,-0.607456,2.13715,2.13413,-0.191967,-0.19058,0,0.00460194,0,0,2.04326,2.04633,
101297,-0.210155,-0.214757,-0.606018,-0.607456,2.13715,2.12953,-0.191967,-0.19058,0,0.0076699,0,0.00153398,2.04326,2.04633,
101317,-0.210155,-0.214757,-0.606018,-0.607456,2.13715,2.12953,-0.191967,-0.19058,0,0.0076699,0,0.00153398,2.04326,2.04633,
101337,-0.210155,-0.214757,-0.606018,-0.607456,2.13715,2.12953,-0.191967,-0.19058,0,0.0076699,0,0.00153398,2.04326,2.04633,
101357,-0.210155,-0.214757,-0.606018,-0.607456,2.13715,2.12953,-0.191967,-0.19058,0,0.0076699,0,0.00153398,2.04326,2.04633,
101377,-0.210155,-0.214757,-0.606018,-0.607456,2.13715,2.12953,-0.191967,-0.19058,0,0.0076699,0,0.00153398,2.04326,2.04633,
101397,-0.210155,-0.214757,-0.606018,-0.607456,2.13715,2.12953,-0.191967,-0.19058,0,0.0076699,0,0.00153398,2.04326,2.04633,
101417,-0.210155,-0.219359,-0.606018,-0.612058,2.13715,2.1372,-0.191967,-0.19058,0,0.0076699,0,0.00153398,2.04326,2.04633,
101437,-0.210155,-0.219359,-0.606018,-0.612058,2.13715,2.1372,-0.191967,-0.19058,0,0.0076699,0,0.00153398,2.04326,2.04633,
101457,-0.210155,-0.219359,-0.606018,-0.612058,2.13715,2.1372,-0.191967,-0.19058,0,0.0076699,0,0.00153398,2.04326,2.04633,
101477,-0.210155,-0.219359,-0.606018,-0.612058,2.13715,2.1372,-0.191967,-0.19058,0,0.0076699,0,0.00153398,2.04326,2.04633,
101497,-0.210155,-0.219359,-0.606018,-0.612058,2.13715,2.1372,-0.191967,-0.19058,0,0.0076699,0,0.00153398,2.04326,2.04633,
101517,-0.210155,-0.219359,-0.606018,-0.610524,2.13715,2.1372,-0.191967,-0.19058,0,0.0076699,0,0,2.04326,2.04326,
101537,-0.210155,-0.219359,-0.606018,-0.610524,2.13715,2.1372,-0.191967,-0.19058,0,0.0076699,0,0,2.04326,2.04326,
101557,-0.210155,-0.219359,-0.606018,-0.610524,2.13715,2.1372,-0.191967,-0.19058,0,0.0076699,0,0,2.04326,2.04326,
101577,-0.210155,-0.219359,-0.606018,-0.610524,2.13715,2.1372,-0.191967,-0.19058,0,0.0076699,0,0,2.04326,2.04326,
101597,-0.210155,-0.213223,-0.606018,-0.610524,2.13715,2.13567,-0.191967,-0.19058,0,0.0076699,0,0,2.04326,2.04633,
101617,-0.210155,-0.213223,-0.606018,-0.610524,2.13715,2.13567,-0.191967,-0.19058,0,0.0076699,0,0,2.04326,2.04633,
101637,-0.210155,-0.213223,-0.606018,-0.610524,2.13715,2.13567,-0.191967,-0.19058,0,0.0076699,0,0,2.04326,2.04633,
101657,-0.210155,-0.213223,-0.606018,-0.610524,2.13715,2.13567,-0.191967,-0.19058,0,0.0076699,0,0,2.04326,2.04633,
101677,-0.210155,-0.213223,-0.606018,-0.610524,2.13715,2.13567,-0.191967,-0.19058,0,0.0076699,0,0,2.04326,2.04633,
101697,-0.210155,-0.213223,-0.606018,-0.610524,2.13715,2.13567,-0.191967,-0.19058,0,0.0076699,0,0,2.04326,2.04633,
101717,-0.210155,-0.213223,-0.606018,-0.610524,2.13715,2.13567,-0.191967,-0.19058,0,0.0076699,0,0,2.04326,2.04633,
101737,-0.210155,-0.213223,-0.606018,-0.610524,2.13715,2.13567,-0.191967,-0.19058,0,0.0076699,0,0,2.04326,2.04633,
101757,-0.210155,-0.213223,-0.606018,-0.610524,2.13715,2.13567,-0.191967,-0.19058,0,0.0076699,0,0,2.04326,2.04633,
101777,-0.210155,-0.213223,-0.606018,-0.610524,2.13715,2.13567,-0.191967,-0.19058,0,0.0076699,0,0,2.04326,2.04633,
101797,-0.210155,-0.213223,-0.606018,-0.610524,2.13715,2.13567,-0.191967,-0.19058,0,0.0076699,0,0,2.04326,2.04633,
101817,-0.210155,-0.214757,-0.606018,-0.607456,2.13715,2.128,-0.191967,-0.19058,0,0.00613592,0,0,2.04326,2.0448,
101837,-0.210155,-0.214757,-0.606018,-0.607456,2.13715,2.128,-0.191967,-0.19058,0,0.00613592,0,0,2.04326,2.0448,
101857,-0.210155,-0.214757,-0.606018,-0.607456,2.13715,2.128,-0.191967,-0.19058,0,0.00613592,0,0,2.04326,2.0448,
101877,-0.210155,-0.214757,-0.606018,-0.607456,2.13715,2.128,-0.191967,-0.19058,0,0.00613592,0,0,2.04326,2.0448,
101897,-0.210155,-0.214757,-0.606018,-0.607456,2.13715,2.128,-0.191967,-0.19058,0,0.00613592,0,0,2.04326,2.0448,
101917,-0.210155,-0.219359,-0.606018,-0.610524,2.13715,2.1326,-0.191967,-0.19058,0,0.00920388,0,0,2.04326,2.04326,
101937,-0.210155,-0.219359,-0.606018,-0.610524,2.13715,2.1326,-0.191967,-0.19058,0,0.00920388,0,0,2.04326,2.04326,
101957,-0.210155,-0.219359,-0.606018,-0.610524,2.13715,2.1326,-0.191967,-0.19058,0,0.00920388,0,0,2.04326,2.04326,
101977,-0.210155,-0.219359,-0.606018,-0.610524,2.13715,2.1326,-0.191967,-0.19058,0,0.00920388,0,0,2.04326,2.04326,
101997,-0.210155,-0.219359,-0.606018,-0.60899,2.13715,2.1326,-0.191967,-0.19058,0,0.00920388,0,0,2.04326,2.04326,
102017,-0.210155,-0.219359,-0.606018,-0.60899,2.13715,2.1326,-0.191967,-0.19058,0,0.00920388,0,0,2.04326,2.04326,
102039,-0.210155,-0.219359,-0.606018,-0.60899,2.13715,2.1326,-0.191967,-0.19058,0,0.00920388,0,0,2.04326,2.04326,
102057,-0.210155,-0.219359,-0.606018,-0.60899,2.13715,2.1326,-0.191967,-0.19058,0,0.00920388,0,0,2.04326,2.04326,
102077,-0.210155,-0.219359,-0.606018,-0.60899,2.13715,2.1326,-0.191967,-0.19058,0,0.00920388,0,0,2.04326,2.04326,
102097,-0.210155,-0.214757,-0.606018,-0.60899,2.13715,2.1326,-0.191967,-0.19058,0,0.0076699,0,0,2.04326,2.04633,
102117,-0.210155,-0.214757,-0.606018,-0.60899,2.13715,2.1326,-0.191967,-0.19058,0,0.0076699,0,0,2.04326,2.04633,
102137,-0.210155,-0.214757,-0.606018,-0.60899,2.13715,2.1326,-0.191967,-0.19058,0,0.0076699,0,0,2.04326,2.04633,
102157,-0.210155,-0.214757,-0.606018,-0.60899,2.13715,2.1326,-0.191967,-0.19058,0,0.0076699,0,0,2.04326,2.04633,
102177,-0.210155,-0.214757,-0.606018,-0.60899,2.13715,2.1326,-0.191967,-0.19058,0,0.0076699,0,0,2.04326,2.04633,
102197,-0.210155,-0.214757,-0.606018,-0.60899,2.13715,2.1326,-0.191967,-0.19058,0,0.0076699,0,0,2.04326,2.04633,
102217,-0.210155,-0.211689,-0.606018,-0.60899,2.13715,2.1326,-0.191967,-0.192114,0,0.00306796,0,0,2.04326,2.04633,
102237,-0.210155,-0.211689,-0.606018,-0.60899,2.13715,2.1326,-0.191967,-0.192114,0,0.00306796,0,0,2.04326,2.04633,
102257,-0.210155,-0.211689,-0.606018,-0.60899,2.13715,2.1326,-0.191967,-0.192114,0,0.00306796,0,0,2.04326,2.04633,
102277,-0.210155,-0.211689,-0.606018,-0.60899,2.13715,2.1326,-0.191967,-0.192114,0,0.00306796,0,0,2.04326,2.04633,
102297,-0.210155,-0.211689,-0.606018,-0.60899,2.13715,2.1326,-0.191967,-0.192114,0,0.00306796,0,0,2.04326,2.04633,
102317,-0.210155,-0.214757,-0.606018,-0.610524,2.13715,2.13413,-0.191967,-0.19058,0,0.00306796,0,0,2.04326,2.04633,
102337,-0.210155,-0.214757,-0.606018,-0.610524,2.13715,2.13413,-0.191967,-0.19058,0,0.00306796,0,0,2.04326,2.04633,
102357,-0.210155,-0.214757,-0.606018,-0.610524,2.13715,2.13413,-0.191967,-0.19058,0,0.00306796,0,0,2.04326,2.04633,
102377,-0.210155,-0.214757,-0.606018,-0.610524,2.13715,2.13413,-0.191967,-0.19058,0,0.00306796,0,0,2.04326,2.04633,
102397,-0.210155,-0.217825,-0.606018,-0.60899,2.13715,2.13413,-0.191967,-0.19058,0,0.00460194,0,0,2.04326,2.04633,
102417,-0.210155,-0.217825,-0.606018,-0.60899,2.13715,2.13413,-0.191967,-0.19058,0,0.00460194,0,0,2.04326,2.04633,
102437,-0.210155,-0.217825,-0.606018,-0.60899,2.13715,2.13413,-0.191967,-0.19058,0,0.00460194,0,0,2.04326,2.04633,
102457,-0.210155,-0.217825,-0.606018,-0.60899,2.13715,2.13413,-0.191967,-0.19058,0,0.00460194,0,0,2.04326,2.04633,
102477,-0.210155,-0.217825,-0.606018,-0.60899,2.13715,2.13413,-0.191967,-0.19058,0,0.00460194,0,0,2.04326,2.04633,
102497,-0.210155,-0.214757,-0.606018,-0.60899,2.13715,2.1326,-0.191967,-0.19058,0,0.00460194,0,0,2.04326,2.04633,
102517,-0.210155,-0.214757,-0.606018,-0.60899,2.13715,2.1326,-0.191967,-0.19058,0,0.00460194,0,0,2.04326,2.04633,
102537,-0.210155,-0.214757,-0.606018,-0.60899,2.13715,2.1326,-0.191967,-0.19058,0,0.00460194,0,0,2.04326,2.04633,
102557,-0.210155,-0.214757,-0.606018,-0.60899,2.13715,2.1326,-0.191967,-0.19058,0,0.00460194,0,0,2.04326,2.04633,
102577,-0.210155,-0.214757,-0.606018,-0.60899,2.13715,2.1326,-0.191967,-0.19058,0,0.00460194,0,0,2.04326,2.04633,
102597,-0.210155,-0.214757,-0.606018,-0.60899,2.13715,2.1326,-0.191967,-0.19058,0,0.00460194,0,0,2.04326,2.04633,
102617,-0.210155,-0.216291,-0.606018,-0.60899,2.13715,2.13413,-0.191967,-0.19058,0,0.00460194,0,0,2.04326,2.04633,
102637,-0.210155,-0.216291,-0.606018,-0.60899,2.13715,2.13413,-0.191967,-0.19058,0,0.00460194,0,0,2.04326,2.04633,
102657,-0.210155,-0.216291,-0.606018,-0.60899,2.13715,2.13413,-0.191967,-0.19058,0,0.00460194,0,0,2.04326,2.04633,
102677,-0.210155,-0.216291,-0.606018,-0.60899,2.13715,2.13413,-0.191967,-0.19058,0,0.00460194,0,0,2.04326,2.04633,
102697,-0.210155,-0.216291,-0.606018,-0.60899,2.13715,2.13413,-0.191967,-0.19058,0,0.00460194,0,0,2.04326,2.04633,
102717,-0.210155,-0.216291,-0.606018,-0.60899,2.13715,2.13413,-0.191967,-0.19058,0,0.00460194,0,0,2.04326,2.04633,
102737,-0.210155,-0.216291,-0.606018,-0.60899,2.13715,2.13413,-0.191967,-0.19058,0,0.00460194,0,0,2.04326,2.04633,
102757,-0.210155,-0.216291,-0.606018,-0.60899,2.13715,2.13413,-0.191967,-0.19058,0,0.00460194,0,0,2.04326,2.04633,
102777,-0.210155,-0.216291,-0.606018,-0.60899,2.13715,2.13413,-0.191967,-0.19058,0,0.00460194,0,0,2.04326,2.04633,
102797,-0.210155,-0.216291,-0.606018,-0.60899,2.13715,2.13413,-0.191967,-0.19058,0,0.00460194,0,0,2.04326,2.04633,
102817,-0.210155,-0.214757,-0.606018,-0.60899,2.13715,2.1326,-0.191967,-0.192114,0,0.00306796,0,0,2.04326,2.04786,
102837,-0.210155,-0.214757,-0.606018,-0.60899,2.13715,2.1326,-0.191967,-0.192114,0,0.00306796,0,0,2.04326,2.04786,
102857,-0.210155,-0.214757,-0.606018,-0.60899,2.13715,2.1326,-0.191967,-0.192114,0,0.00306796,0,0,2.04326,2.04786,
102877,-0.210155,-0.214757,-0.606018,-0.60899,2.13715,2.1326,-0.191967,-0.192114,0,0.00306796,0,0,2.04326,2.04786,
102897,-0.210155,-0.214757,-0.606018,-0.60899,2.13715,2.13413,-0.191967,-0.192114,0,0.00306796,0,0,2.04326,2.04633,
102917,-0.210155,-0.214757,-0.606018,-0.60899,2.13715,2.13413,-0.191967,-0.192114,0,0.00306796,0,0,2.04326,2.04633,
102937,-0.210155,-0.214757,-0.606018,-0.60899,2.13715,2.13413,-0.191967,-0.192114,0,0.00306796,0,0,2.04326,2.04633,
102957,-0.210155,-0.214757,-0.606018,-0.60899,2.13715,2.13413,-0.191967,-0.192114,0,0.00306796,0,0,2.04326,2.04633,
102977,-0.210155,-0.214757,-0.606018,-0.60899,2.13715,2.13413,-0.191967,-0.192114,0,0.00306796,0,0,2.04326,2.04633,
102997,-0.210155,-0.214757,-0.606018,-0.60899,2.13715,2.13413,-0.191967,-0.192114,0,0.00306796,0,0,2.04326,2.04633,
103017,-0.210155,-0.216291,-0.606018,-0.60899,2.13715,2.13413,-0.191967,-0.19058,0,0.00306796,0,0,2.04326,2.04633,
103037,-0.210155,-0.216291,-0.606018,-0.60899,2.13715,2.13413,-0.191967,-0.19058,0,0.00306796,0,0,2.04326,2.04633,
103057,-0.210155,-0.216291,-0.606018,-0.60899,2.13715,2.13413,-0.191967,-0.19058,0,0.00306796,0,0,2.04326,2.04633,
103077,-0.210155,-0.216291,-0.606018,-0.60899,2.13715,2.13413,-0.191967,-0.19058,0,0.00306796,0,0,2.04326,2.04633,
103097,-0.210155,-0.216291,-0.606018,-0.60899,2.13715,2.13413,-0.191967,-0.19058,0,0.00306796,0,0,2.04326,2.04633,
103117,-0.210155,-0.214757,-0.606018,-0.60899,2.13715,2.13413,-0.191967,-0.19058,0,0.00306796,0,0,2.04326,2.04633,
103137,-0.210155,-0.214757,-0.606018,-0.60899,2.13715,2.13413,-0.191967,-0.19058,0,0.00306796,0,0,2.04326,2.04633,
103157,-0.210155,-0.214757,-0.606018,-0.60899,2.13715,2.13413,-0.191967,-0.19058,0,0.00306796,0,0,2.04326,2.04633,
103177,-0.210155,-0.214757,-0.606018,-0.60899,2.13715,2.13413,-0.191967,-0.19058,0,0.00306796,0,0,2.04326,2.04633,
103197,-0.210155,-0.214757,-0.606018,-0.60899,2.13715,2.1326,-0.191967,-0.19058,0,0.00306796,0,0,2.04326,2.04633,
103217,-0.210155,-0.214757,-0.606018,-0.60899,2.13715,2.1326,-0.191967,-0.19058,0,0.00306796,0,0,2.04326,2.04633,
103237,-0.210155,-0.214757,-0.606018,-0.60899,2.13715,2.1326,-0.191967,-0.19058,0,0.00306796,0,0,2.04326,2.04633,
103257,-0.210155,-0.214757,-0.606018,-0.60899,2.13715,2.1326,-0.191967,-0.19058,0,0.00306796,0,0,2.04326,2.04633,
103277,-0.210155,-0.214757,-0.606018,-0.60899,2.13715,2.1326,-0.191967,-0.19058,0,0.00306796,0,0,2.04326,2.04633,
103297,-0.210155,-0.214757,-0.606018,-0.60899,2.13715,2.13413,-0.191967,-0.19058,0,0.00306796,0,0,2.04326,2.04633,
103317,-0.210155,-0.214757,-0.606018,-0.60899,2.13715,2.13413,-0.191967,-0.19058,0,0.00306796,0,0,2.04326,2.04633,
103337,-0.210155,-0.214757,-0.606018,-0.60899,2.13715,2.13413,-0.191967,-0.19058,0,0.00306796,0,0,2.04326,2.04633,
103357,-0.210155,-0.214757,-0.606018,-0.60899,2.13715,2.13413,-0.191967,-0.19058,0,0.00306796,0,0,2.04326,2.04633,
103377,-0.210155,-0.214757,-0.606018,-0.60899,2.13715,2.13413,-0.191967,-0.19058,0,0.00306796,0,0,2.04326,2.04633,
103397,-0.210155,-0.214757,-0.606018,-0.60899,2.13715,2.13413,-0.191967,-0.19058,0,0.00306796,0,0,2.04326,2.04633,
103417,-0.210155,-0.213223,-0.606018,-0.60899,2.13715,2.13413,-0.191967,-0.19058,0,0.00306796,0,0,2.04326,2.04633,
103437,-0.210155,-0.213223,-0.606018,-0.60899,2.13715,2.13413,-0.191967,-0.19058,0,0.00306796,0,0,2.04326,2.04633,
103457,-0.210155,-0.213223,-0.606018,-0.60899,2.13715,2.13413,-0.191967,-0.19058,0,0.00306796,0,0,2.04326,2.04633,
103477,-0.210155,-0.213223,-0.606018,-0.60899,2.13715,2.13413,-0.191967,-0.19058,0,0.00306796,0,0,2.04326,2.04633,
103497,-0.210155,-0.213223,-0.606018,-0.60899,2.13715,2.13413,-0.191967,-0.19058,0,0.00306796,0,0,2.04326,2.04633,
103517,-0.210155,-0.214757,-0.606018,-0.60899,2.13715,2.1326,-0.191967,-0.19058,0,0.00306796,0,0,2.04326,2.04786,
103537,-0.210155,-0.214757,-0.606018,-0.60899,2.13715,2.1326,-0.191967,-0.19058,0,0.00306796,0,0,2.04326,2.04786,
103557,-0.210155,-0.214757,-0.606018,-0.60899,2.13715,2.1326,-0.191967,-0.19058,0,0.00306796,0,0,2.04326,2.04786,
103577,-0.210155,-0.214757,-0.606018,-0.60899,2.13715,2.1326,-0.191967,-0.19058,0,0.00306796,0,0,2.04326,2.04786,
103597,-0.210155,-0.213223,-0.606018,-0.60899,2.13715,2.13413,-0.191967,-0.19058,0,0.00306796,0,0,2.04326,2.04633,
103617,-0.210155,-0.213223,-0.606018,-0.60899,2.13715,2.13413,-0.191967,-0.19058,0,0.00306796,0,0,2.04326,2.04633,
103637,-0.210155,-0.213223,-0.606018,-0.60899,2.13715,2.13413,-0.191967,-0.19058,0,0.00306796,0,0,2.04326,2.04633,
103657,-0.210155,-0.213223,-0.606018,-0.60899,2.13715,2.13413,-0.191967,-0.19058,0,0.00306796,0,0,2.04326,2.04633,
103677,-0.210155,-0.213223,-0.606018,-0.60899,2.13715,2.13413,-0.191967,-0.19058,0,0.00306796,0,0,2.04326,2.04633,
103697,-0.210155,-0.213223,-0.606018,-0.60899,2.13715,2.13413,-0.191967,-0.19058,0,0.00306796,0,0,2.04326,2.04633,
103717,-0.210155,-0.213223,-0.606018,-0.60899,2.13715,2.1326,-0.191967,-0.19058,0,0.00306796,0,0,2.04326,2.04633,
103737,-0.210155,-0.213223,-0.606018,-0.60899,2.13715,2.1326,-0.191967,-0.19058,0,0.00306796,0,0,2.04326,2.04633,
103757,-0.210155,-0.213223,-0.606018,-0.60899,2.13715,2.1326,-0.191967,-0.19058,0,0.00306796,0,0,2.04326,2.04633,
103777,-0.210155,-0.213223,-0.606018,-0.60899,2.13715,2.1326,-0.191967,-0.19058,0,0.00306796,0,0,2.04326,2.04633,
103797,-0.210155,-0.213223,-0.606018,-0.60899,2.13715,2.1326,-0.191967,-0.19058,0,0.00306796,0,0,2.04326,2.04633,
103817,-0.210155,-0.214757,-0.606018,-0.60899,2.13715,2.1326,-0.191967,-0.19058,0,0.00306796,0,0,2.04326,2.04633,
103837,-0.210155,-0.214757,-0.606018,-0.60899,2.13715,2.1326,-0.191967,-0.19058,0,0.00306796,0,0,2.04326,2.04633,
103857,-0.210155,-0.214757,-0.606018,-0.60899,2.13715,2.1326,-0.191967,-0.19058,0,0.00306796,0,0,2.04326,2.04633,
103877,-0.210155,-0.214757,-0.606018,-0.60899,2.13715,2.1326,-0.191967,-0.19058,0,0.00306796,0,0,2.04326,2.04633,
103897,-0.210155,-0.214757,-0.606018,-0.60899,2.13715,2.1326,-0.191967,-0.19058,0,0.00306796,0,0,2.04326,2.04633,
103917,-0.210155,-0.213223,-0.606018,-0.60899,2.13715,2.13413,-0.191967,-0.19058,0,0.00306796,0,0,2.04326,2.04633,
103937,-0.210155,-0.213223,-0.606018,-0.60899,2.13715,2.13413,-0.191967,-0.19058,0,0.00306796,0,0,2.04326,2.04633,
103957,-0.210155,-0.213223,-0.606018,-0.60899,2.13715,2.13413,-0.191967,-0.19058,0,0.00306796,0,0,2.04326,2.04633,
103977,-0.210155,-0.213223,-0.606018,-0.60899,2.13715,2.13413,-0.191967,-0.19058,0,0.00306796,0,0,2.04326,2.04633,
103997,-0.210155,-0.213223,-0.606018,-0.60899,2.13715,2.13413,-0.191967,-0.19058,0,0.00306796,0,0,2.04326,2.04786,
104017,-0.210155,-0.213223,-0.606018,-0.60899,2.13715,2.13413,-0.191967,-0.19058,0,0.00306796,0,0,2.04326,2.04786,
104037,-0.210155,-0.213223,-0.606018,-0.60899,2.13715,2.13413,-0.191967,-0.19058,0,0.00306796,0,0,2.04326,2.04786,
104057,-0.210155,-0.213223,-0.606018,-0.60899,2.13715,2.13413,-0.191967,-0.19058,0,0.00306796,0,0,2.04326,2.04786,
104077,-0.210155,-0.213223,-0.606018,-0.60899,2.13715,2.13413,-0.191967,-0.19058,0,0.00306796,0,0,2.04326,2.04786,
104097,-0.210155,-0.213223,-0.606018,-0.60899,2.13715,2.13413,-0.191967,-0.19058,0,0.00306796,0,0,2.04326,2.04633,
104117,-0.210155,-0.213223,-0.606018,-0.60899,2.13715,2.13413,-0.191967,-0.19058,0,0.00306796,0,0,2.04326,2.04633,
104137,-0.210155,-0.213223,-0.606018,-0.60899,2.13715,2.13413,-0.191967,-0.19058,0,0.00306796,0,0,2.04326,2.04633,
104157,-0.210155,-0.213223,-0.606018,-0.60899,2.13715,2.13413,-0.191967,-0.19058,0,0.00306796,0,0,2.04326,2.04633,
104177,-0.210155,-0.213223,-0.606018,-0.60899,2.13715,2.13413,-0.191967,-0.19058,0,0.00306796,0,0,2.04326,2.04633,
104197,-0.210155,-0.213223,-0.606018,-0.60899,2.13715,2.13413,-0.191967,-0.19058,0,0.00306796,0,0,2.04326,2.04633,
104217,-0.210155,-0.213223,-0.606018,-0.60899,2.13715,2.13413,-0.191967,-0.19058,0,0.00306796,0,0,2.04326,2.04633,
104237,-0.210155,-0.213223,-0.606018,-0.60899,2.13715,2.13413,-0.191967,-0.19058,0,0.00306796,0,0,2.04326,2.04633,
104257,-0.210155,-0.213223,-0.606018,-0.60899,2.13715,2.13413,-0.191967,-0.19058,0,0.00306796,0,0,2.04326,2.04633,
104277,-0.210155,-0.213223,-0.606018,-0.60899,2.13715,2.13413,-0.191967,-0.19058,0,0.00306796,0,0,2.04326,2.04633,
104297,-0.210155,-0.213223,-0.606018,-0.60899,2.13715,2.13413,-0.191967,-0.19058,0,0.00306796,0,0,2.04326,2.04633,
104317,-0.210155,-0.213223,-0.606018,-0.60899,2.13715,2.13413,-0.191967,-0.192114,0,0.00306796,0,0,2.04326,2.04633,
104337,-0.210155,-0.213223,-0.606018,-0.60899,2.13715,2.13413,-0.191967,-0.192114,0,0.00306796,0,0,2.04326,2.04633,
104357,-0.210155,-0.213223,-0.606018,-0.60899,2.13715,2.13413,-0.191967,-0.192114,0,0.00306796,0,0,2.04326,2.04633,
104377,-0.210155,-0.213223,-0.606018,-0.60899,2.13715,2.13413,-0.191967,-0.192114,0,0.00306796,0,0,2.04326,2.04633,
104397,-0.210155,-0.211689,-0.606018,-0.60899,2.13715,2.13413,-0.191967,-0.19058,0,0.00306796,0,0,2.04326,2.04633,
104417,-0.210155,-0.211689,-0.606018,-0.60899,2.13715,2.13413,-0.191967,-0.19058,0,0.00306796,0,0,2.04326,2.04633,
104437,-0.210155,-0.211689,-0.606018,-0.60899,2.13715,2.13413,-0.191967,-0.19058,0,0.00306796,0,0,2.04326,2.04633,
104457,-0.210155,-0.211689,-0.606018,-0.60899,2.13715,2.13413,-0.191967,-0.19058,0,0.00306796,0,0,2.04326,2.04633,
104477,-0.210155,-0.211689,-0.606018,-0.60899,2.13715,2.13413,-0.191967,-0.19058,0,0.00306796,0,0,2.04326,2.04633,
104497,-0.210155,-0.211689,-0.606018,-0.60899,2.13715,2.13413,-0.191967,-0.19058,0,0.00306796,0,0,2.04326,2.04633,
104517,-0.210155,-0.211689,-0.606018,-0.60899,2.13715,2.13413,-0.191967,-0.19058,0,0.00306796,0,0,2.04326,2.04633,
104537,-0.210155,-0.211689,-0.606018,-0.60899,2.13715,2.13413,-0.191967,-0.19058,0,0.00306796,0,0,2.04326,2.04633,
104557,-0.210155,-0.211689,-0.606018,-0.60899,2.13715,2.13413,-0.191967,-0.19058,0,0.00306796,0,0,2.04326,2.04633,
104577,-0.210155,-0.211689,-0.606018,-0.60899,2.13715,2.13413,-0.191967,-0.19058,0,0.00306796,0,0,2.04326,2.04633,
104597,-0.210155,-0.211689,-0.606018,-0.60899,2.13715,2.13413,-0.191967,-0.19058,0,0.00306796,0,0,2.04326,2.04633,
104617,-0.210155,-0.211689,-0.606018,-0.60899,2.13715,2.13413,-0.191967,-0.19058,0,0.00306796,0,0,2.04326,2.04633,
104637,-0.210155,-0.211689,-0.606018,-0.60899,2.13715,2.13413,-0.191967,-0.19058,0,0.00306796,0,0,2.04326,2.04633,
104657,-0.210155,-0.211689,-0.606018,-0.60899,2.13715,2.13413,-0.191967,-0.19058,0,0.00306796,0,0,2.04326,2.04633,
104677,-0.210155,-0.211689,-0.606018,-0.60899,2.13715,2.13413,-0.191967,-0.19058,0,0.00306796,0,0,2.04326,2.04633,
104697,-0.210155,-0.211689,-0.606018,-0.60899,2.13715,2.13413,-0.191967,-0.19058,0,0.00306796,0,0,2.04326,2.04633,
104717,-0.210155,-0.211689,-0.606018,-0.60899,2.13715,2.13413,-0.191967,-0.19058,0,0.00306796,0,0,2.04326,2.04786,
104737,-0.210155,-0.211689,-0.606018,-0.60899,2.13715,2.13413,-0.191967,-0.19058,0,0.00306796,0,0,2.04326,2.04786,
104757,-0.210155,-0.211689,-0.606018,-0.60899,2.13715,2.13413,-0.191967,-0.19058,0,0.00306796,0,0,2.04326,2.04786,
104777,-0.210155,-0.211689,-0.606018,-0.60899,2.13715,2.13413,-0.191967,-0.19058,0,0.00306796,0,0,2.04326,2.04786,
104797,-0.210155,-0.211689,-0.606018,-0.60899,2.13715,2.13413,-0.191967,-0.19058,0,0.00306796,0,0,2.04326,2.04633,
104817,-0.210155,-0.211689,-0.606018,-0.60899,2.13715,2.13413,-0.191967,-0.19058,0,0.00306796,0,0,2.04326,2.04633,
104837,-0.210155,-0.211689,-0.606018,-0.60899,2.13715,2.13413,-0.191967,-0.19058,0,0.00306796,0,0,2.04326,2.04633,
104857,-0.210155,-0.211689,-0.606018,-0.60899,2.13715,2.13413,-0.191967,-0.19058,0,0.00306796,0,0,2.04326,2.04633,
104877,-0.210155,-0.211689,-0.606018,-0.60899,2.13715,2.13413,-0.191967,-0.19058,0,0.00306796,0,0,2.04326,2.04633,
104897,-0.210155,-0.211689,-0.606018,-0.60899,2.13715,2.13413,-0.191967,-0.19058,0,0.00306796,0,0,2.04326,2.04633,
104917,-0.210155,-0.211689,-0.606018,-0.60899,2.13715,2.13413,-0.191967,-0.19058,0,0.00306796,0,0,2.04326,2.04633,
104937,-0.210155,-0.211689,-0.606018,-0.60899,2.13715,2.13413,-0.191967,-0.19058,0,0.00306796,0,0,2.04326,2.04633,
104957,-0.210155,-0.211689,-0.606018,-0.60899,2.13715,2.13413,-0.191967,-0.19058,0,0.00306796,0,0,2.04326,2.04633,
104977,-0.210155,-0.211689,-0.606018,-0.60899,2.13715,2.13413,-0.191967,-0.19058,0,0.00306796,0,0,2.04326,2.04633,
104997,-0.210155,-0.211689,-0.606018,-0.60899,2.13715,2.13413,-0.191967,-0.19058,0,0.00306796,0,0,2.04326,2.04633,
105017,-0.210155,-0.211689,-0.606018,-0.60899,2.13715,2.13567,-0.191967,-0.19058,0,0.00306796,0,0,2.04326,2.04633,
105037,-0.210155,-0.211689,-0.606018,-0.60899,2.13715,2.13567,-0.191967,-0.19058,0,0.00306796,0,0,2.04326,2.04633,
105057,-0.210155,-0.211689,-0.606018,-0.60899,2.13715,2.13567,-0.191967,-0.19058,0,0.00306796,0,0,2.04326,2.04633,
105077,-0.210155,-0.211689,-0.606018,-0.60899,2.13715,2.13567,-0.191967,-0.19058,0,0.00306796,0,0,2.04326,2.04633,
105097,-0.210155,-0.211689,-0.606018,-0.60899,2.13715,2.13567,-0.191967,-0.19058,0,0.00306796,0,0,2.04326,2.04633,
105117,-0.210155,-0.211689,-0.606018,-0.60899,2.13715,2.13567,-0.191967,-0.19058,0,0.00306796,0,0,2.04326,2.04633,
105137,-0.210155,-0.211689,-0.606018,-0.60899,2.13715,2.13567,-0.191967,-0.19058,0,0.00306796,0,0,2.04326,2.04633,
105157,-0.210155,-0.211689,-0.606018,-0.60899,2.13715,2.13567,-0.191967,-0.19058,0,0.00306796,0,0,2.04326,2.04633,
105177,-0.210155,-0.211689,-0.606018,-0.60899,2.13715,2.13567,-0.191967,-0.19058,0,0.00306796,0,0,2.04326,2.04633,
105197,-0.210155,-0.211689,-0.606018,-0.60899,2.13715,2.13567,-0.191967,-0.19058,0,0.00306796,0,0,2.04326,2.04633,
105217,-0.210155,-0.211689,-0.606018,-0.60899,2.13715,2.13567,-0.191967,-0.19058,0,0.00306796,0,0,2.04326,2.04633,
105237,-0.210155,-0.211689,-0.606018,-0.60899,2.13715,2.13567,-0.191967,-0.19058,0,0.00306796,0,0,2.04326,2.04633,
105257,-0.210155,-0.211689,-0.606018,-0.60899,2.13715,2.13567,-0.191967,-0.19058,0,0.00306796,0,0,2.04326,2.04633,
105277,-0.210155,-0.211689,-0.606018,-0.60899,2.13715,2.13567,-0.191967,-0.19058,0,0.00306796,0,0,2.04326,2.04633,
105297,-0.210155,-0.211689,-0.606018,-0.60899,2.13715,2.13567,-0.191967,-0.19058,0,0.00306796,0,0,2.04326,2.04633,
105317,-0.210155,-0.211689,-0.606018,-0.60899,2.13715,2.13567,-0.191967,-0.19058,0,0.00306796,0,0,2.04326,2.04633,
105337,-0.210155,-0.211689,-0.606018,-0.60899,2.13715,2.13567,-0.191967,-0.19058,0,0.00306796,0,0,2.04326,2.04633,
105357,-0.210155,-0.211689,-0.606018,-0.60899,2.13715,2.13567,-0.191967,-0.19058,0,0.00306796,0,0,2.04326,2.04633,
105377,-0.210155,-0.211689,-0.606018,-0.60899,2.13715,2.13567,-0.191967,-0.19058,0,0.00306796,0,0,2.04326,2.04633,
105397,-0.210155,-0.211689,-0.606018,-0.60899,2.13715,2.13567,-0.191967,-0.19058,0,0.00306796,0,0,2.04326,2.04633,
105417,-0.210155,-0.211689,-0.606018,-0.60899,2.13715,2.13567,-0.191967,-0.19058,0,0.00306796,0,0,2.04326,2.04633,
105437,-0.210155,-0.211689,-0.606018,-0.60899,2.13715,2.13567,-0.191967,-0.19058,0,0.00306796,0,0,2.04326,2.04633,
105457,-0.210155,-0.211689,-0.606018,-0.60899,2.13715,2.13567,-0.191967,-0.19058,0,0.00306796,0,0,2.04326,2.04633,
105477,-0.210155,-0.211689,-0.606018,-0.60899,2.13715,2.13567,-0.191967,-0.19058,0,0.00306796,0,0,2.04326,2.04633,
105497,-0.210155,-0.211689,-0.606018,-0.60899,2.13715,2.13567,-0.191967,-0.19058,0,0.00306796,0,0,2.04326,2.04633,
105517,-0.210155,-0.211689,-0.606018,-0.60899,2.13715,2.13567,-0.191967,-0.19058,0,0.00306796,0,0,2.04326,2.04633,
105537,-0.210155,-0.211689,-0.606018,-0.60899,2.13715,2.13567,-0.191967,-0.19058,0,0.00306796,0,0,2.04326,2.04633,
105557,-0.210155,-0.211689,-0.606018,-0.60899,2.13715,2.13567,-0.191967,-0.19058,0,0.00306796,0,0,2.04326,2.04633,
105577,-0.210155,-0.211689,-0.606018,-0.60899,2.13715,2.13567,-0.191967,-0.19058,0,0.00306796,0,0,2.04326,2.04633,
105597,-0.210155,-0.211689,-0.606018,-0.60899,2.13715,2.13567,-0.191967,-0.19058,0,0.00306796,0,0,2.04326,2.04633,
105617,-0.210155,-0.213223,-0.606018,-0.60899,2.13715,2.13567,-0.191967,-0.19058,0,0.00306796,0,0,2.04326,2.04633,
105637,-0.210155,-0.213223,-0.606018,-0.60899,2.13715,2.13567,-0.191967,-0.19058,0,0.00306796,0,0,2.04326,2.04633,
105657,-0.210155,-0.213223,-0.606018,-0.60899,2.13715,2.13567,-0.191967,-0.19058,0,0.00306796,0,0,2.04326,2.04633,
105677,-0.210155,-0.213223,-0.606018,-0.60899,2.13715,2.13567,-0.191967,-0.19058,0,0.00306796,0,0,2.04326,2.04633,
105697,-0.210155,-0.208621,-0.606018,-0.60899,2.13715,2.13413,-0.191967,-0.192114,0,0.00306796,0,0,2.04326,2.04633,
105717,-0.210155,-0.208621,-0.606018,-0.60899,2.13715,2.13413,-0.191967,-0.192114,0,0.00306796,0,0,2.04326,2.04633,
105737,-0.210155,-0.208621,-0.606018,-0.60899,2.13715,2.13413,-0.191967,-0.192114,0,0.00306796,0,0,2.04326,2.04633,
105757,-0.210155,-0.208621,-0.606018,-0.60899,2.13715,2.13413,-0.191967,-0.192114,0,0.00306796,0,0,2.04326,2.04633,
105777,-0.210155,-0.208621,-0.606018,-0.60899,2.13715,2.13413,-0.191967,-0.192114,0,0.00306796,0,0,2.04326,2.04633,
105797,-0.210155,-0.208621,-0.606018,-0.60899,2.13715,2.13413,-0.191967,-0.192114,0,0.00306796,0,0,2.04326,2.04633,
105817,-0.210155,-0.210155,-0.606018,-0.607456,2.13715,2.13567,-0.191967,-0.19058,0,0,0,0,2.04326,2.04633,
105837,-0.210155,-0.210155,-0.606018,-0.607456,2.13715,2.13567,-0.191967,-0.19058,0,0,0,0,2.04326,2.04633,
105857,-0.210155,-0.210155,-0.606018,-0.607456,2.13715,2.13567,-0.191967,-0.19058,0,0,0,0,2.04326,2.04633,
105877,-0.210155,-0.210155,-0.606018,-0.607456,2.13715,2.13567,-0.191967,-0.19058,0,0,0,0,2.04326,2.04633,
105897,-0.210155,-0.210155,-0.606018,-0.607456,2.13715,2.13567,-0.191967,-0.19058,0,0,0,0,2.04326,2.04633,
105917,-0.210155,-0.211689,-0.606018,-0.607456,2.13715,2.1372,-0.191967,-0.192114,0,-0.00153398,0,0,2.04326,2.04633,
105937,-0.210155,-0.211689,-0.606018,-0.607456,2.13715,2.1372,-0.191967,-0.192114,0,-0.00153398,0,0,2.04326,2.04633,
105957,-0.210155,-0.211689,-0.606018,-0.607456,2.13715,2.1372,-0.191967,-0.192114,0,-0.00153398,0,0,2.04326,2.04633,
105977,-0.210155,-0.211689,-0.606018,-0.607456,2.13715,2.1372,-0.191967,-0.192114,0,-0.00153398,0,0,2.04326,2.04633,
105997,-0.210155,-0.210155,-0.606018,-0.605922,2.13715,2.13874,-0.191967,-0.19058,0,-0.00306796,0,0,2.04326,2.04786,
106017,-0.210155,-0.210155,-0.606018,-0.605922,2.13715,2.13874,-0.191967,-0.19058,0,-0.00306796,0,0,2.04326,2.04786,
106037,-0.210155,-0.210155,-0.606018,-0.605922,2.13715,2.13874,-0.191967,-0.19058,0,-0.00306796,0,0,2.04326,2.04786,
106057,-0.210155,-0.210155,-0.606018,-0.605922,2.13715,2.13874,-0.191967,-0.19058,0,-0.00306796,0,0,2.04326,2.04786,
106077,-0.210155,-0.210155,-0.606018,-0.605922,2.13715,2.13874,-0.191967,-0.19058,0,-0.00306796,0,0,2.04326,2.04786,
106097,-0.210155,-0.210155,-0.606018,-0.605922,2.13715,2.13874,-0.191967,-0.192114,0,-0.00306796,0,0,2.04326,2.04633,
106117,-0.210155,-0.210155,-0.606018,-0.605922,2.13715,2.13874,-0.191967,-0.192114,0,-0.00306796,0,0,2.04326,2.04633,
106137,-0.210155,-0.210155,-0.606018,-0.605922,2.13715,2.13874,-0.191967,-0.192114,0,-0.00306796,0,0,2.04326,2.04633,
106157,-0.210155,-0.210155,-0.606018,-0.605922,2.13715,2.13874,-0.191967,-0.192114,0,-0.00306796,0,0,2.04326,2.04633,
106177,-0.210155,-0.210155,-0.606018,-0.605922,2.13715,2.13874,-0.191967,-0.192114,0,-0.00306796,0,0,2.04326,2.04633,
106197,-0.210155,-0.210155,-0.606018,-0.605922,2.13715,2.13874,-0.191967,-0.192114,0,-0.00306796,0,0,2.04326,2.04633,
106217,-0.210155,-0.210155,-0.606018,-0.605922,2.13715,2.13874,-0.191967,-0.19058,0,-0.00153398,0,0,2.04326,2.04633,
106237,-0.210155,-0.210155,-0.606018,-0.605922,2.13715,2.13874,-0.191967,-0.19058,0,-0.00153398,0,0,2.04326,2.04633,
106257,-0.210155,-0.210155,-0.606018,-0.605922,2.13715,2.13874,-0.191967,-0.19058,0,-0.00153398,0,0,2.04326,2.04633,
106277,-0.210155,-0.210155,-0.606018,-0.605922,2.13715,2.13874,-0.191967,-0.19058,0,-0.00153398,0,0,2.04326,2.04633,
106297,-0.210155,-0.210155,-0.606018,-0.605922,2.13715,2.13874,-0.191967,-0.19058,0,-0.00153398,0,0,2.04326,2.04633,
106317,-0.210155,-0.210155,-0.606018,-0.605922,2.13715,2.13874,-0.191967,-0.19058,0,-0.00153398,0,0,2.04326,2.04633,
106337,-0.210155,-0.210155,-0.606018,-0.605922,2.13715,2.13874,-0.191967,-0.19058,0,-0.00306796,0,0,2.04326,2.04633,
106357,-0.210155,-0.210155,-0.606018,-0.605922,2.13715,2.13874,-0.191967,-0.19058,0,-0.00306796,0,0,2.04326,2.04633,
106377,-0.210155,-0.210155,-0.606018,-0.605922,2.13715,2.13874,-0.191967,-0.19058,0,-0.00306796,0,0,2.04326,2.04633,
106397,-0.210155,-0.210155,-0.606018,-0.605922,2.13715,2.13874,-0.191967,-0.19058,0,-0.00306796,0,0,2.04326,2.04633,
106417,-0.210155,-0.210155,-0.606018,-0.605922,2.13715,2.13874,-0.191967,-0.19058,0,-0.00306796,0,0,2.04326,2.04633,
106437,-0.210155,-0.210155,-0.606018,-0.605922,2.13715,2.13874,-0.191967,-0.19058,0,-0.00306796,0,0,2.04326,2.04633,
106457,-0.210155,-0.210155,-0.606018,-0.605922,2.13715,2.13874,-0.191967,-0.19058,0,-0.00306796,0,0,2.04326,2.04633,
106477,-0.210155,-0.210155,-0.606018,-0.605922,2.13715,2.13874,-0.191967,-0.19058,0,-0.00306796,0,0,2.04326,2.04633,
106497,-0.210155,-0.210155,-0.606018,-0.605922,2.13715,2.13874,-0.191967,-0.19058,0,-0.00306796,0,0,2.04326,2.04633,
106517,-0.210155,-0.211689,-0.606018,-0.607456,2.13715,2.13874,-0.191967,-0.19058,0,-0.00306796,0,0,2.04326,2.04633,
106537,-0.210155,-0.211689,-0.606018,-0.607456,2.13715,2.13874,-0.191967,-0.19058,0,-0.00306796,0,0,2.04326,2.04633,
106557,-0.210155,-0.211689,-0.606018,-0.607456,2.13715,2.13874,-0.191967,-0.19058,0,-0.00306796,0,0,2.04326,2.04633,
106577,-0.210155,-0.211689,-0.606018,-0.607456,2.13715,2.13874,-0.191967,-0.19058,0,-0.00306796,0,0,2.04326,2.04633,
106597,-0.210155,-0.211689,-0.606018,-0.607456,2.13715,2.13874,-0.191967,-0.19058,0,-0.00306796,0,0,2.04326,2.04633,
106617,-0.210155,-0.210155,-0.606018,-0.607456,2.13715,2.13874,-0.191967,-0.19058,0,-0.00153398,0,0,2.04326,2.04633,
106637,-0.210155,-0.210155,-0.606018,-0.607456,2.13715,2.13874,-0.191967,-0.19058,0,-0.00153398,0,0,2.04326,2.04633,
106657,-0.210155,-0.210155,-0.606018,-0.607456,2.13715,2.13874,-0.191967,-0.19058,0,-0.00153398,0,0,2.04326,2.04633,
106677,-0.210155,-0.210155,-0.606018,-0.607456,2.13715,2.13874,-0.191967,-0.19058,0,-0.00153398,0,0,2.04326,2.04633,
106697,-0.210155,-0.210155,-0.606018,-0.607456,2.13715,2.13874,-0.191967,-0.19058,0,-0.00153398,0,0,2.04326,2.04633,
106717,-0.210155,-0.210155,-0.606018,-0.605922,2.13715,2.13874,-0.191967,-0.19058,0,-0.00306796,0,0,2.04326,2.04633,
106737,-0.210155,-0.210155,-0.606018,-0.605922,2.13715,2.13874,-0.191967,-0.19058,0,-0.00306796,0,0,2.04326,2.04633,
106757,-0.210155,-0.210155,-0.606018,-0.605922,2.13715,2.13874,-0.191967,-0.19058,0,-0.00306796,0,0,2.04326,2.04633,
106777,-0.210155,-0.210155,-0.606018,-0.605922,2.13715,2.13874,-0.191967,-0.19058,0,-0.00306796,0,0,2.04326,2.04633,
106797,-0.210155,-0.210155,-0.606018,-0.605922,2.13715,2.13874,-0.191967,-0.19058,0,-0.00306796,0,0,2.04326,2.04633,
106817,-0.210155,-0.210155,-0.606018,-0.605922,2.13715,2.13874,-0.191967,-0.19058,0,-0.00306796,0,0,2.04326,2.04633,
106837,-0.210155,-0.210155,-0.606018,-0.605922,2.13715,2.13874,-0.191967,-0.19058,0,-0.00306796,0,0,2.04326,2.04633,
106857,-0.210155,-0.210155,-0.606018,-0.605922,2.13715,2.13874,-0.191967,-0.19058,0,-0.00306796,0,0,2.04326,2.04633,
106877,-0.210155,-0.210155,-0.606018,-0.605922,2.13715,2.13874,-0.191967,-0.19058,0,-0.00306796,0,0,2.04326,2.04633,
106897,-0.210155,-0.210155,-0.606018,-0.605922,2.13715,2.13874,-0.191967,-0.19058,0,-0.00153398,0,0,2.04326,2.04633,
106917,-0.210155,-0.210155,-0.606018,-0.605922,2.13715,2.13874,-0.191967,-0.19058,0,-0.00153398,0,0,2.04326,2.04633,
106937,-0.210155,-0.210155,-0.606018,-0.605922,2.13715,2.13874,-0.191967,-0.19058,0,-0.00153398,0,0,2.04326,2.04633,
106957,-0.210155,-0.210155,-0.606018,-0.605922,2.13715,2.13874,-0.191967,-0.19058,0,-0.00153398,0,0,2.04326,2.04633,
106977,-0.210155,-0.210155,-0.606018,-0.605922,2.13715,2.13874,-0.191967,-0.19058,0,-0.00153398,0,0,2.04326,2.04633,
106997,-0.210155,-0.210155,-0.606018,-0.605922,2.13715,2.13874,-0.191967,-0.19058,0,-0.00153398,0,0,2.04326,2.04633,
107017,-0.210155,-0.210155,-0.606018,-0.605922,2.13715,2.13874,-0.191967,-0.19058,0,-0.00153398,0,0,2.04326,2.04633,
107037,-0.210155,-0.210155,-0.606018,-0.605922,2.13715,2.13874,-0.191967,-0.19058,0,-0.00153398,0,0,2.04326,2.04633,
107057,-0.210155,-0.210155,-0.606018,-0.605922,2.13715,2.13874,-0.191967,-0.19058,0,-0.00153398,0,0,2.04326,2.04633,
107077,-0.210155,-0.210155,-0.606018,-0.605922,2.13715,2.13874,-0.191967,-0.19058,0,-0.00153398,0,0,2.04326,2.04633,
107097,-0.210155,-0.210155,-0.606018,-0.605922,2.13715,2.13874,-0.191967,-0.19058,0,-0.00153398,0,0,2.04326,2.04633,
107117,-0.210155,-0.210155,-0.606018,-0.605922,2.13715,2.13874,-0.191967,-0.19058,0,-0.00153398,0,0,2.04326,2.04633,
107137,-0.210155,-0.210155,-0.606018,-0.605922,2.13715,2.13874,-0.191967,-0.19058,0,-0.00153398,0,0,2.04326,2.04633,
107157,-0.210155,-0.210155,-0.606018,-0.605922,2.13715,2.13874,-0.191967,-0.19058,0,-0.00153398,0,0,2.04326,2.04633,
107177,-0.210155,-0.210155,-0.606018,-0.605922,2.13715,2.13874,-0.191967,-0.19058,0,-0.00153398,0,0,2.04326,2.04633,
107197,-0.210155,-0.210155,-0.606018,-0.605922,2.13715,2.13874,-0.191967,-0.19058,0,-0.00153398,0,0,2.04326,2.04633,
107217,-0.210155,-0.210155,-0.606018,-0.605922,2.13715,2.13874,-0.191967,-0.19058,0,-0.00153398,0,0,2.04326,2.04633,
107237,-0.210155,-0.210155,-0.606018,-0.605922,2.13715,2.13874,-0.191967,-0.19058,0,-0.00153398,0,0,2.04326,2.04633,
107257,-0.210155,-0.210155,-0.606018,-0.605922,2.13715,2.13874,-0.191967,-0.19058,0,-0.00153398,0,0,2.04326,2.04633,
107277,-0.210155,-0.210155,-0.606018,-0.605922,2.13715,2.13874,-0.191967,-0.19058,0,-0.00153398,0,0,2.04326,2.04633,
107297,-0.210155,-0.210155,-0.606018,-0.605922,2.13715,2.13874,-0.191967,-0.19058,0,-0.00153398,0,0,2.04326,2.04633,
107317,-0.210155,-0.210155,-0.606018,-0.605922,2.13715,2.13874,-0.191967,-0.19058,0,-0.00153398,0,0,2.04326,2.04633,
107337,-0.210155,-0.210155,-0.606018,-0.605922,2.13715,2.13874,-0.191967,-0.19058,0,-0.00153398,0,0,2.04326,2.04633,
107357,-0.210155,-0.210155,-0.606018,-0.605922,2.13715,2.13874,-0.191967,-0.19058,0,-0.00153398,0,0,2.04326,2.04633,
107377,-0.210155,-0.210155,-0.606018,-0.605922,2.13715,2.13874,-0.191967,-0.19058,0,-0.00153398,0,0,2.04326,2.04633,
107397,-0.210155,-0.210155,-0.606018,-0.605922,2.13715,2.13874,-0.191967,-0.19058,0,-0.00153398,0,0,2.04326,2.04633,
107417,-0.210155,-0.210155,-0.606018,-0.605922,2.13715,2.13874,-0.191967,-0.19058,0,-0.00153398,0,0,2.04326,2.04633,
107437,-0.210155,-0.210155,-0.606018,-0.605922,2.13715,2.13874,-0.191967,-0.19058,0,-0.00153398,0,0,2.04326,2.04633,
107457,-0.210155,-0.210155,-0.606018,-0.605922,2.13715,2.13874,-0.191967,-0.19058,0,-0.00153398,0,0,2.04326,2.04633,
107477,-0.210155,-0.210155,-0.606018,-0.605922,2.13715,2.13874,-0.191967,-0.19058,0,-0.00153398,0,0,2.04326,2.04633,
107497,-0.210155,-0.210155,-0.606018,-0.605922,2.13715,2.13874,-0.191967,-0.19058,0,-0.00153398,0,0,2.04326,2.04633,
107517,-0.210155,-0.210155,-0.606018,-0.605922,2.13715,2.13874,-0.191967,-0.19058,0,-0.00153398,0,0,2.04326,2.04633,
107537,-0.210155,-0.210155,-0.606018,-0.605922,2.13715,2.13874,-0.191967,-0.19058,0,-0.00153398,0,0,2.04326,2.04633,
107557,-0.210155,-0.210155,-0.606018,-0.605922,2.13715,2.13874,-0.191967,-0.19058,0,-0.00153398,0,0,2.04326,2.04633,
107577,-0.210155,-0.210155,-0.606018,-0.605922,2.13715,2.13874,-0.191967,-0.19058,0,-0.00153398,0,0,2.04326,2.04633,
107597,-0.210155,-0.210155,-0.606018,-0.605922,2.13715,2.13874,-0.191967,-0.192114,0,-0.00153398,0,0,2.04326,2.04633,
107617,-0.210155,-0.210155,-0.606018,-0.605922,2.13715,2.13874,-0.191967,-0.192114,0,-0.00153398,0,0,2.04326,2.04633,
107637,-0.210155,-0.210155,-0.606018,-0.605922,2.13715,2.13874,-0.191967,-0.192114,0,-0.00153398,0,0,2.04326,2.04633,
107657,-0.210155,-0.210155,-0.606018,-0.605922,2.13715,2.13874,-0.191967,-0.192114,0,-0.00153398,0,0,2.04326,2.04633,
107677,-0.210155,-0.210155,-0.606018,-0.605922,2.13715,2.13874,-0.191967,-0.192114,0,-0.00153398,0,0,2.04326,2.04633,
107697,-0.210155,-0.210155,-0.606018,-0.605922,2.13715,2.13874,-0.191967,-0.192114,0,-0.00153398,0,0,2.04326,2.04633,
107717,-0.210155,-0.210155,-0.606018,-0.605922,2.13715,2.13874,-0.191967,-0.192114,0,-0.00153398,0,0,2.04326,2.04633,
107737,-0.210155,-0.210155,-0.606018,-0.605922,2.13715,2.13874,-0.191967,-0.192114,0,-0.00153398,0,0,2.04326,2.04633,
107757,-0.210155,-0.210155,-0.606018,-0.605922,2.13715,2.13874,-0.191967,-0.192114,0,-0.00153398,0,0,2.04326,2.04633,
107777,-0.210155,-0.210155,-0.606018,-0.605922,2.13715,2.13874,-0.191967,-0.192114,0,-0.00153398,0,0,2.04326,2.04633,
107797,-0.210155,-0.210155,-0.606018,-0.605922,2.13715,2.13874,-0.191967,-0.192114,0,-0.00153398,0,0,2.04326,2.04633,
107817,-0.210155,-0.210155,-0.606018,-0.605922,2.13715,2.13874,-0.191967,-0.192114,0,-0.00153398,0,0,2.04326,2.04633,
107837,-0.210155,-0.210155,-0.606018,-0.605922,2.13715,2.13874,-0.191967,-0.192114,0,-0.00153398,0,0,2.04326,2.04633,
107857,-0.210155,-0.210155,-0.606018,-0.605922,2.13715,2.13874,-0.191967,-0.192114,0,-0.00153398,0,0,2.04326,2.04633,
107877,-0.210155,-0.210155,-0.606018,-0.605922,2.13715,2.13874,-0.191967,-0.192114,0,-0.00153398,0,0,2.04326,2.04633,
107897,-0.210155,-0.210155,-0.606018,-0.605922,2.13715,2.13874,-0.191967,-0.192114,0,-0.00153398,0,0,2.04326,2.04633,
107917,-0.210155,-0.210155,-0.606018,-0.605922,2.13715,2.13874,-0.191967,-0.192114,0,-0.00153398,0,0,2.04326,2.04633,
107937,-0.210155,-0.210155,-0.606018,-0.605922,2.13715,2.13874,-0.191967,-0.192114,0,-0.00153398,0,0,2.04326,2.04633,
107957,-0.210155,-0.210155,-0.606018,-0.605922,2.13715,2.13874,-0.191967,-0.192114,0,-0.00153398,0,0,2.04326,2.04633,
107977,-0.210155,-0.210155,-0.606018,-0.605922,2.13715,2.13874,-0.191967,-0.192114,0,-0.00153398,0,0,2.04326,2.04633,
107997,-0.210155,-0.210155,-0.606018,-0.605922,2.13715,2.13874,-0.191967,-0.19058,0,-0.00153398,0,0,2.04326,2.04633,
108017,-0.210155,-0.210155,-0.606018,-0.605922,2.13715,2.13874,-0.191967,-0.19058,0,-0.00153398,0,0,2.04326,2.04633,
108037,-0.210155,-0.210155,-0.606018,-0.605922,2.13715,2.13874,-0.191967,-0.19058,0,-0.00153398,0,0,2.04326,2.04633,
108057,-0.210155,-0.210155,-0.606018,-0.605922,2.13715,2.13874,-0.191967,-0.19058,0,-0.00153398,0,0,2.04326,2.04633,
108077,-0.210155,-0.210155,-0.606018,-0.605922,2.13715,2.13874,-0.191967,-0.19058,0,-0.00153398,0,0,2.04326,2.04633,
108097,-0.210155,-0.210155,-0.606018,-0.605922,2.13715,2.13874,-0.191967,-0.19058,0,-0.00153398,0,0,2.04326,2.04633,
108117,-0.210155,-0.210155,-0.606018,-0.605922,2.13715,2.13874,-0.191967,-0.19058,0,-0.00153398,0,0,2.04326,2.04633,
108137,-0.210155,-0.210155,-0.606018,-0.605922,2.13715,2.13874,-0.191967,-0.19058,0,-0.00153398,0,0,2.04326,2.04633,
108157,-0.210155,-0.210155,-0.606018,-0.605922,2.13715,2.13874,-0.191967,-0.19058,0,-0.00153398,0,0,2.04326,2.04633,
108177,-0.210155,-0.210155,-0.606018,-0.605922,2.13715,2.13874,-0.191967,-0.19058,0,-0.00153398,0,0,2.04326,2.04633,
108197,-0.210155,-0.210155,-0.606018,-0.605922,2.13715,2.13874,-0.191967,-0.19058,0,-0.00153398,0,0,2.04326,2.04633,
108217,-0.210155,-0.210155,-0.606018,-0.605922,2.13715,2.13874,-0.191967,-0.19058,0,-0.00153398,0,0,2.04326,2.04633,
108237,-0.210155,-0.210155,-0.606018,-0.605922,2.13715,2.13874,-0.191967,-0.19058,0,-0.00153398,0,0,2.04326,2.04633,
108257,-0.210155,-0.210155,-0.606018,-0.605922,2.13715,2.13874,-0.191967,-0.19058,0,-0.00153398,0,0,2.04326,2.04633,
108277,-0.210155,-0.210155,-0.606018,-0.605922,2.13715,2.13874,-0.191967,-0.19058,0,-0.00153398,0,0,2.04326,2.04633,
108297,-0.210155,-0.210155,-0.606018,-0.605922,2.13715,2.13874,-0.191967,-0.19058,0,-0.00153398,0,0,2.04326,2.04633,
108317,-0.210155,-0.210155,-0.606018,-0.607456,2.13715,2.13874,-0.191967,-0.192114,0,-0.00153398,0,0,2.04326,2.04633,
108337,-0.210155,-0.210155,-0.606018,-0.607456,2.13715,2.13874,-0.191967,-0.192114,0,-0.00153398,0,0,2.04326,2.04633,
108357,-0.210155,-0.210155,-0.606018,-0.607456,2.13715,2.13874,-0.191967,-0.192114,0,-0.00153398,0,0,2.04326,2.04633,
108377,-0.210155,-0.210155,-0.606018,-0.607456,2.13715,2.13874,-0.191967,-0.192114,0,-0.00153398,0,0,2.04326,2.04633,
108397,-0.210155,-0.210155,-0.606018,-0.605922,2.13715,2.13874,-0.191967,-0.19058,0,-0.00153398,0,0,2.04326,2.04633,
108417,-0.210155,-0.210155,-0.606018,-0.605922,2.13715,2.13874,-0.191967,-0.19058,0,-0.00153398,0,0,2.04326,2.04633,
108437,-0.210155,-0.210155,-0.606018,-0.605922,2.13715,2.13874,-0.191967,-0.19058,0,-0.00153398,0,0,2.04326,2.04633,
108457,-0.210155,-0.210155,-0.606018,-0.605922,2.13715,2.13874,-0.191967,-0.19058,0,-0.00153398,0,0,2.04326,2.04633,
108477,-0.210155,-0.210155,-0.606018,-0.605922,2.13715,2.13874,-0.191967,-0.19058,0,-0.00153398,0,0,2.04326,2.04633,
108497,-0.210155,-0.210155,-0.606018,-0.605922,2.13715,2.13874,-0.191967,-0.19058,0,-0.00153398,0,0,2.04326,2.04633,
108517,-0.210155,-0.210155,-0.606018,-0.605922,2.13715,2.13874,-0.191967,-0.19058,0,-0.00153398,0,0,2.04326,2.04633,
108537,-0.210155,-0.210155,-0.606018,-0.605922,2.13715,2.13874,-0.191967,-0.19058,0,-0.00153398,0,0,2.04326,2.04633,
108557,-0.210155,-0.210155,-0.606018,-0.605922,2.13715,2.13874,-0.191967,-0.19058,0,-0.00153398,0,0,2.04326,2.04633,
108577,-0.210155,-0.210155,-0.606018,-0.605922,2.13715,2.13874,-0.191967,-0.19058,0,-0.00153398,0,0,2.04326,2.04633,
108597,-0.210155,-0.210155,-0.606018,-0.605922,2.13715,2.13874,-0.191967,-0.19058,0,-0.00153398,0,0,2.04326,2.04633,
108617,-0.210155,-0.210155,-0.606018,-0.605922,2.13715,2.13874,-0.191967,-0.19058,0,-0.00153398,0,0,2.04326,2.04633,
108637,-0.210155,-0.210155,-0.606018,-0.605922,2.13715,2.13874,-0.191967,-0.19058,0,-0.00153398,0,0,2.04326,2.04633,
108657,-0.210155,-0.210155,-0.606018,-0.605922,2.13715,2.13874,-0.191967,-0.19058,0,-0.00153398,0,0,2.04326,2.04633,
108677,-0.210155,-0.210155,-0.606018,-0.605922,2.13715,2.13874,-0.191967,-0.19058,0,-0.00153398,0,0,2.04326,2.04633,
108697,-0.210155,-0.210155,-0.606018,-0.605922,2.13715,2.13874,-0.191967,-0.19058,0,-0.00153398,0,0,2.04326,2.04633,
108717,-0.210155,-0.210155,-0.606018,-0.605922,2.13715,2.13874,-0.191967,-0.19058,0,-0.00153398,0,0,2.04326,2.04786,
108737,-0.210155,-0.210155,-0.606018,-0.605922,2.13715,2.13874,-0.191967,-0.19058,0,-0.00153398,0,0,2.04326,2.04786,
108757,-0.210155,-0.210155,-0.606018,-0.605922,2.13715,2.13874,-0.191967,-0.19058,0,-0.00153398,0,0,2.04326,2.04786,
108777,-0.210155,-0.210155,-0.606018,-0.605922,2.13715,2.13874,-0.191967,-0.19058,0,-0.00153398,0,0,2.04326,2.04786,
108797,-0.210155,-0.210155,-0.606018,-0.605922,2.13715,2.13874,-0.191967,-0.19058,0,-0.00153398,0,0,2.04326,2.04633,
108817,-0.210155,-0.210155,-0.606018,-0.605922,2.13715,2.13874,-0.191967,-0.19058,0,-0.00153398,0,0,2.04326,2.04633,
108837,-0.210155,-0.210155,-0.606018,-0.605922,2.13715,2.13874,-0.191967,-0.19058,0,-0.00153398,0,0,2.04326,2.04633,
108857,-0.210155,-0.210155,-0.606018,-0.605922,2.13715,2.13874,-0.191967,-0.19058,0,-0.00153398,0,0,2.04326,2.04633,
108877,-0.210155,-0.210155,-0.606018,-0.605922,2.13715,2.13874,-0.191967,-0.19058,0,-0.00153398,0,0,2.04326,2.04633,
108897,-0.210155,-0.210155,-0.606018,-0.607456,2.13715,2.13874,-0.191967,-0.19058,0,-0.00153398,0,0,2.04326,2.04633,
108917,-0.210155,-0.210155,-0.606018,-0.607456,2.13715,2.13874,-0.191967,-0.19058,0,-0.00153398,0,0,2.04326,2.04633,
108937,-0.210155,-0.210155,-0.606018,-0.607456,2.13715,2.13874,-0.191967,-0.19058,0,-0.00153398,0,0,2.04326,2.04633,
108957,-0.210155,-0.210155,-0.606018,-0.607456,2.13715,2.13874,-0.191967,-0.19058,0,-0.00153398,0,0,2.04326,2.04633,
108977,-0.210155,-0.210155,-0.606018,-0.607456,2.13715,2.13874,-0.191967,-0.19058,0,-0.00153398,0,0,2.04326,2.04633,
108997,-0.210155,-0.210155,-0.606018,-0.607456,2.13715,2.13874,-0.191967,-0.19058,0,-0.00153398,0,0,2.04326,2.04633,
109017,-0.210155,-0.210155,-0.606018,-0.607456,2.13715,2.13874,-0.191967,-0.19058,0,-0.00153398,0,0,2.04326,2.04786,
109037,-0.210155,-0.210155,-0.606018,-0.607456,2.13715,2.13874,-0.191967,-0.19058,0,-0.00153398,0,0,2.04326,2.04786,
109057,-0.210155,-0.210155,-0.606018,-0.607456,2.13715,2.13874,-0.191967,-0.19058,0,-0.00153398,0,0,2.04326,2.04786,
109077,-0.210155,-0.210155,-0.606018,-0.607456,2.13715,2.13874,-0.191967,-0.19058,0,-0.00153398,0,0,2.04326,2.04786,
109097,-0.210155,-0.210155,-0.606018,-0.607456,2.13715,2.13874,-0.191967,-0.19058,0,-0.00153398,0,0,2.04326,2.04786,
109117,-0.210155,-0.210155,-0.606018,-0.605922,2.13715,2.13874,-0.191967,-0.192114,0,-0.00153398,0,0,2.04326,2.04633,
109137,-0.210155,-0.210155,-0.606018,-0.605922,2.13715,2.13874,-0.191967,-0.192114,0,-0.00153398,0,0,2.04326,2.04633,
109157,-0.210155,-0.210155,-0.606018,-0.605922,2.13715,2.13874,-0.191967,-0.192114,0,-0.00153398,0,0,2.04326,2.04633,
109177,-0.210155,-0.210155,-0.606018,-0.605922,2.13715,2.13874,-0.191967,-0.192114,0,-0.00153398,0,0,2.04326,2.04633,
109197,-0.210155,-0.210155,-0.606018,-0.605922,2.13715,2.13874,-0.191967,-0.192114,0,-0.00153398,0,0,2.04326,2.04633,
109217,-0.210155,-0.210155,-0.606018,-0.605922,2.13715,2.13874,-0.191967,-0.192114,0,-0.00153398,0,0,2.04326,2.04633,
109237,-0.210155,-0.210155,-0.606018,-0.605922,2.13715,2.13874,-0.191967,-0.192114,0,-0.00153398,0,0,2.04326,2.04633,
109257,-0.210155,-0.210155,-0.606018,-0.605922,2.13715,2.13874,-0.191967,-0.192114,0,-0.00153398,0,0,2.04326,2.04633,
109277,-0.210155,-0.210155,-0.606018,-0.605922,2.13715,2.13874,-0.191967,-0.192114,0,-0.00153398,0,0,2.04326,2.04633,
109297,-0.210155,-0.210155,-0.606018,-0.605922,2.13715,2.13874,-0.191967,-0.19058,0,-0.00153398,0,0,2.04326,2.04633,
109317,-0.210155,-0.210155,-0.606018,-0.605922,2.13715,2.13874,-0.191967,-0.19058,0,-0.00153398,0,0,2.04326,2.04633,
109337,-0.210155,-0.210155,-0.606018,-0.605922,2.13715,2.13874,-0.191967,-0.19058,0,-0.00153398,0,0,2.04326,2.04633,
109357,-0.210155,-0.210155,-0.606018,-0.605922,2.13715,2.13874,-0.191967,-0.19058,0,-0.00153398,0,0,2.04326,2.04633,
109377,-0.210155,-0.210155,-0.606018,-0.605922,2.13715,2.13874,-0.191967,-0.19058,0,-0.00153398,0,0,2.04326,2.04633,
109397,-0.210155,-0.210155,-0.606018,-0.605922,2.13715,2.13874,-0.191967,-0.19058,0,-0.00153398,0,0,2.04326,2.04633,
109417,-0.210155,-0.210155,-0.606018,-0.605922,2.13715,2.13874,-0.191967,-0.19058,0,-0.00153398,0,0,2.04326,2.04633,
109437,-0.210155,-0.210155,-0.606018,-0.605922,2.13715,2.13874,-0.191967,-0.19058,0,-0.00153398,0,0,2.04326,2.04633,
109457,-0.210155,-0.210155,-0.606018,-0.605922,2.13715,2.13874,-0.191967,-0.19058,0,-0.00153398,0,0,2.04326,2.04633,
109477,-0.210155,-0.210155,-0.606018,-0.605922,2.13715,2.13874,-0.191967,-0.19058,0,-0.00153398,0,0,2.04326,2.04633,
109497,-0.210155,-0.210155,-0.606018,-0.605922,2.13715,2.13874,-0.191967,-0.19058,0,-0.00153398,0,0,2.04326,2.04633,
109521,-0.210155,-0.210155,-0.606018,-0.607456,2.13715,2.13874,-0.191967,-0.19058,0,-0.00153398,0,0,2.04326,2.04633,
109537,-0.210155,-0.210155,-0.606018,-0.607456,2.13715,2.13874,-0.191967,-0.19058,0,-0.00153398,0,0,2.04326,2.04633,
109558,-0.210155,-0.210155,-0.606018,-0.607456,2.13715,2.13874,-0.191967,-0.19058,0,-0.00153398,0,0,2.04326,2.04633,
109577,-0.210155,-0.210155,-0.606018,-0.607456,2.13715,2.13874,-0.191967,-0.19058,0,-0.00153398,0,0,2.04326,2.04633,
109597,-0.210155,-0.210155,-0.606018,-0.605922,2.13715,2.13874,-0.191967,-0.19058,0,-0.00153398,0,0,2.04326,2.04633,
109617,-0.210155,-0.210155,-0.606018,-0.605922,2.13715,2.13874,-0.191967,-0.19058,0,-0.00153398,0,0,2.04326,2.04633,
109637,-0.210155,-0.210155,-0.606018,-0.605922,2.13715,2.13874,-0.191967,-0.19058,0,-0.00153398,0,0,2.04326,2.04633,
109657,-0.210155,-0.210155,-0.606018,-0.605922,2.13715,2.13874,-0.191967,-0.19058,0,-0.00153398,0,0,2.04326,2.04633,
109677,-0.210155,-0.210155,-0.606018,-0.605922,2.13715,2.13874,-0.191967,-0.19058,0,-0.00153398,0,0,2.04326,2.04633,
109697,-0.210155,-0.210155,-0.606018,-0.605922,2.13715,2.13874,-0.191967,-0.19058,0,-0.00153398,0,0,2.04326,2.04633,
109717,-0.210155,-0.210155,-0.606018,-0.605922,2.13715,2.13874,-0.191967,-0.19058,0,-0.00153398,0,0,2.04326,2.04633,
109737,-0.210155,-0.210155,-0.606018,-0.605922,2.13715,2.13874,-0.191967,-0.19058,0,-0.00153398,0,0,2.04326,2.04633,
109757,-0.210155,-0.210155,-0.606018,-0.605922,2.13715,2.13874,-0.191967,-0.19058,0,-0.00153398,0,0,2.04326,2.04633,
109777,-0.210155,-0.210155,-0.606018,-0.605922,2.13715,2.13874,-0.191967,-0.19058,0,-0.00153398,0,0,2.04326,2.04633,
109797,-0.210155,-0.210155,-0.606018,-0.605922,2.13715,2.13874,-0.191967,-0.19058,0,-0.00153398,0,0,2.04326,2.04633,
109817,-0.210155,-0.210155,-0.606018,-0.605922,2.13715,2.1372,-0.191967,-0.19058,0,-0.00153398,0,0,2.04326,2.04633,
109837,-0.210155,-0.210155,-0.606018,-0.605922,2.13715,2.1372,-0.191967,-0.19058,0,-0.00153398,0,0,2.04326,2.04633,
109857,-0.210155,-0.210155,-0.606018,-0.605922,2.13715,2.1372,-0.191967,-0.19058,0,-0.00153398,0,0,2.04326,2.04633,
109877,-0.210155,-0.210155,-0.606018,-0.605922,2.13715,2.1372,-0.191967,-0.19058,0,-0.00153398,0,0,2.04326,2.04633,
109897,-0.210155,-0.210155,-0.606018,-0.605922,2.13715,2.1372,-0.191967,-0.19058,0,-0.00153398,0,0,2.04326,2.04633,
109917,-0.210155,-0.210155,-0.606018,-0.605922,2.13715,2.1372,-0.191967,-0.19058,0,-0.00153398,0,0,2.04326,2.04633,
109937,-0.210155,-0.210155,-0.606018,-0.605922,2.13715,2.1372,-0.191967,-0.19058,0,-0.00153398,0,0,2.04326,2.04633,
109957,-0.210155,-0.210155,-0.606018,-0.605922,2.13715,2.1372,-0.191967,-0.19058,0,-0.00153398,0,0,2.04326,2.04633,
109977,-0.210155,-0.210155,-0.606018,-0.605922,2.13715,2.1372,-0.191967,-0.19058,0,-0.00153398,0,0,2.04326,2.04633,
109997,-0.210155,-0.210155,-0.606018,-0.605922,2.13715,2.13874,-0.191967,-0.19058,0,-0.00153398,0,0,2.04326,2.04633,
110017,-0.210155,-0.210155,-0.606018,-0.605922,2.13715,2.13874,-0.191967,-0.19058,0,-0.00153398,0,0,2.04326,2.04633,
110037,-0.210155,-0.210155,-0.606018,-0.605922,2.13715,2.13874,-0.191967,-0.19058,0,-0.00153398,0,0,2.04326,2.04633,
110057,-0.210155,-0.210155,-0.606018,-0.605922,2.13715,2.13874,-0.191967,-0.19058,0,-0.00153398,0,0,2.04326,2.04633,
110077,-0.210155,-0.210155,-0.606018,-0.605922,2.13715,2.13874,-0.191967,-0.19058,0,-0.00153398,0,0,2.04326,2.04633,
110097,-0.210155,-0.210155,-0.606018,-0.605922,2.13715,2.13874,-0.191967,-0.19058,0,-0.00153398,0,0,2.04326,2.04633,
110117,-0.210155,-0.210155,-0.606018,-0.605922,2.13715,2.13874,-0.191967,-0.19058,0,-0.00153398,0,0,2.04326,2.04633,
110137,-0.210155,-0.210155,-0.606018,-0.605922,2.13715,2.13874,-0.191967,-0.19058,0,-0.00153398,0,0,2.04326,2.04633,
110157,-0.210155,-0.210155,-0.606018,-0.605922,2.13715,2.13874,-0.191967,-0.19058,0,-0.00153398,0,0,2.04326,2.04633,
110177,-0.210155,-0.210155,-0.606018,-0.605922,2.13715,2.13874,-0.191967,-0.19058,0,-0.00153398,0,0,2.04326,2.04633,
110197,-0.210155,-0.210155,-0.606018,-0.605922,2.13715,2.13874,-0.191967,-0.19058,0,-0.00153398,0,0,2.04326,2.04633,
110217,-0.210155,-0.210155,-0.606018,-0.605922,2.13715,2.1372,-0.191967,-0.192114,0,-0.00153398,0,0,2.04326,2.04633,
110237,-0.210155,-0.210155,-0.606018,-0.605922,2.13715,2.1372,-0.191967,-0.192114,0,-0.00153398,0,0,2.04326,2.04633,
110257,-0.210155,-0.210155,-0.606018,-0.605922,2.13715,2.1372,-0.191967,-0.192114,0,-0.00153398,0,0,2.04326,2.04633,
110277,-0.210155,-0.210155,-0.606018,-0.605922,2.13715,2.1372,-0.191967,-0.192114,0,-0.00153398,0,0,2.04326,2.04633,
110297,-0.210155,-0.210155,-0.606018,-0.605922,2.13715,2.1372,-0.191967,-0.192114,0,-0.00153398,0,0,2.04326,2.04633,
110317,-0.210155,-0.210155,-0.606018,-0.605922,2.13715,2.1372,-0.191967,-0.19058,0,-0.00153398,0,0,2.04326,2.04633,
110337,-0.210155,-0.210155,-0.606018,-0.605922,2.13715,2.1372,-0.191967,-0.19058,0,-0.00153398,0,0,2.04326,2.04633,
110357,-0.210155,-0.210155,-0.606018,-0.605922,2.13715,2.1372,-0.191967,-0.19058,0,-0.00153398,0,0,2.04326,2.04633,
110377,-0.210155,-0.210155,-0.606018,-0.605922,2.13715,2.1372,-0.191967,-0.19058,0,-0.00153398,0,0,2.04326,2.04633,
110397,-0.210155,-0.210155,-0.606018,-0.607456,2.13715,2.1372,-0.191967,-0.19058,0,-0.00153398,0,0,2.04326,2.04633,
110417,-0.210155,-0.210155,-0.606018,-0.607456,2.13715,2.1372,-0.191967,-0.19058,0,-0.00153398,0,0,2.04326,2.04633,
110437,-0.210155,-0.210155,-0.606018,-0.607456,2.13715,2.1372,-0.191967,-0.19058,0,-0.00153398,0,0,2.04326,2.04633,
110457,-0.210155,-0.210155,-0.606018,-0.607456,2.13715,2.1372,-0.191967,-0.19058,0,-0.00153398,0,0,2.04326,2.04633,
110477,-0.210155,-0.210155,-0.606018,-0.607456,2.13715,2.1372,-0.191967,-0.19058,0,-0.00153398,0,0,2.04326,2.04633,
110497,-0.210155,-0.210155,-0.606018,-0.607456,2.13715,2.1372,-0.191967,-0.19058,0,-0.00153398,0,0,2.04326,2.04633,
110517,-0.210155,-0.210155,-0.606018,-0.607456,2.13715,2.1372,-0.191967,-0.19058,0,-0.00153398,0,0,2.04326,2.04633,
110537,-0.210155,-0.210155,-0.606018,-0.607456,2.13715,2.1372,-0.191967,-0.19058,0,-0.00153398,0,0,2.04326,2.04633,
110557,-0.210155,-0.210155,-0.606018,-0.607456,2.13715,2.1372,-0.191967,-0.19058,0,-0.00153398,0,0,2.04326,2.04633,
110577,-0.210155,-0.210155,-0.606018,-0.607456,2.13715,2.1372,-0.191967,-0.19058,0,-0.00153398,0,0,2.04326,2.04633,
110597,-0.210155,-0.210155,-0.606018,-0.607456,2.13715,2.1372,-0.191967,-0.19058,0,-0.00153398,0,0,2.04326,2.04633,
110617,-0.210155,-0.210155,-0.606018,-0.605922,2.13715,2.1372,-0.191967,-0.19058,0,-0.00153398,0,0,2.04326,2.04633,
110637,-0.210155,-0.210155,-0.606018,-0.605922,2.13715,2.1372,-0.191967,-0.19058,0,-0.00153398,0,0,2.04326,2.04633,
110657,-0.210155,-0.210155,-0.606018,-0.605922,2.13715,2.1372,-0.191967,-0.19058,0,-0.00153398,0,0,2.04326,2.04633,
110677,-0.210155,-0.210155,-0.606018,-0.605922,2.13715,2.1372,-0.191967,-0.19058,0,-0.00153398,0,0,2.04326,2.04633,
110697,-0.210155,-0.210155,-0.606018,-0.605922,2.13715,2.1372,-0.191967,-0.19058,0,-0.00153398,0,0,2.04326,2.04633,
110717,-0.210155,-0.210155,-0.606018,-0.607456,2.13715,2.1372,-0.191967,-0.19058,0,-0.00153398,0,0,2.04326,2.04633,
110737,-0.210155,-0.210155,-0.606018,-0.607456,2.13715,2.1372,-0.191967,-0.19058,0,-0.00153398,0,0,2.04326,2.04633,
110757,-0.210155,-0.210155,-0.606018,-0.607456,2.13715,2.1372,-0.191967,-0.19058,0,-0.00153398,0,0,2.04326,2.04633,
110777,-0.210155,-0.210155,-0.606018,-0.607456,2.13715,2.1372,-0.191967,-0.19058,0,-0.00153398,0,0,2.04326,2.04633,
110797,-0.210155,-0.210155,-0.606018,-0.607456,2.13715,2.1372,-0.191967,-0.19058,0,-0.00153398,0,0,2.04326,2.04633,
110817,-0.210155,-0.210155,-0.606018,-0.607456,2.13715,2.1372,-0.191967,-0.19058,0,-0.00153398,0,0,2.04326,2.04633,
110837,-0.210155,-0.210155,-0.606018,-0.607456,2.13715,2.1372,-0.191967,-0.19058,0,-0.00153398,0,0,2.04326,2.04633,
110857,-0.210155,-0.210155,-0.606018,-0.607456,2.13715,2.1372,-0.191967,-0.19058,0,-0.00153398,0,0,2.04326,2.04633,
110877,-0.210155,-0.210155,-0.606018,-0.607456,2.13715,2.1372,-0.191967,-0.19058,0,-0.00153398,0,0,2.04326,2.04633,
110897,-0.210155,-0.210155,-0.606018,-0.607456,2.13715,2.1372,-0.191967,-0.19058,0,-0.00153398,0,0,2.04326,2.04633,
110917,-0.210155,-0.210155,-0.606018,-0.607456,2.13715,2.1372,-0.191967,-0.19058,0,-0.00153398,0,0,2.04326,2.04633,
110937,-0.210155,-0.210155,-0.606018,-0.607456,2.13715,2.1372,-0.191967,-0.19058,0,-0.00153398,0,0,2.04326,2.04633,
110957,-0.210155,-0.210155,-0.606018,-0.607456,2.13715,2.1372,-0.191967,-0.19058,0,-0.00153398,0,0,2.04326,2.04633,
110977,-0.210155,-0.210155,-0.606018,-0.607456,2.13715,2.1372,-0.191967,-0.19058,0,-0.00153398,0,0,2.04326,2.04633,
110997,-0.210155,-0.210155,-0.606018,-0.607456,2.13715,2.1372,-0.191967,-0.19058,0,-0.00153398,0,0,2.04326,2.04633,
111017,-0.210155,-0.210155,-0.606018,-0.607456,2.13715,2.1372,-0.191967,-0.19058,0,-0.00153398,0,0,2.04326,2.04633,
111037,-0.210155,-0.210155,-0.606018,-0.607456,2.13715,2.1372,-0.191967,-0.19058,0,-0.00153398,0,0,2.04326,2.04633,
111057,-0.210155,-0.210155,-0.606018,-0.607456,2.13715,2.1372,-0.191967,-0.19058,0,-0.00153398,0,0,2.04326,2.04633,
111077,-0.210155,-0.210155,-0.606018,-0.607456,2.13715,2.1372,-0.191967,-0.19058,0,-0.00153398,0,0,2.04326,2.04633,
111097,-0.210155,-0.210155,-0.606018,-0.607456,2.13715,2.1372,-0.191967,-0.19058,0,-0.00153398,0,0,2.04326,2.04633,
111117,-0.210155,-0.210155,-0.606018,-0.607456,2.13715,2.1372,-0.191967,-0.19058,0,-0.00153398,0,0,2.04326,2.04633,
111137,-0.210155,-0.210155,-0.606018,-0.607456,2.13715,2.1372,-0.191967,-0.19058,0,-0.00153398,0,0,2.04326,2.04633,
111157,-0.210155,-0.210155,-0.606018,-0.607456,2.13715,2.1372,-0.191967,-0.19058,0,-0.00153398,0,0,2.04326,2.04633,
111177,-0.210155,-0.210155,-0.606018,-0.607456,2.13715,2.1372,-0.191967,-0.19058,0,-0.00153398,0,0,2.04326,2.04633,
111197,-0.210155,-0.210155,-0.606018,-0.607456,2.13715,2.1372,-0.191967,-0.19058,0,-0.00153398,0,0,2.04326,2.04633,
111217,-0.210155,-0.210155,-0.606018,-0.607456,2.13715,2.1372,-0.191967,-0.19058,0,-0.00153398,0,0,2.04326,2.04633,
111237,-0.210155,-0.210155,-0.606018,-0.607456,2.13715,2.1372,-0.191967,-0.19058,0,-0.00153398,0,0,2.04326,2.04633,
111257,-0.210155,-0.210155,-0.606018,-0.607456,2.13715,2.1372,-0.191967,-0.19058,0,-0.00153398,0,0,2.04326,2.04633,
111277,-0.210155,-0.210155,-0.606018,-0.607456,2.13715,2.1372,-0.191967,-0.19058,0,-0.00153398,0,0,2.04326,2.04633,
111297,-0.210155,-0.210155,-0.606018,-0.607456,2.13715,2.1372,-0.191967,-0.19058,0,-0.00153398,0,0,2.04326,2.04633,
111317,-0.210155,-0.210155,-0.606018,-0.607456,2.13715,2.1372,-0.191967,-0.19058,0,-0.00153398,0,0,2.04326,2.04633,
111337,-0.210155,-0.210155,-0.606018,-0.607456,2.13715,2.1372,-0.191967,-0.19058,0,-0.00153398,0,0,2.04326,2.04633,
111357,-0.210155,-0.210155,-0.606018,-0.607456,2.13715,2.1372,-0.191967,-0.19058,0,-0.00153398,0,0,2.04326,2.04633,
111377,-0.210155,-0.210155,-0.606018,-0.607456,2.13715,2.1372,-0.191967,-0.19058,0,-0.00153398,0,0,2.04326,2.04633,
111397,-0.210155,-0.210155,-0.606018,-0.607456,2.13715,2.1372,-0.191967,-0.19058,0,-0.00153398,0,0,2.04326,2.04633,
111417,-0.210155,-0.210155,-0.606018,-0.607456,2.13715,2.1372,-0.191967,-0.192114,0,-0.00153398,0,0,2.04326,2.04633,
111437,-0.210155,-0.210155,-0.606018,-0.607456,2.13715,2.1372,-0.191967,-0.192114,0,-0.00153398,0,0,2.04326,2.04633,
111457,-0.210155,-0.210155,-0.606018,-0.607456,2.13715,2.1372,-0.191967,-0.192114,0,-0.00153398,0,0,2.04326,2.04633,
111477,-0.210155,-0.210155,-0.606018,-0.607456,2.13715,2.1372,-0.191967,-0.192114,0,-0.00153398,0,0,2.04326,2.04633,
111497,-0.210155,-0.210155,-0.606018,-0.607456,2.13715,2.1372,-0.191967,-0.192114,0,-0.00153398,0,0,2.04326,2.04633,
111517,-0.210155,-0.210155,-0.606018,-0.607456,2.13715,2.1372,-0.191967,-0.19058,0,-0.00153398,0,0,2.04326,2.04633,
111537,-0.210155,-0.210155,-0.606018,-0.607456,2.13715,2.1372,-0.191967,-0.19058,0,-0.00153398,0,0,2.04326,2.04633,
111557,-0.210155,-0.210155,-0.606018,-0.607456,2.13715,2.1372,-0.191967,-0.19058,0,-0.00153398,0,0,2.04326,2.04633,
111577,-0.210155,-0.210155,-0.606018,-0.607456,2.13715,2.1372,-0.191967,-0.19058,0,-0.00153398,0,0,2.04326,2.04633,
111597,-0.210155,-0.210155,-0.606018,-0.607456,2.13715,2.1372,-0.191967,-0.19058,0,-0.00153398,0,0,2.04326,2.04633,
111617,-0.210155,-0.210155,-0.606018,-0.607456,2.13715,2.1372,-0.191967,-0.19058,0,-0.00153398,0,0,2.04326,2.04633,
111637,-0.210155,-0.210155,-0.606018,-0.607456,2.13715,2.1372,-0.191967,-0.19058,0,-0.00153398,0,0,2.04326,2.04633,
111657,-0.210155,-0.210155,-0.606018,-0.607456,2.13715,2.1372,-0.191967,-0.19058,0,-0.00153398,0,0,2.04326,2.04633,
111677,-0.210155,-0.210155,-0.606018,-0.607456,2.13715,2.1372,-0.191967,-0.19058,0,-0.00153398,0,0,2.04326,2.04633,
111697,-0.210155,-0.210155,-0.606018,-0.607456,2.13715,2.1372,-0.191967,-0.19058,0,-0.00153398,0,0,2.04326,2.04633,
111717,-0.210155,-0.210155,-0.606018,-0.605922,2.13715,2.13567,-0.191967,-0.19058,0,-0.00153398,0,0,2.04326,2.04633,
111737,-0.210155,-0.210155,-0.606018,-0.605922,2.13715,2.13567,-0.191967,-0.19058,0,-0.00153398,0,0,2.04326,2.04633,
111757,-0.210155,-0.210155,-0.606018,-0.605922,2.13715,2.13567,-0.191967,-0.19058,0,-0.00153398,0,0,2.04326,2.04633,
111777,-0.210155,-0.210155,-0.606018,-0.605922,2.13715,2.13567,-0.191967,-0.19058,0,-0.00153398,0,0,2.04326,2.04633,
111797,-0.210155,-0.210155,-0.606018,-0.605922,2.13715,2.13567,-0.191967,-0.19058,0,-0.00153398,0,0,2.04326,2.04633,
111817,-0.210155,-0.210155,-0.606018,-0.607456,2.13715,2.13567,-0.191967,-0.19058,0,-0.00153398,0,0,2.04326,2.04633,
111837,-0.210155,-0.210155,-0.606018,-0.607456,2.13715,2.13567,-0.191967,-0.19058,0,-0.00153398,0,0,2.04326,2.04633,
111857,-0.210155,-0.210155,-0.606018,-0.607456,2.13715,2.13567,-0.191967,-0.19058,0,-0.00153398,0,0,2.04326,2.04633,
111877,-0.210155,-0.210155,-0.606018,-0.607456,2.13715,2.13567,-0.191967,-0.19058,0,-0.00153398,0,0,2.04326,2.04633,
111897,-0.210155,-0.210155,-0.606018,-0.607456,2.13715,2.13567,-0.191967,-0.19058,0,-0.00153398,0,0,2.04326,2.04633,
111917,-0.210155,-0.210155,-0.606018,-0.607456,2.13715,2.13567,-0.191967,-0.19058,0,-0.00153398,0,0,2.04326,2.04633,
111937,-0.210155,-0.210155,-0.606018,-0.607456,2.13715,2.13567,-0.191967,-0.19058,0,-0.00153398,0,0,2.04326,2.04633,
111957,-0.210155,-0.210155,-0.606018,-0.607456,2.13715,2.13567,-0.191967,-0.19058,0,-0.00153398,0,0,2.04326,2.04633,
111977,-0.210155,-0.210155,-0.606018,-0.607456,2.13715,2.13567,-0.191967,-0.19058,0,-0.00153398,0,0,2.04326,2.04633,
111997,-0.210155,-0.210155,-0.606018,-0.607456,2.13715,2.13567,-0.191967,-0.19058,0,-0.00153398,0,0,2.04326,2.04633,
112017,-0.210155,-0.210155,-0.606018,-0.607456,2.13715,2.13567,-0.191967,-0.19058,0,-0.00153398,0,0,2.04326,2.04633,
112037,-0.210155,-0.210155,-0.606018,-0.607456,2.13715,2.13567,-0.191967,-0.19058,0,-0.00153398,0,0,2.04326,2.04633,
112057,-0.210155,-0.210155,-0.606018,-0.607456,2.13715,2.13567,-0.191967,-0.19058,0,-0.00153398,0,0,2.04326,2.04633,
112077,-0.210155,-0.210155,-0.606018,-0.607456,2.13715,2.13567,-0.191967,-0.19058,0,-0.00153398,0,0,2.04326,2.04633,
112097,-0.210155,-0.210155,-0.606018,-0.607456,2.13715,2.1372,-0.191967,-0.19058,0,-0.00153398,0,0,2.04326,2.04633,
112117,-0.210155,-0.210155,-0.606018,-0.607456,2.13715,2.1372,-0.191967,-0.19058,0,-0.00153398,0,0,2.04326,2.04633,
112137,-0.210155,-0.210155,-0.606018,-0.607456,2.13715,2.1372,-0.191967,-0.19058,0,-0.00153398,0,0,2.04326,2.04633,
112157,-0.210155,-0.210155,-0.606018,-0.607456,2.13715,2.1372,-0.191967,-0.19058,0,-0.00153398,0,0,2.04326,2.04633,
112177,-0.210155,-0.210155,-0.606018,-0.607456,2.13715,2.1372,-0.191967,-0.19058,0,-0.00153398,0,0,2.04326,2.04633,
112197,-0.210155,-0.210155,-0.606018,-0.607456,2.13715,2.1372,-0.191967,-0.19058,0,-0.00153398,0,0,2.04326,2.04633,
112217,-0.210155,-0.210155,-0.606018,-0.607456,2.13715,2.13567,-0.191967,-0.19058,0,-0.00153398,0,0,2.04326,2.04633,
112237,-0.210155,-0.210155,-0.606018,-0.607456,2.13715,2.13567,-0.191967,-0.19058,0,-0.00153398,0,0,2.04326,2.04633,
112257,-0.210155,-0.210155,-0.606018,-0.607456,2.13715,2.13567,-0.191967,-0.19058,0,-0.00153398,0,0,2.04326,2.04633,
112277,-0.210155,-0.210155,-0.606018,-0.607456,2.13715,2.13567,-0.191967,-0.19058,0,-0.00153398,0,0,2.04326,2.04633,
112297,-0.210155,-0.210155,-0.606018,-0.607456,2.13715,2.13567,-0.191967,-0.19058,0,-0.00153398,0,0,2.04326,2.04633,
112317,-0.210155,-0.210155,-0.606018,-0.607456,2.13715,2.1372,-0.191967,-0.19058,0,-0.00153398,0,0,2.04326,2.04633,
112337,-0.210155,-0.210155,-0.606018,-0.607456,2.13715,2.1372,-0.191967,-0.19058,0,-0.00153398,0,0,2.04326,2.04633,
112357,-0.210155,-0.210155,-0.606018,-0.607456,2.13715,2.1372,-0.191967,-0.19058,0,-0.00153398,0,0,2.04326,2.04633,
112377,-0.210155,-0.210155,-0.606018,-0.607456,2.13715,2.1372,-0.191967,-0.19058,0,-0.00153398,0,0,2.04326,2.04633,
112397,-0.210155,-0.210155,-0.606018,-0.607456,2.13715,2.13567,-0.191967,-0.19058,0,-0.00153398,0,0,2.04326,2.04633,
112417,-0.210155,-0.210155,-0.606018,-0.607456,2.13715,2.13567,-0.191967,-0.19058,0,-0.00153398,0,0,2.04326,2.04633,
112437,-0.210155,-0.210155,-0.606018,-0.607456,2.13715,2.13567,-0.191967,-0.19058,0,-0.00153398,0,0,2.04326,2.04633,
112457,-0.210155,-0.210155,-0.606018,-0.607456,2.13715,2.13567,-0.191967,-0.19058,0,-0.00153398,0,0,2.04326,2.04633,
112477,-0.210155,-0.210155,-0.606018,-0.607456,2.13715,2.13567,-0.191967,-0.19058,0,-0.00153398,0,0,2.04326,2.04633,
112497,-0.210155,-0.210155,-0.606018,-0.607456,2.13715,2.1372,-0.191967,-0.192114,0,-0.00153398,0,0,2.04326,2.04633,
112517,-0.210155,-0.210155,-0.606018,-0.607456,2.13715,2.1372,-0.191967,-0.192114,0,-0.00153398,0,0,2.04326,2.04633,
112537,-0.210155,-0.210155,-0.606018,-0.607456,2.13715,2.1372,-0.191967,-0.192114,0,-0.00153398,0,0,2.04326,2.04633,
112557,-0.210155,-0.210155,-0.606018,-0.607456,2.13715,2.1372,-0.191967,-0.192114,0,-0.00153398,0,0,2.04326,2.04633,
112577,-0.210155,-0.210155,-0.606018,-0.607456,2.13715,2.1372,-0.191967,-0.192114,0,-0.00153398,0,0,2.04326,2.04633,
112597,-0.210155,-0.210155,-0.606018,-0.607456,2.13715,2.1372,-0.191967,-0.192114,0,-0.00153398,0,0,2.04326,2.04633,
112617,-0.210155,-0.210155,-0.606018,-0.607456,2.13715,2.1372,-0.191967,-0.19058,0,-0.00153398,0,0,2.04326,2.04633,
112637,-0.210155,-0.210155,-0.606018,-0.607456,2.13715,2.1372,-0.191967,-0.19058,0,-0.00153398,0,0,2.04326,2.04633,
112657,-0.210155,-0.210155,-0.606018,-0.607456,2.13715,2.1372,-0.191967,-0.19058,0,-0.00153398,0,0,2.04326,2.04633,
112677,-0.210155,-0.210155,-0.606018,-0.607456,2.13715,2.1372,-0.191967,-0.19058,0,-0.00153398,0,0,2.04326,2.04633,
112697,-0.210155,-0.210155,-0.606018,-0.607456,2.13715,2.1372,-0.191967,-0.19058,0,-0.00153398,0,0,2.04326,2.04633,
112717,-0.210155,-0.210155,-0.606018,-0.607456,2.13715,2.13567,-0.191967,-0.19058,0,-0.00153398,0,0,2.04326,2.04633,
112737,-0.210155,-0.210155,-0.606018,-0.607456,2.13715,2.13567,-0.191967,-0.19058,0,-0.00153398,0,0,2.04326,2.04633,
112757,-0.210155,-0.210155,-0.606018,-0.607456,2.13715,2.13567,-0.191967,-0.19058,0,-0.00153398,0,0,2.04326,2.04633,
112777,-0.210155,-0.210155,-0.606018,-0.607456,2.13715,2.13567,-0.191967,-0.19058,0,-0.00153398,0,0,2.04326,2.04633,
112797,-0.210155,-0.210155,-0.606018,-0.607456,2.13715,2.1372,-0.191967,-0.19058,0,-0.00153398,0,0,2.04326,2.04786,
112817,-0.210155,-0.210155,-0.606018,-0.607456,2.13715,2.1372,-0.191967,-0.19058,0,-0.00153398,0,0,2.04326,2.04786,
112837,-0.210155,-0.210155,-0.606018,-0.607456,2.13715,2.1372,-0.191967,-0.19058,0,-0.00153398,0,0,2.04326,2.04786,
112857,-0.210155,-0.210155,-0.606018,-0.607456,2.13715,2.1372,-0.191967,-0.19058,0,-0.00153398,0,0,2.04326,2.04786,
112877,-0.210155,-0.210155,-0.606018,-0.607456,2.13715,2.1372,-0.191967,-0.19058,0,-0.00153398,0,0,2.04326,2.04786,
112897,-0.210155,-0.210155,-0.606018,-0.607456,2.13715,2.13567,-0.191967,-0.19058,0,-0.00153398,0,0,2.04326,2.04786,
112917,-0.210155,-0.210155,-0.606018,-0.607456,2.13715,2.13567,-0.191967,-0.19058,0,-0.00153398,0,0,2.04326,2.04786,
112937,-0.210155,-0.210155,-0.606018,-0.607456,2.13715,2.13567,-0.191967,-0.19058,0,-0.00153398,0,0,2.04326,2.04786,
112957,-0.210155,-0.210155,-0.606018,-0.607456,2.13715,2.13567,-0.191967,-0.19058,0,-0.00153398,0,0,2.04326,2.04786,
112977,-0.210155,-0.210155,-0.606018,-0.607456,2.13715,2.13567,-0.191967,-0.19058,0,-0.00153398,0,0,2.04326,2.04786,
112997,-0.210155,-0.210155,-0.606018,-0.607456,2.13715,2.13567,-0.191967,-0.19058,0,-0.00153398,0,0,2.04326,2.04786,
113017,-0.210155,-0.210155,-0.606018,-0.607456,2.13715,2.1372,-0.191967,-0.19058,0,-0.00153398,0,0,2.04326,2.04633,
113037,-0.210155,-0.210155,-0.606018,-0.607456,2.13715,2.1372,-0.191967,-0.19058,0,-0.00153398,0,0,2.04326,2.04633,
113057,-0.210155,-0.210155,-0.606018,-0.607456,2.13715,2.1372,-0.191967,-0.19058,0,-0.00153398,0,0,2.04326,2.04633,
113077,-0.210155,-0.210155,-0.606018,-0.607456,2.13715,2.1372,-0.191967,-0.19058,0,-0.00153398,0,0,2.04326,2.04633,
113097,-0.210155,-0.210155,-0.606018,-0.607456,2.13715,2.1372,-0.191967,-0.19058,0,-0.00153398,0,0,2.04326,2.04633,
113117,-0.210155,-0.210155,-0.606018,-0.607456,2.13715,2.1372,-0.191967,-0.19058,0,-0.00153398,0,0,2.04326,2.04633,
113137,-0.210155,-0.210155,-0.606018,-0.607456,2.13715,2.1372,-0.191967,-0.19058,0,-0.00153398,0,0,2.04326,2.04633,
113158,-0.210155,-0.210155,-0.606018,-0.607456,2.13715,2.1372,-0.191967,-0.19058,0,-0.00153398,0,0,2.04326,2.04633,
113177,-0.210155,-0.210155,-0.606018,-0.607456,2.13715,2.1372,-0.191967,-0.19058,0,-0.00153398,0,0,2.04326,2.04633,
113197,-0.210155,-0.210155,-0.606018,-0.607456,2.13715,2.13567,-0.191967,-0.192114,0,-0.00153398,0,0,2.04326,2.04633,
113217,-0.210155,-0.210155,-0.606018,-0.607456,2.13715,2.13567,-0.191967,-0.192114,0,-0.00153398,0,0,2.04326,2.04633,
113237,-0.210155,-0.210155,-0.606018,-0.607456,2.13715,2.13567,-0.191967,-0.192114,0,-0.00153398,0,0,2.04326,2.04633,
113257,-0.210155,-0.210155,-0.606018,-0.607456,2.13715,2.13567,-0.191967,-0.192114,0,-0.00153398,0,0,2.04326,2.04633,
113277,-0.210155,-0.210155,-0.606018,-0.607456,2.13715,2.13567,-0.191967,-0.192114,0,-0.00153398,0,0,2.04326,2.04633,
113297,-0.210155,-0.210155,-0.606018,-0.607456,2.13715,2.13567,-0.191967,-0.19058,0,-0.00153398,0,0,2.04326,2.04633,
113317,-0.210155,-0.210155,-0.606018,-0.607456,2.13715,2.13567,-0.191967,-0.19058,0,-0.00153398,0,0,2.04326,2.04633,
113337,-0.210155,-0.210155,-0.606018,-0.607456,2.13715,2.13567,-0.191967,-0.19058,0,-0.00153398,0,0,2.04326,2.04633,
113357,-0.210155,-0.210155,-0.606018,-0.607456,2.13715,2.13567,-0.191967,-0.19058,0,-0.00153398,0,0,2.04326,2.04633,
113377,-0.210155,-0.210155,-0.606018,-0.607456,2.13715,2.13567,-0.191967,-0.19058,0,-0.00153398,0,0,2.04326,2.04633,
113397,-0.210155,-0.210155,-0.606018,-0.607456,2.13715,2.13567,-0.191967,-0.19058,0,-0.00153398,0,0,2.04326,2.04633,
113417,-0.210155,-0.210155,-0.606018,-0.607456,2.13715,2.13567,-0.191967,-0.192114,0,-0.00153398,0,0,2.04326,2.04633,
113437,-0.210155,-0.210155,-0.606018,-0.607456,2.13715,2.13567,-0.191967,-0.192114,0,-0.00153398,0,0,2.04326,2.04633,
113457,-0.210155,-0.210155,-0.606018,-0.607456,2.13715,2.13567,-0.191967,-0.192114,0,-0.00153398,0,0,2.04326,2.04633,
113477,-0.210155,-0.210155,-0.606018,-0.607456,2.13715,2.13567,-0.191967,-0.192114,0,-0.00153398,0,0,2.04326,2.04633,
113497,-0.210155,-0.210155,-0.606018,-0.607456,2.13715,2.13567,-0.191967,-0.192114,0,-0.00153398,0,0,2.04326,2.04633,
113517,-0.210155,-0.210155,-0.606018,-0.607456,2.13715,2.13567,-0.191967,-0.19058,0,-0.00153398,0,0,2.04326,2.04633,
113537,-0.210155,-0.210155,-0.606018,-0.607456,2.13715,2.13567,-0.191967,-0.19058,0,-0.00153398,0,0,2.04326,2.04633,
113557,-0.210155,-0.210155,-0.606018,-0.607456,2.13715,2.13567,-0.191967,-0.19058,0,-0.00153398,0,0,2.04326,2.04633,
113577,-0.210155,-0.210155,-0.606018,-0.607456,2.13715,2.13567,-0.191967,-0.19058,0,-0.00153398,0,0,2.04326,2.04633,
113597,-0.210155,-0.210155,-0.606018,-0.607456,2.13715,2.13567,-0.191967,-0.19058,0,-0.00153398,0,0,2.04326,2.04633,
113617,-0.210155,-0.210155,-0.606018,-0.607456,2.13715,2.13567,-0.191967,-0.19058,0,-0.00153398,0,0,2.04326,2.04633,
113637,-0.210155,-0.210155,-0.606018,-0.607456,2.13715,2.13567,-0.191967,-0.19058,0,-0.00153398,0,0,2.04326,2.04633,
113657,-0.210155,-0.210155,-0.606018,-0.607456,2.13715,2.13567,-0.191967,-0.19058,0,-0.00153398,0,0,2.04326,2.04633,
113677,-0.210155,-0.210155,-0.606018,-0.607456,2.13715,2.13567,-0.191967,-0.19058,0,-0.00153398,0,0,2.04326,2.04633,
113697,-0.210155,-0.210155,-0.606018,-0.607456,2.13715,2.13567,-0.191967,-0.19058,0,-0.00153398,0,0,2.04326,2.04633,
113717,-0.210155,-0.210155,-0.606018,-0.607456,2.13715,2.13567,-0.191967,-0.19058,0,-0.00153398,0,0,2.04326,2.04633,
113737,-0.210155,-0.210155,-0.606018,-0.607456,2.13715,2.13567,-0.191967,-0.19058,0,-0.00153398,0,0,2.04326,2.04633,
113757,-0.210155,-0.210155,-0.606018,-0.607456,2.13715,2.13567,-0.191967,-0.19058,0,-0.00153398,0,0,2.04326,2.04633,
113777,-0.210155,-0.210155,-0.606018,-0.607456,2.13715,2.13567,-0.191967,-0.19058,0,-0.00153398,0,0,2.04326,2.04633,
113797,-0.210155,-0.210155,-0.606018,-0.607456,2.13715,2.13567,-0.191967,-0.19058,0,-0.00153398,0,0,2.04326,2.04633,
113817,-0.210155,-0.210155,-0.606018,-0.607456,2.13715,2.1372,-0.191967,-0.19058,0,-0.00153398,0,0,2.04326,2.04633,
113837,-0.210155,-0.210155,-0.606018,-0.607456,2.13715,2.1372,-0.191967,-0.19058,0,-0.00153398,0,0,2.04326,2.04633,
113857,-0.210155,-0.210155,-0.606018,-0.607456,2.13715,2.1372,-0.191967,-0.19058,0,-0.00153398,0,0,2.04326,2.04633,
113877,-0.210155,-0.210155,-0.606018,-0.607456,2.13715,2.1372,-0.191967,-0.19058,0,-0.00153398,0,0,2.04326,2.04633,
113897,-0.210155,-0.210155,-0.606018,-0.607456,2.13715,2.1372,-0.191967,-0.19058,0,-0.00153398,0,0,2.04326,2.04633,
113917,-0.210155,-0.210155,-0.606018,-0.607456,2.13715,2.13567,-0.191967,-0.19058,0,-0.00153398,0,0,2.04326,2.04633,
113937,-0.210155,-0.210155,-0.606018,-0.607456,2.13715,2.13567,-0.191967,-0.19058,0,-0.00153398,0,0,2.04326,2.04633,
113957,-0.210155,-0.210155,-0.606018,-0.607456,2.13715,2.13567,-0.191967,-0.19058,0,-0.00153398,0,0,2.04326,2.04633,
113977,-0.210155,-0.210155,-0.606018,-0.607456,2.13715,2.13567,-0.191967,-0.19058,0,-0.00153398,0,0,2.04326,2.04633,
113997,-0.210155,-0.210155,-0.606018,-0.607456,2.13715,2.13567,-0.191967,-0.19058,0,-0.00153398,0,0,2.04326,2.04633,
114017,-0.210155,-0.210155,-0.606018,-0.607456,2.13715,2.13567,-0.191967,-0.19058,0,-0.00153398,0,0,2.04326,2.04633,
114037,-0.210155,-0.210155,-0.606018,-0.607456,2.13715,2.13567,-0.191967,-0.19058,0,-0.00153398,0,0,2.04326,2.04633,
114057,-0.210155,-0.210155,-0.606018,-0.607456,2.13715,2.13567,-0.191967,-0.19058,0,-0.00153398,0,0,2.04326,2.04633,
114077,-0.210155,-0.210155,-0.606018,-0.607456,2.13715,2.13567,-0.191967,-0.19058,0,-0.00153398,0,0,2.04326,2.04633,
114097,-0.210155,-0.210155,-0.606018,-0.607456,2.13715,2.13567,-0.191967,-0.19058,0,-0.00153398,0,0,2.04326,2.04633,
114117,-0.210155,-0.210155,-0.606018,-0.607456,2.13715,2.1372,-0.191967,-0.19058,0,-0.00153398,0,0,2.04326,2.04633,
114137,-0.210155,-0.210155,-0.606018,-0.607456,2.13715,2.1372,-0.191967,-0.19058,0,-0.00153398,0,0,2.04326,2.04633,
114157,-0.210155,-0.210155,-0.606018,-0.607456,2.13715,2.1372,-0.191967,-0.19058,0,-0.00153398,0,0,2.04326,2.04633,
114177,-0.210155,-0.210155,-0.606018,-0.607456,2.13715,2.1372,-0.191967,-0.19058,0,-0.00153398,0,0,2.04326,2.04633,
114197,-0.210155,-0.210155,-0.606018,-0.607456,2.13715,2.1372,-0.191967,-0.19058,0,-0.00153398,0,0,2.04326,2.04633,
114217,-0.210155,-0.210155,-0.606018,-0.607456,2.13715,2.13567,-0.191967,-0.19058,0,-0.00153398,0,0,2.04326,2.04633,
114237,-0.210155,-0.210155,-0.606018,-0.607456,2.13715,2.13567,-0.191967,-0.19058,0,-0.00153398,0,0,2.04326,2.04633,
114257,-0.210155,-0.210155,-0.606018,-0.607456,2.13715,2.13567,-0.191967,-0.19058,0,-0.00153398,0,0,2.04326,2.04633,
114277,-0.210155,-0.210155,-0.606018,-0.607456,2.13715,2.13567,-0.191967,-0.19058,0,-0.00153398,0,0,2.04326,2.04633,
114297,-0.210155,-0.210155,-0.606018,-0.607456,2.13715,2.13567,-0.191967,-0.19058,0,-0.00153398,0,0,2.04326,2.04633,
114317,-0.210155,-0.210155,-0.606018,-0.607456,2.13715,2.13567,-0.191967,-0.19058,0,-0.00153398,0,0,2.04326,2.04633,
114337,-0.210155,-0.210155,-0.606018,-0.607456,2.13715,2.13567,-0.191967,-0.19058,0,-0.00153398,0,0,2.04326,2.04633,
114357,-0.210155,-0.210155,-0.606018,-0.607456,2.13715,2.13567,-0.191967,-0.19058,0,-0.00153398,0,0,2.04326,2.04633,
114377,-0.210155,-0.210155,-0.606018,-0.607456,2.13715,2.13567,-0.191967,-0.19058,0,-0.00153398,0,0,2.04326,2.04633,
114397,-0.210155,-0.210155,-0.606018,-0.607456,2.13715,2.13567,-0.191967,-0.19058,0,-0.00153398,0,0,2.04326,2.04633,
114417,-0.210155,-0.210155,-0.606018,-0.607456,2.13715,2.13567,-0.191967,-0.19058,0,-0.00153398,0,0,2.04326,2.04633,
114437,-0.210155,-0.210155,-0.606018,-0.607456,2.13715,2.13567,-0.191967,-0.19058,0,-0.00153398,0,0,2.04326,2.04633,
114457,-0.210155,-0.210155,-0.606018,-0.607456,2.13715,2.13567,-0.191967,-0.19058,0,-0.00153398,0,0,2.04326,2.04633,
114477,-0.210155,-0.210155,-0.606018,-0.607456,2.13715,2.13567,-0.191967,-0.19058,0,-0.00153398,0,0,2.04326,2.04633,
114497,-0.210155,-0.210155,-0.606018,-0.607456,2.13715,2.1372,-0.191967,-0.19058,0,-0.00153398,0,0,2.04326,2.04633,
114517,-0.210155,-0.210155,-0.606018,-0.607456,2.13715,2.1372,-0.191967,-0.19058,0,-0.00153398,0,0,2.04326,2.04633,
114537,-0.210155,-0.210155,-0.606018,-0.607456,2.13715,2.1372,-0.191967,-0.19058,0,-0.00153398,0,0,2.04326,2.04633,
114557,-0.210155,-0.210155,-0.606018,-0.607456,2.13715,2.1372,-0.191967,-0.19058,0,-0.00153398,0,0,2.04326,2.04633,
114577,-0.210155,-0.210155,-0.606018,-0.607456,2.13715,2.1372,-0.191967,-0.19058,0,-0.00153398,0,0,2.04326,2.04633,
114597,-0.210155,-0.210155,-0.606018,-0.607456,2.13715,2.1372,-0.191967,-0.19058,0,-0.00153398,0,0,2.04326,2.04633,
114617,-0.210155,-0.210155,-0.606018,-0.607456,2.13715,2.13567,-0.191967,-0.19058,0,-0.00153398,0,0,2.04326,2.04633,
114637,-0.210155,-0.210155,-0.606018,-0.607456,2.13715,2.13567,-0.191967,-0.19058,0,-0.00153398,0,0,2.04326,2.04633,
114657,-0.210155,-0.210155,-0.606018,-0.607456,2.13715,2.13567,-0.191967,-0.19058,0,-0.00153398,0,0,2.04326,2.04633,
114677,-0.210155,-0.210155,-0.606018,-0.607456,2.13715,2.13567,-0.191967,-0.19058,0,-0.00153398,0,0,2.04326,2.04633,
114697,-0.210155,-0.210155,-0.606018,-0.607456,2.13715,2.13567,-0.191967,-0.19058,0,-0.00153398,0,0,2.04326,2.04633,
114717,-0.210155,-0.210155,-0.606018,-0.607456,2.13715,2.13567,-0.191967,-0.19058,0,-0.00153398,0,0,2.04326,2.04633,
114737,-0.210155,-0.210155,-0.606018,-0.607456,2.13715,2.13567,-0.191967,-0.19058,0,-0.00153398,0,0,2.04326,2.04633,
114757,-0.210155,-0.210155,-0.606018,-0.607456,2.13715,2.13567,-0.191967,-0.19058,0,-0.00153398,0,0,2.04326,2.04633,
114777,-0.210155,-0.210155,-0.606018,-0.607456,2.13715,2.13567,-0.191967,-0.19058,0,-0.00153398,0,0,2.04326,2.04633,
114797,-0.210155,-0.210155,-0.606018,-0.607456,2.13715,2.13567,-0.191967,-0.19058,0,-0.00153398,0,0,2.04326,2.04633,
114817,-0.210155,-0.210155,-0.606018,-0.607456,2.13715,2.13567,-0.191967,-0.19058,0,-0.00153398,0,0,2.04326,2.04633,
114837,-0.210155,-0.210155,-0.606018,-0.607456,2.13715,2.13567,-0.191967,-0.19058,0,-0.00153398,0,0,2.04326,2.04633,
114857,-0.210155,-0.210155,-0.606018,-0.607456,2.13715,2.13567,-0.191967,-0.19058,0,-0.00153398,0,0,2.04326,2.04633,
114877,-0.210155,-0.210155,-0.606018,-0.607456,2.13715,2.13567,-0.191967,-0.19058,0,-0.00153398,0,0,2.04326,2.04633,
114897,-0.210155,-0.210155,-0.606018,-0.607456,2.13715,2.13567,-0.191967,-0.19058,0,-0.00153398,0,0,2.04326,2.04633,
114917,-0.210155,-0.210155,-0.606018,-0.607456,2.13715,2.13567,-0.191967,-0.19058,0,-0.00153398,0,0,2.04326,2.04633,
114937,-0.210155,-0.210155,-0.606018,-0.607456,2.13715,2.13567,-0.191967,-0.19058,0,-0.00153398,0,0,2.04326,2.04633,
114957,-0.210155,-0.210155,-0.606018,-0.607456,2.13715,2.13567,-0.191967,-0.19058,0,-0.00153398,0,0,2.04326,2.04633,
114977,-0.210155,-0.210155,-0.606018,-0.607456,2.13715,2.13567,-0.191967,-0.19058,0,-0.00153398,0,0,2.04326,2.04633,
114997,-0.210155,-0.210155,-0.606018,-0.607456,2.13715,2.13567,-0.191967,-0.19058,0,-0.00153398,0,0,2.04326,2.04633,
115017,-0.210155,-0.210155,-0.606018,-0.607456,2.13715,2.13567,-0.191967,-0.19058,0,-0.00153398,0,0,2.04326,2.04633,
115037,-0.210155,-0.210155,-0.606018,-0.607456,2.13715,2.13567,-0.191967,-0.19058,0,-0.00153398,0,0,2.04326,2.04633,
115057,-0.210155,-0.210155,-0.606018,-0.607456,2.13715,2.13567,-0.191967,-0.19058,0,-0.00153398,0,0,2.04326,2.04633,
115077,-0.210155,-0.210155,-0.606018,-0.607456,2.13715,2.13567,-0.191967,-0.19058,0,-0.00153398,0,0,2.04326,2.04633,
115097,-0.210155,-0.210155,-0.606018,-0.607456,2.13715,2.13567,-0.191967,-0.19058,0,-0.00153398,0,0,2.04326,2.04633,
115117,-0.210155,-0.210155,-0.606018,-0.607456,2.13715,2.13567,-0.191967,-0.19058,0,-0.00153398,0,0,2.04326,2.04633,
115137,-0.210155,-0.210155,-0.606018,-0.607456,2.13715,2.13567,-0.191967,-0.19058,0,-0.00153398,0,0,2.04326,2.04633,
115157,-0.210155,-0.210155,-0.606018,-0.607456,2.13715,2.13567,-0.191967,-0.19058,0,-0.00153398,0,0,2.04326,2.04633,
115177,-0.210155,-0.210155,-0.606018,-0.607456,2.13715,2.13567,-0.191967,-0.19058,0,-0.00153398,0,0,2.04326,2.04633,
115197,-0.210155,-0.210155,-0.606018,-0.607456,2.13715,2.13567,-0.191967,-0.19058,0,-0.00153398,0,0,2.04326,2.04633,
115217,-0.210155,-0.210155,-0.606018,-0.607456,2.13715,2.13567,-0.191967,-0.19058,0,-0.00153398,0,0,2.04326,2.04633,
115237,-0.210155,-0.210155,-0.606018,-0.607456,2.13715,2.13567,-0.191967,-0.19058,0,-0.00153398,0,0,2.04326,2.04633,
115257,-0.210155,-0.210155,-0.606018,-0.607456,2.13715,2.13567,-0.191967,-0.19058,0,-0.00153398,0,0,2.04326,2.04633,
115277,-0.210155,-0.210155,-0.606018,-0.607456,2.13715,2.13567,-0.191967,-0.19058,0,-0.00153398,0,0,2.04326,2.04633,
115297,-0.210155,-0.210155,-0.606018,-0.607456,2.13715,2.13567,-0.191967,-0.19058,0,-0.00153398,0,0,2.04326,2.04633,
115317,-0.210155,-0.210155,-0.606018,-0.607456,2.13715,2.13567,-0.191967,-0.19058,0,-0.00153398,0,0,2.04326,2.04633,
115337,-0.210155,-0.210155,-0.606018,-0.607456,2.13715,2.13567,-0.191967,-0.19058,0,-0.00153398,0,0,2.04326,2.04633,
115357,-0.210155,-0.210155,-0.606018,-0.607456,2.13715,2.13567,-0.191967,-0.19058,0,-0.00153398,0,0,2.04326,2.04633,
115377,-0.210155,-0.210155,-0.606018,-0.607456,2.13715,2.13567,-0.191967,-0.19058,0,-0.00153398,0,0,2.04326,2.04633,
115397,-0.210155,-0.210155,-0.606018,-0.607456,2.13715,2.13567,-0.191967,-0.19058,0,-0.00153398,0,0,2.04326,2.04633,
115417,-0.210155,-0.210155,-0.606018,-0.607456,2.13715,2.13567,-0.191967,-0.19058,0,-0.00153398,0,0,2.04326,2.04633,
115437,-0.210155,-0.210155,-0.606018,-0.607456,2.13715,2.13567,-0.191967,-0.19058,0,-0.00153398,0,0,2.04326,2.04633,
115457,-0.210155,-0.210155,-0.606018,-0.607456,2.13715,2.13567,-0.191967,-0.19058,0,-0.00153398,0,0,2.04326,2.04633,
115477,-0.210155,-0.210155,-0.606018,-0.607456,2.13715,2.13567,-0.191967,-0.19058,0,-0.00153398,0,0,2.04326,2.04633,
115497,-0.210155,-0.210155,-0.606018,-0.607456,2.13715,2.13567,-0.191967,-0.19058,0,-0.00153398,0,0,2.04326,2.04633,
115517,-0.210155,-0.210155,-0.606018,-0.607456,2.13715,2.13567,-0.191967,-0.19058,0,-0.00153398,0,0,2.04326,2.04633,
115537,-0.210155,-0.210155,-0.606018,-0.607456,2.13715,2.13567,-0.191967,-0.19058,0,-0.00153398,0,0,2.04326,2.04633,
115557,-0.210155,-0.210155,-0.606018,-0.607456,2.13715,2.13567,-0.191967,-0.19058,0,-0.00153398,0,0,2.04326,2.04633,
115577,-0.210155,-0.210155,-0.606018,-0.607456,2.13715,2.13567,-0.191967,-0.19058,0,-0.00153398,0,0,2.04326,2.04633,
115597,-0.210155,-0.210155,-0.606018,-0.607456,2.13715,2.13567,-0.191967,-0.19058,0,-0.00153398,0,0,2.04326,2.04633,
115617,-0.210155,-0.210155,-0.606018,-0.607456,2.13715,2.13567,-0.191967,-0.19058,0,-0.00153398,0,0,2.04326,2.04633,
115637,-0.210155,-0.210155,-0.606018,-0.607456,2.13715,2.13567,-0.191967,-0.19058,0,-0.00153398,0,0,2.04326,2.04633,
115657,-0.210155,-0.210155,-0.606018,-0.607456,2.13715,2.13567,-0.191967,-0.19058,0,-0.00153398,0,0,2.04326,2.04633,
115677,-0.210155,-0.210155,-0.606018,-0.607456,2.13715,2.13567,-0.191967,-0.19058,0,-0.00153398,0,0,2.04326,2.04633,
115697,-0.210155,-0.210155,-0.606018,-0.607456,2.13715,2.13567,-0.191967,-0.19058,0,-0.00153398,0,0,2.04326,2.04633,
115717,-0.210155,-0.210155,-0.606018,-0.607456,2.13715,2.13567,-0.191967,-0.19058,0,-0.00153398,0,0,2.04326,2.04633,
115737,-0.210155,-0.210155,-0.606018,-0.607456,2.13715,2.13567,-0.191967,-0.19058,0,-0.00153398,0,0,2.04326,2.04633,
115757,-0.210155,-0.210155,-0.606018,-0.607456,2.13715,2.13567,-0.191967,-0.19058,0,-0.00153398,0,0,2.04326,2.04633,
115777,-0.210155,-0.210155,-0.606018,-0.607456,2.13715,2.13567,-0.191967,-0.19058,0,-0.00153398,0,0,2.04326,2.04633,
115797,-0.210155,-0.210155,-0.606018,-0.607456,2.13715,2.13567,-0.191967,-0.19058,0,-0.00153398,0,0,2.04326,2.04633,
115817,-0.210155,-0.210155,-0.606018,-0.607456,2.13715,2.13567,-0.191967,-0.19058,0,-0.00153398,0,0,2.04326,2.04633,
115837,-0.210155,-0.210155,-0.606018,-0.607456,2.13715,2.13567,-0.191967,-0.19058,0,-0.00153398,0,0,2.04326,2.04633,
115857,-0.210155,-0.210155,-0.606018,-0.607456,2.13715,2.13567,-0.191967,-0.19058,0,-0.00153398,0,0,2.04326,2.04633,
115877,-0.210155,-0.210155,-0.606018,-0.607456,2.13715,2.13567,-0.191967,-0.19058,0,-0.00153398,0,0,2.04326,2.04633,
115897,-0.210155,-0.210155,-0.606018,-0.607456,2.13715,2.13567,-0.191967,-0.19058,0,-0.00153398,0,0,2.04326,2.04633,
115917,-0.210155,-0.210155,-0.606018,-0.607456,2.13715,2.13567,-0.191967,-0.19058,0,-0.00153398,0,0,2.04326,2.04633,
115937,-0.210155,-0.210155,-0.606018,-0.607456,2.13715,2.13567,-0.191967,-0.19058,0,-0.00153398,0,0,2.04326,2.04633,
115957,-0.210155,-0.210155,-0.606018,-0.607456,2.13715,2.13567,-0.191967,-0.19058,0,-0.00153398,0,0,2.04326,2.04633,
115977,-0.210155,-0.210155,-0.606018,-0.607456,2.13715,2.13567,-0.191967,-0.19058,0,-0.00153398,0,0,2.04326,2.04633,
115997,-0.210155,-0.210155,-0.606018,-0.607456,2.13715,2.13567,-0.191967,-0.19058,0,-0.00153398,0,0,2.04326,2.04633,
116017,-0.210155,-0.210155,-0.606018,-0.607456,2.13715,2.13567,-0.191967,-0.19058,0,-0.00153398,0,0,2.04326,2.04633,
116037,-0.210155,-0.210155,-0.606018,-0.607456,2.13715,2.13567,-0.191967,-0.19058,0,-0.00153398,0,0,2.04326,2.04633,
116057,-0.210155,-0.210155,-0.606018,-0.607456,2.13715,2.13567,-0.191967,-0.19058,0,-0.00153398,0,0,2.04326,2.04633,
116077,-0.210155,-0.210155,-0.606018,-0.607456,2.13715,2.13567,-0.191967,-0.19058,0,-0.00153398,0,0,2.04326,2.04633,
116097,-0.210155,-0.210155,-0.606018,-0.607456,2.13715,2.13567,-0.191967,-0.19058,0,-0.00153398,0,0,2.04326,2.04633,
116117,-0.210155,-0.210155,-0.606018,-0.607456,2.13715,2.13567,-0.191967,-0.19058,0,-0.00153398,0,0,2.04326,2.04633,
116137,-0.210155,-0.210155,-0.606018,-0.607456,2.13715,2.13567,-0.191967,-0.19058,0,-0.00153398,0,0,2.04326,2.04633,
116157,-0.210155,-0.210155,-0.606018,-0.607456,2.13715,2.13567,-0.191967,-0.19058,0,-0.00153398,0,0,2.04326,2.04633,
116177,-0.210155,-0.210155,-0.606018,-0.607456,2.13715,2.13567,-0.191967,-0.19058,0,-0.00153398,0,0,2.04326,2.04633,
116197,-0.210155,-0.210155,-0.606018,-0.607456,2.13715,2.13567,-0.191967,-0.19058,0,-0.00153398,0,0,2.04326,2.04633,
116217,-0.210155,-0.210155,-0.606018,-0.607456,2.13715,2.13567,-0.191967,-0.19058,0,-0.00153398,0,0,2.04326,2.04633,
116237,-0.210155,-0.210155,-0.606018,-0.607456,2.13715,2.13567,-0.191967,-0.19058,0,-0.00153398,0,0,2.04326,2.04633,
116257,-0.210155,-0.210155,-0.606018,-0.607456,2.13715,2.13567,-0.191967,-0.19058,0,-0.00153398,0,0,2.04326,2.04633,
116277,-0.210155,-0.210155,-0.606018,-0.607456,2.13715,2.13567,-0.191967,-0.19058,0,-0.00153398,0,0,2.04326,2.04633,
116297,-0.210155,-0.210155,-0.606018,-0.607456,2.13715,2.13567,-0.191967,-0.19058,0,-0.00153398,0,0,2.04326,2.04633,
116317,-0.210155,-0.210155,-0.606018,-0.607456,2.13715,2.13567,-0.191967,-0.19058,0,-0.00153398,0,0,2.04326,2.04633,
116337,-0.210155,-0.210155,-0.606018,-0.607456,2.13715,2.13567,-0.191967,-0.19058,0,-0.00153398,0,0,2.04326,2.04633,
116357,-0.210155,-0.210155,-0.606018,-0.607456,2.13715,2.13567,-0.191967,-0.19058,0,-0.00153398,0,0,2.04326,2.04633,
116377,-0.210155,-0.210155,-0.606018,-0.607456,2.13715,2.13567,-0.191967,-0.19058,0,-0.00153398,0,0,2.04326,2.04633,
116397,-0.210155,-0.210155,-0.606018,-0.607456,2.13715,2.13567,-0.191967,-0.19058,0,-0.00153398,0,0,2.04326,2.04633,
116417,-0.210155,-0.210155,-0.606018,-0.607456,2.13715,2.13567,-0.191967,-0.19058,0,-0.00153398,0,0,2.04326,2.04633,
116437,-0.210155,-0.210155,-0.606018,-0.607456,2.13715,2.13567,-0.191967,-0.19058,0,-0.00153398,0,0,2.04326,2.04633,
116457,-0.210155,-0.210155,-0.606018,-0.607456,2.13715,2.13567,-0.191967,-0.19058,0,-0.00153398,0,0,2.04326,2.04633,
116477,-0.210155,-0.210155,-0.606018,-0.607456,2.13715,2.13567,-0.191967,-0.19058,0,-0.00153398,0,0,2.04326,2.04633,
116497,-0.210155,-0.210155,-0.606018,-0.607456,2.13715,2.13567,-0.191967,-0.19058,0,-0.00153398,0,0,2.04326,2.04633,
116517,-0.210155,-0.210155,-0.606018,-0.607456,2.13715,2.13567,-0.191967,-0.19058,0,-0.00153398,0,0,2.04326,2.04633,
116537,-0.210155,-0.210155,-0.606018,-0.607456,2.13715,2.13567,-0.191967,-0.19058,0,-0.00153398,0,0,2.04326,2.04633,
116557,-0.210155,-0.210155,-0.606018,-0.607456,2.13715,2.13567,-0.191967,-0.19058,0,-0.00153398,0,0,2.04326,2.04633,
116577,-0.210155,-0.210155,-0.606018,-0.607456,2.13715,2.13567,-0.191967,-0.19058,0,-0.00153398,0,0,2.04326,2.04633,
116597,-0.210155,-0.210155,-0.606018,-0.607456,2.13715,2.13567,-0.191967,-0.19058,0,-0.00153398,0,0,2.04326,2.04633,
116617,-0.210155,-0.210155,-0.606018,-0.607456,2.13715,2.13567,-0.191967,-0.19058,0,-0.00153398,0,0,2.04326,2.04633,
116637,-0.210155,-0.210155,-0.606018,-0.607456,2.13715,2.13567,-0.191967,-0.19058,0,-0.00153398,0,0,2.04326,2.04633,
116657,-0.210155,-0.210155,-0.606018,-0.607456,2.13715,2.13567,-0.191967,-0.19058,0,-0.00153398,0,0,2.04326,2.04633,
116677,-0.210155,-0.210155,-0.606018,-0.607456,2.13715,2.13567,-0.191967,-0.19058,0,-0.00153398,0,0,2.04326,2.04633,
116697,-0.210155,-0.210155,-0.606018,-0.607456,2.13715,2.13567,-0.191967,-0.19058,0,-0.00153398,0,0,2.04326,2.04633,
116717,-0.210155,-0.210155,-0.606018,-0.607456,2.13715,2.13567,-0.191967,-0.19058,0,0,0,0,2.04326,2.04633,
116737,-0.210155,-0.210155,-0.606018,-0.607456,2.13715,2.13567,-0.191967,-0.19058,0,0,0,0,2.04326,2.04633,
116757,-0.210155,-0.210155,-0.606018,-0.607456,2.13715,2.13567,-0.191967,-0.19058,0,0,0,0,2.04326,2.04633,
116777,-0.210155,-0.210155,-0.606018,-0.607456,2.13715,2.13567,-0.191967,-0.19058,0,0,0,0,2.04326,2.04633,
116797,-0.210155,-0.210155,-0.606018,-0.607456,2.13715,2.13567,-0.191967,-0.19058,0,0,0,0,2.04326,2.04633,
116817,-0.210155,-0.210155,-0.606018,-0.607456,2.13715,2.13567,-0.191967,-0.19058,0,0,0,0,2.04326,2.04633,
116837,-0.210155,-0.210155,-0.606018,-0.607456,2.13715,2.13567,-0.191967,-0.19058,0,0,0,0,2.04326,2.04633,
116857,-0.210155,-0.210155,-0.606018,-0.607456,2.13715,2.13567,-0.191967,-0.19058,0,0,0,0,2.04326,2.04633,
116877,-0.210155,-0.210155,-0.606018,-0.607456,2.13715,2.13567,-0.191967,-0.19058,0,0,0,0,2.04326,2.04633,
116897,-0.210155,-0.210155,-0.606018,-0.607456,2.13715,2.13567,-0.191967,-0.19058,0,0,0,0,2.04326,2.04633,
116917,-0.210155,-0.210155,-0.606018,-0.607456,2.13715,2.13567,-0.191967,-0.19058,0,-0.00153398,0,0,2.04326,2.04633,
116937,-0.210155,-0.210155,-0.606018,-0.607456,2.13715,2.13567,-0.191967,-0.19058,0,-0.00153398,0,0,2.04326,2.04633,
116958,-0.210155,-0.210155,-0.606018,-0.607456,2.13715,2.13567,-0.191967,-0.19058,0,-0.00153398,0,0,2.04326,2.04633,
116978,-0.210155,-0.210155,-0.606018,-0.607456,2.13715,2.13567,-0.191967,-0.19058,0,-0.00153398,0,0,2.04326,2.04633,
116997,-0.210155,-0.210155,-0.606018,-0.607456,2.13715,2.13567,-0.191967,-0.19058,0,-0.00153398,0,0,2.04326,2.04633,
117018,-0.210155,-0.210155,-0.606018,-0.607456,2.13715,2.13567,-0.191967,-0.19058,0,0,0,0,2.04326,2.04633,
117037,-0.210155,-0.210155,-0.606018,-0.607456,2.13715,2.13567,-0.191967,-0.19058,0,0,0,0,2.04326,2.04633,
117057,-0.210155,-0.210155,-0.606018,-0.607456,2.13715,2.13567,-0.191967,-0.19058,0,0,0,0,2.04326,2.04633,
117077,-0.210155,-0.210155,-0.606018,-0.607456,2.13715,2.13567,-0.191967,-0.19058,0,0,0,0,2.04326,2.04633,
117097,-0.210155,-0.210155,-0.606018,-0.607456,2.13715,2.13567,-0.191967,-0.19058,0,0,0,0,2.04326,2.04633,
117117,-0.210155,-0.210155,-0.606018,-0.607456,2.13715,2.13567,-0.191967,-0.19058,0,0,0,0,2.04326,2.04633,
117137,-0.210155,-0.210155,-0.606018,-0.607456,2.13715,2.13567,-0.191967,-0.19058,0,0,0,0,2.04326,2.04633,
117157,-0.210155,-0.210155,-0.606018,-0.607456,2.13715,2.13567,-0.191967,-0.19058,0,0,0,0,2.04326,2.04633,
117177,-0.210155,-0.210155,-0.606018,-0.607456,2.13715,2.13567,-0.191967,-0.19058,0,0,0,0,2.04326,2.04633,
117197,-0.210155,-0.210155,-0.606018,-0.607456,2.13715,2.13567,-0.191967,-0.19058,0,0,0,0,2.04326,2.04633,
117217,-0.210155,-0.210155,-0.606018,-0.607456,2.13715,2.13567,-0.191967,-0.19058,0,0,0,0,2.04326,2.04633,
117237,-0.210155,-0.210155,-0.606018,-0.607456,2.13715,2.13567,-0.191967,-0.19058,0,0,0,0,2.04326,2.04633,
117257,-0.210155,-0.210155,-0.606018,-0.607456,2.13715,2.13567,-0.191967,-0.19058,0,0,0,0,2.04326,2.04633,
117277,-0.210155,-0.210155,-0.606018,-0.607456,2.13715,2.13567,-0.191967,-0.19058,0,0,0,0,2.04326,2.04633,
117297,-0.210155,-0.210155,-0.606018,-0.607456,2.13715,2.13413,-0.191967,-0.19058,0,0,0,0,2.04326,2.04633,
117317,-0.210155,-0.210155,-0.606018,-0.607456,2.13715,2.13413,-0.191967,-0.19058,0,0,0,0,2.04326,2.04633,
117337,-0.210155,-0.210155,-0.606018,-0.607456,2.13715,2.13413,-0.191967,-0.19058,0,0,0,0,2.04326,2.04633,
117357,-0.210155,-0.210155,-0.606018,-0.607456,2.13715,2.13413,-0.191967,-0.19058,0,0,0,0,2.04326,2.04633,
117377,-0.210155,-0.210155,-0.606018,-0.607456,2.13715,2.13413,-0.191967,-0.19058,0,0,0,0,2.04326,2.04633,
117397,-0.210155,-0.210155,-0.606018,-0.607456,2.13715,2.13413,-0.191967,-0.19058,0,0,0,0,2.04326,2.04633,
117417,-0.210155,-0.210155,-0.606018,-0.607456,2.13715,2.13413,-0.191967,-0.192114,0,0,0,0,2.04326,2.04633,
117437,-0.210155,-0.210155,-0.606018,-0.607456,2.13715,2.13413,-0.191967,-0.192114,0,0,0,0,2.04326,2.04633,
117457,-0.210155,-0.210155,-0.606018,-0.607456,2.13715,2.13413,-0.191967,-0.192114,0,0,0,0,2.04326,2.04633,
117477,-0.210155,-0.210155,-0.606018,-0.607456,2.13715,2.13413,-0.191967,-0.192114,0,0,0,0,2.04326,2.04633,
117497,-0.210155,-0.210155,-0.606018,-0.607456,2.13715,2.13413,-0.191967,-0.192114,0,0,0,0,2.04326,2.04633,
117517,-0.210155,-0.210155,-0.606018,-0.607456,2.13715,2.13413,-0.191967,-0.19058,0,0,0,0,2.04326,2.04633,
117537,-0.210155,-0.210155,-0.606018,-0.607456,2.13715,2.13413,-0.191967,-0.19058,0,0,0,0,2.04326,2.04633,
117557,-0.210155,-0.210155,-0.606018,-0.607456,2.13715,2.13413,-0.191967,-0.19058,0,0,0,0,2.04326,2.04633,
117577,-0.210155,-0.210155,-0.606018,-0.607456,2.13715,2.13413,-0.191967,-0.19058,0,0,0,0,2.04326,2.04633,
117598,-0.210155,-0.210155,-0.606018,-0.607456,2.13715,2.13413,-0.191967,-0.19058,0,0,0,0,2.04326,2.04633,
117617,-0.210155,-0.210155,-0.606018,-0.607456,2.13715,2.13413,-0.191967,-0.19058,0,0,0,0,2.04326,2.04633,
117637,-0.210155,-0.210155,-0.606018,-0.607456,2.13715,2.13413,-0.191967,-0.19058,0,0,0,0,2.04326,2.04633,
117657,-0.210155,-0.210155,-0.606018,-0.607456,2.13715,2.13413,-0.191967,-0.19058,0,0,0,0,2.04326,2.04633,
117677,-0.210155,-0.210155,-0.606018,-0.607456,2.13715,2.13413,-0.191967,-0.19058,0,0,0,0,2.04326,2.04633,
117697,-0.210155,-0.210155,-0.606018,-0.607456,2.13715,2.13567,-0.191967,-0.19058,0,0,0,0,2.04326,2.04633,
117717,-0.210155,-0.210155,-0.606018,-0.607456,2.13715,2.13567,-0.191967,-0.19058,0,0,0,0,2.04326,2.04633,
117737,-0.210155,-0.210155,-0.606018,-0.607456,2.13715,2.13567,-0.191967,-0.19058,0,0,0,0,2.04326,2.04633,
117757,-0.210155,-0.210155,-0.606018,-0.607456,2.13715,2.13567,-0.191967,-0.19058,0,0,0,0,2.04326,2.04633,
117777,-0.210155,-0.210155,-0.606018,-0.607456,2.13715,2.13567,-0.191967,-0.19058,0,0,0,0,2.04326,2.04633,
117797,-0.210155,-0.210155,-0.606018,-0.607456,2.13715,2.13567,-0.191967,-0.19058,0,0,0,0,2.04326,2.04633,
117817,-0.210155,-0.210155,-0.606018,-0.607456,2.13715,2.13413,-0.191967,-0.19058,0,0,0,0,2.04326,2.04633,
117837,-0.210155,-0.210155,-0.606018,-0.607456,2.13715,2.13413,-0.191967,-0.19058,0,0,0,0,2.04326,2.04633,
117857,-0.210155,-0.210155,-0.606018,-0.607456,2.13715,2.13413,-0.191967,-0.19058,0,0,0,0,2.04326,2.04633,
117877,-0.210155,-0.210155,-0.606018,-0.607456,2.13715,2.13413,-0.191967,-0.19058,0,0,0,0,2.04326,2.04633,
117897,-0.210155,-0.210155,-0.606018,-0.607456,2.13715,2.13413,-0.191967,-0.19058,0,0,0,0,2.04326,2.04633,
117917,-0.210155,-0.210155,-0.606018,-0.607456,2.13715,2.13567,-0.191967,-0.19058,0,0,0,0,2.04326,2.04633,
117937,-0.210155,-0.210155,-0.606018,-0.607456,2.13715,2.13567,-0.191967,-0.19058,0,0,0,0,2.04326,2.04633,
117957,-0.210155,-0.210155,-0.606018,-0.607456,2.13715,2.13567,-0.191967,-0.19058,0,0,0,0,2.04326,2.04633,
117977,-0.210155,-0.210155,-0.606018,-0.607456,2.13715,2.13567,-0.191967,-0.19058,0,0,0,0,2.04326,2.04633,
117997,-0.210155,-0.210155,-0.606018,-0.607456,2.13715,2.13413,-0.191967,-0.19058,0,0,0,0,2.04326,2.04633,
118017,-0.210155,-0.210155,-0.606018,-0.607456,2.13715,2.13413,-0.191967,-0.19058,0,0,0,0,2.04326,2.04633,
118037,-0.210155,-0.210155,-0.606018,-0.607456,2.13715,2.13413,-0.191967,-0.19058,0,0,0,0,2.04326,2.04633,
118057,-0.210155,-0.210155,-0.606018,-0.607456,2.13715,2.13413,-0.191967,-0.19058,0,0,0,0,2.04326,2.04633,
118077,-0.210155,-0.210155,-0.606018,-0.607456,2.13715,2.13413,-0.191967,-0.19058,0,0,0,0,2.04326,2.04633,
118097,-0.210155,-0.210155,-0.606018,-0.607456,2.13715,2.13413,-0.191967,-0.19058,0,0,0,0,2.04326,2.04633,
118117,-0.210155,-0.210155,-0.606018,-0.607456,2.13715,2.13413,-0.191967,-0.19058,0,0,0,0,2.04326,2.04633,
118137,-0.210155,-0.210155,-0.606018,-0.607456,2.13715,2.13413,-0.191967,-0.19058,0,0,0,0,2.04326,2.04633,
118157,-0.210155,-0.210155,-0.606018,-0.607456,2.13715,2.13413,-0.191967,-0.19058,0,0,0,0,2.04326,2.04633,
118177,-0.210155,-0.210155,-0.606018,-0.607456,2.13715,2.13413,-0.191967,-0.19058,0,0,0,0,2.04326,2.04633,
118197,-0.210155,-0.210155,-0.606018,-0.607456,2.13715,2.13413,-0.191967,-0.19058,0,0,0,0,2.04326,2.04633,
118217,-0.210155,-0.210155,-0.606018,-0.607456,2.13715,2.13413,-0.191967,-0.19058,0,0,0,0,2.04326,2.04633,
118237,-0.210155,-0.210155,-0.606018,-0.607456,2.13715,2.13413,-0.191967,-0.19058,0,0,0,0,2.04326,2.04633,
118257,-0.210155,-0.210155,-0.606018,-0.607456,2.13715,2.13413,-0.191967,-0.19058,0,0,0,0,2.04326,2.04633,
118277,-0.210155,-0.210155,-0.606018,-0.607456,2.13715,2.13413,-0.191967,-0.19058,0,0,0,0,2.04326,2.04633,
118297,-0.210155,-0.210155,-0.606018,-0.607456,2.13715,2.13413,-0.191967,-0.19058,0,0,0,0,2.04326,2.04633,
118317,-0.210155,-0.210155,-0.606018,-0.607456,2.13715,2.13413,-0.191967,-0.19058,0,0,0,0,2.04326,2.0448,
118337,-0.210155,-0.210155,-0.606018,-0.607456,2.13715,2.13413,-0.191967,-0.19058,0,0,0,0,2.04326,2.0448,
118357,-0.210155,-0.210155,-0.606018,-0.607456,2.13715,2.13413,-0.191967,-0.19058,0,0,0,0,2.04326,2.0448,
118377,-0.210155,-0.210155,-0.606018,-0.607456,2.13715,2.13413,-0.191967,-0.19058,0,0,0,0,2.04326,2.0448,
118397,-0.210155,-0.210155,-0.606018,-0.607456,2.13715,2.13413,-0.191967,-0.19058,0,0,0,0,2.04326,2.04633,
118417,-0.210155,-0.210155,-0.606018,-0.607456,2.13715,2.13413,-0.191967,-0.19058,0,0,0,0,2.04326,2.04633,
118437,-0.210155,-0.210155,-0.606018,-0.607456,2.13715,2.13413,-0.191967,-0.19058,0,0,0,0,2.04326,2.04633,
118457,-0.210155,-0.210155,-0.606018,-0.607456,2.13715,2.13413,-0.191967,-0.19058,0,0,0,0,2.04326,2.04633,
118477,-0.210155,-0.210155,-0.606018,-0.607456,2.13715,2.13413,-0.191967,-0.19058,0,0,0,0,2.04326,2.04633,
118497,-0.210155,-0.210155,-0.606018,-0.607456,2.13715,2.13413,-0.191967,-0.19058,0,0,0,0,2.04326,2.04633,
118517,-0.210155,-0.210155,-0.606018,-0.607456,2.13715,2.13413,-0.191967,-0.19058,0,0,0,0,2.04326,2.04633,
118537,-0.210155,-0.210155,-0.606018,-0.607456,2.13715,2.13413,-0.191967,-0.19058,0,0,0,0,2.04326,2.04633,
118557,-0.210155,-0.210155,-0.606018,-0.607456,2.13715,2.13413,-0.191967,-0.19058,0,0,0,0,2.04326,2.04633,
118577,-0.210155,-0.210155,-0.606018,-0.607456,2.13715,2.13413,-0.191967,-0.19058,0,0,0,0,2.04326,2.04633,
118597,-0.210155,-0.210155,-0.606018,-0.607456,2.13715,2.13413,-0.191967,-0.19058,0,0,0,0,2.04326,2.04633,
118617,-0.210155,-0.210155,-0.606018,-0.605922,2.13715,2.13413,-0.191967,-0.19058,0,0,0,0,2.04326,2.04633,
118637,-0.210155,-0.210155,-0.606018,-0.605922,2.13715,2.13413,-0.191967,-0.19058,0,0,0,0,2.04326,2.04633,
118657,-0.210155,-0.210155,-0.606018,-0.605922,2.13715,2.13413,-0.191967,-0.19058,0,0,0,0,2.04326,2.04633,
118677,-0.210155,-0.210155,-0.606018,-0.605922,2.13715,2.13413,-0.191967,-0.19058,0,0,0,0,2.04326,2.04633,
118697,-0.210155,-0.210155,-0.606018,-0.607456,2.13715,2.13413,-0.191967,-0.19058,0,0,0,0,2.04326,2.04633,
118717,-0.210155,-0.210155,-0.606018,-0.607456,2.13715,2.13413,-0.191967,-0.19058,0,0,0,0,2.04326,2.04633,
118737,-0.210155,-0.210155,-0.606018,-0.607456,2.13715,2.13413,-0.191967,-0.19058,0,0,0,0,2.04326,2.04633,
118757,-0.210155,-0.210155,-0.606018,-0.607456,2.13715,2.13413,-0.191967,-0.19058,0,0,0,0,2.04326,2.04633,
118777,-0.210155,-0.210155,-0.606018,-0.607456,2.13715,2.13413,-0.191967,-0.19058,0,0,0,0,2.04326,2.04633,
118797,-0.210155,-0.210155,-0.606018,-0.607456,2.13715,2.13413,-0.191967,-0.19058,0,0,0,0,2.04326,2.04633,
118817,-0.210155,-0.210155,-0.606018,-0.607456,2.13715,2.13413,-0.191967,-0.19058,0,0,0,0,2.04326,2.04633,
118837,-0.210155,-0.210155,-0.606018,-0.607456,2.13715,2.13413,-0.191967,-0.19058,0,0,0,0,2.04326,2.04633,
118857,-0.210155,-0.210155,-0.606018,-0.607456,2.13715,2.13413,-0.191967,-0.19058,0,0,0,0,2.04326,2.04633,
118877,-0.210155,-0.210155,-0.606018,-0.607456,2.13715,2.13413,-0.191967,-0.19058,0,0,0,0,2.04326,2.04633,
118897,-0.210155,-0.210155,-0.606018,-0.607456,2.13715,2.13413,-0.191967,-0.192114,0,0,0,0,2.04326,2.04633,
118917,-0.210155,-0.210155,-0.606018,-0.607456,2.13715,2.13413,-0.191967,-0.192114,0,0,0,0,2.04326,2.04633,
118937,-0.210155,-0.210155,-0.606018,-0.607456,2.13715,2.13413,-0.191967,-0.192114,0,0,0,0,2.04326,2.04633,
118957,-0.210155,-0.210155,-0.606018,-0.607456,2.13715,2.13413,-0.191967,-0.192114,0,0,0,0,2.04326,2.04633,
118977,-0.210155,-0.210155,-0.606018,-0.607456,2.13715,2.13413,-0.191967,-0.192114,0,0,0,0,2.04326,2.04633,
118997,-0.210155,-0.210155,-0.606018,-0.607456,2.13715,2.13413,-0.191967,-0.192114,0,0,0,0,2.04326,2.04633,
119017,-0.210155,-0.210155,-0.606018,-0.605922,2.13715,2.13413,-0.191967,-0.19058,0,0,0,0,2.04326,2.04633,
119037,-0.210155,-0.210155,-0.606018,-0.605922,2.13715,2.13413,-0.191967,-0.19058,0,0,0,0,2.04326,2.04633,
119057,-0.210155,-0.210155,-0.606018,-0.605922,2.13715,2.13413,-0.191967,-0.19058,0,0,0,0,2.04326,2.04633,
119077,-0.210155,-0.210155,-0.606018,-0.605922,2.13715,2.13413,-0.191967,-0.19058,0,0,0,0,2.04326,2.04633,
119097,-0.210155,-0.210155,-0.606018,-0.605922,2.13715,2.13413,-0.191967,-0.19058,0,0,0,0,2.04326,2.04633,
119117,-0.210155,-0.210155,-0.606018,-0.607456,2.13715,2.13413,-0.191967,-0.19058,0,0,0,0,2.04326,2.04633,
119137,-0.210155,-0.210155,-0.606018,-0.607456,2.13715,2.13413,-0.191967,-0.19058,0,0,0,0,2.04326,2.04633,
119157,-0.210155,-0.210155,-0.606018,-0.607456,2.13715,2.13413,-0.191967,-0.19058,0,0,0,0,2.04326,2.04633,
119177,-0.210155,-0.210155,-0.606018,-0.607456,2.13715,2.13413,-0.191967,-0.19058,0,0,0,0,2.04326,2.04633,
119197,-0.210155,-0.210155,-0.606018,-0.607456,2.13715,2.13413,-0.191967,-0.19058,0,0,0,0,2.04326,2.04633,
119217,-0.210155,-0.210155,-0.606018,-0.607456,2.13715,2.13413,-0.191967,-0.19058,0,0,0,0,2.04326,2.04633,
119237,-0.210155,-0.210155,-0.606018,-0.607456,2.13715,2.13413,-0.191967,-0.19058,0,0,0,0,2.04326,2.04633,
119257,-0.210155,-0.210155,-0.606018,-0.607456,2.13715,2.13413,-0.191967,-0.19058,0,0,0,0,2.04326,2.04633,
119277,-0.210155,-0.210155,-0.606018,-0.607456,2.13715,2.13413,-0.191967,-0.19058,0,0,0,0,2.04326,2.04633,
119297,-0.210155,-0.210155,-0.606018,-0.607456,2.13715,2.13413,-0.191967,-0.19058,0,0,0,0,2.04326,2.04633,
119317,-0.210155,-0.210155,-0.606018,-0.607456,2.13715,2.13413,-0.191967,-0.19058,0,0,0,0,2.04326,2.04633,
119337,-0.210155,-0.210155,-0.606018,-0.607456,2.13715,2.13413,-0.191967,-0.19058,0,0,0,0,2.04326,2.04633,
119357,-0.210155,-0.210155,-0.606018,-0.607456,2.13715,2.13413,-0.191967,-0.19058,0,0,0,0,2.04326,2.04633,
119377,-0.210155,-0.210155,-0.606018,-0.607456,2.13715,2.13413,-0.191967,-0.19058,0,0,0,0,2.04326,2.04633,
119400,-0.210155,-0.210155,-0.606018,-0.607456,2.13715,2.13413,-0.191967,-0.19058,0,0,0,0,2.04326,2.04633,
119417,-0.210155,-0.210155,-0.606018,-0.607456,2.13715,2.13413,-0.191967,-0.19058,0,0,0,0,2.04326,2.04633,
119437,-0.210155,-0.210155,-0.606018,-0.607456,2.13715,2.13413,-0.191967,-0.19058,0,0,0,0,2.04326,2.04633,
119457,-0.210155,-0.210155,-0.606018,-0.607456,2.13715,2.13413,-0.191967,-0.19058,0,0,0,0,2.04326,2.04633,
119477,-0.210155,-0.210155,-0.606018,-0.607456,2.13715,2.13413,-0.191967,-0.19058,0,0,0,0,2.04326,2.04633,
119497,-0.210155,-0.210155,-0.606018,-0.607456,2.13715,2.13413,-0.191967,-0.19058,0,0,0,0,2.04326,2.04633,
119517,-0.210155,-0.210155,-0.606018,-0.607456,2.13715,2.13413,-0.191967,-0.19058,0,0,0,0,2.04326,2.04633,
119537,-0.210155,-0.210155,-0.606018,-0.607456,2.13715,2.13413,-0.191967,-0.19058,0,0,0,0,2.04326,2.04633,
119557,-0.210155,-0.210155,-0.606018,-0.607456,2.13715,2.13413,-0.191967,-0.19058,0,0,0,0,2.04326,2.04633,
119577,-0.210155,-0.210155,-0.606018,-0.607456,2.13715,2.13413,-0.191967,-0.19058,0,0,0,0,2.04326,2.04633,
119597,-0.210155,-0.210155,-0.606018,-0.607456,2.13715,2.13413,-0.191967,-0.19058,0,0,0,0,2.04326,2.04633,
119617,-0.210155,-0.210155,-0.606018,-0.607456,2.13715,2.13413,-0.191967,-0.19058,0,0,0,0,2.04326,2.04633,
119637,-0.210155,-0.210155,-0.606018,-0.607456,2.13715,2.13413,-0.191967,-0.19058,0,0,0,0,2.04326,2.04633,
119657,-0.210155,-0.210155,-0.606018,-0.607456,2.13715,2.13413,-0.191967,-0.19058,0,0,0,0,2.04326,2.04633,
119677,-0.210155,-0.210155,-0.606018,-0.607456,2.13715,2.13413,-0.191967,-0.19058,0,0,0,0,2.04326,2.04633,
119697,-0.210155,-0.210155,-0.606018,-0.607456,2.13715,2.13413,-0.191967,-0.19058,0,0,0,0,2.04326,2.04633,
119717,-0.210155,-0.210155,-0.606018,-0.607456,2.13715,2.13413,-0.191967,-0.19058,0,0,0,0,2.04326,2.04633,
119737,-0.210155,-0.210155,-0.606018,-0.607456,2.13715,2.13413,-0.191967,-0.19058,0,0,0,0,2.04326,2.04633,
119757,-0.210155,-0.210155,-0.606018,-0.607456,2.13715,2.13413,-0.191967,-0.19058,0,0,0,0,2.04326,2.04633,
119777,-0.210155,-0.210155,-0.606018,-0.607456,2.13715,2.13413,-0.191967,-0.19058,0,0,0,0,2.04326,2.04633,
119797,-0.210155,-0.210155,-0.606018,-0.607456,2.13715,2.13413,-0.191967,-0.19058,0,0,0,0,2.04326,2.04633,
119817,-0.210155,-0.210155,-0.606018,-0.607456,2.13715,2.13413,-0.191967,-0.19058,0,0,0,0,2.04326,2.04633,
119837,-0.210155,-0.210155,-0.606018,-0.607456,2.13715,2.13413,-0.191967,-0.19058,0,0,0,0,2.04326,2.04633,
119857,-0.210155,-0.210155,-0.606018,-0.607456,2.13715,2.13413,-0.191967,-0.19058,0,0,0,0,2.04326,2.04633,
119877,-0.210155,-0.210155,-0.606018,-0.607456,2.13715,2.13413,-0.191967,-0.19058,0,0,0,0,2.04326,2.04633,
119897,-0.210155,-0.210155,-0.606018,-0.607456,2.13715,2.13413,-0.191967,-0.19058,0,0,0,0,2.04326,2.04633,
119917,-0.210155,-0.210155,-0.606018,-0.607456,2.13715,2.13413,-0.191967,-0.19058,0,0,0,0,2.04326,2.04633,
119937,-0.210155,-0.210155,-0.606018,-0.607456,2.13715,2.13413,-0.191967,-0.19058,0,0,0,0,2.04326,2.04633,
119957,-0.210155,-0.210155,-0.606018,-0.607456,2.13715,2.13413,-0.191967,-0.19058,0,0,0,0,2.04326,2.04633,
119977,-0.210155,-0.210155,-0.606018,-0.607456,2.13715,2.13413,-0.191967,-0.19058,0,0,0,0,2.04326,2.04633,
119997,-0.210155,-0.210155,-0.606018,-0.607456,2.13715,2.13413,-0.191967,-0.19058,0,0,0,0,2.04326,2.04633,
120017,-0.210155,-0.210155,-0.606018,-0.607456,2.13715,2.13413,-0.191967,-0.19058,0,0,0,0,2.04326,2.04633,
120037,-0.210155,-0.210155,-0.606018,-0.607456,2.13715,2.13413,-0.191967,-0.19058,0,0,0,0,2.04326,2.04633,
120057,-0.210155,-0.210155,-0.606018,-0.607456,2.13715,2.13413,-0.191967,-0.19058,0,0,0,0,2.04326,2.04633,
120077,-0.210155,-0.210155,-0.606018,-0.607456,2.13715,2.13413,-0.191967,-0.19058,0,0,0,0,2.04326,2.04633,
120097,-0.210155,-0.210155,-0.606018,-0.607456,2.13715,2.13413,-0.191967,-0.19058,0,0,0,0,2.04326,2.04633,
120117,-0.210155,-0.210155,-0.606018,-0.607456,2.13715,2.13413,-0.191967,-0.19058,0,0,0,0,2.04326,2.04633,
120137,-0.210155,-0.210155,-0.606018,-0.607456,2.13715,2.13413,-0.191967,-0.19058,0,0,0,0,2.04326,2.04633,
120157,-0.210155,-0.210155,-0.606018,-0.607456,2.13715,2.13413,-0.191967,-0.19058,0,0,0,0,2.04326,2.04633,
120177,-0.210155,-0.210155,-0.606018,-0.607456,2.13715,2.13413,-0.191967,-0.19058,0,0,0,0,2.04326,2.04633,
120197,-0.210155,-0.210155,-0.606018,-0.607456,2.13715,2.13413,-0.191967,-0.19058,0,0,0,0,2.04326,2.04633,
120217,-0.210155,-0.210155,-0.606018,-0.607456,2.13715,2.13413,-0.191967,-0.19058,0,0,0,0,2.04326,2.04633,
120237,-0.210155,-0.210155,-0.606018,-0.607456,2.13715,2.13413,-0.191967,-0.19058,0,0,0,0,2.04326,2.04633,
120257,-0.210155,-0.210155,-0.606018,-0.607456,2.13715,2.13413,-0.191967,-0.19058,0,0,0,0,2.04326,2.04633,
120277,-0.210155,-0.210155,-0.606018,-0.607456,2.13715,2.13413,-0.191967,-0.19058,0,0,0,0,2.04326,2.04633,
120297,-0.210155,-0.210155,-0.606018,-0.607456,2.13715,2.13413,-0.191967,-0.19058,0,0,0,0,2.04326,2.04633,
120317,-0.210155,-0.210155,-0.606018,-0.607456,2.13715,2.13413,-0.191967,-0.19058,0,0,0,0,2.04326,2.04633,
120337,-0.210155,-0.210155,-0.606018,-0.607456,2.13715,2.13413,-0.191967,-0.19058,0,0,0,0,2.04326,2.04633,
120357,-0.210155,-0.210155,-0.606018,-0.607456,2.13715,2.13413,-0.191967,-0.19058,0,0,0,0,2.04326,2.04633,
120377,-0.210155,-0.210155,-0.606018,-0.607456,2.13715,2.13413,-0.191967,-0.19058,0,0,0,0,2.04326,2.04633,
120397,-0.210155,-0.210155,-0.606018,-0.607456,2.13715,2.13413,-0.191967,-0.19058,0,0,0,0,2.04326,2.04633,
120417,-0.210155,-0.210155,-0.606018,-0.607456,2.13715,2.13413,-0.191967,-0.19058,0,0,0,0,2.04326,2.04633,
120437,-0.210155,-0.210155,-0.606018,-0.607456,2.13715,2.13413,-0.191967,-0.19058,0,0,0,0,2.04326,2.04633,
120457,-0.210155,-0.210155,-0.606018,-0.607456,2.13715,2.13413,-0.191967,-0.19058,0,0,0,0,2.04326,2.04633,
120477,-0.210155,-0.210155,-0.606018,-0.607456,2.13715,2.13413,-0.191967,-0.19058,0,0,0,0,2.04326,2.04633,
120497,-0.210155,-0.210155,-0.606018,-0.607456,2.13715,2.13413,-0.191967,-0.19058,0,0,0,0,2.04326,2.04633,
120517,-0.210155,-0.210155,-0.606018,-0.607456,2.13715,2.13413,-0.191967,-0.19058,0,0,0,0,2.04326,2.04633,
120537,-0.210155,-0.210155,-0.606018,-0.607456,2.13715,2.13413,-0.191967,-0.19058,0,0,0,0,2.04326,2.04633,
120557,-0.210155,-0.210155,-0.606018,-0.607456,2.13715,2.13413,-0.191967,-0.19058,0,0,0,0,2.04326,2.04633,
120577,-0.210155,-0.210155,-0.606018,-0.607456,2.13715,2.13413,-0.191967,-0.19058,0,0,0,0,2.04326,2.04633,
120597,-0.210155,-0.210155,-0.606018,-0.607456,2.13715,2.13413,-0.191967,-0.19058,0,0,0,0,2.04326,2.04633,
120617,-0.210155,-0.210155,-0.606018,-0.607456,2.13715,2.13413,-0.191967,-0.19058,0,0,0,0,2.04326,2.04633,
120637,-0.210155,-0.210155,-0.606018,-0.607456,2.13715,2.13413,-0.191967,-0.19058,0,0,0,0,2.04326,2.04633,
120657,-0.210155,-0.210155,-0.606018,-0.607456,2.13715,2.13413,-0.191967,-0.19058,0,0,0,0,2.04326,2.04633,
120677,-0.210155,-0.210155,-0.606018,-0.607456,2.13715,2.13413,-0.191967,-0.19058,0,0,0,0,2.04326,2.04633,
120697,-0.210155,-0.210155,-0.606018,-0.607456,2.13715,2.13413,-0.191967,-0.19058,0,0,0,0,2.04326,2.04633,
120717,-0.210155,-0.210155,-0.606018,-0.607456,2.13715,2.13413,-0.191967,-0.19058,0,0,0,0,2.04326,2.04633,
120737,-0.210155,-0.210155,-0.606018,-0.607456,2.13715,2.13413,-0.191967,-0.19058,0,0,0,0,2.04326,2.04633,
120757,-0.210155,-0.210155,-0.606018,-0.607456,2.13715,2.13413,-0.191967,-0.19058,0,0,0,0,2.04326,2.04633,
120777,-0.210155,-0.210155,-0.606018,-0.607456,2.13715,2.13413,-0.191967,-0.19058,0,0,0,0,2.04326,2.04633,
120797,-0.210155,-0.210155,-0.606018,-0.607456,2.13715,2.13413,-0.191967,-0.19058,0,0,0,0,2.04326,2.04633,
120817,-0.210155,-0.210155,-0.606018,-0.607456,2.13715,2.13413,-0.191967,-0.19058,0,0,0,0,2.04326,2.04633,
120837,-0.210155,-0.210155,-0.606018,-0.607456,2.13715,2.13413,-0.191967,-0.19058,0,0,0,0,2.04326,2.04633,
120857,-0.210155,-0.210155,-0.606018,-0.607456,2.13715,2.13413,-0.191967,-0.19058,0,0,0,0,2.04326,2.04633,
120877,-0.210155,-0.210155,-0.606018,-0.607456,2.13715,2.13413,-0.191967,-0.19058,0,0,0,0,2.04326,2.04633,
120897,-0.210155,-0.210155,-0.606018,-0.607456,2.13715,2.13413,-0.191967,-0.19058,0,0,0,0,2.04326,2.04633,
120917,-0.210155,-0.210155,-0.606018,-0.607456,2.13715,2.13413,-0.191967,-0.19058,0,0,0,0,2.04326,2.04633,
120937,-0.210155,-0.210155,-0.606018,-0.607456,2.13715,2.13413,-0.191967,-0.19058,0,0,0,0,2.04326,2.04633,
120957,-0.210155,-0.210155,-0.606018,-0.607456,2.13715,2.13413,-0.191967,-0.19058,0,0,0,0,2.04326,2.04633,
120977,-0.210155,-0.210155,-0.606018,-0.607456,2.13715,2.13413,-0.191967,-0.19058,0,0,0,0,2.04326,2.04633,
120997,-0.210155,-0.210155,-0.606018,-0.607456,2.13715,2.13413,-0.191967,-0.19058,0,0,0,0,2.04326,2.04633,
121017,-0.210155,-0.210155,-0.606018,-0.607456,2.13715,2.13413,-0.191967,-0.19058,0,0,0,0,2.04326,2.04633,
121037,-0.210155,-0.210155,-0.606018,-0.607456,2.13715,2.13413,-0.191967,-0.19058,0,0,0,0,2.04326,2.04633,
121057,-0.210155,-0.210155,-0.606018,-0.607456,2.13715,2.13413,-0.191967,-0.19058,0,0,0,0,2.04326,2.04633,
121077,-0.210155,-0.210155,-0.606018,-0.607456,2.13715,2.13413,-0.191967,-0.19058,0,0,0,0,2.04326,2.04633,
121097,-0.210155,-0.210155,-0.606018,-0.607456,2.13715,2.13413,-0.191967,-0.19058,0,0,0,0,2.04326,2.04633,
121117,-0.210155,-0.210155,-0.606018,-0.607456,2.13715,2.13413,-0.191967,-0.19058,0,0,0,0,2.04326,2.04633,
121137,-0.210155,-0.210155,-0.606018,-0.607456,2.13715,2.13413,-0.191967,-0.19058,0,0,0,0,2.04326,2.04633,
121157,-0.210155,-0.210155,-0.606018,-0.607456,2.13715,2.13413,-0.191967,-0.19058,0,0,0,0,2.04326,2.04633,
121177,-0.210155,-0.210155,-0.606018,-0.607456,2.13715,2.13413,-0.191967,-0.19058,0,0,0,0,2.04326,2.04633,
121197,-0.210155,-0.210155,-0.606018,-0.607456,2.13715,2.13413,-0.191967,-0.19058,0,0,0,0,2.04326,2.04633,
121217,-0.210155,-0.210155,-0.606018,-0.607456,2.13715,2.13413,-0.191967,-0.19058,0,0,0,0,2.04326,2.04633,
121237,-0.210155,-0.210155,-0.606018,-0.607456,2.13715,2.13413,-0.191967,-0.19058,0,0,0,0,2.04326,2.04633,
121257,-0.210155,-0.210155,-0.606018,-0.607456,2.13715,2.13413,-0.191967,-0.19058,0,0,0,0,2.04326,2.04633,
121277,-0.210155,-0.210155,-0.606018,-0.607456,2.13715,2.13413,-0.191967,-0.19058,0,0,0,0,2.04326,2.04633,
121297,-0.210155,-0.210155,-0.606018,-0.607456,2.13715,2.13413,-0.191967,-0.19058,0,0,0,0,2.04326,2.04633,
121317,-0.210155,-0.210155,-0.606018,-0.607456,2.13715,2.13413,-0.191967,-0.19058,0,0,0,0,2.04326,2.04633,
121337,-0.210155,-0.210155,-0.606018,-0.607456,2.13715,2.13413,-0.191967,-0.19058,0,0,0,0,2.04326,2.04633,
121357,-0.210155,-0.210155,-0.606018,-0.607456,2.13715,2.13413,-0.191967,-0.19058,0,0,0,0,2.04326,2.04633,
121377,-0.210155,-0.210155,-0.606018,-0.607456,2.13715,2.13413,-0.191967,-0.19058,0,0,0,0,2.04326,2.04633,
121397,-0.210155,-0.210155,-0.606018,-0.607456,2.13715,2.13413,-0.191967,-0.19058,0,0,0,0,2.04326,2.04633,
121417,-0.210155,-0.210155,-0.606018,-0.607456,2.13715,2.13413,-0.191967,-0.19058,0,0,0,0,2.04326,2.04633,
121437,-0.210155,-0.210155,-0.606018,-0.607456,2.13715,2.13413,-0.191967,-0.19058,0,0,0,0,2.04326,2.04633,
121457,-0.210155,-0.210155,-0.606018,-0.607456,2.13715,2.13413,-0.191967,-0.19058,0,0,0,0,2.04326,2.04633,
121477,-0.210155,-0.210155,-0.606018,-0.607456,2.13715,2.13413,-0.191967,-0.19058,0,0,0,0,2.04326,2.04633,
121497,-0.210155,-0.210155,-0.606018,-0.607456,2.13715,2.13413,-0.191967,-0.19058,0,0,0,0,2.04326,2.04633,
121517,-0.210155,-0.210155,-0.606018,-0.607456,2.13715,2.13413,-0.191967,-0.19058,0,0,0,0,2.04326,2.04633,
121537,-0.210155,-0.210155,-0.606018,-0.607456,2.13715,2.13413,-0.191967,-0.19058,0,0,0,0,2.04326,2.04633,
121557,-0.210155,-0.210155,-0.606018,-0.607456,2.13715,2.13413,-0.191967,-0.19058,0,0,0,0,2.04326,2.04633,
121577,-0.210155,-0.210155,-0.606018,-0.607456,2.13715,2.13413,-0.191967,-0.19058,0,0,0,0,2.04326,2.04633,
121597,-0.210155,-0.210155,-0.606018,-0.607456,2.13715,2.13413,-0.191967,-0.19058,0,0,0,0,2.04326,2.04633,
121617,-0.210155,-0.210155,-0.606018,-0.607456,2.13715,2.13413,-0.191967,-0.19058,0,0,0,0,2.04326,2.04633,
121637,-0.210155,-0.210155,-0.606018,-0.607456,2.13715,2.13413,-0.191967,-0.19058,0,0,0,0,2.04326,2.04633,
121657,-0.210155,-0.210155,-0.606018,-0.607456,2.13715,2.13413,-0.191967,-0.19058,0,0,0,0,2.04326,2.04633,
121677,-0.210155,-0.210155,-0.606018,-0.607456,2.13715,2.13413,-0.191967,-0.19058,0,0,0,0,2.04326,2.04633,
121697,-0.210155,-0.210155,-0.606018,-0.607456,2.13715,2.13413,-0.191967,-0.19058,0,0,0,0,2.04326,2.04633,
121717,-0.210155,-0.210155,-0.606018,-0.607456,2.13715,2.13413,-0.191967,-0.19058,0,0,0,0,2.04326,2.04633,
121737,-0.210155,-0.210155,-0.606018,-0.607456,2.13715,2.13413,-0.191967,-0.19058,0,0,0,0,2.04326,2.04633,
121757,-0.210155,-0.210155,-0.606018,-0.607456,2.13715,2.13413,-0.191967,-0.19058,0,0,0,0,2.04326,2.04633,
121777,-0.210155,-0.210155,-0.606018,-0.607456,2.13715,2.13413,-0.191967,-0.19058,0,0,0,0,2.04326,2.04633,
121797,-0.210155,-0.210155,-0.606018,-0.607456,2.13715,2.13413,-0.191967,-0.19058,0,0,0,0,2.04326,2.04633,
121817,-0.210155,-0.210155,-0.606018,-0.607456,2.13715,2.13413,-0.191967,-0.19058,0,0,0,0,2.04326,2.04633,
121837,-0.210155,-0.210155,-0.606018,-0.607456,2.13715,2.13413,-0.191967,-0.19058,0,0,0,0,2.04326,2.04633,
121857,-0.210155,-0.210155,-0.606018,-0.607456,2.13715,2.13413,-0.191967,-0.19058,0,0,0,0,2.04326,2.04633,
121877,-0.210155,-0.210155,-0.606018,-0.607456,2.13715,2.13413,-0.191967,-0.19058,0,0,0,0,2.04326,2.04633,
121897,-0.210155,-0.210155,-0.606018,-0.607456,2.13715,2.13413,-0.191967,-0.19058,0,0,0,0,2.04326,2.04633,
121917,-0.210155,-0.210155,-0.606018,-0.607456,2.13715,2.13413,-0.191967,-0.19058,0,0,0,0,2.04326,2.04633,
121937,-0.210155,-0.210155,-0.606018,-0.607456,2.13715,2.13413,-0.191967,-0.19058,0,0,0,0,2.04326,2.04633,
121957,-0.210155,-0.210155,-0.606018,-0.607456,2.13715,2.13413,-0.191967,-0.19058,0,0,0,0,2.04326,2.04633,
121977,-0.210155,-0.210155,-0.606018,-0.607456,2.13715,2.13413,-0.191967,-0.19058,0,0,0,0,2.04326,2.04633,
121997,-0.210155,-0.210155,-0.606018,-0.607456,2.13715,2.13413,-0.191967,-0.19058,0,0,0,0,2.04326,2.04633,
122017,-0.210155,-0.210155,-0.606018,-0.607456,2.13715,2.13413,-0.191967,-0.19058,0,0,0,0,2.04326,2.04633,
122037,-0.210155,-0.210155,-0.606018,-0.607456,2.13715,2.13413,-0.191967,-0.19058,0,0,0,0,2.04326,2.04633,
122057,-0.210155,-0.210155,-0.606018,-0.607456,2.13715,2.13413,-0.191967,-0.19058,0,0,0,0,2.04326,2.04633,
122077,-0.210155,-0.210155,-0.606018,-0.607456,2.13715,2.13413,-0.191967,-0.19058,0,0,0,0,2.04326,2.04633,
122097,-0.210155,-0.210155,-0.606018,-0.605922,2.13715,2.13413,-0.191967,-0.19058,0,0,0,0,2.04326,2.04633,
122117,-0.210155,-0.210155,-0.606018,-0.605922,2.13715,2.13413,-0.191967,-0.19058,0,0,0,0,2.04326,2.04633,
122137,-0.210155,-0.210155,-0.606018,-0.605922,2.13715,2.13413,-0.191967,-0.19058,0,0,0,0,2.04326,2.04633,
122157,-0.210155,-0.210155,-0.606018,-0.605922,2.13715,2.13413,-0.191967,-0.19058,0,0,0,0,2.04326,2.04633,
122177,-0.210155,-0.210155,-0.606018,-0.605922,2.13715,2.13413,-0.191967,-0.19058,0,0,0,0,2.04326,2.04633,
122197,-0.210155,-0.210155,-0.606018,-0.605922,2.13715,2.13413,-0.191967,-0.19058,0,0,0,0,2.04326,2.04633,
122217,-0.210155,-0.210155,-0.606018,-0.607456,2.13715,2.13413,-0.191967,-0.19058,0,0,0,0,2.04326,2.04633,
122237,-0.210155,-0.210155,-0.606018,-0.607456,2.13715,2.13413,-0.191967,-0.19058,0,0,0,0,2.04326,2.04633,
122257,-0.210155,-0.210155,-0.606018,-0.607456,2.13715,2.13413,-0.191967,-0.19058,0,0,0,0,2.04326,2.04633,
122277,-0.210155,-0.210155,-0.606018,-0.607456,2.13715,2.13413,-0.191967,-0.19058,0,0,0,0,2.04326,2.04633,
122297,-0.210155,-0.210155,-0.606018,-0.607456,2.13715,2.13413,-0.191967,-0.19058,0,0,0,0,2.04326,2.04633,
122317,-0.210155,-0.210155,-0.606018,-0.607456,2.13715,2.13413,-0.191967,-0.19058,0,0,0,0,2.04326,2.04633,
122337,-0.210155,-0.210155,-0.606018,-0.607456,2.13715,2.13413,-0.191967,-0.19058,0,0,0,0,2.04326,2.04633,
122357,-0.210155,-0.210155,-0.606018,-0.607456,2.13715,2.13413,-0.191967,-0.19058,0,0,0,0,2.04326,2.04633,
122377,-0.210155,-0.210155,-0.606018,-0.607456,2.13715,2.13413,-0.191967,-0.19058,0,0,0,0,2.04326,2.04633,
122397,-0.210155,-0.210155,-0.606018,-0.607456,2.13715,2.13413,-0.191967,-0.192114,0,0,0,0,2.04326,2.04633,
122417,-0.210155,-0.210155,-0.606018,-0.607456,2.13715,2.13413,-0.191967,-0.192114,0,0,0,0,2.04326,2.04633,
122437,-0.210155,-0.210155,-0.606018,-0.607456,2.13715,2.13413,-0.191967,-0.192114,0,0,0,0,2.04326,2.04633,
122457,-0.210155,-0.210155,-0.606018,-0.607456,2.13715,2.13413,-0.191967,-0.192114,0,0,0,0,2.04326,2.04633,
122477,-0.210155,-0.210155,-0.606018,-0.607456,2.13715,2.13413,-0.191967,-0.192114,0,0,0,0,2.04326,2.04633,
122497,-0.210155,-0.210155,-0.606018,-0.607456,2.13715,2.13413,-0.191967,-0.19058,0,0,0,0,2.04326,2.04633,
122517,-0.210155,-0.210155,-0.606018,-0.607456,2.13715,2.13413,-0.191967,-0.19058,0,0,0,0,2.04326,2.04633,
122537,-0.210155,-0.210155,-0.606018,-0.607456,2.13715,2.13413,-0.191967,-0.19058,0,0,0,0,2.04326,2.04633,
122557,-0.210155,-0.210155,-0.606018,-0.607456,2.13715,2.13413,-0.191967,-0.19058,0,0,0,0,2.04326,2.04633,
122577,-0.210155,-0.210155,-0.606018,-0.607456,2.13715,2.13413,-0.191967,-0.19058,0,0,0,0,2.04326,2.04633,
122597,-0.210155,-0.210155,-0.606018,-0.607456,2.13715,2.13413,-0.191967,-0.19058,0,0,0,0,2.04326,2.04633,
122617,-0.210155,-0.210155,-0.606018,-0.607456,2.13715,2.13413,-0.191967,-0.19058,0,0,0,0,2.04326,2.04633,
122637,-0.210155,-0.210155,-0.606018,-0.607456,2.13715,2.13413,-0.191967,-0.19058,0,0,0,0,2.04326,2.04633,
122657,-0.210155,-0.210155,-0.606018,-0.607456,2.13715,2.13413,-0.191967,-0.19058,0,0,0,0,2.04326,2.04633,
122677,-0.210155,-0.210155,-0.606018,-0.607456,2.13715,2.13413,-0.191967,-0.19058,0,0,0,0,2.04326,2.04633,
122697,-0.210155,-0.210155,-0.606018,-0.607456,2.13715,2.13413,-0.191967,-0.19058,0,0,0,0,2.04326,2.04633,
122717,-0.210155,-0.210155,-0.606018,-0.607456,2.13715,2.13413,-0.191967,-0.19058,0,0,0,0,2.04326,2.04633,
122737,-0.210155,-0.210155,-0.606018,-0.607456,2.13715,2.13413,-0.191967,-0.19058,0,0,0,0,2.04326,2.04633,
122757,-0.210155,-0.210155,-0.606018,-0.607456,2.13715,2.13413,-0.191967,-0.19058,0,0,0,0,2.04326,2.04633,
122777,-0.210155,-0.210155,-0.606018,-0.607456,2.13715,2.13413,-0.191967,-0.19058,0,0,0,0,2.04326,2.04633,
122797,-0.210155,-0.210155,-0.606018,-0.607456,2.13715,2.13413,-0.191967,-0.19058,0,0,0,0,2.04326,2.04633,
122817,-0.210155,-0.210155,-0.606018,-0.607456,2.13715,2.13413,-0.191967,-0.19058,0,0,0,0,2.04326,2.04633,
122837,-0.210155,-0.210155,-0.606018,-0.607456,2.13715,2.13413,-0.191967,-0.19058,0,0,0,0,2.04326,2.04633,
122857,-0.210155,-0.210155,-0.606018,-0.607456,2.13715,2.13413,-0.191967,-0.19058,0,0,0,0,2.04326,2.04633,
122877,-0.210155,-0.210155,-0.606018,-0.607456,2.13715,2.13413,-0.191967,-0.19058,0,0,0,0,2.04326,2.04633,
122897,-0.210155,-0.210155,-0.606018,-0.607456,2.13715,2.13413,-0.191967,-0.19058,0,0,0,0,2.04326,2.04633,
122917,-0.210155,-0.210155,-0.606018,-0.607456,2.13715,2.13413,-0.191967,-0.19058,0,0,0,0,2.04326,2.04633,
122937,-0.210155,-0.210155,-0.606018,-0.607456,2.13715,2.13413,-0.191967,-0.19058,0,0,0,0,2.04326,2.04633,
122957,-0.210155,-0.210155,-0.606018,-0.607456,2.13715,2.13413,-0.191967,-0.19058,0,0,0,0,2.04326,2.04633,
122977,-0.210155,-0.210155,-0.606018,-0.607456,2.13715,2.13413,-0.191967,-0.19058,0,0,0,0,2.04326,2.04633,
122997,-0.210155,-0.210155,-0.606018,-0.607456,2.13715,2.13413,-0.191967,-0.19058,0,0,0,0,2.04326,2.04633,
123017,-0.210155,-0.210155,-0.606018,-0.607456,2.13715,2.13413,-0.191967,-0.19058,0,0,0,0,2.04326,2.04633,
123037,-0.210155,-0.210155,-0.606018,-0.607456,2.13715,2.13413,-0.191967,-0.19058,0,0,0,0,2.04326,2.04633,
123057,-0.210155,-0.210155,-0.606018,-0.607456,2.13715,2.13413,-0.191967,-0.19058,0,0,0,0,2.04326,2.04633,
123077,-0.210155,-0.210155,-0.606018,-0.607456,2.13715,2.13413,-0.191967,-0.19058,0,0,0,0,2.04326,2.04633,
123097,-0.210155,-0.210155,-0.606018,-0.607456,2.13715,2.13413,-0.191967,-0.19058,0,0,0,0,2.04326,2.04633,
123117,-0.210155,-0.210155,-0.606018,-0.607456,2.13715,2.13413,-0.191967,-0.19058,0,0,0,0,2.04326,2.04633,
123137,-0.210155,-0.210155,-0.606018,-0.607456,2.13715,2.13413,-0.191967,-0.19058,0,0,0,0,2.04326,2.04633,
123157,-0.210155,-0.210155,-0.606018,-0.607456,2.13715,2.13413,-0.191967,-0.19058,0,0,0,0,2.04326,2.04633,
123177,-0.210155,-0.210155,-0.606018,-0.607456,2.13715,2.13413,-0.191967,-0.19058,0,0,0,0,2.04326,2.04633,
123197,-0.210155,-0.210155,-0.606018,-0.607456,2.13715,2.13413,-0.191967,-0.19058,0,0,0,0,2.04326,2.04633,
123217,-0.210155,-0.210155,-0.606018,-0.607456,2.13715,2.13413,-0.191967,-0.19058,0,0,0,0,2.04326,2.04633,
123237,-0.210155,-0.210155,-0.606018,-0.607456,2.13715,2.13413,-0.191967,-0.19058,0,0,0,0,2.04326,2.04633,
123257,-0.210155,-0.210155,-0.606018,-0.607456,2.13715,2.13413,-0.191967,-0.19058,0,0,0,0,2.04326,2.04633,
123277,-0.210155,-0.210155,-0.606018,-0.607456,2.13715,2.13413,-0.191967,-0.19058,0,0,0,0,2.04326,2.04633,
123297,-0.210155,-0.210155,-0.606018,-0.607456,2.13715,2.13413,-0.191967,-0.19058,0,0,0,0,2.04326,2.04633,
123317,-0.210155,-0.210155,-0.606018,-0.607456,2.13715,2.13413,-0.191967,-0.19058,0,0,0,0,2.04326,2.04633,
123337,-0.210155,-0.210155,-0.606018,-0.607456,2.13715,2.13413,-0.191967,-0.19058,0,0,0,0,2.04326,2.04633,
123357,-0.210155,-0.210155,-0.606018,-0.607456,2.13715,2.13413,-0.191967,-0.19058,0,0,0,0,2.04326,2.04633,
123377,-0.210155,-0.210155,-0.606018,-0.607456,2.13715,2.13413,-0.191967,-0.19058,0,0,0,0,2.04326,2.04633,
123397,-0.210155,-0.210155,-0.606018,-0.607456,2.13715,2.13413,-0.191967,-0.19058,0,0,0,0,2.04326,2.04633,
123417,-0.210155,-0.210155,-0.606018,-0.607456,2.13715,2.13567,-0.191967,-0.19058,0,0,0,0,2.04326,2.04633,
123437,-0.210155,-0.210155,-0.606018,-0.607456,2.13715,2.13567,-0.191967,-0.19058,0,0,0,0,2.04326,2.04633,
123457,-0.210155,-0.210155,-0.606018,-0.607456,2.13715,2.13567,-0.191967,-0.19058,0,0,0,0,2.04326,2.04633,
123477,-0.210155,-0.210155,-0.606018,-0.607456,2.13715,2.13567,-0.191967,-0.19058,0,0,0,0,2.04326,2.04633,
123497,-0.210155,-0.210155,-0.606018,-0.607456,2.13715,2.13567,-0.191967,-0.19058,0,0,0,0,2.04326,2.04633,
123518,-0.210155,-0.210155,-0.606018,-0.607456,2.13715,2.13413,-0.191967,-0.19058,0,0,0,0,2.04326,2.04633,
123537,-0.210155,-0.210155,-0.606018,-0.607456,2.13715,2.13413,-0.191967,-0.19058,0,0,0,0,2.04326,2.04633,
123559,-0.210155,-0.210155,-0.606018,-0.607456,2.13715,2.13413,-0.191967,-0.19058,0,0,0,0,2.04326,2.04633,
123577,-0.210155,-0.210155,-0.606018,-0.607456,2.13715,2.13413,-0.191967,-0.19058,0,0,0,0,2.04326,2.04633,
123597,-0.210155,-0.210155,-0.606018,-0.607456,2.13715,2.13413,-0.191967,-0.19058,0,0,0,0,2.04326,2.04633,
123617,-0.210155,-0.210155,-0.606018,-0.607456,2.13715,2.13413,-0.191967,-0.19058,0,0,0,0,2.04326,2.04633,
123637,-0.210155,-0.210155,-0.606018,-0.607456,2.13715,2.13413,-0.191967,-0.19058,0,0,0,0,2.04326,2.04633,
123657,-0.210155,-0.210155,-0.606018,-0.607456,2.13715,2.13413,-0.191967,-0.19058,0,0,0,0,2.04326,2.04633,
123677,-0.210155,-0.210155,-0.606018,-0.607456,2.13715,2.13413,-0.191967,-0.19058,0,0,0,0,2.04326,2.04633,
123697,-0.210155,-0.210155,-0.606018,-0.607456,2.13715,2.13413,-0.191967,-0.19058,0,0,0,0,2.04326,2.04633,
123717,-0.210155,-0.210155,-0.606018,-0.607456,2.13715,2.13413,-0.191967,-0.19058,0,0.00153398,0,0,2.04326,2.04633,
123737,-0.210155,-0.210155,-0.606018,-0.607456,2.13715,2.13413,-0.191967,-0.19058,0,0.00153398,0,0,2.04326,2.04633,
123757,-0.210155,-0.210155,-0.606018,-0.607456,2.13715,2.13413,-0.191967,-0.19058,0,0.00153398,0,0,2.04326,2.04633,
123777,-0.210155,-0.210155,-0.606018,-0.607456,2.13715,2.13413,-0.191967,-0.19058,0,0.00153398,0,0,2.04326,2.04633,
123797,-0.210155,-0.210155,-0.606018,-0.607456,2.13715,2.13413,-0.191967,-0.19058,0,0.00153398,0,0,2.04326,2.04633,
123817,-0.210155,-0.210155,-0.606018,-0.607456,2.13715,2.13413,-0.191967,-0.19058,0,0.00153398,0,0,2.04326,2.04633,
123837,-0.210155,-0.210155,-0.606018,-0.607456,2.13715,2.13413,-0.191967,-0.19058,0,0.00153398,0,0,2.04326,2.04633,
123857,-0.210155,-0.210155,-0.606018,-0.607456,2.13715,2.13413,-0.191967,-0.19058,0,0.00153398,0,0,2.04326,2.04633,
123877,-0.210155,-0.210155,-0.606018,-0.607456,2.13715,2.13413,-0.191967,-0.19058,0,0.00153398,0,0,2.04326,2.04633,
123897,-0.210155,-0.210155,-0.606018,-0.607456,2.13715,2.13413,-0.191967,-0.19058,0,0.00153398,0,0,2.04326,2.04633,
123917,-0.210155,-0.210155,-0.606018,-0.607456,2.13715,2.13413,-0.191967,-0.19058,0,0.00153398,0,0,2.04326,2.04633,
123937,-0.210155,-0.210155,-0.606018,-0.607456,2.13715,2.13413,-0.191967,-0.19058,0,0.00153398,0,0,2.04326,2.04633,
123957,-0.210155,-0.210155,-0.606018,-0.607456,2.13715,2.13413,-0.191967,-0.19058,0,0.00153398,0,0,2.04326,2.04633,
123977,-0.210155,-0.210155,-0.606018,-0.607456,2.13715,2.13413,-0.191967,-0.19058,0,0.00153398,0,0,2.04326,2.04633,
123997,-0.210155,-0.210155,-0.606018,-0.607456,2.13715,2.13567,-0.191967,-0.19058,0,0.00153398,0,0,2.04326,2.04633,
124017,-0.210155,-0.210155,-0.606018,-0.607456,2.13715,2.13567,-0.191967,-0.19058,0,0.00153398,0,0,2.04326,2.04633,
124037,-0.210155,-0.210155,-0.606018,-0.607456,2.13715,2.13567,-0.191967,-0.19058,0,0.00153398,0,0,2.04326,2.04633,
124057,-0.210155,-0.210155,-0.606018,-0.607456,2.13715,2.13567,-0.191967,-0.19058,0,0.00153398,0,0,2.04326,2.04633,
124077,-0.210155,-0.210155,-0.606018,-0.607456,2.13715,2.13567,-0.191967,-0.19058,0,0.00153398,0,0,2.04326,2.04633,
124097,-0.210155,-0.210155,-0.606018,-0.607456,2.13715,2.13567,-0.191967,-0.19058,0,0.00153398,0,0,2.04326,2.04633,
124117,-0.210155,-0.210155,-0.606018,-0.607456,2.13715,2.13413,-0.191967,-0.19058,0,0.00153398,0,0,2.04326,2.04633,
124137,-0.210155,-0.210155,-0.606018,-0.607456,2.13715,2.13413,-0.191967,-0.19058,0,0.00153398,0,0,2.04326,2.04633,
124157,-0.210155,-0.210155,-0.606018,-0.607456,2.13715,2.13413,-0.191967,-0.19058,0,0.00153398,0,0,2.04326,2.04633,
124177,-0.210155,-0.210155,-0.606018,-0.607456,2.13715,2.13413,-0.191967,-0.19058,0,0.00153398,0,0,2.04326,2.04633,
124197,-0.210155,-0.210155,-0.606018,-0.607456,2.13715,2.13413,-0.191967,-0.19058,0,0.00153398,0,0,2.04326,2.04633,
124217,-0.210155,-0.210155,-0.606018,-0.607456,2.13715,2.13413,-0.191967,-0.19058,0,0.00153398,0,0,2.04326,2.04633,
124237,-0.210155,-0.210155,-0.606018,-0.607456,2.13715,2.13413,-0.191967,-0.19058,0,0.00153398,0,0,2.04326,2.04633,
124257,-0.210155,-0.210155,-0.606018,-0.607456,2.13715,2.13413,-0.191967,-0.19058,0,0.00153398,0,0,2.04326,2.04633,
124277,-0.210155,-0.210155,-0.606018,-0.607456,2.13715,2.13413,-0.191967,-0.19058,0,0.00153398,0,0,2.04326,2.04633,
124297,-0.210155,-0.210155,-0.606018,-0.607456,2.13715,2.13413,-0.191967,-0.19058,0,0.00153398,0,0,2.04326,2.04633,
124317,-0.210155,-0.210155,-0.606018,-0.607456,2.13715,2.13413,-0.191967,-0.19058,0,0.00153398,0,0,2.04326,2.04633,
124337,-0.210155,-0.210155,-0.606018,-0.607456,2.13715,2.13413,-0.191967,-0.19058,0,0.00153398,0,0,2.04326,2.04633,
124357,-0.210155,-0.210155,-0.606018,-0.607456,2.13715,2.13413,-0.191967,-0.19058,0,0.00153398,0,0,2.04326,2.04633,
124377,-0.210155,-0.210155,-0.606018,-0.607456,2.13715,2.13413,-0.191967,-0.19058,0,0.00153398,0,0,2.04326,2.04633,
124397,-0.210155,-0.210155,-0.606018,-0.607456,2.13715,2.13413,-0.191967,-0.19058,0,0.00153398,0,0,2.04326,2.04633,
124417,-0.210155,-0.210155,-0.606018,-0.607456,2.13715,2.13413,-0.191967,-0.19058,0,0.00153398,0,0,2.04326,2.04633,
124437,-0.210155,-0.210155,-0.606018,-0.607456,2.13715,2.13413,-0.191967,-0.19058,0,0.00153398,0,0,2.04326,2.04633,
124457,-0.210155,-0.210155,-0.606018,-0.607456,2.13715,2.13413,-0.191967,-0.19058,0,0.00153398,0,0,2.04326,2.04633,
124477,-0.210155,-0.210155,-0.606018,-0.607456,2.13715,2.13413,-0.191967,-0.19058,0,0.00153398,0,0,2.04326,2.04633,
124497,-0.210155,-0.211689,-0.606018,-0.607456,2.13715,2.13413,-0.191967,-0.19058,0,0.00153398,0,0,2.04326,2.04633,
124517,-0.210155,-0.211689,-0.606018,-0.607456,2.13715,2.13413,-0.191967,-0.19058,0,0.00153398,0,0,2.04326,2.04633,
124537,-0.210155,-0.211689,-0.606018,-0.607456,2.13715,2.13413,-0.191967,-0.19058,0,0.00153398,0,0,2.04326,2.04633,
124557,-0.210155,-0.211689,-0.606018,-0.607456,2.13715,2.13413,-0.191967,-0.19058,0,0.00153398,0,0,2.04326,2.04633,
124577,-0.210155,-0.211689,-0.606018,-0.607456,2.13715,2.13413,-0.191967,-0.19058,0,0.00153398,0,0,2.04326,2.04633,
124597,-0.210155,-0.211689,-0.606018,-0.607456,2.13715,2.13413,-0.191967,-0.19058,0,0.00153398,0,0,2.04326,2.04633,
124617,-0.210155,-0.210155,-0.606018,-0.607456,2.13715,2.13413,-0.191967,-0.19058,0,0.00153398,0,0,2.04326,2.04633,
124637,-0.210155,-0.210155,-0.606018,-0.607456,2.13715,2.13413,-0.191967,-0.19058,0,0.00153398,0,0,2.04326,2.04633,
124657,-0.210155,-0.210155,-0.606018,-0.607456,2.13715,2.13413,-0.191967,-0.19058,0,0.00153398,0,0,2.04326,2.04633,
124677,-0.210155,-0.210155,-0.606018,-0.607456,2.13715,2.13413,-0.191967,-0.19058,0,0.00153398,0,0,2.04326,2.04633,
124697,-0.210155,-0.210155,-0.606018,-0.607456,2.13715,2.13413,-0.191967,-0.19058,0,0.00153398,0,0,2.04326,2.04633,
124717,-0.210155,-0.210155,-0.606018,-0.607456,2.13715,2.13413,-0.191967,-0.19058,0,0.00153398,0,0,2.04326,2.04633,
124737,-0.210155,-0.210155,-0.606018,-0.607456,2.13715,2.13413,-0.191967,-0.19058,0,0.00153398,0,0,2.04326,2.04633,
124757,-0.210155,-0.210155,-0.606018,-0.607456,2.13715,2.13413,-0.191967,-0.19058,0,0.00153398,0,0,2.04326,2.04633,
124777,-0.210155,-0.210155,-0.606018,-0.607456,2.13715,2.13413,-0.191967,-0.19058,0,0.00153398,0,0,2.04326,2.04633,
124797,-0.210155,-0.210155,-0.606018,-0.607456,2.13715,2.13413,-0.191967,-0.19058,0,0.00153398,0,0,2.04326,2.04633,
124817,-0.210155,-0.210155,-0.606018,-0.607456,2.13715,2.13413,-0.191967,-0.192114,0,0.00153398,0,0,2.04326,2.04633,
124837,-0.210155,-0.210155,-0.606018,-0.607456,2.13715,2.13413,-0.191967,-0.192114,0,0.00153398,0,0,2.04326,2.04633,
124857,-0.210155,-0.210155,-0.606018,-0.607456,2.13715,2.13413,-0.191967,-0.192114,0,0.00153398,0,0,2.04326,2.04633,
124877,-0.210155,-0.210155,-0.606018,-0.607456,2.13715,2.13413,-0.191967,-0.192114,0,0.00153398,0,0,2.04326,2.04633,
124897,-0.210155,-0.210155,-0.606018,-0.607456,2.13715,2.13413,-0.191967,-0.192114,0,0.00153398,0,0,2.04326,2.04633,
124917,-0.210155,-0.210155,-0.606018,-0.607456,2.13715,2.13413,-0.191967,-0.19058,0,0.00153398,0,0,2.04326,2.04633,
124937,-0.210155,-0.210155,-0.606018,-0.607456,2.13715,2.13413,-0.191967,-0.19058,0,0.00153398,0,0,2.04326,2.04633,
124957,-0.210155,-0.210155,-0.606018,-0.607456,2.13715,2.13413,-0.191967,-0.19058,0,0.00153398,0,0,2.04326,2.04633,
124977,-0.210155,-0.210155,-0.606018,-0.607456,2.13715,2.13413,-0.191967,-0.19058,0,0.00153398,0,0,2.04326,2.04633,
124997,-0.210155,-0.210155,-0.606018,-0.607456,2.13715,2.13413,-0.191967,-0.19058,0,0.00153398,0,0,2.04326,2.04633,
125017,-0.210155,-0.210155,-0.606018,-0.607456,2.13715,2.13413,-0.191967,-0.19058,0,0.00153398,0,0,2.04326,2.04633,
125037,-0.210155,-0.210155,-0.606018,-0.607456,2.13715,2.13413,-0.191967,-0.19058,0,0.00153398,0,0,2.04326,2.04633,
125057,-0.210155,-0.210155,-0.606018,-0.607456,2.13715,2.13413,-0.191967,-0.19058,0,0.00153398,0,0,2.04326,2.04633,
125077,-0.210155,-0.210155,-0.606018,-0.607456,2.13715,2.13413,-0.191967,-0.19058,0,0.00153398,0,0,2.04326,2.04633,
125097,-0.210155,-0.210155,-0.606018,-0.607456,2.13715,2.13413,-0.191967,-0.19058,0,0.00153398,0,0,2.04326,2.04633,
125117,-0.210155,-0.210155,-0.606018,-0.607456,2.13715,2.13413,-0.191967,-0.19058,0,0.00153398,0,0,2.04326,2.04633,
125137,-0.210155,-0.210155,-0.606018,-0.607456,2.13715,2.13413,-0.191967,-0.19058,0,0.00153398,0,0,2.04326,2.04633,
125157,-0.210155,-0.210155,-0.606018,-0.607456,2.13715,2.13413,-0.191967,-0.19058,0,0.00153398,0,0,2.04326,2.04633,
125177,-0.210155,-0.210155,-0.606018,-0.607456,2.13715,2.13413,-0.191967,-0.19058,0,0.00153398,0,0,2.04326,2.04633,
125197,-0.210155,-0.210155,-0.606018,-0.607456,2.13715,2.13413,-0.191967,-0.19058,0,0.00153398,0,0,2.04326,2.04633,
125217,-0.210155,-0.210155,-0.606018,-0.605922,2.13715,2.13413,-0.191967,-0.19058,0,0.00153398,0,0,2.04326,2.04633,
125237,-0.210155,-0.210155,-0.606018,-0.605922,2.13715,2.13413,-0.191967,-0.19058,0,0.00153398,0,0,2.04326,2.04633,
125257,-0.210155,-0.210155,-0.606018,-0.605922,2.13715,2.13413,-0.191967,-0.19058,0,0.00153398,0,0,2.04326,2.04633,
125277,-0.210155,-0.210155,-0.606018,-0.605922,2.13715,2.13413,-0.191967,-0.19058,0,0.00153398,0,0,2.04326,2.04633,
125297,-0.210155,-0.210155,-0.606018,-0.605922,2.13715,2.13413,-0.191967,-0.19058,0,0.00153398,0,0,2.04326,2.04633,
125317,-0.210155,-0.210155,-0.606018,-0.607456,2.13715,2.13413,-0.191967,-0.19058,0,0.00153398,0,0,2.04326,2.04633,
125337,-0.210155,-0.210155,-0.606018,-0.607456,2.13715,2.13413,-0.191967,-0.19058,0,0.00153398,0,0,2.04326,2.04633,
125357,-0.210155,-0.210155,-0.606018,-0.607456,2.13715,2.13413,-0.191967,-0.19058,0,0.00153398,0,0,2.04326,2.04633,
125377,-0.210155,-0.210155,-0.606018,-0.607456,2.13715,2.13413,-0.191967,-0.19058,0,0.00153398,0,0,2.04326,2.04633,
125397,-0.210155,-0.210155,-0.606018,-0.607456,2.13715,2.13413,-0.191967,-0.19058,0,0.00153398,0,0,2.04326,2.04633,
125417,-0.210155,-0.211689,-0.606018,-0.607456,2.13715,2.13413,-0.191967,-0.19058,0,0.00153398,0,0,2.04326,2.04633,
125440,-0.210155,-0.211689,-0.606018,-0.607456,2.13715,2.13413,-0.191967,-0.19058,0,0.00153398,0,0,2.04326,2.04633,
125457,-0.210155,-0.211689,-0.606018,-0.607456,2.13715,2.13413,-0.191967,-0.19058,0,0.00153398,0,0,2.04326,2.04633,
125477,-0.210155,-0.211689,-0.606018,-0.607456,2.13715,2.13413,-0.191967,-0.19058,0,0.00153398,0,0,2.04326,2.04633,
125497,-0.210155,-0.211689,-0.606018,-0.607456,2.13715,2.13413,-0.191967,-0.19058,0,0.00153398,0,0,2.04326,2.04633,
125517,-0.210155,-0.210155,-0.606018,-0.607456,2.13715,2.13413,-0.191967,-0.19058,0,0.00153398,0,0,2.04326,2.04633,
125537,-0.210155,-0.210155,-0.606018,-0.607456,2.13715,2.13413,-0.191967,-0.19058,0,0.00153398,0,0,2.04326,2.04633,
125557,-0.210155,-0.210155,-0.606018,-0.607456,2.13715,2.13413,-0.191967,-0.19058,0,0.00153398,0,0,2.04326,2.04633,
125577,-0.210155,-0.210155,-0.606018,-0.607456,2.13715,2.13413,-0.191967,-0.19058,0,0.00153398,0,0,2.04326,2.04633,
125597,-0.210155,-0.210155,-0.606018,-0.607456,2.13715,2.13413,-0.191967,-0.19058,0,0.00153398,0,0,2.04326,2.04633,
125617,-0.210155,-0.210155,-0.606018,-0.607456,2.13715,2.13413,-0.191967,-0.19058,0,0.00153398,0,0,2.04326,2.04633,
125637,-0.210155,-0.210155,-0.606018,-0.607456,2.13715,2.13413,-0.191967,-0.19058,0,0.00153398,0,0,2.04326,2.04633,
125658,-0.210155,-0.210155,-0.606018,-0.607456,2.13715,2.13413,-0.191967,-0.19058,0,0.00153398,0,0,2.04326,2.04633,
125677,-0.210155,-0.210155,-0.606018,-0.607456,2.13715,2.13413,-0.191967,-0.19058,0,0.00153398,0,0,2.04326,2.04633,
125697,-0.210155,-0.210155,-0.606018,-0.607456,2.13715,2.13413,-0.191967,-0.19058,0,0.00153398,0,0,2.04326,2.04633,
125717,-0.210155,-0.211689,-0.606018,-0.607456,2.13715,2.13413,-0.191967,-0.19058,0,0.00153398,0,0,2.04326,2.04633,
125737,-0.210155,-0.211689,-0.606018,-0.607456,2.13715,2.13413,-0.191967,-0.19058,0,0.00153398,0,0,2.04326,2.04633,
125757,-0.210155,-0.211689,-0.606018,-0.607456,2.13715,2.13413,-0.191967,-0.19058,0,0.00153398,0,0,2.04326,2.04633,
125777,-0.210155,-0.211689,-0.606018,-0.607456,2.13715,2.13413,-0.191967,-0.19058,0,0.00153398,0,0,2.04326,2.04633,
125797,-0.210155,-0.211689,-0.606018,-0.607456,2.13715,2.13413,-0.191967,-0.19058,0,0.00153398,0,0,2.04326,2.04633,
125817,-0.210155,-0.210155,-0.606018,-0.607456,2.13715,2.13413,-0.191967,-0.19058,0,0.00153398,0,0,2.04326,2.04633,
125837,-0.210155,-0.210155,-0.606018,-0.607456,2.13715,2.13413,-0.191967,-0.19058,0,0.00153398,0,0,2.04326,2.04633,
125857,-0.210155,-0.210155,-0.606018,-0.607456,2.13715,2.13413,-0.191967,-0.19058,0,0.00153398,0,0,2.04326,2.04633,
125877,-0.210155,-0.210155,-0.606018,-0.607456,2.13715,2.13413,-0.191967,-0.19058,0,0.00153398,0,0,2.04326,2.04633,
125897,-0.210155,-0.210155,-0.606018,-0.607456,2.13715,2.13413,-0.191967,-0.19058,0,0.00153398,0,0,2.04326,2.04633,
125917,-0.210155,-0.210155,-0.606018,-0.605922,2.13715,2.13413,-0.191967,-0.19058,0,0.00153398,0,-0.00153398,2.04326,2.04633,
125937,-0.210155,-0.210155,-0.606018,-0.605922,2.13715,2.13413,-0.191967,-0.19058,0,0.00153398,0,-0.00153398,2.04326,2.04633,
125957,-0.210155,-0.210155,-0.606018,-0.605922,2.13715,2.13413,-0.191967,-0.19058,0,0.00153398,0,-0.00153398,2.04326,2.04633,
125977,-0.210155,-0.210155,-0.606018,-0.605922,2.13715,2.13413,-0.191967,-0.19058,0,0.00153398,0,-0.00153398,2.04326,2.04633,
125997,-0.210155,-0.210155,-0.606018,-0.607456,2.13715,2.13413,-0.191967,-0.19058,0,0.00153398,0,0,2.04326,2.04633,
126017,-0.210155,-0.210155,-0.606018,-0.607456,2.13715,2.13413,-0.191967,-0.19058,0,0.00153398,0,0,2.04326,2.04633,
126037,-0.210155,-0.210155,-0.606018,-0.607456,2.13715,2.13413,-0.191967,-0.19058,0,0.00153398,0,0,2.04326,2.04633,
126057,-0.210155,-0.210155,-0.606018,-0.607456,2.13715,2.13413,-0.191967,-0.19058,0,0.00153398,0,0,2.04326,2.04633,
126077,-0.210155,-0.210155,-0.606018,-0.607456,2.13715,2.13413,-0.191967,-0.19058,0,0.00153398,0,0,2.04326,2.04633,
126097,-0.210155,-0.210155,-0.606018,-0.607456,2.13715,2.13413,-0.191967,-0.19058,0,0.00153398,0,0,2.04326,2.04633,
126117,-0.210155,-0.210155,-0.606018,-0.607456,2.13715,2.13413,-0.191967,-0.19058,0,0.00153398,0,-0.00153398,2.04326,2.04633,
126137,-0.210155,-0.210155,-0.606018,-0.607456,2.13715,2.13413,-0.191967,-0.19058,0,0.00153398,0,-0.00153398,2.04326,2.04633,
126157,-0.210155,-0.210155,-0.606018,-0.607456,2.13715,2.13413,-0.191967,-0.19058,0,0.00153398,0,-0.00153398,2.04326,2.04633,
126177,-0.210155,-0.210155,-0.606018,-0.607456,2.13715,2.13413,-0.191967,-0.19058,0,0.00153398,0,-0.00153398,2.04326,2.04633,
126197,-0.210155,-0.210155,-0.606018,-0.607456,2.13715,2.13413,-0.191967,-0.19058,0,0.00153398,0,-0.00153398,2.04326,2.04633,
126217,-0.210155,-0.210155,-0.606018,-0.607456,2.13715,2.13413,-0.191967,-0.19058,0,0.00153398,0,0,2.04326,2.04633,
126237,-0.210155,-0.210155,-0.606018,-0.607456,2.13715,2.13413,-0.191967,-0.19058,0,0.00153398,0,0,2.04326,2.04633,
126257,-0.210155,-0.210155,-0.606018,-0.607456,2.13715,2.13413,-0.191967,-0.19058,0,0.00153398,0,0,2.04326,2.04633,
126278,-0.210155,-0.210155,-0.606018,-0.607456,2.13715,2.13413,-0.191967,-0.19058,0,0.00153398,0,0,2.04326,2.04633,
126297,-0.210155,-0.210155,-0.606018,-0.607456,2.13715,2.13413,-0.191967,-0.19058,0,0.00153398,0,-0.00153398,2.04326,2.04633,
126317,-0.210155,-0.210155,-0.606018,-0.607456,2.13715,2.13413,-0.191967,-0.19058,0,0.00153398,0,-0.00153398,2.04326,2.04633,
126337,-0.210155,-0.210155,-0.606018,-0.607456,2.13715,2.13413,-0.191967,-0.19058,0,0.00153398,0,-0.00153398,2.04326,2.04633,
126357,-0.210155,-0.210155,-0.606018,-0.607456,2.13715,2.13413,-0.191967,-0.19058,0,0.00153398,0,-0.00153398,2.04326,2.04633,
126377,-0.210155,-0.210155,-0.606018,-0.607456,2.13715,2.13413,-0.191967,-0.19058,0,0.00153398,0,-0.00153398,2.04326,2.04633,
126397,-0.210155,-0.210155,-0.606018,-0.607456,2.13715,2.13413,-0.191967,-0.19058,0,0.00153398,0,0,2.04326,2.04633,
126417,-0.210155,-0.210155,-0.606018,-0.607456,2.13715,2.13413,-0.191967,-0.19058,0,0.00153398,0,0,2.04326,2.04633,
126437,-0.210155,-0.210155,-0.606018,-0.607456,2.13715,2.13413,-0.191967,-0.19058,0,0.00153398,0,0,2.04326,2.04633,
126457,-0.210155,-0.210155,-0.606018,-0.607456,2.13715,2.13413,-0.191967,-0.19058,0,0.00153398,0,0,2.04326,2.04633,
126477,-0.210155,-0.210155,-0.606018,-0.607456,2.13715,2.13413,-0.191967,-0.19058,0,0.00153398,0,0,2.04326,2.04633,
126497,-0.210155,-0.210155,-0.606018,-0.607456,2.13715,2.13413,-0.191967,-0.19058,0,0.00153398,0,0,2.04326,2.04633,
126517,-0.210155,-0.211689,-0.606018,-0.607456,2.13715,2.13413,-0.191967,-0.192114,0,0.00153398,0,0,2.04326,2.04633,
126537,-0.210155,-0.211689,-0.606018,-0.607456,2.13715,2.13413,-0.191967,-0.192114,0,0.00153398,0,0,2.04326,2.04633,
126557,-0.210155,-0.211689,-0.606018,-0.607456,2.13715,2.13413,-0.191967,-0.192114,0,0.00153398,0,0,2.04326,2.04633,
126577,-0.210155,-0.211689,-0.606018,-0.607456,2.13715,2.13413,-0.191967,-0.192114,0,0.00153398,0,0,2.04326,2.04633,
126597,-0.210155,-0.211689,-0.606018,-0.607456,2.13715,2.13413,-0.191967,-0.192114,0,0.00153398,0,0,2.04326,2.04633,
126617,-0.210155,-0.210155,-0.606018,-0.607456,2.13715,2.13413,-0.191967,-0.19058,0,0.00153398,0,-0.00153398,2.04326,2.04633,
126637,-0.210155,-0.210155,-0.606018,-0.607456,2.13715,2.13413,-0.191967,-0.19058,0,0.00153398,0,-0.00153398,2.04326,2.04633,
126657,-0.210155,-0.210155,-0.606018,-0.607456,2.13715,2.13413,-0.191967,-0.19058,0,0.00153398,0,-0.00153398,2.04326,2.04633,
126677,-0.210155,-0.210155,-0.606018,-0.607456,2.13715,2.13413,-0.191967,-0.19058,0,0.00153398,0,-0.00153398,2.04326,2.04633,
126697,-0.210155,-0.210155,-0.606018,-0.607456,2.13715,2.13413,-0.191967,-0.19058,0,0.00153398,0,-0.00153398,2.04326,2.04633,
126717,-0.210155,-0.211689,-0.606018,-0.607456,2.13715,2.13413,-0.191967,-0.19058,0,0.00153398,0,0,2.04326,2.04633,
126737,-0.210155,-0.211689,-0.606018,-0.607456,2.13715,2.13413,-0.191967,-0.19058,0,0.00153398,0,0,2.04326,2.04633,
126757,-0.210155,-0.211689,-0.606018,-0.607456,2.13715,2.13413,-0.191967,-0.19058,0,0.00153398,0,0,2.04326,2.04633,
126777,-0.210155,-0.211689,-0.606018,-0.607456,2.13715,2.13413,-0.191967,-0.19058,0,0.00153398,0,0,2.04326,2.04633,
126797,-0.210155,-0.210155,-0.606018,-0.607456,2.13715,2.13413,-0.191967,-0.19058,0,0.00153398,0,-0.00153398,2.04326,2.04633,
126817,-0.210155,-0.210155,-0.606018,-0.607456,2.13715,2.13413,-0.191967,-0.19058,0,0.00153398,0,-0.00153398,2.04326,2.04633,
126837,-0.210155,-0.210155,-0.606018,-0.607456,2.13715,2.13413,-0.191967,-0.19058,0,0.00153398,0,-0.00153398,2.04326,2.04633,
126857,-0.210155,-0.210155,-0.606018,-0.607456,2.13715,2.13413,-0.191967,-0.19058,0,0.00153398,0,-0.00153398,2.04326,2.04633,
126877,-0.210155,-0.210155,-0.606018,-0.607456,2.13715,2.13413,-0.191967,-0.19058,0,0.00153398,0,-0.00153398,2.04326,2.04633,
126897,-0.210155,-0.210155,-0.606018,-0.607456,2.13715,2.13413,-0.191967,-0.19058,0,0.00153398,0,-0.00153398,2.04326,2.04633,
126917,-0.210155,-0.210155,-0.606018,-0.607456,2.13715,2.13413,-0.191967,-0.19058,0,0.00153398,0,-0.00153398,2.04326,2.04633,
126937,-0.210155,-0.210155,-0.606018,-0.607456,2.13715,2.13413,-0.191967,-0.19058,0,0.00153398,0,0,2.04326,2.04633,
126957,-0.210155,-0.210155,-0.606018,-0.607456,2.13715,2.13413,-0.191967,-0.19058,0,0.00153398,0,0,2.04326,2.04633,
126977,-0.210155,-0.210155,-0.606018,-0.607456,2.13715,2.13413,-0.191967,-0.19058,0,0.00153398,0,0,2.04326,2.04633,
126997,-0.210155,-0.210155,-0.606018,-0.607456,2.13715,2.13413,-0.191967,-0.19058,0,0.00153398,0,0,2.04326,2.04633,
127017,-0.210155,-0.211689,-0.606018,-0.607456,2.13715,2.13413,-0.191967,-0.19058,0,0.00153398,0,-0.00153398,2.04326,2.04633,
127037,-0.210155,-0.211689,-0.606018,-0.607456,2.13715,2.13413,-0.191967,-0.19058,0,0.00153398,0,-0.00153398,2.04326,2.04633,
127057,-0.210155,-0.211689,-0.606018,-0.607456,2.13715,2.13413,-0.191967,-0.19058,0,0.00153398,0,-0.00153398,2.04326,2.04633,
127077,-0.210155,-0.211689,-0.606018,-0.607456,2.13715,2.13413,-0.191967,-0.19058,0,0.00153398,0,-0.00153398,2.04326,2.04633,
127097,-0.210155,-0.211689,-0.606018,-0.607456,2.13715,2.13413,-0.191967,-0.19058,0,0.00153398,0,-0.00153398,2.04326,2.04633,
127117,-0.210155,-0.210155,-0.606018,-0.607456,2.13715,2.13413,-0.191967,-0.19058,0,0.00153398,0,0,2.04326,2.04633,
127137,-0.210155,-0.210155,-0.606018,-0.607456,2.13715,2.13413,-0.191967,-0.19058,0,0.00153398,0,0,2.04326,2.04633,
127157,-0.210155,-0.210155,-0.606018,-0.607456,2.13715,2.13413,-0.191967,-0.19058,0,0.00153398,0,0,2.04326,2.04633,
127177,-0.210155,-0.210155,-0.606018,-0.607456,2.13715,2.13413,-0.191967,-0.19058,0,0.00153398,0,0,2.04326,2.04633,
127197,-0.210155,-0.210155,-0.606018,-0.607456,2.13715,2.13413,-0.191967,-0.19058,0,0.00153398,0,0,2.04326,2.04633,
127217,-0.210155,-0.210155,-0.606018,-0.607456,2.13715,2.13413,-0.191967,-0.19058,0,0.00153398,0,0,2.04326,2.04633,
127237,-0.210155,-0.210155,-0.606018,-0.607456,2.13715,2.13413,-0.191967,-0.19058,0,0.00153398,0,0,2.04326,2.04633,
127257,-0.210155,-0.210155,-0.606018,-0.607456,2.13715,2.13413,-0.191967,-0.19058,0,0.00153398,0,0,2.04326,2.04633,
127277,-0.210155,-0.210155,-0.606018,-0.607456,2.13715,2.13413,-0.191967,-0.19058,0,0.00153398,0,0,2.04326,2.04633,
127297,-0.210155,-0.210155,-0.606018,-0.607456,2.13715,2.13413,-0.191967,-0.19058,0,0.00153398,0,0,2.04326,2.04633,
127317,-0.210155,-0.210155,-0.606018,-0.607456,2.13715,2.13413,-0.191967,-0.19058,0,0.00153398,0,-0.00153398,2.04326,2.04633,
127337,-0.210155,-0.210155,-0.606018,-0.607456,2.13715,2.13413,-0.191967,-0.19058,0,0.00153398,0,-0.00153398,2.04326,2.04633,
127357,-0.210155,-0.210155,-0.606018,-0.607456,2.13715,2.13413,-0.191967,-0.19058,0,0.00153398,0,-0.00153398,2.04326,2.04633,
127377,-0.210155,-0.210155,-0.606018,-0.607456,2.13715,2.13413,-0.191967,-0.19058,0,0.00153398,0,-0.00153398,2.04326,2.04633,
127397,-0.210155,-0.210155,-0.606018,-0.607456,2.13715,2.13413,-0.191967,-0.19058,0,0.00153398,0,-0.00153398,2.04326,2.04633,
127417,-0.210155,-0.210155,-0.606018,-0.607456,2.13715,2.13413,-0.191967,-0.19058,0,0.00153398,0,-0.00153398,2.04326,2.04633,
127437,-0.210155,-0.210155,-0.606018,-0.607456,2.13715,2.13413,-0.191967,-0.19058,0,0.00153398,0,-0.00153398,2.04326,2.04633,
127457,-0.210155,-0.210155,-0.606018,-0.607456,2.13715,2.13413,-0.191967,-0.19058,0,0.00153398,0,-0.00153398,2.04326,2.04633,
127477,-0.210155,-0.210155,-0.606018,-0.607456,2.13715,2.13413,-0.191967,-0.19058,0,0.00153398,0,-0.00153398,2.04326,2.04633,
127497,-0.210155,-0.210155,-0.606018,-0.607456,2.13715,2.13413,-0.191967,-0.19058,0,0.00153398,0,-0.00153398,2.04326,2.04633,
127517,-0.210155,-0.210155,-0.606018,-0.607456,2.13715,2.13413,-0.191967,-0.19058,0,0.00153398,0,0,2.04326,2.04633,
127537,-0.210155,-0.210155,-0.606018,-0.607456,2.13715,2.13413,-0.191967,-0.19058,0,0.00153398,0,0,2.04326,2.04633,
127557,-0.210155,-0.210155,-0.606018,-0.607456,2.13715,2.13413,-0.191967,-0.19058,0,0.00153398,0,0,2.04326,2.04633,
127577,-0.210155,-0.210155,-0.606018,-0.607456,2.13715,2.13413,-0.191967,-0.19058,0,0.00153398,0,0,2.04326,2.04633,
127597,-0.210155,-0.210155,-0.606018,-0.607456,2.13715,2.13413,-0.191967,-0.19058,0,0.00153398,0,0,2.04326,2.04633,
127617,-0.210155,-0.210155,-0.606018,-0.607456,2.13715,2.13413,-0.191967,-0.19058,0,0.00153398,0,0,2.04326,2.04633,
127637,-0.210155,-0.210155,-0.606018,-0.607456,2.13715,2.13413,-0.191967,-0.19058,0,0.00153398,0,0,2.04326,2.04633,
127657,-0.210155,-0.210155,-0.606018,-0.607456,2.13715,2.13413,-0.191967,-0.19058,0,0.00153398,0,0,2.04326,2.04633,
127677,-0.210155,-0.210155,-0.606018,-0.607456,2.13715,2.13413,-0.191967,-0.19058,0,0.00153398,0,0,2.04326,2.04633,
127697,-0.210155,-0.210155,-0.606018,-0.607456,2.13715,2.13413,-0.191967,-0.19058,0,0.00153398,0,0,2.04326,2.04633,
127717,-0.210155,-0.211689,-0.606018,-0.607456,2.13715,2.13413,-0.191967,-0.19058,0,0.00153398,0,-0.00153398,2.04326,2.04633,
127737,-0.210155,-0.211689,-0.606018,-0.607456,2.13715,2.13413,-0.191967,-0.19058,0,0.00153398,0,-0.00153398,2.04326,2.04633,
127757,-0.210155,-0.211689,-0.606018,-0.607456,2.13715,2.13413,-0.191967,-0.19058,0,0.00153398,0,-0.00153398,2.04326,2.04633,
127777,-0.210155,-0.211689,-0.606018,-0.607456,2.13715,2.13413,-0.191967,-0.19058,0,0.00153398,0,-0.00153398,2.04326,2.04633,
127797,-0.210155,-0.211689,-0.606018,-0.607456,2.13715,2.13413,-0.191967,-0.19058,0,0.00153398,0,-0.00153398,2.04326,2.04633,
127817,-0.210155,-0.210155,-0.606018,-0.607456,2.13715,2.13413,-0.191967,-0.19058,0,0.00153398,0,-0.00153398,2.04326,2.04633,
127837,-0.210155,-0.210155,-0.606018,-0.607456,2.13715,2.13413,-0.191967,-0.19058,0,0.00153398,0,-0.00153398,2.04326,2.04633,
127857,-0.210155,-0.210155,-0.606018,-0.607456,2.13715,2.13413,-0.191967,-0.19058,0,0.00153398,0,-0.00153398,2.04326,2.04633,
127877,-0.210155,-0.210155,-0.606018,-0.607456,2.13715,2.13413,-0.191967,-0.19058,0,0.00153398,0,-0.00153398,2.04326,2.04633,
127897,-0.210155,-0.210155,-0.606018,-0.607456,2.13715,2.13413,-0.191967,-0.19058,0,0.00153398,0,-0.00153398,2.04326,2.04633,
127917,-0.210155,-0.211689,-0.606018,-0.607456,2.13715,2.13413,-0.191967,-0.19058,0,0.00153398,0,0,2.04326,2.04633,
127937,-0.210155,-0.211689,-0.606018,-0.607456,2.13715,2.13413,-0.191967,-0.19058,0,0.00153398,0,0,2.04326,2.04633,
127957,-0.210155,-0.211689,-0.606018,-0.607456,2.13715,2.13413,-0.191967,-0.19058,0,0.00153398,0,0,2.04326,2.04633,
127977,-0.210155,-0.211689,-0.606018,-0.607456,2.13715,2.13413,-0.191967,-0.19058,0,0.00153398,0,0,2.04326,2.04633,
127997,-0.210155,-0.211689,-0.606018,-0.607456,2.13715,2.13413,-0.191967,-0.19058,0,0.00153398,0,0,2.04326,2.04633,
128017,-0.210155,-0.211689,-0.606018,-0.607456,2.13715,2.13413,-0.191967,-0.19058,0,0.00153398,0,0,2.04326,2.04633,
128037,-0.210155,-0.211689,-0.606018,-0.607456,2.13715,2.13413,-0.191967,-0.19058,0,0.00153398,0,0,2.04326,2.04633,
128057,-0.210155,-0.211689,-0.606018,-0.607456,2.13715,2.13413,-0.191967,-0.19058,0,0.00153398,0,0,2.04326,2.04633,
128077,-0.210155,-0.211689,-0.606018,-0.607456,2.13715,2.13413,-0.191967,-0.19058,0,0.00153398,0,0,2.04326,2.04633,
128097,-0.210155,-0.210155,-0.606018,-0.607456,2.13715,2.13413,-0.191967,-0.19058,0,0.00153398,0,0,2.04326,2.04633,
128117,-0.210155,-0.210155,-0.606018,-0.607456,2.13715,2.13413,-0.191967,-0.19058,0,0.00153398,0,0,2.04326,2.04633,
128137,-0.210155,-0.210155,-0.606018,-0.607456,2.13715,2.13413,-0.191967,-0.19058,0,0.00153398,0,0,2.04326,2.04633,
128157,-0.210155,-0.210155,-0.606018,-0.607456,2.13715,2.13413,-0.191967,-0.19058,0,0.00153398,0,0,2.04326,2.04633,
128177,-0.210155,-0.210155,-0.606018,-0.607456,2.13715,2.13413,-0.191967,-0.19058,0,0.00153398,0,0,2.04326,2.04633,
128197,-0.210155,-0.210155,-0.606018,-0.607456,2.13715,2.13413,-0.191967,-0.19058,0,0.00153398,0,0,2.04326,2.04633,
128217,-0.210155,-0.210155,-0.606018,-0.607456,2.13715,2.13413,-0.191967,-0.19058,0,0.00153398,0,0,2.04326,2.04633,
128237,-0.210155,-0.210155,-0.606018,-0.607456,2.13715,2.13413,-0.191967,-0.19058,0,0.00153398,0,0,2.04326,2.04633,
128257,-0.210155,-0.210155,-0.606018,-0.607456,2.13715,2.13413,-0.191967,-0.19058,0,0.00153398,0,0,2.04326,2.04633,
128277,-0.210155,-0.210155,-0.606018,-0.607456,2.13715,2.13413,-0.191967,-0.19058,0,0.00153398,0,0,2.04326,2.04633,
128297,-0.210155,-0.210155,-0.606018,-0.607456,2.13715,2.13413,-0.191967,-0.19058,0,0.00153398,0,-0.00153398,2.04326,2.04633,
128317,-0.210155,-0.210155,-0.606018,-0.607456,2.13715,2.13413,-0.191967,-0.19058,0,0.00153398,0,-0.00153398,2.04326,2.04633,
128337,-0.210155,-0.210155,-0.606018,-0.607456,2.13715,2.13413,-0.191967,-0.19058,0,0.00153398,0,-0.00153398,2.04326,2.04633,
128357,-0.210155,-0.210155,-0.606018,-0.607456,2.13715,2.13413,-0.191967,-0.19058,0,0.00153398,0,-0.00153398,2.04326,2.04633,
128377,-0.210155,-0.210155,-0.606018,-0.607456,2.13715,2.13413,-0.191967,-0.19058,0,0.00153398,0,-0.00153398,2.04326,2.04633,
128397,-0.210155,-0.211689,-0.606018,-0.607456,2.13715,2.13413,-0.191967,-0.19058,0,0.00153398,0,0,2.04326,2.04633,
128417,-0.210155,-0.211689,-0.606018,-0.607456,2.13715,2.13413,-0.191967,-0.19058,0,0.00153398,0,0,2.04326,2.04633,
128437,-0.210155,-0.211689,-0.606018,-0.607456,2.13715,2.13413,-0.191967,-0.19058,0,0.00153398,0,0,2.04326,2.04633,
128457,-0.210155,-0.211689,-0.606018,-0.607456,2.13715,2.13413,-0.191967,-0.19058,0,0.00153398,0,0,2.04326,2.04633,
128477,-0.210155,-0.211689,-0.606018,-0.607456,2.13715,2.13413,-0.191967,-0.19058,0,0.00153398,0,0,2.04326,2.04633,
128497,-0.210155,-0.210155,-0.606018,-0.607456,2.13715,2.13413,-0.191967,-0.19058,0,0.00153398,0,-0.00153398,2.04326,2.04633,
128517,-0.210155,-0.210155,-0.606018,-0.607456,2.13715,2.13413,-0.191967,-0.19058,0,0.00153398,0,-0.00153398,2.04326,2.04633,
128537,-0.210155,-0.210155,-0.606018,-0.607456,2.13715,2.13413,-0.191967,-0.19058,0,0.00153398,0,-0.00153398,2.04326,2.04633,
128557,-0.210155,-0.210155,-0.606018,-0.607456,2.13715,2.13413,-0.191967,-0.19058,0,0.00153398,0,-0.00153398,2.04326,2.04633,
128577,-0.210155,-0.210155,-0.606018,-0.607456,2.13715,2.13413,-0.191967,-0.19058,0,0.00153398,0,-0.00153398,2.04326,2.04633,
128597,-0.210155,-0.210155,-0.606018,-0.607456,2.13715,2.13413,-0.191967,-0.19058,0,0.00153398,0,-0.00153398,2.04326,2.04633,
128617,-0.210155,-0.210155,-0.606018,-0.607456,2.13715,2.13413,-0.191967,-0.192114,0,0.00153398,0,-0.00153398,2.04326,2.04633,
128637,-0.210155,-0.210155,-0.606018,-0.607456,2.13715,2.13413,-0.191967,-0.192114,0,0.00153398,0,-0.00153398,2.04326,2.04633,
128657,-0.210155,-0.210155,-0.606018,-0.607456,2.13715,2.13413,-0.191967,-0.192114,0,0.00153398,0,-0.00153398,2.04326,2.04633,
128677,-0.210155,-0.210155,-0.606018,-0.607456,2.13715,2.13413,-0.191967,-0.192114,0,0.00153398,0,-0.00153398,2.04326,2.04633,
128697,-0.210155,-0.210155,-0.606018,-0.607456,2.13715,2.13413,-0.191967,-0.192114,0,0.00153398,0,-0.00153398,2.04326,2.04633,
128717,-0.210155,-0.210155,-0.606018,-0.607456,2.13715,2.13413,-0.191967,-0.19058,0,0.00153398,0,-0.00153398,2.04326,2.04633,
128737,-0.210155,-0.210155,-0.606018,-0.607456,2.13715,2.13413,-0.191967,-0.19058,0,0.00153398,0,-0.00153398,2.04326,2.04633,
128757,-0.210155,-0.210155,-0.606018,-0.607456,2.13715,2.13413,-0.191967,-0.19058,0,0.00153398,0,-0.00153398,2.04326,2.04633,
128777,-0.210155,-0.210155,-0.606018,-0.607456,2.13715,2.13413,-0.191967,-0.19058,0,0.00153398,0,-0.00153398,2.04326,2.04633,
128797,-0.210155,-0.210155,-0.606018,-0.607456,2.13715,2.13567,-0.191967,-0.19058,0,0.00153398,0,-0.00153398,2.04326,2.04633,
128817,-0.210155,-0.210155,-0.606018,-0.607456,2.13715,2.13567,-0.191967,-0.19058,0,0.00153398,0,-0.00153398,2.04326,2.04633,
128837,-0.210155,-0.210155,-0.606018,-0.607456,2.13715,2.13567,-0.191967,-0.19058,0,0.00153398,0,-0.00153398,2.04326,2.04633,
128857,-0.210155,-0.210155,-0.606018,-0.607456,2.13715,2.13567,-0.191967,-0.19058,0,0.00153398,0,-0.00153398,2.04326,2.04633,
128877,-0.210155,-0.210155,-0.606018,-0.607456,2.13715,2.13567,-0.191967,-0.19058,0,0.00153398,0,-0.00153398,2.04326,2.04633,
128897,-0.210155,-0.210155,-0.606018,-0.607456,2.13715,2.13567,-0.191967,-0.19058,0,0.00153398,0,-0.00153398,2.04326,2.04633,
128917,-0.210155,-0.210155,-0.606018,-0.607456,2.13715,2.13413,-0.191967,-0.19058,0,0.00153398,0,-0.00153398,2.04326,2.04633,
128937,-0.210155,-0.210155,-0.606018,-0.607456,2.13715,2.13413,-0.191967,-0.19058,0,0.00153398,0,-0.00153398,2.04326,2.04633,
128957,-0.210155,-0.210155,-0.606018,-0.607456,2.13715,2.13413,-0.191967,-0.19058,0,0.00153398,0,-0.00153398,2.04326,2.04633,
128977,-0.210155,-0.210155,-0.606018,-0.607456,2.13715,2.13413,-0.191967,-0.19058,0,0.00153398,0,-0.00153398,2.04326,2.04633,
128997,-0.210155,-0.210155,-0.606018,-0.607456,2.13715,2.13413,-0.191967,-0.19058,0,0.00153398,0,-0.00153398,2.04326,2.04633,
129017,-0.210155,-0.210155,-0.606018,-0.607456,2.13715,2.13567,-0.191967,-0.19058,0,0.00153398,0,-0.00153398,2.04326,2.04633,
129037,-0.210155,-0.210155,-0.606018,-0.607456,2.13715,2.13567,-0.191967,-0.19058,0,0.00153398,0,-0.00153398,2.04326,2.04633,
129057,-0.210155,-0.210155,-0.606018,-0.607456,2.13715,2.13567,-0.191967,-0.19058,0,0.00153398,0,-0.00153398,2.04326,2.04633,
129077,-0.210155,-0.210155,-0.606018,-0.607456,2.13715,2.13567,-0.191967,-0.19058,0,0.00153398,0,-0.00153398,2.04326,2.04633,
129097,-0.210155,-0.210155,-0.606018,-0.607456,2.13715,2.13567,-0.191967,-0.19058,0,0.00153398,0,-0.00153398,2.04326,2.04633,
129117,-0.210155,-0.210155,-0.606018,-0.607456,2.13715,2.13413,-0.191967,-0.19058,0,0.00153398,0,0,2.04326,2.04633,
129137,-0.210155,-0.210155,-0.606018,-0.607456,2.13715,2.13413,-0.191967,-0.19058,0,0.00153398,0,0,2.04326,2.04633,
129157,-0.210155,-0.210155,-0.606018,-0.607456,2.13715,2.13413,-0.191967,-0.19058,0,0.00153398,0,0,2.04326,2.04633,
129177,-0.210155,-0.210155,-0.606018,-0.607456,2.13715,2.13413,-0.191967,-0.19058,0,0.00153398,0,0,2.04326,2.04633,
129197,-0.210155,-0.210155,-0.606018,-0.607456,2.13715,2.13413,-0.191967,-0.19058,0,0.00153398,0,0,2.04326,2.04633,
129217,-0.210155,-0.210155,-0.606018,-0.607456,2.13715,2.13413,-0.191967,-0.19058,0,0.00153398,0,0,2.04326,2.04633,
129237,-0.210155,-0.210155,-0.606018,-0.607456,2.13715,2.13413,-0.191967,-0.19058,0,0.00153398,0,0,2.04326,2.04633,
129257,-0.210155,-0.210155,-0.606018,-0.607456,2.13715,2.13413,-0.191967,-0.19058,0,0.00153398,0,0,2.04326,2.04633,
129277,-0.210155,-0.210155,-0.606018,-0.607456,2.13715,2.13413,-0.191967,-0.19058,0,0.00153398,0,0,2.04326,2.04633,
129297,-0.210155,-0.210155,-0.606018,-0.607456,2.13715,2.13413,-0.191967,-0.19058,0,0.00153398,0,0,2.04326,2.04633,
129317,-0.210155,-0.210155,-0.606018,-0.607456,2.13715,2.13413,-0.191967,-0.19058,0,0.00153398,0,-0.00153398,2.04326,2.04633,
129337,-0.210155,-0.210155,-0.606018,-0.607456,2.13715,2.13413,-0.191967,-0.19058,0,0.00153398,0,-0.00153398,2.04326,2.04633,
129357,-0.210155,-0.210155,-0.606018,-0.607456,2.13715,2.13413,-0.191967,-0.19058,0,0.00153398,0,-0.00153398,2.04326,2.04633,
129377,-0.210155,-0.210155,-0.606018,-0.607456,2.13715,2.13413,-0.191967,-0.19058,0,0.00153398,0,-0.00153398,2.04326,2.04633,
129397,-0.210155,-0.210155,-0.606018,-0.607456,2.13715,2.13413,-0.191967,-0.19058,0,0.00153398,0,-0.00153398,2.04326,2.04633,
129417,-0.210155,-0.210155,-0.606018,-0.607456,2.13715,2.13413,-0.191967,-0.19058,0,0.00153398,0,0,2.04326,2.04633,
129437,-0.210155,-0.210155,-0.606018,-0.607456,2.13715,2.13413,-0.191967,-0.19058,0,0.00153398,0,0,2.04326,2.04633,
129457,-0.210155,-0.210155,-0.606018,-0.607456,2.13715,2.13413,-0.191967,-0.19058,0,0.00153398,0,0,2.04326,2.04633,
129477,-0.210155,-0.210155,-0.606018,-0.607456,2.13715,2.13413,-0.191967,-0.19058,0,0.00153398,0,0,2.04326,2.04633,
129497,-0.210155,-0.210155,-0.606018,-0.607456,2.13715,2.13413,-0.191967,-0.19058,0,0.00153398,0,0,2.04326,2.04633,
129517,-0.210155,-0.210155,-0.606018,-0.607456,2.13715,2.13413,-0.191967,-0.19058,0,0.00153398,0,0,2.04326,2.04633,
129537,-0.210155,-0.210155,-0.606018,-0.607456,2.13715,2.13413,-0.191967,-0.19058,0,0.00153398,0,0,2.04326,2.04633,
129557,-0.210155,-0.210155,-0.606018,-0.607456,2.13715,2.13413,-0.191967,-0.19058,0,0.00153398,0,0,2.04326,2.04633,
129577,-0.210155,-0.210155,-0.606018,-0.607456,2.13715,2.13413,-0.191967,-0.19058,0,0.00153398,0,0,2.04326,2.04633,
129597,-0.210155,-0.210155,-0.606018,-0.607456,2.13715,2.13413,-0.191967,-0.19058,0,0.00153398,0,0,2.04326,2.04633,
129617,-0.210155,-0.210155,-0.606018,-0.607456,2.13715,2.13413,-0.191967,-0.19058,0,0.00153398,0,0,2.04326,2.04633,
129637,-0.210155,-0.210155,-0.606018,-0.607456,2.13715,2.13413,-0.191967,-0.19058,0,0.00153398,0,0,2.04326,2.04633,
129657,-0.210155,-0.210155,-0.606018,-0.607456,2.13715,2.13413,-0.191967,-0.19058,0,0.00153398,0,0,2.04326,2.04633,
129677,-0.210155,-0.210155,-0.606018,-0.607456,2.13715,2.13413,-0.191967,-0.19058,0,0.00153398,0,0,2.04326,2.04633,
129697,-0.210155,-0.210155,-0.606018,-0.607456,2.13715,2.13413,-0.191967,-0.19058,0,0.00153398,0,0,2.04326,2.04633,
129717,-0.210155,-0.210155,-0.606018,-0.607456,2.13715,2.13413,-0.191967,-0.19058,0,0.00153398,0,0,2.04326,2.04633,
129737,-0.210155,-0.210155,-0.606018,-0.607456,2.13715,2.13413,-0.191967,-0.19058,0,0.00153398,0,0,2.04326,2.04633,
129757,-0.210155,-0.210155,-0.606018,-0.607456,2.13715,2.13413,-0.191967,-0.19058,0,0.00153398,0,0,2.04326,2.04633,
129777,-0.210155,-0.210155,-0.606018,-0.607456,2.13715,2.13413,-0.191967,-0.19058,0,0.00153398,0,0,2.04326,2.04633,
129797,-0.210155,-0.210155,-0.606018,-0.607456,2.13715,2.13413,-0.191967,-0.19058,0,0.00153398,0,0,2.04326,2.04633,
129817,-0.210155,-0.210155,-0.606018,-0.607456,2.13715,2.13413,-0.191967,-0.19058,0,0.00153398,0,0,2.04326,2.04633,
129837,-0.210155,-0.210155,-0.606018,-0.607456,2.13715,2.13413,-0.191967,-0.19058,0,0.00153398,0,0,2.04326,2.04633,
129857,-0.210155,-0.210155,-0.606018,-0.607456,2.13715,2.13413,-0.191967,-0.19058,0,0.00153398,0,0,2.04326,2.04633,
129877,-0.210155,-0.210155,-0.606018,-0.607456,2.13715,2.13413,-0.191967,-0.19058,0,0.00153398,0,0,2.04326,2.04633,
129897,-0.210155,-0.210155,-0.606018,-0.607456,2.13715,2.13413,-0.191967,-0.19058,0,0.00153398,0,0,2.04326,2.04633,
129917,-0.210155,-0.210155,-0.606018,-0.607456,2.13715,2.13413,-0.191967,-0.19058,0,0.00153398,0,0,2.04326,2.04633,
129937,-0.210155,-0.210155,-0.606018,-0.607456,2.13715,2.13413,-0.191967,-0.19058,0,0.00153398,0,0,2.04326,2.04633,
129957,-0.210155,-0.210155,-0.606018,-0.607456,2.13715,2.13413,-0.191967,-0.19058,0,0.00153398,0,0,2.04326,2.04633,
129977,-0.210155,-0.210155,-0.606018,-0.607456,2.13715,2.13413,-0.191967,-0.19058,0,0.00153398,0,0,2.04326,2.04633,
129997,-0.210155,-0.210155,-0.606018,-0.607456,2.13715,2.13413,-0.191967,-0.19058,0,0.00153398,0,0,2.04326,2.04633,
130017,-0.210155,-0.210155,-0.606018,-0.607456,2.13715,2.13413,-0.191967,-0.19058,0,0.00153398,0,0,2.04326,2.04633,
130037,-0.210155,-0.210155,-0.606018,-0.607456,2.13715,2.13413,-0.191967,-0.19058,0,0.00153398,0,0,2.04326,2.04633,
130057,-0.210155,-0.210155,-0.606018,-0.607456,2.13715,2.13413,-0.191967,-0.19058,0,0.00153398,0,0,2.04326,2.04633,
130077,-0.210155,-0.210155,-0.606018,-0.607456,2.13715,2.13413,-0.191967,-0.19058,0,0.00153398,0,0,2.04326,2.04633,
130097,-0.210155,-0.210155,-0.606018,-0.607456,2.13715,2.13413,-0.191967,-0.19058,0,0.00153398,0,0,2.04326,2.04633,
130117,-0.210155,-0.210155,-0.606018,-0.607456,2.13715,2.13567,-0.191967,-0.192114,0,0.00153398,0,0,2.04326,2.04633,
130137,-0.210155,-0.210155,-0.606018,-0.607456,2.13715,2.13567,-0.191967,-0.192114,0,0.00153398,0,0,2.04326,2.04633,
130157,-0.210155,-0.210155,-0.606018,-0.607456,2.13715,2.13567,-0.191967,-0.192114,0,0.00153398,0,0,2.04326,2.04633,
130177,-0.210155,-0.210155,-0.606018,-0.607456,2.13715,2.13567,-0.191967,-0.192114,0,0.00153398,0,0,2.04326,2.04633,
130197,-0.210155,-0.210155,-0.606018,-0.607456,2.13715,2.13567,-0.191967,-0.192114,0,0.00153398,0,0,2.04326,2.04633,
130217,-0.210155,-0.210155,-0.606018,-0.607456,2.13715,2.13413,-0.191967,-0.19058,0,0.00153398,0,0,2.04326,2.04633,
130237,-0.210155,-0.210155,-0.606018,-0.607456,2.13715,2.13413,-0.191967,-0.19058,0,0.00153398,0,0,2.04326,2.04633,
130257,-0.210155,-0.210155,-0.606018,-0.607456,2.13715,2.13413,-0.191967,-0.19058,0,0.00153398,0,0,2.04326,2.04633,
130277,-0.210155,-0.210155,-0.606018,-0.607456,2.13715,2.13413,-0.191967,-0.19058,0,0.00153398,0,0,2.04326,2.04633,
130297,-0.210155,-0.210155,-0.606018,-0.607456,2.13715,2.13567,-0.191967,-0.19058,0,0.00153398,0,0,2.04326,2.04633,
130317,-0.210155,-0.210155,-0.606018,-0.607456,2.13715,2.13567,-0.191967,-0.19058,0,0.00153398,0,0,2.04326,2.04633,
130337,-0.210155,-0.210155,-0.606018,-0.607456,2.13715,2.13567,-0.191967,-0.19058,0,0.00153398,0,0,2.04326,2.04633,
130357,-0.210155,-0.210155,-0.606018,-0.607456,2.13715,2.13567,-0.191967,-0.19058,0,0.00153398,0,0,2.04326,2.04633,
130377,-0.210155,-0.210155,-0.606018,-0.607456,2.13715,2.13567,-0.191967,-0.19058,0,0.00153398,0,0,2.04326,2.04633,
130397,-0.210155,-0.210155,-0.606018,-0.607456,2.13715,2.13567,-0.191967,-0.19058,0,0.00460194,0,0,2.04326,2.04633,
130417,-0.210155,-0.210155,-0.606018,-0.607456,2.13715,2.13567,-0.191967,-0.19058,0,0.00460194,0,0,2.04326,2.04633,
130437,-0.210155,-0.210155,-0.606018,-0.607456,2.13715,2.13567,-0.191967,-0.19058,0,0.00460194,0,0,2.04326,2.04633,
130457,-0.210155,-0.210155,-0.606018,-0.607456,2.13715,2.13567,-0.191967,-0.19058,0,0.00460194,0,0,2.04326,2.04633,
130477,-0.210155,-0.210155,-0.606018,-0.607456,2.13715,2.13567,-0.191967,-0.19058,0,0.00460194,0,0,2.04326,2.04633,
130497,-0.210155,-0.210155,-0.606018,-0.607456,2.13715,2.1372,-0.191967,-0.19058,0,0.00306796,0,0,2.04326,2.04633,
130517,-0.210155,-0.210155,-0.606018,-0.607456,2.13715,2.1372,-0.191967,-0.19058,0,0.00306796,0,0,2.04326,2.04633,
130537,-0.210155,-0.210155,-0.606018,-0.607456,2.13715,2.1372,-0.191967,-0.19058,0,0.00306796,0,0,2.04326,2.04633,
130557,-0.210155,-0.210155,-0.606018,-0.607456,2.13715,2.1372,-0.191967,-0.19058,0,0.00306796,0,0,2.04326,2.04633,
130577,-0.210155,-0.210155,-0.606018,-0.607456,2.13715,2.1372,-0.191967,-0.19058,0,0.00306796,0,0,2.04326,2.04633,
130597,-0.210155,-0.210155,-0.606018,-0.607456,2.13715,2.1372,-0.191967,-0.19058,0,0.00306796,0,0,2.04326,2.04633,
130617,-0.210155,-0.210155,-0.606018,-0.607456,2.13715,2.13567,-0.191967,-0.19058,0,0.00306796,0,0,2.04326,2.04633,
130637,-0.210155,-0.210155,-0.606018,-0.607456,2.13715,2.13567,-0.191967,-0.19058,0,0.00306796,0,0,2.04326,2.04633,
130657,-0.210155,-0.210155,-0.606018,-0.607456,2.13715,2.13567,-0.191967,-0.19058,0,0.00306796,0,0,2.04326,2.04633,
130677,-0.210155,-0.210155,-0.606018,-0.607456,2.13715,2.13567,-0.191967,-0.19058,0,0.00306796,0,0,2.04326,2.04633,
130697,-0.210155,-0.210155,-0.606018,-0.607456,2.13715,2.1372,-0.191967,-0.19058,0,0.00306796,0,0,2.04326,2.04633,
130717,-0.210155,-0.210155,-0.606018,-0.607456,2.13715,2.1372,-0.191967,-0.19058,0,0.00306796,0,0,2.04326,2.04633,
130737,-0.210155,-0.210155,-0.606018,-0.607456,2.13715,2.1372,-0.191967,-0.19058,0,0.00306796,0,0,2.04326,2.04633,
130757,-0.210155,-0.210155,-0.606018,-0.607456,2.13715,2.1372,-0.191967,-0.19058,0,0.00306796,0,0,2.04326,2.04633,
130777,-0.210155,-0.210155,-0.606018,-0.607456,2.13715,2.1372,-0.191967,-0.19058,0,0.00306796,0,0,2.04326,2.04633,
130797,-0.210155,-0.210155,-0.606018,-0.607456,2.13715,2.13567,-0.191967,-0.19058,0,0.00306796,0,0,2.04326,2.04633,
130817,-0.210155,-0.210155,-0.606018,-0.607456,2.13715,2.13567,-0.191967,-0.19058,0,0.00306796,0,0,2.04326,2.04633,
130837,-0.210155,-0.210155,-0.606018,-0.607456,2.13715,2.13567,-0.191967,-0.19058,0,0.00306796,0,0,2.04326,2.04633,
130857,-0.210155,-0.210155,-0.606018,-0.607456,2.13715,2.13567,-0.191967,-0.19058,0,0.00306796,0,0,2.04326,2.04633,
130877,-0.210155,-0.210155,-0.606018,-0.607456,2.13715,2.13567,-0.191967,-0.19058,0,0.00306796,0,0,2.04326,2.04633,
130897,-0.210155,-0.210155,-0.606018,-0.607456,2.13715,2.1372,-0.191967,-0.19058,0,0.00306796,0,0,2.04326,2.04633,
130917,-0.210155,-0.210155,-0.606018,-0.607456,2.13715,2.1372,-0.191967,-0.19058,0,0.00306796,0,0,2.04326,2.04633,
130937,-0.210155,-0.210155,-0.606018,-0.607456,2.13715,2.1372,-0.191967,-0.19058,0,0.00306796,0,0,2.04326,2.04633,
130959,-0.210155,-0.210155,-0.606018,-0.607456,2.13715,2.1372,-0.191967,-0.19058,0,0.00306796,0,0,2.04326,2.04633,
130977,-0.210155,-0.210155,-0.606018,-0.607456,2.13715,2.1372,-0.191967,-0.19058,0,0.00306796,0,0,2.04326,2.04633,
130997,-0.210155,-0.210155,-0.606018,-0.607456,2.13715,2.1372,-0.191967,-0.19058,0,0.00306796,0,0,2.04326,2.04633,
131017,-0.210155,-0.210155,-0.606018,-0.607456,2.13715,2.13567,-0.191967,-0.19058,0,0.00306796,0,0,2.04326,2.04633,
131037,-0.210155,-0.210155,-0.606018,-0.607456,2.13715,2.13567,-0.191967,-0.19058,0,0.00306796,0,0,2.04326,2.04633,
131057,-0.210155,-0.210155,-0.606018,-0.607456,2.13715,2.13567,-0.191967,-0.19058,0,0.00306796,0,0,2.04326,2.04633,
131077,-0.210155,-0.210155,-0.606018,-0.607456,2.13715,2.13567,-0.191967,-0.19058,0,0.00306796,0,0,2.04326,2.04633,
131097,-0.210155,-0.210155,-0.606018,-0.607456,2.13715,2.13567,-0.191967,-0.19058,0,0.00306796,0,0,2.04326,2.04633,
131117,-0.210155,-0.205553,-0.606018,-0.607456,2.13715,2.1372,-0.191967,-0.19058,0,0.00153398,0,0,2.04326,2.04633,
131137,-0.210155,-0.205553,-0.606018,-0.607456,2.13715,2.1372,-0.191967,-0.19058,0,0.00153398,0,0,2.04326,2.04633,
131157,-0.210155,-0.205553,-0.606018,-0.607456,2.13715,2.1372,-0.191967,-0.19058,0,0.00153398,0,0,2.04326,2.04633,
131177,-0.210155,-0.205553,-0.606018,-0.607456,2.13715,2.1372,-0.191967,-0.19058,0,0.00153398,0,0,2.04326,2.04633,
131197,-0.210155,-0.205553,-0.606018,-0.607456,2.13715,2.1372,-0.191967,-0.19058,0,0.00153398,0,0,2.04326,2.04633,
131217,-0.210155,-0.204019,-0.606018,-0.60899,2.13715,2.1372,-0.191967,-0.19058,0,0,0,0,2.04326,2.04633,
131237,-0.210155,-0.204019,-0.606018,-0.60899,2.13715,2.1372,-0.191967,-0.19058,0,0,0,0,2.04326,2.04633,
131257,-0.210155,-0.204019,-0.606018,-0.60899,2.13715,2.1372,-0.191967,-0.19058,0,0,0,0,2.04326,2.04633,
131277,-0.210155,-0.204019,-0.606018,-0.60899,2.13715,2.1372,-0.191967,-0.19058,0,0,0,0,2.04326,2.04633,
131297,-0.210155,-0.204019,-0.606018,-0.60899,2.13715,2.1372,-0.191967,-0.19058,0,0,0,0,2.04326,2.04633,
131317,-0.210155,-0.204019,-0.606018,-0.607456,2.13715,2.1372,-0.191967,-0.19058,0,-0.00153398,0,-0.00153398,2.04326,2.04633,
131337,-0.210155,-0.204019,-0.606018,-0.607456,2.13715,2.1372,-0.191967,-0.19058,0,-0.00153398,0,-0.00153398,2.04326,2.04633,
131357,-0.210155,-0.204019,-0.606018,-0.607456,2.13715,2.1372,-0.191967,-0.19058,0,-0.00153398,0,-0.00153398,2.04326,2.04633,
131377,-0.210155,-0.204019,-0.606018,-0.607456,2.13715,2.1372,-0.191967,-0.19058,0,-0.00153398,0,-0.00153398,2.04326,2.04633,
131397,-0.210155,-0.204019,-0.606018,-0.607456,2.13715,2.1372,-0.191967,-0.19058,0,-0.00153398,0,-0.00153398,2.04326,2.04633,
131417,-0.210155,-0.205553,-0.606018,-0.607456,2.13715,2.1372,-0.191967,-0.19058,0,-0.00153398,0,0,2.04326,2.04633,
131437,-0.210155,-0.205553,-0.606018,-0.607456,2.13715,2.1372,-0.191967,-0.19058,0,-0.00153398,0,0,2.04326,2.04633,
131457,-0.210155,-0.205553,-0.606018,-0.607456,2.13715,2.1372,-0.191967,-0.19058,0,-0.00153398,0,0,2.04326,2.04633,
131477,-0.210155,-0.205553,-0.606018,-0.607456,2.13715,2.1372,-0.191967,-0.19058,0,-0.00153398,0,0,2.04326,2.04633,
131497,-0.210155,-0.205553,-0.606018,-0.607456,2.13715,2.1372,-0.191967,-0.19058,0,0,0,0,2.04326,2.04633,
131517,-0.210155,-0.205553,-0.606018,-0.607456,2.13715,2.1372,-0.191967,-0.19058,0,0,0,0,2.04326,2.04633,
131537,-0.210155,-0.205553,-0.606018,-0.607456,2.13715,2.1372,-0.191967,-0.19058,0,0,0,0,2.04326,2.04633,
131557,-0.210155,-0.205553,-0.606018,-0.607456,2.13715,2.1372,-0.191967,-0.19058,0,0,0,0,2.04326,2.04633,
131577,-0.210155,-0.205553,-0.606018,-0.607456,2.13715,2.1372,-0.191967,-0.19058,0,0,0,0,2.04326,2.04633,
131597,-0.210155,-0.205553,-0.606018,-0.607456,2.13715,2.1372,-0.191967,-0.19058,0,0,0,0,2.04326,2.04633,
131617,-0.210155,-0.205553,-0.606018,-0.607456,2.13715,2.1372,-0.191967,-0.19058,0,0,0,0,2.04326,2.04633,
131637,-0.210155,-0.205553,-0.606018,-0.607456,2.13715,2.1372,-0.191967,-0.19058,0,0,0,0,2.04326,2.04633,
131657,-0.210155,-0.205553,-0.606018,-0.607456,2.13715,2.1372,-0.191967,-0.19058,0,0,0,0,2.04326,2.04633,
131677,-0.210155,-0.205553,-0.606018,-0.607456,2.13715,2.1372,-0.191967,-0.19058,0,0,0,0,2.04326,2.04633,
131697,-0.210155,-0.205553,-0.606018,-0.607456,2.13715,2.1372,-0.191967,-0.19058,0,0,0,0,2.04326,2.04633,
131717,-0.210155,-0.205553,-0.606018,-0.607456,2.13715,2.1372,-0.191967,-0.19058,0,0,0,0,2.04326,2.04633,
131737,-0.210155,-0.205553,-0.606018,-0.607456,2.13715,2.1372,-0.191967,-0.19058,0,0,0,0,2.04326,2.04633,
131757,-0.210155,-0.205553,-0.606018,-0.607456,2.13715,2.1372,-0.191967,-0.19058,0,0,0,0,2.04326,2.04633,
131777,-0.210155,-0.205553,-0.606018,-0.607456,2.13715,2.1372,-0.191967,-0.19058,0,0,0,0,2.04326,2.04633,
131797,-0.210155,-0.205553,-0.606018,-0.607456,2.13715,2.1372,-0.191967,-0.19058,0,0,0,0,2.04326,2.04633,
131817,-0.210155,-0.205553,-0.606018,-0.60899,2.13715,2.1372,-0.191967,-0.19058,0,0,0,0,2.04326,2.04633,
131837,-0.210155,-0.205553,-0.606018,-0.60899,2.13715,2.1372,-0.191967,-0.19058,0,0,0,0,2.04326,2.04633,
131857,-0.210155,-0.205553,-0.606018,-0.60899,2.13715,2.1372,-0.191967,-0.19058,0,0,0,0,2.04326,2.04633,
131877,-0.210155,-0.205553,-0.606018,-0.60899,2.13715,2.1372,-0.191967,-0.19058,0,0,0,0,2.04326,2.04633,
131897,-0.210155,-0.205553,-0.606018,-0.607456,2.13715,2.1372,-0.191967,-0.19058,0,0,0,0,2.04326,2.04786,
131917,-0.210155,-0.205553,-0.606018,-0.607456,2.13715,2.1372,-0.191967,-0.19058,0,0,0,0,2.04326,2.04786,
131937,-0.210155,-0.205553,-0.606018,-0.607456,2.13715,2.1372,-0.191967,-0.19058,0,0,0,0,2.04326,2.04786,
131957,-0.210155,-0.205553,-0.606018,-0.607456,2.13715,2.1372,-0.191967,-0.19058,0,0,0,0,2.04326,2.04786,
131977,-0.210155,-0.205553,-0.606018,-0.607456,2.13715,2.1372,-0.191967,-0.19058,0,0,0,0,2.04326,2.04786,
131997,-0.210155,-0.207087,-0.606018,-0.607456,2.13715,2.1372,-0.191967,-0.19058,0,-0.00153398,0,0,2.04326,2.04786,
132017,-0.210155,-0.207087,-0.606018,-0.607456,2.13715,2.1372,-0.191967,-0.19058,0,-0.00153398,0,0,2.04326,2.04786,
132037,-0.210155,-0.207087,-0.606018,-0.607456,2.13715,2.1372,-0.191967,-0.19058,0,-0.00153398,0,0,2.04326,2.04786,
132057,-0.210155,-0.207087,-0.606018,-0.607456,2.13715,2.1372,-0.191967,-0.19058,0,-0.00153398,0,0,2.04326,2.04786,
132077,-0.210155,-0.207087,-0.606018,-0.607456,2.13715,2.1372,-0.191967,-0.19058,0,-0.00153398,0,0,2.04326,2.04786,
132097,-0.210155,-0.207087,-0.606018,-0.607456,2.13715,2.1372,-0.191967,-0.19058,0,-0.00153398,0,0,2.04326,2.04786,
132117,-0.210155,-0.205553,-0.606018,-0.60899,2.13715,2.1372,-0.191967,-0.19058,0,0,0,0,2.04326,2.04786,
132137,-0.210155,-0.205553,-0.606018,-0.60899,2.13715,2.1372,-0.191967,-0.19058,0,0,0,0,2.04326,2.04786,
132157,-0.210155,-0.205553,-0.606018,-0.60899,2.13715,2.1372,-0.191967,-0.19058,0,0,0,0,2.04326,2.04786,
132177,-0.210155,-0.205553,-0.606018,-0.60899,2.13715,2.1372,-0.191967,-0.19058,0,0,0,0,2.04326,2.04786,
132197,-0.210155,-0.205553,-0.606018,-0.60899,2.13715,2.1372,-0.191967,-0.19058,0,0,0,0,2.04326,2.04786,
132217,-0.210155,-0.207087,-0.606018,-0.607456,2.13715,2.1372,-0.191967,-0.19058,0,0,0,0,2.04326,2.04633,
132237,-0.210155,-0.207087,-0.606018,-0.607456,2.13715,2.1372,-0.191967,-0.19058,0,0,0,0,2.04326,2.04633,
132257,-0.210155,-0.207087,-0.606018,-0.607456,2.13715,2.1372,-0.191967,-0.19058,0,0,0,0,2.04326,2.04633,
132277,-0.210155,-0.207087,-0.606018,-0.607456,2.13715,2.1372,-0.191967,-0.19058,0,0,0,0,2.04326,2.04633,
132297,-0.210155,-0.207087,-0.606018,-0.607456,2.13715,2.1372,-0.191967,-0.19058,0,0,0,0,2.04326,2.04633,
132317,-0.210155,-0.207087,-0.606018,-0.60899,2.13715,2.13567,-0.191967,-0.19058,0,0,0,0,2.04326,2.04633,
132337,-0.210155,-0.207087,-0.606018,-0.60899,2.13715,2.13567,-0.191967,-0.19058,0,0,0,0,2.04326,2.04633,
132357,-0.210155,-0.207087,-0.606018,-0.60899,2.13715,2.13567,-0.191967,-0.19058,0,0,0,0,2.04326,2.04633,
132377,-0.210155,-0.207087,-0.606018,-0.60899,2.13715,2.13567,-0.191967,-0.19058,0,0,0,0,2.04326,2.04633,
132397,-0.210155,-0.207087,-0.606018,-0.607456,2.13715,2.1372,-0.191967,-0.19058,0,-0.00153398,0,0,2.04326,2.04633,
132417,-0.210155,-0.207087,-0.606018,-0.607456,2.13715,2.1372,-0.191967,-0.19058,0,-0.00153398,0,0,2.04326,2.04633,
132437,-0.210155,-0.207087,-0.606018,-0.607456,2.13715,2.1372,-0.191967,-0.19058,0,-0.00153398,0,0,2.04326,2.04633,
132457,-0.210155,-0.207087,-0.606018,-0.607456,2.13715,2.1372,-0.191967,-0.19058,0,-0.00153398,0,0,2.04326,2.04633,
132477,-0.210155,-0.207087,-0.606018,-0.607456,2.13715,2.1372,-0.191967,-0.19058,0,-0.00153398,0,0,2.04326,2.04633,
132497,-0.210155,-0.207087,-0.606018,-0.60899,2.13715,2.1372,-0.191967,-0.19058,0,0,0,0,2.04326,2.04786,
132517,-0.210155,-0.207087,-0.606018,-0.60899,2.13715,2.1372,-0.191967,-0.19058,0,0,0,0,2.04326,2.04786,
132537,-0.210155,-0.207087,-0.606018,-0.60899,2.13715,2.1372,-0.191967,-0.19058,0,0,0,0,2.04326,2.04786,
132557,-0.210155,-0.207087,-0.606018,-0.60899,2.13715,2.1372,-0.191967,-0.19058,0,0,0,0,2.04326,2.04786,
132577,-0.210155,-0.207087,-0.606018,-0.60899,2.13715,2.1372,-0.191967,-0.19058,0,0,0,0,2.04326,2.04786,
132597,-0.210155,-0.207087,-0.606018,-0.60899,2.13715,2.1372,-0.191967,-0.19058,0,0,0,0,2.04326,2.04786,
132617,-0.210155,-0.207087,-0.606018,-0.607456,2.13715,2.1372,-0.191967,-0.192114,0,0,0,0,2.04326,2.04633,
132637,-0.210155,-0.207087,-0.606018,-0.607456,2.13715,2.1372,-0.191967,-0.192114,0,0,0,0,2.04326,2.04633,
132657,-0.210155,-0.207087,-0.606018,-0.607456,2.13715,2.1372,-0.191967,-0.192114,0,0,0,0,2.04326,2.04633,
132677,-0.210155,-0.207087,-0.606018,-0.607456,2.13715,2.1372,-0.191967,-0.192114,0,0,0,0,2.04326,2.04633,
132697,-0.210155,-0.207087,-0.606018,-0.607456,2.13715,2.1372,-0.191967,-0.192114,0,0,0,0,2.04326,2.04633,
132717,-0.210155,-0.207087,-0.606018,-0.607456,2.13715,2.1372,-0.191967,-0.19058,0,0,0,0,2.04326,2.04633,
132737,-0.210155,-0.207087,-0.606018,-0.607456,2.13715,2.1372,-0.191967,-0.19058,0,0,0,0,2.04326,2.04633,
132757,-0.210155,-0.207087,-0.606018,-0.607456,2.13715,2.1372,-0.191967,-0.19058,0,0,0,0,2.04326,2.04633,
132777,-0.210155,-0.207087,-0.606018,-0.607456,2.13715,2.1372,-0.191967,-0.19058,0,0,0,0,2.04326,2.04633,
132797,-0.210155,-0.207087,-0.606018,-0.60899,2.13715,2.1372,-0.191967,-0.19058,0,0,0,0,2.04326,2.04633,
132817,-0.210155,-0.207087,-0.606018,-0.60899,2.13715,2.1372,-0.191967,-0.19058,0,0,0,0,2.04326,2.04633,
132837,-0.210155,-0.207087,-0.606018,-0.60899,2.13715,2.1372,-0.191967,-0.19058,0,0,0,0,2.04326,2.04633,
132857,-0.210155,-0.207087,-0.606018,-0.60899,2.13715,2.1372,-0.191967,-0.19058,0,0,0,0,2.04326,2.04633,
132877,-0.210155,-0.207087,-0.606018,-0.60899,2.13715,2.1372,-0.191967,-0.19058,0,0,0,0,2.04326,2.04633,
132897,-0.210155,-0.207087,-0.606018,-0.60899,2.13715,2.1372,-0.191967,-0.19058,0,0,0,0,2.04326,2.04633,
132917,-0.210155,-0.207087,-0.606018,-0.60899,2.13715,2.13567,-0.191967,-0.19058,0,-0.00153398,0,0,2.04326,2.04633,
132937,-0.210155,-0.207087,-0.606018,-0.60899,2.13715,2.13567,-0.191967,-0.19058,0,-0.00153398,0,0,2.04326,2.04633,
132957,-0.210155,-0.207087,-0.606018,-0.60899,2.13715,2.13567,-0.191967,-0.19058,0,-0.00153398,0,0,2.04326,2.04633,
132977,-0.210155,-0.207087,-0.606018,-0.60899,2.13715,2.13567,-0.191967,-0.19058,0,-0.00153398,0,0,2.04326,2.04633,
132997,-0.210155,-0.207087,-0.606018,-0.60899,2.13715,2.13567,-0.191967,-0.19058,0,-0.00153398,0,0,2.04326,2.04633,
133017,-0.210155,-0.208621,-0.606018,-0.60899,2.13715,2.13567,-0.191967,-0.19058,0,-0.00153398,0,0,2.04326,2.04633,
133037,-0.210155,-0.208621,-0.606018,-0.60899,2.13715,2.13567,-0.191967,-0.19058,0,-0.00153398,0,0,2.04326,2.04633,
133057,-0.210155,-0.208621,-0.606018,-0.60899,2.13715,2.13567,-0.191967,-0.19058,0,-0.00153398,0,0,2.04326,2.04633,
133077,-0.210155,-0.208621,-0.606018,-0.60899,2.13715,2.13567,-0.191967,-0.19058,0,-0.00153398,0,0,2.04326,2.04633,
133097,-0.210155,-0.208621,-0.606018,-0.60899,2.13715,2.13567,-0.191967,-0.19058,0,-0.00153398,0,0,2.04326,2.04633,
133117,-0.210155,-0.208621,-0.606018,-0.60899,2.13715,2.1372,-0.191967,-0.19058,0,-0.00153398,0,0,2.04326,2.04633,
133137,-0.210155,-0.208621,-0.606018,-0.60899,2.13715,2.1372,-0.191967,-0.19058,0,-0.00153398,0,0,2.04326,2.04633,
133157,-0.210155,-0.208621,-0.606018,-0.60899,2.13715,2.1372,-0.191967,-0.19058,0,-0.00153398,0,0,2.04326,2.04633,
133177,-0.210155,-0.208621,-0.606018,-0.60899,2.13715,2.1372,-0.191967,-0.19058,0,-0.00153398,0,0,2.04326,2.04633,
133197,-0.210155,-0.208621,-0.606018,-0.60899,2.13715,2.1372,-0.191967,-0.19058,0,-0.00153398,0,0,2.04326,2.04633,
133217,-0.210155,-0.207087,-0.606018,-0.607456,2.13715,2.1372,-0.191967,-0.19058,0,-0.00153398,0,0,2.04326,2.04633,
133237,-0.210155,-0.207087,-0.606018,-0.607456,2.13715,2.1372,-0.191967,-0.19058,0,-0.00153398,0,0,2.04326,2.04633,
133257,-0.210155,-0.207087,-0.606018,-0.607456,2.13715,2.1372,-0.191967,-0.19058,0,-0.00153398,0,0,2.04326,2.04633,
133277,-0.210155,-0.207087,-0.606018,-0.607456,2.13715,2.1372,-0.191967,-0.19058,0,-0.00153398,0,0,2.04326,2.04633,
133297,-0.210155,-0.208621,-0.606018,-0.607456,2.13715,2.1372,-0.191967,-0.19058,0,-0.00153398,0,0,2.04326,2.04633,
133317,-0.210155,-0.208621,-0.606018,-0.607456,2.13715,2.1372,-0.191967,-0.19058,0,-0.00153398,0,0,2.04326,2.04633,
133337,-0.210155,-0.208621,-0.606018,-0.607456,2.13715,2.1372,-0.191967,-0.19058,0,-0.00153398,0,0,2.04326,2.04633,
133357,-0.210155,-0.208621,-0.606018,-0.607456,2.13715,2.1372,-0.191967,-0.19058,0,-0.00153398,0,0,2.04326,2.04633,
133377,-0.210155,-0.208621,-0.606018,-0.607456,2.13715,2.1372,-0.191967,-0.19058,0,-0.00153398,0,0,2.04326,2.04633,
133397,-0.210155,-0.208621,-0.606018,-0.607456,2.13715,2.1372,-0.191967,-0.19058,0,-0.00153398,0,0,2.04326,2.04633,
133417,-0.210155,-0.208621,-0.606018,-0.60899,2.13715,2.1372,-0.191967,-0.19058,0,0,0,0,2.04326,2.04633,
133437,-0.210155,-0.208621,-0.606018,-0.60899,2.13715,2.1372,-0.191967,-0.19058,0,0,0,0,2.04326,2.04633,
133457,-0.210155,-0.208621,-0.606018,-0.60899,2.13715,2.1372,-0.191967,-0.19058,0,0,0,0,2.04326,2.04633,
133477,-0.210155,-0.208621,-0.606018,-0.60899,2.13715,2.1372,-0.191967,-0.19058,0,0,0,0,2.04326,2.04633,
133497,-0.210155,-0.208621,-0.606018,-0.60899,2.13715,2.1372,-0.191967,-0.19058,0,-0.00153398,0,0,2.04326,2.04633,
133517,-0.210155,-0.208621,-0.606018,-0.60899,2.13715,2.1372,-0.191967,-0.19058,0,-0.00153398,0,0,2.04326,2.04633,
133537,-0.210155,-0.208621,-0.606018,-0.60899,2.13715,2.1372,-0.191967,-0.19058,0,-0.00153398,0,0,2.04326,2.04633,
133557,-0.210155,-0.208621,-0.606018,-0.60899,2.13715,2.1372,-0.191967,-0.19058,0,-0.00153398,0,0,2.04326,2.04633,
133577,-0.210155,-0.208621,-0.606018,-0.60899,2.13715,2.1372,-0.191967,-0.19058,0,-0.00153398,0,0,2.04326,2.04633,
133597,-0.210155,-0.208621,-0.606018,-0.60899,2.13715,2.1372,-0.191967,-0.19058,0,0,0,0,2.04326,2.04633,
133617,-0.210155,-0.208621,-0.606018,-0.60899,2.13715,2.1372,-0.191967,-0.19058,0,0,0,0,2.04326,2.04633,
133637,-0.210155,-0.208621,-0.606018,-0.60899,2.13715,2.1372,-0.191967,-0.19058,0,0,0,0,2.04326,2.04633,
133657,-0.210155,-0.208621,-0.606018,-0.60899,2.13715,2.1372,-0.191967,-0.19058,0,0,0,0,2.04326,2.04633,
133677,-0.210155,-0.208621,-0.606018,-0.60899,2.13715,2.1372,-0.191967,-0.19058,0,0,0,0,2.04326,2.04633,
133697,-0.210155,-0.208621,-0.606018,-0.60899,2.13715,2.1372,-0.191967,-0.19058,0,0,0,0,2.04326,2.04633,
133717,-0.210155,-0.208621,-0.606018,-0.60899,2.13715,2.13567,-0.191967,-0.19058,0,0,0,0,2.04326,2.04633,
133737,-0.210155,-0.208621,-0.606018,-0.60899,2.13715,2.13567,-0.191967,-0.19058,0,0,0,0,2.04326,2.04633,
133757,-0.210155,-0.208621,-0.606018,-0.60899,2.13715,2.13567,-0.191967,-0.19058,0,0,0,0,2.04326,2.04633,
133777,-0.210155,-0.208621,-0.606018,-0.60899,2.13715,2.13567,-0.191967,-0.19058,0,0,0,0,2.04326,2.04633,
133797,-0.210155,-0.208621,-0.606018,-0.60899,2.13715,2.13567,-0.191967,-0.19058,0,0,0,0,2.04326,2.04633,
133817,-0.210155,-0.208621,-0.606018,-0.607456,2.13715,2.13567,-0.191967,-0.19058,0,0,0,0,2.04326,2.04633,
133837,-0.210155,-0.208621,-0.606018,-0.607456,2.13715,2.13567,-0.191967,-0.19058,0,0,0,0,2.04326,2.04633,
133857,-0.210155,-0.208621,-0.606018,-0.607456,2.13715,2.13567,-0.191967,-0.19058,0,0,0,0,2.04326,2.04633,
133877,-0.210155,-0.208621,-0.606018,-0.607456,2.13715,2.13567,-0.191967,-0.19058,0,0,0,0,2.04326,2.04633,
133897,-0.210155,-0.208621,-0.606018,-0.607456,2.13715,2.13567,-0.191967,-0.19058,0,0,0,0,2.04326,2.04633,
133917,-0.210155,-0.208621,-0.606018,-0.607456,2.13715,2.1372,-0.191967,-0.19058,0,0,0,0,2.04326,2.04633,
133937,-0.210155,-0.208621,-0.606018,-0.607456,2.13715,2.1372,-0.191967,-0.19058,0,0,0,0,2.04326,2.04633,
133957,-0.210155,-0.208621,-0.606018,-0.607456,2.13715,2.1372,-0.191967,-0.19058,0,0,0,0,2.04326,2.04633,
133977,-0.210155,-0.208621,-0.606018,-0.607456,2.13715,2.1372,-0.191967,-0.19058,0,0,0,0,2.04326,2.04633,
133997,-0.210155,-0.208621,-0.606018,-0.60899,2.13715,2.1372,-0.191967,-0.19058,0,-0.00153398,0,0,2.04326,2.04633,
134017,-0.210155,-0.208621,-0.606018,-0.60899,2.13715,2.1372,-0.191967,-0.19058,0,-0.00153398,0,0,2.04326,2.04633,
134037,-0.210155,-0.208621,-0.606018,-0.60899,2.13715,2.1372,-0.191967,-0.19058,0,-0.00153398,0,0,2.04326,2.04633,
134057,-0.210155,-0.208621,-0.606018,-0.60899,2.13715,2.1372,-0.191967,-0.19058,0,-0.00153398,0,0,2.04326,2.04633,
134077,-0.210155,-0.208621,-0.606018,-0.60899,2.13715,2.1372,-0.191967,-0.19058,0,-0.00153398,0,0,2.04326,2.04633,
134097,-0.210155,-0.208621,-0.606018,-0.60899,2.13715,2.1372,-0.191967,-0.19058,0,-0.00153398,0,0,2.04326,2.04633,
134117,-0.210155,-0.208621,-0.606018,-0.60899,2.13715,2.13567,-0.191967,-0.19058,0,0,0,0,2.04326,2.04633,
134137,-0.210155,-0.208621,-0.606018,-0.60899,2.13715,2.13567,-0.191967,-0.19058,0,0,0,0,2.04326,2.04633,
134157,-0.210155,-0.208621,-0.606018,-0.60899,2.13715,2.13567,-0.191967,-0.19058,0,0,0,0,2.04326,2.04633,
134177,-0.210155,-0.208621,-0.606018,-0.60899,2.13715,2.13567,-0.191967,-0.19058,0,0,0,0,2.04326,2.04633,
134197,-0.210155,-0.208621,-0.606018,-0.60899,2.13715,2.13567,-0.191967,-0.19058,0,0,0,0,2.04326,2.04633,
134217,-0.210155,-0.208621,-0.606018,-0.607456,2.13715,2.13567,-0.191967,-0.19058,0,0,0,0,2.04326,2.04633,
134237,-0.210155,-0.208621,-0.606018,-0.607456,2.13715,2.13567,-0.191967,-0.19058,0,0,0,0,2.04326,2.04633,
134257,-0.210155,-0.208621,-0.606018,-0.607456,2.13715,2.13567,-0.191967,-0.19058,0,0,0,0,2.04326,2.04633,
134277,-0.210155,-0.208621,-0.606018,-0.607456,2.13715,2.13567,-0.191967,-0.19058,0,0,0,0,2.04326,2.04633,
134297,-0.210155,-0.210155,-0.606018,-0.607456,2.13715,2.1372,-0.191967,-0.19058,0,-0.00153398,0,0,2.04326,2.04633,
134317,-0.210155,-0.210155,-0.606018,-0.607456,2.13715,2.1372,-0.191967,-0.19058,0,-0.00153398,0,0,2.04326,2.04633,
134337,-0.210155,-0.210155,-0.606018,-0.607456,2.13715,2.1372,-0.191967,-0.19058,0,-0.00153398,0,0,2.04326,2.04633,
134358,-0.210155,-0.210155,-0.606018,-0.607456,2.13715,2.1372,-0.191967,-0.19058,0,-0.00153398,0,0,2.04326,2.04633,
134379,-0.210155,-0.210155,-0.606018,-0.607456,2.13715,2.1372,-0.191967,-0.19058,0,-0.00153398,0,0,2.04326,2.04633,
134397,-0.210155,-0.210155,-0.606018,-0.60899,2.13715,2.1372,-0.191967,-0.19058,0,-0.00153398,0,0,2.04326,2.04633,
134417,-0.210155,-0.210155,-0.606018,-0.60899,2.13715,2.1372,-0.191967,-0.19058,0,-0.00153398,0,0,2.04326,2.04633,
134437,-0.210155,-0.210155,-0.606018,-0.60899,2.13715,2.1372,-0.191967,-0.19058,0,-0.00153398,0,0,2.04326,2.04633,
134457,-0.210155,-0.210155,-0.606018,-0.60899,2.13715,2.1372,-0.191967,-0.19058,0,-0.00153398,0,0,2.04326,2.04633,
134477,-0.210155,-0.210155,-0.606018,-0.60899,2.13715,2.1372,-0.191967,-0.19058,0,-0.00153398,0,0,2.04326,2.04633,
134497,-0.210155,-0.210155,-0.606018,-0.60899,2.13715,2.1372,-0.191967,-0.19058,0,-0.00153398,0,0,2.04326,2.04633,
134517,-0.210155,-0.210155,-0.606018,-0.60899,2.13715,2.1372,-0.191967,-0.19058,0,-0.00153398,0,0,2.04326,2.04633,
134537,-0.210155,-0.210155,-0.606018,-0.60899,2.13715,2.1372,-0.191967,-0.19058,0,-0.00153398,0,0,2.04326,2.04633,
134557,-0.210155,-0.210155,-0.606018,-0.60899,2.13715,2.1372,-0.191967,-0.19058,0,-0.00153398,0,0,2.04326,2.04633,
134577,-0.210155,-0.210155,-0.606018,-0.60899,2.13715,2.1372,-0.191967,-0.19058,0,-0.00153398,0,0,2.04326,2.04633,
134597,-0.210155,-0.210155,-0.606018,-0.60899,2.13715,2.1372,-0.191967,-0.19058,0,-0.00153398,0,0,2.04326,2.04633,
134617,-0.210155,-0.210155,-0.606018,-0.607456,2.13715,2.1372,-0.191967,-0.19058,0,0,0,0,2.04326,2.04633,
134637,-0.210155,-0.210155,-0.606018,-0.607456,2.13715,2.1372,-0.191967,-0.19058,0,0,0,0,2.04326,2.04633,
134657,-0.210155,-0.210155,-0.606018,-0.607456,2.13715,2.1372,-0.191967,-0.19058,0,0,0,0,2.04326,2.04633,
134677,-0.210155,-0.210155,-0.606018,-0.607456,2.13715,2.1372,-0.191967,-0.19058,0,0,0,0,2.04326,2.04633,
134697,-0.210155,-0.210155,-0.606018,-0.607456,2.13715,2.1372,-0.191967,-0.19058,0,0,0,0,2.04326,2.04633,
134717,-0.210155,-0.210155,-0.606018,-0.607456,2.13715,2.1372,-0.191967,-0.19058,0,0,0,0,2.04326,2.04633,
134737,-0.210155,-0.210155,-0.606018,-0.607456,2.13715,2.1372,-0.191967,-0.19058,0,0,0,0,2.04326,2.04633,
134757,-0.210155,-0.210155,-0.606018,-0.607456,2.13715,2.1372,-0.191967,-0.19058,0,0,0,0,2.04326,2.04633,
134777,-0.210155,-0.210155,-0.606018,-0.607456,2.13715,2.1372,-0.191967,-0.19058,0,0,0,0,2.04326,2.04633,
134797,-0.210155,-0.210155,-0.606018,-0.607456,2.13715,2.1372,-0.191967,-0.19058,0,0,0,0,2.04326,2.04633,
134817,-0.210155,-0.208621,-0.606018,-0.60899,2.13715,2.1372,-0.191967,-0.19058,0,0,0,0,2.04326,2.04633,
134837,-0.210155,-0.208621,-0.606018,-0.60899,2.13715,2.1372,-0.191967,-0.19058,0,0,0,0,2.04326,2.04633,
134857,-0.210155,-0.208621,-0.606018,-0.60899,2.13715,2.1372,-0.191967,-0.19058,0,0,0,0,2.04326,2.04633,
134877,-0.210155,-0.208621,-0.606018,-0.60899,2.13715,2.1372,-0.191967,-0.19058,0,0,0,0,2.04326,2.04633,
134897,-0.210155,-0.210155,-0.606018,-0.607456,2.13715,2.13567,-0.191967,-0.19058,0,0,0,0,2.04326,2.04633,
134917,-0.210155,-0.210155,-0.606018,-0.607456,2.13715,2.13567,-0.191967,-0.19058,0,0,0,0,2.04326,2.04633,
134937,-0.210155,-0.210155,-0.606018,-0.607456,2.13715,2.13567,-0.191967,-0.19058,0,0,0,0,2.04326,2.04633,
134957,-0.210155,-0.210155,-0.606018,-0.607456,2.13715,2.13567,-0.191967,-0.19058,0,0,0,0,2.04326,2.04633,
134977,-0.210155,-0.210155,-0.606018,-0.607456,2.13715,2.13567,-0.191967,-0.19058,0,0,0,0,2.04326,2.04633,
134997,-0.210155,-0.210155,-0.606018,-0.607456,2.13715,2.13567,-0.191967,-0.19058,0,0,0,0,2.04326,2.04633,
135017,-0.210155,-0.210155,-0.606018,-0.60899,2.13715,2.1372,-0.191967,-0.19058,0,0,0,0,2.04326,2.04633,
135037,-0.210155,-0.210155,-0.606018,-0.60899,2.13715,2.1372,-0.191967,-0.19058,0,0,0,0,2.04326,2.04633,
135057,-0.210155,-0.210155,-0.606018,-0.60899,2.13715,2.1372,-0.191967,-0.19058,0,0,0,0,2.04326,2.04633,
135077,-0.210155,-0.210155,-0.606018,-0.60899,2.13715,2.1372,-0.191967,-0.19058,0,0,0,0,2.04326,2.04633,
135097,-0.210155,-0.210155,-0.606018,-0.60899,2.13715,2.1372,-0.191967,-0.19058,0,0,0,0,2.04326,2.04633,
135117,-0.210155,-0.208621,-0.606018,-0.607456,2.13715,2.1372,-0.191967,-0.19058,0,0,0,0,2.04326,2.04633,
135137,-0.210155,-0.208621,-0.606018,-0.607456,2.13715,2.1372,-0.191967,-0.19058,0,0,0,0,2.04326,2.04633,
135157,-0.210155,-0.208621,-0.606018,-0.607456,2.13715,2.1372,-0.191967,-0.19058,0,0,0,0,2.04326,2.04633,
135177,-0.210155,-0.208621,-0.606018,-0.607456,2.13715,2.1372,-0.191967,-0.19058,0,0,0,0,2.04326,2.04633,
135197,-0.210155,-0.210155,-0.606018,-0.607456,2.13715,2.13567,-0.191967,-0.19058,0,0,0,0,2.04326,2.04633,
135217,-0.210155,-0.210155,-0.606018,-0.607456,2.13715,2.13567,-0.191967,-0.19058,0,0,0,0,2.04326,2.04633,
135237,-0.210155,-0.210155,-0.606018,-0.607456,2.13715,2.13567,-0.191967,-0.19058,0,0,0,0,2.04326,2.04633,
135257,-0.210155,-0.210155,-0.606018,-0.607456,2.13715,2.13567,-0.191967,-0.19058,0,0,0,0,2.04326,2.04633,
135277,-0.210155,-0.210155,-0.606018,-0.607456,2.13715,2.13567,-0.191967,-0.19058,0,0,0,0,2.04326,2.04633,
135297,-0.210155,-0.210155,-0.606018,-0.607456,2.13715,2.13567,-0.191967,-0.19058,0,0,0,0,2.04326,2.04633,
135317,-0.210155,-0.210155,-0.606018,-0.607456,2.13715,2.1372,-0.191967,-0.19058,0,-0.00153398,0,0,2.04326,2.04633,
135337,-0.210155,-0.210155,-0.606018,-0.607456,2.13715,2.1372,-0.191967,-0.19058,0,-0.00153398,0,0,2.04326,2.04633,
135357,-0.210155,-0.210155,-0.606018,-0.607456,2.13715,2.1372,-0.191967,-0.19058,0,-0.00153398,0,0,2.04326,2.04633,
135377,-0.210155,-0.210155,-0.606018,-0.607456,2.13715,2.1372,-0.191967,-0.19058,0,-0.00153398,0,0,2.04326,2.04633,
135397,-0.210155,-0.210155,-0.606018,-0.607456,2.13715,2.1372,-0.191967,-0.19058,0,-0.00153398,0,0,2.04326,2.04633,
135417,-0.210155,-0.210155,-0.606018,-0.60899,2.13715,2.13567,-0.191967,-0.19058,0,-0.00153398,0,0,2.04326,2.04633,
135437,-0.210155,-0.210155,-0.606018,-0.60899,2.13715,2.13567,-0.191967,-0.19058,0,-0.00153398,0,0,2.04326,2.04633,
135457,-0.210155,-0.210155,-0.606018,-0.60899,2.13715,2.13567,-0.191967,-0.19058,0,-0.00153398,0,0,2.04326,2.04633,
135477,-0.210155,-0.210155,-0.606018,-0.60899,2.13715,2.13567,-0.191967,-0.19058,0,-0.00153398,0,0,2.04326,2.04633,
135497,-0.210155,-0.210155,-0.606018,-0.607456,2.13715,2.1372,-0.191967,-0.19058,0,-0.00153398,0,0,2.04326,2.04633,
135517,-0.210155,-0.210155,-0.606018,-0.607456,2.13715,2.1372,-0.191967,-0.19058,0,-0.00153398,0,0,2.04326,2.04633,
135537,-0.210155,-0.210155,-0.606018,-0.607456,2.13715,2.1372,-0.191967,-0.19058,0,-0.00153398,0,0,2.04326,2.04633,
135557,-0.210155,-0.210155,-0.606018,-0.607456,2.13715,2.1372,-0.191967,-0.19058,0,-0.00153398,0,0,2.04326,2.04633,
135577,-0.210155,-0.210155,-0.606018,-0.607456,2.13715,2.1372,-0.191967,-0.19058,0,-0.00153398,0,0,2.04326,2.04633,
135597,-0.210155,-0.210155,-0.606018,-0.607456,2.13715,2.1372,-0.191967,-0.19058,0,0,0,0,2.04326,2.04633,
135617,-0.210155,-0.210155,-0.606018,-0.607456,2.13715,2.1372,-0.191967,-0.19058,0,0,0,0,2.04326,2.04633,
135637,-0.210155,-0.210155,-0.606018,-0.607456,2.13715,2.1372,-0.191967,-0.19058,0,0,0,0,2.04326,2.04633,
135657,-0.210155,-0.210155,-0.606018,-0.607456,2.13715,2.1372,-0.191967,-0.19058,0,0,0,0,2.04326,2.04633,
135677,-0.210155,-0.210155,-0.606018,-0.607456,2.13715,2.1372,-0.191967,-0.19058,0,0,0,0,2.04326,2.04633,
135697,-0.210155,-0.208621,-0.606018,-0.60899,2.13715,2.1372,-0.191967,-0.19058,0,0,0,0,2.04326,2.04633,
135717,-0.210155,-0.208621,-0.606018,-0.60899,2.13715,2.1372,-0.191967,-0.19058,0,0,0,0,2.04326,2.04633,
135737,-0.210155,-0.208621,-0.606018,-0.60899,2.13715,2.1372,-0.191967,-0.19058,0,0,0,0,2.04326,2.04633,
135757,-0.210155,-0.208621,-0.606018,-0.60899,2.13715,2.1372,-0.191967,-0.19058,0,0,0,0,2.04326,2.04633,
135777,-0.210155,-0.208621,-0.606018,-0.60899,2.13715,2.1372,-0.191967,-0.19058,0,0,0,0,2.04326,2.04633,
135797,-0.210155,-0.208621,-0.606018,-0.60899,2.13715,2.1372,-0.191967,-0.19058,0,0,0,0,2.04326,2.04633,
135817,-0.210155,-0.208621,-0.606018,-0.60899,2.13715,2.13567,-0.191967,-0.19058,0,0,0,0,2.04326,2.04633,
135837,-0.210155,-0.208621,-0.606018,-0.60899,2.13715,2.13567,-0.191967,-0.19058,0,0,0,0,2.04326,2.04633,
135857,-0.210155,-0.208621,-0.606018,-0.60899,2.13715,2.13567,-0.191967,-0.19058,0,0,0,0,2.04326,2.04633,
135877,-0.210155,-0.208621,-0.606018,-0.60899,2.13715,2.13567,-0.191967,-0.19058,0,0,0,0,2.04326,2.04633,
135897,-0.210155,-0.208621,-0.606018,-0.60899,2.13715,2.13567,-0.191967,-0.19058,0,0,0,0,2.04326,2.04633,
135917,-0.210155,-0.208621,-0.606018,-0.607456,2.13715,2.1372,-0.191967,-0.19058,0,-0.00153398,0,0,2.04326,2.04633,
135937,-0.210155,-0.208621,-0.606018,-0.607456,2.13715,2.1372,-0.191967,-0.19058,0,-0.00153398,0,0,2.04326,2.04633,
135957,-0.210155,-0.208621,-0.606018,-0.607456,2.13715,2.1372,-0.191967,-0.19058,0,-0.00153398,0,0,2.04326,2.04633,
135977,-0.210155,-0.208621,-0.606018,-0.607456,2.13715,2.1372,-0.191967,-0.19058,0,-0.00153398,0,0,2.04326,2.04633,
135997,-0.210155,-0.208621,-0.606018,-0.60899,2.13715,2.1372,-0.191967,-0.19058,0,-0.00153398,0,0,2.04326,2.04633,
136017,-0.210155,-0.208621,-0.606018,-0.60899,2.13715,2.1372,-0.191967,-0.19058,0,-0.00153398,0,0,2.04326,2.04633,
136037,-0.210155,-0.208621,-0.606018,-0.60899,2.13715,2.1372,-0.191967,-0.19058,0,-0.00153398,0,0,2.04326,2.04633,
136057,-0.210155,-0.208621,-0.606018,-0.60899,2.13715,2.1372,-0.191967,-0.19058,0,-0.00153398,0,0,2.04326,2.04633,
136077,-0.210155,-0.208621,-0.606018,-0.60899,2.13715,2.1372,-0.191967,-0.19058,0,-0.00153398,0,0,2.04326,2.04633,
136097,-0.210155,-0.208621,-0.606018,-0.60899,2.13715,2.1372,-0.191967,-0.19058,0,-0.00153398,0,0,2.04326,2.04633,
136117,-0.210155,-0.210155,-0.606018,-0.607456,2.13715,2.1372,-0.191967,-0.19058,0,0,0,0,2.04326,2.04633,
136137,-0.210155,-0.210155,-0.606018,-0.607456,2.13715,2.1372,-0.191967,-0.19058,0,0,0,0,2.04326,2.04633,
136157,-0.210155,-0.210155,-0.606018,-0.607456,2.13715,2.1372,-0.191967,-0.19058,0,0,0,0,2.04326,2.04633,
136177,-0.210155,-0.210155,-0.606018,-0.607456,2.13715,2.1372,-0.191967,-0.19058,0,0,0,0,2.04326,2.04633,
136197,-0.210155,-0.210155,-0.606018,-0.607456,2.13715,2.1372,-0.191967,-0.19058,0,0,0,0,2.04326,2.04633,
136217,-0.210155,-0.210155,-0.606018,-0.607456,2.13715,2.1372,-0.191967,-0.19058,0,0,0,0,2.04326,2.04633,
136237,-0.210155,-0.208621,-0.606018,-0.607456,2.13715,2.1372,-0.191967,-0.19058,0,-0.00153398,0,0,2.04326,2.04633,
136257,-0.210155,-0.208621,-0.606018,-0.607456,2.13715,2.1372,-0.191967,-0.19058,0,-0.00153398,0,0,2.04326,2.04633,
136277,-0.210155,-0.208621,-0.606018,-0.607456,2.13715,2.1372,-0.191967,-0.19058,0,-0.00153398,0,0,2.04326,2.04633,
136297,-0.210155,-0.208621,-0.606018,-0.607456,2.13715,2.1372,-0.191967,-0.19058,0,-0.00153398,0,0,2.04326,2.04633,
136317,-0.210155,-0.208621,-0.606018,-0.607456,2.13715,2.1372,-0.191967,-0.19058,0,0,0,0,2.04326,2.04633,
136337,-0.210155,-0.208621,-0.606018,-0.607456,2.13715,2.1372,-0.191967,-0.19058,0,0,0,0,2.04326,2.04633,
136358,-0.210155,-0.208621,-0.606018,-0.607456,2.13715,2.1372,-0.191967,-0.19058,0,0,0,0,2.04326,2.04633,
136377,-0.210155,-0.208621,-0.606018,-0.607456,2.13715,2.1372,-0.191967,-0.19058,0,0,0,0,2.04326,2.04633,
136397,-0.210155,-0.210155,-0.606018,-0.607456,2.13715,2.1372,-0.191967,-0.19058,0,0,0,0,2.04326,2.04633,
136417,-0.210155,-0.210155,-0.606018,-0.607456,2.13715,2.1372,-0.191967,-0.19058,0,0,0,0,2.04326,2.04633,
136437,-0.210155,-0.210155,-0.606018,-0.607456,2.13715,2.1372,-0.191967,-0.19058,0,0,0,0,2.04326,2.04633,
136457,-0.210155,-0.210155,-0.606018,-0.607456,2.13715,2.1372,-0.191967,-0.19058,0,0,0,0,2.04326,2.04633,
136477,-0.210155,-0.210155,-0.606018,-0.607456,2.13715,2.1372,-0.191967,-0.19058,0,0,0,0,2.04326,2.04633,
136497,-0.210155,-0.210155,-0.606018,-0.607456,2.13715,2.1372,-0.191967,-0.19058,0,0,0,0,2.04326,2.04633,
136517,-0.210155,-0.210155,-0.606018,-0.607456,2.13715,2.1372,-0.191967,-0.19058,0,0,0,0,2.04326,2.04633,
136537,-0.210155,-0.210155,-0.606018,-0.607456,2.13715,2.1372,-0.191967,-0.19058,0,0,0,0,2.04326,2.04633,
136557,-0.210155,-0.210155,-0.606018,-0.607456,2.13715,2.1372,-0.191967,-0.19058,0,0,0,0,2.04326,2.04633,
136577,-0.210155,-0.210155,-0.606018,-0.607456,2.13715,2.1372,-0.191967,-0.19058,0,0,0,0,2.04326,2.04633,
136597,-0.210155,-0.210155,-0.606018,-0.607456,2.13715,2.1372,-0.191967,-0.19058,0,0,0,0,2.04326,2.04633,
136617,-0.210155,-0.210155,-0.606018,-0.60899,2.13715,2.1372,-0.191967,-0.19058,0,-0.00153398,0,0,2.04326,2.04633,
136637,-0.210155,-0.210155,-0.606018,-0.60899,2.13715,2.1372,-0.191967,-0.19058,0,-0.00153398,0,0,2.04326,2.04633,
136657,-0.210155,-0.210155,-0.606018,-0.60899,2.13715,2.1372,-0.191967,-0.19058,0,-0.00153398,0,0,2.04326,2.04633,
136677,-0.210155,-0.210155,-0.606018,-0.60899,2.13715,2.1372,-0.191967,-0.19058,0,-0.00153398,0,0,2.04326,2.04633,
136697,-0.210155,-0.210155,-0.606018,-0.60899,2.13715,2.1372,-0.191967,-0.19058,0,0,0,0,2.04326,2.04786,
136717,-0.210155,-0.210155,-0.606018,-0.60899,2.13715,2.1372,-0.191967,-0.19058,0,0,0,0,2.04326,2.04786,
136737,-0.210155,-0.210155,-0.606018,-0.60899,2.13715,2.1372,-0.191967,-0.19058,0,0,0,0,2.04326,2.04786,
136757,-0.210155,-0.210155,-0.606018,-0.60899,2.13715,2.1372,-0.191967,-0.19058,0,0,0,0,2.04326,2.04786,
136777,-0.210155,-0.210155,-0.606018,-0.60899,2.13715,2.1372,-0.191967,-0.19058,0,0,0,0,2.04326,2.04786,
136797,-0.210155,-0.210155,-0.606018,-0.607456,2.13715,2.1372,-0.191967,-0.19058,0,-0.00153398,0,0,2.04326,2.04633,
136817,-0.210155,-0.210155,-0.606018,-0.607456,2.13715,2.1372,-0.191967,-0.19058,0,-0.00153398,0,0,2.04326,2.04633,
136837,-0.210155,-0.210155,-0.606018,-0.607456,2.13715,2.1372,-0.191967,-0.19058,0,-0.00153398,0,0,2.04326,2.04633,
136857,-0.210155,-0.210155,-0.606018,-0.607456,2.13715,2.1372,-0.191967,-0.19058,0,-0.00153398,0,0,2.04326,2.04633,
136877,-0.210155,-0.210155,-0.606018,-0.607456,2.13715,2.1372,-0.191967,-0.19058,0,-0.00153398,0,0,2.04326,2.04633,
136897,-0.210155,-0.210155,-0.606018,-0.607456,2.13715,2.1372,-0.191967,-0.19058,0,-0.00153398,0,0,2.04326,2.04633,
136917,-0.210155,-0.210155,-0.606018,-0.60899,2.13715,2.1372,-0.191967,-0.19058,0,-0.00153398,0,0,2.04326,2.04633,
136937,-0.210155,-0.210155,-0.606018,-0.60899,2.13715,2.1372,-0.191967,-0.19058,0,-0.00153398,0,0,2.04326,2.04633,
136957,-0.210155,-0.210155,-0.606018,-0.60899,2.13715,2.1372,-0.191967,-0.19058,0,-0.00153398,0,0,2.04326,2.04633,
136977,-0.210155,-0.210155,-0.606018,-0.60899,2.13715,2.1372,-0.191967,-0.19058,0,-0.00153398,0,0,2.04326,2.04633,
136997,-0.210155,-0.210155,-0.606018,-0.60899,2.13715,2.1372,-0.191967,-0.19058,0,-0.00153398,0,0,2.04326,2.04633,
137017,-0.210155,-0.210155,-0.606018,-0.607456,2.13715,2.1372,-0.191967,-0.19058,0,-0.00153398,0,0,2.04326,2.04633,
137037,-0.210155,-0.210155,-0.606018,-0.607456,2.13715,2.1372,-0.191967,-0.19058,0,-0.00153398,0,0,2.04326,2.04633,
137057,-0.210155,-0.210155,-0.606018,-0.607456,2.13715,2.1372,-0.191967,-0.19058,0,-0.00153398,0,0,2.04326,2.04633,
137077,-0.210155,-0.210155,-0.606018,-0.607456,2.13715,2.1372,-0.191967,-0.19058,0,-0.00153398,0,0,2.04326,2.04633,
137097,-0.210155,-0.210155,-0.606018,-0.60899,2.13715,2.1372,-0.191967,-0.19058,0,-0.00153398,0,0,2.04326,2.04633,
137117,-0.210155,-0.210155,-0.606018,-0.60899,2.13715,2.1372,-0.191967,-0.19058,0,-0.00153398,0,0,2.04326,2.04633,
137137,-0.210155,-0.210155,-0.606018,-0.60899,2.13715,2.1372,-0.191967,-0.19058,0,-0.00153398,0,0,2.04326,2.04633,
137157,-0.210155,-0.210155,-0.606018,-0.60899,2.13715,2.1372,-0.191967,-0.19058,0,-0.00153398,0,0,2.04326,2.04633,
137177,-0.210155,-0.210155,-0.606018,-0.60899,2.13715,2.1372,-0.191967,-0.19058,0,-0.00153398,0,0,2.04326,2.04633,
137197,-0.210155,-0.208621,-0.606018,-0.60899,2.13715,2.1372,-0.191967,-0.19058,0,-0.00153398,0,0,2.04326,2.04633,
137217,-0.210155,-0.208621,-0.606018,-0.60899,2.13715,2.1372,-0.191967,-0.19058,0,-0.00153398,0,0,2.04326,2.04633,
137237,-0.210155,-0.208621,-0.606018,-0.60899,2.13715,2.1372,-0.191967,-0.19058,0,-0.00153398,0,0,2.04326,2.04633,
137257,-0.210155,-0.208621,-0.606018,-0.60899,2.13715,2.1372,-0.191967,-0.19058,0,-0.00153398,0,0,2.04326,2.04633,
137277,-0.210155,-0.208621,-0.606018,-0.60899,2.13715,2.1372,-0.191967,-0.19058,0,-0.00153398,0,0,2.04326,2.04633,
137297,-0.210155,-0.208621,-0.606018,-0.60899,2.13715,2.1372,-0.191967,-0.19058,0,-0.00153398,0,0,2.04326,2.04633,
137317,-0.210155,-0.208621,-0.606018,-0.60899,2.13715,2.1372,-0.191967,-0.19058,0,-0.00153398,0,0,2.04326,2.04633,
137337,-0.210155,-0.208621,-0.606018,-0.60899,2.13715,2.1372,-0.191967,-0.19058,0,-0.00153398,0,0,2.04326,2.04633,
137357,-0.210155,-0.208621,-0.606018,-0.60899,2.13715,2.1372,-0.191967,-0.19058,0,-0.00153398,0,0,2.04326,2.04633,
137377,-0.210155,-0.208621,-0.606018,-0.60899,2.13715,2.1372,-0.191967,-0.19058,0,-0.00153398,0,0,2.04326,2.04633,
137397,-0.210155,-0.208621,-0.606018,-0.60899,2.13715,2.1372,-0.191967,-0.19058,0,-0.00153398,0,0,2.04326,2.04633,
137417,-0.210155,-0.210155,-0.606018,-0.607456,2.13715,2.1372,-0.191967,-0.19058,0,-0.00153398,0,0,2.04326,2.04633,
137437,-0.210155,-0.210155,-0.606018,-0.607456,2.13715,2.1372,-0.191967,-0.19058,0,-0.00153398,0,0,2.04326,2.04633,
137457,-0.210155,-0.210155,-0.606018,-0.607456,2.13715,2.1372,-0.191967,-0.19058,0,-0.00153398,0,0,2.04326,2.04633,
137477,-0.210155,-0.210155,-0.606018,-0.607456,2.13715,2.1372,-0.191967,-0.19058,0,-0.00153398,0,0,2.04326,2.04633,
137497,-0.210155,-0.210155,-0.606018,-0.607456,2.13715,2.1372,-0.191967,-0.19058,0,-0.00153398,0,0,2.04326,2.04633,
137517,-0.210155,-0.210155,-0.606018,-0.607456,2.13715,2.1372,-0.191967,-0.19058,0,0,0,0,2.04326,2.04633,
137537,-0.210155,-0.210155,-0.606018,-0.607456,2.13715,2.1372,-0.191967,-0.19058,0,0,0,0,2.04326,2.04633,
137557,-0.210155,-0.210155,-0.606018,-0.607456,2.13715,2.1372,-0.191967,-0.19058,0,0,0,0,2.04326,2.04633,
137577,-0.210155,-0.210155,-0.606018,-0.607456,2.13715,2.1372,-0.191967,-0.19058,0,0,0,0,2.04326,2.04633,
137597,-0.210155,-0.210155,-0.606018,-0.607456,2.13715,2.1372,-0.191967,-0.19058,0,0,0,0,2.04326,2.04633,
137617,-0.210155,-0.210155,-0.606018,-0.60899,2.13715,2.1372,-0.191967,-0.19058,0,0,0,0,2.04326,2.04633,
137637,-0.210155,-0.210155,-0.606018,-0.60899,2.13715,2.1372,-0.191967,-0.19058,0,0,0,0,2.04326,2.04633,
137657,-0.210155,-0.210155,-0.606018,-0.60899,2.13715,2.1372,-0.191967,-0.19058,0,0,0,0,2.04326,2.04633,
137677,-0.210155,-0.210155,-0.606018,-0.60899,2.13715,2.1372,-0.191967,-0.19058,0,0,0,0,2.04326,2.04633,
137697,-0.210155,-0.210155,-0.606018,-0.607456,2.13715,2.1372,-0.191967,-0.19058,0,-0.00153398,0,0,2.04326,2.04633,
137717,-0.210155,-0.210155,-0.606018,-0.607456,2.13715,2.1372,-0.191967,-0.19058,0,-0.00153398,0,0,2.04326,2.04633,
137737,-0.210155,-0.210155,-0.606018,-0.607456,2.13715,2.1372,-0.191967,-0.19058,0,-0.00153398,0,0,2.04326,2.04633,
137757,-0.210155,-0.210155,-0.606018,-0.607456,2.13715,2.1372,-0.191967,-0.19058,0,-0.00153398,0,0,2.04326,2.04633,
137777,-0.210155,-0.210155,-0.606018,-0.607456,2.13715,2.1372,-0.191967,-0.19058,0,-0.00153398,0,0,2.04326,2.04633,
137797,-0.210155,-0.210155,-0.606018,-0.607456,2.13715,2.1372,-0.191967,-0.19058,0,-0.00153398,0,0,2.04326,2.04633,
137817,-0.210155,-0.210155,-0.606018,-0.607456,2.13715,2.1372,-0.191967,-0.19058,0,0,0,0,2.04326,2.04633,
137837,-0.210155,-0.210155,-0.606018,-0.607456,2.13715,2.1372,-0.191967,-0.19058,0,0,0,0,2.04326,2.04633,
137857,-0.210155,-0.210155,-0.606018,-0.607456,2.13715,2.1372,-0.191967,-0.19058,0,0,0,0,2.04326,2.04633,
137877,-0.210155,-0.210155,-0.606018,-0.607456,2.13715,2.1372,-0.191967,-0.19058,0,0,0,0,2.04326,2.04633,
137897,-0.210155,-0.210155,-0.606018,-0.607456,2.13715,2.1372,-0.191967,-0.19058,0,0,0,0,2.04326,2.04633,
137917,-0.210155,-0.210155,-0.606018,-0.60899,2.13715,2.1372,-0.191967,-0.19058,0,0,0,0,2.04326,2.04633,
137937,-0.210155,-0.210155,-0.606018,-0.60899,2.13715,2.1372,-0.191967,-0.19058,0,0,0,0,2.04326,2.04633,
137957,-0.210155,-0.210155,-0.606018,-0.60899,2.13715,2.1372,-0.191967,-0.19058,0,0,0,0,2.04326,2.04633,
137977,-0.210155,-0.210155,-0.606018,-0.60899,2.13715,2.1372,-0.191967,-0.19058,0,0,0,0,2.04326,2.04633,
137997,-0.210155,-0.210155,-0.606018,-0.60899,2.13715,2.1372,-0.191967,-0.192114,0,0,0,0,2.04326,2.04633,
138017,-0.210155,-0.210155,-0.606018,-0.60899,2.13715,2.1372,-0.191967,-0.192114,0,0,0,0,2.04326,2.04633,
138037,-0.210155,-0.210155,-0.606018,-0.60899,2.13715,2.1372,-0.191967,-0.192114,0,0,0,0,2.04326,2.04633,
138057,-0.210155,-0.210155,-0.606018,-0.60899,2.13715,2.1372,-0.191967,-0.192114,0,0,0,0,2.04326,2.04633,
138077,-0.210155,-0.210155,-0.606018,-0.60899,2.13715,2.1372,-0.191967,-0.192114,0,0,0,0,2.04326,2.04633,
138097,-0.210155,-0.210155,-0.606018,-0.60899,2.13715,2.1372,-0.191967,-0.19058,0,-0.00153398,0,0,2.04326,2.04633,
138117,-0.210155,-0.210155,-0.606018,-0.60899,2.13715,2.1372,-0.191967,-0.19058,0,-0.00153398,0,0,2.04326,2.04633,
138137,-0.210155,-0.210155,-0.606018,-0.60899,2.13715,2.1372,-0.191967,-0.19058,0,-0.00153398,0,0,2.04326,2.04633,
138157,-0.210155,-0.210155,-0.606018,-0.60899,2.13715,2.1372,-0.191967,-0.19058,0,-0.00153398,0,0,2.04326,2.04633,
138177,-0.210155,-0.210155,-0.606018,-0.60899,2.13715,2.1372,-0.191967,-0.19058,0,-0.00153398,0,0,2.04326,2.04633,
138197,-0.210155,-0.210155,-0.606018,-0.60899,2.13715,2.1372,-0.191967,-0.19058,0,-0.00153398,0,0,2.04326,2.04633,
138217,-0.210155,-0.210155,-0.606018,-0.60899,2.13715,2.1372,-0.191967,-0.19058,0,-0.00153398,0,0,2.04326,2.04633,
138237,-0.210155,-0.210155,-0.606018,-0.60899,2.13715,2.1372,-0.191967,-0.19058,0,-0.00153398,0,0,2.04326,2.04633,
138257,-0.210155,-0.210155,-0.606018,-0.60899,2.13715,2.1372,-0.191967,-0.19058,0,-0.00153398,0,0,2.04326,2.04633,
138277,-0.210155,-0.210155,-0.606018,-0.60899,2.13715,2.1372,-0.191967,-0.19058,0,-0.00153398,0,0,2.04326,2.04633,
138297,-0.210155,-0.210155,-0.606018,-0.60899,2.13715,2.1372,-0.191967,-0.19058,0,-0.00153398,0,0,2.04326,2.04633,
138317,-0.210155,-0.210155,-0.606018,-0.60899,2.13715,2.1372,-0.191967,-0.19058,0,-0.00153398,0,0,2.04326,2.04633,
138337,-0.210155,-0.210155,-0.606018,-0.60899,2.13715,2.1372,-0.191967,-0.19058,0,-0.00153398,0,0,2.04326,2.04633,
138357,-0.210155,-0.210155,-0.606018,-0.60899,2.13715,2.1372,-0.191967,-0.19058,0,-0.00153398,0,0,2.04326,2.04633,
138377,-0.210155,-0.210155,-0.606018,-0.60899,2.13715,2.1372,-0.191967,-0.19058,0,-0.00153398,0,0,2.04326,2.04633,
138397,-0.210155,-0.210155,-0.606018,-0.60899,2.13715,2.13567,-0.191967,-0.19058,0,-0.00153398,0,0,2.04326,2.04633,
138417,-0.210155,-0.210155,-0.606018,-0.60899,2.13715,2.13567,-0.191967,-0.19058,0,-0.00153398,0,0,2.04326,2.04633,
138437,-0.210155,-0.210155,-0.606018,-0.60899,2.13715,2.13567,-0.191967,-0.19058,0,-0.00153398,0,0,2.04326,2.04633,
138457,-0.210155,-0.210155,-0.606018,-0.60899,2.13715,2.13567,-0.191967,-0.19058,0,-0.00153398,0,0,2.04326,2.04633,
138477,-0.210155,-0.210155,-0.606018,-0.60899,2.13715,2.13567,-0.191967,-0.19058,0,-0.00153398,0,0,2.04326,2.04633,
138497,-0.210155,-0.210155,-0.606018,-0.607456,2.13715,2.1372,-0.191967,-0.19058,0,0,0,0,2.04326,2.04633,
138517,-0.210155,-0.210155,-0.606018,-0.607456,2.13715,2.1372,-0.191967,-0.19058,0,0,0,0,2.04326,2.04633,
138537,-0.210155,-0.210155,-0.606018,-0.607456,2.13715,2.1372,-0.191967,-0.19058,0,0,0,0,2.04326,2.04633,
138557,-0.210155,-0.210155,-0.606018,-0.607456,2.13715,2.1372,-0.191967,-0.19058,0,0,0,0,2.04326,2.04633,
138577,-0.210155,-0.210155,-0.606018,-0.607456,2.13715,2.1372,-0.191967,-0.19058,0,0,0,0,2.04326,2.04633,
138597,-0.210155,-0.210155,-0.606018,-0.607456,2.13715,2.1372,-0.191967,-0.19058,0,0,0,0,2.04326,2.04633,
138617,-0.210155,-0.208621,-0.606018,-0.607456,2.13715,2.1372,-0.191967,-0.19058,0,-0.00153398,0,0,2.04326,2.04633,
138637,-0.210155,-0.208621,-0.606018,-0.607456,2.13715,2.1372,-0.191967,-0.19058,0,-0.00153398,0,0,2.04326,2.04633,
138657,-0.210155,-0.208621,-0.606018,-0.607456,2.13715,2.1372,-0.191967,-0.19058,0,-0.00153398,0,0,2.04326,2.04633,
138677,-0.210155,-0.208621,-0.606018,-0.607456,2.13715,2.1372,-0.191967,-0.19058,0,-0.00153398,0,0,2.04326,2.04633,
138697,-0.210155,-0.210155,-0.606018,-0.60899,2.13715,2.1372,-0.191967,-0.19058,0,-0.00153398,0,0,2.04326,2.04633,
138717,-0.210155,-0.210155,-0.606018,-0.60899,2.13715,2.1372,-0.191967,-0.19058,0,-0.00153398,0,0,2.04326,2.04633,
138737,-0.210155,-0.210155,-0.606018,-0.60899,2.13715,2.1372,-0.191967,-0.19058,0,-0.00153398,0,0,2.04326,2.04633,
138757,-0.210155,-0.210155,-0.606018,-0.60899,2.13715,2.1372,-0.191967,-0.19058,0,-0.00153398,0,0,2.04326,2.04633,
138777,-0.210155,-0.210155,-0.606018,-0.60899,2.13715,2.1372,-0.191967,-0.19058,0,-0.00153398,0,0,2.04326,2.04633,
138797,-0.210155,-0.210155,-0.606018,-0.607456,2.13715,2.13567,-0.191967,-0.19058,0,0,0,0,2.04326,2.04633,
138817,-0.210155,-0.210155,-0.606018,-0.607456,2.13715,2.13567,-0.191967,-0.19058,0,0,0,0,2.04326,2.04633,
138837,-0.210155,-0.210155,-0.606018,-0.607456,2.13715,2.13567,-0.191967,-0.19058,0,0,0,0,2.04326,2.04633,
138857,-0.210155,-0.210155,-0.606018,-0.607456,2.13715,2.13567,-0.191967,-0.19058,0,0,0,0,2.04326,2.04633,
138877,-0.210155,-0.210155,-0.606018,-0.607456,2.13715,2.13567,-0.191967,-0.19058,0,0,0,0,2.04326,2.04633,
138897,-0.210155,-0.210155,-0.606018,-0.607456,2.13715,2.1372,-0.191967,-0.19058,0,0,0,0,2.04326,2.04633,
138917,-0.210155,-0.210155,-0.606018,-0.607456,2.13715,2.1372,-0.191967,-0.19058,0,0,0,0,2.04326,2.04633,
138937,-0.210155,-0.210155,-0.606018,-0.607456,2.13715,2.1372,-0.191967,-0.19058,0,0,0,0,2.04326,2.04633,
138957,-0.210155,-0.210155,-0.606018,-0.607456,2.13715,2.1372,-0.191967,-0.19058,0,0,0,0,2.04326,2.04633,
138977,-0.210155,-0.210155,-0.606018,-0.607456,2.13715,2.1372,-0.191967,-0.19058,0,0,0,0,2.04326,2.04633,
138997,-0.210155,-0.210155,-0.606018,-0.607456,2.13715,2.1372,-0.191967,-0.19058,0,0,0,0,2.04326,2.04633,
139017,-0.210155,-0.210155,-0.606018,-0.607456,2.13715,2.13567,-0.191967,-0.19058,0,0,0,0,2.04326,2.04633,
139037,-0.210155,-0.210155,-0.606018,-0.607456,2.13715,2.13567,-0.191967,-0.19058,0,0,0,0,2.04326,2.04633,
139057,-0.210155,-0.210155,-0.606018,-0.607456,2.13715,2.13567,-0.191967,-0.19058,0,0,0,0,2.04326,2.04633,
139077,-0.210155,-0.210155,-0.606018,-0.607456,2.13715,2.13567,-0.191967,-0.19058,0,0,0,0,2.04326,2.04633,
139097,-0.210155,-0.210155,-0.606018,-0.607456,2.13715,2.1372,-0.191967,-0.19058,0,0,0,0,2.04326,2.04633,
139117,-0.210155,-0.210155,-0.606018,-0.607456,2.13715,2.1372,-0.191967,-0.19058,0,0,0,0,2.04326,2.04633,
139137,-0.210155,-0.210155,-0.606018,-0.607456,2.13715,2.1372,-0.191967,-0.19058,0,0,0,0,2.04326,2.04633,
139157,-0.210155,-0.210155,-0.606018,-0.607456,2.13715,2.1372,-0.191967,-0.19058,0,0,0,0,2.04326,2.04633,
139177,-0.210155,-0.210155,-0.606018,-0.607456,2.13715,2.1372,-0.191967,-0.19058,0,0,0,0,2.04326,2.04633,
139197,-0.210155,-0.210155,-0.606018,-0.607456,2.13715,2.13567,-0.191967,-0.19058,0,0,0,0,2.04326,2.04633,
139217,-0.210155,-0.210155,-0.606018,-0.607456,2.13715,2.13567,-0.191967,-0.19058,0,0,0,0,2.04326,2.04633,
139237,-0.210155,-0.210155,-0.606018,-0.607456,2.13715,2.13567,-0.191967,-0.19058,0,0,0,0,2.04326,2.04633,
139257,-0.210155,-0.210155,-0.606018,-0.607456,2.13715,2.13567,-0.191967,-0.19058,0,0,0,0,2.04326,2.04633,
139277,-0.210155,-0.210155,-0.606018,-0.607456,2.13715,2.13567,-0.191967,-0.19058,0,0,0,0,2.04326,2.04633,
139297,-0.210155,-0.210155,-0.606018,-0.607456,2.13715,2.1372,-0.191967,-0.19058,0,0,0,0,2.04326,2.04633,
139317,-0.210155,-0.210155,-0.606018,-0.607456,2.13715,2.1372,-0.191967,-0.19058,0,0,0,0,2.04326,2.04633,
139337,-0.210155,-0.210155,-0.606018,-0.607456,2.13715,2.1372,-0.191967,-0.19058,0,0,0,0,2.04326,2.04633,
139357,-0.210155,-0.210155,-0.606018,-0.607456,2.13715,2.1372,-0.191967,-0.19058,0,0,0,0,2.04326,2.04633,
139377,-0.210155,-0.210155,-0.606018,-0.607456,2.13715,2.1372,-0.191967,-0.19058,0,0,0,0,2.04326,2.04633,
139397,-0.210155,-0.210155,-0.606018,-0.607456,2.13715,2.1372,-0.191967,-0.19058,0,0,0,0,2.04326,2.04633,
139417,-0.210155,-0.210155,-0.606018,-0.60899,2.13715,2.1372,-0.191967,-0.19058,0,-0.00153398,0,0,2.04326,2.04633,
139437,-0.210155,-0.210155,-0.606018,-0.60899,2.13715,2.1372,-0.191967,-0.19058,0,-0.00153398,0,0,2.04326,2.04633,
139457,-0.210155,-0.210155,-0.606018,-0.60899,2.13715,2.1372,-0.191967,-0.19058,0,-0.00153398,0,0,2.04326,2.04633,
139477,-0.210155,-0.210155,-0.606018,-0.60899,2.13715,2.1372,-0.191967,-0.19058,0,-0.00153398,0,0,2.04326,2.04633,
139497,-0.210155,-0.210155,-0.606018,-0.60899,2.13715,2.1372,-0.191967,-0.19058,0,-0.00153398,0,0,2.04326,2.04633,
139517,-0.210155,-0.210155,-0.606018,-0.607456,2.13715,2.13567,-0.191967,-0.19058,0,-0.00153398,0,0,2.04326,2.04633,
139537,-0.210155,-0.210155,-0.606018,-0.607456,2.13715,2.13567,-0.191967,-0.19058,0,-0.00153398,0,0,2.04326,2.04633,
139557,-0.210155,-0.210155,-0.606018,-0.607456,2.13715,2.13567,-0.191967,-0.19058,0,-0.00153398,0,0,2.04326,2.04633,
139577,-0.210155,-0.210155,-0.606018,-0.607456,2.13715,2.13567,-0.191967,-0.19058,0,-0.00153398,0,0,2.04326,2.04633,
139597,-0.210155,-0.210155,-0.606018,-0.60899,2.13715,2.1372,-0.191967,-0.19058,0,0,0,0,2.04326,2.04633,
139617,-0.210155,-0.210155,-0.606018,-0.60899,2.13715,2.1372,-0.191967,-0.19058,0,0,0,0,2.04326,2.04633,
139637,-0.210155,-0.210155,-0.606018,-0.60899,2.13715,2.1372,-0.191967,-0.19058,0,0,0,0,2.04326,2.04633,
139657,-0.210155,-0.210155,-0.606018,-0.60899,2.13715,2.1372,-0.191967,-0.19058,0,0,0,0,2.04326,2.04633,
139677,-0.210155,-0.210155,-0.606018,-0.60899,2.13715,2.1372,-0.191967,-0.19058,0,0,0,0,2.04326,2.04633,
139697,-0.210155,-0.210155,-0.606018,-0.60899,2.13715,2.13567,-0.191967,-0.19058,0,0,0,0,2.04326,2.04633,
139717,-0.210155,-0.210155,-0.606018,-0.60899,2.13715,2.13567,-0.191967,-0.19058,0,0,0,0,2.04326,2.04633,
139737,-0.210155,-0.210155,-0.606018,-0.60899,2.13715,2.13567,-0.191967,-0.19058,0,0,0,0,2.04326,2.04633,
139757,-0.210155,-0.210155,-0.606018,-0.60899,2.13715,2.13567,-0.191967,-0.19058,0,0,0,0,2.04326,2.04633,
139777,-0.210155,-0.210155,-0.606018,-0.60899,2.13715,2.13567,-0.191967,-0.19058,0,0,0,0,2.04326,2.04633,
139797,-0.210155,-0.210155,-0.606018,-0.60899,2.13715,2.13567,-0.191967,-0.19058,0,0,0,0,2.04326,2.04633,
139817,-0.210155,-0.210155,-0.606018,-0.60899,2.13715,2.13567,-0.191967,-0.19058,0,-0.00153398,0,0,2.04326,2.04633,
139837,-0.210155,-0.210155,-0.606018,-0.60899,2.13715,2.13567,-0.191967,-0.19058,0,-0.00153398,0,0,2.04326,2.04633,
139857,-0.210155,-0.210155,-0.606018,-0.60899,2.13715,2.13567,-0.191967,-0.19058,0,-0.00153398,0,0,2.04326,2.04633,
139877,-0.210155,-0.210155,-0.606018,-0.60899,2.13715,2.13567,-0.191967,-0.19058,0,-0.00153398,0,0,2.04326,2.04633,
139897,-0.210155,-0.210155,-0.606018,-0.60899,2.13715,2.13567,-0.191967,-0.19058,0,-0.00153398,0,0,2.04326,2.04633,
139917,-0.210155,-0.210155,-0.606018,-0.607456,2.13715,2.1372,-0.191967,-0.19058,0,0,0,0,2.04326,2.04633,
139937,-0.210155,-0.210155,-0.606018,-0.607456,2.13715,2.1372,-0.191967,-0.19058,0,0,0,0,2.04326,2.04633,
139957,-0.210155,-0.210155,-0.606018,-0.607456,2.13715,2.1372,-0.191967,-0.19058,0,0,0,0,2.04326,2.04633,
139977,-0.210155,-0.210155,-0.606018,-0.607456,2.13715,2.1372,-0.191967,-0.19058,0,0,0,0,2.04326,2.04633,
139997,-0.210155,-0.210155,-0.606018,-0.60899,2.13715,2.1372,-0.191967,-0.19058,0,0,0,0,2.04326,2.04633,
140017,-0.210155,-0.210155,-0.606018,-0.60899,2.13715,2.1372,-0.191967,-0.19058,0,0,0,0,2.04326,2.04633,
140037,-0.210155,-0.210155,-0.606018,-0.60899,2.13715,2.1372,-0.191967,-0.19058,0,0,0,0,2.04326,2.04633,
140057,-0.210155,-0.210155,-0.606018,-0.60899,2.13715,2.1372,-0.191967,-0.19058,0,0,0,0,2.04326,2.04633,
140077,-0.210155,-0.210155,-0.606018,-0.60899,2.13715,2.1372,-0.191967,-0.19058,0,0,0,0,2.04326,2.04633,
140097,-0.210155,-0.210155,-0.606018,-0.607456,2.13715,2.1372,-0.191967,-0.19058,0,0,0,0,2.04326,2.04633,
140117,-0.210155,-0.210155,-0.606018,-0.607456,2.13715,2.1372,-0.191967,-0.19058,0,0,0,0,2.04326,2.04633,
140137,-0.210155,-0.210155,-0.606018,-0.607456,2.13715,2.1372,-0.191967,-0.19058,0,0,0,0,2.04326,2.04633,
140157,-0.210155,-0.210155,-0.606018,-0.607456,2.13715,2.1372,-0.191967,-0.19058,0,0,0,0,2.04326,2.04633,
140177,-0.210155,-0.210155,-0.606018,-0.607456,2.13715,2.1372,-0.191967,-0.19058,0,0,0,0,2.04326,2.04633,
140197,-0.210155,-0.210155,-0.606018,-0.607456,2.13715,2.1372,-0.191967,-0.19058,0,0,0,0,2.04326,2.04633,
140217,-0.210155,-0.210155,-0.606018,-0.60899,2.13715,2.1372,-0.191967,-0.19058,0,0,0,0,2.04326,2.04633,
140237,-0.210155,-0.210155,-0.606018,-0.60899,2.13715,2.1372,-0.191967,-0.19058,0,0,0,0,2.04326,2.04633,
140257,-0.210155,-0.210155,-0.606018,-0.60899,2.13715,2.1372,-0.191967,-0.19058,0,0,0,0,2.04326,2.04633,
140277,-0.210155,-0.210155,-0.606018,-0.60899,2.13715,2.1372,-0.191967,-0.19058,0,0,0,0,2.04326,2.04633,
140297,-0.210155,-0.210155,-0.606018,-0.607456,2.13715,2.1372,-0.191967,-0.19058,0,0,0,0,2.04326,2.04633,
140317,-0.210155,-0.210155,-0.606018,-0.607456,2.13715,2.1372,-0.191967,-0.19058,0,0,0,0,2.04326,2.04633,
140337,-0.210155,-0.210155,-0.606018,-0.607456,2.13715,2.1372,-0.191967,-0.19058,0,0,0,0,2.04326,2.04633,
140357,-0.210155,-0.210155,-0.606018,-0.607456,2.13715,2.1372,-0.191967,-0.19058,0,0,0,0,2.04326,2.04633,
140377,-0.210155,-0.210155,-0.606018,-0.607456,2.13715,2.1372,-0.191967,-0.19058,0,0,0,0,2.04326,2.04633,
140402,-0.210155,-0.210155,-0.606018,-0.607456,2.13715,2.13567,-0.191967,-0.19058,0,0,0,0,2.04326,2.04633,
140417,-0.210155,-0.210155,-0.606018,-0.607456,2.13715,2.13567,-0.191967,-0.19058,0,0,0,0,2.04326,2.04633,
140437,-0.210155,-0.210155,-0.606018,-0.607456,2.13715,2.13567,-0.191967,-0.19058,0,0,0,0,2.04326,2.04633,
140457,-0.210155,-0.210155,-0.606018,-0.607456,2.13715,2.13567,-0.191967,-0.19058,0,0,0,0,2.04326,2.04633,
140477,-0.210155,-0.210155,-0.606018,-0.607456,2.13715,2.13567,-0.191967,-0.19058,0,0,0,0,2.04326,2.04633,
140497,-0.210155,-0.210155,-0.606018,-0.607456,2.13715,2.13567,-0.191967,-0.19058,0,0,0,0,2.04326,2.04633,
140517,-0.210155,-0.210155,-0.606018,-0.607456,2.13715,2.13567,-0.191967,-0.19058,0,0,0,0,2.04326,2.04633,
140537,-0.210155,-0.210155,-0.606018,-0.607456,2.13715,2.13567,-0.191967,-0.19058,0,0,0,0,2.04326,2.04633,
140557,-0.210155,-0.210155,-0.606018,-0.607456,2.13715,2.13567,-0.191967,-0.19058,0,0,0,0,2.04326,2.04633,
140577,-0.210155,-0.210155,-0.606018,-0.607456,2.13715,2.13567,-0.191967,-0.19058,0,0,0,0,2.04326,2.04633,
140597,-0.210155,-0.210155,-0.606018,-0.607456,2.13715,2.13567,-0.191967,-0.19058,0,0,0,0,2.04326,2.04633,
140617,-0.210155,-0.210155,-0.606018,-0.607456,2.13715,2.13567,-0.191967,-0.19058,0,-0.00153398,0,0,2.04326,2.04633,
140637,-0.210155,-0.210155,-0.606018,-0.607456,2.13715,2.13567,-0.191967,-0.19058,0,-0.00153398,0,0,2.04326,2.04633,
140657,-0.210155,-0.210155,-0.606018,-0.607456,2.13715,2.13567,-0.191967,-0.19058,0,-0.00153398,0,0,2.04326,2.04633,
140677,-0.210155,-0.210155,-0.606018,-0.607456,2.13715,2.13567,-0.191967,-0.19058,0,-0.00153398,0,0,2.04326,2.04633,
140697,-0.210155,-0.210155,-0.606018,-0.607456,2.13715,2.13567,-0.191967,-0.19058,0,-0.00153398,0,0,2.04326,2.04633,
140717,-0.210155,-0.210155,-0.606018,-0.60899,2.13715,2.1372,-0.191967,-0.19058,0,0,0,0,2.04326,2.04633,
140737,-0.210155,-0.210155,-0.606018,-0.60899,2.13715,2.1372,-0.191967,-0.19058,0,0,0,0,2.04326,2.04633,
140757,-0.210155,-0.210155,-0.606018,-0.60899,2.13715,2.1372,-0.191967,-0.19058,0,0,0,0,2.04326,2.04633,
140777,-0.210155,-0.210155,-0.606018,-0.60899,2.13715,2.1372,-0.191967,-0.19058,0,0,0,0,2.04326,2.04633,
140797,-0.210155,-0.210155,-0.606018,-0.60899,2.13715,2.1372,-0.191967,-0.19058,0,0,0,0,2.04326,2.04633,
140817,-0.210155,-0.210155,-0.606018,-0.60899,2.13715,2.1372,-0.191967,-0.19058,0,0,0,0,2.04326,2.04633,
140837,-0.210155,-0.210155,-0.606018,-0.60899,2.13715,2.1372,-0.191967,-0.19058,0,0,0,0,2.04326,2.04633,
140857,-0.210155,-0.210155,-0.606018,-0.60899,2.13715,2.1372,-0.191967,-0.19058,0,0,0,0,2.04326,2.04633,
140877,-0.210155,-0.210155,-0.606018,-0.60899,2.13715,2.1372,-0.191967,-0.19058,0,0,0,0,2.04326,2.04633,
140897,-0.210155,-0.210155,-0.606018,-0.60899,2.13715,2.1372,-0.191967,-0.19058,0,0,0,0,2.04326,2.04633,
140917,-0.210155,-0.210155,-0.606018,-0.607456,2.13715,2.1372,-0.191967,-0.19058,0,-0.00153398,0,0,2.04326,2.04633,
140937,-0.210155,-0.210155,-0.606018,-0.607456,2.13715,2.1372,-0.191967,-0.19058,0,-0.00153398,0,0,2.04326,2.04633,
140957,-0.210155,-0.210155,-0.606018,-0.607456,2.13715,2.1372,-0.191967,-0.19058,0,-0.00153398,0,0,2.04326,2.04633,
140977,-0.210155,-0.210155,-0.606018,-0.607456,2.13715,2.1372,-0.191967,-0.19058,0,-0.00153398,0,0,2.04326,2.04633,
140997,-0.210155,-0.210155,-0.606018,-0.607456,2.13715,2.1372,-0.191967,-0.19058,0,-0.00153398,0,0,2.04326,2.04633,
141017,-0.210155,-0.210155,-0.606018,-0.60899,2.13715,2.1372,-0.191967,-0.19058,0,0,0,0,2.04326,2.04633,
141037,-0.210155,-0.210155,-0.606018,-0.60899,2.13715,2.1372,-0.191967,-0.19058,0,0,0,0,2.04326,2.04633,
141057,-0.210155,-0.210155,-0.606018,-0.60899,2.13715,2.1372,-0.191967,-0.19058,0,0,0,0,2.04326,2.04633,
141077,-0.210155,-0.210155,-0.606018,-0.60899,2.13715,2.1372,-0.191967,-0.19058,0,0,0,0,2.04326,2.04633,
141097,-0.210155,-0.210155,-0.606018,-0.60899,2.13715,2.1372,-0.191967,-0.19058,0,0,0,0,2.04326,2.04633,
141117,-0.210155,-0.210155,-0.606018,-0.607456,2.13715,2.13567,-0.191967,-0.19058,0,-0.00153398,0,0,2.04326,2.04786,
141137,-0.210155,-0.210155,-0.606018,-0.607456,2.13715,2.13567,-0.191967,-0.19058,0,-0.00153398,0,0,2.04326,2.04786,
141157,-0.210155,-0.210155,-0.606018,-0.607456,2.13715,2.13567,-0.191967,-0.19058,0,-0.00153398,0,0,2.04326,2.04786,
141177,-0.210155,-0.210155,-0.606018,-0.607456,2.13715,2.13567,-0.191967,-0.19058,0,-0.00153398,0,0,2.04326,2.04786,
141197,-0.210155,-0.210155,-0.606018,-0.607456,2.13715,2.13567,-0.191967,-0.19058,0,0,0,0,2.04326,2.04633,
141217,-0.210155,-0.210155,-0.606018,-0.607456,2.13715,2.13567,-0.191967,-0.19058,0,0,0,0,2.04326,2.04633,
141237,-0.210155,-0.210155,-0.606018,-0.607456,2.13715,2.13567,-0.191967,-0.19058,0,0,0,0,2.04326,2.04633,
141257,-0.210155,-0.210155,-0.606018,-0.607456,2.13715,2.13567,-0.191967,-0.19058,0,0,0,0,2.04326,2.04633,
141277,-0.210155,-0.210155,-0.606018,-0.607456,2.13715,2.13567,-0.191967,-0.19058,0,0,0,0,2.04326,2.04633,
141297,-0.210155,-0.210155,-0.606018,-0.607456,2.13715,2.13567,-0.191967,-0.19058,0,0,0,0,2.04326,2.04633,
141317,-0.210155,-0.210155,-0.606018,-0.607456,2.13715,2.13567,-0.191967,-0.19058,0,0,0,0,2.04326,2.04786,
141337,-0.210155,-0.210155,-0.606018,-0.607456,2.13715,2.13567,-0.191967,-0.19058,0,0,0,0,2.04326,2.04786,
141357,-0.210155,-0.210155,-0.606018,-0.607456,2.13715,2.13567,-0.191967,-0.19058,0,0,0,0,2.04326,2.04786,
141377,-0.210155,-0.210155,-0.606018,-0.607456,2.13715,2.13567,-0.191967,-0.19058,0,0,0,0,2.04326,2.04786,
141397,-0.210155,-0.210155,-0.606018,-0.607456,2.13715,2.13567,-0.191967,-0.19058,0,0,0,0,2.04326,2.04786,
141417,-0.210155,-0.210155,-0.606018,-0.607456,2.13715,2.13567,-0.191967,-0.19058,0,-0.00153398,0,0,2.04326,2.04633,
141437,-0.210155,-0.210155,-0.606018,-0.607456,2.13715,2.13567,-0.191967,-0.19058,0,-0.00153398,0,0,2.04326,2.04633,
141457,-0.210155,-0.210155,-0.606018,-0.607456,2.13715,2.13567,-0.191967,-0.19058,0,-0.00153398,0,0,2.04326,2.04633,
141477,-0.210155,-0.210155,-0.606018,-0.607456,2.13715,2.13567,-0.191967,-0.19058,0,-0.00153398,0,0,2.04326,2.04633,
141497,-0.210155,-0.210155,-0.606018,-0.607456,2.13715,2.13567,-0.191967,-0.19058,0,-0.00153398,0,0,2.04326,2.04633,
141517,-0.210155,-0.210155,-0.606018,-0.607456,2.13715,2.1372,-0.191967,-0.19058,0,0,0,0,2.04326,2.04633,
141537,-0.210155,-0.210155,-0.606018,-0.607456,2.13715,2.1372,-0.191967,-0.19058,0,0,0,0,2.04326,2.04633,
141557,-0.210155,-0.210155,-0.606018,-0.607456,2.13715,2.1372,-0.191967,-0.19058,0,0,0,0,2.04326,2.04633,
141577,-0.210155,-0.210155,-0.606018,-0.607456,2.13715,2.1372,-0.191967,-0.19058,0,0,0,0,2.04326,2.04633,
141597,-0.210155,-0.210155,-0.606018,-0.607456,2.13715,2.13567,-0.191967,-0.19058,0,-0.00153398,0,0,2.04326,2.04633,
141617,-0.210155,-0.210155,-0.606018,-0.607456,2.13715,2.13567,-0.191967,-0.19058,0,-0.00153398,0,0,2.04326,2.04633,
141637,-0.210155,-0.210155,-0.606018,-0.607456,2.13715,2.13567,-0.191967,-0.19058,0,-0.00153398,0,0,2.04326,2.04633,
141657,-0.210155,-0.210155,-0.606018,-0.607456,2.13715,2.13567,-0.191967,-0.19058,0,-0.00153398,0,0,2.04326,2.04633,
141677,-0.210155,-0.210155,-0.606018,-0.607456,2.13715,2.13567,-0.191967,-0.19058,0,-0.00153398,0,0,2.04326,2.04633,
141697,-0.210155,-0.210155,-0.606018,-0.607456,2.13715,2.13567,-0.191967,-0.19058,0,-0.00153398,0,0,2.04326,2.04633,
141717,-0.210155,-0.210155,-0.606018,-0.60899,2.13715,2.13567,-0.191967,-0.19058,0,0,0,0,2.04326,2.04633,
141737,-0.210155,-0.210155,-0.606018,-0.60899,2.13715,2.13567,-0.191967,-0.19058,0,0,0,0,2.04326,2.04633,
141757,-0.210155,-0.210155,-0.606018,-0.60899,2.13715,2.13567,-0.191967,-0.19058,0,0,0,0,2.04326,2.04633,
141777,-0.210155,-0.210155,-0.606018,-0.60899,2.13715,2.13567,-0.191967,-0.19058,0,0,0,0,2.04326,2.04633,
141797,-0.210155,-0.210155,-0.606018,-0.60899,2.13715,2.13567,-0.191967,-0.19058,0,0,0,0,2.04326,2.04633,
141817,-0.210155,-0.210155,-0.606018,-0.607456,2.13715,2.13567,-0.191967,-0.19058,0,0,0,0,2.04326,2.04633,
141837,-0.210155,-0.210155,-0.606018,-0.607456,2.13715,2.13567,-0.191967,-0.19058,0,0,0,0,2.04326,2.04633,
141857,-0.210155,-0.210155,-0.606018,-0.607456,2.13715,2.13567,-0.191967,-0.19058,0,0,0,0,2.04326,2.04633,
141877,-0.210155,-0.210155,-0.606018,-0.607456,2.13715,2.13567,-0.191967,-0.19058,0,0,0,0,2.04326,2.04633,
141897,-0.210155,-0.210155,-0.606018,-0.607456,2.13715,2.13567,-0.191967,-0.19058,0,0,0,0,2.04326,2.04633,
141917,-0.210155,-0.210155,-0.606018,-0.607456,2.13715,2.13567,-0.191967,-0.19058,0,0,0,0,2.04326,2.04633,
141937,-0.210155,-0.210155,-0.606018,-0.607456,2.13715,2.13567,-0.191967,-0.19058,0,0,0,0,2.04326,2.04633,
141957,-0.210155,-0.210155,-0.606018,-0.607456,2.13715,2.13567,-0.191967,-0.19058,0,0,0,0,2.04326,2.04633,
141977,-0.210155,-0.210155,-0.606018,-0.607456,2.13715,2.13567,-0.191967,-0.19058,0,0,0,0,2.04326,2.04633,
141997,-0.210155,-0.210155,-0.606018,-0.60899,2.13715,2.13567,-0.191967,-0.19058,0,0,0,0,2.04326,2.04633,
142017,-0.210155,-0.210155,-0.606018,-0.60899,2.13715,2.13567,-0.191967,-0.19058,0,0,0,0,2.04326,2.04633,
142037,-0.210155,-0.210155,-0.606018,-0.60899,2.13715,2.13567,-0.191967,-0.19058,0,0,0,0,2.04326,2.04633,
142057,-0.210155,-0.210155,-0.606018,-0.60899,2.13715,2.13567,-0.191967,-0.19058,0,0,0,0,2.04326,2.04633,
142077,-0.210155,-0.210155,-0.606018,-0.60899,2.13715,2.13567,-0.191967,-0.19058,0,0,0,0,2.04326,2.04633,
142097,-0.210155,-0.210155,-0.606018,-0.60899,2.13715,2.13567,-0.191967,-0.19058,0,0,0,0,2.04326,2.04633,
142117,-0.210155,-0.210155,-0.606018,-0.607456,2.13715,2.13567,-0.191967,-0.19058,0,0,0,0,2.04326,2.04633,
142137,-0.210155,-0.210155,-0.606018,-0.607456,2.13715,2.13567,-0.191967,-0.19058,0,0,0,0,2.04326,2.04633,
142158,-0.210155,-0.210155,-0.606018,-0.607456,2.13715,2.13567,-0.191967,-0.19058,0,0,0,0,2.04326,2.04633,
142177,-0.210155,-0.210155,-0.606018,-0.607456,2.13715,2.13567,-0.191967,-0.19058,0,0,0,0,2.04326,2.04633,
142197,-0.210155,-0.210155,-0.606018,-0.607456,2.13715,2.13567,-0.191967,-0.19058,0,0,0,0,2.04326,2.04633,
142217,-0.210155,-0.210155,-0.606018,-0.607456,2.13715,2.13567,-0.191967,-0.19058,0,0,0,0,2.04326,2.04633,
142237,-0.210155,-0.210155,-0.606018,-0.607456,2.13715,2.13567,-0.191967,-0.19058,0,0,0,0,2.04326,2.04633,
142257,-0.210155,-0.210155,-0.606018,-0.607456,2.13715,2.13567,-0.191967,-0.19058,0,0,0,0,2.04326,2.04633,
142277,-0.210155,-0.210155,-0.606018,-0.607456,2.13715,2.13567,-0.191967,-0.19058,0,0,0,0,2.04326,2.04633,
142297,-0.210155,-0.210155,-0.606018,-0.607456,2.13715,2.13567,-0.191967,-0.19058,0,0,0,0,2.04326,2.04633,
142317,-0.210155,-0.210155,-0.606018,-0.607456,2.13715,2.13567,-0.191967,-0.19058,0,0,0,0,2.04326,2.04633,
142337,-0.210155,-0.210155,-0.606018,-0.607456,2.13715,2.13567,-0.191967,-0.19058,0,0,0,0,2.04326,2.04633,
142357,-0.210155,-0.210155,-0.606018,-0.607456,2.13715,2.13567,-0.191967,-0.19058,0,0,0,0,2.04326,2.04633,
142377,-0.210155,-0.210155,-0.606018,-0.607456,2.13715,2.13567,-0.191967,-0.19058,0,0,0,0,2.04326,2.04633,
142397,-0.210155,-0.210155,-0.606018,-0.607456,2.13715,2.13567,-0.191967,-0.19058,0,-0.00153398,0,0,2.04326,2.04633,
142417,-0.210155,-0.210155,-0.606018,-0.607456,2.13715,2.13567,-0.191967,-0.19058,0,-0.00153398,0,0,2.04326,2.04633,
142437,-0.210155,-0.210155,-0.606018,-0.607456,2.13715,2.13567,-0.191967,-0.19058,0,-0.00153398,0,0,2.04326,2.04633,
142457,-0.210155,-0.210155,-0.606018,-0.607456,2.13715,2.13567,-0.191967,-0.19058,0,-0.00153398,0,0,2.04326,2.04633,
142477,-0.210155,-0.210155,-0.606018,-0.607456,2.13715,2.13567,-0.191967,-0.19058,0,-0.00153398,0,0,2.04326,2.04633,
142497,-0.210155,-0.210155,-0.606018,-0.607456,2.13715,2.13567,-0.191967,-0.19058,0,-0.00153398,0,0,2.04326,2.04633,
142517,-0.210155,-0.210155,-0.606018,-0.60899,2.13715,2.13567,-0.191967,-0.19058,0,-0.00153398,0,0,2.04326,2.04786,
142537,-0.210155,-0.210155,-0.606018,-0.60899,2.13715,2.13567,-0.191967,-0.19058,0,-0.00153398,0,0,2.04326,2.04786,
142557,-0.210155,-0.210155,-0.606018,-0.60899,2.13715,2.13567,-0.191967,-0.19058,0,-0.00153398,0,0,2.04326,2.04786,
142577,-0.210155,-0.210155,-0.606018,-0.60899,2.13715,2.13567,-0.191967,-0.19058,0,-0.00153398,0,0,2.04326,2.04786,
142597,-0.210155,-0.210155,-0.606018,-0.60899,2.13715,2.13567,-0.191967,-0.19058,0,-0.00153398,0,0,2.04326,2.04786,
142617,-0.210155,-0.210155,-0.606018,-0.60899,2.13715,2.13567,-0.191967,-0.19058,0,0,0,0,2.04326,2.04633,
142637,-0.210155,-0.210155,-0.606018,-0.60899,2.13715,2.13567,-0.191967,-0.19058,0,0,0,0,2.04326,2.04633,
142657,-0.210155,-0.210155,-0.606018,-0.60899,2.13715,2.13567,-0.191967,-0.19058,0,0,0,0,2.04326,2.04633,
142677,-0.210155,-0.210155,-0.606018,-0.60899,2.13715,2.13567,-0.191967,-0.19058,0,0,0,0,2.04326,2.04633,
142697,-0.210155,-0.210155,-0.606018,-0.60899,2.13715,2.13567,-0.191967,-0.19058,0,0,0,0,2.04326,2.04633,
142717,-0.210155,-0.210155,-0.606018,-0.607456,2.13715,2.1372,-0.191967,-0.19058,0,0,0,0,2.04326,2.04633,
142737,-0.210155,-0.210155,-0.606018,-0.607456,2.13715,2.1372,-0.191967,-0.19058,0,0,0,0,2.04326,2.04633,
142757,-0.210155,-0.210155,-0.606018,-0.607456,2.13715,2.1372,-0.191967,-0.19058,0,0,0,0,2.04326,2.04633,
142777,-0.210155,-0.210155,-0.606018,-0.607456,2.13715,2.1372,-0.191967,-0.19058,0,0,0,0,2.04326,2.04633,
142797,-0.210155,-0.210155,-0.606018,-0.607456,2.13715,2.13567,-0.191967,-0.19058,0,-0.00153398,0,0,2.04326,2.04633,
142817,-0.210155,-0.210155,-0.606018,-0.607456,2.13715,2.13567,-0.191967,-0.19058,0,-0.00153398,0,0,2.04326,2.04633,
142837,-0.210155,-0.210155,-0.606018,-0.607456,2.13715,2.13567,-0.191967,-0.19058,0,-0.00153398,0,0,2.04326,2.04633,
142857,-0.210155,-0.210155,-0.606018,-0.607456,2.13715,2.13567,-0.191967,-0.19058,0,-0.00153398,0,0,2.04326,2.04633,
142877,-0.210155,-0.210155,-0.606018,-0.607456,2.13715,2.13567,-0.191967,-0.19058,0,-0.00153398,0,0,2.04326,2.04633,
142897,-0.210155,-0.210155,-0.606018,-0.607456,2.13715,2.13567,-0.191967,-0.19058,0,-0.00153398,0,0,2.04326,2.04633,
142917,-0.210155,-0.210155,-0.606018,-0.607456,2.13715,2.13567,-0.191967,-0.19058,0,0,0,0,2.04326,2.04633,
142937,-0.210155,-0.210155,-0.606018,-0.607456,2.13715,2.13567,-0.191967,-0.19058,0,0,0,0,2.04326,2.04633,
142957,-0.210155,-0.210155,-0.606018,-0.607456,2.13715,2.13567,-0.191967,-0.19058,0,0,0,0,2.04326,2.04633,
142977,-0.210155,-0.210155,-0.606018,-0.607456,2.13715,2.13567,-0.191967,-0.19058,0,0,0,0,2.04326,2.04633,
142997,-0.210155,-0.210155,-0.606018,-0.607456,2.13715,2.13567,-0.191967,-0.19058,0,0,0,0,2.04326,2.04633,
143017,-0.210155,-0.210155,-0.606018,-0.607456,2.13715,2.13567,-0.191967,-0.19058,0,0,0,0,2.04326,2.04633,
143037,-0.210155,-0.210155,-0.606018,-0.607456,2.13715,2.13567,-0.191967,-0.19058,0,0,0,0,2.04326,2.04633,
143057,-0.210155,-0.210155,-0.606018,-0.607456,2.13715,2.13567,-0.191967,-0.19058,0,0,0,0,2.04326,2.04633,
143077,-0.210155,-0.210155,-0.606018,-0.607456,2.13715,2.13567,-0.191967,-0.19058,0,0,0,0,2.04326,2.04633,
143097,-0.210155,-0.210155,-0.606018,-0.607456,2.13715,2.13567,-0.191967,-0.19058,0,0,0,0,2.04326,2.04633,
143117,-0.210155,-0.210155,-0.606018,-0.607456,2.13715,2.13567,-0.191967,-0.19058,0,-0.00153398,0,0,2.04326,2.04633,
143137,-0.210155,-0.210155,-0.606018,-0.607456,2.13715,2.13567,-0.191967,-0.19058,0,-0.00153398,0,0,2.04326,2.04633,
143157,-0.210155,-0.210155,-0.606018,-0.607456,2.13715,2.13567,-0.191967,-0.19058,0,-0.00153398,0,0,2.04326,2.04633,
143177,-0.210155,-0.210155,-0.606018,-0.607456,2.13715,2.13567,-0.191967,-0.19058,0,-0.00153398,0,0,2.04326,2.04633,
143197,-0.210155,-0.210155,-0.606018,-0.607456,2.13715,2.1372,-0.191967,-0.19058,0,0,0,0,2.04326,2.04633,
143217,-0.210155,-0.210155,-0.606018,-0.607456,2.13715,2.1372,-0.191967,-0.19058,0,0,0,0,2.04326,2.04633,
143237,-0.210155,-0.210155,-0.606018,-0.607456,2.13715,2.1372,-0.191967,-0.19058,0,0,0,0,2.04326,2.04633,
143257,-0.210155,-0.210155,-0.606018,-0.607456,2.13715,2.1372,-0.191967,-0.19058,0,0,0,0,2.04326,2.04633,
143277,-0.210155,-0.210155,-0.606018,-0.607456,2.13715,2.1372,-0.191967,-0.19058,0,0,0,0,2.04326,2.04633,
143297,-0.210155,-0.210155,-0.606018,-0.607456,2.13715,2.13567,-0.191967,-0.19058,0,0,0,0,2.04326,2.04633,
143317,-0.210155,-0.210155,-0.606018,-0.607456,2.13715,2.13567,-0.191967,-0.19058,0,0,0,0,2.04326,2.04633,
143338,-0.210155,-0.210155,-0.606018,-0.607456,2.13715,2.13567,-0.191967,-0.19058,0,0,0,0,2.04326,2.04633,
143358,-0.210155,-0.210155,-0.606018,-0.607456,2.13715,2.13567,-0.191967,-0.19058,0,0,0,0,2.04326,2.04633,
143377,-0.210155,-0.210155,-0.606018,-0.607456,2.13715,2.13567,-0.191967,-0.19058,0,0,0,0,2.04326,2.04633,
143397,-0.210155,-0.210155,-0.606018,-0.607456,2.13715,2.13567,-0.191967,-0.19058,0,0,0,0,2.04326,2.04633,
143417,-0.210155,-0.210155,-0.606018,-0.607456,2.13715,2.13567,-0.191967,-0.19058,0,0,0,0,2.04326,2.04633,
143437,-0.210155,-0.210155,-0.606018,-0.607456,2.13715,2.13567,-0.191967,-0.19058,0,0,0,0,2.04326,2.04633,
143457,-0.210155,-0.210155,-0.606018,-0.607456,2.13715,2.13567,-0.191967,-0.19058,0,0,0,0,2.04326,2.04633,
143477,-0.210155,-0.210155,-0.606018,-0.607456,2.13715,2.13567,-0.191967,-0.19058,0,0,0,0,2.04326,2.04633,
143497,-0.210155,-0.210155,-0.606018,-0.607456,2.13715,2.13567,-0.191967,-0.19058,0,0,0,0,2.04326,2.04633,
143517,-0.210155,-0.210155,-0.606018,-0.607456,2.13715,2.13567,-0.191967,-0.19058,0,0,0,0,2.04326,2.04633,
143537,-0.210155,-0.210155,-0.606018,-0.607456,2.13715,2.13567,-0.191967,-0.19058,0,0,0,0,2.04326,2.04633,
143557,-0.210155,-0.210155,-0.606018,-0.607456,2.13715,2.13567,-0.191967,-0.19058,0,0,0,0,2.04326,2.04633,
143577,-0.210155,-0.210155,-0.606018,-0.607456,2.13715,2.13567,-0.191967,-0.19058,0,0,0,0,2.04326,2.04633,
143597,-0.210155,-0.210155,-0.606018,-0.607456,2.13715,2.13567,-0.191967,-0.19058,0,0,0,0,2.04326,2.04633,
143617,-0.210155,-0.210155,-0.606018,-0.607456,2.13715,2.13567,-0.191967,-0.19058,0,0,0,0,2.04326,2.04633,
143637,-0.210155,-0.210155,-0.606018,-0.607456,2.13715,2.13567,-0.191967,-0.19058,0,0,0,0,2.04326,2.04633,
143657,-0.210155,-0.210155,-0.606018,-0.607456,2.13715,2.13567,-0.191967,-0.19058,0,0,0,0,2.04326,2.04633,
143677,-0.210155,-0.210155,-0.606018,-0.607456,2.13715,2.13567,-0.191967,-0.19058,0,0,0,0,2.04326,2.04633,
143697,-0.210155,-0.210155,-0.606018,-0.607456,2.13715,2.13567,-0.191967,-0.192114,0,-0.00153398,0,0,2.04326,2.04633,
143717,-0.210155,-0.210155,-0.606018,-0.607456,2.13715,2.13567,-0.191967,-0.192114,0,-0.00153398,0,0,2.04326,2.04633,
143737,-0.210155,-0.210155,-0.606018,-0.607456,2.13715,2.13567,-0.191967,-0.192114,0,-0.00153398,0,0,2.04326,2.04633,
143757,-0.210155,-0.210155,-0.606018,-0.607456,2.13715,2.13567,-0.191967,-0.192114,0,-0.00153398,0,0,2.04326,2.04633,
143777,-0.210155,-0.210155,-0.606018,-0.607456,2.13715,2.13567,-0.191967,-0.192114,0,-0.00153398,0,0,2.04326,2.04633,
143797,-0.210155,-0.210155,-0.606018,-0.607456,2.13715,2.13567,-0.191967,-0.192114,0,-0.00153398,0,0,2.04326,2.04633,
143817,-0.210155,-0.210155,-0.606018,-0.607456,2.13715,2.13567,-0.191967,-0.19058,0,0,0,0,2.04326,2.04786,
143837,-0.210155,-0.210155,-0.606018,-0.607456,2.13715,2.13567,-0.191967,-0.19058,0,0,0,0,2.04326,2.04786,
143857,-0.210155,-0.210155,-0.606018,-0.607456,2.13715,2.13567,-0.191967,-0.19058,0,0,0,0,2.04326,2.04786,
143877,-0.210155,-0.210155,-0.606018,-0.607456,2.13715,2.13567,-0.191967,-0.19058,0,0,0,0,2.04326,2.04786,
143897,-0.210155,-0.210155,-0.606018,-0.607456,2.13715,2.13567,-0.191967,-0.19058,0,0,0,0,2.04326,2.04786,
143917,-0.210155,-0.210155,-0.606018,-0.607456,2.13715,2.13567,-0.191967,-0.19058,0,0,0,0,2.04326,2.04633,
143937,-0.210155,-0.210155,-0.606018,-0.607456,2.13715,2.13567,-0.191967,-0.19058,0,0,0,0,2.04326,2.04633,
143957,-0.210155,-0.210155,-0.606018,-0.607456,2.13715,2.13567,-0.191967,-0.19058,0,0,0,0,2.04326,2.04633,
143977,-0.210155,-0.210155,-0.606018,-0.607456,2.13715,2.13567,-0.191967,-0.19058,0,0,0,0,2.04326,2.04633,
143997,-0.210155,-0.210155,-0.606018,-0.607456,2.13715,2.13567,-0.191967,-0.19058,0,-0.00153398,0,0,2.04326,2.04786,
144017,-0.210155,-0.210155,-0.606018,-0.607456,2.13715,2.13567,-0.191967,-0.19058,0,-0.00153398,0,0,2.04326,2.04786,
144037,-0.210155,-0.210155,-0.606018,-0.607456,2.13715,2.13567,-0.191967,-0.19058,0,-0.00153398,0,0,2.04326,2.04786,
144057,-0.210155,-0.210155,-0.606018,-0.607456,2.13715,2.13567,-0.191967,-0.19058,0,-0.00153398,0,0,2.04326,2.04786,
144077,-0.210155,-0.210155,-0.606018,-0.607456,2.13715,2.13567,-0.191967,-0.19058,0,-0.00153398,0,0,2.04326,2.04786,
144097,-0.210155,-0.210155,-0.606018,-0.607456,2.13715,2.13567,-0.191967,-0.19058,0,0,0,0,2.04326,2.04633,
144117,-0.210155,-0.210155,-0.606018,-0.607456,2.13715,2.13567,-0.191967,-0.19058,0,0,0,0,2.04326,2.04633,
144137,-0.210155,-0.210155,-0.606018,-0.607456,2.13715,2.13567,-0.191967,-0.19058,0,0,0,0,2.04326,2.04633,
144157,-0.210155,-0.210155,-0.606018,-0.607456,2.13715,2.13567,-0.191967,-0.19058,0,0,0,0,2.04326,2.04633,
144177,-0.210155,-0.210155,-0.606018,-0.607456,2.13715,2.13567,-0.191967,-0.19058,0,0,0,0,2.04326,2.04633,
144197,-0.210155,-0.210155,-0.606018,-0.607456,2.13715,2.13567,-0.191967,-0.19058,0,0,0,0,2.04326,2.04633,
144217,-0.210155,-0.210155,-0.606018,-0.607456,2.13715,2.1372,-0.191967,-0.19058,0,0,0,0,2.04326,2.04633,
144237,-0.210155,-0.210155,-0.606018,-0.607456,2.13715,2.1372,-0.191967,-0.19058,0,0,0,0,2.04326,2.04633,
144257,-0.210155,-0.210155,-0.606018,-0.607456,2.13715,2.1372,-0.191967,-0.19058,0,0,0,0,2.04326,2.04633,
144277,-0.210155,-0.210155,-0.606018,-0.607456,2.13715,2.1372,-0.191967,-0.19058,0,0,0,0,2.04326,2.04633,
144297,-0.210155,-0.210155,-0.606018,-0.607456,2.13715,2.1372,-0.191967,-0.19058,0,0,0,0,2.04326,2.04633,
144317,-0.210155,-0.210155,-0.606018,-0.607456,2.13715,2.13567,-0.191967,-0.19058,0,-0.00153398,0,0,2.04326,2.04633,
144337,-0.210155,-0.210155,-0.606018,-0.607456,2.13715,2.13567,-0.191967,-0.19058,0,-0.00153398,0,0,2.04326,2.04633,
144357,-0.210155,-0.210155,-0.606018,-0.607456,2.13715,2.13567,-0.191967,-0.19058,0,-0.00153398,0,0,2.04326,2.04633,
144377,-0.210155,-0.210155,-0.606018,-0.607456,2.13715,2.13567,-0.191967,-0.19058,0,-0.00153398,0,0,2.04326,2.04633,
144397,-0.210155,-0.208621,-0.606018,-0.607456,2.13715,2.13567,-0.191967,-0.19058,0,-0.00153398,0,0,2.04326,2.04633,
144417,-0.210155,-0.208621,-0.606018,-0.607456,2.13715,2.13567,-0.191967,-0.19058,0,-0.00153398,0,0,2.04326,2.04633,
144437,-0.210155,-0.208621,-0.606018,-0.607456,2.13715,2.13567,-0.191967,-0.19058,0,-0.00153398,0,0,2.04326,2.04633,
144457,-0.210155,-0.208621,-0.606018,-0.607456,2.13715,2.13567,-0.191967,-0.19058,0,-0.00153398,0,0,2.04326,2.04633,
144477,-0.210155,-0.208621,-0.606018,-0.607456,2.13715,2.13567,-0.191967,-0.19058,0,-0.00153398,0,0,2.04326,2.04633,
144497,-0.210155,-0.208621,-0.606018,-0.607456,2.13715,2.13567,-0.191967,-0.19058,0,-0.00153398,0,0,2.04326,2.04633,
144517,-0.210155,-0.210155,-0.606018,-0.607456,2.13715,2.13567,-0.191967,-0.19058,0,0,0,0,2.04326,2.04633,
144537,-0.210155,-0.210155,-0.606018,-0.607456,2.13715,2.13567,-0.191967,-0.19058,0,0,0,0,2.04326,2.04633,
144557,-0.210155,-0.210155,-0.606018,-0.607456,2.13715,2.13567,-0.191967,-0.19058,0,0,0,0,2.04326,2.04633,
144577,-0.210155,-0.210155,-0.606018,-0.607456,2.13715,2.13567,-0.191967,-0.19058,0,0,0,0,2.04326,2.04633,
144597,-0.210155,-0.210155,-0.606018,-0.607456,2.13715,2.13567,-0.191967,-0.19058,0,0,0,0,2.04326,2.04633,
144617,-0.210155,-0.210155,-0.606018,-0.607456,2.13715,2.13567,-0.191967,-0.19058,0,0,0,0,2.04326,2.04633,
144637,-0.210155,-0.210155,-0.606018,-0.607456,2.13715,2.13567,-0.191967,-0.19058,0,0,0,0,2.04326,2.04633,
144657,-0.210155,-0.210155,-0.606018,-0.607456,2.13715,2.13567,-0.191967,-0.19058,0,0,0,0,2.04326,2.04633,
144677,-0.210155,-0.210155,-0.606018,-0.607456,2.13715,2.13567,-0.191967,-0.19058,0,0,0,0,2.04326,2.04633,
144697,-0.210155,-0.210155,-0.606018,-0.607456,2.13715,2.13567,-0.191967,-0.19058,0,0,0,0,2.04326,2.04633,
144717,-0.210155,-0.210155,-0.606018,-0.607456,2.13715,2.1372,-0.191967,-0.19058,0,0,0,0,2.04326,2.04633,
144737,-0.210155,-0.210155,-0.606018,-0.607456,2.13715,2.1372,-0.191967,-0.19058,0,0,0,0,2.04326,2.04633,
144757,-0.210155,-0.210155,-0.606018,-0.607456,2.13715,2.1372,-0.191967,-0.19058,0,0,0,0,2.04326,2.04633,
144777,-0.210155,-0.210155,-0.606018,-0.607456,2.13715,2.1372,-0.191967,-0.19058,0,0,0,0,2.04326,2.04633,
144797,-0.210155,-0.210155,-0.606018,-0.607456,2.13715,2.13567,-0.191967,-0.19058,0,0,0,0,2.04326,2.04633,
144817,-0.210155,-0.210155,-0.606018,-0.607456,2.13715,2.13567,-0.191967,-0.19058,0,0,0,0,2.04326,2.04633,
144837,-0.210155,-0.210155,-0.606018,-0.607456,2.13715,2.13567,-0.191967,-0.19058,0,0,0,0,2.04326,2.04633,
144857,-0.210155,-0.210155,-0.606018,-0.607456,2.13715,2.13567,-0.191967,-0.19058,0,0,0,0,2.04326,2.04633,
144877,-0.210155,-0.210155,-0.606018,-0.607456,2.13715,2.13567,-0.191967,-0.19058,0,0,0,0,2.04326,2.04633,
144897,-0.210155,-0.210155,-0.606018,-0.607456,2.13715,2.13567,-0.191967,-0.19058,0,0,0,0,2.04326,2.04633,
144917,-0.210155,-0.210155,-0.606018,-0.607456,2.13715,2.1372,-0.191967,-0.19058,0,0,0,0,2.04326,2.04633,
144937,-0.210155,-0.210155,-0.606018,-0.607456,2.13715,2.1372,-0.191967,-0.19058,0,0,0,0,2.04326,2.04633,
144957,-0.210155,-0.210155,-0.606018,-0.607456,2.13715,2.1372,-0.191967,-0.19058,0,0,0,0,2.04326,2.04633,
144977,-0.210155,-0.210155,-0.606018,-0.607456,2.13715,2.1372,-0.191967,-0.19058,0,0,0,0,2.04326,2.04633,
144997,-0.210155,-0.210155,-0.606018,-0.607456,2.13715,2.1372,-0.191967,-0.19058,0,0,0,0,2.04326,2.04633,
145017,-0.210155,-0.210155,-0.606018,-0.607456,2.13715,2.13567,-0.191967,-0.19058,0,0,0,0,2.04326,2.04633,
145037,-0.210155,-0.210155,-0.606018,-0.607456,2.13715,2.13567,-0.191967,-0.19058,0,0,0,0,2.04326,2.04633,
145057,-0.210155,-0.210155,-0.606018,-0.607456,2.13715,2.13567,-0.191967,-0.19058,0,0,0,0,2.04326,2.04633,
145077,-0.210155,-0.210155,-0.606018,-0.607456,2.13715,2.13567,-0.191967,-0.19058,0,0,0,0,2.04326,2.04633,
145097,-0.210155,-0.210155,-0.606018,-0.607456,2.13715,2.13567,-0.191967,-0.19058,0,0,0,0,2.04326,2.04633,
145117,-0.210155,-0.210155,-0.606018,-0.607456,2.13715,2.13567,-0.191967,-0.19058,0,-0.00153398,0,0,2.04326,2.04633,
145137,-0.210155,-0.210155,-0.606018,-0.607456,2.13715,2.13567,-0.191967,-0.19058,0,-0.00153398,0,0,2.04326,2.04633,
145157,-0.210155,-0.210155,-0.606018,-0.607456,2.13715,2.13567,-0.191967,-0.19058,0,-0.00153398,0,0,2.04326,2.04633,
145177,-0.210155,-0.210155,-0.606018,-0.607456,2.13715,2.13567,-0.191967,-0.19058,0,-0.00153398,0,0,2.04326,2.04633,
145197,-0.210155,-0.210155,-0.606018,-0.607456,2.13715,2.13567,-0.191967,-0.19058,0,0,0,0,2.04326,2.04633,
145217,-0.210155,-0.210155,-0.606018,-0.607456,2.13715,2.13567,-0.191967,-0.19058,0,0,0,0,2.04326,2.04633,
145237,-0.210155,-0.210155,-0.606018,-0.607456,2.13715,2.13567,-0.191967,-0.19058,0,0,0,0,2.04326,2.04633,
145257,-0.210155,-0.210155,-0.606018,-0.607456,2.13715,2.13567,-0.191967,-0.19058,0,0,0,0,2.04326,2.04633,
145277,-0.210155,-0.210155,-0.606018,-0.607456,2.13715,2.13567,-0.191967,-0.19058,0,0,0,0,2.04326,2.04633,
145297,-0.210155,-0.210155,-0.606018,-0.607456,2.13715,2.13567,-0.191967,-0.19058,0,0,0,0,2.04326,2.04633,
145317,-0.210155,-0.210155,-0.606018,-0.607456,2.13715,2.13567,-0.191967,-0.19058,0,-0.00153398,0,0,2.04326,2.04633,
145337,-0.210155,-0.210155,-0.606018,-0.607456,2.13715,2.13567,-0.191967,-0.19058,0,-0.00153398,0,0,2.04326,2.04633,
145357,-0.210155,-0.210155,-0.606018,-0.607456,2.13715,2.13567,-0.191967,-0.19058,0,-0.00153398,0,0,2.04326,2.04633,
145377,-0.210155,-0.210155,-0.606018,-0.607456,2.13715,2.13567,-0.191967,-0.19058,0,-0.00153398,0,0,2.04326,2.04633,
145397,-0.210155,-0.210155,-0.606018,-0.607456,2.13715,2.13567,-0.191967,-0.19058,0,-0.00153398,0,0,2.04326,2.04633,
145417,-0.210155,-0.210155,-0.606018,-0.607456,2.13715,2.13567,-0.191967,-0.19058,0,-0.00153398,0,0,2.04326,2.04633,
145437,-0.210155,-0.210155,-0.606018,-0.607456,2.13715,2.13567,-0.191967,-0.19058,0,0,0,0,2.04326,2.04633,
145457,-0.210155,-0.210155,-0.606018,-0.607456,2.13715,2.13567,-0.191967,-0.19058,0,0,0,0,2.04326,2.04633,
145477,-0.210155,-0.210155,-0.606018,-0.607456,2.13715,2.13567,-0.191967,-0.19058,0,0,0,0,2.04326,2.04633,
145497,-0.210155,-0.210155,-0.606018,-0.607456,2.13715,2.13567,-0.191967,-0.19058,0,-0.00153398,0,0,2.04326,2.04633,
145517,-0.210155,-0.210155,-0.606018,-0.607456,2.13715,2.13567,-0.191967,-0.19058,0,-0.00153398,0,0,2.04326,2.04633,
145537,-0.210155,-0.210155,-0.606018,-0.607456,2.13715,2.13567,-0.191967,-0.19058,0,-0.00153398,0,0,2.04326,2.04633,
145557,-0.210155,-0.210155,-0.606018,-0.607456,2.13715,2.13567,-0.191967,-0.19058,0,-0.00153398,0,0,2.04326,2.04633,
145577,-0.210155,-0.210155,-0.606018,-0.607456,2.13715,2.13567,-0.191967,-0.19058,0,-0.00153398,0,0,2.04326,2.04633,
145597,-0.210155,-0.210155,-0.606018,-0.607456,2.13715,2.13567,-0.191967,-0.19058,0,0,0,0,2.04326,2.04633,
145617,-0.210155,-0.210155,-0.606018,-0.607456,2.13715,2.13567,-0.191967,-0.19058,0,0,0,0,2.04326,2.04633,
145637,-0.210155,-0.210155,-0.606018,-0.607456,2.13715,2.13567,-0.191967,-0.19058,0,0,0,0,2.04326,2.04633,
145657,-0.210155,-0.210155,-0.606018,-0.607456,2.13715,2.13567,-0.191967,-0.19058,0,0,0,0,2.04326,2.04633,
145677,-0.210155,-0.210155,-0.606018,-0.607456,2.13715,2.13567,-0.191967,-0.19058,0,0,0,0,2.04326,2.04633,
145697,-0.210155,-0.210155,-0.606018,-0.607456,2.13715,2.13413,-0.191967,-0.19058,0,0,0,0,2.04326,2.04633,
145717,-0.210155,-0.210155,-0.606018,-0.607456,2.13715,2.13413,-0.191967,-0.19058,0,0,0,0,2.04326,2.04633,
145737,-0.210155,-0.210155,-0.606018,-0.607456,2.13715,2.13413,-0.191967,-0.19058,0,0,0,0,2.04326,2.04633,
145757,-0.210155,-0.210155,-0.606018,-0.607456,2.13715,2.13413,-0.191967,-0.19058,0,0,0,0,2.04326,2.04633,
145777,-0.210155,-0.210155,-0.606018,-0.607456,2.13715,2.13413,-0.191967,-0.19058,0,0,0,0,2.04326,2.04633,
145797,-0.210155,-0.210155,-0.606018,-0.607456,2.13715,2.13413,-0.191967,-0.19058,0,0,0,0,2.04326,2.04633,
145817,-0.210155,-0.210155,-0.606018,-0.605922,2.13715,2.1326,-0.191967,-0.19058,0,0,0,0,2.04326,2.04633,
145837,-0.210155,-0.210155,-0.606018,-0.605922,2.13715,2.1326,-0.191967,-0.19058,0,0,0,0,2.04326,2.04633,
145857,-0.210155,-0.210155,-0.606018,-0.605922,2.13715,2.1326,-0.191967,-0.19058,0,0,0,0,2.04326,2.04633,
145877,-0.210155,-0.210155,-0.606018,-0.605922,2.13715,2.1326,-0.191967,-0.19058,0,0,0,0,2.04326,2.04633,
145897,-0.210155,-0.210155,-0.606018,-0.605922,2.13715,2.1326,-0.191967,-0.19058,0,0,0,0,2.04326,2.04633,
145917,-0.210155,-0.210155,-0.606018,-0.605922,2.13715,2.1326,-0.191967,-0.19058,0,-0.00153398,0,0,2.04326,2.04633,
145937,-0.210155,-0.210155,-0.606018,-0.605922,2.13715,2.1326,-0.191967,-0.19058,0,-0.00153398,0,0,2.04326,2.04633,
145957,-0.210155,-0.210155,-0.606018,-0.605922,2.13715,2.1326,-0.191967,-0.19058,0,-0.00153398,0,0,2.04326,2.04633,
145977,-0.210155,-0.210155,-0.606018,-0.605922,2.13715,2.1326,-0.191967,-0.19058,0,-0.00153398,0,0,2.04326,2.04633,
145997,-0.210155,-0.210155,-0.606018,-0.605922,2.12646,2.12646,-0.191967,-0.19058,0,-0.00153398,0,-0.00153398,2.04326,2.04786,
146017,-0.210155,-0.210155,-0.606018,-0.605922,2.12646,2.12646,-0.191967,-0.19058,0,-0.00153398,0,-0.00153398,2.04326,2.04786,
146037,-0.210155,-0.210155,-0.606018,-0.605922,2.12646,2.12646,-0.191967,-0.19058,0,-0.00153398,0,-0.00153398,2.04326,2.04786,
146057,-0.210155,-0.210155,-0.606018,-0.605922,2.12646,2.12646,-0.191967,-0.19058,0,-0.00153398,0,-0.00153398,2.04326,2.04786,
146077,-0.210155,-0.210155,-0.606018,-0.605922,2.12646,2.12646,-0.191967,-0.19058,0,-0.00153398,0,-0.00153398,2.04326,2.04786,
146097,-0.210155,-0.210155,-0.606018,-0.605922,2.12646,2.12646,-0.191967,-0.19058,0,-0.00153398,0,-0.00153398,2.04326,2.04786,
146118,-0.210155,-0.210155,-0.606018,-0.604388,2.12646,2.12033,-0.191967,-0.19058,0,-0.00153398,0,-0.00153398,2.04326,2.04633,
146137,-0.210155,-0.210155,-0.606018,-0.604388,2.12646,2.12033,-0.191967,-0.19058,0,-0.00153398,0,-0.00153398,2.04326,2.04633,
146157,-0.210155,-0.210155,-0.606018,-0.604388,2.12646,2.12033,-0.191967,-0.19058,0,-0.00153398,0,-0.00153398,2.04326,2.04633,
146177,-0.210155,-0.210155,-0.606018,-0.604388,2.12646,2.12033,-0.191967,-0.19058,0,-0.00153398,0,-0.00153398,2.04326,2.04633,
146197,-0.210155,-0.210155,-0.606018,-0.604388,2.12646,2.12033,-0.191967,-0.19058,0,-0.00153398,0,-0.00153398,2.04326,2.04633,
146217,-0.210155,-0.211689,-0.606018,-0.604388,2.12646,2.12186,-0.191967,-0.19058,0,0,0,-0.00153398,2.04326,2.04633,
146237,-0.210155,-0.211689,-0.606018,-0.604388,2.12646,2.12186,-0.191967,-0.19058,0,0,0,-0.00153398,2.04326,2.04633,
146257,-0.210155,-0.211689,-0.606018,-0.604388,2.12646,2.12186,-0.191967,-0.19058,0,0,0,-0.00153398,2.04326,2.04633,
146277,-0.210155,-0.211689,-0.606018,-0.604388,2.12646,2.12186,-0.191967,-0.19058,0,0,0,-0.00153398,2.04326,2.04633,
146297,-0.210155,-0.211689,-0.606018,-0.604388,2.12646,2.12186,-0.191967,-0.19058,0,0,0,-0.00153398,2.04326,2.04633,
146317,-0.210155,-0.210155,-0.606018,-0.602854,2.12646,2.11879,-0.191967,-0.19058,0,0,0,-0.00153398,2.04326,2.04786,
146337,-0.210155,-0.210155,-0.606018,-0.602854,2.12646,2.11879,-0.191967,-0.19058,0,0,0,-0.00153398,2.04326,2.04786,
146357,-0.210155,-0.210155,-0.606018,-0.602854,2.12646,2.11879,-0.191967,-0.19058,0,0,0,-0.00153398,2.04326,2.04786,
146377,-0.210155,-0.210155,-0.606018,-0.602854,2.12646,2.11879,-0.191967,-0.19058,0,0,0,-0.00153398,2.04326,2.04786,
146397,-0.210155,-0.213223,-0.606018,-0.602854,2.11573,2.11573,-0.191967,-0.19058,0,0.00153398,0,-0.00153398,2.04326,2.04633,
146417,-0.210155,-0.213223,-0.606018,-0.602854,2.11573,2.11573,-0.191967,-0.19058,0,0.00153398,0,-0.00153398,2.04326,2.04633,
146437,-0.210155,-0.213223,-0.606018,-0.602854,2.11573,2.11573,-0.191967,-0.19058,0,0.00153398,0,-0.00153398,2.04326,2.04633,
146457,-0.210155,-0.213223,-0.606018,-0.602854,2.11573,2.11573,-0.191967,-0.19058,0,0.00153398,0,-0.00153398,2.04326,2.04633,
146477,-0.210155,-0.213223,-0.606018,-0.602854,2.11573,2.11573,-0.191967,-0.19058,0,0.00153398,0,-0.00153398,2.04326,2.04633,
146497,-0.210155,-0.213223,-0.606018,-0.602854,2.11573,2.11573,-0.191967,-0.19058,0,0.00153398,0,-0.00153398,2.04326,2.04633,
146517,-0.210155,-0.213223,-0.606018,-0.602854,2.11573,2.11573,-0.191967,-0.19058,0,0.00153398,0,-0.00153398,2.04326,2.04633,
146537,-0.210155,-0.210155,-0.606018,-0.60132,2.11573,2.11112,-0.191967,-0.19058,0,0.00153398,0,-0.00153398,2.04326,2.04633,
146557,-0.210155,-0.210155,-0.606018,-0.60132,2.11573,2.11112,-0.191967,-0.19058,0,0.00153398,0,-0.00153398,2.04326,2.04633,
146577,-0.210155,-0.210155,-0.606018,-0.60132,2.11573,2.11112,-0.191967,-0.19058,0,0.00153398,0,-0.00153398,2.04326,2.04633,
146597,-0.210155,-0.210155,-0.606018,-0.60132,2.11573,2.11112,-0.191967,-0.19058,0,0.00153398,0,-0.00153398,2.04326,2.04633,
146617,-0.210155,-0.210155,-0.606018,-0.602854,2.11573,2.11266,-0.191967,-0.19058,0,0.00153398,0,-0.00153398,2.04326,2.04633,
146637,-0.210155,-0.210155,-0.606018,-0.602854,2.11573,2.11266,-0.191967,-0.19058,0,0.00153398,0,-0.00153398,2.04326,2.04633,
146657,-0.210155,-0.210155,-0.606018,-0.602854,2.11573,2.11266,-0.191967,-0.19058,0,0.00153398,0,-0.00153398,2.04326,2.04633,
146677,-0.210155,-0.210155,-0.606018,-0.602854,2.11573,2.11266,-0.191967,-0.19058,0,0.00153398,0,-0.00153398,2.04326,2.04633,
146697,-0.210155,-0.210155,-0.606018,-0.602854,2.11573,2.11266,-0.191967,-0.19058,0,0.00153398,0,-0.00153398,2.04326,2.04633,
146717,-0.210155,-0.210155,-0.606018,-0.60132,2.11573,2.10806,-0.191967,-0.19058,0,0.00153398,0,-0.00153398,2.04326,2.04786,
146737,-0.210155,-0.210155,-0.606018,-0.60132,2.11573,2.10806,-0.191967,-0.19058,0,0.00153398,0,-0.00153398,2.04326,2.04786,
146757,-0.210155,-0.210155,-0.606018,-0.60132,2.11573,2.10806,-0.191967,-0.19058,0,0.00153398,0,-0.00153398,2.04326,2.04786,
146777,-0.210155,-0.210155,-0.606018,-0.60132,2.11573,2.10806,-0.191967,-0.19058,0,0.00153398,0,-0.00153398,2.04326,2.04786,
146797,-0.210155,-0.210155,-0.606018,-0.60132,2.11573,2.10806,-0.191967,-0.19058,0,0.00153398,0,-0.00153398,2.04326,2.04786,
146817,-0.210155,-0.210155,-0.606018,-0.599786,2.10345,2.10345,-0.191967,-0.19058,0,0.00306796,0,-0.00153398,2.04326,2.04633,
146837,-0.210155,-0.210155,-0.606018,-0.599786,2.10345,2.10345,-0.191967,-0.19058,0,0.00306796,0,-0.00153398,2.04326,2.04633,
146857,-0.210155,-0.210155,-0.606018,-0.599786,2.10345,2.10345,-0.191967,-0.19058,0,0.00306796,0,-0.00153398,2.04326,2.04633,
146877,-0.210155,-0.210155,-0.606018,-0.599786,2.10345,2.10345,-0.191967,-0.19058,0,0.00306796,0,-0.00153398,2.04326,2.04633,
146897,-0.210155,-0.210155,-0.606018,-0.599786,2.10345,2.10345,-0.191967,-0.19058,0,0.00306796,0,-0.00153398,2.04326,2.04633,
146917,-0.210155,-0.210155,-0.606018,-0.599786,2.10345,2.10345,-0.191967,-0.19058,0,0.00306796,0,-0.00153398,2.04326,2.04633,
146937,-0.210155,-0.214757,-0.606018,-0.599786,2.10345,2.10192,-0.191967,-0.19058,0,0.00306796,0,-0.00153398,2.04326,2.04633,
146957,-0.210155,-0.214757,-0.606018,-0.599786,2.10345,2.10192,-0.191967,-0.19058,0,0.00306796,0,-0.00153398,2.04326,2.04633,
146977,-0.210155,-0.214757,-0.606018,-0.599786,2.10345,2.10192,-0.191967,-0.19058,0,0.00306796,0,-0.00153398,2.04326,2.04633,
146997,-0.210155,-0.214757,-0.606018,-0.599786,2.10345,2.10192,-0.191967,-0.19058,0,0.00306796,0,-0.00153398,2.04326,2.04633,
147017,-0.210155,-0.213223,-0.606018,-0.60132,2.10345,2.10345,-0.191967,-0.19058,0,0.0076699,0,0,2.04326,2.04633,
147037,-0.210155,-0.213223,-0.606018,-0.60132,2.10345,2.10345,-0.191967,-0.19058,0,0.0076699,0,0,2.04326,2.04633,
147057,-0.210155,-0.213223,-0.606018,-0.60132,2.10345,2.10345,-0.191967,-0.19058,0,0.0076699,0,0,2.04326,2.04633,
147077,-0.210155,-0.213223,-0.606018,-0.60132,2.10345,2.10345,-0.191967,-0.19058,0,0.0076699,0,0,2.04326,2.04633,
147097,-0.210155,-0.213223,-0.606018,-0.60132,2.10345,2.10345,-0.191967,-0.19058,0,0.0076699,0,0,2.04326,2.04633,
147117,-0.210155,-0.210155,-0.606018,-0.60132,2.10345,2.10345,-0.191967,-0.19058,0,0.00306796,0,-0.00153398,2.04326,2.04633,
147137,-0.210155,-0.210155,-0.606018,-0.60132,2.10345,2.10345,-0.191967,-0.19058,0,0.00306796,0,-0.00153398,2.04326,2.04633,
147157,-0.210155,-0.210155,-0.606018,-0.60132,2.10345,2.10345,-0.191967,-0.19058,0,0.00306796,0,-0.00153398,2.04326,2.04633,
147177,-0.210155,-0.210155,-0.606018,-0.60132,2.10345,2.10345,-0.191967,-0.19058,0,0.00306796,0,-0.00153398,2.04326,2.04633,
147197,-0.210155,-0.208621,-0.606018,-0.596719,2.10345,2.09425,-0.191967,-0.19058,0,0.00306796,0,-0.00153398,2.04326,2.04633,
147217,-0.210155,-0.208621,-0.606018,-0.596719,2.10345,2.09425,-0.191967,-0.19058,0,0.00306796,0,-0.00153398,2.04326,2.04633,
147237,-0.210155,-0.208621,-0.606018,-0.596719,2.10345,2.09425,-0.191967,-0.19058,0,0.00306796,0,-0.00153398,2.04326,2.04633,
147257,-0.210155,-0.208621,-0.606018,-0.596719,2.10345,2.09425,-0.191967,-0.19058,0,0.00306796,0,-0.00153398,2.04326,2.04633,
147277,-0.210155,-0.208621,-0.606018,-0.596719,2.10345,2.09425,-0.191967,-0.19058,0,0.00306796,0,-0.00153398,2.04326,2.04633,
147297,-0.210155,-0.213223,-0.606018,-0.602854,2.10345,2.09425,-0.191967,-0.19058,0,0.00460194,0,0,2.04326,2.0448,
147317,-0.210155,-0.213223,-0.606018,-0.602854,2.10345,2.09425,-0.191967,-0.19058,0,0.00460194,0,0,2.04326,2.0448,
147337,-0.210155,-0.213223,-0.606018,-0.602854,2.10345,2.09425,-0.191967,-0.19058,0,0.00460194,0,0,2.04326,2.0448,
147357,-0.210155,-0.213223,-0.606018,-0.602854,2.10345,2.09425,-0.191967,-0.19058,0,0.00460194,0,0,2.04326,2.0448,
147377,-0.210155,-0.213223,-0.606018,-0.602854,2.10345,2.09425,-0.191967,-0.19058,0,0.00460194,0,0,2.04326,2.0448,
147397,-0.210155,-0.213223,-0.606018,-0.602854,2.10345,2.09425,-0.191967,-0.19058,0,0.00460194,0,0,2.04326,2.0448,
147417,-0.210155,-0.210155,-0.595185,-0.595185,2.08811,2.08811,-0.191967,-0.19058,0,0.0076699,0,-0.00153398,2.04326,2.04633,
147437,-0.210155,-0.210155,-0.595185,-0.595185,2.08811,2.08811,-0.191967,-0.19058,0,0.0076699,0,-0.00153398,2.04326,2.04633,
147457,-0.210155,-0.210155,-0.595185,-0.595185,2.08811,2.08811,-0.191967,-0.19058,0,0.0076699,0,-0.00153398,2.04326,2.04633,
147477,-0.210155,-0.210155,-0.595185,-0.595185,2.08811,2.08811,-0.191967,-0.19058,0,0.0076699,0,-0.00153398,2.04326,2.04633,
147497,-0.210155,-0.210155,-0.595185,-0.595185,2.08811,2.08811,-0.191967,-0.19058,0,0.0076699,0,-0.00153398,2.04326,2.04633,
147517,-0.210155,-0.216291,-0.595185,-0.598253,2.08811,2.08811,-0.191967,-0.185978,0,0.00613592,0,-0.00153398,2.04326,2.0448,
147537,-0.210155,-0.216291,-0.595185,-0.598253,2.08811,2.08811,-0.191967,-0.185978,0,0.00613592,0,-0.00153398,2.04326,2.0448,
147557,-0.210155,-0.216291,-0.595185,-0.598253,2.08811,2.08811,-0.191967,-0.185978,0,0.00613592,0,-0.00153398,2.04326,2.0448,
147577,-0.210155,-0.216291,-0.595185,-0.598253,2.08811,2.08811,-0.191967,-0.185978,0,0.00613592,0,-0.00153398,2.04326,2.0448,
147597,-0.210155,-0.216291,-0.595185,-0.593651,2.08811,2.08965,-0.191967,-0.184444,0,0.00460194,0,0,2.04326,2.0448,
147617,-0.210155,-0.216291,-0.595185,-0.593651,2.08811,2.08965,-0.191967,-0.184444,0,0.00460194,0,0,2.04326,2.0448,
147637,-0.210155,-0.216291,-0.595185,-0.593651,2.08811,2.08965,-0.191967,-0.184444,0,0.00460194,0,0,2.04326,2.0448,
147657,-0.210155,-0.216291,-0.595185,-0.593651,2.08811,2.08965,-0.191967,-0.184444,0,0.00460194,0,0,2.04326,2.0448,
147677,-0.210155,-0.216291,-0.595185,-0.593651,2.08811,2.08965,-0.191967,-0.184444,0,0.00460194,0,0,2.04326,2.0448,
147697,-0.210155,-0.214757,-0.595185,-0.592117,2.08811,2.08505,-0.191967,-0.184444,0,0.00460194,0,0,2.04326,2.04633,
147717,-0.210155,-0.214757,-0.595185,-0.592117,2.08811,2.08505,-0.191967,-0.184444,0,0.00460194,0,0,2.04326,2.04633,
147737,-0.210155,-0.214757,-0.595185,-0.592117,2.08811,2.08505,-0.191967,-0.184444,0,0.00460194,0,0,2.04326,2.04633,
147757,-0.210155,-0.214757,-0.595185,-0.592117,2.08811,2.08505,-0.191967,-0.184444,0,0.00460194,0,0,2.04326,2.04633,
147777,-0.210155,-0.214757,-0.595185,-0.592117,2.08811,2.08505,-0.191967,-0.184444,0,0.00460194,0,0,2.04326,2.04633,
147797,-0.210155,-0.214757,-0.595185,-0.592117,2.08811,2.08505,-0.191967,-0.184444,0,0.00460194,0,0,2.04326,2.04633,
147817,-0.210155,-0.210155,-0.595185,-0.589049,2.08811,2.08351,-0.191967,-0.184444,0,0.00306796,0,0,2.04326,2.04786,
147837,-0.210155,-0.210155,-0.595185,-0.589049,2.08811,2.08351,-0.191967,-0.184444,0,0.00306796,0,0,2.04326,2.04786,
147857,-0.210155,-0.210155,-0.595185,-0.589049,2.08811,2.08351,-0.191967,-0.184444,0,0.00306796,0,0,2.04326,2.04786,
147877,-0.210155,-0.210155,-0.595185,-0.589049,2.08811,2.08351,-0.191967,-0.184444,0,0.00306796,0,0,2.04326,2.04786,
147897,-0.210155,-0.210155,-0.595185,-0.589049,2.08811,2.08351,-0.191967,-0.184444,0,0.00306796,0,0,2.04326,2.04786,
147917,-0.210155,-0.211689,-0.595185,-0.587515,2.07431,2.07431,-0.191967,-0.18291,0,0.00306796,0,0,2.04326,2.04633,
147937,-0.210155,-0.211689,-0.595185,-0.587515,2.07431,2.07431,-0.191967,-0.18291,0,0.00306796,0,0,2.04326,2.04633,
147957,-0.210155,-0.211689,-0.595185,-0.587515,2.07431,2.07431,-0.191967,-0.18291,0,0.00306796,0,0,2.04326,2.04633,
147977,-0.210155,-0.211689,-0.595185,-0.587515,2.07431,2.07431,-0.191967,-0.18291,0,0.00306796,0,0,2.04326,2.04633,
147997,-0.210155,-0.211689,-0.595185,-0.587515,2.07431,2.07431,-0.191967,-0.18291,0,0.00306796,0,0,2.04326,2.04633,
148017,-0.210155,-0.216291,-0.595185,-0.587515,2.07431,2.07584,-0.191967,-0.18291,0,0.00306796,0,0,2.04326,2.04326,
148037,-0.210155,-0.216291,-0.595185,-0.587515,2.07431,2.07584,-0.191967,-0.18291,0,0.00306796,0,0,2.04326,2.04326,
148057,-0.210155,-0.216291,-0.595185,-0.587515,2.07431,2.07584,-0.191967,-0.18291,0,0.00306796,0,0,2.04326,2.04326,
148077,-0.210155,-0.216291,-0.595185,-0.587515,2.07431,2.07584,-0.191967,-0.18291,0,0.00306796,0,0,2.04326,2.04326,
148097,-0.210155,-0.216291,-0.595185,-0.590583,2.07431,2.08044,-0.191967,-0.18291,0,0.00613592,0,0,2.04326,2.04633,
148117,-0.210155,-0.216291,-0.595185,-0.590583,2.07431,2.08044,-0.191967,-0.18291,0,0.00613592,0,0,2.04326,2.04633,
148137,-0.210155,-0.216291,-0.595185,-0.590583,2.07431,2.08044,-0.191967,-0.18291,0,0.00613592,0,0,2.04326,2.04633,
148157,-0.210155,-0.216291,-0.595185,-0.590583,2.07431,2.08044,-0.191967,-0.18291,0,0.00613592,0,0,2.04326,2.04633,
148177,-0.210155,-0.216291,-0.595185,-0.590583,2.07431,2.08044,-0.191967,-0.18291,0,0.00613592,0,0,2.04326,2.04633,
148197,-0.210155,-0.216291,-0.595185,-0.590583,2.07431,2.08044,-0.191967,-0.18291,0,0.00613592,0,0,2.04326,2.04633,
148217,-0.210155,-0.216291,-0.595185,-0.587515,2.07431,2.07124,-0.176774,-0.176774,0,0.00613592,0,0,2.04326,2.04633,
148237,-0.210155,-0.216291,-0.595185,-0.587515,2.07431,2.07124,-0.176774,-0.176774,0,0.00613592,0,0,2.04326,2.04633,
148257,-0.210155,-0.216291,-0.595185,-0.587515,2.07431,2.07124,-0.176774,-0.176774,0,0.00613592,0,0,2.04326,2.04633,
148277,-0.210155,-0.216291,-0.595185,-0.587515,2.07431,2.07124,-0.176774,-0.176774,0,0.00613592,0,0,2.04326,2.04633,
148297,-0.210155,-0.216291,-0.595185,-0.587515,2.07431,2.07124,-0.176774,-0.176774,0,0.00613592,0,0,2.04326,2.04633,
148317,-0.210155,-0.216291,-0.595185,-0.587515,2.07431,2.07124,-0.176774,-0.172172,0,0.00613592,0,0,2.04326,2.04326,
148337,-0.210155,-0.216291,-0.595185,-0.587515,2.07431,2.07124,-0.176774,-0.172172,0,0.00613592,0,0,2.04326,2.04326,
148357,-0.210155,-0.216291,-0.595185,-0.587515,2.07431,2.07124,-0.176774,-0.172172,0,0.00613592,0,0,2.04326,2.04326,
148377,-0.204099,-0.216291,-0.605813,-0.587515,2.13291,2.07124,-0.18793,-0.172172,0,0.00613592,0,0,0,2.04326,
148397,-0.217825,-0.217825,-0.587515,-0.587515,2.07431,2.07431,-0.169104,-0.169104,0,0.00613592,0,0.00153398,2.04326,2.04326,
148417,-0.20072,-0.217825,-0.605589,-0.587515,2.12865,2.07431,-0.183892,-0.169104,0,0.00613592,0,0.00153398,0,2.04326,
148437,-0.197369,-0.217825,-0.605345,-0.587515,2.12436,2.07431,-0.179853,-0.169104,0,0.00613592,0,0.00153398,0,2.04326,
148457,-0.197369,-0.217825,-0.605345,-0.587515,2.12436,2.07431,-0.179853,-0.169104,0,0.00613592,0,0.00153398,0,2.04326,
148477,-0.194046,-0.217825,-0.60508,-0.587515,2.12006,2.07431,-0.175813,-0.169104,0,0.00613592,0,0.00153398,0,2.04326,
148497,-0.194046,-0.217825,-0.60508,-0.587515,2.12006,2.07431,-0.175813,-0.169104,0,0.00613592,0,0.00153398,0,2.04326,
148517,-0.214757,-0.214757,-0.592117,-0.592117,2.08658,2.08658,-0.171772,-0.170638,0,0.00460194,0,0,2.04633,2.04633,
148537,-0.214757,-0.214757,-0.592117,-0.592117,2.08658,2.08658,-0.171772,-0.170638,0,0.00460194,0,0,2.04633,2.04633,
148557,-0.187478,-0.214757,-0.604493,-0.592117,2.11139,2.08658,-0.16773,-0.170638,0,0.00460194,0,0,0,2.04633,
148577,-0.187478,-0.214757,-0.604493,-0.592117,2.11139,2.08658,-0.16773,-0.170638,0,0.00460194,0,0,0,2.04633,
148597,-0.184234,-0.214757,-0.604169,-0.592117,2.10702,2.08658,-0.163687,-0.170638,0,0.00460194,0,0,0,2.04633,
148617,-0.207087,-0.207087,-0.604169,-0.596719,2.10702,2.09885,-0.163687,-0.170638,0,0.00613592,0,0,2.04633,2.04633,
148637,-0.181016,-0.207087,-0.603825,-0.596719,2.10263,2.09885,-0.159644,-0.170638,0,0.00613592,0,0,0,2.04633,
148657,-0.177824,-0.207087,-0.603462,-0.596719,2.09823,2.09885,-0.155599,-0.170638,0,0.00613592,0,0,0,2.04633,
148677,-0.177824,-0.207087,-0.603462,-0.596719,2.09823,2.09885,-0.155599,-0.170638,0,0.00613592,0,0,0,2.04633,
148697,-0.174658,-0.207087,-0.603079,-0.596719,2.0938,2.09885,-0.151554,-0.170638,0,0.00613592,0,0,0,2.04633,
148717,-0.171516,-0.208621,-0.602676,-0.596719,2.08935,2.10192,-0.147508,-0.170638,0,0.00460194,0,0,0,2.04633,
148737,-0.171516,-0.208621,-0.602676,-0.596719,2.08935,2.10192,-0.147508,-0.170638,0,0.00460194,0,0,0,2.04633,
148757,-0.1684,-0.208621,-0.602254,-0.596719,2.08488,2.10192,-0.143461,-0.170638,0,0.00460194,0,0,0,2.04633,
148777,-0.165309,-0.208621,-0.601811,-0.596719,2.08039,2.10192,-0.139413,-0.170638,0,0.00460194,0,0,0,2.04633,
148797,-0.214757,-0.214757,-0.601811,-0.595185,2.10192,2.10192,-0.169104,-0.169104,0,0.00613592,0,0,2.04326,2.04326,
148817,-0.162243,-0.214757,-0.601349,-0.595185,2.07588,2.10192,-0.135365,-0.169104,0,0.00613592,0,0,0,2.04326,
148837,-0.159201,-0.214757,-0.600868,-0.595185,2.07135,2.10192,-0.131316,-0.169104,0,0.00613592,0,0,0,2.04326,
148857,-0.159201,-0.214757,-0.600868,-0.595185,2.07135,2.10192,-0.131316,-0.169104,0,0.00613592,0,0,0,2.04326,
148877,-0.156183,-0.214757,-0.600366,-0.595185,2.0668,2.10192,-0.127267,-0.169104,0,0.00613592,0,0,0,2.04326,
148897,-0.153189,-0.214757,-0.599845,-0.595185,2.06223,2.10192,-0.123216,-0.169104,0,0.00613592,0,0,0,2.04326,
148917,-0.204019,-0.204019,-0.599845,-0.598253,2.09885,2.09885,-0.162968,-0.162968,0,0.0076699,0,0,2.0448,2.0448,
148937,-0.150218,-0.204019,-0.599304,-0.598253,2.05764,2.09885,-0.119166,-0.162968,0,0.0076699,0,0,0,2.0448,
148957,-0.147271,-0.204019,-0.598744,-0.598253,2.05302,2.09885,-0.115114,-0.162968,0,0.0076699,0,0,0,2.0448,
148977,-0.147271,-0.204019,-0.598744,-0.598253,2.05302,2.09885,-0.115114,-0.162968,0,0.0076699,0,0,0,2.0448,
148997,-0.144348,-0.204019,-0.598164,-0.598253,2.04839,2.09885,-0.111063,-0.162968,0,0.0076699,0,0,0,2.0448,
149017,-0.141447,-0.19635,-0.597564,-0.598253,2.04374,2.09578,-0.10701,-0.155298,0,0.0076699,0,0,0,2.04633,
149037,-0.141447,-0.19635,-0.597564,-0.598253,2.04374,2.09578,-0.10701,-0.155298,0,0.0076699,0,0,0,2.04633,
149057,-0.138569,-0.19635,-0.596945,-0.598253,2.03907,2.09578,-0.102957,-0.155298,0,0.0076699,0,0,0,2.04633,
149078,-0.138569,-0.19635,-0.596945,-0.598253,2.03907,2.09578,-0.102957,-0.155298,0,0.0076699,0,0,0,2.04633,
149099,-0.135714,-0.19635,-0.596306,-0.598253,2.03437,2.09578,-0.0989033,-0.155298,0,0.0076699,0,0,0,2.04633,
149118,-0.132881,-0.185612,-0.595648,-0.598253,2.02966,2.08351,-0.094849,-0.139959,0,0.0076699,0,0,0,2.04786,
149137,-0.130071,-0.185612,-0.594971,-0.598253,2.02493,2.08351,-0.0907941,-0.139959,0,0.0076699,0,0,0,2.04786,
149157,-0.130071,-0.185612,-0.594971,-0.598253,2.02493,2.08351,-0.0907941,-0.139959,0,0.0076699,0,0,0,2.04786,
149177,-0.127282,-0.185612,-0.594274,-0.598253,2.02018,2.08351,-0.0867387,-0.139959,0,0.0076699,0,0,0,2.04786,
149197,-0.127282,-0.185612,-0.594274,-0.598253,2.02018,2.08351,-0.0867387,-0.139959,0,0.0076699,0,0,0,2.04786,
149217,-0.176408,-0.176408,-0.593557,-0.598253,2.06817,2.06817,-0.129221,-0.129221,0,0.00920388,0,0,2.04633,2.04633,
149237,-0.121769,-0.176408,-0.592821,-0.598253,2.01061,2.06817,-0.0786258,-0.129221,0,0.00920388,0,0,0,2.04633,
149257,-0.121769,-0.176408,-0.592821,-0.598253,2.01061,2.06817,-0.0786258,-0.129221,0,0.00920388,0,0,0,2.04633,
149277,-0.119045,-0.176408,-0.592066,-0.598253,2.0058,2.06817,-0.0745684,-0.129221,0,0.00920388,0,0,0,2.04633,
149297,-0.116342,-0.176408,-0.591291,-0.598253,2.00097,2.06817,-0.0705103,-0.129221,0,0.00920388,0,0,0,2.04633,
149317,-0.170272,-0.170272,-0.591291,-0.598253,2.05437,2.05437,-0.118483,-0.118483,0,0.0076699,0,0,2.04633,2.04633,
149337,-0.113659,-0.170272,-0.590498,-0.598253,1.99611,2.05437,-0.0664514,-0.118483,0,0.0076699,0,0,0,2.04633,
149357,-0.113659,-0.170272,-0.590498,-0.598253,1.99611,2.05437,-0.0664514,-0.118483,0,0.0076699,0,0,0,2.04633,
149377,-0.110998,-0.170272,-0.589684,-0.598253,1.99124,2.05437,-0.0623919,-0.118483,0,0.0076699,0,0,0,2.04633,
149397,-0.108357,-0.170272,-0.588852,-0.598253,1.98635,2.05437,-0.0583316,-0.118483,0,0.0076699,0,0,0,2.04633,
149417,-0.164136,-0.164136,-0.588852,-0.598253,2.03903,2.03903,-0.112347,-0.112347,0,0.0076699,0,0,2.04633,2.04633,
149437,-0.105736,-0.164136,-0.588,-0.598253,1.98144,2.03903,-0.0542705,-0.112347,0,0.0076699,0,0,0,2.04633,
149457,-0.103135,-0.164136,-0.58713,-0.598253,1.9765,2.03903,-0.0502085,-0.112347,0,0.0076699,0,0,0,2.04633,
149477,-0.103135,-0.164136,-0.58713,-0.598253,1.9765,2.03903,-0.0502085,-0.112347,0,0.0076699,0,0,0,2.04633,
149497,-0.100554,-0.164136,-0.58624,-0.598253,1.97155,2.03903,-0.0461458,-0.112347,0,0.0076699,0,0,0,2.04633,
149517,-0.0979928,-0.151864,-0.58533,-0.598253,1.96658,2.02369,-0.0420821,-0.0970071,0,0.0076699,0,-0.00153398,0,2.04633,
149537,-0.0979928,-0.151864,-0.58533,-0.598253,1.96658,2.02369,-0.0420821,-0.0970071,0,0.0076699,0,-0.00153398,0,2.04633,
149557,-0.0954511,-0.151864,-0.584402,-0.598253,1.96158,2.02369,-0.0380175,-0.0970071,0,0.0076699,0,-0.00153398,0,2.04633,
149577,-0.0929287,-0.151864,-0.583455,-0.598253,1.95657,2.02369,-0.0339519,-0.0970071,0,0.0076699,0,-0.00153398,0,2.04633,
149597,-0.0929287,-0.151864,-0.583455,-0.598253,1.95657,2.02369,-0.0339519,-0.0970071,0,0.0076699,0,-0.00153398,0,2.04633,
149617,-0.133456,-0.133456,-0.595185,-0.595185,2.00681,2.00681,-0.0739974,-0.0739974,0,0.0076699,0,-0.00153398,2.04633,2.04633,
149637,-0.133456,-0.133456,-0.595185,-0.595185,2.00681,2.00681,-0.0739974,-0.0739974,0,0.0076699,0,-0.00153398,2.04633,2.04633,
149657,-0.0879411,-0.133456,-0.581503,-0.595185,1.94649,2.00681,-0.0258176,-0.0739974,0,0.0076699,0,-0.00153398,0,2.04633,
149677,-0.0854756,-0.133456,-0.580499,-0.595185,1.94141,2.00681,-0.0217488,-0.0739974,0,0.0076699,0,-0.00153398,0,2.04633,
149697,-0.0854756,-0.133456,-0.580499,-0.595185,1.94141,2.00681,-0.0217488,-0.0739974,0,0.0076699,0,-0.00153398,0,2.04633,
149717,-0.125786,-0.125786,-0.592117,-0.592117,1.99914,1.99914,-0.0617255,-0.0617255,0,0.0076699,0,0,2.04633,2.04633,
149737,-0.0806,-0.125786,-0.578433,-0.592117,1.93121,1.99914,-0.0136077,-0.0617255,0,0.0076699,0,0,0,2.04633,
149757,-0.0806,-0.125786,-0.578433,-0.592117,1.93121,1.99914,-0.0136077,-0.0617255,0,0.0076699,0,0,0,2.04633,
149777,-0.0781896,-0.125786,-0.577372,-0.592117,1.92607,1.99914,-0.00953523,-0.0617255,0,0.0076699,0,0,0,2.04633,
149797,-0.0781896,-0.125786,-0.577372,-0.592117,1.92607,1.99914,-0.00953523,-0.0617255,0,0.0076699,0,0,0,2.04633,
149817,-0.122718,-0.122718,-0.592117,-0.592117,1.98841,1.98841,-0.0555896,-0.0555896,0,0.0076699,0,0,2.04633,2.04633,
149837,-0.0734228,-0.122718,-0.575192,-0.592117,1.91574,1.98841,-0.00138635,-0.0555896,0,0.0076699,0,0,0,2.04633,
149857,-0.0734228,-0.122718,-0.575192,-0.592117,1.91574,1.98841,-0.00138635,-0.0555896,0,0.0076699,0,0,0,2.04633,
149877,-0.0710661,-0.122718,-0.574074,-0.592117,1.91055,1.98841,0.00269022,-0.0555896,0,0.0076699,0,0,0,2.04633,
149897,-0.0687268,-0.122718,-0.572937,-0.592117,1.90533,1.98841,0.00676828,-0.0555896,0,0.0076699,0,0,0,2.04633,
149917,-0.116583,-0.116583,-0.590583,-0.590583,1.96693,1.96693,-0.0433178,-0.0433178,0,0.00920388,0,0,2.04633,2.04633,
149937,-0.0664049,-0.116583,-0.571782,-0.590583,1.9001,1.96693,0.0108479,-0.0433178,0,0.00920388,0,0,0,2.04633,
149957,-0.0641002,-0.116583,-0.570607,-0.590583,1.89484,1.96693,0.0149291,-0.0433178,0,0.00920388,0,0,0,2.04633,
149977,-0.0641002,-0.116583,-0.570607,-0.590583,1.89484,1.96693,0.0149291,-0.0433178,0,0.00920388,0,0,0,2.04633,
149997,-0.0618125,-0.116583,-0.569414,-0.590583,1.88957,1.96693,0.0190121,-0.0433178,0,0.00920388,0,0,0,2.04633,
150018,-0.0595417,-0.113515,-0.568202,-0.589049,1.88427,1.95773,0.0230968,-0.0509877,0,0.0122718,0,-0.00153398,0,2.04786,
150037,-0.0595417,-0.113515,-0.568202,-0.589049,1.88427,1.95773,0.0230968,-0.0509877,0,0.0122718,0,-0.00153398,0,2.04786,
150057,-0.0572876,-0.113515,-0.566971,-0.589049,1.87895,1.95773,0.0271833,-0.0509877,0,0.0122718,0,-0.00153398,0,2.04786,
150077,-0.0572876,-0.113515,-0.566971,-0.589049,1.87895,1.95773,0.0271833,-0.0509877,0,0.0122718,0,-0.00153398,0,2.04786,
150097,-0.0550499,-0.113515,-0.565722,-0.589049,1.87362,1.95773,0.0312717,-0.0509877,0,0.0122718,0,-0.00153398,0,2.04786,
150117,-0.0966408,-0.0966408,-0.584447,-0.584447,1.93472,1.93472,-0.021842,-0.021842,0,0.00920388,0,-0.00153398,2.04633,2.04633,
150137,-0.0966408,-0.0966408,-0.584447,-0.584447,1.93472,1.93472,-0.021842,-0.021842,0,0.00920388,0,-0.00153398,2.04633,2.04633,
150157,-0.0506237,-0.0966408,-0.563166,-0.584447,1.86288,1.93472,0.0394545,-0.021842,0,0.00920388,0,-0.00153398,0,2.04633,
150177,-0.0484347,-0.0966408,-0.561861,-0.584447,1.85748,1.93472,0.0435491,-0.021842,0,0.00920388,0,-0.00153398,0,2.04633,
150197,-0.0484347,-0.0966408,-0.561861,-0.584447,1.85748,1.93472,0.0435491,-0.021842,0,0.00920388,0,-0.00153398,0,2.04633,
150217,-0.0462616,-0.0905049,-0.560536,-0.578311,1.85206,1.92091,0.0476458,-0.00496824,0,0.00920388,0,0,0,2.04633,
150237,-0.0441043,-0.0905049,-0.559193,-0.578311,1.84661,1.92091,0.0517449,-0.00496824,0,0.00920388,0,0,0,2.04633,
150257,-0.0441043,-0.0905049,-0.559193,-0.578311,1.84661,1.92091,0.0517449,-0.00496824,0,0.00920388,0,0,0,2.04633,
150277,-0.0419626,-0.0905049,-0.557832,-0.578311,1.84115,1.92091,0.0558463,-0.00496824,0,0.00920388,0,0,0,2.04633,
150297,-0.0859029,-0.0859029,-0.575243,-0.575243,1.90404,1.90404,0.00423564,0.00423564,0.0122718,0.0122718,0,-0.00153398,2.04633,2.04633,
150317,-0.0398364,-0.0859029,-0.556451,-0.575243,1.83567,1.90404,0.0599501,0.00423564,0,0.0122718,0,-0.00153398,0,2.04633,
150337,-0.0377254,-0.0859029,-0.555052,-0.575243,1.83016,1.90404,0.0640565,0.00423564,0,0.0122718,0,-0.00153398,0,2.04633,
150357,-0.0377254,-0.0859029,-0.555052,-0.575243,1.83016,1.90404,0.0640565,0.00423564,0,0.0122718,0,-0.00153398,0,2.04633,
150377,-0.0356296,-0.0859029,-0.553634,-0.575243,1.82463,1.90404,0.0681655,0.00423564,0,0.0122718,0,-0.00153398,0,2.04633,
150397,-0.0356296,-0.0859029,-0.553634,-0.575243,1.82463,1.90404,0.0681655,0.00423564,0,0.0122718,0,-0.00153398,0,2.04633,
150417,-0.0720971,-0.0720971,-0.569107,-0.569107,1.87336,1.87336,0.0226434,0.0226434,0.0122718,0.0122718,0,-0.00153398,2.04633,2.04633,
150437,-0.031483,-0.0720971,-0.550743,-0.569107,1.81352,1.87336,0.0763917,0.0226434,0,0.0122718,0,-0.00153398,0,2.04633,
150457,-0.031483,-0.0720971,-0.550743,-0.569107,1.81352,1.87336,0.0763917,0.0226434,0,0.0122718,0,-0.00153398,0,2.04633,
150477,-0.0294318,-0.0720971,-0.549269,-0.569107,1.80793,1.87336,0.0805091,0.0226434,0,0.0122718,0,-0.00153398,0,2.04633,
150497,-0.0294318,-0.0720971,-0.549269,-0.569107,1.80793,1.87336,0.0805091,0.0226434,0,0.0122718,0,-0.00153398,0,2.04633,
150517,-0.0273952,-0.0598252,-0.547777,-0.567573,1.80231,1.85802,0.0846294,0.0333813,0,0.00920388,0,-0.00153398,0,2.04633,
150537,-0.0273952,-0.0598252,-0.547777,-0.567573,1.80231,1.85802,0.0846294,0.0333813,0,0.00920388,0,-0.00153398,0,2.04633,
150557,-0.0253731,-0.0598252,-0.546266,-0.567573,1.79668,1.85802,0.0887529,0.0333813,0,0.00920388,0,-0.00153398,0,2.04633,
150577,-0.0233653,-0.0598252,-0.544736,-0.567573,1.79102,1.85802,0.0928795,0.0333813,0,0.00920388,0,-0.00153398,0,2.04633,
150597,-0.0233653,-0.0598252,-0.544736,-0.567573,1.79102,1.85802,0.0928795,0.0333813,0,0.00920388,0,-0.00153398,0,2.04633,
150617,-0.0552233,-0.0552233,-0.564505,-0.564505,1.84881,1.84881,0.0441191,0.0441191,0.0107379,0.0107379,0,-0.00153398,2.04633,2.04633,
150637,-0.019392,-0.0552233,-0.541621,-0.564505,1.77964,1.84881,0.101143,0.0441191,0,0.0107379,0,-0.00153398,0,2.04633,
150657,-0.019392,-0.0552233,-0.541621,-0.564505,1.77964,1.84881,0.101143,0.0441191,0,0.0107379,0,-0.00153398,0,2.04633,
150677,-0.0174264,-0.0552233,-0.540035,-0.564505,1.77392,1.84881,0.105279,0.0441191,0,0.0107379,0,-0.00153398,0,2.04633,
150697,-0.0174264,-0.0552233,-0.540035,-0.564505,1.77392,1.84881,0.105279,0.0441191,0,0.0107379,0,-0.00153398,0,2.04633,
150717,-0.0536893,-0.0536893,-0.561437,-0.561437,1.83501,1.83501,0.0594589,0.0594589,0.0122718,0.0122718,0,-0.00153398,2.04633,2.04633,
150737,-0.0135362,-0.0536893,-0.536807,-0.561437,1.76241,1.83501,0.113564,0.0594589,0,0.0122718,0,-0.00153398,0,2.04633,
150758,-0.0135362,-0.0536893,-0.536807,-0.561437,1.76241,1.83501,0.113564,0.0594589,0,0.0122718,0,-0.00153398,0,2.04633,
150777,-0.0116115,-0.0536893,-0.535166,-0.561437,1.75662,1.83501,0.117712,0.0594589,0,0.0122718,0,-0.00153398,0,2.04633,
150797,-0.0097002,-0.0536893,-0.533505,-0.561437,1.75081,1.83501,0.121863,0.0594589,0,0.0122718,0,-0.00153398,0,2.04633,
150817,-0.0567573,-0.0567573,-0.561437,-0.561437,1.83194,1.83194,0.0456531,0.0456531,0.0122718,0.0122718,0,-0.00153398,2.04633,2.04633,
150837,-0.00780215,-0.0567573,-0.531826,-0.561437,1.74497,1.83194,0.126019,0.0456531,0,0.0122718,0,-0.00153398,0,2.04633,
150857,-0.00591725,-0.0567573,-0.530127,-0.561437,1.73911,1.83194,0.130179,0.0456531,0,0.0122718,0,-0.00153398,0,2.04633,
150877,-0.00591725,-0.0567573,-0.530127,-0.561437,1.73911,1.83194,0.130179,0.0456531,0,0.0122718,0,-0.00153398,0,2.04633,
150897,-0.00404537,-0.0567573,-0.52841,-0.561437,1.73323,1.83194,0.134343,0.0456531,0,0.0122718,0,-0.00153398,0,2.04633,
150917,-0.00218639,-0.0429515,-0.526674,-0.553767,1.72733,1.80126,0.138512,0.0747988,0,0.0122718,0,-0.00153398,0,2.04633,
150937,-0.00218639,-0.0429515,-0.526674,-0.553767,1.72733,1.80126,0.138512,0.0747988,0,0.0122718,0,-0.00153398,0,2.04633,
150957,-0.000340201,-0.0429515,-0.52492,-0.553767,1.7214,1.80126,0.142685,0.0747988,0,0.0122718,0,-0.00153398,0,2.04633,
150977,-0.000340201,-0.0429515,-0.52492,-0.553767,1.7214,1.80126,0.142685,0.0747988,0,0.0122718,0,-0.00153398,0,2.04633,
150997,0.00149333,-0.0429515,-0.523146,-0.553767,1.71545,1.80126,0.146862,0.0747988,0,0.0122718,0,-0.00153398,0,2.04633,
151017,0.00331431,-0.0306796,-0.521354,-0.544563,1.70947,1.77825,0.151045,0.0947405,0,0.0122718,0,-0.00153398,0,2.04633,
151037,0.00331431,-0.0306796,-0.521354,-0.544563,1.70947,1.77825,0.151045,0.0947405,0,0.0122718,0,-0.00153398,0,2.04633,
151057,0.00512286,-0.0306796,-0.519542,-0.544563,1.70348,1.77825,0.155232,0.0947405,0,0.0122718,0,-0.00153398,0,2.04633,
151077,0.0069191,-0.0306796,-0.517712,-0.544563,1.69745,1.77825,0.159424,0.0947405,0,0.0122718,0,-0.00153398,0,2.04633,
151097,0.0069191,-0.0306796,-0.517712,-0.544563,1.69745,1.77825,0.159424,0.0947405,0,0.0122718,0,-0.00153398,0,2.04633,
151117,-0.0245437,-0.0245437,-0.539961,-0.539961,1.77058,1.77058,0.105478,0.105478,0.0122718,0.0122718,0,-0.00153398,2.04633,2.04633,
151137,0.0104751,-0.0245437,-0.513994,-0.539961,1.68533,1.77058,0.167824,0.105478,0,0.0122718,0,-0.00153398,0,2.04633,
151157,0.0104751,-0.0245437,-0.513994,-0.539961,1.68533,1.77058,0.167824,0.105478,0,0.0122718,0,-0.00153398,0,2.04633,
151177,0.0122351,-0.0245437,-0.512106,-0.539961,1.67924,1.77058,0.172032,0.105478,0,0.0122718,0,-0.00153398,0,2.04633,
151197,0.0139832,-0.0245437,-0.510199,-0.539961,1.67312,1.77058,0.176245,0.105478,0,0.0122718,0,-0.00153398,0,2.04633,
151217,-0.0168738,-0.0168738,-0.535359,-0.535359,1.74604,1.74604,0.126954,0.126954,0.0122718,0.0122718,0,-0.00153398,2.04633,2.04633,
151237,0.0157195,-0.0168738,-0.508273,-0.535359,1.66697,1.74604,0.180464,0.126954,0,0.0122718,0,-0.00153398,0,2.04633,
151257,0.0157195,-0.0168738,-0.508273,-0.535359,1.66697,1.74604,0.180464,0.126954,0,0.0122718,0,-0.00153398,0,2.04633,
151277,0.0174442,-0.0168738,-0.506327,-0.535359,1.6608,1.74604,0.184689,0.126954,0,0.0122718,0,-0.00153398,0,2.04633,
151297,0.0191574,-0.0168738,-0.504363,-0.535359,1.65461,1.74604,0.18892,0.126954,0,0.0122718,0,-0.00153398,0,2.04633,
151317,-0.0107379,-0.0107379,-0.530757,-0.530757,1.72609,1.72609,0.139226,0.139226,0.0122718,0.0122718,0,-0.00153398,2.04633,2.04633,
151337,0.0208591,-0.0107379,-0.502379,-0.530757,1.64839,1.72609,0.193157,0.139226,0,0.0122718,0,-0.00153398,0,2.04633,
151357,0.0225495,-0.0107379,-0.500375,-0.530757,1.64214,1.72609,0.1974,0.139226,0,0.0122718,0,-0.00153398,0,2.04633,
151377,0.0225495,-0.0107379,-0.500375,-0.530757,1.64214,1.72609,0.1974,0.139226,0,0.0122718,0,-0.00153398,0,2.04633,
151397,0.0242286,-0.0107379,-0.498352,-0.530757,1.63587,1.72609,0.20165,0.139226,0,0.0122718,0,-0.00153398,0,2.04633,
151417,0.0258967,-0.00613592,-0.496309,-0.523087,1.62957,1.70769,0.205906,0.146896,0,0.0122718,0,-0.00153398,0,2.04786,
151437,0.0258967,-0.00613592,-0.496309,-0.523087,1.62957,1.70769,0.205906,0.146896,0,0.0122718,0,-0.00153398,0,2.04786,
151457,0.0275537,-0.00613592,-0.494247,-0.523087,1.62324,1.70769,0.210169,0.146896,0,0.0122718,0,-0.00153398,0,2.04786,
151477,0.0291998,-0.00613592,-0.492165,-0.523087,1.61689,1.70769,0.214439,0.146896,0,0.0122718,0,-0.00153398,0,2.04786,
151497,0.0291998,-0.00613592,-0.492165,-0.523087,1.61689,1.70769,0.214439,0.146896,0,0.0122718,0,-0.00153398,0,2.04786,
151517,0.030835,0.00153398,-0.490064,-0.518485,1.61051,1.68314,0.218715,0.160702,0,0.0122718,0,-0.00153398,0,2.04786,
151537,0.030835,0.00153398,-0.490064,-0.518485,1.61051,1.68314,0.218715,0.160702,0,0.0122718,0,-0.00153398,0,2.04786,
151557,0.030835,0.00153398,-0.490064,-0.518485,1.61051,1.68314,0.218715,0.160702,0,0.0122718,0,-0.00153398,0,2.04786,
151577,0.030835,0.00153398,-0.490064,-0.518485,1.61051,1.68314,0.218715,0.160702,0,0.0122718,0,-0.00153398,0,2.04786,
151597,0.030835,0.00153398,-0.490096,-0.518485,1.61053,1.68314,0.218732,0.160702,0,0.0122718,0,-0.00153398,0,2.04786,
151617,0.030835,0.00153398,-0.490316,-0.518485,1.61063,1.68314,0.218847,0.160702,0,0.0122718,0,-0.00153398,0,2.04786,
151637,0.0107379,0.0107379,-0.509282,-0.509282,1.654,1.654,0.177575,0.177575,0.0122718,0.0122718,0,-0.00306796,2.04786,2.04786,
151657,0.030835,0.0107379,-0.49088,-0.509282,1.6109,1.654,0.219143,0.177575,0,0.0122718,0,-0.00306796,0,2.04786,
151677,0.030835,0.0107379,-0.49088,-0.509282,1.6109,1.654,0.219143,0.177575,0,0.0122718,0,-0.00306796,0,2.04786,
151697,0.030835,0.0107379,-0.49192,-0.509282,1.6114,1.654,0.219688,0.177575,0,0.0122718,0,-0.00306796,0,2.04786,
151717,0.030835,0.0107379,-0.49192,-0.509282,1.6114,1.654,0.219688,0.177575,0,0.0122718,0,-0.00306796,0,2.04786,
151737,0.0138058,0.0138058,-0.493539,-0.501612,1.63252,1.63252,0.199051,0.199051,0.0138058,0.0138058,0,-0.00306796,2.04633,2.04633,
151757,0.030835,0.0138058,-0.495818,-0.501612,1.61324,1.63252,0.221742,0.199051,0,0.0138058,0,-0.00306796,0,2.04633,
151777,0.030835,0.0138058,-0.495818,-0.501612,1.61324,1.63252,0.221742,0.199051,0,0.0138058,0,-0.00306796,0,2.04633,
151797,0.030835,0.0138058,-0.498815,-0.501612,1.61465,1.63252,0.223333,0.199051,0,0.0138058,0,-0.00306796,0,2.04633,
151817,0.0138058,0.0138058,-0.498815,-0.500078,1.63099,1.63099,0.203653,0.203653,0.0138058,0.0138058,0,-0.00153398,2.04633,2.04633,
151837,0.030835,0.0138058,-0.502571,-0.500078,1.61639,1.63099,0.225342,0.203653,0,0.0138058,0,-0.00153398,0,2.04633,
151857,0.030835,0.0138058,-0.502571,-0.500078,1.61639,1.63099,0.225342,0.203653,0,0.0138058,0,-0.00153398,0,2.04633,
151877,0.030835,0.0138058,-0.507107,-0.500078,1.61848,1.63099,0.227788,0.203653,0,0.0138058,0,-0.00153398,0,2.04633,
151897,0.030835,0.0138058,-0.507107,-0.500078,1.61848,1.63099,0.227788,0.203653,0,0.0138058,0,-0.00153398,0,2.04633,
151917,0.0138058,0.0138058,-0.501612,-0.501612,1.63252,1.63252,0.189847,0.189847,0.0138058,0.0138058,0,-0.00306796,2.04786,2.04786,
151937,0.0138058,0.0138058,-0.501612,-0.501612,1.63252,1.63252,0.189847,0.189847,0.0138058,0.0138058,0,-0.00306796,2.04786,2.04786,
151957,0.030835,0.0138058,-0.518531,-0.501612,1.62365,1.63252,0.234051,0.189847,0,0.0138058,0,-0.00306796,0,2.04786,
151977,0.030835,0.0138058,-0.525392,-0.501612,1.62667,1.63252,0.237883,0.189847,0,0.0138058,0,-0.00306796,0,2.04786,
151997,0.030835,0.0138058,-0.525392,-0.501612,1.62667,1.63252,0.237883,0.189847,0,0.0138058,0,-0.00306796,0,2.04786,
152017,0.030835,0.0199418,-0.532982,-0.492408,1.62996,1.60951,0.242184,0.215925,0,0.0138058,0,-0.00306796,0,2.04633,
152037,0.030835,0.0199418,-0.532982,-0.492408,1.62996,1.60951,0.242184,0.215925,0,0.0138058,0,-0.00306796,0,2.04633,
152057,0.030835,0.0199418,-0.541264,-0.492408,1.63348,1.60951,0.246953,0.215925,0,0.0138058,0,-0.00306796,0,2.04633,
152077,0.030835,0.0199418,-0.541264,-0.492408,1.63348,1.60951,0.246953,0.215925,0,0.0138058,0,-0.00306796,0,2.04633,
152097,0.030835,0.0199418,-0.550192,-0.492408,1.63718,1.60951,0.25218,0.215925,0,0.0138058,0,-0.00306796,0,2.04633,
152117,0.030835,0.0199418,-0.559712,-0.493942,1.64102,1.60798,0.257855,0.215925,0,0.0138058,0,-0.00306796,0,2.04633,
152137,0.030835,0.0199418,-0.559712,-0.493942,1.64102,1.60798,0.257855,0.215925,0,0.0138058,0,-0.00306796,0,2.04633,
152157,0.030835,0.0199418,-0.569771,-0.493942,1.64497,1.60798,0.263964,0.215925,0,0.0138058,0,-0.00306796,0,2.04633,
152177,0.030835,0.0199418,-0.569771,-0.493942,1.64497,1.60798,0.263964,0.215925,0,0.0138058,0,-0.00306796,0,2.04633,
152197,0.030835,0.0199418,-0.580306,-0.493942,1.64898,1.60798,0.27049,0.215925,0,0.0138058,0,-0.00306796,0,2.04633,
152217,0.030835,0.0214757,-0.49701,-0.49701,1.61105,1.61105,0.215925,0.215925,0.0138058,0.0138058,0,-0.00306796,2.04786,2.04786,
152237,0.030835,0.0214757,-0.591257,-0.49701,1.65301,1.61105,0.27741,0.215925,0,0.0138058,0,-0.00306796,0,2.04786,
152257,0.030835,0.0214757,-0.591257,-0.49701,1.65301,1.61105,0.27741,0.215925,0,0.0138058,0,-0.00306796,0,2.04786,
152277,0.030835,0.0214757,-0.602561,-0.49701,1.65703,1.61105,0.284701,0.215925,0,0.0138058,0,-0.00306796,0,2.04786,
152297,0.030835,0.0214757,-0.498544,-0.498544,1.61718,1.61718,0.212857,0.212857,0.0138058,0.0138058,0,-0.00306796,2.04633,2.04633,
152317,0.030835,0.0214757,-0.498544,-0.498544,1.61718,1.61718,0.212857,0.212857,0.0138058,0.0138058,0,-0.00306796,2.04633,2.04633,
152337,0.030835,0.0214757,-0.498544,-0.498544,1.61718,1.61718,0.212857,0.212857,0.0138058,0.0138058,0,-0.00306796,2.04633,2.04633,
152357,0.030835,0.0214757,-0.625974,-0.498544,1.66485,1.61718,0.300287,0.212857,0,0.0138058,0,-0.00306796,0,2.04633,
152377,0.030835,0.0214757,-0.637959,-0.498544,1.6686,1.61718,0.308522,0.212857,0,0.0138058,0,-0.00306796,0,2.04633,
152397,0.030835,0.0214757,-0.637959,-0.498544,1.6686,1.61718,0.308522,0.212857,0,0.0138058,0,-0.00306796,0,2.04633,
152417,0.030835,0.0245437,-0.650051,-0.509282,1.67221,1.61565,0.317009,0.226663,0,0.0153398,0,-0.00306796,0,2.04786,
152437,0.030835,0.0245437,-0.650051,-0.509282,1.67221,1.61565,0.317009,0.226663,0,0.0153398,0,-0.00306796,0,2.04786,
152457,0.030835,0.0245437,-0.662194,-0.509282,1.67564,1.61565,0.325714,0.226663,0,0.0153398,0,-0.00306796,0,2.04786,
152477,0.030835,0.0245437,-0.662194,-0.509282,1.67564,1.61565,0.325714,0.226663,0,0.0153398,0,-0.00306796,0,2.04786,
152497,0.030835,0.0245437,-0.674335,-0.509282,1.6789,1.61565,0.334603,0.226663,0,0.0153398,0,-0.00306796,0,2.04786,
152517,0.030835,0.0245437,-0.535359,-0.535359,1.61872,1.61872,0.251207,0.251207,0.0153398,0.0153398,0,-0.00306796,2.04786,2.04786,
152537,0.030835,0.0245437,-0.686424,-0.535359,1.68195,1.61872,0.343641,0.251207,0,0.0153398,0,-0.00306796,0,2.04786,
152557,0.030835,0.0245437,-0.698418,-0.535359,1.68479,1.61872,0.352794,0.251207,0,0.0153398,0,-0.00306796,0,2.04786,
152577,0.030835,0.0245437,-0.698418,-0.535359,1.68479,1.61872,0.352794,0.251207,0,0.0153398,0,-0.00306796,0,2.04786,
152597,0.030835,0.0245437,-0.710276,-0.535359,1.68741,1.61872,0.362029,0.251207,0,0.0153398,0,-0.00306796,0,2.04786,
152617,0.030835,0.0245437,-0.524621,-0.524621,1.62178,1.62178,0.243537,0.243537,0.0153398,0.0153398,0,-0.00153398,2.04786,2.04786,
152637,0.030835,0.0245437,-0.721962,-0.524621,1.68981,1.62178,0.371313,0.243537,0,0.0153398,0,-0.00153398,0,2.04786,
152657,0.030835,0.0245437,-0.721962,-0.524621,1.68981,1.62178,0.371313,0.243537,0,0.0153398,0,-0.00153398,0,2.04786,
152677,0.030835,0.0245437,-0.733445,-0.524621,1.69199,1.62178,0.380616,0.243537,0,0.0153398,0,-0.00153398,0,2.04786,
152697,0.030835,0.0245437,-0.733445,-0.524621,1.69199,1.62178,0.380616,0.243537,0,0.0153398,0,-0.00153398,0,2.04786,
152717,0.030835,0.0245437,-0.526155,-0.526155,1.62792,1.62792,0.242003,0.242003,0.0168738,0.0168738,0,-0.00153398,2.04786,2.04786,
152737,0.030835,0.0245437,-0.526155,-0.526155,1.62792,1.62792,0.242003,0.242003,0.0168738,0.0168738,0,-0.00153398,2.04786,2.04786,
152757,0.030835,0.0245437,-0.755704,-0.526155,1.6957,1.62792,0.39917,0.242003,0,0.0168738,0,-0.00153398,0,2.04786,
152777,0.030835,0.0245437,-0.766442,-0.526155,1.69724,1.62792,0.408371,0.242003,0,0.0168738,0,-0.00153398,0,2.04786,
152798,0.030835,0.0245437,-0.766442,-0.526155,1.69724,1.62792,0.408371,0.242003,0,0.0168738,0,-0.00153398,0,2.04786,
152817,0.030835,0.0260777,-0.553767,-0.553767,1.63406,1.63406,0.26808,0.26808,0.0184078,0.0184078,0,-0.00306796,2.04786,2.04786,
152837,0.030835,0.0260777,-0.553767,-0.553767,1.63406,1.63406,0.26808,0.26808,0.0184078,0.0184078,0,-0.00306796,2.04786,2.04786,
152857,0.030835,0.0260777,-0.787075,-0.553767,1.69971,1.63406,0.426526,0.26808,0,0.0184078,0,-0.00306796,0,2.04786,
152877,0.030835,0.0260777,-0.787075,-0.553767,1.69971,1.63406,0.426526,0.26808,0,0.0184078,0,-0.00306796,0,2.04786,
152897,0.030835,0.0260777,-0.796959,-0.553767,1.70067,1.63406,0.43545,0.26808,0,0.0184078,0,-0.00306796,0,2.04786,
152917,0.030835,0.0276117,-0.806556,-0.625864,1.70146,1.67241,0.444258,0.334042,0,0.0153398,0,-0.00306796,0,2.04786,
152937,0.030835,0.0276117,-0.806556,-0.625864,1.70146,1.67241,0.444258,0.334042,0,0.0153398,0,-0.00306796,0,2.04786,
152957,0.030835,0.0276117,-0.815869,-0.625864,1.70209,1.67241,0.452945,0.334042,0,0.0153398,0,-0.00306796,0,2.04786,
152977,0.030835,0.0276117,-0.815869,-0.625864,1.70209,1.67241,0.452945,0.334042,0,0.0153398,0,-0.00306796,0,2.04786,
152997,0.030835,0.0276117,-0.824906,-0.625864,1.70256,1.67241,0.461508,0.334042,0,0.0153398,0,-0.00306796,0,2.04786,
153017,0.030835,0.0322136,-0.585981,-0.585981,1.66627,1.66627,0.297226,0.297226,0.0153398,0.0153398,0,-0.00153398,2.04786,2.04786,
153037,0.030835,0.0322136,-0.83368,-0.585981,1.7029,1.66627,0.469948,0.297226,0,0.0153398,0,-0.00153398,0,2.04786,
153057,0.030835,0.0322136,-0.842203,-0.585981,1.7031,1.66627,0.478271,0.297226,0,0.0153398,0,-0.00153398,0,2.04786,
153077,0.030835,0.0322136,-0.842203,-0.585981,1.7031,1.66627,0.478271,0.297226,0,0.0153398,0,-0.00153398,0,2.04786,
153097,0.030835,0.0322136,-0.850493,-0.585981,1.70317,1.66627,0.486485,0.297226,0,0.0153398,0,-0.00153398,0,2.04786,
153117,0.030835,0.0337476,-0.605922,-0.605922,1.67087,1.67087,0.3141,0.3141,0.0107379,0.0107379,0,-0.00306796,2.04633,2.04633,
153137,0.030835,0.0337476,-0.858567,-0.605922,1.70313,1.67087,0.494602,0.3141,0,0.0107379,0,-0.00306796,0,2.04633,
153157,0.030835,0.0337476,-0.858567,-0.605922,1.70313,1.67087,0.494602,0.3141,0,0.0107379,0,-0.00306796,0,2.04633,
153177,0.030835,0.0337476,-0.866446,-0.605922,1.70298,1.67087,0.502634,0.3141,0,0.0107379,0,-0.00306796,0,2.04633,
153197,0.030835,0.0337476,-0.874153,-0.605922,1.70272,1.67087,0.510599,0.3141,0,0.0107379,0,-0.00306796,0,2.04633,
153217,0.030835,0.0398835,-0.716369,-0.716369,1.70272,1.70922,0.413809,0.413809,0,0.00153398,0,-0.00153398,2.04786,2.04786,
153237,0.030835,0.0398835,-0.881708,-0.716369,1.70236,1.70922,0.518517,0.413809,0,0.00153398,0,-0.00153398,0,2.04786,
153257,0.030835,0.0398835,-0.881708,-0.716369,1.70236,1.70922,0.518517,0.413809,0,0.00153398,0,-0.00153398,0,2.04786,
153277,0.030835,0.0398835,-0.889137,-0.716369,1.7019,1.70922,0.526407,0.413809,0,0.00153398,0,-0.00153398,0,2.04786,
153297,0.030835,0.0398835,-0.889137,-0.716369,1.7019,1.70922,0.526407,0.413809,0,0.00153398,0,-0.00153398,0,2.04786,
153317,0.0429515,0.0429515,-0.756253,-0.756253,1.71689,1.71689,0.450624,0.450624,0,0,0,0,2.04633,2.04633,
153337,0.0429515,0.0429515,-0.756253,-0.756253,1.71689,1.71689,0.450624,0.450624,0,0,0,0,2.04633,2.04633,
153357,0.030835,0.0429515,-0.903707,-0.756253,1.70068,1.71689,0.542197,0.450624,0,0,0,0,0,2.04633,
153377,0.030835,0.0429515,-0.910896,-0.756253,1.69991,1.71689,0.550147,0.450624,0,0,0,0,0,2.04633,
153397,0.030835,0.0429515,-0.910896,-0.756253,1.69991,1.71689,0.550147,0.450624,0,0,0,0,0,2.04633,
153417,0.030835,0.0460194,-0.91805,-0.684155,1.69905,1.70769,0.558166,0.373925,0,-0.00306796,0,0,0,2.04633,
153437,0.030835,0.0460194,-0.91805,-0.684155,1.69905,1.70769,0.558166,0.373925,0,-0.00306796,0,0,0,2.04633,
153457,0.030835,0.0460194,-0.925192,-0.684155,1.69808,1.70769,0.56628,0.373925,0,-0.00306796,0,0,0,2.04633,
153477,0.030835,0.0460194,-0.925192,-0.684155,1.69808,1.70769,0.56628,0.373925,0,-0.00306796,0,0,0,2.04633,
153497,0.030835,0.0460194,-0.932342,-0.684155,1.69699,1.70769,0.574516,0.373925,0,-0.00306796,0,0,0,2.04633,
153517,0.0460194,0.0460194,-0.679554,-0.679554,1.69699,1.70462,0.380061,0.380061,0,-0.00613592,0,-0.00153398,2.04633,2.04633,
153537,0.030835,0.0460194,-0.939517,-0.679554,1.69578,1.70462,0.582898,0.380061,0,-0.00613592,0,-0.00153398,0,2.04633,
153557,0.030835,0.0460194,-0.939517,-0.679554,1.69578,1.70462,0.582898,0.380061,0,-0.00613592,0,-0.00153398,0,2.04633,
153577,0.030835,0.0460194,-0.946734,-0.679554,1.69445,1.70462,0.591449,0.380061,0,-0.00613592,0,-0.00153398,0,2.04633,
153597,0.030835,0.0460194,-0.946734,-0.679554,1.69445,1.70462,0.591449,0.380061,0,-0.00613592,0,-0.00153398,0,2.04633,
153617,0.0460194,0.0460194,-0.754719,-0.754719,1.70615,1.70615,0.46443,0.46443,-0.0107379,-0.0107379,0,-0.00153398,2.04786,2.04786,
153637,0.0460194,0.0460194,-0.754719,-0.754719,1.70615,1.70615,0.46443,0.46443,-0.0107379,-0.0107379,0,-0.00153398,2.04786,2.04786,
153657,0.030835,0.0460194,-0.961349,-0.754719,1.69136,1.70615,0.609152,0.46443,0,-0.0107379,0,-0.00153398,0,2.04786,
153677,0.030835,0.0460194,-0.968766,-0.754719,1.68959,1.70615,0.618343,0.46443,0,-0.0107379,0,-0.00153398,0,2.04786,
153697,0.030835,0.0460194,-0.968766,-0.754719,1.68959,1.70615,0.618343,0.46443,0,-0.0107379,0,-0.00153398,0,2.04786,
153717,0.030835,0.0475534,-0.976266,-0.837554,1.68765,1.71229,0.627784,0.534993,0,-0.0107379,0,0.00153398,0,2.04633,
153737,0.030835,0.0475534,-0.976266,-0.837554,1.68765,1.71229,0.627784,0.534993,0,-0.0107379,0,0.00153398,0,2.04633,
153757,0.030835,0.0475534,-0.983852,-0.837554,1.68553,1.71229,0.637488,0.534993,0,-0.0107379,0,0.00153398,0,2.04633,
153777,0.030835,0.0475534,-0.983852,-0.837554,1.68553,1.71229,0.637488,0.534993,0,-0.0107379,0,0.00153398,0,2.04633,
153797,0.030835,0.0475534,-0.991522,-0.837554,1.68322,1.71229,0.647467,0.534993,0,-0.0107379,0,0.00153398,0,2.04633,
153817,0.0567573,0.0567573,-0.76699,-0.76699,1.71075,1.71075,0.446022,0.446022,-0.0153398,-0.0153398,0,0,2.04633,2.04633,
153837,0.030835,0.0567573,-0.999274,-0.76699,1.68071,1.71075,0.657727,0.446022,0,-0.0153398,0,0,0,2.04633,
153857,0.030835,0.0567573,-1.0071,-0.76699,1.67799,1.71075,0.668272,0.446022,0,-0.0153398,0,0,0,2.04633,
153877,0.030835,0.0567573,-1.0071,-0.76699,1.67799,1.71075,0.668272,0.446022,0,-0.0153398,0,0,0,2.04633,
153897,0.030835,0.0567573,-1.01499,-0.76699,1.67505,1.71075,0.679103,0.446022,0,-0.0153398,0,0,0,2.04633,
153917,0.0567573,0.0567573,-0.777728,-0.777728,1.70922,1.70922,0.46443,0.46443,-0.0153398,-0.0153398,0,0,2.04633,2.04633,
153937,0.030835,0.0567573,-1.02294,-0.777728,1.67189,1.70922,0.690214,0.46443,0,-0.0153398,0,0,0,2.04633,
153957,0.030835,0.0567573,-1.02294,-0.777728,1.67189,1.70922,0.690214,0.46443,0,-0.0153398,0,0,0,2.04633,
153977,0.030835,0.0567573,-1.03091,-0.777728,1.66848,1.70922,0.701596,0.46443,0,-0.0153398,0,0,0,2.04633,
153997,0.030835,0.0567573,-1.03091,-0.777728,1.66848,1.70922,0.701596,0.46443,0,-0.0153398,0,0,0,2.04633,
154017,0.0506214,0.0506214,-0.895845,-0.895845,1.71229,1.71229,0.59942,0.59942,-0.0153398,-0.0153398,0,0,2.0448,2.0448,
154037,0.030835,0.0506214,-1.0469,-0.895845,1.66095,1.71229,0.725118,0.59942,0,-0.0153398,0,0,0,2.0448,
154057,0.030835,0.0506214,-1.0469,-0.895845,1.66095,1.71229,0.725118,0.59942,0,-0.0153398,0,0,0,2.0448,
154077,0.030835,0.0506214,-1.05486,-0.895845,1.65681,1.71229,0.737216,0.59942,0,-0.0153398,0,0,0,2.0448,
154097,0.030835,0.0506214,-1.05486,-0.895845,1.65681,1.71229,0.737216,0.59942,0,-0.0153398,0,0,0,2.0448,
154117,0.0567573,0.0567573,-0.880505,-0.880505,1.71536,1.71536,0.57641,0.57641,-0.0138058,-0.0138058,0,0.00153398,2.04633,2.04633,
154138,0.0567573,0.0567573,-0.880505,-0.880505,1.71536,1.71536,0.57641,0.57641,-0.0138058,-0.0138058,0,0.00153398,2.04633,2.04633,
154157,0.030835,0.0567573,-1.0706,-0.880505,1.64782,1.71536,0.761946,0.57641,0,-0.0138058,0,0.00153398,0,2.04633,
154177,0.030835,0.0567573,-1.0706,-0.880505,1.64782,1.71536,0.761946,0.57641,0,-0.0138058,0,0.00153398,0,2.04633,
154197,0.030835,0.0567573,-1.07832,-0.880505,1.64298,1.71536,0.774509,0.57641,0,-0.0138058,0,0.00153398,0,2.04633,
154219,0.0628932,0.0628932,-0.839087,-0.839087,1.71689,1.71689,0.511983,0.511983,-0.0153398,-0.0153398,0,0,2.04633,2.04633,
154237,0.030835,0.0628932,-1.08591,-0.839087,1.63792,1.71689,0.787149,0.511983,0,-0.0153398,0,0,0,2.04633,
154257,0.030835,0.0628932,-1.09332,-0.839087,1.63267,1.71689,0.79982,0.511983,0,-0.0153398,0,0,0,2.04633,
154277,0.030835,0.0628932,-1.09332,-0.839087,1.63267,1.71689,0.79982,0.511983,0,-0.0153398,0,0,0,2.04633,
154297,0.030835,0.0628932,-1.10055,-0.839087,1.62724,1.71689,0.812472,0.511983,0,-0.0153398,0,0,0,2.04633,
154317,0.0628932,0.0628932,-0.837554,-0.837554,1.71536,1.71536,0.527323,0.527323,-0.0138058,-0.0138058,0,0,2.04786,2.04786,
154337,0.030835,0.0628932,-1.10755,-0.837554,1.62167,1.71536,0.825051,0.527323,0,-0.0138058,0,0,0,2.04786,
154357,0.030835,0.0628932,-1.10755,-0.837554,1.62167,1.71536,0.825051,0.527323,0,-0.0138058,0,0,0,2.04786,
154377,0.030835,0.0628932,-1.11431,-0.837554,1.61597,1.71536,0.8375,0.527323,0,-0.0138058,0,0,0,2.04786,
154397,0.030835,0.0628932,-1.11431,-0.837554,1.61597,1.71536,0.8375,0.527323,0,-0.0138058,0,0,0,2.04786,
154417,0.0598252,0.0598252,-0.892777,-0.892777,1.71229,1.71229,0.604022,0.604022,-0.0153398,-0.0153398,0,0,2.04633,2.04633,
154437,0.030835,0.0598252,-1.12698,-0.892777,1.60438,1.71229,0.861769,0.604022,0,-0.0153398,0,0,0,2.04633,
154457,0.030835,0.0598252,-1.12698,-0.892777,1.60438,1.71229,0.861769,0.604022,0,-0.0153398,0,0,0,2.04633,
154477,0.030835,0.0598252,-1.13286,-0.892777,1.59856,1.71229,0.873464,0.604022,0,-0.0153398,0,0,0,2.04633,
154497,0.030835,0.0598252,-1.13286,-0.892777,1.59856,1.71229,0.873464,0.604022,0,-0.0153398,0,0,0,2.04633,
154517,0.0521553,0.0521553,-0.987884,-0.987884,1.70002,1.70002,0.731343,0.731343,-0.0138058,-0.0138058,0,0.00306796,2.04633,2.04633,
154537,0.0521553,0.0521553,-0.987884,-0.987884,1.70002,1.70002,0.731343,0.731343,-0.0138058,-0.0138058,0,0.00306796,2.04633,2.04633,
154557,0.030835,0.0521553,-1.14359,-0.987884,1.5871,1.70002,0.895658,0.731343,0,-0.0138058,0,0.00306796,0,2.04633,
154577,0.030835,0.0521553,-1.14359,-0.987884,1.5871,1.70002,0.895658,0.731343,0,-0.0138058,0,0.00306796,0,2.04633,
154597,0.030835,0.0521553,-1.14842,-0.987884,1.58156,1.70002,0.906033,0.731343,0,-0.0138058,0,0.00306796,0,2.04633,
154617,0.030835,0.0628932,-1.15289,-0.935728,1.57621,1.70308,0.915845,0.596352,0,-0.0168738,0,0,0,2.04326,
154637,0.030835,0.0628932,-1.15289,-0.935728,1.57621,1.70308,0.915845,0.596352,0,-0.0168738,0,0,0,2.04326,
154657,0.030835,0.0628932,-1.15697,-0.935728,1.5711,1.70308,0.925038,0.596352,0,-0.0168738,0,0,0,2.04326,
154677,0.030835,0.0628932,-1.15697,-0.935728,1.5711,1.70308,0.925038,0.596352,0,-0.0168738,0,0,0,2.04326,
154697,0.030835,0.0659612,-1.16068,-0.918854,1.56628,1.69081,0.933561,0.596352,0,-0.0153398,0,0,0,2.0448,
154717,0.0659612,0.0659612,-0.918854,-0.918854,1.69081,1.69081,0.596352,0.596352,-0.0153398,-0.0153398,0,0,2.0448,2.0448,
154737,0.030835,0.0659612,-1.16401,-0.918854,1.5618,1.69081,0.941369,0.596352,0,-0.0153398,0,0,0,2.0448,
154757,0.030835,0.0659612,-1.16695,-0.918854,1.5577,1.69081,0.948422,0.596352,0,-0.0153398,0,0,0,2.0448,
154777,0.030835,0.0659612,-1.16695,-0.918854,1.5577,1.69081,0.948422,0.596352,0,-0.0153398,0,0,0,2.0448,
154797,0.030835,0.0659612,-1.16953,-0.918854,1.554,1.69081,0.954692,0.596352,0,-0.0153398,0,0,0,2.0448,
154817,0.030835,0.0659612,-1.16953,-0.918854,1.554,1.69081,0.954692,0.596352,0,-0.0153398,0,0,0,2.0448,
154837,0.0613592,0.0613592,-0.972544,-0.972544,1.68314,1.68314,0.706799,0.706799,-0.0122718,-0.0122718,0,0,2.04633,2.04633,
154857,0.0613592,0.0613592,-0.972544,-0.972544,1.68314,1.68314,0.706799,0.706799,-0.0122718,-0.0122718,0,0,2.04633,2.04633,
154877,0.030835,0.0613592,-1.1736,-0.972544,1.54795,1.68314,0.964817,0.706799,0,-0.0122718,0,0,0,2.04633,
154897,0.030835,0.0613592,-1.1736,-0.972544,1.54795,1.68314,0.964817,0.706799,0,-0.0122718,0,0,0,2.04633,
154917,0.030835,0.0613592,-1.17512,-0.972544,1.54561,1.68314,0.968673,0.706799,0,-0.0122718,0,0,0,2.04633,
154937,0.0613592,0.0613592,-0.981748,-0.981748,1.68928,1.68928,0.708333,0.708333,-0.0107379,-0.0107379,0,0.00306796,2.0448,2.0448,
154957,0.030835,0.0613592,-1.17632,-0.981748,1.54374,1.68928,0.97175,0.708333,0,-0.0107379,0,0.00306796,0,2.0448,
154977,0.030835,0.0613592,-1.17632,-0.981748,1.54374,1.68928,0.97175,0.708333,0,-0.0107379,0,0.00306796,0,2.0448,
154997,0.030835,0.0613592,-1.17723,-0.981748,1.54231,1.68928,0.974089,0.708333,0,-0.0107379,0,0.00306796,0,2.0448,
155017,0.030835,0.0628932,-1.17787,-0.984816,1.54129,1.69081,0.97575,0.653109,0,-0.0107379,0,0.00153398,0,2.0448,
155037,0.030835,0.0628932,-1.17787,-0.984816,1.54129,1.69081,0.97575,0.653109,0,-0.0107379,0,0.00153398,0,2.0448,
155057,0.030835,0.0628932,-1.17828,-0.984816,1.54063,1.69081,0.976817,0.653109,0,-0.0107379,0,0.00153398,0,2.0448,
155077,0.030835,0.0628932,-1.17828,-0.984816,1.54063,1.69081,0.976817,0.653109,0,-0.0107379,0,0.00153398,0,2.0448,
155097,0.030835,0.0628932,-1.1785,-0.984816,1.54027,1.69081,0.977396,0.653109,0,-0.0107379,0,0.00153398,0,2.0448,
155117,0.030835,0.0628932,-1.1785,-0.984816,1.54027,1.69081,0.977396,0.653109,0,-0.0107379,0,0.00153398,0,2.0448,
155137,0.0506214,0.0506214,-1.1014,-1.1014,1.61411,1.61411,0.916954,0.916954,-0.0122718,-0.0122718,0,0.00153398,2.0448,2.0448,
155157,0.030835,0.0506214,-1.17859,-1.1014,1.54013,1.61411,0.977621,0.916954,0,-0.0122718,0,0.00153398,0,2.0448,
155177,0.030835,0.0506214,-1.17859,-1.1014,1.54013,1.61411,0.977621,0.916954,0,-0.0122718,0,0.00153398,0,2.0448,
155197,0.030835,0.0506214,-1.17859,-1.1014,1.54013,1.61411,0.977621,0.916954,0,-0.0122718,0,0.00153398,0,2.0448,
155217,0.030835,0.0506214,-1.17859,-1.1014,1.54013,1.61411,0.977621,0.916954,0.0314159,-0.0122718,0.015708,0.00153398,0,2.0448,
155237,0.030835,0.0475534,-1.17859,-1.16122,1.54013,1.5911,0.977621,0.981381,0.0628319,-0.0122718,0.0314159,0.00153398,0,2.0448,
155257,0.030835,0.0475534,-1.17859,-1.16122,1.54013,1.5911,0.977621,0.981381,0.0628319,-0.0122718,0.0314159,0.00153398,0,2.0448,
155277,0.030835,0.0475534,-1.17859,-1.16122,1.54013,1.5911,0.977621,0.981381,0.0942478,-0.0122718,0.0471239,0.00153398,0,2.0448,
155297,0.030835,0.0475534,-1.17859,-1.16122,1.54013,1.5911,0.977621,0.981381,0.125664,-0.0122718,0.0628319,0.00153398,0,2.0448,
155317,0.030835,0.0414175,-1.17859,-1.1827,1.54013,1.57423,0.977621,0.989051,0.15708,-0.0107379,0.0785398,0.00153398,0,2.0448,
155337,0.030835,0.0414175,-1.17859,-1.1827,1.54013,1.57423,0.977621,0.989051,0.188496,-0.0107379,0.0942478,0.00153398,0,2.0448,
155357,0.030835,0.0414175,-1.17859,-1.1827,1.54013,1.57423,0.977621,0.989051,0.188496,-0.0107379,0.0942478,0.00153398,0,2.0448,
155377,0.030835,0.0414175,-1.17859,-1.1827,1.54013,1.57423,0.977621,0.989051,0.219911,-0.0107379,0.109956,0.00153398,0,2.0448,
155397,0.030835,0.0414175,-1.17859,-1.1827,1.54013,1.57423,0.977621,0.989051,0.251327,-0.0107379,0.125664,0.00153398,0,2.0448,
155417,0.030835,0.0398835,-1.17859,-1.19344,1.54013,1.5727,0.977621,0.995187,0.251327,-0.00920388,0.125664,0.00153398,0,2.04633,
155437,0.030835,0.0398835,-1.17859,-1.19344,1.54013,1.5727,0.977621,0.995187,0.282743,-0.00920388,0.141372,0.00153398,0,2.04633,
155457,0.030835,0.0398835,-1.17859,-1.19344,1.54013,1.5727,0.977621,0.995187,0.314159,-0.00920388,0.15708,0.00153398,0,2.04633,
155477,0.030835,0.0398835,-1.17859,-1.19344,1.54013,1.5727,0.977621,0.995187,0.345575,-0.00920388,0.172788,0.00153398,0,2.04633,
155497,0.030835,0.0398835,-1.17859,-1.19344,1.54013,1.5727,0.977621,0.995187,0.345575,-0.00920388,0.172788,0.00153398,0,2.04633,
155517,0.030835,0.0398835,-1.17859,-1.19344,1.54013,1.5727,0.977621,0.995187,0.376991,-0.00920388,0.188496,0.00153398,0,2.04633,
155537,0.030835,0.0398835,-1.17859,-1.19804,1.54013,1.54662,0.977621,0.996721,0.408407,-0.0076699,0.204204,0.00153398,0,2.0448,
155557,0.030835,0.0398835,-1.17859,-1.19804,1.54013,1.54662,0.977621,0.996721,0.408407,-0.0076699,0.204204,0.00153398,0,2.0448,
155577,0.030835,0.0398835,-1.17859,-1.19804,1.54013,1.54662,0.977621,0.996721,0.439823,-0.0076699,0.219911,0.00153398,0,2.0448,
155597,0.030835,0.0398835,-1.17859,-1.19804,1.54013,1.54662,0.977621,0.996721,0.471239,-0.0076699,0.235619,0.00153398,0,2.0448,
155617,0.030835,0.0398835,-1.17859,-1.19804,1.54013,1.54662,0.977621,0.996721,0.502655,-0.0076699,0.251327,0.00153398,0,2.0448,
155637,0.030835,0.0398835,-1.17859,-1.19804,1.54013,1.54508,0.977621,0.998255,0.534071,0.0122718,0.267035,0.00613592,0,2.04326,
155657,0.030835,0.0398835,-1.17859,-1.19804,1.54013,1.54508,0.977621,0.998255,0.534071,0.0122718,0.267035,0.00613592,0,2.04326,
155677,0.030835,0.0398835,-1.17859,-1.19804,1.54013,1.54508,0.977621,0.998255,0.565487,0.0122718,0.282743,0.00613592,0,2.04326,
155697,0.030835,0.0398835,-1.17859,-1.19804,1.54013,1.54508,0.977621,0.998255,0.596903,0.0122718,0.298451,0.00613592,0,2.04326,
155717,0.030835,0.0398835,-1.17859,-1.19804,1.54013,1.54508,0.977621,0.998255,0.628319,0.113515,0.314159,0.0552233,0,2.0448,
155737,0.030835,0.0398835,-1.17859,-1.19804,1.54013,1.54508,0.977621,0.998255,0.659735,0.113515,0.329867,0.0552233,0,2.0448,
155757,0.030835,0.0398835,-1.17859,-1.19804,1.54013,1.54508,0.977621,0.998255,0.659735,0.113515,0.329867,0.0552233,0,2.0448,
155777,0.030835,0.0398835,-1.17859,-1.19804,1.54013,1.54508,0.977621,0.998255,0.691151,0.113515,0.345575,0.0552233,0,2.0448,
155797,0.030835,0.0398835,-1.17859,-1.19804,1.54013,1.54508,0.977621,0.998255,0.722566,0.113515,0.361283,0.0552233,0,2.0448,
155817,0.030835,0.0383495,-1.17859,-1.19804,1.54013,1.54508,0.977621,0.998255,0.753982,0.274583,0.376991,0.131922,0,2.0448,
155837,0.030835,0.0383495,-1.17859,-1.19804,1.54013,1.54508,0.977621,0.998255,0.753982,0.274583,0.376991,0.131922,0,2.0448,
155857,0.030835,0.0383495,-1.17859,-1.19804,1.54013,1.54508,0.977621,0.998255,0.785398,0.274583,0.392699,0.131922,0,2.0448,
155877,0.030835,0.0383495,-1.17859,-1.19804,1.54013,1.54508,0.977621,0.998255,0.816814,0.274583,0.408407,0.131922,0,2.0448,
155897,0.030835,0.0383495,-1.17859,-1.19804,1.54013,1.54508,0.977621,0.998255,0.816814,0.274583,0.408407,0.131922,0,2.0448,
155917,0.030835,0.0383495,-1.17859,-1.19804,1.54013,1.54508,0.977621,0.998255,0.84823,0.274583,0.424115,0.131922,0,2.0448,
155937,0.030835,0.0368155,-1.17859,-1.19804,1.54013,1.54355,0.977621,0.998255,0.879646,0.409573,0.439823,0.19635,0,2.04633,
155957,0.030835,0.0368155,-1.17859,-1.19804,1.54013,1.54355,0.977621,0.998255,0.911062,0.409573,0.455531,0.19635,0,2.04633,
155977,0.030835,0.0368155,-1.17859,-1.19804,1.54013,1.54355,0.977621,0.998255,0.911062,0.409573,0.455531,0.19635,0,2.04633,
155997,0.030835,0.0368155,-1.17859,-1.19804,1.54013,1.54355,0.977621,0.998255,0.942478,0.409573,0.471239,0.19635,0,2.04633,
156017,0.030835,0.0368155,-1.17859,-1.19804,1.54013,1.54355,0.977621,0.998255,0.973894,0.409573,0.486947,0.19635,0,2.04633,
156037,0.030835,0.0352816,-1.17859,-1.19804,1.54013,1.54355,0.977621,0.996721,1.00531,0.546097,0.502655,0.260777,0,2.0448,
156057,0.030835,0.0352816,-1.17859,-1.19804,1.54013,1.54355,0.977621,0.996721,1.00531,0.546097,0.502655,0.260777,0,2.0448,
156077,0.030835,0.0352816,-1.17859,-1.19804,1.54013,1.54355,0.977621,0.996721,1.03673,0.546097,0.518363,0.260777,0,2.0448,
156097,0.030835,0.0352816,-1.17859,-1.19804,1.54013,1.54355,0.977621,0.996721,1.06814,0.546097,0.534071,0.260777,0,2.0448,
156117,0.030835,0.0352816,-1.17859,-1.19804,1.54013,1.54355,0.977621,0.995187,1.09956,0.648874,0.549779,0.314466,0,2.04633,
156137,0.030835,0.0352816,-1.17859,-1.19804,1.54013,1.54355,0.977621,0.995187,1.09956,0.648874,0.549779,0.314466,0,2.04633,
156157,0.030835,0.0352816,-1.17859,-1.19804,1.54013,1.54355,0.977621,0.995187,1.13097,0.648874,0.565487,0.314466,0,2.04633,
156177,0.030835,0.0352816,-1.17859,-1.19804,1.54013,1.54355,0.977621,0.995187,1.16239,0.648874,0.581195,0.314466,0,2.04633,
156197,0.030835,0.0352816,-1.17859,-1.19804,1.54013,1.54355,0.977621,0.995187,1.19381,0.648874,0.596903,0.314466,0,2.04633,
156217,0.030835,0.0352816,-1.17859,-1.19804,1.54013,1.54355,0.977621,0.990585,1.22522,0.753185,0.61261,0.371223,0,2.04326,
156237,0.030835,0.0352816,-1.17859,-1.19804,1.54013,1.54355,0.977621,0.990585,1.22522,0.753185,0.61261,0.371223,0,2.04326,
156257,0.030835,0.0352816,-1.17859,-1.19804,1.54013,1.54355,0.977621,0.990585,1.25664,0.753185,0.628318,0.371223,0,2.04326,
156277,0.030835,0.0352816,-1.17859,-1.19804,1.54013,1.54355,0.977621,0.990585,1.28805,0.753185,0.644026,0.371223,0,2.04326,
156297,0.030835,0.0352816,-1.17859,-1.19804,1.54013,1.54355,0.977621,0.985983,1.31947,0.883573,0.659734,0.432583,0,2.0448,
156317,0.030835,0.0352816,-1.17859,-1.19804,1.54013,1.54355,0.977621,0.985983,1.31947,0.883573,0.659734,0.432583,0,2.0448,
156337,0.030835,0.0352816,-1.17859,-1.19804,1.54013,1.54355,0.977621,0.985983,1.35088,0.883573,0.675442,0.432583,0,2.0448,
156357,0.030835,0.0352816,-1.17859,-1.19804,1.54013,1.54355,0.977621,0.985983,1.3823,0.883573,0.69115,0.432583,0,2.0448,
156377,0.030835,0.0352816,-1.17859,-1.19804,1.54013,1.54355,0.977621,0.985983,1.41372,0.883573,0.706858,0.432583,0,2.0448,
156397,0.030835,0.0352816,-1.17859,-1.19804,1.54013,1.54355,0.977621,0.985983,1.41372,0.883573,0.706858,0.432583,0,2.0448,
156417,0.030835,0.0352816,-1.17859,-1.19804,1.54013,1.54355,0.977621,0.984449,1.44513,1.02163,0.722566,0.486272,0,2.04326,
156437,0.030835,0.0352816,-1.17859,-1.19804,1.54013,1.54355,0.977621,0.984449,1.47655,1.02163,0.738274,0.486272,0,2.04326,
156457,0.030835,0.0352816,-1.17859,-1.19804,1.54013,1.54355,0.977621,0.984449,1.50796,1.02163,0.753982,0.486272,0,2.04326,
156477,0.030835,0.0352816,-1.17859,-1.19804,1.54013,1.54355,0.977621,0.984449,1.50796,1.02163,0.753982,0.486272,0,2.04326,
156497,0.030835,0.0352816,-1.17859,-1.19804,1.54013,1.54355,0.977621,0.984449,1.53938,1.02163,0.76969,0.486272,0,2.04326,
156517,0.030835,0.0352816,-1.17859,-1.19804,1.54013,1.54355,0.977621,0.981381,1.5708,1.14895,0.785398,0.550699,0,2.0448,
156537,0.030835,0.0352816,-1.17859,-1.19804,1.54013,1.54355,0.977621,0.981381,1.60221,1.14895,0.801106,0.550699,0,2.0448,
156557,0.030835,0.0352816,-1.17859,-1.19804,1.54013,1.54355,0.977621,0.981381,1.60221,1.14895,0.801106,0.550699,0,2.0448,
156577,0.030835,0.0352816,-1.17859,-1.19804,1.54013,1.54355,0.977621,0.981381,1.63363,1.14895,0.816814,0.550699,0,2.0448,
156597,0.030835,0.0352816,-1.17859,-1.19804,1.54013,1.54355,0.977621,0.981381,1.66504,1.14895,0.832522,0.550699,0,2.0448,
156617,0.030835,0.0352816,-1.17859,-1.19651,1.54013,1.54355,0.977621,0.978313,1.69646,1.24866,0.84823,0.605922,0,2.0448,
156637,0.030835,0.0352816,-1.17859,-1.19651,1.54013,1.54355,0.977621,0.978313,1.72788,1.24866,0.863938,0.605922,0,2.0448,
156657,0.030835,0.0352816,-1.17859,-1.19651,1.54013,1.54355,0.977621,0.978313,1.72788,1.24866,0.863938,0.605922,0,2.0448,
156677,0.030835,0.0352816,-1.17859,-1.19651,1.54013,1.54355,0.977621,0.978313,1.75929,1.24866,0.879646,0.605922,0,2.0448,
156697,0.030835,0.0352816,-1.17859,-1.19651,1.54013,1.54202,0.977621,0.978313,1.79071,1.37905,0.895354,0.665748,0,2.04326,
156717,0.030835,0.0352816,-1.17859,-1.19651,1.54013,1.54202,0.977621,0.978313,1.82212,1.37905,0.911061,0.665748,0,2.04326,
156737,0.030835,0.0352816,-1.17859,-1.19651,1.54013,1.54202,0.977621,0.978313,1.85354,1.37905,0.926769,0.665748,0,2.04326,
156757,0.030835,0.0352816,-1.17859,-1.19651,1.54013,1.54202,0.977621,0.978313,1.85354,1.37905,0.926769,0.665748,0,2.04326,
156777,0.030835,0.0352816,-1.17859,-1.19651,1.54013,1.54202,0.977621,0.978313,1.88495,1.37905,0.942477,0.665748,0,2.04326,
156797,0.030835,0.0352816,-1.17859,-1.19651,1.54013,1.54202,0.977621,0.978313,1.91637,1.37905,0.958185,0.665748,0,2.04326,
156817,0.030835,0.0337476,-1.17859,-1.1919,1.54013,1.54202,0.977621,0.976779,1.94779,1.52017,0.973893,0.734777,0,2.04633,
156837,0.030835,0.0337476,-1.17859,-1.1919,1.54013,1.54202,0.977621,0.976779,1.94779,1.52017,0.973893,0.734777,0,2.04633,
156857,0.030835,0.0337476,-1.17859,-1.1919,1.54013,1.54202,0.977621,0.976779,1.9792,1.52017,0.989601,0.734777,0,2.04633,
156877,0.030835,0.0337476,-1.17859,-1.1919,1.54013,1.54202,0.977621,0.976779,2.01062,1.52017,1.00531,0.734777,0,2.04633,
156897,0.030835,0.0337476,-1.17859,-1.1919,1.54013,1.54202,0.977621,0.976779,2.01062,1.52017,1.00531,0.734777,0,2.04633,
156917,0.030835,0.0337476,-1.17859,-1.1919,1.54013,1.54048,0.977621,0.975245,2.04203,1.61835,1.02102,0.780796,0,2.04633,
156937,0.030835,0.0337476,-1.17859,-1.1919,1.54013,1.54048,0.977621,0.975245,2.07345,1.61835,1.03673,0.780796,0,2.04633,
156957,0.030835,0.0337476,-1.17859,-1.1919,1.54013,1.54048,0.977621,0.975245,2.10487,1.61835,1.05243,0.780796,0,2.04633,
156977,0.030835,0.0337476,-1.17859,-1.1919,1.54013,1.54048,0.977621,0.975245,2.13628,1.61835,1.06814,0.780796,0,2.04633,
156997,0.030835,0.0337476,-1.17859,-1.1919,1.54013,1.54048,0.977621,0.975245,2.13628,1.61835,1.06814,0.780796,0,2.04633,
157017,0.030835,0.0337476,-1.17859,-1.1919,1.54013,1.53895,0.977621,0.975245,2.1677,1.72573,1.08385,0.831418,0,2.0448,
157037,0.030835,0.0337476,-1.17859,-1.1919,1.54013,1.53895,0.977621,0.975245,2.19911,1.72573,1.09956,0.831418,0,2.0448,
157057,0.030835,0.0337476,-1.17859,-1.1919,1.54013,1.53895,0.977621,0.975245,2.23053,1.72573,1.11526,0.831418,0,2.0448,
157077,0.030835,0.0337476,-1.17859,-1.1919,1.54013,1.53895,0.977621,0.975245,2.26195,1.72573,1.13097,0.831418,0,2.0448,
157097,0.030835,0.0352816,-1.17859,-1.18884,1.54013,1.53895,0.977621,0.975245,2.26195,1.85612,1.13097,0.892777,0,2.0448,
157117,0.030835,0.0352816,-1.17859,-1.18884,1.54013,1.53895,0.977621,0.975245,2.29336,1.85612,1.14668,0.892777,0,2.0448,
157137,0.030835,0.0352816,-1.17859,-1.18884,1.54013,1.53895,0.977621,0.975245,2.32478,1.85612,1.16239,0.892777,0,2.0448,
157157,0.030835,0.0352816,-1.17859,-1.18884,1.54013,1.53895,0.977621,0.975245,2.32478,1.85612,1.16239,0.892777,0,2.0448,
157177,0.030835,0.0352816,-1.17859,-1.18884,1.54013,1.53895,0.977621,0.975245,2.35619,1.85612,1.1781,0.892777,0,2.0448,
157197,0.030835,0.0352816,-1.17859,-1.18884,1.54013,1.53895,0.977621,0.975245,2.38761,1.85612,1.1938,0.892777,0,2.0448,
157217,0.030835,0.0337476,-1.17859,-1.18577,1.54013,1.53895,0.977621,0.975245,2.38761,2.00338,1.1938,0.964874,0,2.0448,
157237,0.030835,0.0337476,-1.17859,-1.18577,1.54013,1.53895,0.977621,0.975245,2.41902,2.00338,1.20951,0.964874,0,2.0448,
157257,0.030835,0.0337476,-1.17859,-1.18577,1.54013,1.53895,0.977621,0.975245,2.45044,2.00338,1.22522,0.964874,0,2.0448,
157277,0.030835,0.0337476,-1.17859,-1.18577,1.54013,1.53895,0.977621,0.975245,2.48186,2.00338,1.24093,0.964874,0,2.0448,
157297,0.030835,0.0337476,-1.17859,-1.18577,1.54013,1.53895,0.977621,0.975245,2.48186,2.00338,1.24093,0.964874,0,2.0448,
157317,0.030835,0.0337476,-1.17859,-1.18423,1.54013,1.53895,0.977621,0.975245,2.51327,2.11383,1.25664,1.01856,0,2.04633,
157337,0.030835,0.0337476,-1.17859,-1.18423,1.54013,1.53895,0.977621,0.975245,2.54469,2.11383,1.27234,1.01856,0,2.04633,
157357,0.030835,0.0337476,-1.17859,-1.18423,1.54013,1.53895,0.977621,0.975245,2.5761,2.11383,1.28805,1.01856,0,2.04633,
157377,0.030835,0.0337476,-1.17859,-1.18423,1.54013,1.53895,0.977621,0.975245,2.5761,2.11383,1.28805,1.01856,0,2.04633,
157397,0.030835,0.0337476,-1.17859,-1.18423,1.54013,1.53895,0.977621,0.975245,2.60752,2.11383,1.30376,1.01856,0,2.04633,
157417,0.030835,0.0337476,-1.17859,-1.18423,1.54013,1.53895,0.977621,0.975245,2.63894,2.23194,1.31947,1.07225,0,2.04633,
157437,0.030835,0.0337476,-1.17859,-1.18423,1.54013,1.53895,0.977621,0.975245,2.67035,2.23194,1.33518,1.07225,0,2.04633,
157457,0.030835,0.0337476,-1.17859,-1.18423,1.54013,1.53895,0.977621,0.975245,2.67035,2.23194,1.33518,1.07225,0,2.04633,
157477,0.030835,0.0337476,-1.17859,-1.18423,1.54013,1.53895,0.977621,0.975245,2.70177,2.23194,1.35088,1.07225,0,2.04633,
157497,0.030835,0.0337476,-1.17859,-1.18423,1.54013,1.53895,0.977621,0.973711,2.73318,2.33165,1.36659,1.12134,0,2.04633,
157517,0.030835,0.0337476,-1.17859,-1.18423,1.54013,1.53895,0.977621,0.973711,2.7646,2.33165,1.3823,1.12134,0,2.04633,
157537,0.030835,0.0337476,-1.17859,-1.18423,1.54013,1.53895,0.977621,0.973711,2.79602,2.33165,1.39801,1.12134,0,2.04633,
157557,0.030835,0.0337476,-1.17859,-1.18423,1.54013,1.53895,0.977621,0.973711,2.82743,2.33165,1.41372,1.12134,0,2.04633,
157577,0.030835,0.0337476,-1.17859,-1.18423,1.54013,1.53895,0.977621,0.973711,2.82743,2.33165,1.41372,1.12134,0,2.04633,
157597,0.030835,0.0337476,-1.17859,-1.18423,1.54013,1.53895,0.977621,0.973711,2.85885,2.33165,1.42942,1.12134,0,2.04633,
157617,0.030835,0.0337476,-1.17859,-1.18423,1.54013,1.54048,0.977621,0.975245,2.89026,2.48658,1.44513,1.19804,0,2.04633,
157637,0.030835,0.0337476,-1.17859,-1.18423,1.54013,1.54048,0.977621,0.975245,2.92168,2.48658,1.46084,1.19804,0,2.04633,
157657,0.030835,0.0337476,-1.17859,-1.18423,1.54013,1.54048,0.977621,0.975245,2.92168,2.48658,1.46084,1.19804,0,2.04633,
157677,0.030835,0.0337476,-1.17859,-1.18423,1.54013,1.54048,0.977621,0.975245,2.9531,2.48658,1.47655,1.19804,0,2.04633,
157697,0.030835,0.0337476,-1.17859,-1.18423,1.54013,1.54048,0.977621,0.975245,2.98451,2.48658,1.49226,1.19804,0,2.04633,
157717,0.030835,0.0337476,-1.17859,-1.18577,1.54013,1.53895,0.977621,0.975245,2.98451,2.62157,1.49226,1.25786,0,2.04633,
157737,0.030835,0.0337476,-1.17859,-1.18577,1.54013,1.53895,0.977621,0.975245,3.01593,2.62157,1.50796,1.25786,0,2.04633,
157757,0.030835,0.0337476,-1.17859,-1.18577,1.54013,1.53895,0.977621,0.975245,3.04734,2.62157,1.52367,1.25786,0,2.04633,
157777,0.030835,0.0337476,-1.17859,-1.18577,1.54013,1.53895,0.977621,0.975245,3.07876,2.62157,1.53938,1.25786,0,2.04633,
157797,0.030835,0.0337476,-1.17859,-1.18577,1.54013,1.53895,0.977621,0.975245,3.07876,2.62157,1.53938,1.25786,0,2.04633,
157817,0.030835,0.0337476,-1.17859,-1.18423,1.54013,1.54048,0.977621,0.975245,3.11017,2.71361,1.55509,1.31002,0,2.0448,
157837,0.030835,0.0337476,-1.17859,-1.18423,1.54013,1.54048,0.977621,0.975245,2.71361,2.71361,1.31002,1.31002,2.0448,2.0448,
157857,0.030835,0.0337476,-1.17859,-1.18423,1.54013,1.54048,0.977621,0.975245,2.71361,2.71361,1.31002,1.31002,2.0448,2.0448,
157877,0.030835,0.0337476,-1.17859,-1.18423,1.54013,1.54048,0.977621,0.975245,2.71361,2.71361,1.31002,1.31002,2.0448,2.0448,
157897,0.030835,0.0337476,-1.17859,-1.18423,1.54013,1.54048,0.977621,0.975245,2.71361,2.71361,1.31002,1.31002,2.0448,2.0448,
157917,0.030835,0.0337476,-1.17859,-1.18423,1.54013,1.54048,0.977621,0.975245,2.71361,2.71361,1.31002,1.31002,2.0448,2.0448,
157937,0.030835,0.0337476,-1.17859,-1.18423,1.54013,1.54048,0.977621,0.975245,2.71361,2.71361,1.31002,1.31002,2.0448,2.0448,
157957,0.030835,0.0337476,-1.17859,-1.18423,1.54013,1.54048,0.977621,0.975245,2.71361,2.71361,1.31002,1.31002,2.0448,2.0448,
157977,0.030835,0.0337476,-1.17859,-1.18423,1.54013,1.54048,0.977621,0.975245,2.71361,2.71361,1.31002,1.31002,2.0448,2.0448,
157997,0.030835,0.0337476,-1.17859,-1.18423,1.54013,1.54048,0.977621,0.975245,2.71361,2.71361,1.31002,1.31002,2.0448,2.0448,
158017,0.030835,0.0337476,-1.17859,-1.18423,1.54013,1.54048,0.977621,0.975245,2.71361,2.71361,1.31002,1.31002,2.0448,2.0448,
158037,0.030835,0.0337476,-1.17859,-1.18423,1.54013,1.54048,0.977621,0.975245,2.71361,2.71361,1.31002,1.31002,2.0448,2.0448,
158057,0.030835,0.0337476,-1.17859,-1.18423,1.54013,1.54048,0.977621,0.975245,2.71361,2.71361,1.31002,1.31002,2.0448,2.0448,
158077,0.030835,0.0337476,-1.17859,-1.18423,1.54013,1.54048,0.977621,0.975245,2.71361,2.71361,1.31002,1.31002,2.0448,2.0448,
158097,0.030835,0.0337476,-1.17859,-1.18423,1.54013,1.54048,0.977621,0.975245,2.71361,2.71361,1.31002,1.31002,2.0448,2.0448,
158117,0.030835,0.0337476,-1.17859,-1.18423,1.54013,1.54048,0.977621,0.975245,2.71361,2.71361,1.31002,1.31002,2.0448,2.0448,
158137,0.030835,0.0337476,-1.17859,-1.18423,1.54013,1.54048,0.977621,0.975245,2.71361,2.71361,1.31002,1.31002,2.0448,2.0448,
158157,0.030835,0.0337476,-1.17859,-1.18423,1.54013,1.54048,0.977621,0.975245,2.71361,2.71361,1.31002,1.31002,2.0448,2.0448,
158177,0.030835,0.0337476,-1.17859,-1.18423,1.54013,1.54048,0.977621,0.975245,2.71361,2.71361,1.31002,1.31002,2.0448,2.0448,
158197,0.030835,0.0337476,-1.17859,-1.18423,1.54013,1.54048,0.977621,0.975245,2.71361,2.71361,1.31002,1.31002,2.0448,2.0448,
158217,0.030835,0.0337476,-1.17859,-1.18423,1.54013,1.54048,0.977621,0.975245,2.71361,2.71361,1.31002,1.31002,2.0448,2.0448,
158237,0.030835,0.0337476,-1.17859,-1.18423,1.54013,1.54048,0.977621,0.975245,2.71361,2.71361,1.31002,1.31002,2.0448,2.0448,
158257,0.030835,0.0337476,-1.17859,-1.18423,1.54013,1.54048,0.977621,0.975245,2.71361,2.71361,1.31002,1.31002,2.0448,2.0448,
158277,0.030835,0.0337476,-1.17859,-1.18423,1.54013,1.54048,0.977621,0.975245,2.71361,2.71361,1.31002,1.31002,2.0448,2.0448,
158297,0.030835,0.0337476,-1.17859,-1.18423,1.54013,1.54048,0.977621,0.975245,2.71361,2.71361,1.31002,1.31002,2.0448,2.0448,
158317,0.030835,0.0337476,-1.17859,-1.18423,1.54013,1.54048,0.977621,0.975245,2.71361,2.71361,1.31002,1.31002,2.0448,2.0448,
158337,0.030835,0.0337476,-1.17859,-1.18423,1.54013,1.54048,0.977621,0.975245,2.71361,2.71361,1.31002,1.31002,2.0448,2.0448,
158357,0.030835,0.0337476,-1.17859,-1.18423,1.54013,1.54048,0.977621,0.975245,2.71361,2.71361,1.31002,1.31002,2.0448,2.0448,
158377,0.030835,0.0337476,-1.17859,-1.18423,1.54013,1.54048,0.977621,0.975245,2.71361,2.71361,1.31002,1.31002,2.0448,2.0448,
158397,0.030835,0.0337476,-1.17859,-1.18423,1.54013,1.54048,0.977621,0.975245,2.71361,2.71361,1.31002,1.31002,2.0448,2.0448,
158417,0.030835,0.0337476,-1.17859,-1.18423,1.54013,1.54048,0.977621,0.975245,2.71361,2.71361,1.31002,1.31002,2.0448,2.0448,
158437,0.030835,0.0337476,-1.17859,-1.18423,1.54013,1.54048,0.977621,0.975245,2.71361,2.71361,1.31002,1.31002,2.0448,2.0448,
158457,0.030835,0.0337476,-1.17859,-1.18423,1.54013,1.54048,0.977621,0.975245,2.71361,2.71361,1.31002,1.31002,2.0448,2.0448,
158477,0.030835,0.0337476,-1.17859,-1.18423,1.54013,1.54048,0.977621,0.975245,2.71361,2.71361,1.31002,1.31002,2.0448,2.0448,
158497,0.030835,0.0337476,-1.17859,-1.18423,1.54013,1.54048,0.977621,0.975245,2.71361,2.71361,1.31002,1.31002,2.0448,2.0448,
158517,0.030835,0.0337476,-1.17859,-1.18423,1.54013,1.54048,0.977621,0.975245,2.71361,2.71361,1.31002,1.31002,2.0448,2.0448,
158537,0.030835,0.0337476,-1.17859,-1.18423,1.54013,1.54048,0.977621,0.975245,2.71361,2.71361,1.31002,1.31002,2.0448,2.0448,
158557,0.030835,0.0337476,-1.17859,-1.18423,1.54013,1.54048,0.977621,0.975245,2.71361,2.71361,1.31002,1.31002,2.0448,2.0448,
158577,0.030835,0.0337476,-1.17859,-1.18423,1.54013,1.54048,0.977621,0.975245,2.71361,2.71361,1.31002,1.31002,2.0448,2.0448,
158597,0.030835,0.0337476,-1.17859,-1.18423,1.54013,1.54048,0.977621,0.975245,2.71361,2.71361,1.31002,1.31002,2.0448,2.0448,
158617,0.030835,0.0337476,-1.17859,-1.18423,1.54013,1.54048,0.977621,0.975245,2.71361,2.71361,1.31002,1.31002,2.0448,2.0448,
158637,0.030835,0.0337476,-1.17859,-1.18423,1.54013,1.54048,0.977621,0.975245,2.71361,2.71361,1.31002,1.31002,2.0448,2.0448,
158657,0.030835,0.0337476,-1.17859,-1.18423,1.54013,1.54048,0.977621,0.975245,2.71361,2.71361,1.31002,1.31002,2.0448,2.0448,
158677,0.030835,0.0337476,-1.17859,-1.18423,1.54013,1.54048,0.977621,0.975245,2.71361,2.71361,1.31002,1.31002,2.0448,2.0448,
158697,0.030835,0.0337476,-1.17859,-1.18423,1.54013,1.54048,0.977621,0.975245,2.71361,2.71361,1.31002,1.31002,2.0448,2.0448,
158717,0.030835,0.0337476,-1.17859,-1.18423,1.54013,1.54048,0.977621,0.975245,2.71361,2.71361,1.31002,1.31002,2.0448,2.0448,
158737,0.030835,0.0337476,-1.17859,-1.18423,1.54013,1.54048,0.977621,0.975245,2.71361,2.71361,1.31002,1.31002,2.0448,2.0448,
158757,0.030835,0.0337476,-1.17859,-1.18423,1.54013,1.54048,0.977621,0.975245,2.71361,2.71361,1.31002,1.31002,2.0448,2.0448,
158777,0.030835,0.0337476,-1.17859,-1.18423,1.54013,1.54048,0.977621,0.975245,2.71361,2.71361,1.31002,1.31002,2.0448,2.0448,
158797,0.030835,0.0337476,-1.17859,-1.18423,1.54013,1.54048,0.977621,0.975245,2.71361,2.71361,1.31002,1.31002,2.0448,2.0448,
158817,0.030835,0.0337476,-1.17859,-1.18423,1.54013,1.54048,0.977621,0.975245,2.71361,2.71361,1.31002,1.31002,2.0448,2.0448,
158837,0.030835,0.0337476,-1.17859,-1.18423,1.54013,1.54048,0.977621,0.975245,2.71361,2.71361,1.31002,1.31002,2.0448,2.0448,
158857,0.030835,0.0337476,-1.17859,-1.18423,1.54013,1.54048,0.977621,0.975245,2.71361,2.71361,1.31002,1.31002,2.0448,2.0448,
158877,0.030835,0.0337476,-1.17859,-1.18423,1.54013,1.54048,0.977621,0.975245,2.71361,2.71361,1.31002,1.31002,2.0448,2.0448,
158897,0.030835,0.0337476,-1.17859,-1.18423,1.54013,1.54048,0.977621,0.975245,2.71361,2.71361,1.31002,1.31002,2.0448,2.0448,
158917,0.030835,0.0337476,-1.17859,-1.18423,1.54013,1.54048,0.977621,0.975245,2.71361,2.71361,1.31002,1.31002,2.0448,2.0448,
158937,0.030835,0.0337476,-1.17859,-1.18423,1.54013,1.54048,0.977621,0.975245,2.71361,2.71361,1.31002,1.31002,2.0448,2.0448,
158957,0.030835,0.0322136,-1.17859,-1.17963,1.54013,1.54048,0.977621,0.976779,2.91456,2.91456,1.42507,1.42507,2.0448,2.04326,
158977,0.030835,0.0322136,-1.17859,-1.17963,1.54013,1.54048,0.977621,0.976779,2.91456,2.91456,1.42507,1.42507,2.0448,2.04326,
158997,0.030835,0.0322136,-1.17859,-1.17963,1.54013,1.54048,0.977621,0.976779,2.91456,2.91456,1.42507,1.42507,2.0448,2.04326,
159020,0.030835,0.0322136,-1.17859,-1.17963,1.54013,1.54048,0.977621,0.976779,2.91456,2.91456,1.42507,1.42507,2.0448,2.04326,
159037,0.030835,0.0322136,-1.17859,-1.17963,1.54013,1.54048,0.977621,0.976779,2.91456,2.9115,1.42507,1.4266,2.0448,2.04326,
159057,0.030835,0.0322136,-1.17859,-1.17963,1.54013,1.54048,0.977621,0.976779,2.91456,2.9115,1.42507,1.4266,2.0448,2.04326,
159077,0.030835,0.0322136,-1.17859,-1.17963,1.54013,1.54048,0.977621,0.976779,2.91456,2.9115,1.42507,1.4266,2.0448,2.04326,
159097,0.030835,0.0322136,-1.17859,-1.17963,1.54013,1.54048,0.977621,0.976779,2.91456,2.93757,1.42507,1.43887,2.0448,2.04326,
159117,0.030835,0.0322136,-1.17859,-1.17963,1.54013,1.54048,0.977621,0.976779,2.93757,2.93757,1.43887,1.43887,2.0448,2.04326,
159137,0.030835,0.0322136,-1.17859,-1.17963,1.54013,1.54048,0.977621,0.976779,2.93757,2.93757,1.43887,1.43887,2.0448,2.04326,
159157,0.030835,0.0322136,-1.17859,-1.17963,1.54013,1.54048,0.977621,0.976779,2.93757,2.93757,1.43887,1.43887,2.0448,2.04326,
159177,0.030835,0.0322136,-1.17859,-1.17963,1.54013,1.54048,0.977621,0.976779,2.93757,2.93757,1.43887,1.43887,2.0448,2.04326,
159197,0.030835,0.0322136,-1.17859,-1.17963,1.54013,1.54048,0.977621,0.976779,2.93757,2.93757,1.43887,1.43887,2.0448,2.04326,
159217,0.030835,0.0322136,-1.17859,-1.17963,1.54013,1.54048,0.977621,0.976779,2.9974,2.9974,1.47262,1.47262,2.0448,2.04326,
159237,0.030835,0.0322136,-1.17859,-1.17963,1.54013,1.54048,0.977621,0.976779,2.9974,2.9974,1.47262,1.47262,2.0448,2.04326,
159257,0.030835,0.0322136,-1.17859,-1.17963,1.54013,1.54048,0.977621,0.976779,2.9974,2.9974,1.47262,1.47262,2.0448,2.04326,
159277,0.030835,0.0322136,-1.17859,-1.17963,1.54013,1.54048,0.977621,0.976779,2.9974,2.9974,1.47262,1.47262,2.0448,2.04326,
159297,0.030835,0.0322136,-1.17859,-1.17963,1.54013,1.54048,0.977621,0.976779,2.9974,2.9974,1.47262,1.47262,2.0448,2.04326,
159317,0.030835,0.0322136,-1.17859,-1.17963,1.54013,1.54048,0.977621,0.976779,3.0833,3.0833,1.51251,1.51251,2.0448,2.04633,
159337,0.030835,0.0322136,-1.17859,-1.17963,1.54013,1.54048,0.977621,0.976779,3.0833,3.0833,1.51251,1.51251,2.0448,2.04633,
159357,0.030835,0.0322136,-1.17859,-1.17963,1.54013,1.54048,0.977621,0.976779,3.0833,3.0833,1.51251,1.51251,2.0448,2.04633,
159377,0.030835,0.0322136,-1.17859,-1.17963,1.54013,1.54048,0.977621,0.976779,3.0833,3.0833,1.51251,1.51251,2.0448,2.04633,
159397,0.030835,0.0322136,-1.17859,-1.17963,1.54013,1.54048,0.977621,0.976779,3.0833,3.0833,1.51251,1.51251,2.0448,2.04633,
159417,0.030835,0.0322136,-1.17859,-1.17963,1.54013,1.54048,0.977621,0.978313,3.13085,3.13085,1.51251,1.51864,2.0448,2.04326,
159437,0.030835,0.0322136,-1.17859,-1.17963,1.54013,1.54048,0.977621,0.978313,3.13085,3.13085,1.51251,1.51864,2.0448,2.04326,
159457,0.030835,0.0322136,-1.17859,-1.17963,1.54013,1.54048,0.977621,0.978313,3.13085,3.13085,1.51251,1.51864,2.0448,2.04326,
159477,0.030835,0.0322136,-1.17859,-1.17963,1.54013,1.54048,0.977621,0.978313,3.13085,3.13085,1.51251,1.51864,2.0448,2.04326,
159497,0.030835,0.0322136,-1.17859,-1.17963,1.54013,1.54048,0.977621,0.978313,3.13085,3.13085,1.51251,1.51864,2.0448,2.04326,
159517,0.030835,0.0276117,-1.17859,-1.17963,1.52514,1.52514,0.977621,0.978313,2.85781,2.85781,1.39439,1.39439,2.0448,2.04633,
159537,0.030835,0.0276117,-1.17859,-1.17963,1.52514,1.52514,0.977621,0.978313,2.85781,2.85781,1.39439,1.39439,2.0448,2.04633,
159557,0.030835,0.0276117,-1.17859,-1.17963,1.52514,1.52514,0.977621,0.978313,2.85781,2.85781,1.39439,1.39439,2.0448,2.04633,
159577,0.030835,0.0276117,-1.17859,-1.17963,1.52514,1.52514,0.977621,0.978313,2.85781,2.85781,1.39439,1.39439,2.0448,2.04633,
159597,0.030835,0.0276117,-1.17859,-1.17963,1.52514,1.52514,0.977621,0.978313,2.85781,2.85781,1.39439,1.39439,2.0448,2.04633,
159617,0.030835,0.0306796,-1.17859,-1.17963,1.52514,1.52668,0.977621,0.984449,2.97592,2.97592,1.42814,1.42814,2.0448,2.04326,
159637,0.030835,0.0306796,-1.17859,-1.17963,1.52514,1.52668,0.977621,0.984449,2.97592,2.97592,1.42814,1.42814,2.0448,2.04326,
159657,0.030835,0.0306796,-1.17859,-1.17963,1.52514,1.52668,0.977621,0.984449,2.97592,2.97592,1.42814,1.42814,2.0448,2.04326,
159677,0.030835,0.0306796,-1.17859,-1.17963,1.52514,1.52668,0.977621,0.984449,2.97592,2.97592,1.42814,1.42814,2.0448,2.04326,
159697,0.030835,0.0306796,-1.17859,-1.17963,1.52514,1.52668,0.977621,0.984449,2.97592,2.97592,1.42814,1.42814,2.0448,2.04326,
159717,0.030835,0.0291456,-1.17859,-1.17963,1.52514,1.52514,0.977621,0.985983,3.15233,3.15233,1.4895,1.4895,2.0448,2.04633,
159737,0.030835,0.0291456,-1.17859,-1.17963,1.52514,1.52514,0.977621,0.985983,3.15233,3.15233,1.4895,1.4895,2.0448,2.04633,
159757,0.030835,0.0291456,-1.17859,-1.17963,1.52514,1.52514,0.977621,0.985983,3.15233,3.15233,1.4895,1.4895,2.0448,2.04633,
159777,0.030835,0.0291456,-1.17859,-1.17963,1.52514,1.52514,0.977621,0.985983,3.15233,3.15233,1.4895,1.4895,2.0448,2.04633,
159797,0.030835,0.0291456,-1.17859,-1.17963,1.52514,1.52514,0.977621,0.985983,3.15233,3.15233,1.4895,1.4895,2.0448,2.04633,
159817,0.030835,0.0276117,-1.17859,-1.18117,1.52514,1.52514,0.977621,0.985983,3.01274,3.01274,1.4895,1.48643,2.0448,2.0448,
159837,0.030835,0.0276117,-1.17859,-1.18117,1.52514,1.52514,0.977621,0.985983,3.01274,3.01274,1.4895,1.48643,2.0448,2.0448,
159857,0.030835,0.0276117,-1.17859,-1.18117,1.52514,1.52514,0.977621,0.985983,3.01274,3.01274,1.4895,1.48643,2.0448,2.0448,
159877,0.030835,0.0276117,-1.17859,-1.18117,1.52514,1.52514,0.977621,0.985983,3.01274,3.01274,1.4895,1.48643,2.0448,2.0448,
159897,0.030835,0.0291456,-1.17859,-1.17963,1.52514,1.52514,0.977621,0.984449,3.01274,3.14159,1.4895,1.48643,2.0448,2.04326,
159917,0.030835,0.0291456,-1.17859,-1.17963,1.52514,1.52514,0.977621,0.984449,3.14159,3.14159,1.4895,1.48643,2.0448,2.04326,
159937,0.030835,0.0291456,-1.17859,-1.17963,1.52514,1.52514,0.977621,0.984449,3.14159,3.14159,1.4895,1.48643,2.0448,2.04326,
159957,0.030835,0.0291456,-1.17859,-1.17963,1.52514,1.52514,0.977621,0.984449,3.14159,3.14159,1.4895,1.48643,2.0448,2.04326,
159977,0.030835,0.0291456,-1.17859,-1.17963,1.52514,1.52514,0.977621,0.984449,3.14159,3.14159,1.4895,1.48643,2.0448,2.04326,
159997,0.030835,0.0276117,-1.17859,-1.18117,1.52514,1.52514,0.977621,0.984449,3.05416,3.05416,1.4895,1.48796,2.0448,2.04173,
160017,0.030835,0.0276117,-1.17859,-1.18117,1.52514,1.52514,0.977621,0.984449,3.05416,3.05416,1.4895,1.48796,2.0448,2.04173,
160037,0.030835,0.0276117,-1.17859,-1.18117,1.52514,1.52514,0.977621,0.984449,3.05416,3.05416,1.4895,1.48796,2.0448,2.04173,
160057,0.030835,0.0276117,-1.17859,-1.18117,1.52514,1.52514,0.977621,0.984449,3.05416,3.05416,1.4895,1.48796,2.0448,2.04173,
160077,0.030835,0.0276117,-1.17859,-1.18117,1.52514,1.52514,0.977621,0.984449,3.05416,3.05416,1.4895,1.48796,2.0448,2.04173,
160097,0.030835,0.0276117,-1.17859,-1.18117,1.52514,1.52514,0.977621,0.984449,3.05416,3.05416,1.4895,1.48796,2.0448,2.04173,
160117,0.030835,0.0276117,-1.17859,-1.17963,1.52514,1.52514,0.977621,0.984449,3.13239,3.13239,1.4895,1.48796,2.0448,2.04633,
160137,0.030835,0.0276117,-1.17859,-1.17963,1.52514,1.52514,0.977621,0.984449,3.13239,3.13239,1.4895,1.48796,2.0448,2.04633,
160157,0.030835,0.0276117,-1.17859,-1.17963,1.52514,1.52514,0.977621,0.984449,3.13239,3.13239,1.4895,1.48796,2.0448,2.04633,
160177,0.030835,0.0276117,-1.17859,-1.17963,1.52514,1.52514,0.977621,0.984449,3.13239,3.13239,1.4895,1.48796,2.0448,2.04633,
160197,0.030835,0.0276117,-1.17859,-1.17963,1.52514,1.52514,0.977621,0.984449,3.13239,3.13239,1.4895,1.48796,2.0448,2.04633,
160217,0.030835,0.0291456,-1.17859,-1.17963,1.52514,1.52514,0.977621,0.984449,3.07256,3.07256,1.4895,1.48796,2.0448,2.04326,
160237,0.030835,0.0291456,-1.17859,-1.17963,1.52514,1.52514,0.977621,0.984449,3.07256,3.07256,1.4895,1.48796,2.0448,2.04326,
160257,0.030835,0.0291456,-1.17859,-1.17963,1.52514,1.52514,0.977621,0.984449,3.07256,3.07256,1.4895,1.48796,2.0448,2.04326,
160277,0.030835,0.0291456,-1.17859,-1.17963,1.52514,1.52514,0.977621,0.984449,3.07256,3.07256,1.4895,1.48796,2.0448,2.04326,
160297,0.030835,0.0291456,-1.17859,-1.17963,1.52514,1.52514,0.977621,0.984449,3.07256,3.07256,1.4895,1.48796,2.0448,2.04326,
160317,0.030835,0.0276117,-1.17859,-1.17963,1.52514,1.52514,0.977621,0.984449,3.13852,3.13852,1.4895,1.48796,2.0448,2.04326,
160337,0.030835,0.0276117,-1.17859,-1.17963,1.52514,1.52514,0.977621,0.984449,3.13852,3.13852,1.4895,1.48796,2.0448,2.04326,
160357,0.030835,0.0276117,-1.17859,-1.17963,1.52514,1.52514,0.977621,0.984449,3.13852,3.13852,1.4895,1.48796,2.0448,2.04326,
160377,0.030835,0.0276117,-1.17859,-1.17963,1.52514,1.52514,0.977621,0.984449,3.13852,3.13852,1.4895,1.48796,2.0448,2.04326,
160397,0.030835,0.0276117,-1.17859,-1.17963,1.52514,1.52514,0.977621,0.984449,3.09557,3.09557,1.4895,1.48796,2.0448,2.04173,
160417,0.030835,0.0276117,-1.17859,-1.17963,1.52514,1.52514,0.977621,0.984449,3.09557,3.09557,1.4895,1.48796,2.0448,2.04173,
160437,0.030835,0.0276117,-1.17859,-1.17963,1.52514,1.52514,0.977621,0.984449,3.09557,3.09557,1.4895,1.48796,2.0448,2.04173,
160457,0.030835,0.0276117,-1.17859,-1.17963,1.52514,1.52514,0.977621,0.984449,3.09557,3.09557,1.4895,1.48796,2.0448,2.04173,
160477,0.030835,0.0276117,-1.17859,-1.17963,1.52514,1.52514,0.977621,0.984449,3.09557,3.09557,1.4895,1.48796,2.0448,2.04173,
160497,0.030835,0.0276117,-1.17859,-1.17963,1.52514,1.52514,0.977621,0.984449,3.14006,3.14006,1.4895,1.48796,2.0448,2.04633,
160517,0.030835,0.0276117,-1.17859,-1.17963,1.52514,1.52514,0.977621,0.984449,3.14006,3.14006,1.4895,1.48796,2.0448,2.04633,
160537,0.030835,0.0276117,-1.17859,-1.17963,1.52514,1.52514,0.977621,0.984449,3.14006,3.14006,1.4895,1.48796,2.0448,2.04633,
160557,0.030835,0.0276117,-1.17859,-1.17963,1.52514,1.52514,0.977621,0.984449,3.14006,3.14006,1.4895,1.48796,2.0448,2.04633,
160577,0.030835,0.0276117,-1.17859,-1.17963,1.52514,1.52514,0.977621,0.984449,3.14006,3.14006,1.4895,1.48796,2.0448,2.04633,
160597,0.030835,0.0276117,-1.17859,-1.17963,1.52514,1.52514,0.977621,0.984449,3.14006,3.14006,1.4895,1.48796,2.0448,2.04633,
160617,0.030835,0.0291456,-1.17859,-1.17963,1.52514,1.52514,0.977621,0.982915,3.11551,3.11551,1.4895,1.48796,2.0448,2.04326,
160637,0.030835,0.0291456,-1.17859,-1.17963,1.52514,1.52514,0.977621,0.982915,3.11551,3.11551,1.4895,1.48796,2.0448,2.04326,
160657,0.030835,0.0291456,-1.17859,-1.17963,1.52514,1.52514,0.977621,0.982915,3.11551,3.11551,1.4895,1.48796,2.0448,2.04326,
160677,0.030835,0.0291456,-1.17859,-1.17963,1.52514,1.52514,0.977621,0.982915,3.11551,3.11551,1.4895,1.48796,2.0448,2.04326,
160697,0.030835,0.0291456,-1.17859,-1.17963,1.52514,1.52514,0.977621,0.982915,3.14619,3.14619,1.4895,1.48796,2.0448,2.04786,
160717,0.030835,0.0291456,-1.17859,-1.17963,1.52514,1.52514,0.977621,0.982915,3.14619,3.14619,1.4895,1.48796,2.0448,2.04786,
160737,0.030835,0.0291456,-1.17859,-1.17963,1.52514,1.52514,0.977621,0.982915,3.14619,3.14619,1.4895,1.48796,2.0448,2.04786,
160757,0.030835,0.0291456,-1.17859,-1.17963,1.52514,1.52514,0.977621,0.982915,3.14619,3.14619,1.4895,1.48796,2.0448,2.04786,
160777,0.030835,0.0291456,-1.17859,-1.17963,1.52514,1.52514,0.977621,0.982915,3.14619,3.14619,1.4895,1.48796,2.0448,2.04786,
160797,0.030835,0.0291456,-1.17859,-1.17963,1.52514,1.52514,0.977621,0.982915,3.12779,3.12779,1.4895,1.48796,2.0448,2.04633,
160817,0.030835,0.0291456,-1.17859,-1.17963,1.52514,1.52514,0.977621,0.982915,3.12779,3.12779,1.4895,1.48796,2.0448,2.04633,
160837,0.030835,0.0291456,-1.17859,-1.17963,1.52514,1.52514,0.977621,0.982915,3.12779,3.12779,1.4895,1.48796,2.0448,2.04633,
160857,0.030835,0.0291456,-1.17859,-1.17963,1.52514,1.52514,0.977621,0.982915,3.12779,3.12779,1.4895,1.48796,2.0448,2.04633,
160877,0.030835,0.0291456,-1.17859,-1.17963,1.52514,1.52514,0.977621,0.982915,3.12779,3.12779,1.4895,1.48796,2.0448,2.04633,
160897,0.030835,0.0291456,-1.17859,-1.17963,1.52514,1.52514,0.977621,0.982915,3.12779,3.12779,1.4895,1.48796,2.0448,2.04633,
160917,0.030835,0.0291456,-1.17859,-1.17963,1.52514,1.52514,0.977621,0.982915,3.15233,3.15233,1.4895,1.48796,2.0448,2.0448,
160937,0.030835,0.0291456,-1.17859,-1.17963,1.52514,1.52514,0.977621,0.982915,3.15233,3.15233,1.4895,1.48796,2.0448,2.0448,
160957,0.030835,0.0291456,-1.17859,-1.17963,1.52514,1.52514,0.977621,0.982915,3.15233,3.15233,1.4895,1.48796,2.0448,2.0448,
160977,0.030835,0.0291456,-1.17859,-1.17963,1.52514,1.52514,0.977621,0.982915,3.15233,3.15233,1.4895,1.48796,2.0448,2.0448,
160997,0.030835,0.0291456,-1.17859,-1.17963,1.52514,1.52514,0.977621,0.982915,3.15233,3.15233,1.4895,1.48796,2.0448,2.0448,
161017,0.030835,0.0291456,-1.17859,-1.17963,1.52514,1.52514,0.977621,0.981381,3.13699,3.13699,1.4895,1.48796,2.0448,2.0448,
161037,0.030835,0.0291456,-1.17859,-1.17963,1.52514,1.52514,0.977621,0.981381,3.13699,3.13699,1.4895,1.48796,2.0448,2.0448,
161057,0.030835,0.0291456,-1.17859,-1.17963,1.52514,1.52514,0.977621,0.981381,3.13699,3.13699,1.4895,1.48796,2.0448,2.0448,
161077,0.030835,0.0291456,-1.17859,-1.17963,1.52514,1.52514,0.977621,0.981381,3.13699,3.13699,1.4895,1.48796,2.0448,2.0448,
161097,0.030835,0.0291456,-1.17859,-1.17963,1.52514,1.52514,0.977621,0.981381,3.13699,3.13699,1.4895,1.48796,2.0448,2.0448,
161117,0.030835,0.0291456,-1.17859,-1.17963,1.52514,1.52514,0.977621,0.979847,3.15386,3.15386,1.4895,1.48796,2.0448,2.0448,
161137,0.030835,0.0291456,-1.17859,-1.17963,1.52514,1.52514,0.977621,0.979847,3.15386,3.15386,1.4895,1.48796,2.0448,2.0448,
161157,0.030835,0.0291456,-1.17859,-1.17963,1.52514,1.52514,0.977621,0.979847,3.15386,3.15386,1.4895,1.48796,2.0448,2.0448,
161177,0.030835,0.0291456,-1.17859,-1.17963,1.52514,1.52514,0.977621,0.979847,3.15386,3.15386,1.4895,1.48796,2.0448,2.0448,
161197,0.030835,0.0291456,-1.17859,-1.17963,1.52514,1.52514,0.977621,0.979847,3.15386,3.1508,1.4895,1.48796,2.0448,2.0448,
161217,0.030835,0.0291456,-1.17859,-1.17963,1.52514,1.52514,0.977621,0.979847,3.15386,3.1508,1.4895,1.48796,2.0448,2.0448,
161237,0.030835,0.0291456,-1.17859,-1.17963,1.52514,1.52514,0.977621,0.979847,3.15386,3.1508,1.4895,1.48796,2.0448,2.0448,
161257,0.030835,0.0291456,-1.17859,-1.17963,1.52514,1.52514,0.977621,0.979847,3.15386,3.1508,1.4895,1.48796,2.0448,2.0448,
161277,0.030835,0.0291456,-1.17859,-1.17963,1.52514,1.52514,0.977621,0.979847,3.15386,3.1508,1.4895,1.48796,2.0448,2.0448,
161297,0.030835,0.0291456,-1.17859,-1.17963,1.52514,1.52514,0.977621,0.979847,3.15386,3.1508,1.4895,1.48796,2.0448,2.0448,
161317,0.030835,0.0291456,-1.17859,-1.17963,1.52514,1.52514,0.977621,0.979847,3.15386,3.15386,1.4895,1.48796,2.0448,2.04326,
161337,0.030835,0.0291456,-1.17859,-1.17963,1.52514,1.52514,0.977621,0.979847,3.15386,3.15386,1.4895,1.48796,2.0448,2.04326,
161357,0.030835,0.0291456,-1.17859,-1.17963,1.52514,1.52514,0.977621,0.979847,3.15386,3.15386,1.4895,1.48796,2.0448,2.04326,
161377,0.030835,0.0291456,-1.17859,-1.17963,1.52514,1.52514,0.977621,0.979847,3.15386,3.15386,1.4895,1.48796,2.0448,2.04326,
161397,0.030835,0.0291456,-1.17859,-1.17963,1.52514,1.52514,0.977621,0.979847,3.15386,3.15386,1.4895,1.48796,2.0448,2.04326,
161417,0.030835,0.0291456,-1.17859,-1.17963,1.52514,1.52514,0.977621,0.979847,3.15386,3.15386,1.4895,1.48796,2.0448,2.04326,
161437,0.030835,0.0291456,-1.17859,-1.17963,1.52514,1.52514,0.977621,0.979847,3.15386,3.15386,1.4895,1.48796,2.0448,2.04326,
161457,0.030835,0.0291456,-1.17859,-1.17963,1.52514,1.52514,0.977621,0.979847,3.15386,3.15386,1.4895,1.48796,2.0448,2.04326,
161477,0.030835,0.0291456,-1.17859,-1.17963,1.52514,1.52514,0.977621,0.979847,3.15386,3.15386,1.4895,1.48796,2.0448,2.04326,
161497,0.030835,0.0291456,-1.17859,-1.17963,1.52514,1.52514,0.977621,0.979847,3.15386,3.15386,1.4895,1.48796,2.0448,2.04326,
161517,0.030835,0.0291456,-1.17859,-1.17963,1.52514,1.52514,0.977621,0.979847,3.15386,3.15386,1.4895,1.48796,2.0448,2.04326,
161537,0.030835,0.0291456,-1.17859,-1.17963,1.52514,1.52514,0.977621,0.979847,3.15386,3.15386,1.4895,1.48796,2.0448,2.04326,
161557,0.030835,0.0291456,-1.17859,-1.17963,1.52514,1.52514,0.977621,0.979847,3.15386,3.15386,1.4895,1.48796,2.0448,2.04326,
161577,0.030835,0.0291456,-1.17859,-1.17963,1.52514,1.52514,0.977621,0.979847,3.15386,3.15386,1.4895,1.48796,2.0448,2.04326,
161597,0.030835,0.0291456,-1.17859,-1.17963,1.52514,1.52514,0.977621,0.979847,3.15386,3.15386,1.4895,1.48796,2.0448,2.04326,
161617,0.030835,0.0291456,-1.17859,-1.17963,1.52514,1.52514,0.977621,0.979847,3.15386,3.15386,1.4895,1.48796,2.0448,2.04326,
161637,0.030835,0.0291456,-1.17859,-1.17963,1.52514,1.52514,0.977621,0.979847,3.15386,3.15386,1.4895,1.48796,2.0448,2.04326,
161657,0.030835,0.0291456,-1.17859,-1.17963,1.52514,1.52514,0.977621,0.979847,3.15386,3.15386,1.4895,1.48796,2.0448,2.04326,
161677,0.030835,0.0291456,-1.17859,-1.17963,1.52514,1.52514,0.977621,0.979847,3.15386,3.15386,1.4895,1.48796,2.0448,2.04326,
161697,0.030835,0.0291456,-1.17859,-1.17963,1.52514,1.52514,0.977621,0.979847,3.15386,3.15386,1.4895,1.48796,2.0448,2.04326,
161717,0.030835,0.0291456,-1.17859,-1.17963,1.52514,1.52514,0.977621,0.979847,3.15386,3.15386,1.4895,1.48796,2.0448,2.04326,
161737,0.030835,0.0291456,-1.17859,-1.17963,1.52514,1.52514,0.977621,0.979847,3.15386,3.15386,1.4895,1.48796,2.0448,2.04326,
161757,0.030835,0.0291456,-1.17859,-1.17963,1.52514,1.52514,0.977621,0.979847,3.15386,3.15386,1.4895,1.48796,2.0448,2.04326,
161777,0.030835,0.0291456,-1.17859,-1.17963,1.52514,1.52514,0.977621,0.979847,3.15386,3.15386,1.4895,1.48796,2.0448,2.04326,
161797,0.030835,0.0291456,-1.17859,-1.17963,1.52514,1.52514,0.977621,0.979847,3.15386,3.15386,1.4895,1.48796,2.0448,2.04326,
161817,0.030835,0.0291456,-1.17859,-1.17963,1.52514,1.52514,0.977621,0.979847,3.15386,3.15386,1.4895,1.48796,2.0448,2.04326,
161837,0.030835,0.0291456,-1.17859,-1.17963,1.52514,1.52514,0.977621,0.979847,3.15386,3.15386,1.4895,1.48796,2.0448,2.04326,
161857,0.030835,0.0291456,-1.17859,-1.17963,1.52514,1.52514,0.977621,0.979847,3.15386,3.15386,1.4895,1.48796,2.0448,2.04326,
161877,0.030835,0.0291456,-1.17859,-1.17963,1.52514,1.52514,0.977621,0.979847,3.15386,3.15386,1.4895,1.48796,2.0448,2.04326,
161897,0.030835,0.0291456,-1.17859,-1.17963,1.52514,1.52514,0.977621,0.979847,3.15386,3.15386,1.4895,1.48796,2.0448,2.04326,
161917,0.030835,0.0291456,-1.17859,-1.17963,1.52514,1.52514,0.977621,0.979847,3.15386,3.15386,1.4895,1.48796,2.0448,2.04326,
161937,0.030835,0.0291456,-1.17859,-1.17963,1.52514,1.52514,0.977621,0.979847,3.15386,3.15386,1.4895,1.48796,2.0448,2.04326,
161957,0.030835,0.0291456,-1.17859,-1.17963,1.52514,1.52514,0.977621,0.979847,3.15386,3.15386,1.4895,1.48796,2.0448,2.04326,
161977,0.030835,0.0291456,-1.17859,-1.17963,1.52514,1.52514,0.977621,0.979847,3.15386,3.15386,1.4895,1.48796,2.0448,2.04326,
161997,0.030835,0.0291456,-1.17859,-1.17963,1.52514,1.52514,0.977621,0.979847,3.15386,3.15386,1.4895,1.48796,2.0448,2.04326,
162017,0.030835,0.0291456,-1.17859,-1.17963,1.52514,1.52514,0.977621,0.979847,3.15386,3.15386,1.4895,1.48796,2.0448,2.04326,
162037,0.030835,0.0291456,-1.17859,-1.17963,1.52514,1.52514,0.977621,0.979847,3.15386,3.15386,1.4895,1.48796,2.0448,2.04326,
162057,0.030835,0.0291456,-1.17859,-1.17963,1.52514,1.52514,0.977621,0.979847,3.15386,3.15386,1.4895,1.48796,2.0448,2.04326,
162077,0.030835,0.0291456,-1.17859,-1.17963,1.52514,1.52514,0.977621,0.979847,3.15386,3.15386,1.4895,1.48796,2.0448,2.04326,
162097,0.030835,0.0291456,-1.17859,-1.17963,1.52514,1.52514,0.977621,0.979847,3.15386,3.15386,1.4895,1.48796,2.0448,2.04326,
162117,0.030835,0.0291456,-1.17859,-1.17963,1.52514,1.52514,0.977621,0.979847,3.15386,3.15386,1.4895,1.48796,2.0448,2.04326,
162137,0.030835,0.0291456,-1.17859,-1.17963,1.52514,1.52514,0.977621,0.979847,3.15386,3.15386,1.4895,1.48796,2.0448,2.04326,
162157,0.030835,0.0291456,-1.17859,-1.17963,1.52514,1.52514,0.977621,0.979847,3.15386,3.15386,1.4895,1.48796,2.0448,2.04326,
162177,0.030835,0.0291456,-1.17859,-1.17963,1.52514,1.52514,0.977621,0.979847,3.15386,3.15386,1.4895,1.48796,2.0448,2.04326,
162197,0.030835,0.0291456,-1.17859,-1.17963,1.52514,1.52514,0.977621,0.979847,3.15386,3.15386,1.4895,1.48796,2.0448,2.04326,
162217,0.030835,0.0291456,-1.17859,-1.17963,1.52514,1.52514,0.977621,0.979847,3.15386,3.15386,1.4895,1.48796,2.0448,2.04326,
162237,0.030835,0.0291456,-1.17859,-1.17963,1.52514,1.52514,0.977621,0.979847,3.15386,3.15386,1.4895,1.48796,2.0448,2.04326,
162257,0.030835,0.0291456,-1.17859,-1.17963,1.52514,1.52514,0.977621,0.979847,3.15386,3.15386,1.4895,1.48796,2.0448,2.04326,
162277,0.030835,0.0291456,-1.17859,-1.17963,1.52514,1.52514,0.977621,0.979847,3.15386,3.15386,1.4895,1.48796,2.0448,2.04326,
162297,0.030835,0.0291456,-1.17859,-1.17963,1.52514,1.52514,0.977621,0.979847,3.15386,3.15386,1.4895,1.48796,2.0448,2.04326,
162317,0.030835,0.0291456,-1.17859,-1.17963,1.52514,1.52514,0.977621,0.979847,3.15386,3.15386,1.4895,1.48796,2.0448,2.04326,
162337,0.030835,0.0291456,-1.17859,-1.17963,1.52514,1.52514,0.977621,0.979847,3.15386,3.15386,1.4895,1.48796,2.0448,2.04326,
162357,0.030835,0.0291456,-1.17859,-1.17963,1.52514,1.52514,0.977621,0.979847,3.15386,3.15386,1.4895,1.48796,2.0448,2.04326,
162377,0.030835,0.0291456,-1.17859,-1.17963,1.52514,1.52514,0.977621,0.979847,3.15386,3.15386,1.4895,1.48796,2.0448,2.04326,
162397,0.030835,0.0291456,-1.17859,-1.17963,1.52514,1.52514,0.977621,0.979847,3.15386,3.15386,1.4895,1.48796,2.0448,2.04326,
162417,0.030835,0.0291456,-1.17859,-1.17963,1.52514,1.52514,0.977621,0.979847,3.15386,3.15386,1.4895,1.48796,2.0448,2.04326,
162437,0.030835,0.0291456,-1.17859,-1.17963,1.52514,1.52514,0.977621,0.979847,3.15386,3.15386,1.4895,1.48796,2.0448,2.04326,
162457,0.030835,0.0291456,-1.17859,-1.17963,1.52514,1.52514,0.977621,0.979847,3.15386,3.15386,1.4895,1.48796,2.0448,2.04326,
162477,0.030835,0.0291456,-1.17859,-1.17963,1.52514,1.52514,0.977621,0.979847,3.15386,3.15386,1.4895,1.48796,2.0448,2.04326,
162497,0.030835,0.0291456,-1.17859,-1.17963,1.52514,1.52514,0.977621,0.979847,3.15386,3.15386,1.4895,1.48796,2.0448,2.04326,
162517,0.030835,0.0291456,-1.17859,-1.17963,1.52514,1.52514,0.977621,0.979847,3.15386,3.15386,1.4895,1.48796,2.0448,2.04326,
162537,0.030835,0.0291456,-1.17859,-1.17963,1.52514,1.52514,0.977621,0.979847,3.15386,3.15386,1.4895,1.48796,2.0448,2.04326,
162557,0.030835,0.0291456,-1.17859,-1.17963,1.52514,1.52514,0.977621,0.979847,3.15386,3.15386,1.4895,1.48796,2.0448,2.04326,
162577,0.030835,0.0291456,-1.17859,-1.17963,1.52514,1.52514,0.977621,0.979847,3.15386,3.15386,1.4895,1.48796,2.0448,2.04326,
162597,0.030835,0.0291456,-1.17859,-1.17963,1.52514,1.52514,0.977621,0.979847,3.15386,3.15386,1.4895,1.48796,2.0448,2.04326,
162617,0.030835,0.0291456,-1.17859,-1.17963,1.52514,1.52514,0.977621,0.979847,3.15386,3.15386,1.4895,1.48796,2.0448,2.04326,
162637,0.030835,0.0291456,-1.17859,-1.17963,1.52514,1.52514,0.977621,0.979847,3.15386,3.15386,1.4895,1.48796,2.0448,2.04326,
162657,0.030835,0.0291456,-1.17859,-1.17963,1.52514,1.52514,0.977621,0.979847,3.15386,3.15386,1.4895,1.48796,2.0448,2.04326,
162677,0.030835,0.0291456,-1.17859,-1.17963,1.52514,1.52514,0.977621,0.979847,3.15386,3.15386,1.4895,1.48796,2.0448,2.04326,
162697,0.030835,0.0291456,-1.17859,-1.17963,1.52514,1.52514,0.977621,0.979847,3.15386,3.15386,1.4895,1.48796,2.0448,2.04326,
162717,0.030835,0.0291456,-1.17859,-1.17963,1.52514,1.52514,0.977621,0.979847,3.15386,3.15386,1.4895,1.48796,2.0448,2.04326,
162737,0.030835,0.0291456,-1.17859,-1.17963,1.52514,1.52514,0.977621,0.979847,3.15386,3.15386,1.4895,1.48796,2.0448,2.04326,
162757,0.030835,0.0291456,-1.17859,-1.17963,1.52514,1.52514,0.977621,0.979847,3.15386,3.15386,1.4895,1.48796,2.0448,2.04326,
162777,0.030835,0.0291456,-1.17859,-1.17963,1.52514,1.52514,0.977621,0.979847,3.15386,3.15386,1.4895,1.48796,2.0448,2.04326,
162797,0.030835,0.0291456,-1.17859,-1.17963,1.52514,1.52514,0.977621,0.979847,3.15386,3.15386,1.4895,1.48796,2.0448,2.04326,
162817,0.030835,0.0291456,-1.17859,-1.17963,1.52514,1.52514,0.977621,0.979847,3.15386,3.15386,1.4895,1.48796,2.0448,2.04326,
162837,0.030835,0.0291456,-1.17859,-1.17963,1.52514,1.52514,0.977621,0.979847,3.15386,3.15386,1.4895,1.48796,2.0448,2.04326,
162857,0.030835,0.0291456,-1.17859,-1.17963,1.52514,1.52514,0.977621,0.979847,3.15386,3.15386,1.4895,1.48796,2.0448,2.04326,
162877,0.030835,0.0291456,-1.17859,-1.17963,1.52514,1.52514,0.977621,0.979847,3.15386,3.15386,1.4895,1.48796,2.0448,2.04326,
162897,0.030835,0.0291456,-1.17859,-1.17963,1.52514,1.52514,0.977621,0.979847,3.15386,3.15386,1.4895,1.48796,2.0448,2.04326,
162917,0.030835,0.0291456,-1.17859,-1.17963,1.52514,1.52514,0.977621,0.979847,3.15386,3.15386,1.4895,1.48796,2.0448,2.04326,
162937,0.030835,0.0291456,-1.17859,-1.17963,1.52514,1.52514,0.977621,0.979847,3.15386,3.15386,1.4895,1.48796,2.0448,2.04326,
162957,0.030835,0.0291456,-1.17859,-1.17963,1.52514,1.52514,0.977621,0.979847,3.15386,3.15386,1.4895,1.48796,2.0448,2.04326,
162977,0.030835,0.0291456,-1.17859,-1.17963,1.52514,1.52514,0.977621,0.979847,3.15386,3.15386,1.4895,1.48796,2.0448,2.04326,
162997,0.030835,0.0291456,-1.17859,-1.17963,1.52514,1.52514,0.977621,0.979847,3.15386,3.15386,1.4895,1.48796,2.0448,2.04326,
163017,0.030835,0.0291456,-1.17859,-1.17963,1.52514,1.52514,0.977621,0.979847,3.15386,3.15386,1.4895,1.48796,2.0448,2.04326,
163037,0.030835,0.0291456,-1.17859,-1.17963,1.52514,1.52514,0.977621,0.979847,3.15386,3.15386,1.4895,1.48796,2.0448,2.04326,
163057,0.030835,0.0291456,-1.17859,-1.17963,1.52514,1.52514,0.977621,0.979847,3.15386,3.15386,1.4895,1.48796,2.0448,2.04326,
163077,0.030835,0.0291456,-1.17859,-1.17963,1.52514,1.52514,0.977621,0.979847,3.15386,3.15386,1.4895,1.48796,2.0448,2.04326,
163097,0.030835,0.0291456,-1.17859,-1.17963,1.52514,1.52514,0.977621,0.979847,3.15386,3.15386,1.4895,1.48796,2.0448,2.04326,
163117,0.030835,0.0291456,-1.17859,-1.17963,1.52514,1.52514,0.977621,0.979847,3.15386,3.15386,1.4895,1.48796,2.0448,2.04326,
163137,0.030835,0.0291456,-1.17859,-1.17963,1.52514,1.52514,0.977621,0.979847,3.15386,3.15386,1.4895,1.48796,2.0448,2.04326,
163157,0.030835,0.0291456,-1.17859,-1.17963,1.52514,1.52514,0.977621,0.979847,3.15386,3.15386,1.4895,1.48796,2.0448,2.04326,
163177,0.030835,0.0291456,-1.17859,-1.17963,1.52514,1.52514,0.977621,0.979847,3.15386,3.15386,1.4895,1.48796,2.0448,2.04326,
163197,0.030835,0.0291456,-1.17859,-1.17963,1.52514,1.52514,0.977621,0.979847,3.15386,3.15386,1.4895,1.48796,2.0448,2.04326,
163217,0.030835,0.0291456,-1.17859,-1.17963,1.52514,1.52514,0.977621,0.979847,3.15386,3.15386,1.4895,1.48796,2.0448,2.04326,
163237,0.030835,0.0291456,-1.17859,-1.17963,1.52514,1.52514,0.977621,0.979847,3.15386,3.15386,1.4895,1.48796,2.0448,2.04326,
163257,0.030835,0.0291456,-1.17859,-1.17963,1.52514,1.52514,0.977621,0.979847,3.15386,3.15386,1.4895,1.48796,2.0448,2.04326,
163277,0.030835,0.0291456,-1.17859,-1.17963,1.52514,1.52514,0.977621,0.979847,3.15386,3.15386,1.4895,1.48796,2.0448,2.04326,
163297,0.030835,0.0291456,-1.17859,-1.17963,1.52514,1.52514,0.977621,0.979847,3.15386,3.15386,1.4895,1.48796,2.0448,2.04326,
163317,0.030835,0.0291456,-1.17859,-1.17963,1.52514,1.52514,0.977621,0.979847,3.15386,3.15386,1.4895,1.48796,2.0448,2.04326,
163337,0.030835,0.0291456,-1.17859,-1.17963,1.52514,1.52514,0.977621,0.979847,3.15386,3.15386,1.4895,1.48796,2.0448,2.04326,
163357,0.030835,0.0291456,-1.17859,-1.17963,1.52514,1.52514,0.977621,0.979847,3.15386,3.15386,1.4895,1.48796,2.0448,2.04326,
163377,0.030835,0.0291456,-1.17859,-1.17963,1.52514,1.52514,0.977621,0.979847,3.15386,3.15386,1.4895,1.48796,2.0448,2.04326,
163397,0.030835,0.0291456,-1.17859,-1.17963,1.52514,1.52514,0.977621,0.979847,3.15386,3.15386,1.4895,1.48796,2.0448,2.04326,
163417,0.030835,0.0291456,-1.17859,-1.17963,1.52514,1.52514,0.977621,0.979847,3.15386,3.15386,1.4895,1.48796,2.0448,2.04326,
163437,0.030835,0.0291456,-1.17859,-1.17963,1.52514,1.52514,0.977621,0.979847,3.15386,3.15386,1.4895,1.48796,2.0448,2.04326,
163457,0.030835,0.0291456,-1.17859,-1.17963,1.52514,1.52514,0.977621,0.979847,3.15386,3.15386,1.4895,1.48796,2.0448,2.04326,
163477,0.030835,0.0291456,-1.17859,-1.17963,1.52514,1.52514,0.977621,0.979847,3.15386,3.15386,1.4895,1.48796,2.0448,2.04326,
163497,0.030835,0.0291456,-1.17859,-1.17963,1.52514,1.52514,0.977621,0.979847,3.15386,3.15386,1.4895,1.48796,2.0448,2.04326,
163517,0.030835,0.0291456,-1.17859,-1.17963,1.52514,1.52514,0.977621,0.979847,3.15386,3.15386,1.4895,1.48796,2.0448,2.04326,
163537,0.030835,0.0291456,-1.17859,-1.17963,1.52514,1.52514,0.977621,0.979847,3.15386,3.15386,1.4895,1.48796,2.0448,2.04326,
163557,0.030835,0.0291456,-1.17859,-1.17963,1.52514,1.52514,0.977621,0.979847,3.15386,3.15386,1.4895,1.48796,2.0448,2.04326,
163577,0.030835,0.0291456,-1.17859,-1.17963,1.52514,1.52514,0.977621,0.979847,3.15386,3.15386,1.4895,1.48796,2.0448,2.04326,
163597,0.030835,0.0291456,-1.17859,-1.17963,1.52514,1.52514,0.977621,0.979847,3.15386,3.15386,1.4895,1.48796,2.0448,2.04326,
163617,0.030835,0.0291456,-1.17859,-1.17963,1.52514,1.52514,0.977621,0.979847,3.15386,3.15386,1.4895,1.48796,2.0448,2.04326,
163637,0.030835,0.0291456,-1.17859,-1.17963,1.52514,1.52514,0.977621,0.979847,3.15386,3.15386,1.4895,1.48796,2.0448,2.04326,
163657,0.030835,0.0291456,-1.17859,-1.17963,1.52514,1.52514,0.977621,0.979847,3.15386,3.15386,1.4895,1.48796,2.0448,2.04326,
163677,0.030835,0.0291456,-1.17859,-1.17963,1.52514,1.52514,0.977621,0.979847,3.15386,3.15386,1.4895,1.48796,2.0448,2.04326,
163697,0.030835,0.0291456,-1.17859,-1.17963,1.52514,1.52514,0.977621,0.979847,3.15386,3.15386,1.4895,1.48796,2.0448,2.04326,
163717,0.030835,0.0291456,-1.17859,-1.17963,1.52514,1.52514,0.977621,0.979847,3.15386,3.15386,1.4895,1.48796,2.0448,2.04326,
163737,0.030835,0.0291456,-1.17859,-1.17963,1.52514,1.52514,0.977621,0.979847,3.15386,3.15386,1.4895,1.48796,2.0448,2.04326,
163757,0.030835,0.0291456,-1.17859,-1.17963,1.52514,1.52514,0.977621,0.979847,3.15386,3.15386,1.4895,1.48796,2.0448,2.04326,
163777,0.030835,0.0291456,-1.17859,-1.17963,1.52514,1.52514,0.977621,0.979847,3.15386,3.15386,1.4895,1.48796,2.0448,2.04326,
163797,0.030835,0.0291456,-1.17859,-1.17963,1.52514,1.52514,0.977621,0.979847,3.15386,3.15386,1.4895,1.48796,2.0448,2.04326,
163817,0.030835,0.0291456,-1.17859,-1.17963,1.52514,1.52514,0.977621,0.978313,3.15386,3.15386,1.4895,1.48796,2.0448,2.04326,
163837,0.030835,0.0291456,-1.17859,-1.17963,1.52514,1.52514,0.977621,0.978313,3.15386,3.15386,1.4895,1.48796,2.0448,2.04326,
163857,0.030835,0.0291456,-1.17859,-1.17963,1.52514,1.52514,0.977621,0.978313,3.15386,3.15386,1.4895,1.48796,2.0448,2.04326,
163877,0.030835,0.0291456,-1.17859,-1.17963,1.52514,1.52514,0.977621,0.978313,3.15386,3.15386,1.4895,1.48796,2.0448,2.04326,
163897,0.030835,0.0291456,-1.17859,-1.17963,1.52514,1.52514,0.977621,0.973711,3.15386,3.15386,1.4895,1.48796,2.0448,2.04326,
163917,0.030835,0.0291456,-1.17859,-1.17963,1.52514,1.52514,0.977621,0.973711,3.15386,3.15386,1.4895,1.48796,2.0448,2.04326,
163937,0.030835,0.0291456,-1.17859,-1.17963,1.52514,1.52514,0.977621,0.973711,3.15386,3.15386,1.4895,1.48796,2.0448,2.04326,
163959,0.030835,0.0291456,-1.17859,-1.17963,1.52514,1.52514,0.977621,0.973711,3.15386,3.15386,1.4895,1.48796,2.0448,2.04326,
163977,0.030835,0.0291456,-1.17859,-1.17963,1.52514,1.52514,0.977621,0.973711,3.15386,3.15386,1.4895,1.48796,2.0448,2.04326,
163997,0.030835,0.0291456,-1.17859,-1.17963,1.52514,1.52514,0.977621,0.973711,3.15386,3.15386,1.4895,1.48796,2.0448,2.04326,
164017,0.030835,0.0291456,-1.17859,-1.17963,1.52514,1.52514,0.977621,0.973711,3.15386,3.15386,1.4895,1.48796,2.0448,2.04326,
164037,0.030835,0.0291456,-1.17859,-1.17963,1.52514,1.52514,0.977621,0.973711,3.15386,3.15386,1.4895,1.48796,2.0448,2.04326,
164057,0.030835,0.0291456,-1.17859,-1.17963,1.52514,1.52514,0.977621,0.973711,3.15386,3.15386,1.4895,1.48796,2.0448,2.04326,
164077,0.030835,0.0291456,-1.17859,-1.17963,1.52514,1.52514,0.977621,0.973711,3.15386,3.15386,1.4895,1.48796,2.0448,2.04326,
164097,0.030835,0.0291456,-1.17859,-1.17963,1.52514,1.52514,0.977621,0.973711,3.15386,3.15386,1.4895,1.48796,2.0448,2.04326,
164117,0.030835,0.0291456,-1.17859,-1.17963,1.52514,1.52514,0.977621,0.973711,3.15386,3.15386,1.4895,1.48796,2.0448,2.04326,
164137,0.030835,0.0291456,-1.17859,-1.17963,1.52514,1.52514,0.977621,0.973711,3.15386,3.15386,1.4895,1.48796,2.0448,2.04326,
164157,0.030835,0.0291456,-1.17859,-1.17963,1.52514,1.52514,0.977621,0.973711,3.15386,3.15386,1.4895,1.48796,2.0448,2.04326,
164177,0.030835,0.0291456,-1.17859,-1.17963,1.52514,1.52514,0.977621,0.973711,3.15386,3.15386,1.4895,1.48796,2.0448,2.04326,
164197,0.030835,0.0291456,-1.17859,-1.17963,1.52514,1.52514,0.977621,0.973711,3.15386,3.15386,1.4895,1.48796,2.0448,2.04326,
164217,0.030835,0.0291456,-1.17859,-1.17963,1.52514,1.52514,0.977621,0.973711,3.15386,3.15386,1.4895,1.48796,2.0448,2.04326,
164237,0.030835,0.0291456,-1.17859,-1.17963,1.52514,1.52514,0.977621,0.973711,3.15386,3.15386,1.4895,1.48796,2.0448,2.04326,
164257,0.030835,0.0291456,-1.17859,-1.17963,1.52514,1.52514,0.977621,0.973711,3.15386,3.15386,1.4895,1.48796,2.0448,2.04326,
164277,0.030835,0.0291456,-1.17859,-1.17963,1.52514,1.52514,0.977621,0.973711,3.15386,3.15386,1.4895,1.48796,2.0448,2.04326,
164297,0.030835,0.0291456,-1.17859,-1.17963,1.52514,1.52514,0.977621,0.973711,3.15386,3.15386,1.4895,1.48796,2.0448,2.04326,
164317,0.030835,0.0291456,-1.17859,-1.17963,1.52514,1.52514,0.977621,0.973711,3.15386,3.15386,1.4895,1.48796,2.0448,2.04326,
164337,0.030835,0.0291456,-1.17859,-1.17963,1.52514,1.52514,0.977621,0.973711,3.15386,3.15386,1.4895,1.48796,2.0448,2.04326,
164357,0.030835,0.0291456,-1.17859,-1.17963,1.52514,1.52514,0.977621,0.973711,3.15386,3.15386,1.4895,1.48796,2.0448,2.04326,
164377,0.030835,0.0291456,-1.17859,-1.17963,1.52514,1.52514,0.977621,0.973711,3.15386,3.15386,1.4895,1.48796,2.0448,2.04326,
164397,0.030835,0.0291456,-1.17859,-1.17963,1.52514,1.52514,0.977621,0.973711,3.15386,3.15386,1.4895,1.48796,2.0448,2.04326,
164417,0.030835,0.0291456,-1.17859,-1.17963,1.52514,1.52514,0.977621,0.973711,3.15386,3.15386,1.4895,1.48796,2.0448,2.04326,
164437,0.030835,0.0291456,-1.17859,-1.17963,1.52514,1.52514,0.977621,0.973711,3.15386,3.15386,1.4895,1.48796,2.0448,2.04326,
164457,0.030835,0.0291456,-1.17859,-1.17963,1.52514,1.52514,0.977621,0.973711,3.15386,3.15386,1.4895,1.48796,2.0448,2.04326,
164477,0.030835,0.0291456,-1.17859,-1.17963,1.52514,1.52514,0.977621,0.973711,3.15386,3.15386,1.4895,1.48796,2.0448,2.04326,
164497,0.030835,0.0291456,-1.17859,-1.17963,1.52514,1.52514,0.977621,0.973711,3.15386,3.15386,1.4895,1.48796,2.0448,2.04326,
164517,0.030835,0.0291456,-1.17859,-1.17963,1.52514,1.52514,0.977621,0.973711,3.15386,3.15386,1.4895,1.48796,2.0448,2.04326,
164537,0.030835,0.0291456,-1.17859,-1.17963,1.52514,1.52514,0.977621,0.973711,3.15386,3.15386,1.4895,1.48796,2.0448,2.04326,
164557,0.030835,0.0291456,-1.17859,-1.17963,1.52514,1.52514,0.977621,0.973711,3.15386,3.15386,1.4895,1.48796,2.0448,2.04326,
164577,0.030835,0.0291456,-1.17859,-1.17963,1.52514,1.52514,0.977621,0.973711,3.15386,3.15386,1.4895,1.48796,2.0448,2.04326,
164597,0.030835,0.0291456,-1.17859,-1.17963,1.52514,1.52514,0.977621,0.973711,3.15386,3.15386,1.4895,1.48796,2.0448,2.04326,
164617,0.030835,0.0291456,-1.17859,-1.17963,1.52514,1.52514,0.977621,0.973711,3.15386,3.15386,1.4895,1.48796,2.0448,2.04326,
164637,0.030835,0.0291456,-1.17859,-1.17963,1.52514,1.52514,0.977621,0.973711,3.15386,3.15386,1.4895,1.48796,2.0448,2.04326,
164657,0.030835,0.0291456,-1.17859,-1.17963,1.52514,1.52514,0.977621,0.973711,3.15386,3.15386,1.4895,1.48796,2.0448,2.04326,
164677,0.030835,0.0291456,-1.17859,-1.17963,1.52514,1.52514,0.977621,0.973711,3.15386,3.15386,1.4895,1.48796,2.0448,2.04326,
164697,0.030835,0.0291456,-1.17859,-1.17963,1.52514,1.52514,0.977621,0.973711,3.15386,3.15386,1.4895,1.48796,2.0448,2.04326,
164717,0.030835,0.0291456,-1.17859,-1.17963,1.52514,1.52514,0.977621,0.973711,3.15386,3.15386,1.4895,1.48796,2.0448,2.04326,
164737,0.030835,0.0291456,-1.17859,-1.17963,1.52514,1.52514,0.977621,0.973711,3.15386,3.15386,1.4895,1.48796,2.0448,2.04326,
164757,0.030835,0.0291456,-1.17859,-1.17963,1.52514,1.52514,0.977621,0.973711,3.15386,3.15386,1.4895,1.48796,2.0448,2.04326,
164777,0.030835,0.0291456,-1.17859,-1.17963,1.52514,1.52514,0.977621,0.973711,3.15386,3.15386,1.4895,1.48796,2.0448,2.04326,
164797,0.030835,0.0291456,-1.17859,-1.17963,1.52514,1.52514,0.977621,0.973711,3.15386,3.15386,1.4895,1.48796,2.0448,2.04326,
164817,0.030835,0.0291456,-1.17859,-1.17963,1.52514,1.52514,0.977621,0.973711,3.15386,3.15386,1.4895,1.48796,2.0448,2.04326,
164837,0.030835,0.0291456,-1.17859,-1.17963,1.52514,1.52514,0.977621,0.973711,3.15386,3.15386,1.4895,1.48796,2.0448,2.04326,
164857,0.030835,0.0291456,-1.17859,-1.17963,1.52514,1.52514,0.977621,0.973711,3.15386,3.15386,1.4895,1.48796,2.0448,2.04326,
164877,0.030835,0.0291456,-1.17859,-1.17963,1.52514,1.52514,0.977621,0.973711,3.15386,3.15386,1.4895,1.48796,2.0448,2.04326,
164897,0.030835,0.0291456,-1.17859,-1.17963,1.52514,1.52514,0.977621,0.973711,3.15386,3.15386,1.4895,1.48796,2.0448,2.04326,
164917,0.030835,0.0291456,-1.17859,-1.17963,1.52514,1.52514,0.977621,0.973711,3.15386,3.15386,1.4895,1.48796,2.0448,2.04326,
164937,0.030835,0.0291456,-1.17859,-1.17963,1.52514,1.52514,0.977621,0.973711,3.15386,3.15386,1.4895,1.48796,2.0448,2.04326,
164957,0.030835,0.0291456,-1.17859,-1.17963,1.52514,1.52514,0.977621,0.973711,3.15386,3.15386,1.4895,1.48796,2.0448,2.04326,
164977,0.030835,0.0291456,-1.17859,-1.17963,1.52514,1.52514,0.977621,0.973711,3.15386,3.15386,1.4895,1.48796,2.0448,2.04326,
164997,0.030835,0.0291456,-1.17859,-1.17963,1.52514,1.52514,0.977621,0.973711,3.15386,3.15386,1.4895,1.48796,2.0448,2.04326,
165017,0.030835,0.0291456,-1.17859,-1.17963,1.52514,1.52514,0.977621,0.973711,3.15386,3.15386,1.4895,1.48796,2.0448,2.04326,
165037,0.030835,0.0291456,-1.17859,-1.17963,1.52514,1.52514,0.977621,0.973711,3.15386,3.15386,1.4895,1.48796,2.0448,2.04326,
165057,0.030835,0.0291456,-1.17859,-1.17963,1.52514,1.52514,0.977621,0.973711,3.15386,3.15386,1.4895,1.48796,2.0448,2.04326,
165077,0.030835,0.0291456,-1.17859,-1.17963,1.52514,1.52514,0.977621,0.973711,3.15386,3.15386,1.4895,1.48796,2.0448,2.04326,
165097,0.030835,0.0291456,-1.17859,-1.17963,1.52514,1.52514,0.977621,0.973711,3.15386,3.15386,1.4895,1.48796,2.0448,2.04326,
165117,0.030835,0.0291456,-1.17859,-1.17963,1.52514,1.52514,0.977621,0.973711,3.15386,3.15386,1.4895,1.48796,2.0448,2.04326,
165137,0.030835,0.0291456,-1.17859,-1.17963,1.52514,1.52514,0.977621,0.973711,3.15386,3.15386,1.4895,1.48796,2.0448,2.04326,
165157,0.030835,0.0291456,-1.17859,-1.17963,1.52514,1.52514,0.977621,0.973711,3.15386,3.15386,1.4895,1.48796,2.0448,2.04326,
165177,0.030835,0.0291456,-1.17859,-1.17963,1.52514,1.52514,0.977621,0.973711,3.15386,3.15386,1.4895,1.48796,2.0448,2.04326,
165197,0.030835,0.0291456,-1.17859,-1.17963,1.52514,1.52514,0.977621,0.973711,3.15386,3.15386,1.4895,1.48796,2.0448,2.04326,
165217,0.030835,0.0291456,-1.17859,-1.17963,1.52514,1.52514,0.977621,0.973711,3.15386,3.15386,1.4895,1.48796,2.0448,2.04326,
165237,0.030835,0.0291456,-1.17859,-1.17963,1.52514,1.52514,0.977621,0.973711,3.15386,3.15386,1.4895,1.48796,2.0448,2.04326,
165257,0.030835,0.0291456,-1.17859,-1.17963,1.52514,1.52514,0.977621,0.973711,3.15386,3.15386,1.4895,1.48796,2.0448,2.04326,
165277,0.030835,0.0291456,-1.17859,-1.17963,1.52514,1.52514,0.977621,0.973711,3.15386,3.15386,1.4895,1.48796,2.0448,2.04326,
165297,0.030835,0.0291456,-1.17859,-1.17963,1.52514,1.52514,0.977621,0.973711,3.15386,3.15386,1.4895,1.48796,2.0448,2.04326,
165317,0.030835,0.0291456,-1.17859,-1.17963,1.52514,1.52514,0.977621,0.973711,3.15386,3.15386,1.4895,1.48796,2.0448,2.04326,
165337,0.030835,0.0291456,-1.17859,-1.17963,1.52514,1.52514,0.977621,0.973711,3.15386,3.15386,1.4895,1.48796,2.0448,2.04326,
165357,0.030835,0.0291456,-1.17859,-1.17963,1.52514,1.52514,0.977621,0.973711,3.15386,3.15386,1.4895,1.48796,2.0448,2.04326,
165377,0.030835,0.0291456,-1.17859,-1.17963,1.52514,1.52514,0.977621,0.973711,3.15386,3.15386,1.4895,1.48796,2.0448,2.04326,
165397,0.030835,0.0291456,-1.17859,-1.17963,1.52514,1.52514,0.977621,0.973711,3.15386,3.15386,1.4895,1.48796,2.0448,2.04326,
165417,0.030835,0.0291456,-1.17859,-1.17963,1.52514,1.52514,0.977621,0.973711,3.15386,3.15386,1.4895,1.48796,2.0448,2.04326,
165437,0.030835,0.0291456,-1.17859,-1.17963,1.52514,1.52514,0.977621,0.973711,3.15386,3.15386,1.4895,1.48796,2.0448,2.04326,
165457,0.030835,0.0291456,-1.17859,-1.17963,1.52514,1.52514,0.977621,0.973711,3.15386,3.15386,1.4895,1.48796,2.0448,2.04326,
165477,0.030835,0.0291456,-1.17859,-1.17963,1.52514,1.52514,0.977621,0.973711,3.15386,3.15386,1.4895,1.48796,2.0448,2.04326,
165497,0.030835,0.0291456,-1.17859,-1.17963,1.52514,1.52514,0.977621,0.973711,3.15386,3.15386,1.4895,1.48796,2.0448,2.04326,
165517,0.030835,0.0291456,-1.17859,-1.17963,1.52514,1.52514,0.977621,0.973711,3.15386,3.15386,1.4895,1.48796,2.0448,2.04326,
165537,0.030835,0.0291456,-1.17859,-1.17963,1.52514,1.52514,0.977621,0.973711,3.15386,3.15386,1.4895,1.48796,2.0448,2.04326,
165557,0.030835,0.0291456,-1.17859,-1.17963,1.52514,1.52514,0.977621,0.973711,3.15386,3.15386,1.4895,1.48796,2.0448,2.04326,
165577,0.030835,0.0291456,-1.17859,-1.17963,1.52514,1.52514,0.977621,0.973711,3.15386,3.15386,1.4895,1.48796,2.0448,2.04326,
165597,0.030835,0.0291456,-1.17859,-1.17963,1.52514,1.52514,0.977621,0.973711,3.15386,3.15386,1.4895,1.48796,2.0448,2.04326,
165617,0.030835,0.0291456,-1.17859,-1.17963,1.52514,1.52514,0.977621,0.973711,3.15386,3.15386,1.4895,1.48796,2.0448,2.04326,
165637,0.030835,0.0291456,-1.17859,-1.17963,1.52514,1.52514,0.977621,0.973711,3.15386,3.15386,1.4895,1.48796,2.0448,2.04326,
165657,0.030835,0.0291456,-1.17859,-1.17963,1.52514,1.52514,0.977621,0.973711,3.15386,3.15386,1.4895,1.48796,2.0448,2.04326,
165677,0.030835,0.0291456,-1.17859,-1.17963,1.52514,1.52514,0.977621,0.973711,3.15386,3.15386,1.4895,1.48796,2.0448,2.04326,
165697,0.030835,0.0291456,-1.17859,-1.17963,1.52514,1.52514,0.977621,0.973711,3.15386,3.15386,1.4895,1.48796,2.0448,2.04326,
165717,0.030835,0.0291456,-1.17859,-1.17963,1.52514,1.52514,0.977621,0.973711,3.15386,3.15386,1.4895,1.48796,2.0448,2.04326,
165737,0.030835,0.0291456,-1.17859,-1.17963,1.52514,1.52514,0.977621,0.973711,3.15386,3.15386,1.4895,1.48796,2.0448,2.04326,
165757,0.030835,0.0291456,-1.17859,-1.17963,1.52514,1.52514,0.977621,0.973711,3.15386,3.15386,1.4895,1.48796,2.0448,2.04326,
165777,0.030835,0.0291456,-1.17859,-1.17963,1.52514,1.52514,0.977621,0.973711,3.15386,3.15386,1.4895,1.48796,2.0448,2.04326,
165797,0.030835,0.0291456,-1.17859,-1.17963,1.52514,1.52514,0.977621,0.973711,3.15386,3.15386,1.4895,1.48796,2.0448,2.04326,
165817,0.030835,0.0291456,-1.17859,-1.17963,1.52514,1.52514,0.977621,0.973711,3.15386,3.15386,1.4895,1.48796,2.0448,2.04326,
165837,0.030835,0.0291456,-1.17859,-1.17963,1.52514,1.52514,0.977621,0.973711,3.15386,3.15386,1.4895,1.48796,2.0448,2.04326,
165857,0.030835,0.0291456,-1.17859,-1.17963,1.52514,1.52514,0.977621,0.973711,3.15386,3.15386,1.4895,1.48796,2.0448,2.04326,
165877,0.030835,0.0291456,-1.17859,-1.17963,1.52514,1.52514,0.977621,0.973711,3.15386,3.15386,1.4895,1.48796,2.0448,2.04326,
165897,0.030835,0.0291456,-1.17859,-1.17963,1.52514,1.52514,0.977621,0.973711,3.15386,3.15386,1.4895,1.48796,2.0448,2.04326,
165917,0.030835,0.0291456,-1.17859,-1.17963,1.52514,1.52514,0.977621,0.973711,3.15386,3.15386,1.4895,1.48796,2.0448,2.04326,
165937,0.030835,0.0291456,-1.17859,-1.17963,1.52514,1.52514,0.977621,0.973711,3.15386,3.15386,1.4895,1.48796,2.0448,2.04326,
165957,0.030835,0.0291456,-1.17859,-1.17963,1.52514,1.52514,0.977621,0.973711,3.15386,3.15386,1.4895,1.48796,2.0448,2.04326,
165977,0.030835,0.0291456,-1.17859,-1.17963,1.52514,1.52514,0.977621,0.973711,3.15386,3.15386,1.4895,1.48796,2.0448,2.04326,
165997,0.030835,0.0291456,-1.17859,-1.17963,1.52514,1.52514,0.977621,0.973711,3.15386,3.15386,1.4895,1.48796,2.0448,2.04326,
166017,0.030835,0.0291456,-1.17859,-1.17963,1.52514,1.52514,0.977621,0.973711,3.15386,3.15386,1.4895,1.48796,2.0448,2.04326,
166037,0.030835,0.0291456,-1.17859,-1.17963,1.52514,1.52514,0.977621,0.973711,3.15386,3.15386,1.4895,1.48796,2.0448,2.04326,
166057,0.030835,0.0291456,-1.17859,-1.17963,1.52514,1.52514,0.977621,0.973711,3.15386,3.15386,1.4895,1.48796,2.0448,2.04326,
166077,0.030835,0.0291456,-1.17859,-1.17963,1.52514,1.52514,0.977621,0.973711,3.15386,3.15386,1.4895,1.48796,2.0448,2.04326,
166097,0.030835,0.0291456,-1.17859,-1.17963,1.52514,1.52514,0.977621,0.973711,3.15386,3.15386,1.4895,1.48796,2.0448,2.04326,
166117,0.030835,0.0291456,-1.17859,-1.17963,1.52514,1.52514,0.977621,0.973711,3.15386,3.15386,1.4895,1.48796,2.0448,2.04326,
166137,0.030835,0.0291456,-1.17859,-1.17963,1.52514,1.52514,0.977621,0.973711,3.15386,3.15386,1.4895,1.48796,2.0448,2.04326,
166157,0.030835,0.0291456,-1.17859,-1.17963,1.52514,1.52514,0.977621,0.973711,3.15386,3.15386,1.4895,1.48796,2.0448,2.04326,
166177,0.030835,0.0291456,-1.17859,-1.17963,1.52514,1.52514,0.977621,0.973711,3.15386,3.15386,1.4895,1.48796,2.0448,2.04326,
166197,0.030835,0.0291456,-1.17859,-1.17963,1.52514,1.52514,0.977621,0.973711,3.15386,3.15386,1.4895,1.48796,2.0448,2.04326,
166217,0.030835,0.0291456,-1.17859,-1.17963,1.52514,1.52514,0.977621,0.973711,3.15386,3.15386,1.4895,1.48796,2.0448,2.04326,
166237,0.030835,0.0291456,-1.17859,-1.17963,1.52514,1.52514,0.977621,0.973711,3.15386,3.15386,1.4895,1.48796,2.0448,2.04326,
166257,0.030835,0.0291456,-1.17859,-1.17963,1.52514,1.52514,0.977621,0.973711,3.15386,3.15386,1.4895,1.48796,2.0448,2.04326,
166277,0.030835,0.0291456,-1.17859,-1.17963,1.52514,1.52514,0.977621,0.973711,3.15386,3.15386,1.4895,1.48796,2.0448,2.04326,
166297,0.030835,0.0291456,-1.17859,-1.17963,1.52514,1.52514,0.977621,0.973711,3.15386,3.15386,1.4895,1.48796,2.0448,2.04326,
166317,0.030835,0.0291456,-1.17859,-1.17963,1.52514,1.52514,0.977621,0.973711,3.15386,3.15386,1.4895,1.48796,2.0448,2.04326,
166337,0.030835,0.0291456,-1.17859,-1.17963,1.52514,1.52514,0.977621,0.973711,3.15386,3.15386,1.4895,1.48796,2.0448,2.04326,
166357,0.030835,0.0291456,-1.17859,-1.17963,1.52514,1.52514,0.977621,0.973711,3.15386,3.15386,1.4895,1.48796,2.0448,2.04326,
166377,0.030835,0.0291456,-1.17859,-1.17963,1.52514,1.52514,0.977621,0.973711,3.15386,3.15386,1.4895,1.48796,2.0448,2.04326,
166397,0.030835,0.0291456,-1.17859,-1.17963,1.52514,1.52514,0.977621,0.973711,3.15386,3.15386,1.4895,1.48796,2.0448,2.04326,
166417,0.030835,0.0291456,-1.17859,-1.17963,1.52514,1.52514,0.977621,0.973711,3.15386,3.15386,1.4895,1.48796,2.0448,2.04326,
166437,0.030835,0.0291456,-1.17859,-1.17963,1.52514,1.52514,0.977621,0.973711,3.15386,3.15386,1.4895,1.48796,2.0448,2.04326,
166457,0.030835,0.0291456,-1.17859,-1.17963,1.52514,1.52514,0.977621,0.973711,3.15386,3.15386,1.4895,1.48796,2.0448,2.04326,
166477,0.030835,0.0291456,-1.17859,-1.17963,1.52514,1.52514,0.977621,0.973711,3.15386,3.15386,1.4895,1.48796,2.0448,2.04326,
166497,0.030835,0.0291456,-1.17859,-1.17963,1.52514,1.52514,0.977621,0.973711,3.15386,3.15386,1.4895,1.48796,2.0448,2.04326,
166517,0.030835,0.0291456,-1.17859,-1.17963,1.52514,1.52514,0.977621,0.973711,3.15386,3.15386,1.4895,1.48796,2.0448,2.04326,
166537,0.030835,0.0291456,-1.17859,-1.17963,1.52514,1.52514,0.977621,0.973711,3.15386,3.15386,1.4895,1.48796,2.0448,2.04326,
166557,0.030835,0.0291456,-1.17859,-1.17963,1.52514,1.52514,0.977621,0.973711,3.15386,3.15386,1.4895,1.48796,2.0448,2.04326,
166577,0.030835,0.0291456,-1.17859,-1.17963,1.52514,1.52514,0.977621,0.973711,3.15386,3.15386,1.4895,1.48796,2.0448,2.04326,
166597,0.030835,0.0291456,-1.17859,-1.17963,1.52514,1.52514,0.977621,0.973711,3.15386,3.15386,1.4895,1.48796,2.0448,2.04326,
166617,0.030835,0.0291456,-1.17859,-1.17963,1.52514,1.52514,0.977621,0.973711,3.15386,3.15386,1.4895,1.48796,2.0448,2.04326,
166637,0.030835,0.0291456,-1.17859,-1.17963,1.52514,1.52514,0.977621,0.973711,3.15386,3.15386,1.4895,1.48796,2.0448,2.04326,
166657,0.030835,0.0291456,-1.17859,-1.17963,1.52514,1.52514,0.977621,0.973711,3.15386,3.15386,1.4895,1.48796,2.0448,2.04326,
166677,0.030835,0.0291456,-1.17859,-1.17963,1.52514,1.52514,0.977621,0.973711,3.15386,3.15386,1.4895,1.48796,2.0448,2.04326,
166697,0.030835,0.0291456,-1.17859,-1.17963,1.52514,1.52514,0.977621,0.973711,3.15386,3.15386,1.4895,1.48796,2.0448,2.04326,
166717,0.030835,0.0291456,-1.17859,-1.17963,1.52514,1.52514,0.977621,0.973711,3.15386,3.15386,1.4895,1.48796,2.0448,2.04326,
166737,0.030835,0.0291456,-1.17859,-1.17963,1.52514,1.52514,0.977621,0.973711,3.15386,3.15386,1.4895,1.48796,2.0448,2.04326,
166757,0.030835,0.0291456,-1.17859,-1.17963,1.52514,1.52514,0.977621,0.973711,3.15386,3.15386,1.4895,1.48796,2.0448,2.04326,
166777,0.030835,0.0291456,-1.17859,-1.17963,1.52514,1.52514,0.977621,0.973711,3.15386,3.15386,1.4895,1.48796,2.0448,2.04326,
166797,0.030835,0.0291456,-1.17859,-1.17963,1.52514,1.52514,0.977621,0.973711,3.15386,3.15386,1.4895,1.48796,2.0448,2.04326,
166817,0.030835,0.0291456,-1.17859,-1.17963,1.52514,1.52514,0.977621,0.973711,3.15386,3.15386,1.4895,1.48796,2.0448,2.04326,
166837,0.030835,0.0291456,-1.17859,-1.17963,1.52514,1.52514,0.977621,0.973711,3.15386,3.15386,1.4895,1.48796,2.0448,2.04326,
166857,0.030835,0.0291456,-1.17859,-1.17963,1.52514,1.52514,0.977621,0.973711,3.15386,3.15386,1.4895,1.48796,2.0448,2.04326,
166877,0.030835,0.0291456,-1.17859,-1.17963,1.52514,1.52514,0.977621,0.973711,3.15386,3.15386,1.4895,1.48796,2.0448,2.04326,
166897,0.030835,0.0291456,-1.17859,-1.17963,1.52514,1.52514,0.977621,0.973711,3.15386,3.15386,1.4895,1.48796,2.0448,2.04326,
166917,0.030835,0.0291456,-1.17859,-1.17963,1.52514,1.52514,0.977621,0.973711,3.15386,3.15386,1.4895,1.48796,2.0448,2.04326,
166937,0.030835,0.0291456,-1.17859,-1.17963,1.52514,1.52514,0.977621,0.973711,3.15386,3.15386,1.4895,1.48796,2.0448,2.04326,
166957,0.030835,0.0291456,-1.17859,-1.17963,1.52514,1.52514,0.977621,0.973711,3.15386,3.15386,1.4895,1.48796,2.0448,2.04326,
166977,0.030835,0.0291456,-1.17859,-1.17963,1.52514,1.52514,0.977621,0.973711,3.15386,3.15386,1.4895,1.48796,2.0448,2.04326,
166997,0.030835,0.0291456,-1.17859,-1.17963,1.52514,1.52514,0.977621,0.973711,3.15386,3.15386,1.4895,1.48796,2.0448,2.04326,
167017,0.030835,0.0291456,-1.17859,-1.17963,1.52514,1.52514,0.977621,0.973711,3.15386,3.15386,1.4895,1.48796,2.0448,2.04326,
167037,0.030835,0.0291456,-1.17859,-1.17963,1.52514,1.52514,0.977621,0.973711,3.15386,3.15386,1.4895,1.48796,2.0448,2.04326,
167057,0.030835,0.0291456,-1.17859,-1.17963,1.52514,1.52514,0.977621,0.973711,3.15386,3.15386,1.4895,1.48796,2.0448,2.04326,
167077,0.030835,0.0291456,-1.17859,-1.17963,1.52514,1.52514,0.977621,0.973711,3.15386,3.15386,1.4895,1.48796,2.0448,2.04326,
167097,0.030835,0.0291456,-1.17859,-1.17963,1.52514,1.52514,0.977621,0.973711,3.15386,3.15386,1.4895,1.48796,2.0448,2.04326,
167117,0.030835,0.0291456,-1.17859,-1.17963,1.52514,1.52514,0.977621,0.973711,3.15386,3.15386,1.4895,1.48796,2.0448,2.04326,
167137,0.030835,0.0291456,-1.17859,-1.17963,1.52514,1.52514,0.977621,0.973711,3.15386,3.15386,1.4895,1.48796,2.0448,2.04326,
167157,0.030835,0.0291456,-1.17859,-1.17963,1.52514,1.52514,0.977621,0.973711,3.15386,3.15386,1.4895,1.48796,2.0448,2.04326,
167177,0.030835,0.0291456,-1.17859,-1.17963,1.52514,1.52514,0.977621,0.973711,3.15386,3.15386,1.4895,1.48796,2.0448,2.04326,
167197,0.030835,0.0291456,-1.17859,-1.17963,1.52514,1.52514,0.977621,0.973711,3.15386,3.15386,1.4895,1.48796,2.0448,2.04326,
167217,0.030835,0.0291456,-1.17859,-1.17963,1.52514,1.52514,0.977621,0.973711,3.15386,3.15386,1.4895,1.48796,2.0448,2.04326,
167237,0.030835,0.0291456,-1.17859,-1.17963,1.52514,1.52514,0.977621,0.973711,3.15386,3.15386,1.4895,1.48796,2.0448,2.04326,
167257,0.030835,0.0291456,-1.17859,-1.17963,1.52514,1.52514,0.977621,0.973711,3.15386,3.15386,1.4895,1.48796,2.0448,2.04326,
167277,0.030835,0.0291456,-1.17859,-1.17963,1.52514,1.52514,0.977621,0.973711,3.15386,3.15386,1.4895,1.48796,2.0448,2.04326,
167297,0.030835,0.0291456,-1.17859,-1.17963,1.52514,1.52514,0.977621,0.973711,3.15386,3.15386,1.4895,1.48796,2.0448,2.04326,
167317,0.030835,0.0291456,-1.17859,-1.17963,1.52514,1.52514,0.977621,0.973711,3.15386,3.15386,1.4895,1.48796,2.0448,2.04326,
167337,0.030835,0.0291456,-1.17859,-1.17963,1.52514,1.52514,0.977621,0.973711,3.15386,3.15386,1.4895,1.48796,2.0448,2.04326,
167357,0.030835,0.0291456,-1.17859,-1.17963,1.52514,1.52514,0.977621,0.973711,3.15386,3.15386,1.4895,1.48796,2.0448,2.04326,
167377,0.030835,0.0291456,-1.17859,-1.17963,1.52514,1.52514,0.977621,0.973711,3.15386,3.15386,1.4895,1.48796,2.0448,2.04326,
167397,0.030835,0.0291456,-1.17859,-1.17963,1.52514,1.52514,0.977621,0.973711,3.15386,3.15386,1.4895,1.48796,2.0448,2.04326,
167417,0.030835,0.0291456,-1.17859,-1.17963,1.52514,1.52514,0.977621,0.973711,3.15386,3.15386,1.4895,1.48796,2.0448,2.04326,
167437,0.030835,0.0291456,-1.17859,-1.17963,1.52514,1.52514,0.977621,0.973711,3.15386,3.15386,1.4895,1.48796,2.0448,2.04326,
167457,0.030835,0.0291456,-1.17859,-1.17963,1.52514,1.52514,0.977621,0.973711,3.15386,3.15386,1.4895,1.48796,2.0448,2.04326,
167477,0.030835,0.0291456,-1.17859,-1.17963,1.52514,1.52514,0.977621,0.973711,3.15386,3.15386,1.4895,1.48796,2.0448,2.04326,
167497,0.030835,0.0291456,-1.17859,-1.17963,1.52514,1.52514,0.977621,0.973711,3.15386,3.15386,1.4895,1.48796,2.0448,2.04326,
167517,0.030835,0.0291456,-1.17859,-1.17963,1.52514,1.52514,0.977621,0.973711,3.15386,3.15386,1.4895,1.48796,2.0448,2.04326,
167537,0.030835,0.0291456,-1.17859,-1.17963,1.52514,1.52514,0.977621,0.973711,3.15386,3.15386,1.4895,1.48796,2.0448,2.04326,
167557,0.030835,0.0291456,-1.17859,-1.17963,1.52514,1.52514,0.977621,0.973711,3.15386,3.15386,1.4895,1.48796,2.0448,2.04326,
167577,0.030835,0.0291456,-1.17859,-1.17963,1.52514,1.52514,0.977621,0.973711,3.15386,3.15386,1.4895,1.48796,2.0448,2.04326,
167597,0.030835,0.0291456,-1.17859,-1.17963,1.52514,1.52514,0.977621,0.973711,3.15386,3.15386,1.4895,1.48796,2.0448,2.04326,
167617,0.030835,0.0291456,-1.17859,-1.17963,1.52514,1.52514,0.977621,0.973711,3.15386,3.15386,1.4895,1.48796,2.0448,2.04326,
167637,0.030835,0.0291456,-1.17859,-1.17963,1.52514,1.52514,0.977621,0.973711,3.15386,3.15386,1.4895,1.48796,2.0448,2.04326,
167657,0.030835,0.0291456,-1.17859,-1.17963,1.52514,1.52514,0.977621,0.973711,3.15386,3.15386,1.4895,1.48796,2.0448,2.04326,
167677,0.030835,0.0291456,-1.17859,-1.17963,1.52514,1.52514,0.977621,0.973711,3.15386,3.15386,1.4895,1.48796,2.0448,2.04326,
167697,0.030835,0.0291456,-1.17859,-1.17963,1.52514,1.52514,0.977621,0.973711,3.15386,3.15386,1.4895,1.48796,2.0448,2.04326,
167717,0.030835,0.0291456,-1.17859,-1.17963,1.52514,1.52514,0.977621,0.973711,3.15386,3.15386,1.4895,1.48796,2.0448,2.04326,
167737,0.030835,0.0291456,-1.17859,-1.17963,1.52514,1.52514,0.977621,0.973711,3.15386,3.15386,1.4895,1.48796,2.0448,2.04326,
167757,0.030835,0.0291456,-1.17859,-1.17963,1.52514,1.52514,0.977621,0.973711,3.15386,3.15386,1.4895,1.48796,2.0448,2.04326,
167777,0.030835,0.0291456,-1.17859,-1.17963,1.52514,1.52514,0.977621,0.973711,3.15386,3.15386,1.4895,1.48796,2.0448,2.04326,
167797,0.030835,0.0291456,-1.17859,-1.17963,1.52514,1.52514,0.977621,0.973711,3.15386,3.15386,1.4895,1.48796,2.0448,2.04326,
167817,0.030835,0.0291456,-1.17859,-1.17963,1.52514,1.52514,0.977621,0.973711,3.15386,3.15386,1.4895,1.48796,2.0448,2.04326,
167837,0.030835,0.0291456,-1.17859,-1.17963,1.52514,1.52514,0.977621,0.973711,3.15386,3.15386,1.4895,1.48796,2.0448,2.04326,
167857,0.030835,0.0291456,-1.17859,-1.17963,1.52514,1.52514,0.977621,0.973711,3.15386,3.15386,1.4895,1.48796,2.0448,2.04326,
167877,0.030835,0.0291456,-1.17859,-1.17963,1.52514,1.52514,0.977621,0.973711,3.15386,3.15386,1.4895,1.48796,2.0448,2.04326,
167897,0.030835,0.0291456,-1.17859,-1.17963,1.52514,1.52514,0.977621,0.973711,3.15386,3.15386,1.4895,1.48796,2.0448,2.04326,
